"Gene","baseMean","log2FoldChange","lfcSE","pvalue","padj","B1_B1_O01","B1_W5_O50","B2_B5_O51","B2_C4_O40","B3_B4_O41","B3_C3_O30","B3_C6_O66","B3_H4_O41","B3_W1_O06","B3_W4_O41","B4_B2_O19","B4_B3_O32","B4_C5_O56","B4_H5_O55","B4_W2_O19","B4_W6_O67","B5_B6_O69","B5_H2_O21","B5_W3_O33","B6_C2_O24","B6_H3_O35","B6_H6_O72","C_W5_W52","C1_C4_W37","C1_H2_W13","C1_H6_W62","C2_B2_W16","C2_C1_W03","C2_H1_W04","C2_W2_W15","C3_B3_W30","C3_C2_W17","C3_W3_W29","C4_B1_W07","C4_B5_W56","C4_C6_W67","C4_H5_W56","C5_B4_W46","C5_C3_W33","C5_W1_W09","C5_W4_W45","C6_B6_W71","C6_C5_W59","C6_H3_W36","C6_H4_W48","C6_W6_W72","H1_B2_B13","H1_B6_B61","H1_C6_B62","H1_W4_B38","H1_W5_B49","H2_B5_B51","H2_C1_B04","H2_H1_B03","H2_W2_B16","H3_B4_B41","H3_C5_B54","H3_H4_B41","H3_H6_B66","H3_W3_B30","H3_W6_B66","H4_H2_B19","H4_W1_B07","H5_B1_B09","H5_B3_B34","H5_C2_B22","H5_C4_B46","H6_C3_B36","H6_H3_B35","W1_C1_G02","W1_C6_G61","W1_H5_G49","W1_W1_G01","W1_W6_G62","W2_B2_G04","W2_B6_G64","W2_C2_G15","W3_B5_G54","W3_C3_G29","W3_H2_G18","W3_H3_G30","W4_C5_G55","W4_H1_G08","W4_W5_G56","W5_B2_G21","W5_C4_G45","W5_H4_G46","W5_W2_G22","W6_B3_G35","W6_B4_G48","W6_H6_G71","W6_W3_G36","W6_W4_G48","pair","DEG_group"
"LOC111105307",318.366398173038,-21.3753706395165,3.81697874612943,8.42514702523904e-09,6.6321225537768e-06,0,0,111.155287443174,0,0,0,0,0,0,0,0,0,0,0,0,0,12.7723633392242,0,0,0,0,0,0,52.1531594893948,1.18931637470861,0,0,0,0,3.12989497381048,0,0,0,6.00659558176141,24.2608339947529,1218.89094309595,0,0,0,0,0,1.94886480302041,0,0,0,128.207842762387,0,0,0,0,0,0,0,0,0,0,0,0,12.6043428551599,55.6218132416394,0,0,0,0,0,10.5036306219247,1450.15791894954,1.05568384189948,0,0,0,0,230.195595545979,0,0,4.43410937124457,0,226.793457560419,0,0,186.996089551228,0,22093.1913046805,5.40008850163597,0,7.43286646062097,143.363497442466,0,3598.72918898918,0,15.4759430654444,0,6.4043975554522,"WW vs. BW","WW"
"LOC111102542",15.2044818067012,17.3254454948782,3.4262023747645,1.14497109233253e-07,6.32827958840895e-05,0,0,8.550406726398,0,0,44.1728041207265,0,0,0,0,10.0875397040006,0,1.04817815163245,0,0,2.14552604742987,0.7513154905426,0,1.82651522388455,38.8898068587109,0,1.05955076358023,0,0,0,0,0,0,13.0911355165719,0,0,0,0,2.0021985272538,0,0,0,0,0,0,0,0,4.64861233394763,0,0,1.00951057293218,0,0,3.40789537334987,0,0,0,0,0,35.5589754670661,9.82512911878252,35.1576346273911,0,0,0,0,0,0,0,0,0,0,6.33410305139686,0,3.83374266515287,0,0,0,0,355.852510355081,1.10852734281114,0,6.20138360516771,779.87633283656,40.5688338004782,0,7.00863974235885,0,0,0,0,0,0,0,0,0,0,0,"WW vs. BW","BW"
"LOC144618975",13.221468104468,-18.6020909583001,2.9539231540871,1.59533184967179e-10,1.42903225720428e-07,0,0,0,0,2.3122855803192,0,0,0,0,0,0,72.1436846329483,0,0,0,0,0,0,0,0,0,2.11910152716045,1.89278270851796,64.3592180932957,0,297.025958099944,0,0,0,6.25978994762097,2.2697708689039,0,0,0,0,5.27658416924654,0,2.15630898160147,0,0,0,0,0,0,0,0,2.32606108546764,0,1.36315814933995,0,0,0,0,0,1.97549863705923,0,0,0,3.87825934004921,0,0,0,15.2571857166434,69.0804855618186,1.92092782696001,0,0,4.22273536759791,0,0,2.7126285088467,0,0,4.13986461944403,8.08755705352457,28.8217109130897,0,300.324148878836,4.53416472579395,0,0,292.360400681255,0,0,0,0,4.03840837866101,0,2.12377054528721,9.22231478949172,2.21084900934921,15.180919317454,0,"WW vs. BW","WW"
"LOC111105623",12.167233385592,-19.0091258942771,2.8093220858549,6.92063431971625e-12,8.560824653489e-09,11.332021183238,0,1.900090383644,0,25.4351413835112,0,0.654671827886109,0,0,0,0,6.36561923231896,22.0117411842814,0,0,0,0,16.7391412482807,0,0,0,6.35730458148136,5.67834812555389,125.3895111128,0,0,0,0,5.45463979857162,2.08659664920699,0,0,20.0558536579974,4.0043970545076,23.3943756377974,0,0,0,0,0,0,0,2.32430616697382,0,0,2.01902114586436,4.65212217093528,0,0,33.582609593024,0,0,0,0,9.87749318529613,175.214802618288,0,2.12744240663859,0,0,0,0,0,0,0.960463913480007,0,0,4.22273536759791,0,10.5427923291704,2.7126285088467,5.80378423995179,0,0,29.6543758629234,0,0,0,0,0,0,0,0,90.7214868274843,0,3.71643323031048,0,0,2.12377054528721,410.393008132382,0,0,64.043975554522,"WW vs. BW","WW"
"LOC111102388",54.4886038766514,-3.57613245594428,3.9869780904008,0.000113933003646241,0.0284270441624334,1.88867019720633,2.00525127610619,1.900090383644,0,151.454705510907,1.16244221370333,26.1868731154444,109.372495761317,0,0,0,42.4374615487931,150.937653835073,1.32575468271965,0,0,10.5184168675964,0,3.6530304477691,7.40758225880209,5.01134946048801,11.6550583993825,0,146.472703246811,2.97329093677152,23.4494177447324,0,0,161.45733803772,27.1257564396909,22.697708689039,9.28469753637951,465.741490502384,0,116.105419832032,6.03038190771033,0,7.54708143560516,9.27207652132373,0,11.7620609712833,42.8750256664491,3.87384361162303,0,2.79102442338385,6.05706343759309,6.97818325640292,0,0.681579074669974,918.27448105925,0,8.07902948065263,0,0,12.840741140885,57.313253192898,0,40.4214057261331,0,4.36249515620701,2.50504621316894,0.904762583009296,2.03429142888579,5.83778751226636,0,0,9.63204521811501,269.199379684367,0,127.471943616333,2.7126285088467,0,0,6.20979692916604,4.04377852676228,5.54263671405571,1.0132884649943,0,13.6024941773819,1.97896750246235,0,0,0,293.764814488997,0,0,6.05761256799152,12.0726164965947,0,488.782683843061,19.8976410841428,0,1152.7915599814,"WW vs. BW","WW"
"LOC144619842",32.2869047806575,-15.5723704764164,3.39399022105772,4.26796533662372e-07,0.000221737871098949,62.326116507809,0,0,0,0,0,1.30934365577222,0,0,0,0,125.19051156894,0,346.021972189828,0,0,0,0.881007434120036,0,0.925947782350261,0,0,0,0,343.117774103433,0,426.36343040619,19.2728371009841,0,0,0,0,0,1.0010992636269,7.79812521259915,2.26139321539137,1.0528496792392,0,0.842916047393067,0,0,0,378.087136494407,0,0,221.082815472148,0,0,1.36315814933995,0,0,1.15414706866466,0,0,0,0,0,8.50976962655434,0,0,2.50504621316894,139.333437783432,0,0,0,0,0,0,24.1381080545056,0,48.1491560320289,2.32151369598072,1.79840309020296,0,299.239610980409,133.023281137337,0,98.336225739088,300.388413083849,3.9579350049247,0,0,0,0,0,0,0,0.928662807430361,0,0,0,0,0,"WW vs. BW","WW"
"LOC144620764",52.0772410143644,17.5983436124249,9.06950074289879,1.90075921471251e-05,0.0063302592462291,0,0,0,0,0,392.905468231725,346.321396951752,0,0,0,0,0,0,0,387.714763142278,0,1.5026309810852,0,0,384.268329675358,0,0,0,0,0,0,0,330.68131025899,0,0,0,49.2088969428114,0,0,0,76.8873693233067,325.330550884913,2.15630898160147,0,0,0,0,0,0,0,0,0,0,468.244824298272,0,0,0,0,0,0,0,419.254792931639,36.166520912856,0,0,0,0,0,0,0,0,0,0,0,0,300.423607354772,0,0,0,246.670490132499,0,0,0,0,0,0,0,326.822356578114,0,378.219284799642,370.404511954278,0,0,0,0,0,0,0,"WW vs. BW","BW"
"LOC144619911",264.44521794866,4.39125402110072,4.00428823010727,6.94612527439692e-05,0.0182262117427282,0,20.0525127610619,8.550406726398,6.12294826949346,1.1561427901596,2148.19321092375,1578.41377703341,1.03181599774827,1.10324625820597,0,4.03501588160025,5.30468269359914,0,3.97726404815894,1745.21735760684,0,0,1.76201486824007,0.913257611942276,1473.18292171926,3.57953532892001,4.2382030543209,1.89278270851796,0,2.37863274941721,0,2.09001681571662,2099.72488415984,0,2.08659664920699,1.13488543445195,866.262280144209,3.3426422763329,3.0032977908807,0,1356.83592923482,2020.41853446003,1.07815449080074,0,1.02438336855505,3.20783481034998,0,3.09907488929842,0,4.65170737230641,0,0,0,1175.72390380571,2.098913099564,1.07973973196708,0,1.84866817080692,0,2.96324795558884,3.27504303959417,1270.0695509145,1125.41703311181,0.969564835012302,2.18124757810351,3.75756931975341,0.904762583009296,4.06858285777158,0,0.960463913480007,0,2.14045449291445,2.11136768379895,2.83977741817713,0,1637.07130508898,4.06264896796625,0.89920154510148,0.689977436574005,811.451557703631,2.21705468562228,1.0132884649943,0,0,14.8422562684676,0.677522063591404,1.00123424890841,1680.14310071847,0,2415.53871523227,1028.21319371923,1.00960209466525,0.928662807430361,0,2.30557869737293,5.52712252337301,4.33740551927257,0,"WW vs. BW","BW"
"LOC111103672",5.88088164500477,-16.1171281753299,3.14696338849369,9.05318866870848e-08,5.27002890448587e-05,0,0,2.850135575466,0.874706895641923,0,0,0,0,0,0,0,4.24374615487931,0,1.32575468271965,0,0,0,0,0,0,0.715907065784001,0,0,0,0,0,0,0,1.09092795971432,0,0,0,64.624417342436,2.0021985272538,0,0,0,8.62523592640589,1.68583209478613,0,0,5.84659440906124,0,132.145831241574,0,0,0,0,0,0,0,0,0,125.210674706252,0,0,0,0,0,1.09062378905175,0,0,0,0.972964585377727,0,0,2.14045449291445,0,0,91.0513882973808,0,0.580378423995179,0,1.37995487314801,0,0,0,5.31547166157232,71.4130944312548,0,0,6.00740549345044,0,0,0,0,6.05761256799152,1.85732561486072,0,4.61115739474586,0,0,3.2021987777261,"WW vs. BW","WW"
"LOC111101181",9.24609380445039,-17.6889185659741,2.44262756232331,2.53145914255411e-13,4.38398094307521e-10,0.944335098603166,0,13.300632685508,0,0,0,0,0,0,0,0,37.1327788551939,0,0,0,0,2.2539464716278,0.881007434120036,0,0,0,3.17865229074068,0,62.1399347107682,0,357.324460872113,0,0,0,2.08659664920699,0,0,0,0,0,2.26139321539137,2.1056993584784,0,0,0,3.20783481034998,0.974432401510207,1.54953744464921,0,2.79102442338385,0,0,0,0,0,1.07973973196708,2.30829413732932,0,0,0,1.63752151979709,0,0,0,2.18124757810351,0,0.904762583009296,1.0171457144429,57.4049105372859,3.84185565392003,0,0,4.22273536759791,0,0,2.03447138163503,0,0,0,0,5.54263671405571,0,195.786539534581,0,3.9579350049247,0.677522063591404,62.0765234323213,0,1.08001770032719,0,0,0,0.928662807430361,0,6.91673609211879,6.63254702804762,3.25305413945443,4.26959837030146,"WW vs. BW","WW"
"LOC144620836",28.2178335178896,14.9421245202594,9.21755329642363,3.20013346068958e-05,0.00955515711590037,107.654201240761,0,0,0,0,0,62.8484954770665,0,60.6785442013281,0,0,0,0,0,0,0,0,78.4096616366832,0,0,0,0,0,0,0,0,0,279.963317887979,0,0,0,243.259075453143,258.497669369744,0,107.440836262477,65.5804032463498,0,19.4067808344133,0,0,0,0,0,0,0,0,41.8690995384175,0,0,0,113.372671856543,0,0,0,0,0,0,219.126567883774,0,0,113.979602699187,0,0,0,0,0,194.781358855215,0,0,0,173.608224566189,79.5118440873395,0,0,0,162.953519393238,0,0,0,0,0,0,0,0,60.4497345036146,97.8660750648427,0,0,0,83.0008331054255,0,0,0,"WW vs. BW","BW"
"LOC144625541",128.18125523856,-6.154700794232,2.61961213278738,8.63907486586276e-06,0.00340026133015935,14.1650264790475,1.0026256380531,1382.31575410101,2.62412068692577,24.2789985933516,2.32488442740666,2.61868731154444,24.7635839459586,0,2.99387235807455,2.01750794080012,22.2796673131164,3.14453445489735,0,0,2.14552604742987,0.7513154905426,16.7391412482807,1.82651522388455,12.9632689529036,4.29544239470401,21.1910152716045,6.62473947981287,4.43856676505487,1.78397456206291,17.8662230436056,121.220975311564,1613.84651724556,2.18185591942865,2.08659664920699,7.94419804116366,10.2131672900175,6.68528455266579,0,12.1304169973765,6.03038190771033,5.26424839619601,0,0.842916047393067,11.2682170541055,2.13855654023332,13.6420536211429,128.611607905884,4.45435386207552,4.65170737230641,3.02853171879654,5.8151527136691,1.02847483966655,59.2973794962878,1.049456549782,51.8275071344196,5.77073534332331,1.84866817080692,319.239430167085,3.95099727411845,8.18760759898543,0,0,4.84782417506151,2.18124757810351,2.50504621316894,3.61905033203718,3.05143714332869,4.86482292688863,0.960463913480007,1461.17172651664,3.21068173937167,0,2.83977741817713,1315.93216981372,1.35631425442335,13.9290821758843,0.89920154510148,0,664.527604564602,3.32558202843343,2.0265769299886,0.885911943595387,1386.3208649115,33.64244754186,5.42017650873124,13.0160452358093,8.2856372090226,3.24005310098158,0.816888304102899,13.6269218444718,1717.3331630256,0,4.24754109057442,1.15278934868647,3.31627351402381,2.16870275963628,1246.72272412803,"WW vs. BW","WW"
"LOC111101277",259.650340049732,-24.1545723959932,2.58200201297778,3.00516640563456e-21,1.56130415438338e-17,807.406509305707,0,1870.63898269752,858.087464624727,2.3122855803192,829.983740584176,285.436916958344,1893.38235586808,0,0,1003.71020054806,0,0,0,0,0,0.7513154905426,1040.46977969576,0,32.4081723822591,12.170420118328,727.911374579615,536.603897864842,1.10964169126372,1609.7397131681,802.863398022028,0,0,118.911147608861,2.08659664920699,380.186620541404,419.668328644354,3.3426422763329,0,35.5247926351739,39.9512801385809,0,198.380426307336,1015.71383710865,33.8046511623166,591.310883374513,0,0,0,0,903.511962774302,429.158270268779,21.5979716329974,0,0,26.9934932991769,105.027383248484,8.31900676863113,0,0,0,0,798.854623692789,0,0,0,0,0,19.4592917075545,0,1191.5785405539,0,1.05568384189948,0,0,0,0,33.2704571687548,0.689977436574005,0,228.356632619095,0,665.319869640136,0,0.989483751231176,397.705451328154,0,11.9681426352549,0,317.769550296028,1.23881107677016,2352.37288057004,0,405.640174149857,0,0,0,1072.73659053824,"WW vs. BW","WW"
"LOC111101754",270.950876001949,-4.19907684285201,4.05681088439482,8.02151001262235e-05,0.0208374765597891,181.312338931808,0,523.474900693922,523.949430489512,0,531.236091662421,97.5461023550302,215.649543529389,1.10324625820597,0.997957452691516,562.884715483235,0,2.0963563032649,0,7.01292853228926,0,2.2539464716278,168.272419916927,0,1901.89674494744,1403.17784893664,3.17865229074068,184.546314080501,0,1145.31166884439,438.839103508564,4.18003363143324,2.02871969484043,146.184346601719,0,0,263.685410033178,1266.86142273017,12.0131911635228,1366.40482891876,6.03038190771033,2.1056993584784,1108.34281654316,0.842916047393067,4.09753347422019,182.846584189949,0,0,2.22717693103776,2.79102442338385,770.256567147254,161.661245440001,1.02847483966655,0,1.049456549782,3018.95229057994,4311.89344853117,185.791151166095,10.5138734486166,1.97549863705923,18.0127367177679,7.03152692547822,276.567512863016,1.9391296700246,1.09062378905175,1.25252310658447,0,4.06858285777158,8.75668126839954,3.84185565392003,374.629492181982,1.07022724645722,1.05568384189948,0,1.91687133257644,0,0,2147.29328970234,0,0,77.5969139967799,0,144.403646806048,0,0.989483751231176,193.09378812355,0,8.2856372090226,7.56012390229036,133.969681872875,0,591.626827473838,0,129.55000326252,0,6.63254702804762,0,327.691674920637,"WW vs. BW","WW"
"LOC111099865",208.926850547513,-7.22120509563207,2.73177203161902,5.81456237463914e-06,0.00239753788580954,1.88867019720633,3.00787691415929,246.061704681898,35.8629827213189,241.633843143356,2.32488442740666,1780.70737185022,22.699951950462,0,0,0,916.649169453931,1108.97248442713,5.30301873087858,0,0,429.001145099824,0,10.9590913433073,13.8892167352539,0.715907065784001,4.2382030543209,5.67834812555389,1347.10501319415,1.78397456206291,42.4322797285634,4.18003363143324,0,208.367240305436,590.506851725578,6.80931260671171,0,1603.35407854768,162.178080707558,208.816464026266,10.5531683384931,6.31709807543521,6.46892694480442,0,0,905.67869478881,349.821232142164,6.19814977859684,5.93913848276736,4.65170737230641,213.00673088869,97.6945655896408,2.05694967933309,51.1184306002481,794.438608184974,2.15947946393415,0,1.84866817080692,4.77903338573481,228.170092580341,263.640964687331,6.15258605979344,245.719597966757,1.9391296700246,4.36249515620701,0,5.42857549805577,7.12002000110027,2.91889375613318,229.550875321722,0,8.56181797165778,128.793428711736,9.22927660907566,962.269408953371,0,515.376040507719,8.09281390591332,2.75990974629602,527.039134654684,212.837249819739,5.06644232497149,3.54364777438155,0,0,0,2.00246849781681,2.7618790696742,1580.06589557868,6.53510643282319,2.47762215354032,7.06721466265677,13.9299421114554,1.06188527264361,380.420485066534,0,4.33740551927257,2583.10701403239,"WW vs. BW","WW"
"LOC144620089",12.2411475112948,-15.2038993416877,6.22810297535572,1.03504103792663e-05,0.00395400897679708,0,0,0,0,0,0,0,0,0,0,0,0,0,0,0,0,7.513154905426,0,0,0,0,0,0,0,9.51453099766885,2.2332778804507,0,0,0,0,0,0,0,0,0,17.3373479846672,0,0,0,0,0,0,6.19814977859684,0,0,15.1426585939827,0,1.02847483966655,4.77105352268982,0,943.692525739224,0,0,0,0,0,0,0,0,2.18124757810351,40.0807394107031,0,8.13716571554317,5.83778751226636,0,0,0,0,0,0.958435666288219,0,0,0,0,0,0,0,0,0,15.8317400196988,0,0,0.920626356558067,6.48010620196316,0,30.970276919254,0,0,0,19.5974189276699,0,0,0,"WW vs. BW","WW"
"LOC111101846",67.111129472902,-22.3684297789629,3.10480676244349,2.40212834909097e-13,4.38398094307521e-10,0,0,38.951852864702,0,0,1.16244221370333,0,157.867847655486,0,0,4.03501588160025,296.001294302832,0,0,0,0,0,2.64302230236011,0,0,0.715907065784001,0,0,39.9471008854939,0,18.982861983831,0,0,0,0,1.13488543445195,0,482.454701884048,0,0,0,2.1056993584784,266.304159227782,123.908658966781,0,0,13.6420536211429,0,0.742392310345921,206.535807330405,0,343.094010106477,0,0,293.84783393896,0,0,0,0,41.4854713782438,1.63752151979709,0,0,0,0,0,57.9048053125949,119.006048589819,3.89185834151091,1.92092782696001,21.0072612438494,0,3.16705152569843,12.7789983817971,0,30.5170707245254,0.580378423995179,0,20.0093456606461,22.9147449849863,2693.72144303107,0,0,5.66770590724244,21.7686425270859,0,0,0,0,0,0,572.444387675198,306.458726452019,0,10.3751041381782,0,0,0,"WW vs. BW","WW"
"LOC144620953",279.757393080611,2.64694934510946,2.04157539899411,4.92146907211942e-05,0.0137530459262595,20.7753721692697,757.98498236814,15.200723069152,31.4894482431092,127.175706917556,909.029811116002,44.5176842962554,22.699951950462,1950.53938450815,39.9182981076607,1193.35594698327,320.402834693388,46.1198386718278,76.8937715977394,95.1754586524971,16.091445355724,22.539464716278,78.4096616366832,56.6219719404211,41.6676502057617,27.920375565576,41.3224797796288,28.3917406277694,112.073810817636,35.6794912412582,36.8490850274366,1155.77929909129,140.99601879141,130.911355165719,32.3422480627083,1532.09533651013,469.805695340803,1817.28318423299,1541.69286598543,61.5185433438377,27.1367185846965,74.7523272259833,89.4868227364611,608.585386217794,71.7068357988534,770.949632754111,133.497239006898,10.8467621125445,918.339287897904,76.2880009058251,88.836930418032,34.8909162820146,22.626446472664,95.4210704537964,698.938062154812,2.15947946393415,30.0078237852812,673.839548259122,26.7625869601149,874.158146898708,1087.31428914527,730.39985938405,43.612569336091,24.2391208753075,19.6312282029315,31.3130776646118,32.5714529883346,40.6858285777158,44.7563709273754,74.9161852514406,12.8377707601302,19.26409043623,761.148050009523,14.9088314454299,130.347250615198,918.224750244608,52.8144365835613,7.19361236081184,51.0583303064764,70.0921611305462,39.9069843412011,34.4518078098062,46.0674210669601,113.354118144849,28.6950287857041,887.55390330474,234.288814244567,1045.83154104996,2.16003540065439,61.2666228077175,675.152036839738,77.7393612892245,62.2204080978342,81.7651659935576,40.3476272040263,26.5301881121905,16.2652706972721,16.0109938886305,"WW vs. BW","BW"
"LOC144620237",2.27798605950553,-24.050255458959,4.75383203176492,8.20962293976004e-08,4.95956686293364e-05,0,0,0,0,0,0,0,0,0,0,0,0,0,0,0,0,0,0,0,0,0,0,2.83917406277694,1.10964169126372,4.16260731148012,0,0,57.8185113029522,0,0,0,0,0,0,0,0.753797738463791,0,3.23446347240221,0,4.09753347422019,0,0,0.774768722324605,0,0,1.00951057293218,10.4672748846044,5.14237419833273,0,0,0,0,0,0,0.987749318529613,0,0,0,0,100.337388592761,0,0,0,6.81075209764409,0,0,0,0,0,0,10.1723569081751,0,0,0,0,0,0,0,0,0,0,0,0,0,0,0,0,0,0,0,0,0,2.13479918515073,"WW vs. BW","WW"
"LOC111099415",1236.3450566712,6.55649360427506,4.6182798530399,3.75791502464888e-05,0.0110931089312846,0,0,0,9785.3460415462,42.7772832359051,0,39.2803096731665,13.4136079707276,27093.5216090221,0,15564.0650093026,1.06093653871983,0,33.1438670679911,4.00738773273672,10391.8554107266,51.0894533568968,2.64302230236011,0,0,1.431814131568,0,9.46391354258981,4.43856676505487,0,353.974544051437,15.6751261178746,4.05743938968086,7639.76850187941,0,6.80931260671171,0,8.91371273688773,12.0131911635228,27012.7057364434,47.4892575232189,0,200.536735288937,82.6057726445205,0,0,8.76989161359186,10.0719933902199,0,1.86068294892256,3.02853171879654,140.726695670792,6.17084903799927,0,2.098913099564,0,3.46244120599398,4.6216704270173,0,0,13.1001721583767,7.03152692547822,0,0,0,1.25252310658447,0,48.822994293259,290.91641102794,19.2092782696001,2.33414013820549,21.4045449291445,161.51962781062,0.709944354544282,0.958435666288219,38.6549562510655,15425.2977529439,0,31.0489846458302,0,55.4263671405571,0,162.121885677956,6.80124708869093,0,8.13026476309685,52.0641809432372,0,0,0,4.95524430708064,6.05761256799152,0,2.12377054528721,2.30557869737293,0,0,14.9435942960551,"WW vs. BW","BW"
"LOC111127657",837.413282110624,-2.27813162439118,2.58318204593348,0.000124986237423522,0.0303436213976714,264.413827608886,103.270440719469,261.26242775105,49.8582930515896,73.9931385702143,18.5990754192532,610.154143589854,1001.89333381357,4.41298503282386,5.9877447161491,20.1750794080012,1380.2784368745,265.18907236301,76.8937715977394,0,8.58210418971948,94.6657518083676,14.0961189459206,0,54.6309191586654,2650.28795753237,167.409020645676,7.57113083407185,10679.191636722,1.78397456206291,29.0326124458592,8.36006726286648,16.2297575587234,604.374089681736,1235.26521633054,70.362896936021,6.49928827546566,2257.39775061682,439.482576732209,334.452925784808,5.27658416924654,11.5813464716312,180.051799963723,182.912782284296,11.2682170541055,654.398301311395,170.525670264286,44.1618171725025,13103.9666699158,13973.7289464085,11.104616302254,23.2606108546764,1770.00519906612,36.1236909575086,347.370117977842,214.868206661448,75.019559463203,202.429164703358,317.327816812791,19.7549863705923,198.140103895447,30.7629302989672,0,667.060606488463,1689.37624924116,11.2727079592602,16.2857264941673,12.2057485733148,484.536363518108,972.949944355247,365.29293162916,3966.26217537047,547.899913945829,457.914108681062,91.0513882973808,8.81604265375178,59.1985992475082,664.509941829994,11.7296164217581,115.921651100519,619.666784631428,203.670981463854,2.65773583078616,1180.01636988788,60.3585088251017,743.241703759771,1200.47986444118,6.44438449590647,930.975257682041,304.699337430381,0,724.894303969652,1446.8566539765,48.8467225416058,345.83680460594,3836.92845572555,567.115771644888,1114.36517464868,"WW vs. BW","WW"
"LOC111123950",48.7115549400496,-2.62307458528207,3.12782037373099,0.000136178895940185,0.0321592652712562,2.8330052958095,2.00525127610619,7.600361534576,0,0,2.32488442740666,3.92803096731665,0,1.10324625820597,1.99591490538303,0,2.12187307743965,498.932800177046,0,0,2.14552604742987,0.7513154905426,1.76201486824007,0,8.33353004115235,1.431814131568,2.11910152716045,0.946391354258981,14.4253419864283,1.78397456206291,2.2332778804507,32.3952606436076,2.02871969484043,0,3.12989497381048,1.13488543445195,0.928469753637951,0,0,313.657925217877,4.52278643078275,1.0528496792392,511.045228639549,0.842916047393067,492.728400274978,2.13855654023332,687.949275466206,32.5402863376334,0,6.51239032122897,39.3709123443551,0,6.17084903799927,2.7263162986799,0,0,356.63144421738,5.54600451242075,0,1.97549863705923,3.27504303959417,0,1.06372120331929,0,10.9062378905175,1.25252310658447,1.80952516601859,3.05143714332869,1.94592917075545,2.88139174044002,2.33414013820549,28.896135654345,0,0.709944354544282,11.5012279954586,0.678157127211675,6.96454108794214,3.59680618040592,609.94005393142,0,2.21705468562228,2.0265769299886,3.54364777438155,2.26708236289698,0.989483751231176,0.677522063591404,0,6.44438449590647,2.16003540065439,0.816888304102899,0,2.01920418933051,2.78598842229108,0,138.334721842376,610.194326580381,1.08435137981814,0,"WW vs. BW","WW"
"LOC144622284",7.67246276219288,-41.8354948726984,5.49915437543508,6.44036921842145e-16,1.67301471186934e-12,0,0,0,0,0,0,9.82007741829164,0,0,0,0,0,0,0,0,0,0,0,0,0,98.0792680124081,0,0,0,0,24.5660566849578,0,0,0,0,0,0,3.3426422763329,0,66.7172934855705,0,0,0,0,0,0,0,5.42338105627224,0,0,0,0,0,0,0,0,88.8693242871789,0,0,0,0,0,0,0,0,0,0,0,0,0,0,0,0,68.154658036251,0,0,0,30.5728525334503,0,0,0,0,27.463270251457,0,0,0,52.0641809432372,35.9044279057646,0,4.9013298246174,0,120.142649265165,0,77.5176249029832,0,0,0,0,"WW vs. BW","WW"
"LOC144622550",183.343944273356,4.81604371379194,2.25815158669855,1.22173383240965e-05,0.00459956228471094,214.364067382919,11.0288820185841,0,188.061982563014,10.4052851114364,455.677347771704,2.61868731154444,706.793958457567,3.3097387746179,218.552682139442,4.03501588160025,6.36561923231896,398.307697620331,344.696217507108,5565.25971383812,2.14552604742987,2.2539464716278,44.0503717060018,32.8772740299219,129.632689529036,2.863628263136,223.565211115428,35.0164801075823,21.0831921340107,17.2450874332748,178.662230436056,173.471395704479,12.1723181690426,12.0002075568576,47.9917229317608,343.870286638941,237.688256931316,600.561395647811,1.0010992636269,16.4627087821538,23.3677298923775,217.939883602515,14.0160083804096,5.0574962843584,1.02438336855505,672.576031903379,0,0,4.45435386207552,21.3978539126095,17.1616797398471,30.2387941110793,20.5694967933309,329.202693065598,4.197826199128,21.5947946393415,207.746472359639,117.390428846239,111.829381226194,442.511694701267,641.908435760458,239.071915466259,6.38232721991576,0,5.45311894525876,63.878678435808,2.71428774902789,0,17.5133625367991,1.92092782696001,19.8401911747467,29.9663629008022,213.248136063694,178.905977345159,758.122612033981,306.527021499677,0.580378423995179,0,27.5990974629602,502.776463494111,117.503898337981,252.30882778358,61.1279241080817,2.26708236289698,105.874761381736,3.38761031795702,35.0431987117943,6.44438449590647,1.08001770032719,273.657581874471,60.7017427617379,13.1248272306483,24.1452329931894,9.55696745379245,485.324315797002,14.3705185607698,42.2897038129075,0,"WW vs. BW","BW"
"LOC111127291",20.6408687267762,-23.2602174526129,2.64559409689607,5.69410484459743e-19,2.11308230783011e-15,0,0,0,0,2.3122855803192,0,24.8775294596721,13.4136079707276,0,0,0,347.987184700103,114.251418527937,0,0,0,34.5605125649596,0,0,0.925947782350261,0,1.05955076358023,0,26.6314005903292,0,5.58319470112676,3.13502522357493,0,87.2742367771459,65.7277944500202,0,0,115.87826557954,22.0241837997918,6.93166685564369,2.26139321539137,0,0,0,0,51.3253569655996,2.92329720453062,3.09907488929842,0,0,23.2187431774402,76.7600158204321,2.05694967933309,0,45.126631640626,0,0,0,0,31.6079781929476,54.0382101533038,0,0,0,0,0,0,4.06858285777158,6.81075209764409,24.9720617504802,0,0,59.1182951463707,0,179.227469595897,0,4.64302739196143,0,0,12.1313355802868,22.1705468562228,0,0,0,0,0,0,0,363.965965010264,0,0,0,0,0,36.8892591579669,0,3.25305413945443,37.3589857401378,"WW vs. BW","WW"
"LOC111126026",220.748562651763,10.9856869676861,3.41491412669332,3.28702810482315e-06,0.00137721175933856,0,33.0866460557522,0,3.49882758256769,42.7772832359051,0,0,1304.21542115382,7.72272380744176,0,37.3238969048023,0,0,0,1730.18965360908,0,36.0631435460448,0,1978.11598746697,0,755.281954402121,0,0,0,0,1896.05292050265,0,0,0,0,1.13488543445195,0.928469753637951,1.11421409211097,15.0164889544035,291.99646629399,166.589300200498,1.0528496792392,22.6412443068155,21.0729011848267,23.5608174767661,1.06927827011666,0,0,37.8620078276419,534.016006340776,0,0,0,177.892138488863,20.98913099564,248.340138352427,908.313743039088,239.402528119496,671.932094034314,1.97549863705923,0,25.4892851048585,565.899680165864,0,0,0,22.6190645752324,0,0,36.4976287122403,278.929746515557,1019.92656587373,0,0.709944354544282,0,0.678157127211675,34.8227054397107,0,0,0,4.43410937124457,817.723791250399,697.21269960957,0,0,27.1008825436562,1012.2478256464,960.213289890064,1.08001770032719,1101.16543393071,945.212851575633,0,0,170.96352889562,1595.46045858207,0,0,0,"WW vs. BW","BW"
"LOC144622349",5.18766275557615,-1.93805267861756,1.98310692349773,9.8698633854185e-05,0.0251362197218644,0,4.01050255221238,6.650316342754,0.874706895641923,16.1859990622344,2.32488442740666,1.30934365577222,0,2.20649251641193,1.99591490538303,1.00875397040006,21.2187307743965,0,2.65150936543929,0,0,8.2644703959686,24.668208155361,0.913257611942276,2.77784334705078,3.57953532892001,1.05955076358023,1.89278270851796,9.98677522137347,1.18931637470861,0,0,4.05743938968086,1.09092795971432,7.30308827222446,4.5395417378078,0,1.11421409211097,4.0043970545076,0,3.01519095385517,10.528496792392,4.31261796320295,2.5287481421792,4.09753347422019,7.48494789081661,2.92329720453062,0,0.742392310345921,5.58204884676769,4.03804229172873,0,0,4.08947444801985,7.346195848474,11.8771370516378,6.92488241198797,8.31900676863113,0,1.97549863705923,1.63752151979709,1.75788173136955,2.12744240663859,9.69564835012302,7.63436652336227,10.0201848526758,0.904762583009296,5.08572857221448,9.72964585377727,4.80231956740004,4.66828027641099,7.49159072520056,0,2.12983306363284,1.91687133257644,1.35631425442335,5.22340581595661,87.2225498748436,6.89977436574005,0,1.10852734281114,5.06644232497149,5.31547166157232,0,3.9579350049247,1.35504412718281,5.00617124454204,0,5.40008850163597,3.2675532164116,0,3.02880628399576,26.0025586080501,10.6188527264361,0,2.21084900934921,4.33740551927257,12.8087951109044,"WW vs. BW","WW"
"LOC111123051",202.568123024595,-15.4685558755544,10.8957843861589,4.20190316439189e-05,0.0121280931668231,0,0,0,6.12294826949346,0,8.13709549592329,0,0,0,0,0,7.42655577103879,0,0,0,0,0,0,0,0,0,0,0,0,0,34.6158071469859,12.5401008942997,0,0,0,1767.01662144169,4.64234876818976,0,2505.75145685813,0,0,15.792745188588,0,0,0,3.20783481034998,0,0,0,0,0,2191.14954251052,0,0,0,0,0,0,0,2.96324795558884,3.27504303959417,0,0,0,0,0,923.762597252491,0,0,0,0,0,451.832684332976,0,0,2859.11044832442,0,0,0,0,0,0,7336.2368049134,0,0,0,0,0,705.251558313657,0,0,0,0,0,0,0,0,0,"WW vs. BW","WW"
"LOC111124814",40.1230132667828,-4.90964752018902,0.942616486915137,3.35488853128348e-08,2.17874848442878e-05,16.998031774857,1.0026256380531,19.950949028262,29.7400344518254,11.561427901596,10.46197992333,38.6256378452804,61.9089598648964,4.41298503282386,5.9877447161491,25.2188492600016,32.8890327003146,34.5898790038708,45.0756592124679,12.0221631982102,7.50934116600455,30.052619621704,7.04805947296029,13.6988641791341,3.70379112940104,10.022698920976,64.6325965783938,5.67834812555389,13.3157002951646,12.4878219344404,100.497504620282,65.8355296950735,26.3733560329256,2.18185591942865,15.6494748690524,57.8791571570495,7.42775802910361,8.91371273688773,65.0714521357486,7.79812521259915,51.2582462155378,16.8455948678272,1.07815449080074,55.6324591279424,0,11.7620609712833,1.94886480302041,42.6122797278533,1.48478462069184,5.58204884676769,27.2567854691689,56.9884965939572,47.3098426246611,14.9947396427394,6.296739298692,23.7542741032757,9.23317654931729,9.24334085403459,1.91161335429392,8.88974386676652,16.3752151979709,0,0,15.5130373601968,13.087485468621,10.0201848526758,13.5714387451394,4.06858285777158,75.8912376594627,5.76278348088004,9.33656055282198,8.56181797165778,24.280728363688,54.6657152999097,12.4596636617468,29.8389135973137,2.90189211997589,6.29441081571036,2.75990974629602,111.877872573757,80.9224960252133,16.2126154399088,74.4166032620125,22.6708236289698,24.7370937807794,10.1628309538711,83.1024426593978,50.6344496106937,1477.4642140476,20.4222076025725,28.4926547657137,26.2496544612966,3.71465122972145,3.18565581793082,13.8334721842376,33.1627351402381,53.133217611089,21.3479918515073,"WW vs. BW","WW"
"LOC144622228",8.02343639069471,-21.5931314075655,3.88872952499162,1.06598464232047e-08,8.14443619222321e-06,0,0,0,0,0,0,9.82007741829164,2.06363199549655,0,0,0,8.48749230975862,0,0,0,0,0,0,0,0,0,7.41685534506158,94.6391354258981,0,0,0,5.22504203929155,1.01435984742021,0,0,69.228011501569,0,0,0,0,0,0,10.7815449080074,0,0,0,0,17.8196806134659,6.68153079311328,0,0,0,0,0,0,0,123.493736347119,0,1.91161335429392,0,0,0,1.06372120331929,0,123.240488162848,0,0,0,0,0,0,0,0,7.09944354544282,25.8777629897819,0,0,98.0129684160614,0,0,0,0,0,0,0,0,0,0,0,10.6195479533377,0,0,95.6522691653272,19.1139349075849,6.91673609211879,0,0,0,"WW vs. BW","WW"
"LOC144623040",261.731483564279,-2.93573188917258,2.3254482252972,5.23258526399247e-05,0.0141590486877846,26.4413827608887,15.0393845707964,41.801988440168,26.2412068692577,23.122855803192,24.4112864877699,20.9494984923555,27.8590319392034,6.6194775492358,47.9019577291928,41.3589127864026,16.9749846195172,25.1562756391788,3.97726404815894,19.0350917304994,5.36381511857468,24.7934111879058,37.0023122330415,34.7037892538065,22.2227467764063,13.602234249896,22.2505660351847,13.2494789596257,33.2892507379116,57.0871859860131,32.3825292665352,924.832440954604,31.4451552700266,724.376165250311,49.0350212563643,24.9674795579429,25.0686833482247,7.79949864477676,69.0758491902562,6.06520849868823,24.1215276308413,20.0041439055448,51.7514155584354,14.3295728056821,52.2435517963074,17.1084523218665,3484.5702678005,1071.50514297493,14.8478462069184,2124.89992766957,154.455117658624,1699.18762293411,13.3701729156651,1832.76613178756,1044.20926703309,0,8.07902948065263,24.0326862204899,24.850973605821,27.6569809188292,1026.72599291277,25.4892851048585,19.1469816597473,47.5086769156028,841.961565147953,25.0504621316894,793.476785299152,49.8401400077019,37.9456188297313,24.0115978370002,44.3486626259044,35.3174991330884,8.44547073519582,14.9088314454299,3.83374266515287,16.2757710530802,6.38416266394697,1014.29934287447,22.7692554069422,22.9147449849863,2202.64383016574,78.023211804561,52.2688046721279,37.4068589878001,66.2954113324888,8.13026476309685,16.0197479825345,720.850437184966,10.8001770032719,31.8586438600131,29.7314658424839,42.4032879759406,1312.2005468991,33.9803287245954,24.2085763224158,89.5393848786428,1231.82316747341,42.6959837030146,"WW vs. BW","WW"
"LOC144622417",21.5451816018352,-21.7252246699467,3.32641841548949,2.80219490288843e-11,2.91170467969331e-08,0,0,48.452304782922,0,0,0,0,0,0,0,0,4.24374615487931,0,0,0,0,108.940746128677,0,0,58.3347102880664,0,0,0,23.3024755165381,0,0,0,0,0,132.498887224644,0,0,189.416395658864,0,6.06520849868823,0,0,0,0,0,0,0,17.8196806134659,77.9511925863217,40.9350248762964,127.198332189455,53.4994049657557,0,19.0842140907593,0,0,1.15414706866466,0,0,0,0,0,0,0,15.2687330467245,1.25252310658447,132.095337119357,0,0,177.685823993801,96.866815735528,0,0,0,0,0,0,83.6257436944377,33.1189169555522,0,0,0,0,40.8074825321456,0,0,0,34.9838015492065,0,0,8.67167753739113,138.31548696914,0,209.19139871079,31.1253124145346,0,0,91.7963649614815,"WW vs. BW","WW"
"LOC144623704",32.0761565141849,-4.10952167633462,3.25700138335393,4.9237143286066e-05,0.0137530459262595,0,0,1.900090383644,0,0,0,62.1938236491804,16.5090559639724,2.20649251641193,1.99591490538303,2.01750794080012,0,39.8307697620331,49.0529232606269,0,0,7.513154905426,51.0984311789621,0.913257611942276,3.70379112940104,8.59088478940801,211.910152716045,1.89278270851796,1.10964169126372,123.094244782341,0,0,63.9046703874735,21.8185591942865,0,0,38.067259899156,8.91371273688773,15.0164889544035,32.058959207352,168.850693415889,4.21139871695681,22.6412443068155,6.74332837914453,0,0,0,0,0,74.4273179569026,84.7988881263032,0,26.7403458313302,15.6763187174094,2.098913099564,3.23921919590123,8.07902948065263,0,27.7183936372619,0.987749318529613,0,0,0,236.573819743002,41.4437039839666,52.6059704765478,9.95238841310225,0,5.83778751226636,12.4860308752401,7.00242041461648,104.882270152808,0,22.0082749908727,225.232381577731,1.35631425442335,1.16075684799036,18.8832324471311,8.27972923888806,1.34792617558743,49.8837304265014,41.5448270647663,20.3759747026939,0,1.97896750246235,2.71008825436562,99.1221906419323,6.44438449590647,191.163132957913,150.307447954933,1.23881107677016,34.3264712186186,88.2229667058843,61.5893458133291,33.4308911119075,0,0,240.164908329457,"WW vs. BW","WW"
"LOC144623312",39.1905159407708,-20.8263607652158,3.01234526944089,2.19185321992658e-12,2.99672479442277e-09,0,0,0,0,0,0,0.654671827886109,0,0,0,0,1.06093653871983,0,0,0,0,0,0,0,0,194.726721893248,2.11910152716045,49.212350421467,120.950944347745,3.56794912412582,0,4.18003363143324,0,6.54556775828594,0,0,0,0,253.278113697606,0.866458356955461,0,0,0,0,0,0,0.974432401510207,0,1.48478462069184,63.2632202633672,0,0,431.959432659949,228.328990014441,0,18.3555754434403,8.07902948065263,0,502.754312179302,0,0,0,0,669.9693009935,1.09062378905175,0,0,1.0171457144429,252.970792198209,0,0,6.42136347874334,0,0,0,0,0,0,15.1795036046281,5.39170470234971,0,494.484770917218,1.77182388719077,10.2018706330364,0,0,234.288814244567,0,0,0,0,0,58.5057568681128,1.06188527264361,0,0,0,0,"WW vs. BW","WW"
"LOC111114999",23.3288107009487,-4.34596449955687,1.27745763039887,2.46734658981311e-06,0.0010863434298911,5.666010591619,1.0026256380531,3.800180767288,12.2458965389869,8.09299953111719,10.46197992333,10.4747492461777,0,1.10324625820597,5.9877447161491,1.00875397040006,9.54842884847844,9.43360336469205,2.65150936543929,3.00554079955254,5.36381511857468,3.756577452713,10.5720892094404,0.913257611942276,26.8524856881576,10.022698920976,6.35730458148136,7.57113083407185,8.87713353010975,41.0314149274469,12.2830283424789,0,4.05743938968086,73.0921733008597,126.239097277023,2.2697708689039,3.71387901455181,17.8274254737755,5.0054963181345,9.53104192651007,1.50759547692758,10.528496792392,45.2824886136309,0.842916047393067,5.12191684277524,1.06927827011666,14.6164860226531,10.8467621125445,0.742392310345921,21.3978539126095,35.3328700526263,1.16303054273382,11.313223236332,1.36315814933995,168.962504514902,20.5150549073744,8.07902948065263,0.924334085403459,1.91161335429392,6.91424522970729,3.27504303959417,6.15258605979344,0,0.969564835012302,316.280898825008,0,1.80952516601859,7.12002000110027,3.89185834151091,9.60463913480007,94.5326755973225,73.8456800055484,5.27841920949739,0,7.66748533030575,2.03447138163503,11.0271900559084,192.429130651717,5.51981949259204,12.1313355802868,5.54263671405571,0,31.8928299694339,1.13354118144849,27.7055450344729,8.80778682668826,1.00123424890841,11.9681426352549,9.72015930294474,53.9146280707914,1.23881107677016,116.104240886504,109.582211276783,31.8565581793082,2.30557869737293,25.4247636075159,7.59045965872699,141.964145812524,"WW vs. BW","WW"
"LOC111111964",5.19555953385409,-18.2408673311101,4.48547339486385,1.16898016098411e-06,0.000532747327050599,5.666010591619,0,0,0,0,0,0,0,0,0,0,16.9749846195172,15.7226722744867,0,0,0,11.269732358139,0,0,0,0,0,0,236.353680239172,0,0,0,0,3.27278387914297,0,0,0,56.8249186976592,15.0164889544035,0,0,0,0,0,0,21.3855654023332,11.6931888181225,0,0.742392310345921,9.30341474461282,0,0,0,0,2.098913099564,0,0,0,0,6.91424522970729,0,0,34.0390785062174,0,0,1.25252310658447,0,0,0,0,0,0,0,0,8.62592099659397,0,0,0,0,0,0,0,0,3.40062354434547,0,0,0,0,18.3603009055623,0,0,0,0,0,0,0,0,4.26959837030146,"WW vs. BW","WW"
"LOC144623827",13.5051943364774,-46.693864592117,2.78676350542314,4.60561012981223e-65,5.98199671710661e-61,0,0,0,0,0,0,0,0,0,0,0,0,1.04817815163245,0,0,0,0,78.4096616366832,0,0,15.749955447248,0,0,1.10964169126372,0,0,0,0,28.3641269525724,0,0,0,2.22842818422193,94.1033307809287,0,0,2.1056993584784,44.2043341228302,0,0,0,2.92329720453062,0,0,219.560587972863,0,0,56.56611618166,0.681579074669974,0,0,21.9287943046286,0,31.5416203458497,0.987749318529613,1.63752151979709,0,0,90.169529656144,0,71.3938170753148,0.904762583009296,0,10.702610439155,4.80231956740004,0,131.637951314238,0,0,29.7115056549348,0.678157127211675,0,0.89920154510148,0.689977436574005,0,0,27.3587885548461,40.7519494053878,0,0,0,0,0.920626356558067,0,0,0,0,80.7936642464414,159.282790896541,0,0,0,2.13479918515073,"WW vs. BW","WW"
"LOC144623335",14.2812197797275,-16.4409716128812,2.54716320812379,6.29378114199173e-11,5.92608450683201e-08,12.2763562818412,0,5.700271150932,0,0,0,23.5681858038999,0,0,0,0,0,5.24089075816225,18.560565558075,0,0,0,19.3821635506408,0,0,0,19.0719137444441,0,37.7278175029664,1.18931637470861,0,0,0,50.1826861468589,2.08659664920699,6.80931260671171,0,358.776937659731,0,0.866458356955461,6.78417964617412,0,2.15630898160147,0,0,0,0,0,0,13.9551221169192,4.03804229172873,2.32606108546764,0,0,0,21.5947946393415,6.92488241198797,0,0,0,0,0,0,0,0,16.2828003855981,0,19.325768574415,0,0,14.004840829233,0,0,8.51933225453138,0,0,0,0,0,144.228100787855,35.4728749699565,0,109.853081005828,0,0,14.2279633354195,18.0222164803513,8.2856372090226,0,258.953592400619,14.8657329212419,13.1248272306483,0,0,23.0557869737293,1.1054245046746,0,9.6065963331783,"WW vs. BW","WW"
"LOC111115022",170.888785846572,-6.11546318338103,4.8453401037388,5.09889052533854e-05,0.0140908382102893,0,0,86.454112455802,0,41.6211404457455,4.64976885481331,380.364332001829,0,0,3.99182981076607,7.06127779280044,0,116.347774831202,0,0,2.14552604742987,332.081446819829,8.81007434120036,0,0,156.067740340912,0,0,166.446253689558,1.18931637470861,0,0,178.527333145958,427.643760208015,293.166829213582,0,0,12.2563550132206,0,16.4627087821538,4.52278643078275,0,0,160.154049004683,0,0,29.2329720453062,131.710682795183,0,0,3.02853171879654,19.7715192264749,0,0,177.358156913158,0,0,0,148.150034957779,8.88974386676652,4380.37006545721,0,0,1.9391296700246,194.131034451212,7.51513863950682,0,89.5088228709748,131.350219025993,0,9.33656055282198,0,6.33410305139686,0,985.271864944289,0,35.9834622877011,204.118750738036,168.354494524057,319.45850361422,220.596941219417,143.88696202919,110.738992949423,142.82618886251,0,0,11.0135767379925,214.50594107803,1252.82053237954,0,185.821661515524,0,0,1.06188527264361,318.169860237464,0,0,3839.43633449359,"WW vs. BW","WW"
"LOC111115034",37.8120257588558,-3.3473195885072,2.17163044607819,3.14298078395661e-05,0.00949362928195823,7.55468078882533,2.00525127610619,126.356010512326,5.24824137385154,0,1.16244221370333,111.948882568525,51.5907998874137,2.20649251641193,11.9754894322982,12.1050476448007,3.18280961615948,17.8190285777516,33.1438670679911,3.00554079955254,1.07276302371494,39.0684055082152,29.9542527600812,12.7856065671919,12.0373211705534,49.3975875390961,3.17865229074068,4.7319567712949,4.43856676505487,0,2.2332778804507,3.13502522357493,49.7036325235905,592.373882124878,102.243235811142,2.2697708689039,5.57081852182771,3.3426422763329,6.00659558176141,2.59937507086638,4.52278643078275,16.8455948678272,3.23446347240221,19.3870690900405,3.07315010566514,1.06927827011666,3.89772960604083,31.7655176153088,1.48478462069184,3.72136589784513,10.0951057293218,25.586671940144,16.4555974346647,7.49736982136972,91.302719831034,16.1960959795061,5.77073534332331,2.77300225621038,37.2764604087315,1.97549863705923,117.90154942539,0,1.06372120331929,15.5130373601968,135.237349842417,1.25252310658447,8.14286324708366,43.7372657210445,34.0537604882204,2.88139174044002,9.33656055282198,9.63204521811501,4.22273536759791,19.8784419272399,268.361986560701,7.45972839932843,2.90189211997589,26.9760463530444,16.5594584777761,88.9631275887702,37.6899296555788,29.3853654848347,28.3491821950524,20.4037412660728,19.7896750246235,0.677522063591404,6.00740549345044,20.2537798442775,171.722814352024,0,1.23881107677016,9.08641885198728,5.57197684458217,6.37131163586163,19.5974189276699,7.73797153272222,2.16870275963628,697.011933951714,"WW vs. BW","WW"
"LOC111113437",296.47069248344,1.1687841634832,1.5086638505225,0.000163454383820704,0.0369222132913951,109.542871437967,195.511999420354,161.50768260974,377.873378917311,440.490403050807,266.199266938062,18.9854830086972,167.15419163522,728.142530415938,1068.81243183261,395.431556396824,120.94676541406,837.494343154327,104.734619934852,79.1459077215502,37.5467058300227,382.419584686183,89.8627582802437,2245.70046776606,156.485175217194,367.976231812977,191.778688208021,99.371092197193,413.896350841367,36.8688076159668,314.892181143549,48.0703867614822,137.952939249149,338.18766751144,50.0783195809678,52.2047299847898,37.1387901455181,120.335121947984,604.663955230648,187.15500510238,188.449434615948,439.038316242747,49.5951065768339,34.5595579431157,872.774630008901,28.8705132931498,255.301289195674,49.5851982287747,469.191940138622,165.600782454108,17.1616797398471,536.157080200291,184.096996300312,14.3131605680695,213.039679605746,24.8340138352427,71.557118257209,29.5786907329107,163.44294179213,64.2037057044249,34.3879519157388,247.861324123107,224.445173900371,488.6606768462,2099.45079392462,212.92892811936,263.285911655705,109.851737159833,464.104107225176,39.3790204526803,151.719108983357,699.928619183024,192.134459225705,748.991294044217,47.9217833144109,97.6546263184812,124.200982734968,44.960077255074,166.284562214335,485.253423211474,218.379886533795,205.697558393843,1283.68640626972,656.320344058675,87.0745701083435,127.374147955184,618.762765825396,810.151193771099,23.7603894071983,187.067421639564,179.627606131673,266.534952991627,102.15290881734,50.9704930868931,717.034974882981,64.1146212711269,53.133217611089,120.616153961016,"WW vs. BW","BW"
"LOC111115669",37.5374112870808,-3.85031841040406,0.765176253693334,1.02871007981657e-07,5.809304726825e-05,12.2763562818412,23.0603896752212,35.151672097414,33.2388620343931,31.2158553343091,11.6244221370333,28.8055604269888,9.28634397973446,9.9292163238537,7.98365962153213,17.1488174968011,12.7312384646379,42.9753042169304,6.62877341359823,25.0461733296045,27.8918386165883,9.7671013770538,6.16705203884025,16.438637014961,18.5189556470052,6.44316359205601,9.53595687222203,5.67834812555389,3.32892507379116,23.1916693068178,18.982861983831,31.3502522357493,30.4307954226064,17.4548473554292,34.4288447119153,10.2139689100676,14.8555160582072,14.4847831974426,4.0043970545076,6.06520849868823,31.6595050154792,4.21139871695681,1.07815449080074,7.5862444265376,24.5852008453212,20.3162871322165,230.940479157919,33.315055059958,4.45435386207552,5.58204884676769,12.1141268751862,16.2824275982735,19.5410219536644,5.45263259735979,16.791304796512,0,8.07902948065263,16.6380135372623,2.86742003144088,8.88974386676652,6.55008607918834,19.3366990450651,46.8037329460489,9.69564835012302,19.6312282029315,15.0302772790136,5.42857549805577,2.03429142888579,9.72964585377727,21.1302060965602,21.0072612438494,14.9831814504011,21.1136768379895,5.67955483635425,33.5452483200876,6.78157127211675,47.5910307676047,815.575801407043,33.1189169555522,29.6543758629234,39.9069843412011,11.1461731149373,13.2886791539308,12.4689529959334,6.92638625861823,17.6155736533765,10.0123424890841,15.6506480614871,12.9602124039263,70.2523941528493,12.3881107677016,30.2880628399576,871.085713369679,18.0520496349413,3.4583680460594,43.1115556823095,17.3496220770903,13.8761947034798,"WW vs. BW","WW"
"LOC111111516",11.1715002897736,-19.4790937807753,2.72081371038658,4.15913118615561e-13,6.75260942642276e-10,0,0,0,0,1.1561427901596,0,0,0,0,0,0,21.2187307743965,0,0,0,0,9.7671013770538,9.6910817753204,0,0,0,10.5955076358023,3.78556541703592,55.4820845631859,0,255.710317311606,0,1.01435984742021,6.54556775828594,8.34638659682796,0,0,4.45685636844386,0,2.59937507086638,0.753797738463791,0,0,0,1.02438336855505,2.13855654023332,1.94886480302041,8.52245594557066,0,5.58204884676769,0,0,0,1.36315814933995,0,0,0,0,1.91161335429392,0,0,0.878940865684777,0,0,0,12.5252310658447,0,0,41.8374771712423,0,0,0,4.22273536759791,0,0,3.39078563605838,0,0,0,0,2.21705468562228,0,329.559243017484,0,0,0,204.251786777315,0,2.16003540065439,0,0,4.03840837866101,3.71465122972145,0,0,14.3705185607698,2.16870275963628,0,"WW vs. BW","WW"
"LOC111099641",33.2388120920041,-22.4854302030323,4.19920425679015,2.67473667128821e-08,1.82846406605405e-05,0,0,148.207049924232,0,0,0,47.1363716077999,24.7635839459586,0,0,0,256.746642370198,156.178544593235,0,0,0,0,0,0,0,0,0,0,104.30631897879,0,0,0,0,2.18185591942865,2.08659664920699,0,0,700.840663937797,282.309992342786,8.66458356955461,0,0,0,0,0,6.41566962069995,11.6931888181225,0,0,0,0,0,0,0,0,0,0,0,0,1.97549863705923,22.9253012771592,0,142.538641244785,0,0,0,0,0,0,9.60463913480007,0,0,0,0,581.770449436949,0,0,0,1.37995487314801,0,0,0,3.54364777438155,0,0,0,0,0,523.808584658689,0,0,0,0,0,26.5141550197887,0,0,25.6175902218088,"WW vs. BW","WW"
"LOC111099907",8.29708139917218,-21.4017998722889,3.70852718732437,3.26089694757246e-09,2.82361066690299e-06,0,0,8.550406726398,0,4.62457116063839,0,0,0,0,0,0,24.401540390556,18.8672067293841,0,0,0,6.0105239243408,0,0,0,0,0,0,1.10964169126372,0,0,0,0,13.0911355165719,77.2040760206586,0,0,62.3959891582141,167.183577025692,25.9937507086638,0,0,0,0,0,0,0,0,0,0,2.01902114586436,0,0,0,0,0,0,0,0,18.7672370520627,0,0,36.166520912856,0,0,0,0,0,0,0,0,0,0,0,20.1271489920526,0,1.16075684799036,0,0,75.483865832896,0,0,0,0,0,0,2.00246849781681,0,117.721929335664,0,0,4.03840837866101,0,0,19.5974189276699,0,0,65.1113751470973,"WW vs. BW","WW"
"LOC111099988",34.5200688103051,-24.8203549304053,6.04592922689035,8.34213021486096e-07,0.000386970565341863,0,0,0,0,0,0,0,0,0,0,0,0,336.465186674016,0,0,0,0,0,0,0,0,0,0,0,0,0,0,0,113.45650781029,201.356576648475,2.2697708689039,0,0,750.824447720176,56.319793202105,0,0,0,0,0,21.3855654023332,15.5909184241633,0,0,0,0,2.32606108546764,0,0,0,0,0,0,0,96.7994332159021,235.80309885078,0,69.141878215754,0,0,0,0,0,5.83778751226636,0,0,0,0,0,0,0,0,0,0,21.5668188093988,2.21705468562228,0,0,0,0,0,0,0,1206.37977126548,0,0,0,0,0,72.6257289672473,0,0,0,"WW vs. BW","WW"
"LOC144624174",22.2659322082732,1.19084749211892,1.72349296811389,0.000227415410698816,0.0468854771724059,2.8330052958095,128.336081670796,15.200723069152,18.3688448084804,15.0298562720748,23.2488442740666,1.30934365577222,0,295.669997199199,3.99182981076607,17.1488174968011,4.24374615487931,10.4817815163245,39.7726404815894,31.0572549287096,11.8003932608643,12.7723633392242,7.92906690708032,9.13257611942276,9.25947782350261,13.602234249896,3.17865229074068,21.7670011479566,17.7542670602195,1.18931637470861,71.4648921744226,99.2757987465394,26.3733560329256,2.18185591942865,7.30308827222446,34.0465630335585,17.6409253191211,36.7690650396619,106.116521944451,2.59937507086638,4.52278643078275,32.6383400564153,2.15630898160147,32.8737258483296,28.6827343195413,40.632574264433,3.89772960604083,6.19814977859684,51.2250694138685,22.3281953870708,5.04755286466091,95.3685045041732,0,13.6315814933995,5.24728274891,23.7542741032757,11.5414706866466,12.016343110245,17.2045201886453,27.6569809188292,19.650258237565,4.39470432842389,25.529308879663,1.9391296700246,2.18124757810351,2.50504621316894,22.6190645752324,4.06858285777158,7.78371668302181,38.4185565392003,7.00242041461648,4.28090898582889,25.3364122055874,19.8784419272399,0.958435666288219,101.04541195454,4.64302739196143,0.89920154510148,11.7296164217581,0,4.43410937124457,9.11959618494869,1.77182388719077,19.2702000846243,5.93690250738706,47.4265444513983,5.00617124454204,0,15.1202478045807,12.2533245615435,9.91048861416129,13.1248272306483,9.28662807430361,47.7848372689622,0,9.94882054207142,0,0,"WW vs. BW","BW"
"LOC144624211",15293.3676536747,-5.88968523676136,3.77616151349311,2.82658377102927e-05,0.00874121031190801,16.998031774857,923.418212646901,146.306959540588,146.950758467843,61625.8791438771,68.5840906084963,508.680010267507,0,116.944103369832,7.98365962153213,56.4902223424035,1272.06290992507,11903.1110899381,0,52.0960405255774,2.14552604742987,145.755205165264,1.76201486824007,50.2291686568252,488.900429080938,231.953889314016,182.242731335799,18.9278270851796,71602.9590538652,12.4878219344404,2210.9451016462,12.5401008942997,14.201037863883,4269.89203432186,55309.4173805297,64.6884697637612,10.2131672900175,238552.122906866,860.945366719135,22997.5377103118,29.3981118000879,4.21139871695681,249.05368737497,112.107834303278,14.3413671597707,868.253955334727,7730.17224118047,27.8916740036858,28.9533001034909,0,27.2567854691689,21041.5485791403,26.7403458313302,18.4026350160893,133670.330202283,25.9137535672098,54.2449122272391,4.6216704270173,38.2322670858784,5332.85857074138,95783.546257491,9.66834952253255,8.50976962655434,5.81738901007381,757.983533390968,53.8584935831322,320.285954385291,31.5315171477298,21.40522087831,22.0906700100402,114.372866772069,14.9831814504011,9124.27544553718,91.5828217362123,88320.8050841256,8.1378855265401,43344.9822176559,40.4640695295666,664.448271420767,917.937725575038,203.96903107725,0,187.813332042222,83.8820474271881,132.590822664978,375.347223229638,148.182668838444,3.68250542623227,120686.577923062,4.9013298246174,0,883.401832832096,21.3592445708983,13.8045085443669,182312.482705416,371.422633570667,6.50610827890885,234000.675682335,"WW vs. BW","WW"
"LOC111100459",26.3005538442565,-1.62566231609087,1.92733430703822,0.000141150346551498,0.0330329959672816,59.4931112119995,0,9.50045191822,1.74941379128385,2.3122855803192,31.3859397699899,38.6256378452804,0,0,25.9468937699794,4.03501588160025,20.1577942356767,13.6263159712218,55.6816966742251,9.01662239865762,0,0.7513154905426,66.0755575590027,5.47954567165366,0,13.602234249896,32.846073670987,8.51752218833083,22.1928338252744,5.94658187354303,11.1663894022535,20.9001681571662,422.988056374229,6.54556775828594,8.34638659682796,29.5070212957507,24.1402135945867,4.45685636844386,22.0241837997918,1.73291671391092,3.76898869231896,7.36994775467441,31.2664802332214,21.9158172322197,2.0487667371101,31.0090698333831,25.3352424392654,16.2701431688167,11.8782769655347,3.72136589784513,0,13.9563665128058,2.05694967933309,4.77105352268982,26.23641374455,58.3059455262221,17.3122060299699,5.54600451242075,33.4532337001436,17.779487733533,3.27504303959417,3.51576346273911,3.19116360995788,57.2043252657258,2.18124757810351,23.7979390251049,8.14286324708366,8.13716571554317,7.78371668302181,15.3674226156801,57.1864333860346,43.8793171047461,4.22273536759791,6.38949919089853,17.2518419931879,10.8505140353868,1.16075684799036,119.593805498497,446.415401463381,6.73963087793714,3.32558202843343,34.4518078098062,16.8323269283124,22.6708236289698,3.9579350049247,8.13026476309685,6.00740549345044,8.2856372090226,0,23.6897608189841,2.47762215354032,27.2592565559618,28.7885470303412,18.0520496349413,42.6532059013992,24.3193391028413,0,16.0109938886305,"WW vs. BW","WW"
"LOC144623171",10.2264754797428,-21.5732050947118,4.03064940657292,2.88634169371276e-08,1.92252559429683e-05,135.039919100253,0,0,0,0,0,0,0,0,0,0,0,0,0,0,0,0,34.3592899306814,0,19.4449034293555,0,0,0,53.2628011806585,0,0,0,0,0,0,0,59.4220642328289,36.7690650396619,0,0,0,0,6.46892694480442,0,0,0,0,10.0719933902199,0,117.223025782122,0,0,0,0,0,19.4353151754074,0,0,21.9835535743801,0,0,0,0,0,0,21.292892811936,0,0,0,0,0,0,0,0,65.1736253075989,0,0,14.3872247216237,0,0,0,105.382000359407,0.885911943595387,0,17.8107075221612,0,0,0,0,0,28.4926547657137,0,49.2191287938091,108.312297809648,2.30557869737293,24.3193391028413,0,0,"WW vs. BW","WW"
"LOC111117426",867.196582212198,-2.38685649845657,2.75404732568036,0.00012880552443156,0.0309813065570245,0,67.1759177495574,57.00271150932,9.62177585206116,3300.78766590565,32.5483819836932,77.905947518447,0,101.498655754949,27.9428086753625,8.0700317632005,233.406038518362,912.963170071864,0,64.1182037237875,20.3824974505838,108.940746128677,8.81007434120036,31.9640164179797,37.9638590763607,68.0111712494801,219.327008061107,149.529833972919,7305.88089528032,675.531700834489,127.29683918569,0,18.2584772535639,594.555738044307,1917.58232062122,220.167774283679,291.539502642317,2333.16430888036,84.0923381446597,1853.35442552773,321.117836585575,2.1056993584784,32.3446347240221,10.1149925687168,0,177.500192839365,992.946617138901,17.8196806134659,82.4055464483972,488.429274092173,87.8274198450998,26.7497024828779,54.5091665023269,25.900004837459,3138.92454039796,44.2693290106501,35.7785591286045,0.924334085403459,8.60226009432265,480.046168805392,17878.4599531446,14.0630538509564,324.434967012384,267.599894463395,14.1781092576728,335.676192564638,10.8571509961115,101.71457144429,385.29397580958,24.9720617504802,10.5036306219247,451.635898004948,251.252754372076,12.7789983817971,3446.53465597243,44.0802132687589,1540.3243372832,177.142704384992,304.280049529136,315.414725087458,575.325690918983,458.006386177423,442.070059854098,409.208366502904,2.96845125369353,58.9444195324522,16.0197479825345,309.33045580351,2762.68527743696,13.8871011697493,0,6.05761256799152,381.680413853879,727.39141176087,8649.37848319455,939.610828973412,15.180919317454,11982.6278262511,"WW vs. BW","WW"
"LOC111117847",307.34925727149,-7.722815457188,3.74412097393518,1.33943913920329e-05,0.00476889527911028,0,6.01575382831857,6.650316342754,5.24824137385154,638.190820168098,56.9596684714631,0.654671827886109,0,1.10324625820597,1.99591490538303,0,11.6703019259181,11.5299596679569,0,0,0,1.5026309810852,0,3.6530304477691,269.450804663926,231.953889314016,8.47640610864181,0,5.54820845631859,10.7038473723775,6.69983364135212,0,19.2728371009841,1.09092795971432,439.228594658071,0,0,2285.25310291959,31.0340771724339,656.775434572239,1.50759547692758,1.0528496792392,139.081929313295,1.68583209478613,0,0,205.605236718654,0,9.65110003449697,0,2.01902114586436,0,8.22779871733236,0,3931.26423548337,20.5150549073744,0,0,46.8345271802011,464.242179708918,3330.71877126727,9.66834952253255,0,0.969564835012302,30.5374660934491,2.50504621316894,1.80952516601859,6.10287428665738,50.5941584396418,0,1.16707006910275,1.07022724645722,375.823447716214,3.54972177272141,428.420742830834,0,1520.59147086737,0.89920154510148,38.6387364481443,133.444691383155,22.1705468562228,0,37.2083016310063,108.819953419055,3.9579350049247,20.3256619077421,1.00123424890841,11.0475162786968,3348.0548710143,0,0,10.0960209466525,0,0,4165.0279168042,12.1596695514206,0,5364.75035228379,"WW vs. BW","WW"
"LOC144624395",43.6950253955323,-25.1440835549757,3.07848180992264,1.01815650838704e-16,2.93873906870778e-13,0,0,0,159.19665500683,0,0,0,45.399903900924,0,0,0,0,0,120.643676127488,0,0,174.305193805883,0,0,0,0,69.9303503962949,124.923658762185,147.582344938075,82.0628298548939,46.8988354894648,0,0,67.6375335022881,0,0,0,49.0254200528825,0,46.7887512755949,0,163.191700282076,0,73.3336961231968,0,0,0,0,96.5110003449697,0,115.084205314269,166.313367610936,127.530880118652,0,230.88044095204,21.5947946393415,6.92488241198797,0,0,0,0,22.8524625078042,155.303295684617,0,0,0,214.428732173203,0,0,0,0,0,174.187833913414,165.417034608818,54.6308329784285,91.5512121735762,117.236441647026,0,0,41.7857114432103,0,156.046423609122,143.517734862453,0,0,174.800692406582,0,0,203.043327661512,0,213.075505204468,0,0,0,0,0,0,0,"WW vs. BW","WW"
"LOC111105721",401.513708789387,-4.55736478198591,4.04058775827503,6.48204943945574e-05,0.0171820610498716,0,0,262.212472942872,1.74941379128385,585.008251820757,1.16244221370333,86.4166812809664,0,23.1681714223253,3.99182981076607,4.03501588160025,1672.03598502245,529.329966574387,0,4.00738773273672,2.14552604742987,10.5184168675964,5.28604460472022,1.82651522388455,0,7.15907065784001,0,6.62473947981287,117.622019273954,0.594658187354303,29.0326124458592,0,0,6.54556775828594,178.404013507198,19.2930523856832,0,11089.7728587804,46.0505661268374,234.81021473493,1.50759547692758,3.1585490377176,0,0,9.21945031699543,8.55422616093327,23.386377636245,3.09907488929842,9.65110003449697,0,838.903286106643,697.818325640292,10.2847483966655,0,865.80165357015,0,9.23317654931729,0,0,171.868381424153,5981.86611181876,0,2280.61825991656,0,113.424874061382,5.01009242633788,17.1904890771766,0,7.78371668302181,624.301543762005,0,0,121.40364181844,2.12983306363284,356.538067859217,10.8505140353868,178.756554590515,0,0,45.8294899699725,8.86821874248914,0,1.77182388719077,9.06832945158791,1.97896750246235,1.35504412718281,11.0135767379925,0,7644.36528291588,0,0,5.04801047332626,1.85732561486072,3.18565581793082,274.363864987379,6.63254702804762,13.0122165578177,2031.26142467092,"WW vs. BW","WW"
"LOC111112764",255.068597972058,-3.91629960510985,5.36481836262143,0.000203305553430431,0.0436468459624985,5.666010591619,2.00525127610619,373.367760386046,3.49882758256769,321.407695664368,0,61.5391518212942,63.9725918603929,0,0,0,653.536907851414,1002.05831296062,0,0,0,14.2749943203094,0,0,0,0,0,0,69.9074265496143,0,0,0,0,12.0002075568576,185.707101779422,0,0,7301.44494560316,100.10992636269,99.642711049878,0,0,0,0,4.09753347422019,38.4940177241997,38.0028636588981,0,0,0,171.616797398471,157.009123269066,0,0,701.036975254376,0,0,0,0,55.3139618376583,4748.81240741155,0,1288.16637721966,0,28.3562185153456,0,18.0952516601859,0,3.89185834151091,187.290463128601,0,0,52.7841920949738,0,807.00283101468,4.06894276327005,91.6997909912382,0,5.51981949259204,320.806429789808,17.7364374849783,0,0,2.26708236289698,0,0,8.00987399126726,0,2808.0460208507,0,0,1.00960209466525,0,0,498.004998632553,2.21084900934921,0,1391.88906871828,"WW vs. BW","WW"
"LOC144625993",2.96159347985279,-17.1521100889667,2.65955955007285,6.38758771957102e-11,5.92608450683201e-08,0,0,0,0,0,0,0.654671827886109,0,0,0,5.04376985200031,0,0,0,0,0,0,0,0,0.925947782350261,9.30679185519201,0,0,0,0.594658187354303,0,4.18003363143324,1.01435984742021,2.18185591942865,0,0,0,0,4.0043970545076,0,0,0,4.31261796320295,0,1.02438336855505,0,0,0.774768722324605,0,0,0,0,8.22779871733236,0,0,4.3189589278683,9.23317654931729,0,0.955806677146961,0,0,0,0,0,1.09062378905175,2.50504621316894,0,5.08572857221448,6.81075209764409,1.92092782696001,0,1.07022724645722,0,0,0,0,1.16075684799036,0,5.51981949259204,0,0,0,0,0,0,0,0,190.56965580752,0,0.816888304102899,0,0,0,2.12377054528721,0,0,0,0,"WW vs. BW","WW"
"LOC111122693",31.4525167672903,-22.5994370232012,3.43073854844171,1.78997971414402e-11,1.93742929309663e-08,0,0,19.950949028262,0,0,0,1.30934365577222,0,0,0,0,57.2905730908707,19.9153848810165,0,0,0,11.269732358139,0,0,0,0,0,0,49.9338761068673,0,3.34991682067606,0,0,2.18185591942865,5.21649162301747,5.67442717225976,0,1245.69135498006,110.120918998959,0,0,0,0,0,0,0,1.94886480302041,0,0,0,1.00951057293218,15.1193970555397,0,0,11.544022047602,0,0,0,0,26.6692316002996,117.90154942539,0,263.802858423185,0,0,0,0,0,0,0,0,0,6.33410305139686,0,183.06121226105,1.35631425442335,0,0,0,70.0921611305462,0,0,14.1745910975262,0,0,0,0,0,111.241823133701,0,0,0,0,0,201.738136020131,0,0,367.185459845926,"WW vs. BW","WW"
"LOC144625298",21.3683117693642,2.32054554256161,3.1702080841302,0.000188105456277682,0.0410623146027341,1.88867019720633,670.756551857521,18.050858644618,0.874706895641923,4.62457116063839,5.81221106851664,17.0214675250388,0,14.3422013566776,1.99591490538303,20.1750794080012,0,0,10.6060374617572,2.00369386636836,5.36381511857468,0,0.881007434120036,2.73977283582683,0.925947782350261,0,1.05955076358023,5.67834812555389,0,0,1.11663894022535,19.8551597493079,0,2.18185591942865,6.25978994762097,21.5628232545871,477.233453369907,53.4822764213264,4.0043970545076,0,0,0,4.31261796320295,13.4866567582891,0,24.5934002126832,252.377991991144,2.32430616697382,13.3630615862266,3.72136589784513,0,0,1.02847483966655,27.263162986799,0,0,8.07902948065263,5.54600451242075,0,6.91424522970729,27.8378658365505,0.878940865684777,0,0,1.09062378905175,1.25252310658447,0,0,2.91889375613318,0,5.83535034551373,0,10.5568384189948,8.51933225453138,3.83374266515287,8.81604265375178,0,0.89920154510148,0,4.04377852676228,3.32558202843343,0,0,4.53416472579395,0,11.5178750810539,0,0,0,0,6.19405538385081,0,4.64331403715181,0,1.15278934868647,144.810610112373,1.08435137981814,0,"WW vs. BW","BW"
"LOC111105193",16.7750042723974,-19.4304093916351,2.85038771734421,4.75948259547691e-12,6.18185396913518e-09,0,0,8.550406726398,23.6170861823319,0,0,0,0,0,0,0,50.9249538585517,0,11.9317921444768,0,0,0,0.881007434120036,0,0,0,11.6550583993825,5.67834812555389,79.8942017709877,2.37863274941721,99.3808656800564,0,0,0,6.25978994762097,1.13488543445195,0,0,0,1.73291671391092,0,1.0528496792392,0,0,0,0,0,20.9187555027643,0,0,0,0,0,0,0,0,1.15414706866466,0,0,0,0,1.75788173136955,0,0,0,8.7676617460913,0,6.10287428665738,143.998758635904,4.80231956740004,0,18.1938631897728,41.1716698340796,20.5883862817842,0.958435666288219,3.39078563605838,0,0,6.20979692916604,0,9.97674608530028,0,799.092573123039,0,0,0,142.175263344994,0,0,0,14.8657329212419,0,0,0,0,4.42169801869841,3.25305413945443,3.2021987777261,"WW vs. BW","WW"
"LOC111110147",20.6128766323415,-17.1212710125063,3.00342345395226,6.04565723137946e-09,4.90775118436076e-06,0,0,9.50045191822,5.24824137385154,0,0,0,0,0,0,0,284.330992376914,0,1.32575468271965,0,0,3.0052619621704,0,0,0,0,13.7741599265429,9.46391354258981,76.5652766971966,1.18931637470861,435.489186687887,0,0,0,4.17319329841398,0,0,2.22842818422193,0,2.59937507086638,1.50759547692758,0,0,0,0,0,0,1.54953744464921,0,0,0,11.6303054273382,0,1.36315814933995,0,0,0,0,0,0,9.82512911878252,5.27364519410866,0,0,0,0,0,0,215.998137953855,0,0,23.5449994220589,24.280728363688,0,0,0,0,0,1.37995487314801,0,11.0852734281114,0,575.842763337002,0,0,6.77522063591404,156.192542829712,0,0,3.2675532164116,0,12.115225135983,0,0,0,0,4.33740551927257,2.13479918515073,"WW vs. BW","WW"
"LOC111137387",1895.50207427014,3.41633159736138,1.6661373282573,1.45652243902442e-05,0.00502390528052807,469.334544005774,4697.30111427875,181.458631638002,494.209396037687,9453.77959513503,552.160051509081,2931.620445274,957.525245910397,53393.8091583941,554.864343696483,319.77500861682,2499.56648522391,404.596766530126,621.778946195514,269.496825026544,393.704029703381,1114.95218796522,279.279356616051,2711.46184985662,312.970350434388,259.158357813808,236.27982027839,365.307062743967,366.181758117027,220.023529321092,3680.44194698276,429.498455629765,259.676120939575,121.09300352829,95.9834458635215,966.922390153062,579.365126270082,2025.64121945774,587.645267748991,11002.2882166204,529.919810140045,830.69839691973,698.644110038877,277.319379592319,283.754193089748,698.238710386178,825.344244079145,347.871156323748,1362.28988948476,461.449371332796,1140.74694741336,6603.68742164263,311.627876418963,4345.06660102109,815.427739180614,757.977291840887,2398.31760868517,206.126501044971,98.448087746137,469.180926301566,1300.19208671889,3013.8882284331,1259.44590473004,127.012993386611,9552.7737683043,186.625942881086,1510.95351362552,94.5945514431893,108.972033562305,814.473398631046,124.876497393994,254.714084656819,412.772382182695,1384.39149136135,141.848478610656,8868.93890967429,1049.90456900728,361.479021130795,865.921682900376,378.767255340067,2954.22536859169,101.32884649943,256.028551699067,98.6180827860185,554.110900689459,2167.3930814289,640.789919301381,356.282399987972,909.374903675497,281.009576611397,322.090879960242,5797.13522756788,508.907218471838,132.735659080451,1027.13530967964,442.169801869841,312.293197387625,336.23087166124,"WW vs. BW","BW"
"LOC111115053",404.756860345041,-6.20793612734273,4.95140337505637,5.22064480890079e-05,0.0141590486877846,0,6.01575382831857,9.50045191822,0,830.110523334591,0,57.6111208539776,0,1.10324625820597,0,3.02626191120019,50.9249538585517,1122.59880039835,0,0,0,12.7723633392242,0,0,25.9265379058073,2.863628263136,1.05955076358023,0,409.457784076312,0,44.6655576090141,0,0,134.184139044862,1626.50208805685,0,0,3653.50800803186,123.135209426109,1056.21273712871,5.27658416924654,0,5.39077245400368,5.0574962843584,0,9.62350443104993,162.730211052205,1.54953744464921,1.48478462069184,0,23.2187431774402,38.380007910216,0,0,3418.07998263997,0,2.30829413732932,0,0,106.676926401198,11398.7872993075,0,0,0,4.36249515620701,2.50504621316894,1.80952516601859,1.0171457144429,0.972964585377727,0.960463913480007,4.66828027641099,0,235.417496743583,2.12983306363284,1414.65104344141,0,369.701056084929,5.39520927060888,5.51981949259204,14.8271879314617,2.21705468562228,0,0,0,0,12.8729192082367,4.00493699563363,0.920626356558067,1871.67067466703,3.2675532164116,0,17.1632356093093,0.928662807430361,0,3948.30351925114,13.2650940560952,1.08435137981814,5353.00895676546,"WW vs. BW","WW"
"LOC111105466",64.5063149120717,-1.06817572821361,1.38487646040771,0.000158936060691757,0.0365370092795554,38.7177390427298,29.0761435035398,46.552214399278,31.4894482431092,39.3088548654263,15.1117487781433,41.898996984711,24.7635839459586,23.1681714223253,24.9489363172879,39.3414048456024,130.495194262539,71.2761143110066,7.95452809631787,25.0461733296045,47.2015730434571,45.8302449230986,37.0023122330415,43.8363653732292,9.25947782350261,18.613583710384,18.0123629808638,32.1773060448053,1276.08794495328,53.5192368618873,34.6158071469859,35.5302858671825,6.08615908452129,61.0919657440021,52.1649162301747,101.004803666224,18.569395072759,70.1954878029908,35.0384742269415,38.1241677060403,33.1671004924068,32.6383400564153,103.502831116871,21.0729011848267,21.512050739656,71.6416440978162,51.644917280041,32.5402863376334,39.3467924483338,35.3529760295287,80.7608458345745,62.8036493076263,10.2847483966655,13.6315814933995,34.632066142806,0,47.3200298152511,309.651918610159,7.64645341717569,22.7182343261811,34.3879519157388,8.78940865684777,36.166520912856,25.2086857103198,23.9937233591386,11.2727079592602,40.7143162354183,4.06858285777158,13.6215041952882,29.7743813178802,10.5036306219247,33.1770446401739,33.7818829407833,34.0773290181255,30.669941321223,20.3447138163503,27.8581643517686,33.2704571687548,26.2191425898122,62.0046040770217,37.6899296555788,18.2391923698974,31.0069180258386,39.6739413506971,17.8107075221612,27.1008825436562,64.0789919301381,19.3331534877194,88.5614514268299,33.4924204682189,27.2538436889435,50.4801047332626,1167.32914893996,15.9282790896541,58.7922567830097,44.2169801869841,15.180919317454,48.0329816658915,"WW vs. BW","WW"
"LOC111113650",7.65026747835579,-17.2038191654803,2.36648244376784,2.10819159476551e-13,4.38398094307521e-10,0,0,1.900090383644,0,0,0,0,0,0,0,4.03501588160025,0,0,21.2120749235143,0,0,1.5026309810852,0,0,0,0,6.35730458148136,5.67834812555389,45.4953093418125,0,207.694842881916,6.27005044714986,0,4.3637118388573,0,9.07908347561561,0,0,0,0,6.03038190771033,0,0,0,0,0,1.94886480302041,4.64861233394763,0,3.72136589784513,0,0,2.05694967933309,0,0,0,0,7.39467268322767,0,0.987749318529613,6.55008607918834,0,0,0,0,0,1.80952516601859,2.03429142888579,39.8915480004868,0,3.50121020730824,6.42136347874334,2.11136768379895,0,1.91687133257644,4.06894276327005,0,1.79840309020296,0,0,2.21705468562228,0,163.893709565147,0,1.97896750246235,4.06513238154843,109.134533131016,3.68250542623227,0,0,0,2.01920418933051,0,0,0,2.21084900934921,3.25305413945443,8.53919674060293,"WW vs. BW","WW"
"LOC111138488",1587.14801911553,1.09426177513829,1.2162458030563,9.78002476396782e-05,0.0251362197218644,773.410445755993,2962.7587604469,1332.91340412627,648.157809670665,2900.76226051043,1210.10234446516,3237.35218889681,560.276086777312,12494.2638741826,420.140087583128,500.341969318431,1957.42791393808,1830.11905275026,535.604891818737,578.065680447272,3343.80234491945,577.010296736717,311.876631678493,770.789424479281,591.680632921816,1179.81484441203,2748.47468072711,1211.3809334515,983.142538459655,369.877392534377,3175.7211460009,520.414187113438,464.576810118458,2021.48950935064,1106.93952240431,1536.63487824794,435.452314456199,1377.16861784915,1634.79509750273,2854.98028616824,2412.15276308413,929.666266768215,3105.08493350612,679.390334198812,560.337702599611,800.889424317378,1775.4158355516,630.661739972229,3146.25861124601,1864.40431482041,3979.49067849866,2002.73859458764,2465.25419068071,4219.65605128181,669.553278760916,1952.16943539647,1553.48195442263,439.983024652047,541.942385942327,667.718539326019,843.323582695499,2572.65991385934,848.849520248796,277.295542813518,884.495892920971,2506.29873627553,7761.05343705374,449.57840578376,489.401186444997,2595.17349422298,438.818345982633,2028.08063203644,609.129576775998,1245.24239787067,467.716605148651,2831.30600610874,667.435187594456,401.943090660362,620.979692916604,3538.306210917,810.333487594945,514.750540217104,1181.80653275625,1158.47908744036,2023.49427126776,1476.32057656567,3139.87060457677,541.328297656143,847.813894756847,524.442291234061,2070.05330928294,2254.44147738751,483.833322671218,1055.51396100774,1081.3164090679,1290.03039695526,676.635261006521,843.245678134539,"WW vs. BW","BW"
"LOC144626702",7.7993845489251,3.61860658314963,2.01316215523595,2.08786685599095e-05,0.00661420942903377,6.61034569022216,6.01575382831857,19.00090383644,0,13.8737134819152,3.48732664110998,2.61868731154444,0,14.3422013566776,1.99591490538303,0,3.18280961615948,3.14453445489735,0,1.00184693318418,11.8003932608643,9.7671013770538,5.28604460472022,313.247360896201,0,6.44316359205601,2.11910152716045,1.89278270851796,1.10964169126372,2.97329093677152,3.34991682067606,10.4500840785831,10.1435984742021,1.09092795971432,0,4.5395417378078,0,3.3426422763329,1.0010992636269,1.73291671391092,3.01519095385517,7.36994775467441,1.07815449080074,3.37166418957227,2.0487667371101,1.06927827011666,0.974432401510207,1.54953744464921,0,0,12.1141268751862,8.14121379913674,21.5979716329974,12.9500024187295,4.197826199128,0,11.5414706866466,2.77300225621038,2.86742003144088,0,0,1.75788173136955,0,0,33.8093374606043,12.5252310658447,3.61905033203718,0,0,3.84185565392003,2.33414013820549,2.14045449291445,3.16705152569843,0,0,18.9883995619269,2.32151369598072,0,1.37995487314801,1.34792617558743,5.54263671405571,1.0132884649943,2.65773583078616,2.26708236289698,5.93690250738706,1.35504412718281,18.0222164803513,3.68250542623227,1.08001770032719,11.4364362574406,3.71643323031048,1.00960209466525,1.85732561486072,3.18565581793082,2.30557869737293,2.21084900934921,4.33740551927257,4.26959837030146,"WW vs. BW","BW"
"LOC144626783",77.9105815231961,-15.3370662491655,7.06125018086702,1.46982638996086e-05,0.00502390528052807,1.88867019720633,0,0,0,0,333.620915332855,0,543.76703081334,0,0,0,36.0718423164741,322.838870702794,0,0,0,0,703.924939861909,0,0,0,0,0,342.879282600489,0,359.557738752564,489.063934877689,0,0,0,0,0,0,0,0,0,0,0,0,0,0,0,0,0,468.892103128486,0,0,0,2.7263162986799,0,0,0,0,0,427.695454923323,0,217.977334689825,0,0,0,11.2727079592602,0.904762583009296,6.10287428665738,0,0,0,683.875210486165,0,0,579.853578104372,0,0,10.7904185412178,2.06993230972201,0,0,0,429.667292643763,0,0,0,0,0,0,2.4506649123087,0,0,0,454.486896691463,315.864281540092,497.441027103571,0,0,"WW vs. BW","WW"
"LOC111136225",787.481289750623,-9.1780552498685,3.88992853816355,9.41084186469079e-06,0.00364873789729959,0,16.0420102088495,19.00090383644,0.874706895641923,1060.18293857635,0,3.92803096731665,0,0,0,4.03501588160025,25.4624769292759,13.6263159712218,0,2.00369386636836,0,6.0105239243408,0,4.56628805971138,21.296798994056,82.3293125651601,8.47640610864181,0,6378.22044138385,0,55.8319470112676,0,7.1005189319415,12.0002075568576,1896.71635412915,4.5395417378078,1.8569395072759,8608.41807564932,12.0131911635228,589.191682729713,0.753797738463791,0,0,0,0,5.3463913505833,28.258539643796,2.32430616697382,2.22717693103776,0,5.04755286466091,4.65212217093528,38.0535690676622,1.36315814933995,5327.04144669343,0,0,0.924334085403459,0,173.843880061212,3348.73150798504,0,0,7.75651868009841,8.72499031241402,1.25252310658447,12.6666761621301,2.03429142888579,53.513052195775,0,0,0,342.041564775431,0,531.931794789961,0,3672.63466704149,0.89920154510148,7.58975180231405,9.43548322911199,11.0852734281114,6.07973078996579,0.885911943595387,5.66770590724244,1.97896750246235,18.9706177805593,3.00370274672522,0,13781.025856175,0,0,97.9314031825295,0,0,4559.28187405497,6.63254702804762,3.25305413945443,22317.1906815658,"WW vs. BW","WW"
"LOC144626482",702.884631860006,-7.99963348086689,4.41836136925355,2.0122130522003e-05,0.00653390730712589,658.201563726407,1.0026256380531,890.192344737214,1545.60708459928,2281.06972498489,1718.08959185352,31.4242477385332,1.03181599774827,0,0,1561.5511461793,3857.56525478529,85.9506084338609,2765.52426815318,0,0,2184.82544649788,35.2402973648014,1.82651522388455,0,0,2.11910152716045,0,84.3327685360426,0.594658187354303,0,0,33.4738749648671,0,0,1751.12822535936,817.981852955035,2281.91046064326,1.0010992636269,0,3669.48739084174,0,6020.41467663131,1.68583209478613,1899.20676530106,1370.81474228956,19.4886480302041,23.2430616697382,0.742392310345921,75.3576594313638,0,2925.02181497556,0,3850.92177188535,0,0,38.0868532659338,1917.99322721218,0,0.987749318529613,2076.37728710271,2619.24377974064,1595.58180497894,0.969564835012302,4531.54184351003,0,1.80952516601859,0,0,3196.42390406146,275.428536308248,1.07022724645722,0,0,1338.93462580464,0,1356.92475530073,0,2129.27036926738,2.69585235117486,4.43410937124457,1.0132884649943,97.4503137954926,0,75.2007650935694,0,3.00370274672522,13.809395348371,1326.26173600179,1.6337766082058,37.1643323031048,0,0,54.1561489048239,0,142.599761103024,75.9045965872699,4.26959837030146,"WW vs. BW","WW"
"LOC144617830",11.2688161308428,-21.973827463541,2.67772897364104,9.82851790391506e-17,2.93873906870778e-13,0,0,4.75022595911,4.37353447820962,16.1859990622344,0,5.89204645097498,0,0,0,0,39.2546519326336,7.33724706142715,0,0,0,25.5447266784484,0,0,0,0,6.35730458148136,0,52.1531594893948,0,16.7495841033803,0,0,80.72866901886,4.17319329841398,28.3721358612988,0,109.192981026875,2.0021985272538,8.66458356955461,0,0,0,0,0,65.2259744771162,3.89772960604083,2.32430616697382,0.742392310345921,0,10.0951057293218,0,0,0,131.18206872275,0,0,0,0,54.3262125191287,111.351463346202,0,0,0,0,0,2.71428774902789,0,0,13.4464947887201,0,0,130.904796395535,0,23.9608916572055,0.678157127211675,35.9834622877011,0,0,9.43548322911199,0,0,0,0,0,0,0,1.84125271311613,18.3603009055623,0,0,3.02880628399576,0,2.12377054528721,10.3751041381782,0,0,4.26959837030146,"WW vs. BW","WW"
"LOC111108251",4261.2095654527,2.74222013112846,1.97813694807598,4.15171643132097e-05,0.0121178806445421,329.572949412505,3656.57570197964,2323.81053919661,586.053620080089,26823.6688744928,231.326000526962,6150.64182298999,7756.16085507377,70887.9850747662,439.101279184267,167.45315908641,9199.38072723962,2254.6312041614,8565.70100505163,524.96779298851,2867.49556239002,1190.83505251002,1118.87944133245,3029.27549881253,451.862517786927,1808.38124817039,2645.69825665982,1232.20154324519,871.068727642019,1964.75065101862,4909.86142017088,920.652407323171,426.03113591649,485.462942072874,601.983133296217,1209.78787312578,132.771174770227,2040.12600265518,2512.75915170352,10938.1702982057,3312.94106054836,2376.28172604288,6421.48814720919,614.485798549546,247.900775190322,176.430914569249,1890.3988589298,790.264096771097,3536.75696648797,869.869278621299,18399.3397022619,26591.5303290661,5641.184495571,1887.97403683583,397.744032367378,13970.752391922,19400.0580771843,112.768758419222,172.045201886453,756.615977993684,1161.00275753613,3369.85927903544,1012.66258555997,659.304087808365,16677.8189821794,1475.47221955651,8813.29232109355,50.8572857221448,258.808579710475,3770.78132432251,88.6973252518088,1663.13314099452,212.192452221795,1789.05977345159,271.237293559566,9389.08542624565,1076.60197651106,374.967044307317,714.126646854095,2651.37078738047,1349.07777620116,186.445077558951,2319.31746833272,557.702261272656,1736.54398341071,3508.20924527629,5743.07965173862,596.565879049627,1756.10878073202,1603.55174095399,416.240521794774,25328.8973509619,947.236063578969,1187.18773481555,923.384268297859,3117.29710318238,297.112278070171,416.285841104393,"WW vs. BW","BW"
"LOC111131183",6.55434464887372,-16.5929147831138,3.1528117998765,5.19251957369153e-08,3.28990441379963e-05,10.3876860846348,0,5.700271150932,0,0,0,0.654671827886109,0,0,0,0,113.520209643022,0,10.6060374617572,0,0,0,0,0,0,0,0,2.83917406277694,1.10964169126372,0,163.029285272901,3.13502522357493,0,0,0,0,0,0,0,0,1.50759547692758,0,2.15630898160147,0,0,0,0,0,0,0,0,6.97818325640292,4.11389935866618,6.13421167202977,0,0,2.30829413732932,0,3.82322670858784,0,9.82512911878252,0,0,0,3.27187136715526,0,0,0,23.3511500490654,0,0,0,2.11136768379895,0,0,0,0,3.59680618040592,0,0,9.97674608530028,0,62.8997479952725,0,0,0,149.183903087353,0,0,0,0,4.03840837866101,0,0,0,2.21084900934921,1.08435137981814,0,"WW vs. BW","WW"
"LOC111106396",23.4441297856325,-19.6655048458727,2.17109796626606,6.84801939007951e-20,2.96484999493493e-16,0,0,1.900090383644,0,4.62457116063839,0,0,0,0,0,0,143.226432727177,0,0,0,0,9.0157858865112,0,0,0,0,2.11910152716045,5.67834812555389,134.26664464291,0,573.952415275831,4.18003363143324,2.02871969484043,8.72742367771459,12.5195798952419,4.5395417378078,0,0,2.0021985272538,3.46583342782184,12.8145615538845,0,2.15630898160147,0,0,2.13855654023332,1.94886480302041,10.8467621125445,2.96956924138368,0,0,0,8.22779871733236,2.7263162986799,0,0,2.30829413732932,0,0,0,6.55008607918834,0,37.2302421161753,0,0,0,3.61905033203718,3.05143714332869,29.1889375613318,0,0,0,8.44547073519582,0,0,6.10341414490508,1.16075684799036,0,0,64.7004564281965,32.1472929415231,0,652.917102429801,0,0,1.35504412718281,333.4110048865,0,4.32007080130877,0.816888304102899,1.23881107677016,4.03840837866101,0,0,3.4583680460594,2.21084900934921,21.6870275963628,4.26959837030146,"WW vs. BW","WW"
"LOC111107984",147.284909250765,4.3310208043645,1.78167544341619,8.52607219729852e-06,0.00340026133015935,34.9403986483171,519.360080511503,38.951852864702,230.047913553826,304.065553811974,0,9.82007741829164,6.19089598648964,1.10324625820597,28.940766128054,311.704976853619,380.876217400418,51.36072942999,47.7271685779072,210.387855968678,48.2743360671721,205.10912891813,191.178613204048,13.6988641791341,50.9271280292643,4.29544239470401,45.5606828339497,40.6948282331362,42.1663842680213,27.9489348056523,31.2658903263099,0,26.3733560329256,357.824370786298,220.135946491337,6.80931260671171,561.724200950961,230.64231706697,290.318786451801,0,5.27658416924654,340.070446394262,10.7815449080074,0,3.07315010566514,249.141836937182,271.866640021348,32.5402863376334,296.956924138368,52.0991225698318,31.2948277608976,1.16303054273382,8.22779871733236,3.40789537334987,268.660876744192,587.378414190089,13.8497648239759,217.218510069813,23.895166928674,190.635618476215,37.662994955333,233.798270272151,402.086614854693,63.0217142757996,49.0780705073289,22.5454159185205,300.381177559086,278.697925757353,48.6482292688863,270.850823601362,346.619810523516,94.1799976882356,212.192452221795,38.3369951453912,238.650480905766,267.872065248612,274.51899454972,8.09281390591332,6.89977436574005,14.8271879314617,17.7364374849783,324.252308798176,330.44515496108,338.928813253098,91.0325051132682,2.71008825436562,511.630701192196,483.328837192985,1.08001770032719,12.2533245615435,569.853095314274,376.581581310139,0,1.06188527264361,215.571608204369,26.5301881121905,6.50610827890885,1.06739959257537,"WW vs. BW","BW"
"LOC144627682",127.677057020444,23.0807479496781,3.05140017472045,1.52252793742844e-14,3.5955189300526e-11,0,216.567137819469,0,312.270361744167,291.347983120219,0,0,0,0,0,284.468619652818,409.521503945853,0,0,323.59655941849,0,359.128804479363,279.279356616051,0,0,0,0,0,0,0,0,0,0,249.82250277458,294.210127538186,0,610.004628140134,414.487642265279,251.275915170352,0,0,426.404120091877,0,0,0,144.352566465749,662.614033026941,0,357.090701276388,0,0,0,0,0,220.38587545422,159.801480331127,1.15414706866466,247.721534888127,0,332.87152034448,0,310.266125586726,121.264217178399,0,0,0,307.619278223161,370.241040057214,0,400.513451921163,331.44789962518,0,194.245826909504,0,234.816738240614,174.286381693401,210.67736791025,0,0,0,0,233.056346948689,319.814211637935,302.655495446746,0,0,224.276471755483,290.917928672349,0,0,372.882134107818,393.744816919449,0,0,232.863448434666,0,0,0,"WW vs. BW","BW"
"LOC111106424",285.821572965256,-29.4794145891372,4.49771496002305,1.07065733889753e-11,1.20923763880614e-08,0,0,0,0,0,0,0,0,0,0,0,0,0,0,0,0,0,532.128490208502,0,0,0,0,617.047162976855,0,0,0,524.594220744871,1184.77230178681,1191.29333200804,1386.54347339804,0,0,1537.61544711313,0,0,1.50759547692758,0,0,0,0,0,0,426.897566000857,0,657.751422444126,0,0,0,0,834.31795707669,0,0,0,0,0,0,0,0,0,2031.83211900341,562.382874856427,0,1007.99140301291,0,0,1583.71408377243,0,0,0,0,344.503820623531,0,0,0,0,765.992393882499,1944.50056432406,1595.52741041529,0,0,0,0,2476.4848991412,0,0,1679.82782010034,0,2204.64550483968,688.101656673056,0,801.432765889087,0,0,"WW vs. BW","WW"
"LOC111106867",362.311468605193,-24.1444460342851,4.80195568454926,9.12927977448758e-08,5.27002890448587e-05,0.944335098603166,0,0,0,0,0,0.654671827886109,0,0,0,0,0,0,0,0,0,0,1006.9914971992,0,0,0,0,2550.52469972795,0,0,0,3445.39272070885,4933.84629785192,1033.10877784946,1648.41135287352,0,0,0,0,0,0,0,0,0,0,0,0,3599.57548392012,0,191.650343739024,0,0,0,0,484.848925999284,0,0,0,0,0.987749318529613,0,0,0,0,592.208717455102,1348.96738579147,0,429.235491494902,2.91889375613318,0,2026.03363996237,0,0,0,0,1974.11539731319,0,0,0,0,166.279101421671,1848.2381601496,1304.06238097241,0,0,0,0,0,0,0,0,0,2028.19957142791,1530.17667787943,0,1547.59430654444,0,0,"WW vs. BW","WW"
"LOC144627767",18.5572592928454,-21.3836093504903,2.96131274352093,2.30539997894816e-13,4.38398094307521e-10,0,0,107.355106675886,0,0,0,0,172.313271623962,0,0,0,0,0,0,0,0,0.7513154905426,0,0,0,61.5680076574241,1.05955076358023,11.3566962511078,0,0,0,0,0,91.6379486160032,0,0,0,0,10.010992636269,6.93166685564369,2.26139321539137,0,4.31261796320295,97.7782614975958,0,0,3.89772960604083,0,0,0,0,9.30424434187056,9.25627355699891,74.2921191390272,0,26.9934932991769,0,0,21.0277468972331,0,0,0,0,0,58.8936846087946,0,0,0,2.91889375613318,7.68371130784006,126.043567463097,0,0,0,95.8435666288218,13.5631425442335,0,71.9361236081184,115.916209344433,94.3548322911199,0,96.2624041744584,116.940376554591,2.26708236289698,0,0,0,0,0,209.940294154445,0,0,0,0,1.15278934868647,0,0,0,"WW vs. BW","WW"
"LOC111107493",3100.11294705785,-10.9017582254753,2.06311915934331,2.49054017904326e-08,1.74856114137856e-05,1.88867019720633,28.0735178654867,80.75384130487,67.3524309644281,1726.12118570828,9.29953770962662,5.89204645097498,0,29.7876489715611,0,42.3676667568026,963.330377157603,128.925912650791,9.28028277903752,1.00184693318418,4.29105209485974,28.5499886406188,0,8.21931850748048,281.488125834479,115.261037591224,74.1685534506158,17.0350443766617,522.641236585211,6.54124006089734,896.661069000958,1.04500840785831,15.2153977113032,1.09092795971432,15702.6830836072,15.8883960823273,0,9234.60639541568,114.125316053467,4561.9032493705,19.5987412000586,2.1056993584784,99.1902131536678,21.9158172322197,3.07315010566514,0,122.778482590286,10.8467621125445,5.93913848276736,0,3.02853171879654,6.97818325640292,24.6833961519971,3.40789537334987,46448.9468933513,0,9.23317654931729,0,5.73484006288177,840.574670068701,21438.4317371835,12.3051721195869,0,0,19.6312282029315,2.50504621316894,68.7619563087065,0,20.4322562929323,0,67.6900640079593,26.7556811614306,3092.09797292357,48.2762161090112,9083.09480941345,1.35631425442335,2080.65665002272,7.19361236081184,322.909440316634,142.880174612267,21.0620195134117,17.2259039049031,9.74503137954926,27.2049883547637,57.3900575714082,81.3026476309685,45.0555412008783,2.7618790696742,52422.9791561817,0,0,187.785989607737,4.64331403715181,4.24754109057442,8067.21986210789,237.66626850504,6.50610827890885,108359.204439473,"WW vs. BW","WW"
"LOC111107498",2044.96191992705,-8.86864437530543,2.81192875511579,3.09866199686134e-06,0.00131957283102405,0,33.0866460557522,47.5022595911,6.12294826949346,17194.1555752535,9.29953770962662,22.9135139760138,0,33.097387746179,0,18.1575714672011,218.552926976284,69.1797580077417,1.32575468271965,0,1.07276302371494,4.5078929432556,0,0.913257611942276,118.521316140833,34.363539157632,22.2505660351847,2.83917406277694,456.062735109388,8.91987281031455,236.727455327775,4.18003363143324,1.01435984742021,15.2729914360005,4190.92936993224,1.13488543445195,0,12060.2533330091,14.0153896907766,10836.7946704419,8.2917751231017,0,50.6732610676346,13.4866567582891,5.12191684277524,0,84.775618931388,3.87384361162303,5.93913848276736,0,6.05706343759309,3.48909162820146,3.08542451899964,0.681579074669974,15165.6966008997,0,17.3122060299699,0,19.1161335429392,405.964969915671,11744.3043399847,7.910467791163,0,0.969564835012302,35.9905850387078,15.0302772790136,3.61905033203718,3.05143714332869,3.89185834151091,0,25.6755415202604,10.7022724645722,367.377976981018,12.7789983817971,11991.9470565982,0.678157127211675,37823.8422701898,5.39520927060888,125.575893456469,5.39170470234971,6.65116405686685,2.0265769299886,23.0337105334801,66.8789297054608,28.6950287857041,33.1985811159788,8.00987399126726,0,22420.0874410922,1.6337766082058,2.47762215354032,192.834000081063,6.50063965201253,12.7426232717233,11969.4118074116,169.129949215214,7.59045965872699,31589.690942268,"WW vs. BW","WW"
"LOC144627840",35.8235561937804,-33.2667073648625,8.69698904394064,5.71563770924102e-07,0.000280800527990406,0,0,0,0,0,0,0,0,0,0,0,0,0,0,0,0,0,0,0,0,0,0,359.628714618413,0,0,0,0,346.911067817713,0,218.04934984213,0,0,0,0,0,0,0,0,0,0,0,0,0,0,0,387.652060005958,0,0,0,0,0,0,0,323.062656875673,0,0,0,0,665.121476818439,0,0,0,0,402.807338346379,0,0,0,0,0,284.655392887601,0,0,0,0,0,0,0,0,0,0,0,0,0,0,0,0,0,0,0,0,0,0,343.702668809268,"WW vs. BW","WW"
"LOC144627886",1387.30260441549,-1.61624879050005,1.77429868291561,0.000114903169613716,0.0284270441624334,844.23557815123,98.2573125292034,7062.63595600475,257.163827318725,132.956420868354,949.715288595619,454.34224855296,360.103783214147,296.773243457405,716.533451032509,366.177691255223,1995.62162933199,414.030369894818,465.339893634596,204.376774369573,223.134708932706,553.719516529896,473.981999556579,334.252285970873,85.187195976224,365.828510615625,137.741599265429,298.113276591579,904.357978379931,1311.81596130359,1126.68869068738,225.721816097395,10404.2889549891,4374.62111845444,1849.767929522,542.475237668033,257.186121757713,335.378441725401,77.0846432992714,934.042108797987,265.336803939255,76.8580265844617,45.2824886136309,193.027774853012,581.849753339267,4386.17946401854,194.886480302041,137.90883257378,332.591755034972,532.155323391853,555.2308151127,59.3145576794248,273.574307351301,811.760677931939,845.861979124292,90.6981374852343,225.058678389609,240.326862204899,100.359701100431,159.027640283268,222.702926692404,283.897899616183,562.708516555906,207.486874692633,419.890158784925,921.857006446171,1154.47705591986,975.442740150737,299.67309229634,179.606751820761,6658.13474423117,3588.47195737107,218.526555273192,251.320301508676,176.352162597032,460.468689376728,53.3948150075564,11055.6829970227,8112.75469923715,806.059853001282,98.6589335101916,7321.00915958381,528.003518382851,3795.09587548954,5999.23998371462,90.1104344576568,5390.64519612286,5656.32833469276,509.768354554435,432.133912870434,8203.40695037201,2352.37288057004,901.731586014881,78.5795101756268,176.376770349029,18.7922165794682,196.267599747084,1120.76957220413,"WW vs. BW","WW"
"LOC111133694",3680.38538597186,-7.23749562138479,3.53240422476207,1.34014457164049e-05,0.00476889527911028,12.2763562818412,145.380717517699,1680.62994433312,14.8700172259127,10612.234670875,51.1474574029464,342.393365984435,0,8.82597006564773,6.98570216884062,14.1225555856009,361.779359703461,4740.90977983357,2.65150936543929,12.0221631982102,0,16.5289407919372,0,14.6121217910764,69.4460836762696,31.499910894496,23.310116798765,6.62473947981287,52518.2316058205,2.37863274941721,200.995009240563,12.5401008942997,0,2618.22710331438,7916.54768709132,14.7535106478754,3.71387901455181,20711.0115441586,5918.49884656224,3928.52219043606,15.0759547692758,3.1585490377176,47.4387975952324,8.42916047393067,0,164.668853597966,3558.62713031528,13.1710682795183,5.93913848276736,0,147.388543648099,244.236413974102,3.08542451899964,19.0842140907593,20958.6967556963,0,17.3122060299699,0,19.1161335429392,1100.35274084199,37271.6273121015,3.51576346273911,2172.118697178,0,19.6312282029315,32.5656007711962,37.0952659033811,4.06858285777158,19.4592917075545,10.5651030482801,26.8426115893632,12.8427269574867,3784.62657320962,26.9778854726827,8611.54446159964,9.49419978096345,13519.9153869677,2.69760463530444,133.165645258783,3136.62421059194,104.201570224247,1.0132884649943,8.85911943595387,17.0031177217273,18.8001912733923,58.2668974688608,70.0863974235885,3.68250542623227,41779.4047194572,0,4.95524430708064,78.7489633838897,3.71465122972145,4.24754109057442,46428.5910183474,92.8556583926666,2.16870275963628,46424.4104798804,"WW vs. BW","WW"
"LOC144618695",24.1860510323358,-32.7133320319203,6.77283651116561,7.11524487513395e-08,4.40077895527035e-05,0,0,0,0,0,0,0,0,0,0,0,0,0,0,0,0,0,0,0,0,186.13583710384,0,0,0,0,0,0,0,0,0,0,0,0,0,215.74813088191,0,0,166.035791583313,0,119.852854120941,0,242.633667976042,0,0,0,0,0,0,0,0,83.1399593614648,131.572765827771,0,0,0,0,0,0,0,139.599844998624,0,0,0,0,218.985772273442,0,0,0,0,179.227469595897,0,0,5.39520927060888,367.067996257371,0,0,0,0,0,0,191.738743996367,0,0,0,0,0,0,0,0,0,0,2.16870275963628,0,"WW vs. BW","WW"
"LOC144618830",91.6682276903625,2.74785397956048,1.73082576346271,2.89651004066545e-05,0.00885207545016076,7.55468078882533,626.641023783185,138.706598006012,57.7306551123669,60.1194250882991,49.9850151892431,13.7481083856083,36.1135599211896,1384.57405404849,16.9652766957558,22.1925873488014,23.3406038518362,46.1198386718278,55.6816966742251,99.1828463852338,50.4198621146019,48.0841913947264,12.3341040776805,9.13257611942276,16.6670600823047,64.4316359205601,40.2629290160486,92.7463527173801,49.9338761068673,5.94658187354303,496.904328400282,354.257850263967,17.2441174061436,6.54556775828594,46.9484246071573,52.2047299847898,29.7110321164144,72.4239159872128,362.397933432938,57.1862515590604,34.6746959693344,321.119152167956,48.5169520860332,125.594491061567,34.8290345308716,44.9096873448997,1.94886480302041,8.52245594557066,214.551377689971,26.9799027593772,8.07608458345745,557.0916299695,7.19932387766582,55.2079050482679,47.22554474019,86.379178557366,25.3912355106225,8.31900676863113,44.9229138259072,115.566670267965,52.4006886335068,91.4098500312168,42.5488481327717,45.5695472455782,9.81561410146577,66.383724648977,168.285840439729,28.4800800044011,8.75668126839954,27.8534534909202,56.0193633169319,80.2670434842917,118.236590292741,13.4889427363414,40.2542979841052,692.39842688312,30.7600564717445,17.9840309020296,18.6293907874981,5.39170470234971,32.1472929415231,18.2391923698974,9.74503137954926,39.6739413506971,23.7476100295482,143.634677481378,49.060478196512,5.5237581393484,33.480548710143,9.80265964923479,0,38.3648795972796,58.5057568681128,48.8467225416058,2.30557869737293,29.8464616262143,13.0122165578177,12.8087951109044,"WW vs. BW","BW"
"LOC144619248",5.40799761611651,16.9933108647379,2.60087007978116,3.68401589765897e-11,3.68075696051873e-08,0,4.01050255221238,0,0,0,0,0,2.06363199549655,1.10324625820597,0,0,28.6452865454353,0,15.9090561926357,0,0,0,0,0,0,0,0,102.21026625997,0,2.37863274941721,2.2332778804507,5.22504203929155,0,0,6.25978994762097,0,1.8569395072759,31.197994579107,0,0,6.03038190771033,0,0,1.68583209478613,0,0,3.89772960604083,5.42338105627224,0,1.86068294892256,0,0,2.05694967933309,0,0,0,10.387323617982,0,0,0,0,0,0,0,0,0,0,3.05143714332869,0,1.92092782696001,16.3389809674385,8.56181797165778,0,115.720929790718,0,35.2641706150071,12.7683253278939,0,0,16.1751141070491,15.519382799356,0,0,11.3354118144849,3.9579350049247,1.35504412718281,0,0,0,16.337766082058,0,8.07681675732202,0,2.12377054528721,0,0,0,0,"WW vs. BW","BW"
"LOC111132320",43.0315982939728,5.54280656723415,7.5496483099358,0.000225251263180453,0.046810816509109,0,2.00525127610619,304.01446138304,0,0,0,0,0,0,0,0,0,0,0,0,1.07276302371494,0,0,0,0,1.431814131568,19.0719137444441,19.8742184394386,0,18.4344038079834,1.11663894022535,0,0,0,0,0,0,0,0,0,289.458331570096,0,0,0,0,0,0,0,902.749049380639,499.593371785708,12.1141268751862,0,0,0,1.049456549782,0,0,1.84866817080692,0,0.987749318529613,0,0,0,11.6347780201476,0,0,1578.81070735122,0,16.5403979514214,0,306.939428174022,0,0,0,6.70904966401753,0,0,0,0,0,0,0,0,0,0,5.42017650873124,0,0,0,0,0,0,0,1.06188527264361,0,0,0,0,"WW vs. BW","BW"
"LOC111133447",8.69070709201058,-21.5963367704651,3.04883703105654,6.16323167558005e-13,9.41778054332606e-10,0,0,18.050858644618,0,41.6211404457455,1.16244221370333,18.3308111808111,0,0,0,0,7.42655577103879,30.397166397341,0,0,0,1.5026309810852,0,0,0,0,0,0,17.7542670602195,0,0,0,0,8.72742367771459,23.9958614658804,0,0,44.5685636844386,1.0010992636269,8.66458356955461,0.753797738463791,0,0,0,0,2.13855654023332,15.5909184241633,0,0,0,2.01902114586436,9.30424434187056,0,1.36315814933995,17.840761346294,0,0,0,0,24.6937329632403,36.0254734355359,0,70.2055994190733,0,0,0,0,0,0,14.4069587022001,0,0,13.7238899446932,0,119.804458286027,0,21.4740016878216,0,0,17.5230402826366,0,0,0,0,0,0,0,0,17.2802832052351,0,0,0,0,0,74.9313076646202,0,0,125.953151923893,"WW vs. BW","WW"
"LOC111102115",9.04187703877078,4.1977084428715,3.25427919089822,4.65251872627763e-05,0.0132811515332433,0,23.0603896752212,0,2.62412068692577,9.24914232127678,0,0,0,18.7551863895014,0,0,9.54842884847844,9.43360336469205,10.6060374617572,9.01662239865762,33.255653735163,0,3.52402973648014,30.1375011940951,8.33353004115235,0,12.7146091629627,17.9814357309206,0,27.354276618298,53.5986691308169,11.4950924864414,0,1.09092795971432,23.9958614658804,2.2697708689039,1.8569395072759,16.7132113816645,22.0241837997918,40.7235427769067,48.2430552616826,24.2155426225016,16.1723173620111,0,6.14630021133029,10.6927827011666,3.89772960604083,3.09907488929842,52.7098540345604,0,0,13.9563665128058,21.5979716329974,2.7263162986799,9.445108948038,0,5.77073534332331,14.7893453664553,0.955806677146961,3.95099727411845,0,0,1.06372120331929,26.1782505453321,1.09062378905175,1.25252310658447,0,0,4.86482292688863,0,0,1.07022724645722,0,0,7.66748533030575,46.7928417776056,29.5992996237541,0,0,0,8.86821874248914,2.0265769299886,18.6041508155031,4.53416472579395,6.92638625861823,0.677522063591404,8.00987399126726,5.5237581393484,0,0,0,27.2592565559618,0,0,1.15278934868647,0,0,0,"WW vs. BW","BW"
"LOC111101447",246.853481150435,4.58833581316375,1.0657334830215,5.72907879412231e-07,0.000280800527990406,74.6024727896501,49.1286562646017,39.901898056524,20.1182585997642,117.926564596279,11.6244221370333,11.1294210740639,15.4772399662241,25.3746639387372,11.9754894322982,801.95940646805,126.251448107659,53.4570857332549,42.4241498470287,85.1569893206553,27.8918386165883,23.2907802068206,31.7162676283213,8378.22533195844,19.4449034293555,62.2839147232081,167.409020645676,44.4803936501721,165.336611998294,79.6841971054767,52.4820301905916,90.9157314836729,16.2297575587234,57.8191818648592,210.746261569906,6.80931260671171,19.497864826397,79.1092005398786,110.120918998959,34.6583342782184,90.455728615655,20.0041439055448,28.0320167608192,14.3295728056821,48.1460183220873,33.1476263736164,61.3892412951431,51.9095043957485,89.8294695518564,41.8653663507577,198.87358286764,61.6406187648924,57.5945910213265,48.3921143015682,48.275001289972,15.1163562475391,6151.60387598264,32.3516929891211,42.0554937944663,137.297155275616,39.3005164751301,18.4577581793803,399.959172448054,258.873810948285,20.7218519919833,17.5353234921826,9.04762583009296,16.2743314310863,108.972033562305,38.4185565392003,60.6876435933428,51.3709078299467,21.1136768379895,330.124124863091,56.5477043110049,140.378525332817,71.9669245754022,4.4960077255074,27.5990974629602,41.7857114432103,63.1860585402351,37.4916732047891,208.189306744916,30.6056118991092,1462.45698431968,210.031839713335,52.0641809432372,12.8887689918129,10.8001770032719,6.53510643282319,39.6419544566452,63.6049319639109,12.0726164965947,14.8663938170105,253.613656711022,69.6417437945,203.858059405811,35.2241865549871,"WW vs. BW","BW"
"LOC111129538",2.5325729633988,18.1294996616395,3.16947256465076,5.26598029546617e-09,4.41272161726854e-06,0,0,117.805603785928,0,0,0,0,0,0,2.99387235807455,0,0,4.1927126065298,0,2.00369386636836,6.43657814228961,3.0052619621704,0,1.82651522388455,0,0,0,10.4103048968488,0,0,0,0,0,0,0,0,0,0,0,3.46583342782184,0,0,0,0,6.14630021133029,4.27711308046664,0,5.42338105627224,0,0,0,0,0,0,0,0,0,0,0,0.987749318529613,0,0,0,1.9391296700246,3.27187136715526,0,0,0,0,0,3.50121020730824,0,0,0,0,0,0,0,0,0,17.7364374849783,4.0531538599772,21.2618866462893,0,0,1.35504412718281,2.00246849781681,0,0,0,0,0,0,0,9.22231478949172,2.21084900934921,0,0,"WW vs. BW","BW"
"LOC111130533",173.766141708327,-1.22471407227036,0.740349403318346,1.25763002320862e-05,0.00460571509120172,273.857178594918,74.1942972159291,121.605784553216,225.674379075616,94.803708793087,60.446995112573,111.948882568525,173.34508762171,22.0649251641193,104.785532532609,183.593222612811,176.115465427491,159.323079048132,151.13603383004,108.199468783891,120.149458656073,323.81697642386,103.958877226164,92.2390188061699,147.225697393691,186.851744169624,209.791051188885,153.315399389955,214.160846413898,290.1931954289,65.8816974732958,234.081883360261,289.092556514761,254.186214613437,254.564791203253,228.111972324842,114.201779697468,112.535623303208,84.0923381446597,104.841461191611,176.388670800527,135.817608621857,121.831457460483,218.315256274804,106.535870329725,122.967001063416,98.4176725525309,336.249625488879,279.139508690066,168.391806877492,148.398054221031,101.183657217842,124.445455599652,190.160561832923,303.292942886998,59.3856852581891,122.339589278454,265.283882510793,93.6690543604022,91.860686623254,391.367643231504,121.293839464499,106.372120331929,130.891252726661,101.428012381813,80.1614788214061,154.71440169459,149.520420023106,149.83654614817,266.048504033962,172.726370227207,98.4609066740645,221.69360679889,219.372805554183,203.188361253102,165.470339039649,268.134831885773,235.590804816588,195.953591987017,514.907799074397,98.6589335101916,131.727500449259,117.826288498187,222.174071563904,142.485660177289,138.214500972647,160.197479825345,142.6970852665,259.204248078526,153.575001171345,115.209430139625,222.112460826356,154.15802603344,255.914350707109,122.195670960765,114.964148486159,307.955791868352,465.38622236286,"WW vs. BW","WW"
"LOC111131288",466.498984538723,-6.51714792185743,3.7079044634318,2.0567665660056e-05,0.00659612655371943,7.55468078882533,12.0315076566371,1383.26579929283,3.49882758256769,6.93685674095759,4518.41288466483,3137.18739923023,10.3181599774827,0,43.9101279184267,0,381.937153939138,49.2643731267251,0,0,0,3075.13430279086,5.28604460472022,1.82651522388455,0,0,0,0,922.11224544015,1.78397456206291,8.93311152180282,44.9353615379073,0,45.8189743080016,29.2123530888979,0,1.8569395072759,472.426775055049,542.59580088578,34.6583342782184,0,0,0,0,0,476.89810847203,42.8750256664491,0,4.45435386207552,4.65170737230641,61.5801449488631,20.9345497692088,0,5.45263259735979,11.544022047602,0,0,0,0,15.8039890964738,9.82512911878252,3.51576346273911,1658.34135597478,0,4.36249515620701,0,2796.62114408173,1.0171457144429,1.94592917075545,72.9952574244806,0,2.14045449291445,1109.52371783635,0,9.58435666288218,56.9651986857807,13.9290821758843,0,2.75990974629602,202.188926338114,9.97674608530028,10.132884649943,3.54364777438155,18.1366589031758,0,1.35504412718281,8.00987399126726,1.84125271311613,14349.1151665471,20.4222076025725,2.47762215354032,6.05761256799152,3.71465122972145,2.12377054528721,110.667777473901,0,4.33740551927257,7501.68433661967,"WW vs. BW","WW"
"LOC111127855",7738.45576869674,-9.1676885149614,2.26082257217631,7.51343335470734e-07,0.000361437885657838,152.982285973713,134.351835499115,235.611207571856,97.0924654162535,47481.6282490645,70.908975035903,1.30934365577222,0,58.4720516849162,0.997957452691516,56.4902223424035,100.788971178384,861.602440641874,0,1.00184693318418,20.3824974505838,55.5973463001524,0.881007434120036,33.7905316418642,712.979792409701,327.169529063288,72.0494519234554,12.3030876053668,1977.38149383195,30.9222257424238,686.732948238592,152.571227547313,33.4738749648671,823.650609584315,9496.10135054101,11.3488543445195,11.1416370436554,32054.8252159404,94.1033307809287,9541.43942679353,14.322157030812,0,69.0018874112472,227.587332796128,7.17068357988534,110.135661822016,557.375333663838,24.7925991143874,51.2250694138685,15.8158050658418,9.08559515638963,4.65212217093528,32.9111948693294,8.86052797070966,60933.5461934425,0,18.4663530986346,0,59.2600139831116,2414.05933448638,162632.087260167,14.9419947166412,0,7.75651868009841,73.0717938664674,23.7979390251049,77.8095821387994,19.325768574415,69.0804855618186,0,478.498728332126,39.5984081189172,7636.81691230082,90.872877381668,22845.272541646,5.4252570176934,47135.4337047684,11.6896200863192,276.680952066176,64.7004564281965,46.558148398068,45.5979809247435,61.1279241080817,90.6832945158791,135.559273918671,372.637134975272,78.0962714148558,9.20626356558067,73994.1726848167,3.2675532164116,2.47762215354032,151.440314199788,20.4305817634679,12.7426232717233,112853.46607901,156.970279663794,14.0965679376358,120164.643933357,"WW vs. BW","WW"
"LOC111129282",11.3011166224779,-16.8061920668581,3.70723694536973,4.89913093449109e-07,0.000249538675069167,3.77734039441266,0,1.900090383644,0,0,0,0,0,0,0,0,31.8280961615948,0,0,0,0,0.7513154905426,0,0,0,0,0,17.0350443766617,35.508534120439,0,60.298502772169,6.27005044714986,0,0,6.25978994762097,0,0,45.6827777765496,0,0,3.01519095385517,0,0,0,0,0,0,4.64861233394763,0,9.30341474461282,0,0,0,0,0,0,0,0,0,0,0,0,0,0,4.36249515620701,0,0,0,107.999068976928,0,0,0,19.0023091541906,4.25966612726569,0,0,0,0,0,0,1.10852734281114,0,503.19798396218,0,0,2.71008825436562,168.207353816612,0,0,0,0,0,2.78598842229108,0,4.61115739474586,2.21084900934921,0,4.26959837030146,"WW vs. BW","WW"
"LOC111127840",134.320975109466,-4.78018981803782,0.888519427006752,1.60522140023602e-08,1.15830100872031e-05,20.7753721692697,24.0630153132743,25.651220179194,21.8676723910481,23.122855803192,17.4366332055499,16.3667956971527,0,13.2389550984716,15.9673192430643,29.2538651416018,18.0359211582371,4.1927126065298,23.8635842889536,22.040632530052,19.3097344268688,31.5552506027892,19.3821635506408,29.2242435821528,17.593007864655,18.613583710384,21.1910152716045,11.3566962511078,26.6314005903292,9.51453099766885,25.6826956251831,4.18003363143324,22.3159166432447,4.3637118388573,18.7793698428629,5.67442717225976,12.9985765509313,6.68528455266579,70.0769484538831,117.838336545943,34.6746959693344,27.3740916602192,12.9378538896088,3.37166418957227,16.3901338968808,29.9397915632665,9.74432401510207,8.52245594557066,24.4989462414154,10.2337562190741,6.05706343759309,6.97818325640292,52.4522168229938,12.9500024187295,2945.82453523807,22.6745343713086,9.23317654931729,19.4110157934726,3.82322670858784,20.7427356891219,24.5628227969563,13.1841129852717,5.31860601659647,48.4782417506151,3541.25544305104,160.322957642812,12.6666761621301,11.1886028588719,14.5944687806659,30.7348452313602,25.6755415202604,32.1068173937167,14.7795737865927,10.6491653181642,42.1711693166816,11.5286711625985,106.209251591118,14.3872247216237,38.6387364481443,4.04377852676228,27.7131835702785,6.07973078996579,32.7787419130293,15.8695765402788,20.7791587758547,9.48530889027966,20.0246849781681,17.4919007746033,5.40008850163597,15.5208777779551,14.8657329212419,19.1824397986398,3769.44233535984,38.2278698151698,180.987927743775,12.1596695514206,56.3862717505434,20.280592258932,"WW vs. BW","WW"
"LOC111107831",293.60880752839,-3.04019562314182,0.802418619271267,1.44779761356335e-06,0.000648438596681642,131.26257870584,143.375466241593,20.900994220084,98.8418792075373,61.2755678784587,162.741909918466,185.272127291769,66.0362238558895,77.2272380744176,59.877447161491,182.584468642411,152.774861575655,103.769637011613,112.68914803117,297.548539155702,105.130776324064,253.193320312856,112.768951567365,45.6628805971138,70.3720314586198,265.601521405864,307.269721438266,82.3360478205313,88.7713353010975,153.42181233741,323.825292665352,352.16783344825,99.407265047181,226.913015620579,136.672080523058,93.06060562506,143.912811813882,608.360894292587,161.176981443931,183.689171674558,139.452581615801,436.932616884269,136.925620331694,150.881972483359,236.632558136216,36.3554611839664,113.034158575184,196.016486748125,617.670402207806,164.670440979647,85.8083986992354,137.237604042591,164.555974346647,346.242169932347,4957.63274117017,375.749426724542,297.769943715483,276.375891535634,146.238421603485,163.966386875916,65.5008607918834,275.98743182502,118.073053568442,125.073863716587,284.652808942507,296.84797626052,142.952488115469,113.920320017604,224.754819222255,102.769638742361,43.1815925568016,211.90499479853,193.190143067604,0,76.6748533030575,248.205508559473,200.230556278337,324.611757781634,171.804381706927,222.407818971926,364.705495784866,189.484942953934,163.007797621551,320.792154349922,208.781071509778,212.741927967701,141.174029096085,246.727863557562,266.764371980817,216.475400587268,132.552785214407,234.227685962339,5600.76539161251,81.7651659935576,179.835138395089,57.4820742430793,175.664923530539,219.884316070525,"WW vs. BW","WW"
"LOC111121709",601.594160051216,-1.0908798656004,0.476318322611527,2.70008631685662e-06,0.00116900237088307,551.491697584249,752.971854177875,508.27417762477,467.093482272787,431.24126072953,538.210744944641,529.629508759862,380.740103169113,361.864772691557,496.982811440375,377.273984929623,565.479175137668,382.585025345844,495.832251337147,382.705528476357,312.174039901046,554.470832020439,470.457969820099,467.587897314445,511.123175857344,889.156575703729,483.155148192583,504.426591820037,432.76025959285,487.025055443174,357.324460872113,560.124506612054,676.578018229283,529.100060461447,714.659352353394,527.721727020157,623.931674444703,587.190826542479,410.450698087029,587.458766015802,442.479272478245,688.563690222438,907.80608125422,579.92624060643,363.656095837042,747.425510811545,1056.28472323706,595.022378745297,851.523979966771,393.534443697122,497.688712455565,647.808012302738,316.770250617296,389.863230711225,855.30708807233,1269.77392479328,753.658035838024,507.459412886499,994.038944232839,402.013972641553,535.469536973647,583.616734814692,610.575970705274,787.286646029989,454.790120034581,291.837883834182,757.28628197878,325.486628621727,734.588261960184,543.622575029684,533.351021579955,361.736809302541,422.273536759791,625.460976353512,589.437934767254,346.538292005166,355.771973909045,1730.06377277525,696.877210939745,595.783369609643,645.162913516085,835.962983620297,473.076977879937,739.068850304414,647.122373305189,492.558540230951,826.018255349436,631.549680598834,729.011947720856,706.608383049008,459.59890948173,559.31956044455,2134.9957942824,444.929929237671,703.201502698744,478.648810524103,543.260041288889,846.447876912265,"WW vs. BW","WW"
"LOC111119936",23.7030872902763,-19.2753435736696,2.85649318510399,7.73102986031375e-12,9.12858921278956e-09,0,0,0,0,4.62457116063839,2.32488442740666,0,0,0,0,0,109.276463488142,0,0,0,0,3.0052619621704,0,0,0,0,11.6550583993825,14.1958703138847,139.814853099229,0,483.504661117578,0,0,0,25.0391597904839,4.5395417378078,0,0,0,0,8.2917751231017,0,0,0,0,0,0,4.64861233394763,0,0,0,2.32606108546764,0,1.36315814933995,0,0,2.30829413732932,0,3.82322670858784,0,3.27504303959417,0,0,0,0,0,0,4.06858285777158,225.727783807633,3.84185565392003,0,2.14045449291445,3.16705152569843,0,0,8.1378855265401,0,0,0,0,25.4961288846563,0,780.488422307536,4.53416472579395,0,1.35504412718281,291.359166432347,0,0,0,0,8.07681675732202,0,0,4.61115739474586,4.42169801869841,8.67481103854514,4.26959837030146,"WW vs. BW","WW"
"LOC111119937",14.1171982868622,-17.6461836532352,4.12482737419712,8.15603916512738e-07,0.000385217144350025,0,0,0,0,9.24914232127678,0,0,0,0,0,0,56.2296365521508,0,0,0,0,3.0052619621704,0,0,0,0,3.17865229074068,0,58.8110096369771,0,273.576540355211,0,0,0,21.9092648166734,0,0,0,0,0,13.5683592923482,0,2.15630898160147,0,0,0,0,13.9458370018429,0,0,0,2.32606108546764,0,0,0,0,0,0,0,0,0,0,8.50976962655434,0,0,0,0,8.13716571554317,85.62088351324,0,0,0,3.16705152569843,0,0,13.5631425442335,0,0,0,0,4.43410937124457,0,533.318990044423,0,3.9579350049247,0,169.208588065521,0,0,0,0,12.115225135983,0,0,0,0,6.50610827890885,6.4043975554522,"WW vs. BW","WW"
"LOC111122015",313.305483552371,1.32309663381631,1.5704179594365,0.000134098666065881,0.0319585417283797,989.663183336118,59.1549126451326,342.966314247742,39.3618103038865,101.740565534045,40.6854774796165,159.739926004211,604.644174680488,116.944103369832,134.724256113355,65.5690080760041,1082.15526949422,150.937653835073,121.969430810207,126.232713581207,62.2202553754662,162.284145957202,910.961686880117,5503.29036956415,50.0011802469141,55.1248440653681,123.967439338886,81.3896564662724,684.648923509714,23.7863274941721,2047.9158163733,95.0957651151062,83.1775074884576,168.002905796006,138.758677172265,401.749443795991,108.63096117564,268.525596198743,229.25173137056,155.962504251983,226.139321539137,64.2238304335913,278.16385862659,119.694078729815,98.3408033812846,201.024314781932,114.983023378204,94.5217841236018,70.5272694828625,515.40917685155,254.39666437891,224.464894747627,160.442074987981,96.7842286031363,69.264132285612,152.243302207358,111.952265660472,169.153137628833,113.740994580488,42.4732206967734,201.415146935042,77.3467961802604,0,68.8391032858734,106.881131327072,318.140869072456,100.428646714032,120.023194304262,215.998137953855,97.0068552614807,169.225160019898,144.480678271725,89.7331265614555,85.9032668998581,73.7995463041928,58.9996700674158,149.737633390756,73.7345266983214,128.335803202765,122.661281978456,274.914781017163,78.023211804561,3981.28827451767,63.4783061611153,101.916826376811,47.4265444513983,1876.31298245436,223.71220464361,88.5614514268299,178.898538598535,261.389137198504,128.219466022487,133.727444269972,112.559838900222,209.807661460937,57.4820742430793,80.2420021065425,167.581736034332,"WW vs. BW","BW"
"LOC111117978",82.7957923023608,3.30951334048869,1.8041779172674,1.98880029473571e-05,0.00653390730712589,11.332021183238,18.0472614849557,74.103524962116,41.1112240951704,3.46842837047879,38.3605930522098,18.9854830086972,39.2090079144344,31.994141487973,8.98161707422365,26.2276032304016,44.5593346262327,45.0716605201953,38.4468857988697,98.1809994520497,34.3284167588779,254.695951293941,1.76201486824007,1213.71936627128,3.70379112940104,11.454513052544,795.72262344875,118.298919282373,115.402735891427,15.4611128712119,52.4820301905916,44.9353615379073,33.4738749648671,91.6379486160032,276.474056019926,20.4279378201351,14.8555160582072,184.95953929042,260.285808542994,43.322917847773,9.0455728615655,9.47564711315282,20.484935325214,35.4024739905088,3.07315010566514,10.6927827011666,16.5653508256735,73.6030286208375,24.4989462414154,20.4675124381482,74.7037823969814,133.748512414389,12.3416980759985,6.81579074669974,31.48369649346,8.6379178557366,27.6995296479519,0,3.82322670858784,13.8284904594146,11.4626506385796,17.5788173136955,54.2497813692839,7.75651868009841,331.549631871733,38.8282163041186,239.762084497463,0,36.9726542443536,32.6557730583202,31.5108918657742,36.3877263795456,49.6171405692754,35.4972177272141,122.679765284892,91.5512121735762,46.4302739196143,11.6896200863192,3.44988718287002,582.304107853769,354.728749699565,38.5049616697834,225.021633673228,150.760977132649,53.4321225664835,2.71008825436562,151.186371585169,0,4.32007080130877,15.5208777779551,17.3433550747823,19.1824397986398,26.0025586080501,28.6709023613773,117.584513566019,25.4247636075159,11.9278651779996,13.8761947034798,"WW vs. BW","BW"
"LOC111121247",359.226443725014,2.53752462139764,2.75598901282394,0.000111305692973789,0.0280717280231079,30.2187231553013,608.593762298229,821.78909092603,12.2458965389869,30.0597125441496,25.5737287014732,3.27335913943055,0,2668.75269860023,33.9305533915116,6.05252382240037,963.330377157603,35.6380571555033,0,48.0886527928406,6.43657814228961,12.0210478486816,1402.5638351191,397.26706119489,27.7784334705078,2428.35676713933,45.5606828339497,1200.97062855465,41.0567425767576,2.37863274941721,13.3996672827042,8.36006726286648,22.3159166432447,0,16.6927731936559,15.8883960823273,556.153382429133,484.68313006827,968.062987927213,51.9875014173276,24.1215276308413,21.056993584784,10.7815449080074,28.6591456113643,12.2926004226606,264.111732718815,11.6931888181225,18.5944493357905,22.2717693103776,66.054244686751,2.01902114586436,0,1303.07762185751,208.563196849012,47.22554474019,0,2.30829413732932,10.167674939438,20.0719402200862,12.840741140885,0,29.0050485675976,673.335521701112,823.160544925444,1764.62929068574,33.8181238777807,9.04762583009296,878.813897278662,2089.92792939136,0.960463913480007,2224.43555170984,217.256131030816,19.0023091541906,17.0386645090628,1122.3281652235,56.2870415585691,745.786274833805,34.1696587138563,0,86.2672752375954,134.131808480148,1092.32496526385,568.755467788239,1187.95115815802,3.9579350049247,18.9706177805593,14.0172794847177,937.197630976112,7.56012390229036,5.7182181287203,359.255212263347,164.565141430436,26.9312214154805,1209.48732554107,1759.15654609555,8.84339603739682,2.16870275963628,6.4043975554522,"WW vs. BW","BW"
"LOC111121246",170.057809975562,5.54423632681762,2.65797624921864,1.25882808436433e-05,0.00460571509120172,11.332021183238,585.533372623008,74.103524962116,1.74941379128385,2.3122855803192,9.29953770962662,1.30934365577222,70.1634878468826,873.771036499125,0,8.0700317632005,199.456069279327,19.9153848810165,2.65150936543929,14.0258570645785,0,13.5236788297668,117.173988737965,989.057993733485,16.6670600823047,401.623863904825,19.0719137444441,790.236780806249,8.87713353010975,0.594658187354303,2.2332778804507,0,0,0,0,19.2930523856832,460.520997804424,2494.72535223645,261.286907806621,8.66458356955461,15.0759547692758,0,7.54708143560516,18.5441530426475,21.512050739656,846.868389932394,0,3.87384361162303,2.96956924138368,16.7461465403031,0,3.48909162820146,103.875958806321,308.073741750828,4.197826199128,0,2.30829413732932,1.84866817080692,0,3.95099727411845,0,8.78940865684777,299.969379336041,92.1086593261686,297.740294411128,8.7676617460913,31.6666904053253,905.259685854177,372.645436199669,7.68371130784006,105.036306219247,290.031583789907,6.33410305139686,1.41988870908856,384.332702181576,5.4252570176934,269.875967157758,7.19361236081184,0,48.5253423211474,409.046589497311,170.232462119042,249.827168093899,470.419590301123,1.97896750246235,14.2279633354195,6.00740549345044,526.598275951214,6.48010620196316,0,268.822003659125,35.3360733132839,0,648.811901585243,1019.06578423884,0,7.59045965872699,0,"WW vs. BW","BW"
"LOC144620533",106.250740294832,-6.00726521493353,1.33965949119064,2.79150357042049e-07,0.000151072683851694,76.4911429868564,2.00525127610619,26.601265371016,20.1182585997642,8.09299953111719,63.934321753683,34.0429350500777,0,0,8.98161707422365,5.04376985200031,0,46.1198386718278,19.8863202407947,15.0277039977627,10.7276302371494,42.8249829609282,92.5057805826038,2.73977283582683,35.1860157293099,5.72725652627201,2.11910152716045,57.7298726097978,4.43856676505487,0,11.1663894022535,20.9001681571662,19.2728371009841,10.9092795971432,1194.576581671,6.80931260671171,0,36.7690650396619,0,5.19875014173276,6.78417964617412,55.8010329996777,23.7193987976162,27.8162295639712,6.14630021133029,11.7620609712833,10.7187564166123,20.9187555027643,0.742392310345921,18.6068294892256,7.06657401052527,83.738199076835,1137.4931726712,0,36.73097924237,104.734754000806,728.266800327401,15.7136794518588,21.9835535743801,19.7549863705923,27.8378658365505,41.3102206871845,0,0,56.7124370306911,40.0807394107031,3.61905033203718,15.2571857166434,1.94592917075545,15.3674226156801,1.16707006910275,28.896135654345,17.9466253122911,7.09944354544282,1758.72944763888,3.39078563605838,19.7328664158361,97.1137668709599,16.5594584777761,28.306449687336,21.0620195134117,7.09301925496009,3.54364777438155,12.4689529959334,54.4216063177147,0,2.00246849781681,41.428186045113,2.16003540065439,76.7875005856725,65.6569870688185,28.2688586506271,14.8586049188858,22.2995907255157,11.5278934868647,6.63254702804762,1808.69810153666,1296.89050497907,"WW vs. BW","WW"
"LOC111119242",44.410248732774,5.5834392174516,2.79362228971448,1.42230044445855e-05,0.00499285116833779,0,1.0026256380531,1.900090383644,0.874706895641923,4.62457116063839,8.13709549592329,349.594756091182,0,9.9292163238537,716.533451032509,8.0700317632005,2.12187307743965,2.0963563032649,1.32575468271965,4.00738773273672,4.29105209485974,2.2539464716278,0,722.38677104634,2.77784334705078,0.715907065784001,0,208.206097936976,0,2.97329093677152,2.2332778804507,7.31505885500817,0,3.27278387914297,0,4.5395417378078,2.78540926091385,0,15.0164889544035,0,0.753797738463791,7.36994775467441,7.54708143560516,3.37166418957227,6.14630021133029,5.3463913505833,622.662304565022,3.09907488929842,6.68153079311328,9.30341474461282,1.00951057293218,1.16303054273382,0,391.907967935235,8.395652398256,0,2.30829413732932,0,251.377156089651,0.987749318529613,3.27504303959417,4.39470432842389,0,3.87825934004921,0,1.25252310658447,3.61905033203718,584.858785804665,5.83778751226636,0.960463913480007,3.50121020730824,0,0,1.41988870908856,0.958435666288219,7.45972839932843,0,0.89920154510148,1.37995487314801,6.73963087793714,19.9534921706006,0,0,0,3.9579350049247,3.38761031795702,8.00987399126726,13.809395348371,0,6.53510643282319,0,10.0960209466525,4.64331403715181,1.06188527264361,0,5.52712252337301,3.25305413945443,1.06739959257537,"WW vs. BW","BW"
"LOC144621342",8.81799794004723,-2.12266552634046,2.35770726550368,0.000120477370667643,0.0295249118663525,1.88867019720633,0,16.150768260974,7.87236206077731,0,4.64976885481331,3.92803096731665,7.22271198423791,0,5.9877447161491,0,2.12187307743965,3.14453445489735,11.9317921444768,0,0,59.3539237528654,5.28604460472022,0.913257611942276,0,0,13.7741599265429,10.4103048968488,5.54820845631859,1.18931637470861,0,10.4500840785831,2.02871969484043,5.45463979857162,42.7752313087433,3.40465630335585,0,0,1.0010992636269,0.866458356955461,1.50759547692758,0,1.07815449080074,0.842916047393067,1.02438336855505,3.20783481034998,0,14.7206057241675,5.19674617242144,2.79102442338385,0,5.8151527136691,2.05694967933309,4.08947444801985,10.49456549782,0,11.5414706866466,3.69733634161384,1.91161335429392,0,4.91256455939126,8.78940865684777,0,0,4.36249515620701,5.01009242633788,0,25.4286428610724,34.0537604882204,101.809174828881,7.00242041461648,1.07022724645722,2.11136768379895,5.67955483635425,3.83374266515287,3.39078563605838,2.32151369598072,1.79840309020296,30.3590072092562,1.34792617558743,18.8449648277894,2.0265769299886,3.54364777438155,10.2018706330364,0.989483751231176,4.06513238154843,19.0234507292597,11.9681426352549,98.2816107297746,17.9715426902638,0,18.1728377039746,21.3592445708983,3.18565581793082,0,8.84339603739682,27.1087844954535,13.8761947034798,"WW vs. BW","WW"
"LOC144621477",14.7594395693322,-42.6162422842785,3.47024367392351,2.59784372511358e-36,2.24947288157585e-32,0,0,0,0,0,0,0,0,0,0,0,0,2.0963563032649,0,0,0,0,2.64302230236011,0,0,1.431814131568,0,0,48.8242344156036,0,0,0,0,0,441.315191307278,0,0,28.9695663948851,2.0021985272538,160.29479603676,0,0,0,0,0,0,105.238699363102,0,0,0,190.797498284182,0,9.25627355699891,0,0,0,0,0,3.82322670858784,0,0,0,0,0,0,0,0,0,0,25.9325256639602,0,0,0,0,6.70904966401753,0.678157127211675,4.64302739196143,0,0.689977436574005,4.04377852676228,0,10.132884649943,0,0,0,0,0,0,0,0,0,0,0,0,9.22231478949172,0,4.33740551927257,309.545881846856,"WW vs. BW","WW"
"LOC144621807",25.0136390731029,47.3541815504548,2.61601374921266,2.35788621356285e-75,6.12508101697222e-71,0,71.1864203017698,0,98.8418792075373,0,0,9.16540559040553,31.9862959301965,0,0,0,0,0,0,49.0904997260248,0,0,0,0,70.3720314586198,0,0,0,4.43856676505487,40.4367567400926,142.929784348845,74.19559695794,0,9.81835163742892,0,87.3861784528002,40.8526691600699,0,81.089040353779,0,0,116.866314395551,0,101.149925687168,52.2435517963074,113.343496632366,0,0,0,0,53.5040603654056,83.738199076835,0,0,59.819023337574,0,0,16.6380135372623,0,179.77037597239,65.5008607918834,54.4943336724562,128.710265601634,0,0,0,28.9524026562975,0,0,135.425411800681,0,0,0,13.4889427363414,0,0,88.2175204472672,0,0,8.08755705352457,0,0,0,0,48.4847038103276,0,22.027153475985,39.5869333319969,0,2.4506649123087,0,11.1056230413178,0,76.4557396303396,1.15278934868647,13.2650940560952,0,0,"WW vs. BW","BW"
"LOC111112779",37.710713249899,-2.8342498398241,1.09240105223878,6.6909229250026e-06,0.00271578288785613,57.6044410147931,15.0393845707964,37.051762481058,14.8700172259127,13.8737134819152,22.0864020603632,10.4747492461777,19.6045039572172,16.5486938730895,7.98365962153213,67.5865160168042,20.1577942356767,24.1080974875463,49.0529232606269,13.0240101313943,0,15.026309810852,47.5744014424819,6.39280328359593,91.6688304526758,71.5907065784001,30.7269721438266,24.6061752107335,4.43856676505487,8.32521462296025,4.46655576090141,10.4500840785831,29.4164355751862,10.9092795971432,9.38968492143145,38.5861047713663,32.4964413773283,18.9416395658864,29.0318786451801,6.93166685564369,57.2886281232481,42.1139871695681,8.62523592640589,34.5595579431157,35.8534178994267,20.3162871322165,115.957455779715,96.8460902905756,49.7402847931767,35.3529760295287,32.3043383338298,16.2824275982735,14.3986477553316,33.3973746588287,34.632066142806,60.4654249901562,94.6400596305022,20.3353498788761,19.1161335429392,6.91424522970729,14.7376936781738,7.910467791163,61.695829792519,10.6652131851353,10.9062378905175,27.5555083448584,30.761927822316,11.1886028588719,22.3781854636877,19.2092782696001,61.8547136624456,40.6686353653745,40.1159859921801,61.0552144908082,18.2102776594762,80.7006981381894,48.751787615595,121.3922085887,52.4382851796244,43.1336376187977,22.1705468562228,2.0265769299886,28.3491821950524,35.1397766249031,130.611855162515,12.8729192082367,57.0703521877792,17.4919007746033,16.2002655049079,22.0559842107783,45.836009840496,179.709172850415,26.9312214154805,49.9086078142494,23.0557869737293,13.2650940560952,4.33740551927257,325.556875735487,"WW vs. BW","WW"
"LOC111114163",41.7853013006665,-21.239985336527,3.87156602294944,1.54026246600291e-08,1.14318280226736e-05,0,0,11.400542301864,29.7400344518254,70.5247101997355,0,10.4747492461777,0,0,0,0,0,0,0,0,0,0,0,0,0,1.431814131568,0,1.89278270851796,0,0,0,0,0,5.45463979857162,35.4721430365188,0,0,95.8224119215431,0,116.105419832032,0,0,3.23446347240221,0,0,25.6626784827998,1.94886480302041,0,0,0,2.01902114586436,0,0,0,243.473919549424,0,0,0,0,0,158.839587420317,0,0,0,0,0,0,0,0,0,0,0,86.5660750357571,0,43.1296049829698,0,8.70567635992768,0,0,0,1.10852734281114,0,0,0,0,0,1.00123424890841,0,32.4005310098158,0,0,0,0,0,2643.34597653807,0,6.50610827890885,249.771504662636,"WW vs. BW","WW"
"LOC111115093",10.6048417399716,-18.8920119702747,2.67976566307252,9.51988932648545e-13,1.37387869463396e-09,0,0,9.50045191822,0,6.93685674095759,0,0,0,0,0,0,65.7780654006293,0,0,0,0,1.5026309810852,0,0,0,0,2.11910152716045,3.78556541703592,34.3988924291753,0,183.128786196958,1.04500840785831,0,2.18185591942865,7.30308827222446,0,0,0,2.0021985272538,0,3.01519095385517,0,0,0,0,8.55422616093327,0,9.29722466789526,0,0,0,1.16303054273382,0,0,0,0,0,0,0,0,0,0,0,0,0,0,0,1.0171457144429,32.107831317465,11.5255669617601,0,0,2.11136768379895,0,0,2.7126285088467,0,0,0,0,7.75969139967799,0,437.640500136121,1.13354118144849,0,2.71008825436562,123.151812615734,0,4.32007080130877,0,0,3.02880628399576,0,0,4.61115739474586,0,2.16870275963628,8.53919674060293,"WW vs. BW","WW"
"LOC111110895",14.6698183527862,-16.8440629110363,3.5685194854912,3.14812101634569e-07,0.000166895387023698,23.6083774650792,0,0,0,0,0,0,67.0680398536377,0,0,0,0,0,55.6816966742251,0,0,0,52.8604460472022,0,0,0,16.9528122172836,5.67834812555389,0,0,0,0,0,0,0,7.94419804116366,0,0,0,0,0,0,2.15630898160147,47.2032986540117,0,54.5331917759496,0,66.630110119916,106.904492689813,0,0,9.30424434187056,0,0,0,57.226205794255,0,49.9140406117868,0,0,0,0,0,1.9391296700246,0,131.514926191369,0,0,3.89185834151091,0,0,0,0,0,0,40.6894276327005,0,0,0,16.1751141070491,0,0,0,99.751623967467,67.28489508372,0,0,220.029699217378,0,102.927926316965,28.4926547657137,0,0,0,13.8334721842376,0,14.0965679376358,0,"WW vs. BW","WW"
"LOC144621318",21.1069687861848,44.0667186187532,4.73760863866244,2.08107530159158e-22,1.35150232773611e-18,0,117.307199652212,0,0,0,54.6347840440564,0,0,0,0,0,0,0,0,0,0,0,0,0,0,0,0,0,0,0,58.0652248917183,108.680874417264,0,0,0,155.479304519917,184.765480973952,0,70.0769484538831,0,0,108.443516961638,0,96.0924294028096,66.5849189560781,102.650713931199,0,0,0,0,0,70.944863106763,0,0,90.253263281252,0,0,0.924334085403459,0,0,157.20206590052,71.1942101204669,128.710265601634,0,0,0,0,0,0,91.2440717806007,0,0,0,0,0,0,93.4409262632238,0,0,0,0,0,0,0,0,0,0,136.252700770594,0,0,0,0,0,0,0,0,0,0,"WW vs. BW","BW"
"LOC111114825",172.722196641258,-1.28481112431372,1.82781128655077,0.000219740739496938,0.0460339128218706,6.61034569022216,78.2047997681415,29.451400946482,44.6100516777381,68.2124246194163,30.2234975562865,14.4027802134944,0,65.091529234152,69.8570216884061,15.1313095560009,22.2796673131164,8.3854252130596,29.1666030198322,55.1015813251299,18.2369714031539,93.1631208272824,22.9061932871209,15.5253794030187,1630.59404471881,16.465862513032,14.8337106901232,461.838980878383,35.508534120439,19.0290619953377,55.8319470112676,1.04500840785831,87.2349468781384,537.827484139162,13.5628782198454,22.697708689039,9.28469753637951,35.6548509475509,8.00879410901521,9.53104192651007,27.8905163231603,104.232118244681,17.2504718528118,13.4866567582891,33.8046511623166,2443.30084721657,24.3608100377552,1451.14181691399,449.889740069628,59.541854365522,9.08559515638963,20.9345497692088,34.9681445486625,54.5263259735979,26.23641374455,2.15947946393415,15.0039118926406,36.9733634161384,15.2929068343514,50.3752152450103,6.55008607918834,21.0945807764347,7.44604842323505,21.3304263702706,21.812475781035,8.7676617460913,27.1428774902789,96.6288428720751,23.3511500490654,21.1302060965602,30.3438217966714,34.2472718866311,11.6125222608942,56.7955483635425,433.212921162275,156.654296385897,429.480033756432,2569.91801590003,24.8391877166642,17.5230402826366,23.279074199034,523.870136402052,482.822009259486,284.518836543571,106.864245132967,33.8761031795702,25.0308562227102,12.8887689918129,42.1206903127606,36.7599736846305,8.67167753739113,24.2304502719661,1831.32305625267,29.7327876340209,3.4583680460594,5.52712252337301,20.6026762165447,11.741395518329,"WW vs. BW","WW"
