"Gene","baseMean","log2FoldChange","lfcSE","pvalue","padj","B1_B1_O01","B1_W5_O50","B2_B5_O51","B2_C4_O40","B3_B4_O41","B3_C3_O30","B3_C6_O66","B3_H4_O41","B3_W1_O06","B3_W4_O41","B4_B2_O19","B4_B3_O32","B4_C5_O56","B4_H5_O55","B4_W2_O19","B4_W6_O67","B5_B6_O69","B5_H2_O21","B5_W3_O33","B6_C2_O24","B6_H3_O35","B6_H6_O72","C_W5_W52","C1_C4_W37","C1_H2_W13","C1_H6_W62","C2_B2_W16","C2_C1_W03","C2_H1_W04","C2_W2_W15","C3_B3_W30","C3_C2_W17","C3_W3_W29","C4_B1_W07","C4_B5_W56","C4_C6_W67","C4_H5_W56","C5_B4_W46","C5_C3_W33","C5_W1_W09","C5_W4_W45","C6_B6_W71","C6_C5_W59","C6_H3_W36","C6_H4_W48","C6_W6_W72","H1_B2_B13","H1_B6_B61","H1_C6_B62","H1_W4_B38","H1_W5_B49","H2_B5_B51","H2_C1_B04","H2_H1_B03","H2_W2_B16","H3_B4_B41","H3_C5_B54","H3_H4_B41","H3_H6_B66","H3_W3_B30","H3_W6_B66","H4_H2_B19","H4_W1_B07","H5_B1_B09","H5_B3_B34","H5_C2_B22","H5_C4_B46","H6_C3_B36","H6_H3_B35","W1_C1_G02","W1_C6_G61","W1_H5_G49","W1_W1_G01","W1_W6_G62","W2_B2_G04","W2_B6_G64","W2_C2_G15","W3_B5_G54","W3_C3_G29","W3_H2_G18","W3_H3_G30","W4_C5_G55","W4_H1_G08","W4_W5_G56","W5_B2_G21","W5_C4_G45","W5_H4_G46","W5_W2_G22","W6_B3_G35","W6_B4_G48","W6_H6_G71","W6_W3_G36","W6_W4_G48","pair","DEG_group"
"LOC144619234",20.0861760621826,13.4896743280964,4.85304154873137,1.54110576387453e-05,0.00300587863288215,0,19.0498871230088,0.950045191822,1.74941379128385,17.342141852394,0,0.654671827886109,0,0,0,0,83.8139865588663,35.6380571555033,0,0,0,21.7881492257354,0,0,0,0,1.05955076358023,0.946391354258981,3.32892507379116,0,0,0,0,4.3637118388573,250.391597904839,0,0,17.8274254737755,1.0010992636269,7.79812521259915,0,0,0,0,0,5.3463913505833,0,0,0,0,1.00951057293218,9.30424434187056,0,0,75.560871584304,0,0,0,0,50.3752152450103,58.9507747126951,0,0,0,3.27187136715526,0,0,0,9.72964585377727,0,0,0,23.2250445217885,0,124.596636617468,0,23.2151369598072,0,0,0,0,0,0,0,0,0,0,0,17.2802832052351,0,0,0,0,0,5.76394674343233,0,0,992.68162109509,"HH vs. BH","BH"
"LOC111102792",8.17190354514448,13.401951958453,4.20719659820749,9.01627290366061e-06,0.00184508417469501,1.88867019720633,0,14.25067787733,3.49882758256769,2.3122855803192,0,0,0,0,0,0,45.6202711649526,10.4817815163245,0,4.00738773273672,0,3.0052619621704,0,0,0,0,3.17865229074068,1.89278270851796,44.3856676505487,0,188.711980898085,0,0,0,2.08659664920699,0,0,3.3426422763329,0,0,24.8753253693051,0,0,0,0,0,1.94886480302041,4.64861233394763,0,0,0,10.4672748846044,0,0,2.098913099564,0,0,0,0,0,0,0,0,0,0,0,0,2.03429142888579,35.9996896589759,0,0,0,4.22273536759791,0,0,0,0,0,0,0,6.65116405686685,0,218.820250068061,0,3.9579350049247,0,97.1197221441155,0,4.32007080130877,0,0,1.00960209466525,0,0,2.30557869737293,0,10.8435137981814,0,"HH vs. BH","BH"
"LOC144622059",37.6456569300173,-18.8851261811376,3.10694897126972,5.43312501625277e-10,2.22366228124208e-07,3.77734039441266,71.1864203017698,0.950045191822,0,0,0,0,0,0,0,0,166.567036579013,0,0,0,0,173.553878315341,0,0,0.925947782350261,0,0,0,644.70182262422,0.594658187354303,0,0,0,5.45463979857162,223.265841465148,0,0,13.3705691053316,6.00659558176141,121.304169973765,0.753797738463791,0,1.07815449080074,0,0,0,3.89772960604083,0,0,0,10.0951057293218,0,2.05694967933309,2.7263162986799,0,0,0,0,0,104.701427764139,0,4.39470432842389,49.9948965560068,0,11.9968616795693,0,0,0,0.972964585377727,0,0,7.49159072520056,0,0,2.87530699886466,0,0,0,0,14.8271879314617,94.2248241389471,0,1.77182388719077,0,0,0,0,0,696.61141671104,0,2.47762215354032,2.01920418933051,0,0,401.17069334289,0,0,653.248550656124,"HH vs. BH","HH"
"LOC111105244",30.8340229421068,-6.8156102246316,3.41467261329426,3.37627663926847e-05,0.00585361962333171,1.88867019720633,11.0288820185841,32.301536521948,19.2435517041223,39.3088548654263,0,18.3308111808111,0,0,0,0,43.4983980875129,41.927126065298,3.97726404815894,2.00369386636836,2.14552604742987,12.7723633392242,0,17.3518946269032,0,0.715907065784001,0,1.89278270851796,16.6446253689558,1.78397456206291,10.0497504620282,20.9001681571662,0,118.911147608861,17.7360715182594,0,7.42775802910361,265.18295392241,14.0153896907766,5.19875014173276,0,0,2.15630898160147,3.37166418957227,19.4632840025459,69.5030875575828,13.6420536211429,5.42338105627224,3.7119615517296,0,5.04755286466091,20.9345497692088,0,0,31.48369649346,0,0,0,0,3.95099727411845,117.90154942539,3.51576346273911,1338.16127377567,0,0,0,10.8571509961115,16.2743314310863,0,9.60463913480007,16.3389809674385,0,22.169360679889,40.4668282090241,41.2127336503934,20.3447138163503,19.7328664158361,0,0,28.306449687336,4.43410937124457,2.0265769299886,5.31547166157232,0,3.9579350049247,0,0,0,182.522991355296,2.4506649123087,0,6.05761256799152,0,0,49.569941993518,0,4.33740551927257,17.0783934812059,"HH vs. BH","HH"
"LOC144619349",53.7232230655907,-19.2112331946174,4.71257865904051,2.00192848952652e-06,0.000490001437936463,0,0,440.820969005408,0,126.019564127396,0,0,0,122.460334660862,0,0,0,0,0,0,0,0,0,446.582972239773,0,0,0,342.593670241751,169.775178763349,0,0,7.31505885500817,1.01435984742021,1.09092795971432,0,0,0,0,129.14180500787,0,0,0,210.240125706144,0,0,0,0,2.32430616697382,0,286.545174134075,0,273.312177542448,194.381744696977,0,0,0,42.7034415405925,0,0,0,0,0,0,85.3217054810825,0,0,0,0,165.403979514214,0,0,272.907947846592,0,0,540.557715786555,4.06894276327005,125.942118006954,0,0,0,0,0,303.867796653218,0,0,0,0,0.920626356558067,0,0,2.47762215354032,0,355.677855245828,0,56.4866780856368,286.304946710722,0,0,"HH vs. BH","HH"
"LOC111105307",318.366398173038,-17.5544550502117,5.02884527608696,5.54722967978758e-06,0.00121484329987348,0,0,111.155287443174,0,0,0,0,0,0,0,0,0,0,0,0,0,12.7723633392242,0,0,0,0,0,0,52.1531594893948,1.18931637470861,0,0,0,0,3.12989497381048,0,0,0,6.00659558176141,24.2608339947529,1218.89094309595,0,0,0,0,0,1.94886480302041,0,0,0,128.207842762387,0,0,0,0,0,0,0,0,0,0,0,0,12.6043428551599,55.6218132416394,0,0,0,0,0,10.5036306219247,1450.15791894954,1.05568384189948,0,0,0,0,230.195595545979,0,0,4.43410937124457,0,226.793457560419,0,0,186.996089551228,0,22093.1913046805,5.40008850163597,0,7.43286646062097,143.363497442466,0,3598.72918898918,0,15.4759430654444,0,6.4043975554522,"HH vs. BH","HH"
"LOC144619421",142.17570470691,24.0275753174974,3.91736600976813,2.29320866459666e-10,1.04094995491491e-07,0,0,0,338.511568613424,0,0,0,0,0,851.257707145864,0,1.06093653871983,475.872880841132,0,0,644.730577252676,0.7513154905426,445.789761664738,0,0,636.441381481977,0,0,301.822540023731,0,8.93311152180282,892.437180310996,0,226.913015620579,0,0,0,0,0,0,4.52278643078275,4.21139871695681,796.756168701745,0,0,0,0,527.617499903056,0,456.797663960489,0,0,0,0,0,728.824319077776,635.935034834228,0,0,0,311.129088761446,0,0,0,0,951.917561004198,0,564.515871515807,11.6755750245327,0,0,0,2.11136768379895,0,0,0,0,0,0,0,1811.33367815341,0,0,0,0,0,0,0,0,722.946149131066,0,0,0,561.737309228467,0,0,305.787089108716,0,"HH vs. BH","BH"
"LOC144619428",12.8340191350384,-13.6068312532189,3.8948060088479,5.89253393378675e-06,0.00127441113303969,0,51.1339075407079,1.900090383644,0,36.9965692851071,0,0.654671827886109,0,0,0,0,0,52.4089075816225,0,2.00369386636836,0,87.1525969029416,0,1.82651522388455,0,0,0,0,11.0964169126372,0,0,0,0,33.818766751144,6.25978994762097,2.2697708689039,0,262.954525738188,18.0197867452842,2.59937507086638,0,0,0,0,0,16.0391740517499,0.974432401510207,0,0,0,0,2.32606108546764,1.02847483966655,0,112.291850826674,0,0,0,0,1.97549863705923,45.8506025543184,0,0,0,4.36249515620701,0,0,1.0171457144429,0,1.92092782696001,0,0,116.125222608942,0.709944354544282,0.958435666288219,0,35.4030838637059,0,0,0,2.21705468562228,4.0531538599772,1.77182388719077,0,0,2.03256619077421,0,0,262.444301179508,0,0,0,0,0,5.76394674343233,0,0,3.2021987777261,"HH vs. BH","HH"
"LOC144623974",81.8116045099637,23.4174945154989,5.51247634100538,1.02787211980141e-06,0.000264555209721257,0,0,0.950045191822,0,0,0,0,0,0,998.955410144208,0,0,984.23928438287,1.32575468271965,0,0,0,1291.55689841997,0,242.598318975768,0,24.3696675623452,0,0,0,0,0,0,0,26.0824581150874,12.4837397789715,0,0,0,0,0,0,0,0,0,0,0,220.809085862512,0,0,0,0,0,7.49736982136972,0,0,0,0,0,0,0,0,0,0,22.9030995700868,1286.34123046225,0,0,0,0,33.8450320039797,0,0,0,0,0,0,347.091796409171,22.7692554069422,0,0,0,0,0,303.771511627971,0,15.0185137336261,0,0,0,0,66.6337382479067,0,1656.54102532402,0,0,0,42.6959837030146,"HH vs. BH","BH"
"LOC111102542",15.2044818067012,13.7992498287141,5.42188513064104,2.09268865176262e-05,0.00392827555488012,0,0,8.550406726398,0,0,44.1728041207265,0,0,0,0,10.0875397040006,0,1.04817815163245,0,0,2.14552604742987,0.7513154905426,0,1.82651522388455,38.8898068587109,0,1.05955076358023,0,0,0,0,0,0,13.0911355165719,0,0,0,0,2.0021985272538,0,0,0,0,0,0,0,0,4.64861233394763,0,0,1.00951057293218,0,0,3.40789537334987,0,0,0,0,0,35.5589754670661,9.82512911878252,35.1576346273911,0,0,0,0,0,0,0,0,0,0,6.33410305139686,0,3.83374266515287,0,0,0,0,355.852510355081,1.10852734281114,0,6.20138360516771,779.87633283656,40.5688338004782,0,7.00863974235885,0,0,0,0,0,0,0,0,0,0,0,"HH vs. BH","BH"
"LOC111102559",348.146764898796,1.07688841423768,1.74930384651711,0.000468376527342973,0.0469618007294966,2043.54115337725,44.1155280743362,25.651220179194,55.9812413210831,54.3387111375011,170.879005414389,83.797993969422,1919.17775581179,34.200634004385,62.8713195195655,48.420190579203,306.61065969003,31.4453445489735,82.196790328618,22.040632530052,74.0206486363305,44.3276139420134,2062.438403275,70.3208361195552,62.0385014174675,23.624933170872,41.3224797796288,10.4103048968488,52.1531594893948,48.1673131756986,10.0497504620282,37.6203026828991,75.0626287090959,46.9099022677159,38.6020380103293,49.9349591158858,12.0701067972934,227.299674790637,57.0626580267333,28.5931257795302,103.270290169539,28.4269413394584,87.3305137548597,2153.65050108929,24.5852008453212,36.3554611839664,27.2841072422858,50.3599669510993,35.6348308966042,59.541854365522,44.418465209016,115.140023730648,215.979716329974,2587.27416744722,38.829892341934,4940.88901348134,33.4702649912752,28.6543566475072,87.9342142975204,361.516250581838,131.001721583767,77.3467961802604,40.4214057261331,105.682567016341,22.9030995700868,3991.79114068471,23.5238271582417,219.703474319666,227.673712978388,135.425411800681,17.5060510365412,17.1236359433156,64.3967143558681,26.9778854726827,56.5477043110049,11.5286711625985,29.0189211997589,14.3872247216237,83.4872698254546,222.407818971926,151.868245965126,24.3189231598632,23.9196224770755,209.70511856797,88.0640538595747,17.6155736533765,43.0530727030615,86.5388775164583,65.8810797199588,206.672740938034,2848.0266654946,23.2208481773008,39.0038379120752,204.943857620216,3577.1053489741,29.8464616262143,53.133217611089,48.0329816658915,"HH vs. BH","BH"
"LOC111104521",18.7042168806593,-15.1395970293202,3.33969353838949,8.71283432173011e-07,0.000226588147579494,0,0,3.800180767288,0,4.62457116063839,0,0,0,0,0,0,125.19051156894,0,0,8.01477546547344,0,4.5078929432556,0,0,0,0,0,0,68.7977848583506,0,297.025958099944,0,0,0,22.9525631412769,9.07908347561561,0,2.22842818422193,0,0,9.0455728615655,0,0,0,6.14630021133029,0,1.94886480302041,1.54953744464921,0,0,0,0,2.05694967933309,0,0,0,0,0,1.91161335429392,0,45.8506025543184,5.27364519410866,0,0,0,7.51513863950682,0,8.13716571554317,200.430704587812,0,0,0,14.7795737865927,0,0,0,0,0,0,5.39170470234971,28.8217109130897,0,496.110688413417,4.53416472579395,0,1.35504412718281,306.377680165973,5.5237581393484,4.32007080130877,0,0,12.115225135983,0,0,0,13.2650940560952,8.67481103854514,2.13479918515073,"HH vs. BH","HH"
"LOC111105317",33.3290516224881,-14.1924141972756,2.96725503267797,4.37741999718011e-07,0.000118789856140868,1.88867019720633,7.01837946637167,9.50045191822,0,2.3122855803192,4.64976885481331,0,0,0,1.99591490538303,0,20.1577942356767,0,0,0,0,3.0052619621704,0,1.82651522388455,1.85189556470052,0,0,7.57113083407185,190.85837089736,0,100.497504620282,0,0,0,8.34638659682796,0,0,0,0,0,0,0,4.31261796320295,0,12.2926004226606,0,0,3.87384361162303,1.48478462069184,0,0,2.32606108546764,0,1.36315814933995,0,0,0,7.39467268322767,0,0,0,0,0,0,1.09062378905175,0,0,0,244.214110929809,0.960463913480007,0,0,0,0.709944354544282,2.87530699886466,4.06894276327005,0.580378423995179,2.69760463530444,0,0,1.10852734281114,0,1485.67432940946,0,0,0,751.926920930214,0,1.08001770032719,198.503857897005,0,1.00960209466525,0,0,0,0,2.16870275963628,6.4043975554522,"HH vs. BH","HH"
"LOC111104290",12.1558964728622,14.6194664382668,4.18784332296824,5.92132065339276e-06,0.00127441113303969,38.7177390427298,0,124.455920128682,0,0,13.9493065644399,0,0,0,0,0,0,0,0,0,0,0,0,69.407578507613,8.33353004115235,0.715907065784001,1.05955076358023,2.83917406277694,8.87713353010975,0,31.2658903263099,0,0,2.18185591942865,0,0,0,0,1.0010992636269,0,0,0,0,0,0,0,0,83.6750220110574,0,0,0,0,0,0,0,0,2.30829413732932,0,0,5.92649591117768,0,1.75788173136955,0,0,0,0,0,3.05143714332869,0.972964585377727,0,0,38.52818087246,4.22273536759791,0,0,0,0,0,0,138.836396085505,8.86821874248914,0,360.566161043323,52.1428943466305,3.9579350049247,0,95.1172536462987,0,0,0,0,13.1248272306483,10.215290881734,0,0,4.42169801869841,0,0,"HH vs. BH","BH"
"LOC144622515",11.5870256294974,3.14419305526688,3.81397121538417,0.00031321719352602,0.0344154345911543,23.6083774650792,12.0315076566371,1.900090383644,55.1065344254412,0,0,0,70.1634878468826,0,0,1.00875397040006,0,0,82.196790328618,0,32.1828907114481,0,0,0,0,0,0,0,0,5.35192368618873,13.3996672827042,31.3502522357493,0,61.0919657440021,15.6494748690524,14.7535106478754,14.8555160582072,32.312208671218,42.0461690723298,3.46583342782184,4.52278643078275,25.2683923017408,6.46892694480442,20.2299851374336,0,13.9006175115166,48.7216200755104,3.09907488929842,1.48478462069184,0,2.01902114586436,40.7060689956837,0,1.36315814933995,6.296739298692,0,0,0,0,17.779487733533,78.6010329502601,19.3366990450651,0,0,3.27187136715526,7.51513863950682,0,0,0.972964585377727,31.6953091448402,7.00242041461648,6.42136347874334,23.2250445217885,0,0,0.678157127211675,27.2777859277734,8.09281390591332,4.13986461944403,0,0,0,0,0,9.89483751231176,0,0,30.3806697664162,0,1.6337766082058,0,6.05761256799152,0,1.06188527264361,3.4583680460594,32.0573106355635,70.4828396881792,0,"HH vs. BH","BH"
"LOC111104336",90.2221174807931,5.32938107792393,1.20455755850048,6.76325060769071e-07,0.000179629058161283,52.8827655217773,47.1234049884955,262.212472942872,34.113568930035,10.4052851114364,9.29953770962662,3.92803096731665,314.703879313223,16.5486938730895,22.9530214119049,63.5515001352039,0,83.854252130596,15.9090561926357,3.00554079955254,55.7836772331766,19.5342027541076,5.28604460472022,27.3977283582683,11.1113733882031,5.72725652627201,3548.43550723018,57.7298726097978,99.8677522137347,2.37863274941721,7.81647258157747,24.0351933807411,21.3015567958245,3.27278387914297,820.032483138347,15.8883960823273,12.0701067972934,28.9695663948851,15.0164889544035,36.3912509921294,67.0879987232774,5.26424839619601,6.46892694480442,63.21870355448,41.999718110757,0,6.82102681057145,50.3599669510993,17.0750231379562,31.6316101316836,13.1236374481184,13.9563665128058,61.7084903799927,7.49736982136972,7.346195848474,11.8771370516378,80.7902948065263,1.84866817080692,1.91161335429392,6.91424522970729,24.5628227969563,1.75788173136955,44.6762905394103,14.5434725251845,63.2561797650016,8.7676617460913,19.9047768262045,3.05143714332869,14.5944687806659,33.6162369718003,24.5084714511577,43.8793171047461,81.2876558262597,4.25966612726569,33.5452483200876,141.73483958724,56.8770855515275,1.79840309020296,200.093456606461,370.679698286543,16.6279101421671,20.265769299886,103.65169740066,53.276435528079,15.8317400196988,4.74265444513983,29.0357932183438,143.617711623058,8.64014160261755,18.7884309943667,102.821319371923,11.1056230413178,30.6458726452019,6.37131163586163,41.5004165527128,97.277356411365,221.207681482901,22.4153914440827,"HH vs. BH","BH"
"LOC111102521",357.540407077877,-3.60843414234678,4.67533282865476,0.000416545671218024,0.0427701038143474,1.88867019720633,109.286194547787,1155.25495325555,514.327654637451,2.3122855803192,2020.32456741638,2968.9367394635,1.03181599774827,0,13.9714043376812,0,996.219409857918,257.851825301583,0,2.00369386636836,1.07276302371494,2199.85175630873,2.64302230236011,7.30606089553821,0,0,0,0,903.248336688667,0,0,10.4500840785831,2.02871969484043,28.3641269525724,245.175106281821,6.80931260671171,0,620.617249305808,115.126415317094,13.8633337112874,0,0,0,0,0,2367.38209003828,151.037022234082,0,4.45435386207552,0,2.01902114586436,9.30424434187056,0,0,77.659784683868,0,0,0,0,1.97549863705923,26.2003443167534,0,1336.03383136903,1.9391296700246,3.27187136715526,0,1020.57219363449,0,0,171.923040512921,0,0,828.711815891089,1.41988870908856,54.6308329784285,2.7126285088467,4.64302739196143,0,0,113.225798749344,223.922523247851,0,0,2.26708236289698,0,0.677522063591404,0,0,6571.90770649097,6.53510643282319,2.47762215354032,15.1440314199788,0,55.2180341774675,43.8059952500857,6.63254702804762,0,7943.58776794587,"HH vs. BH","HH"
"LOC111104058",232.946815455359,-2.05178995448403,0.355070536283126,5.10919975678114e-09,1.79656733982814e-06,171.868987945776,351.921598956637,178.608496062536,255.414413527442,134.112563658513,267.361709151765,299.185025343952,62.9407758626447,76.1239918162117,127.738553944514,153.330603500809,193.090450047009,318.646158096265,88.8255637422163,224.413713033256,160.91445355724,190.83413459782,96.0298103190839,112.3306862689,237.042632281667,160.363182735616,134.562946974689,167.51126970384,325.12501554027,209.914340136069,213.278037583042,242.441950623128,145.053458181091,285.823125445153,369.327606909637,167.963044298889,334.249111309663,218.385962053749,207.227547570768,151.630212467206,251.768444646906,214.781334564797,128.300384405288,265.518554928816,243.803241716101,273.735237149865,141.29269821898,331.601013154931,229.399223896889,297.70927182761,152.436096512759,162.824275982735,187.182420819311,228.328990014441,211.990223055964,236.46300130079,267.762119930201,249.570203058934,1095.35445201042,239.035335084166,80.2385544700572,247.861324123107,205.298192240624,695.17798670382,270.474699684835,156.565388323059,156.523926860608,203.429142888579,658.697024300721,233.392730975642,214.740892714905,291.101811036365,200.579929960901,130.629761236148,291.364442551618,219.722909216583,228.088720630105,265.264455804937,238.042215618032,165.794919597254,384.658987955466,215.830443043786,169.209181226719,196.102624390588,263.202677827493,286.591832899164,304.375211668156,250.410368983794,169.562778951369,130.702128656464,293.598225194528,270.573361370288,226.593725013008,133.797544353094,174.071191651656,212.241504897524,249.400817358173,137.694547442222,"HH vs. BH","HH"
"LOC144620003",66.8239624216013,-20.6367705661475,3.85379690958049,2.87722845763626e-08,8.76010800894474e-06,0,273.716799188495,0,0,246.258414303994,0,0,0,268.08884074405,0,0,0,0,0,190.350917304994,0,274.981469538591,0,0,0,0,0,0,0,0,0,303.05243827891,306.336673920905,0,0,226.97708689039,0,162.675257448201,191.209959352738,0,0,222.151282319472,0,329.580174530689,320.63199435773,0,93.5455105449799,0,132.88822355192,0,0,200.041253350217,0,0,199.39674445858,0,0,249.570203058934,0,335.834768300069,203.052668454839,217.09839382414,0,0,1.09062378905175,0,190.000142431952,0,0.972964585377727,268.929895774402,0,1.07022724645722,270.255063526266,0,0,211.585023690043,204.873583670298,0,0.689977436574005,0,0,0,0,0,0,0,0,0,117.721929335664,0,0,0,0,0,0,0,0,0,"HH vs. BH","HH"
"LOC144620154",16.516801549747,-19.2877776308049,2.99385520686157,5.13833642612309e-11,2.67257723363727e-08,0,0,0,0,10.4052851114364,0,0,0,17.6519401312955,0,0,0,0,0,31.0572549287096,0,17.2802562824798,0,0,0,0,0,0,32.1796090466478,0,0,20.9001681571662,231.274045211809,0,0,27.2372504268468,0,8.91371273688773,20.021985272538,0,0,23.1626929432624,0,9.27207652132373,19.4632840025459,75.9187571782828,0,0,6.68153079311328,0.930341474461282,0,12.793335970072,0,0,30.434239943678,0,0,12.9406771956484,0,19.7549863705923,26.2003443167534,9.66834952253255,0,0,0,0,9.04762583009296,9.15431142998606,0,24.0115978370002,0,529.762486996325,29.5591475731854,20.5883862817842,0,17.6320853075036,9.86643320791804,0,0,0,4.43410937124457,0,0,0,0,205.966707331787,0,0,7.56012390229036,0,0,0,0,0,0,0,4.33740551927257,0,"HH vs. BH","HH"
"LOC144620214",25.6618853534372,21.0955928071447,2.73293332653767,4.42869378777762e-15,6.14259828364756e-12,7.55468078882533,0,0,22.74237928669,72.8369957800547,4.64976885481331,41.2443251568249,0,0,0,14.1225555856009,0,29.3489882457086,0,0,0,0,0,31.9640164179797,99.0764127114779,0,104.895525594442,0,0,1.18931637470861,0,7.31505885500817,3.04307954226064,2.18185591942865,0,137.321137568686,0.928469753637951,0,0,0,1.50759547692758,1.0528496792392,0,0,69.6580690617433,0,0,29.441211448335,63.8457386897492,168.391806877492,1.00951057293218,0,0,81.7894889603969,0,0,48.4741768839158,0,0,0,0,6.15258605979344,0,0,0,0,0,199.360560030808,5.83778751226636,82.5998965592806,0,0,0,0,71.8826749716164,49.5054702864523,0,117.795402408294,2.75990974629602,32.3502282140983,191.775230306328,4.0531538599772,49.6110688413417,58.9441414353214,79.1587000984941,0,0,24.8569116270678,24.8404071075255,167.462102341094,29.7314658424839,0,0,142.292626534243,0,0,0,0,"HH vs. BH","BH"
"LOC111101501",85.9455405139708,-1.76910335207478,1.87632004536062,0.000157966082498516,0.0213192845328438,9.44335098603166,24.0630153132743,17.100813452796,15.7447241215546,18.4982846425536,17.4366332055499,215.38703137453,3.09544799324482,114.73761085342,36.9244257495861,10.0875397040006,3.18280961615948,26.2044537908112,46.4014138951876,31.0572549287096,39.6922318774526,231.405171087121,14.9771263800406,35.6170468657488,42.593597988112,24.340840236656,9.53595687222203,0,21.0831921340107,10.1091891850232,40.1990018481127,38.6653110907574,185.627852077899,30.5459828720011,9.38968492143145,61.2838134604054,24.1402135945867,64.624417342436,41.0450698087029,42.4564594908176,6.03038190771033,36.8497387733721,22.6412443068155,15.1724888530752,61.4630021133029,79.1265919886328,74.0568625147757,251.025066033172,38.6044001379879,372.136589784513,74.7037823969814,50.0103133375542,16.4555974346647,10.2236861200496,35.681522692588,17.2758357114732,20.7746472359639,97.0550789673632,325.930076907114,24.6937329632403,37.662994955333,19.3366990450651,12.7646544398315,12.6043428551599,15.2687330467245,61.3736322226391,302.190702725105,162.743314310863,16.5403979514214,102.769638742361,28.0096816584659,14.9831814504011,22.169360679889,604.872590071728,50.7970903132756,190.562152746481,33.6619485917204,198.723541467427,451.245243519399,78.1797181840708,646.271440858896,20.265769299886,112.510816836614,22.6708236289698,59.3690250738706,306.239972743315,261.322138965094,43.2694387582291,82.0813452248667,43.2950801174537,18.5821661515524,250.381319476983,340.819250326943,76.4557396303396,17.291840230297,65.2200457758016,21.6870275963628,2.13479918515073,"HH vs. BH","HH"
"LOC144620288",257.456256297186,6.57007174563776,5.42522182651047,0.000148414594938638,0.0202476435914647,0.944335098603166,6.01575382831857,2122.40095853035,0.874706895641923,0,1.16244221370333,0,1684.95552432293,0,0,0,2.12187307743965,0,0,0,0,6.7618394148834,0.881007434120036,4.56628805971138,0,0,5239.47852590422,1.89278270851796,3.32892507379116,0,0,0,0,982.926091702606,762.651075285155,6031.91608411212,0.928469753637951,1.11421409211097,0,0,1.50759547692758,1.0528496792392,0,0,2.0487667371101,1.06927827011666,18.5142156286939,3.87384361162303,0.742392310345921,78.1486838547477,1.00951057293218,0,0,0.681579074669974,4.197826199128,0,0,0,0.955806677146961,0,0,0,0,0.969564835012302,1.09062378905175,0,0,182.069082885278,3.89185834151091,0,3517.54918827568,1.07022724645722,2.11136768379895,2.12983306363284,0.958435666288219,0,0,4.4960077255074,0,363.940067408606,212.837249819739,0,1.77182388719077,0,4.94741875615588,0.677522063591404,0,0,0,1941.74349885259,0,5.04801047332626,0.928662807430361,0,0,18.7922165794682,0,707.685929877468,"HH vs. BH","BH"
"LOC111101985",699.911992637921,5.95155780931033,2.51560007598228,1.80003015341935e-05,0.00343050021452424,109.542871437967,24.0630153132743,108.305151867708,7.87236206077731,16.1859990622344,2530.63669923214,17.6761393529249,34.049927925693,27.5811564551492,8721.15017907116,5.04376985200031,9.54842884847844,6908.54219740948,42.4241498470287,2213.07987540385,22.5280234980136,15.026309810852,5561.79993159979,4721.54185374157,51.8530758116146,2.863628263136,27.5483198530859,44.4803936501721,679.100715053396,66.601716983682,2405.24027724541,9.40507567072478,752.655006785799,4.3637118388573,387.063678427897,31.7767921646546,0,8.91371273688773,13.0142904271497,4.3322917847773,24.1215276308413,3199.61017520793,121.831457460483,8.42916047393067,7.17068357988534,145.421844735866,11.6931888181225,572.554085797883,654.790017725102,707.059520590574,102.970078439083,103.50971830331,4.11389935866618,2.7263162986799,22.038587545422,0,8.07902948065263,4.6216704270173,0.955806677146961,2032.78809753394,39.3005164751301,0,0,3.87825934004921,69.7999224993122,6415.42335192566,11.7619135791208,61.0287428665738,1.94592917075545,12.4860308752401,2245.44281295369,950.361794854014,2.11136768379895,32.657440309037,309.574720211095,19.6665566891386,13.3487037518891,47.6576818903785,895.590712673058,12.1313355802868,73.1628046255354,36.4783847397948,30.1210060822432,239.177189285631,38.5898662980159,21.0031839713335,15.0185137336261,33.1425488360904,3.24005310098158,87.4070485390102,8.67167753739113,494.705026385974,1102.32275241984,6995.70017617607,12.6806828355511,888.761301758381,42.2897038129075,504.880007288148,"HH vs. BH","BH"
"LOC111123231",45.7973294292252,-2.33134712471527,1.39599369545962,3.19760643353386e-05,0.0056219325506765,84.0458237756818,25.0656409513274,423.720155552612,34.113568930035,16.1859990622344,33.7108241973965,28.8055604269888,56.749879876155,148.938244857805,12.9734468849897,43.3764207272027,54.1077634747112,20.963563032649,17.2348108753554,8.01477546547344,22.5280234980136,19.5342027541076,44.0503717060018,55.7087143284788,16.6670600823047,19.329490776168,29.6674213802463,16.0886530224027,32.1796090466478,19.0290619953377,16.7495841033803,17.7651429335913,27.3877158803458,22.9094871540008,14.6061765444489,4.5395417378078,15.7839858118452,28.9695663948851,19.0208860089111,80.5806271968579,64.0728077694223,20.0041439055448,30.1883257424206,31.1878937535435,15.3657505283257,18.1777305919832,24.3608100377552,17.8196806134659,38.6044001379879,30.7012686572223,11.104616302254,16.2824275982735,12.3416980759985,24.5368466881191,7.346195848474,22.6745343713086,33.4702649912752,14.7893453664553,10.5138734486166,20.7427356891219,14.7376936781738,11.4262312539021,18.083260456428,9.69564835012302,10.9062378905175,3.75756931975341,16.2857264941673,40.6858285777158,14.5944687806659,20.1697421830802,16.3389809674385,29.9663629008022,11.6125222608942,1365.9329381432,8.62592099659397,10.8505140353868,22.0543801118168,12.5888216314207,22.0792779703682,33.6981543896857,23.279074199034,26.3455000898518,28.3491821950524,44.208106076491,10.8843212635429,57.5893754052694,14.0172794847177,41.428186045113,25.9204248078526,54.7315163748943,59.4629316849677,9.08641885198728,32.5031982600626,29.7327876340209,59.9450461316962,19.8976410841428,17.3496220770903,14.9435942960551,"HH vs. BH","HH"
"LOC111127528",53.1006677272704,-23.0074607266943,2.89011504429671,5.35589869703729e-16,8.35721042938956e-13,0,252.66166078938,0,0,212.730273389366,0,1.30934365577222,0,291.257012166375,0,193.680762316812,2.12187307743965,0,0,6.01108159910508,0,185.574926164022,0,25.5712131343837,0,0,0,0,0,0,0,4.18003363143324,0,0,2.08659664920699,0,63.1359432473807,0,228.250632106933,5.19875014173276,3.01519095385517,0,0,264.675638881423,611.556871027364,0,0,1.54953744464921,227.172046965852,0,0,167.47639815367,0,4.77105352268982,264.463050545064,0,0,304.105914097738,0,0,0,247.861324123107,243.592155560118,0,0,0,258.762098740659,1.0171457144429,0,173.843968339881,0,2.14045449291445,6.33410305139686,2.83977741817713,0,0,206.614718942284,0,4.13986461944403,4.04377852676228,1.10852734281114,0,0,0,0,236.4552001934,0,0,206.283380762494,0,0,4.03840837866101,5.57197684458217,0,4.61115739474586,2.21084900934921,4.33740551927257,0,"HH vs. BH","HH"
"LOC111122563",423.650968797722,1.59231865795106,1.02342529019927,2.71558932355293e-05,0.00487751101092248,707.306988853771,210.55138399115,254.612111408296,518.701189115661,265.912841736708,272.011478006579,571.528505744573,407.567319110568,177.622647571161,1343.25073132278,392.405294485624,315.098151999789,649.870454012119,462.688384269156,194.358305037731,416.232053201395,406.461680383546,1146.19067179017,294.068951045413,132.410532876087,123.851922380632,799.960826503071,256.472057004184,480.47485231719,609.524642038161,267.993345654085,593.56477566352,532.538919895613,946.925469032033,875.327294342332,576.521800701591,367.674022440629,422.287140910056,352.386940796669,472.219804540726,437.202688308999,102.126418886203,339.618664602232,332.951838720261,108.584637066835,322.922037575231,489.165065558124,193.692180581151,573.126863587051,341.43532112729,544.126198810446,200.041253350217,366.13704292129,533.67641546659,296.996203588306,265.615974063901,192.742560466998,116.466094760836,76.4645341717569,161.990888238857,497.806542018314,69.4363283890974,111.690726348526,96.9564835012302,145.052963943883,781.57441850871,23.5238271582417,535.018645796963,534.157557372372,267.969431860922,287.099236999276,767.352935709829,607.018209092199,332.963902281268,487.843754140703,638.824013833398,98.0839536551852,440.608757099725,420.886236310143,877.499940307415,389.093097326711,363.770558932953,892.113327200555,573.571837812935,171.180688962993,319.790414015143,310.382617161606,294.600434098581,339.125557902739,1178.76982282048,442.255554406947,177.689968661085,627.776057822924,596.779523225706,549.880519323444,423.377585290373,511.813851274163,404.544445586064,"HH vs. BH","BH"
"LOC111124700",22.963519368991,17.6966982321072,2.59836306108392,4.87150847176379e-12,3.47491658588728e-09,5.666010591619,2.00525127610619,20.900994220084,0,2.3122855803192,0,0,0,0,0,0,75.3264942491077,0,0,3.00554079955254,2.14552604742987,0,0,3.6530304477691,3.70379112940104,0,6.35730458148136,7.57113083407185,77.6749183884603,0,438.839103508564,2.09001681571662,0,0,14.6061765444489,2.2697708689039,0.928469753637951,4.45685636844386,0,10.3975002834655,3.01519095385517,8.42279743391361,8.62523592640589,0,0,2.13855654023332,0,13.9458370018429,0,0,0,9.30424434187056,0,0,2.098913099564,0,0,0,0,19.7549863705923,4.91256455939126,0,0,0,0,2.50504621316894,0,0,217.944067124611,7.68371130784006,4.66828027641099,4.28090898582889,14.7795737865927,0,0,1.35631425442335,3.48227054397107,0,0,0,13.3023281137337,0,763.656095379224,0,9.89483751231176,2.71008825436562,322.397428148507,0,0,0,0,0,0,0,0,2.21084900934921,4.33740551927257,4.26959837030146,"HH vs. BH","BH"
"LOC111126641",115.352680457811,3.57231710964865,1.63553104775619,1.83296582647287e-05,0.00346680491088801,350.348321581775,32.0840204176991,45.602169207456,10.4964827477031,204.637273858249,29.0610553425832,36.006950533736,440.585431038513,31.994141487973,29.9387235807455,36.3151429344022,53.0468269359914,37.7344134587682,601.892625954719,35.0646426614463,16.091445355724,39.0684055082152,337.425847267974,27.3977283582683,25.9265379058073,23.624933170872,21.1910152716045,1523.69008035696,24.4121172078018,44.5993640515728,25.6826956251831,29.2602354200327,59.8472309977926,21.8185591942865,10.4329832460349,5.67442717225976,23.2117438409488,17.8274254737755,35.0384742269415,707.896477632611,23.3677298923775,22.1098432640232,97.0339041720663,16.8583209478613,13.3169837912156,9.62350443104993,19.4886480302041,29.441211448335,472.903901690351,11.1640976935354,49.4660180736769,186.084886837411,23.6549213123305,139.723710307345,94.45108948038,475.085482065513,747.8873004947,40.6706997577522,8.60226009432265,15.8039890964738,31.1129088761446,38.6733980901302,6.38232721991576,18.4217318652337,71.9811700774157,369.494316442419,20.8095394092138,26.4457885755153,20.4322562929323,18.2488143561201,14.004840829233,41.7388626118317,10.5568384189948,21.2983306363284,42.1711693166816,91.5512121735762,27.2777859277734,49.4560849805814,173.184336580075,614.654336067867,74.2713319683465,26.3455000898518,107.195345175042,74.8137179756002,28.6950287857041,25.7458384164734,93.1147851484819,41.428186045113,34.5605664104702,519.540961409444,32.2090879960242,18.1728377039746,34.3605238749234,11.6807379990797,352.753540698058,26.5301881121905,8.67481103854514,18.1457930737812,"HH vs. BH","BH"
"LOC144622671",97.0567206024514,-19.12355139698,3.64991297089128,5.77496474565301e-08,1.71640202190444e-05,0,12.0315076566371,0.950045191822,0,286.72341195958,6.97465328221997,4.58270279520276,0,0,0,0,2.12187307743965,117.395952982834,0,4.00738773273672,0,8.2644703959686,0,5.47954567165366,0,0,0,0,998.677522137347,0,4.46655576090141,0,0,29.4550549122867,131.45558890004,0,0,1208.9222899404,23.0252830634187,89.2452107664125,0,0,0,1.68583209478613,0,9.62350443104993,9.74432401510207,0,0,0,0,0,0,0,755.60871584304,0,0,0,0,17.779487733533,774.547678864022,0,38.2939633194946,0,0,0,0,0,0.972964585377727,0.960463913480007,0,0,233.306129059784,0,274.11260055843,0,210.67736791025,0,6.20979692916604,16.1751141070491,0,0,0,2.26708236289698,0,2.71008825436562,0,0,864.014160261755,0,0,0,0,0,1703.8226573586,3.31627351402381,0,1166.66775468488,"HH vs. BH","HH"
"LOC111127291",20.6408687267762,18.0763606950817,2.90018731159417,2.20356009314686e-10,1.0187792830649e-07,0,0,0,0,2.3122855803192,0,24.8775294596721,13.4136079707276,0,0,0,347.987184700103,114.251418527937,0,0,0,34.5605125649596,0,0,0.925947782350261,0,1.05955076358023,0,26.6314005903292,0,5.58319470112676,3.13502522357493,0,87.2742367771459,65.7277944500202,0,0,115.87826557954,22.0241837997918,6.93166685564369,2.26139321539137,0,0,0,0,51.3253569655996,2.92329720453062,3.09907488929842,0,0,23.2187431774402,76.7600158204321,2.05694967933309,0,45.126631640626,0,0,0,0,31.6079781929476,54.0382101533038,0,0,0,0,0,0,4.06858285777158,6.81075209764409,24.9720617504802,0,0,59.1182951463707,0,179.227469595897,0,4.64302739196143,0,0,12.1313355802868,22.1705468562228,0,0,0,0,0,0,0,363.965965010264,0,0,0,0,0,36.8892591579669,0,3.25305413945443,37.3589857401378,"HH vs. BH","BH"
"LOC144622680",19.9873384081746,-18.3214551472155,2.83218927976827,4.6808000599994e-11,2.48640115527543e-08,0,5.01312819026548,0,18.3688448084804,4.62457116063839,0,11.1294210740639,0,0,0,4.03501588160025,0,24.1080974875463,0,5.0092346659209,34.3284167588779,8.2644703959686,0,0,0,0,0,0,49.9338761068673,0,2.2332778804507,0,27.3877158803458,532.37284434059,9.38968492143145,0,0,30.0837804869961,6.00659558176141,39.8570844199512,0,0,0,0,0,4.27711308046664,0,1.54953744464921,0,0,46.4374863548803,39.5430384529499,0,0,1.049456549782,0,0,0,0,0,104.801377267014,0,35.1027997095367,0,0,0,1.80952516601859,0,0,8.64417522132007,0,0,177.354885439112,0,23.0024559909172,31.1952278517371,0.580378423995179,0,0,9.43548322911199,8.86821874248914,0,1.77182388719077,6.80124708869093,0,0,0,0,32.4005310098158,0,0,0,0,0,8.06952544080526,0,10.8435137981814,493.138611769819,"HH vs. BH","HH"
"LOC111124988",43.6870363657773,-2.27686167428957,1.75568726647122,6.89482793489447e-05,0.0111730704037597,12.2763562818412,36.0945229699114,115.905513402284,27.1159137648996,6.93685674095759,24.4112864877699,58.9204645097498,1.03181599774827,16.5486938730895,23.9509788645964,34.2976349936021,39.2546519326336,9.43360336469205,2.65150936543929,11.020316265026,16.091445355724,30.8039351122466,25.549215589481,17.3518946269032,38.8898068587109,19.329490776168,52.9775381790113,71.9257429236825,7.76749183884603,14.2717964965033,2.2332778804507,3.13502522357493,4.05743938968086,45.8189743080016,20.8659664920699,14.7535106478754,28.7825623627765,3.3426422763329,22.0241837997918,6.93166685564369,20.3525389385224,23.1626929432624,14.0160083804096,49.7320467961909,49.1704016906423,5.3463913505833,3.89772960604083,48.8104295064501,26.7261231724531,5.58204884676769,14.1331480210505,4.65212217093528,7.19932387766582,26.581583912129,26.23641374455,101.495534804905,49.6283239525804,19.4110157934726,650.90434713708,31.6079781929476,21.2877797573621,31.641871164652,0,15.5130373601968,31.6280898825008,10.0201848526758,493.095607740066,30.5143714332869,15.5674333660436,25.9325256639602,18.673121105644,2.14045449291445,27.4477798893864,31.9474959544927,470.591912147515,3.39078563605838,9.86643320791804,41.3632710746681,156.624878102299,28.306449687336,28.8217109130897,14.1860385099202,99.2221376826834,10.2018706330364,27.7055450344729,16.2605295261937,123.151812615734,23.0156589139517,32.4005310098158,40.0275269010421,27.2538436889435,15.1440314199788,10.215290881734,7.43319690850524,19.5974189276699,14.3705185607698,15.180919317454,27.7523894069595,"HH vs. BH","HH"
"LOC111122980",780.356595978726,24.0474426791927,2.48028680819109,9.03033625195652e-23,7.51504582887822e-19,1488.27211539859,0,270.76287966927,582.554792497521,2121.52201994286,1393.76821423029,0,2268.96337904845,4.41298503282386,3121.61091201906,579.024779009636,3333.4626046577,908.770457465334,0,0,537.454274881182,0,692.471843218348,1362.58035701788,2848.2153785094,0,563.68100622468,1054.2799686445,757.88527513312,0,0,0,1859.32160032125,648.011208070308,0,356.354026417913,0,0,0,2300.44693771675,1614.63475578944,1099.17506512573,0,0,1460.7706835595,1828.46584189949,2522.80548750993,1616.16755476913,659.244371587177,1415.97972413007,1.00951057293218,0,0,0.681579074669974,0,347.676193693398,839.064918919209,0,0,948.239345788429,1411.54355006509,1210.30157204794,0,0,5.45311894525876,1114.74556486018,0,1.0171457144429,0,0,274.261466239146,2045.20426797975,582.737480728511,0,792.626296020357,1057.246961323,0.580378423995179,1992.63062394488,1048.07572615591,718.444651588099,844.69783522209,494.484770917218,0,969.177710138458,3542.35182940761,0,0,1654.36556273485,0,1194.29070059844,2752.6382125833,0,924.94815620064,831.456168479943,1686.5308171283,1411.62709246947,603.983718558705,0,"HH vs. BH","BH"
"LOC111123512",111.040063269899,6.62690120520888,1.74027639891908,2.42050046249746e-06,0.000586701112103997,22.664042366476,60.1575382831857,1493.47104154418,44.6100516777381,15.0298562720748,2.32488442740666,6.54671827886109,29.9226639346999,1.10324625820597,159.673192430643,22.1925873488014,1.06093653871983,5.24089075816225,2.65150936543929,1.00184693318418,33.255653735163,93.1631208272824,37.8833196671616,0,0,1.431814131568,4692.75033189682,37.8556541703592,128.718436186591,2.37863274941721,11.1663894022535,13.585109302158,3.04307954226064,6.54556775828594,828.378869735175,6.80931260671171,10.2131672900175,2.22842818422193,24.0263823270456,2.59937507086638,12.8145615538845,4.21139871695681,3.23446347240221,21.0729011848267,3.07315010566514,2.13855654023332,0,823.579151831055,112.101238862234,1.86068294892256,3.02853171879654,13.9563665128058,23.6549213123305,4.77105352268982,10.49456549782,0,230.829413732932,0,2.86742003144088,0.987749318529613,11.4626506385796,0.878940865684777,3.19116360995788,0.969564835012302,23.9937233591386,11.2727079592602,22.6190645752324,22.3772057177437,16.5403979514214,11.5255669617601,2.33414013820549,190.500449869386,43.2830375178786,9.22927660907566,2.87530699886466,6.78157127211675,196.748285734366,2.69760463530444,53.1282626161984,111.877872573757,9.97674608530028,9.11959618494869,92.1348421339203,17.0031177217273,15.8317400196988,12.8729192082367,17.0209822314429,8.2856372090226,6.48010620196316,0,27.2538436889435,5.04801047332626,16.7159305337465,15.9282790896541,25.3613656711022,34.2681596449127,186.50843732872,4.26959837030146,"HH vs. BH","BH"
"LOC111125416",63.9291073204084,22.1651921679951,3.87787467584351,3.46888987461309e-09,1.23720435156558e-06,137.872924396062,0,353.416811357784,0,0,0,0,0,0,0,49.4289445496031,0,0,0,237.437723164651,0,81.8933884691434,0,233.793948657223,0,0,380.378724125301,70.0329602151646,2.21928338252744,0,0,0,0,0,0,129.376939527522,0,0,260.285808542994,0,6.03038190771033,0,0,0,0,0,0,326.952400820983,0,0,0,167.47639815367,8.22779871733236,0,0,0,0,0,0,0,0,0,0,0,42.5343277730183,0,0,17.2914771455292,0,0,0,61.0029530480617,222.74929064079,0,0,149.194567986569,113.754171103055,0,0,207.580631040464,66.5116405686685,0,1894.07973540694,31.7391530805577,0,0,560.691179388708,0,127.442088638609,0,0,2.01920418933051,1.85732561486072,0,0,0,0,2.13479918515073,"HH vs. BH","BH"
"LOC111126484",24.3993694616925,3.12009391495599,2.42185225665979,8.30837923741436e-05,0.0129641872525804,4.72167549301583,10.026256380531,26.601265371016,3.49882758256769,4.62457116063839,2.32488442740666,0.654671827886109,222.872255513627,0,0.997957452691516,12.1050476448007,28.6452865454353,4.1927126065298,7.95452809631787,13.0240101313943,5.36381511857468,17.2802562824798,7.04805947296029,24.6579555224414,11.1113733882031,2.863628263136,13.7741599265429,19.8742184394386,76.5652766971966,8.91987281031455,211.044759702592,38.6653110907574,2.02871969484043,24.0004151137151,11.4762815706384,4.5395417378078,5.57081852182771,6.68528455266579,10.010992636269,0,25.6291231077689,2.1056993584784,17.2504718528118,5.90041233175147,8.19506694844038,0,5.84659440906124,19.3692180581151,5.93913848276736,1.86068294892256,4.03804229172873,4.65212217093528,6.17084903799927,17.0394768667494,28.335326844114,0,12.6956177553113,8.31900676863113,0.955806677146961,7.90199454823691,9.82512911878252,17.5788173136955,2.12744240663859,2.9086945050369,1.09062378905175,27.5555083448584,2.71428774902789,8.13716571554317,17.5133625367991,6.72324739436005,8.16949048371923,34.2472718866311,46.450089043577,0,1.91687133257644,16.9539281802919,6.96454108794214,8.9920154510148,6.20979692916604,44.4815637943851,31.038765598712,3.0398653949829,374.740752140849,4.53416472579395,2.96845125369353,18.9706177805593,258.318436218369,0.920626356558067,3.24005310098158,5.7182181287203,0,44.4224921652711,11.1439536891643,9.55696745379245,9.22231478949172,11.054245046746,10.8435137981814,172.918733997209,"HH vs. BH","BH"
"LOC111126885",18.4650261112774,-3.85518139321085,3.37666339917919,0.000130684908162108,0.0182272593138279,1.88867019720633,0,0,17.4941379128385,0,11.6244221370333,0,1.03181599774827,1.10324625820597,1.99591490538303,0,16.9749846195172,0,7.95452809631787,0,10.7276302371494,7.513154905426,0,0,0.925947782350261,0.715907065784001,0,5.67834812555389,6.65785014758231,1.18931637470861,22.3327788045071,0,3.04307954226064,1.09092795971432,0,2.2697708689039,0.928469753637951,4.45685636844386,3.0032977908807,0,1.50759547692758,2.1056993584784,74.3926598652508,3.37166418957227,0,2.13855654023332,1.94886480302041,2.32430616697382,0,7.44273179569026,0,4.65212217093528,425.78858362195,0.681579074669974,1.049456549782,0,2.30829413732932,0,367.98557070158,0.987749318529613,4.91256455939126,1.75788173136955,0,264.691199958358,9.81561410146577,2.50504621316894,0.904762583009296,1.0171457144429,3.89185834151091,7.68371130784006,0,0,3.16705152569843,285.397630526801,4.79217833144109,0,5.80378423995179,4.4960077255074,2.06993230972201,0,0,0,23.0337105334801,0,0,0,12.0148109869009,0,0,0,3.71643323031048,0,0,26.5471318160901,6.91673609211879,0,1.08435137981814,11.741395518329,"HH vs. BH","HH"
"LOC111123051",202.568123024595,-18.322620560702,10.2313468251225,4.29038519313283e-05,0.00733655868025714,0,0,0,6.12294826949346,0,8.13709549592329,0,0,0,0,0,7.42655577103879,0,0,0,0,0,0,0,0,0,0,0,0,0,34.6158071469859,12.5401008942997,0,0,0,1767.01662144169,4.64234876818976,0,2505.75145685813,0,0,15.792745188588,0,0,0,3.20783481034998,0,0,0,0,0,2191.14954251052,0,0,0,0,0,0,0,2.96324795558884,3.27504303959417,0,0,0,0,0,923.762597252491,0,0,0,0,0,451.832684332976,0,0,2859.11044832442,0,0,0,0,0,0,7336.2368049134,0,0,0,0,0,705.251558313657,0,0,0,0,0,0,0,0,0,"HH vs. BH","HH"
"LOC111123514",79.6966649544268,1.89461230820454,2.09190165979469,0.000185172382826574,0.0237077626135808,67.0477920008248,1.0026256380531,33.25158171377,15.7447241215546,45.0895688162243,30.2234975562865,56.9564490260915,48.4953518941688,63.988282975946,14.9693617903727,34.2976349936021,567.601048215108,36.6862353071357,68.9392435014216,13.0240101313943,17.164208379439,12.0210478486816,105.720892094404,14.6121217910764,59.2606580704167,657.918593455497,22.2505660351847,29.3381319820284,27.741042281593,806.356502052435,26.7993345654085,16.720134525733,48.6892726761703,66.5466055425738,15.6494748690524,17.0232815167793,0.928469753637951,13.3705691053316,0,237.409589805796,31.6595050154792,114.760615037073,473.309821461523,92.7207652132373,8.19506694844038,0,13.6420536211429,142.557444907727,15.5902385172643,10.2337562190741,16.1521691669149,44.1951606238851,26.7403458313302,14.9947396427394,14.692391696948,89.6183977532672,3.46244120599398,12.016343110245,0,70.1302016156025,62.2258177522893,32.5208120303368,0,13.5739076901722,25.0843471481903,489.736534674528,5.42857549805577,32.5486628621727,27.2430083905763,30.7348452313602,0,107.022724645722,14.7795737865927,32.657440309037,15.3349706606115,10.8505140353868,61.5201129434889,17.9840309020296,4.13986461944403,94.3548322911199,177.364374849783,47.624557854732,85.0475465851572,598.509743804802,48.4847038103276,27.7784046072476,156.192542829712,11.0475162786968,7.56012390229036,35.9430853805276,59.4629316849677,64.6145340585762,23.216570185759,23.3614759981593,458.810160777213,1.1054245046746,8.67481103854514,11.741395518329,"HH vs. BH","BH"
"LOC111127630",78.9705293219124,4.30442045880241,3.99392077243099,0.000164890299130164,0.0218970808940621,4.72167549301583,2.00525127610619,467.422234376424,1.74941379128385,0,1.16244221370333,0,0,2.20649251641193,0,77.6740557208048,0,0,9.28028277903752,434.801569001934,0,568.745826340748,8.81007434120036,708.687906867206,0,0,1135.838418558,775.094519138105,4.43856676505487,3.56794912412582,17.8662230436056,4.18003363143324,5.07179923710107,4.3637118388573,1.04329832460349,163.423502561081,9.28469753637951,0,481.528745804539,3.46583342782184,10.5531683384931,2.1056993584784,1.07815449080074,1.68583209478613,3.07315010566514,4.27711308046664,4.87216200755104,0,4.45435386207552,0.930341474461282,8.07608458345745,369.843712589355,8.22779871733236,10.2236861200496,0,0,10.387323617982,7.39467268322767,0,11.8529918223554,0,3.51576346273911,0,1.9391296700246,314.099651246905,2.50504621316894,2.71428774902789,182.069082885278,30.1619021467095,0.960463913480007,28.0096816584659,27.8259084078878,190.023091541906,0.709944354544282,8.62592099659397,243.458408668991,0,0,0,0,0,7.09301925496009,830.099491148878,5.66770590724244,11.8738050147741,0.677522063591404,17.0209822314429,0,63.7210443193044,0,1.23881107677016,2.01920418933051,8.35796526687325,0,0,3.31627351402381,1.08435137981814,0,"HH vs. BH","BH"
"LOC111122856",40.5582144884049,-16.2889461362957,2.46834750127356,2.28874964142949e-11,1.3936810621446e-08,1.88867019720633,23.0603896752212,17.100813452796,8.74706895641923,26.5912841736708,3.48732664110998,40.5896533289388,0,13.2389550984716,0,4.03501588160025,164.445163501573,159.323079048132,0,7.01292853228926,0,15.7776253013946,0,0.913257611942276,9.25947782350261,0,0,0,116.51237758269,0,5.58319470112676,3.13502522357493,0,97.0925884145748,0,2.2697708689039,0,518.109552831599,17.0186874816573,744.287728624741,0.753797738463791,0,0,1.68583209478613,2.0487667371101,51.3253569655996,41.9005932649389,7.74768722324605,3.7119615517296,0,19.1807008857114,155.846092726332,0,1.36315814933995,109.143481177328,0,0,1.84866817080692,1.91161335429392,12.840741140885,137.551807662955,0.878940865684777,0,0,0,0,1.80952516601859,10.171457144429,0,16.3278865291601,0,0,161.51962781062,0,20.1271489920526,0,391.755436196746,10.7904185412178,0,129.400912856393,25.4961288846563,2.0265769299886,0.885911943595387,0,3.9579350049247,6.09769857232264,0,0,325.085327798485,0,0,0,0,0,26.5141550197887,0,0,90.7289653689061,"HH vs. BH","HH"
"LOC111126396",79.6611773720827,21.2298280500857,2.46428551820153,2.6332375904712e-18,8.217676210463e-15,86.8788290714913,0,11.400542301864,214.303189432271,0,0,139.445099339741,76.3543838333722,0,33.9305533915116,282.451111712017,1.06093653871983,0,0,0,257.463125691584,57.8512927717802,103.077869792044,0,193.523086511204,0,5.29775381790113,167.51126970384,322.905732157742,0,0,0,0,237.822295217723,7.30308827222446,1.13488543445195,0,0,0,34.6583342782184,0,1.0528496792392,100.268367644469,0,0,17.1084523218665,0,77.4768722324605,6.68153079311328,267.938344644849,129.217353335319,13.9563665128058,0,26.581583912129,5.24728274891,99.3360553409709,16.1580589613053,58.2330473804179,0,4.93874659264807,296.391395083273,0,0,0,212.671638865092,12.5252310658447,0,0,0,28.8139174044002,8.16949048371923,7.49159072520056,191.078775383805,0,0,0,0,648.324314018167,0,66.048382603784,0,10.132884649943,11.51685526674,78.2143415199457,540.258128172222,0,1.00123424890841,841.452489894073,136.082230241226,173.180320469815,182.105228285214,51.4897068279279,0,632.883622495589,0,0,217.954627343447,2.13479918515073,"HH vs. BH","BH"
"LOC144617782",4.58542158248659,21.8521739108967,2.38541389938343,1.83679542027998e-20,1.14643586156775e-16,0,1.0026256380531,0,0,32.3719981244687,9.29953770962662,0,0,28.6844027133551,4.98978726345758,0,1.06093653871983,0,0,0,0,6.7618394148834,0,4.56628805971138,1.85189556470052,0,190.719137444441,35.9628714618413,6.65785014758231,0,0,0,8.11487877936172,3.27278387914297,0,1.13488543445195,0,0,0,3.46583342782184,0,0,0,4.21458023696533,0,4.27711308046664,0,17.8196806134659,8.90870772415105,3.72136589784513,1.00951057293218,0,0,0,2.098913099564,0,0,4.6216704270173,0,0,0,0,0,0,3.27187136715526,1.25252310658447,0,1.0171457144429,0,4.80231956740004,4.66828027641099,0,0,0,0,0,4.64302739196143,0,2.75990974629602,1.34792617558743,2.21705468562228,0,3.54364777438155,0,0,0,4.00493699563363,0.920626356558067,0,0,0,0,0,3.18565581793082,1.15278934868647,0,0,1.06739959257537,"HH vs. BH","BH"
"LOC144622417",21.5451816018352,-20.9088042979354,3.60534784382471,2.42786756000633e-09,9.18396083380575e-07,0,0,48.452304782922,0,0,0,0,0,0,0,0,4.24374615487931,0,0,0,0,108.940746128677,0,0,58.3347102880664,0,0,0,23.3024755165381,0,0,0,0,0,132.498887224644,0,0,189.416395658864,0,6.06520849868823,0,0,0,0,0,0,0,17.8196806134659,77.9511925863217,40.9350248762964,127.198332189455,53.4994049657557,0,19.0842140907593,0,0,1.15414706866466,0,0,0,0,0,0,0,15.2687330467245,1.25252310658447,132.095337119357,0,0,177.685823993801,96.866815735528,0,0,0,0,0,0,83.6257436944377,33.1189169555522,0,0,0,0,40.8074825321456,0,0,0,34.9838015492065,0,0,8.67167753739113,138.31548696914,0,209.19139871079,31.1253124145346,0,0,91.7963649614815,"HH vs. BH","HH"
"LOC111127544",75.1929383394135,-6.86126387859115,7.783689368173,0.000363808049323264,0.038815520339336,0,36.0945229699114,122.555829745038,6.99765516513539,100.584422743885,1.16244221370333,39.9349815010527,0,0,0,0,2.12187307743965,827.012561638003,0,0,0,33.809197074417,0,0,0,0,0,0,84.3327685360426,0,1.11663894022535,0,0,572.73717885002,648.931557903374,0,0,138.16254742176,7.00769484538831,162.894171107627,0,0,0,0,0,66.2952527472329,597.327062125757,0,0,0,0,0,0,0,415.584793713672,0,0,0,0,18.7672370520627,1018.53838531379,0,0,0,0,2.50504621316894,0,0,0,0,0,0,482.447515748061,1.41988870908856,0,0,51.6536797355709,0,0,2.69585235117486,0,0,0,0,0,0,0,0,168.482761251042,0,0,0,0,0,194.821399928013,0,0,1186.94834694381,"HH vs. BH","HH"
"LOC111113898",47.4119582703695,-2.36840803712987,2.21364123799855,0.00012550768566811,0.0177029654259324,10.3876860846348,313.821824710619,25.651220179194,191.560810145581,182.670560845216,140.655507858103,49.7550589193443,1.03181599774827,78.3304843326236,4.98978726345758,21.1838333784013,7.42655577103879,7.33724706142715,1.32575468271965,6.01108159910508,19.3097344268688,98.4223292610806,7.04805947296029,27.3977283582683,1.85189556470052,7.15907065784001,6.35730458148136,12.3030876053668,15.5349836776921,1.18931637470861,11.1663894022535,0,57.8185113029522,42.5461904288586,77.2040760206586,153.209533651013,139.270463045693,113.649837395318,116.127514580721,3.46583342782184,4.52278643078275,268.476668205996,37.7354071780258,16.0154049004683,8.19506694844038,16.0391740517499,17.5397832271837,2.32430616697382,2.22717693103776,155.367026235034,20.1902114586436,51.1733438802881,104.904433645988,36.8052700321786,150.072286618826,11.8771370516378,35.7785591286045,4.6216704270173,175.868428595041,7.90199454823691,18.0127367177679,132.720070718401,2.12744240663859,161.917327447054,4.36249515620701,16.2828003855981,99.5238841310225,32.5486628621727,19.4592917075545,10.5651030482801,58.3535034551373,68.4945437732623,12.6682061027937,31.2375515999484,60.3814469761578,16.2757710530802,31.9208133197348,5.39520927060888,20.0093456606461,14.8271879314617,11.0852734281114,99.3022695694413,6.20138360516771,0,6.92638625861823,119.243883192087,14.0172794847177,1.84125271311613,31.3205133094886,83.3226070184957,14.8657329212419,14.1344293253135,16.7159305337465,21.2377054528721,36.8892591579669,2.21084900934921,5.42175689909071,26.6849898143842,"HH vs. BH","HH"
"LOC111113892",127.808232317752,2.87923230533888,2.3806197151727,9.61605382201296e-05,0.0144623132361672,37.7734039441266,10.026256380531,584.27779297053,24.4917930779739,25.4351413835112,24.4112864877699,37.9709660173943,0,36.4071265207969,887.184175442758,114.997952625607,10.6093653871983,506.270047238473,2.65150936543929,65.1200506569717,49.347099090887,12.0210478486816,650.183486380587,26.484470746326,20.3708512117057,769.600095717801,51.9179874154311,39.7484368788772,38.8374591942301,6.54124006089734,12.2830283424789,40.7553279064741,81.1487877936172,19.6367032748578,389.150275077104,14.7535106478754,13.9270463045693,44.5685636844386,12.0131911635228,888.986274236303,24.8753253693051,40.0082878110897,587.594197486402,4.21458023696533,27.6583509509863,32.0783481034998,16.5653508256735,21.6935242250889,13.3630615862266,0,4.03804229172873,69.7818325640292,47.3098426246611,23.8552676134491,54.571740588664,542.029345447472,759.428771181347,21.2596839642796,11.4696801257635,41.4854713782438,50.7631671137097,12.3051721195869,2.12744240663859,6.78695384508611,19.6312282029315,538.584935831322,19.0000142431952,51.8744314365877,38.9185834151091,31.6953091448402,644.222678144716,5.35113623228612,106.624068031847,15.6187757999742,23.0024559909172,11.5286711625985,22.634758535812,216.707572369457,92.4569765009167,4.04377852676228,65.4031132258574,32.4252308798176,9.74503137954926,13.6024941773819,14.8422562684676,56.911853341678,12.0148109869009,23.0156589139517,11.8801947035991,150.307447954933,0,23.2208481773008,29.7172098377716,1018.34797646522,17.291840230297,6.63254702804762,153.977895934176,439.768632141051,"HH vs. BH","BH"
"LOC111113165",132.91685283771,-1.56451623437873,1.57444723445974,0.000123774254401981,0.0175576592920446,41.5507443385393,83.2179279584069,142.5067787733,109.33836195524,150.298562720748,110.432010301816,28.1508885991027,33.0181119279447,86.0532081400654,274.438299490167,67.5865160168042,49.8640173198319,355.3323934034,66.2877341359823,24.0443263964203,53.6381511857468,139.744681240924,22.0251858530009,408.226152538197,93.5207260173763,0.715907065784001,66.7516981055542,27.4453492735104,82.1134851535152,7.13589824825164,16.7495841033803,59.5654792479236,18.2584772535639,94.9107324951462,67.8143910992272,207.684034504707,103.988612407451,135.934119237538,149.163790280408,123.037086687675,24.1215276308413,58.9595820373953,192.989653853332,95.2495133554166,64.536152218968,173.223079758899,170.525670264286,150.305132130973,60.8761694483655,412.141273186348,7.06657401052527,81.4121379913674,201.581068574643,197.657931654293,320.08424768351,0,186.971825123675,146.96911957915,327.841690261408,38.5222234226549,70.4134253512747,122.172780330184,185.087489377557,487.691112011188,160.321696990608,102.706894739927,153.80963911158,358.035291483899,24.3241146344432,106.611494396281,134.213057946816,13.9129542039439,143.573002498329,439.45555546291,194.562440256508,59.6778271946274,117.236441647026,148.368254941744,31.7389620824042,5.39170470234971,394.635734040767,360.73069353797,187.813332042222,77.0808003384972,58.3795413226394,178.188302724539,213.262895017491,69.9676030984131,95.041557628793,17.9715426902638,579.763583928435,106.008219939852,47.3618031789484,35.042213997239,168.307244908224,133.756365065627,35.7835955339987,131.29014988677,"HH vs. BH","HH"
"LOC111108273",19.96682431013,1.73647250595179,2.2018090518698,0.000270091067759042,0.0313504134346754,31.1630582539045,9.02363074247786,34.201626905592,6.12294826949346,2.3122855803192,0,4.58270279520276,202.235935558662,3.3097387746179,43.9101279184267,10.0875397040006,15.9140480807974,26.2044537908112,7.95452809631787,0,12.8731562845792,0.7513154905426,52.8604460472022,16.438637014961,2.77784334705078,10.022698920976,37.0842767253079,32.1773060448053,8.87713353010975,1.78397456206291,1.11663894022535,2.09001681571662,2.02871969484043,22.9094871540008,27.1257564396909,17.0232815167793,18.569395072759,24.5127100264412,2.0021985272538,10.3975002834655,4.52278643078275,3.1585490377176,46.3606431044317,204.828599516515,5.12191684277524,32.0783481034998,0,3.87384361162303,2.96956924138368,9.30341474461282,16.1521691669149,4.65212217093528,18.5125471139978,5.45263259735979,24.137500644986,16.1960959795061,68.094677051215,24.9570203058934,0,5.92649591117768,24.5628227969563,0.878940865684777,2.12744240663859,11.6347780201476,23.9937233591386,50.1009242633788,0,39.6686828632729,12.6485396099104,0,8.16949048371923,7.49159072520056,0,0.709944354544282,3.83374266515287,5.4252570176934,0,6.29441081571036,21.3893005337942,2.69585235117486,5.54263671405571,30.398653949829,7.0872955487631,27.2049883547637,1.97896750246235,18.2930957169679,4.00493699563363,0,2.16003540065439,197.686969592902,1.23881107677016,9.08641885198728,64.0777337126949,43.5372961783878,4.61115739474586,0,18.4339734569084,3.2021987777261,"HH vs. BH","BH"
"LOC144624471",6.20436712601088,-14.574735424797,3.95466511004073,4.44537187281727e-06,0.00102762179793293,0,11.0288820185841,12.350587493686,0,0,8.13709549592329,0,0,0,0,0,2.12187307743965,0,0,0,0,0.7513154905426,0,0,60.1866058527669,0,0,0,7.76749183884603,1.18931637470861,2.2332778804507,0,0,0,1.04329832460349,0,9.28469753637951,0,0,0,0,3.1585490377176,7.54708143560516,1.68583209478613,0,0,0,48.0356607841255,0,0,0,0,0,0,0,0,0,0,2.86742003144088,34.5712261485365,0,61.5258605979344,0,0,199.584153396471,0,0,0,7.78371668302181,3.84185565392003,9.33656055282198,0,0,2.83977741817713,23.9608916572055,0,0,13.4880231765222,0,22.9147449849863,0,0,0,0,13.8527725172365,0.677522063591404,0,0,3.24005310098158,0,0,0,0,0,0,0,0,0,"HH vs. BH","HH"
"LOC111110928",35.1852341452451,3.1080871087875,3.5170526898587,0.000251459690769705,0.0296129369799833,494.831591668059,0,17.100813452796,0,10.4052851114364,15.1117487781433,0,0,0,12.9734468849897,1.00875397040006,0,0,5.30301873087858,16.0295509309469,9.65486721343441,0,506.579274619021,21.9181826866146,16.6670600823047,364.396696484057,10.5955076358023,6.62473947981287,0,16.0557710585662,23.4494177447324,10.4500840785831,2.02871969484043,0,9.38968492143145,5.67442717225976,0,217.271747961638,1.0010992636269,2.59937507086638,0,33.6911897356545,2.15630898160147,2.5287481421792,21.512050739656,10.6927827011666,0,7.74768722324605,5.19674617242144,10.2337562190741,13.1236374481184,15.1193970555397,2.05694967933309,5.45263259735979,0,877.828402089232,201.975737016316,0,0,1.97549863705923,0,0,1.06372120331929,0,0,2.50504621316894,0,0,10.702610439155,1.92092782696001,0,3.21068173937167,0,6.38949919089853,0,3.39078563605838,6.96454108794214,1.79840309020296,2.06993230972201,16.1751141070491,14.4108554565448,4.0531538599772,3.54364777438155,11.3354118144849,37.6003825467847,0,0,12.8887689918129,0,102.927926316965,6.19405538385081,0,2.78598842229108,2.12377054528721,0,0,9.75916241836328,0,"HH vs. BH","BH"
"LOC144623771",156.413110382271,5.31238134572552,4.19292466317356,0.000114736273630455,0.0165422156485438,500.497602259678,2.00525127610619,1.900090383644,12.2458965389869,8.09299953111719,4.64976885481331,373.162941895082,0,5.51623129102983,235.517958835198,29.2538651416018,0,376.295956436049,0,10.0184693318418,8.58210418971948,883.547016878097,482.79207389778,1391.80460060003,45.3714413351628,733.804742428601,5.29775381790113,0,22.1928338252744,0.594658187354303,1.11663894022535,0,133.895499859468,4.3637118388573,3.12989497381048,1.13488543445195,0,0,0,0.866458356955461,4.52278643078275,1.0528496792392,1.07815449080074,0,11.2682170541055,181.777305919832,599.275926928777,33.315055059958,0,0,2.01902114586436,0,0,170.394768667494,0,817.362977099076,717.879476709419,242.175530375706,0.955806677146961,0,36.0254734355359,0,0,1.9391296700246,1152.7893450277,0,0.904762583009296,10.171457144429,0,33.6162369718003,0,1.07022724645722,9.50115457709529,0,7.66748533030575,0,9.86643320791804,612.356252214108,191.123749930999,8.08755705352457,18.8449648277894,700.182329311061,1180.03470886906,9.06832945158791,919.230404893763,14.2279633354195,4.00493699563363,544.090176725818,23.7603894071983,20.4222076025725,485.613942093903,0,182.946573063781,19.1139349075849,44.9587845987722,233.244570486341,9.75916241836328,1.06739959257537,"HH vs. BH","BH"
"LOC111108261",111.72243173399,-1.48466781594388,1.85754969341741,0.000240469078988041,0.0287542343798016,22.664042366476,130.341332946902,35.151672097414,279.906206605415,36.9965692851071,252.249960373622,81.8339784857636,0,24.2714176805313,17.9632341484473,154.33935747121,79.570240403987,13.6263159712218,1.32575468271965,42.0775711937356,464.506389268567,123.967055939529,32.5972750624413,123.289777612207,25.9265379058073,27.204468499792,36.0247259617277,188.331879497537,16.6446253689558,376.418632595274,300.37587492062,18.8101513414496,446.318332864894,69.8193894217167,135.628782198454,34.0465630335585,152.269039596624,2.22842818422193,35.0384742269415,27.7266674225747,208.80197355447,47.3782355657641,29.1101712516199,13.4866567582891,92.1945031699543,18.1777305919832,10.7187564166123,6.19814977859684,37.119615517296,256.774246951314,185.749945419521,19.7715192264749,386.706539714621,118.594758992576,114.390763926238,42.1098495467159,35.7785591286045,7.39467268322767,36.3206537315845,58.2772097932472,70.4134253512747,131.841129852717,497.821523153429,211.365134032682,221.396629177506,1.25252310658447,544.667074971596,111.886028588719,232.538535905277,8.64417522132007,45.5157326950071,0,187.911723858107,10.6491653181642,59.4230113098695,20.3447138163503,33.6619485917204,161.856278118266,102.116660612953,222.407818971926,240.550433390018,110.448442684379,69.1011316004402,73.6801767941517,54.4216063177147,24.3907942892906,45.0555412008783,46.0313178279033,10.8001770032719,334.924204682189,304.74752488546,79.758565478555,147.657386381427,0,19.5974189276699,217.768627420897,157.230950073631,43.76338329559,"HH vs. BH","HH"
"LOC144617638",21.5673839848725,-18.4960049310439,2.90659086745344,9.20414209454725e-11,4.50569826534248e-08,0,20.0525127610619,31.351491330126,39.3618103038865,40.4649976555859,0,0,0,25.3746639387372,0,33.2888810232021,8.48749230975862,0,0,0,0,39.8197209987578,0,20.0916674627301,0,0,0,0,0,114.174371972026,18.982861983831,0,0,0,0,28.3721358612988,38.067259899156,0,62.0681543448678,0,0,31.5854903771761,0,0,56.3410852705276,0,0,0,25.2413385517613,267.008003170388,137.293437918777,22.0975803119426,0,78.381593587047,20.98913099564,0,0,0,0,0,0,10.5472903882173,0,0,0,0,23.5238271582417,326.50377433617,0,94.1254635210407,24.5084714511577,0,8.44547073519582,0,0,0,64.4220050634648,0.89920154510148,0,4.04377852676228,144.108554565448,0,0,1.13354118144849,2.96845125369353,0,0,31.3012961229743,19.4403186058895,11.4364362574406,28.4926547657137,0,0,50.9704930868931,0,0,0,0,"HH vs. BH","HH"
"LOC111109868",115.432799557869,-21.1103079495518,3.26878680140219,3.91417305461059e-11,2.12669168152738e-08,0,82.2153023203538,570.977160285022,160.071361902472,190.763560376334,20.9239598466599,0,0,146.731752341394,0,236.048429073615,103.971780794543,0,0,0,0,214.876230295184,0,359.823499105257,0,0,0,0,0,292.571828178317,107.197338261634,0,0,0,0,135.051366699782,133.699644523865,0,190.208860089111,0,0,155.821752527402,0,0,392.338830156583,0,0,0,97.9957849656615,1180.60333109137,580.468579436004,203.530344978418,0,269.22373449464,74.511415034522,0,0,0,0,0,0,57.1311562695105,0,0,0,0,204.476343760101,1598.95306310423,0,383.225101478523,175.060510365412,0,53.8398759368733,0,0,0,324.431539013305,109.702588502381,0,29.6543758629234,621.883839317051,0,0,57.8106002538729,96.9694076206552,0,0,196.093413946868,142.56233644319,433.76768947864,123.881107677016,0,0,226.181563073088,0,0,0,0,"HH vs. BH","HH"
"LOC144623798",21.5937097711203,-1.59711089018388,2.36753885217629,0.000418004699619513,0.0427701038143474,1.88867019720633,43.1129024362831,155.807411458808,6.12294826949346,4.62457116063839,62.7718795399797,1.30934365577222,0,4.41298503282386,7.98365962153213,6.05252382240037,0,19.9153848810165,6.62877341359823,29.0535610623412,6.43657814228961,38.3170900176726,3.52402973648014,5.47954567165366,2.77784334705078,0,0,13.2494789596257,0,8.32521462296025,59.1818638319437,35.5302858671825,96.3641855049204,9.81835163742892,5.21649162301747,32.9116775991066,63.1359432473807,2.22842818422193,35.0384742269415,11.263958640421,0,54.7481833204385,0,21.9158172322197,16.3901338968808,66.2952527472329,8.76989161359186,7.74768722324605,2.96956924138368,0,15.1426585939827,23.2606108546764,2.05694967933309,4.08947444801985,30.434239943678,0,5.77073534332331,9.24334085403459,231.305215869565,7.90199454823691,24.5628227969563,31.641871164652,57.4409449792418,11.6347780201476,10.9062378905175,5.01009242633788,9.04762583009296,22.3772057177437,0,34.5767008852803,91.0314653900143,1.07022724645722,8.44547073519582,3.54972177272141,7.66748533030575,171.573753184554,41.7872465276529,0,10.3496615486101,6.73963087793714,94.2248241389471,6.07973078996579,6.20138360516771,0,3.9579350049247,4.06513238154843,5.00617124454204,5.5237581393484,12.9602124039263,4.9013298246174,7.43286646062097,6.05761256799152,0,0,11.5278934868647,0,4.33740551927257,0,"HH vs. BH","HH"
"LOC111113712",30.7824849072014,-25.2831821130542,3.51996970528888,1.63247170978296e-13,1.56754956563236e-10,0,185.485743039823,0,0,0,2.32488442740666,51.0644025751165,0,0,0,0,40.3155884713534,48.2161949750927,0,8.01477546547344,0,0,0,0,5.55568669410156,0,0,1.89278270851796,90.9906186836249,0,29.0326124458592,0,0,1.09092795971432,0,0,0,0,5.0054963181345,1196.57899095549,0,0,2.15630898160147,0,0,4.27711308046664,0,0,0,0,2.01902114586436,0,0,0,0,0,0,0,0,0,0,0,1055.21143369274,0,0,0,5.42857549805577,0,0,0,0,0,0,0,0,5.4252570176934,0,0.89920154510148,4.13986461944403,2.69585235117486,101.984515538625,0,0,0,0,0,0,0,2.16003540065439,0,6.19405538385081,0,0,0,4.61115739474586,0,0,0,"HH vs. BH","HH"
"LOC111111964",5.19555953385409,-18.2494115091837,4.99322033292264,4.23756388540836e-06,0.000988738504328085,5.666010591619,0,0,0,0,0,0,0,0,0,0,16.9749846195172,15.7226722744867,0,0,0,11.269732358139,0,0,0,0,0,0,236.353680239172,0,0,0,0,3.27278387914297,0,0,0,56.8249186976592,15.0164889544035,0,0,0,0,0,0,21.3855654023332,11.6931888181225,0,0.742392310345921,9.30341474461282,0,0,0,0,2.098913099564,0,0,0,0,6.91424522970729,0,0,34.0390785062174,0,0,1.25252310658447,0,0,0,0,0,0,0,0,8.62592099659397,0,0,0,0,0,0,0,0,3.40062354434547,0,0,0,0,18.3603009055623,0,0,0,0,0,0,0,0,4.26959837030146,"HH vs. BH","HH"
"LOC111113785",24.9230428386053,-22.1469146512379,3.95635075508175,6.77613052984884e-09,2.25563833077608e-06,130.318243607237,0,75.053570153938,0,0,0,0,0,0,0,0,0,0,0,1.00184693318418,0,53.3433998285246,0,0,0,0,0,0,0,27.9489348056523,0,0,0,0,0,0,0,0,179.196768189215,0.866458356955461,0,0,0,0,1.02438336855505,0,0,0.774768722324605,0,155.367026235034,28.2662960421011,0,226.26446472664,188.115824608913,0,0,0,0,177.780041949335,0,1.63752151979709,0.878940865684777,0,246.269468093125,0,0,0,146.468982879777,0,0,0,0,0,2.83977741817713,64.2151896413106,0,0,0,70.3776985305485,0,187.341120935083,125.647769659293,0,0,0,0,0,122.443305422223,0,6.53510643282319,97.8660750648427,0,0,0,0,0,0,0,"HH vs. BH","HH"
"LOC111116027",8.90533191580497,1.811647544005,2.33584537720776,0.000289436236537949,0.0325498427090379,4.72167549301583,1.0026256380531,1.900090383644,5.24824137385154,2.3122855803192,10.46197992333,0.654671827886109,0,8.82597006564773,14.9693617903727,7.06127779280044,0,0,10.6060374617572,4.00738773273672,11.8003932608643,0,2.64302230236011,2.73977283582683,0,0.715907065784001,199.195543553082,36.9092628161003,11.0964169126372,5.94658187354303,0,19.8551597493079,6.08615908452129,2.18185591942865,3.12989497381048,189.525867553476,4.64234876818976,4.45685636844386,17.0186874816573,0.866458356955461,2.26139321539137,4.21139871695681,5.39077245400368,2.5287481421792,14.3413671597707,2.13855654023332,9.74432401510207,0,7.42392310345921,0,7.06657401052527,1.16303054273382,4.11389935866618,7.49736982136972,5.24728274891,0,4.61658827465864,9.24334085403459,5.73484006288177,7.90199454823691,11.4626506385796,0,0,0,0,2.50504621316894,0.904762583009296,2.03429142888579,7.78371668302181,7.68371130784006,8.16949048371923,1.07022724645722,8.44547073519582,1.41988870908856,1.91687133257644,4.74709989048173,1.74113527198554,1.79840309020296,2.06993230972201,2.69585235117486,15.519382799356,0,0,2.26708236289698,0.989483751231176,0,2.00246849781681,5.5237581393484,0,0.816888304102899,8.67167753739113,3.02880628399576,0,0,5.76394674343233,0,21.6870275963628,4.26959837030146,"HH vs. BH","BH"
"LOC111111604",20.7256474459653,-18.2310594233217,2.84638577454851,7.17790685366147e-11,3.58407245017025e-08,0,11.0288820185841,10.450497110042,0.874706895641923,0,12.7868643507366,24.8775294596721,0,0,0,0,83.8139865588663,2.0963563032649,0,210.387855968678,10.7276302371494,8.2644703959686,0,0,0,0,0,0,56.5917262544496,0,0,0,0,70.9103173814311,10.4329832460349,1.13488543445195,0,570.477615160814,3.0032977908807,5.19875014173276,0,0,0,0,0,35.2861829138498,4.87216200755104,0,0,0,10.0951057293218,94.2054739614394,0,0,9.445108948038,0,0,0.924334085403459,0,5.92649591117768,311.129088761446,0,12.7646544398315,0,2.18124757810351,0,0,0,0,0,0,7.49159072520056,5.27841920949739,0,28.7530699886466,12.8849854170218,2.90189211997589,0,0,5.39170470234971,5.54263671405571,0,0,0,1.97896750246235,0,0,0,245.164017974273,0,0,0,0,0,2.30557869737293,0,1.08435137981814,28.8197889995349,"HH vs. BH","HH"
"LOC144623111",666.930464899814,4.35494238595848,3.00985940656966,6.93673761348533e-05,0.0111730704037597,12.2763562818412,67.1759177495574,163.407772993384,125.957792972437,749.18052802342,52.3098996166498,90.344712248283,1584.86937254135,910.178163019922,191.607830916771,2.01750794080012,586.697905912064,58.6979764914172,80.8710356458984,113.208703449812,5018.38542493847,97.671013770538,7.04805947296029,24.6579555224414,0,4944.7701033701,4422.56488718386,3905.75711902681,367.291399808291,5583.84037925691,155.212812691324,13.585109302158,557.897916081118,185.457753151435,7.30308827222446,2.2697708689039,1.8569395072759,129.248834684872,7.00769484538831,3072.46133376406,33.1671004924068,245.313975262734,26.9538622700184,209.886095800874,15.3657505283257,6.41566962069995,124.727347393307,6.97291850092145,149.963246689876,11.1640976935354,5970.24552832092,180.269734123742,5501.31191737635,18.4026350160893,468.057621202772,4687.15017646907,25.3912355106225,4.6216704270173,4.77903338573481,1.97549863705923,9.82512911878252,145.904183703673,7.44604842323505,5.81738901007381,630.380550071913,15.0302772790136,123.952473872274,5.08572857221448,5.83778751226636,30.7348452313602,110.871656564761,5.35113623228612,71.7865012491644,1.41988870908856,128.430379282621,12.2068282898102,135.228172790877,15.2864262667252,710.676759671225,324.85020831657,0,3.0398653949829,132.886791539308,80.4814238828427,116.759082645279,127.374147955184,9.01110824017567,1047.67279376308,1.08001770032719,459.908115209932,3.71643323031048,10.0960209466525,296.243435570285,163.530331987115,11.5278934868647,59.6929232524285,6010.55969833196,9.6065963331783,"HH vs. BH","BH"
"LOC111115548",173.12202410161,-21.2636582867601,4.23606868007033,1.26579557417841e-07,3.63239681665957e-05,0,0,0,0,0,0,0,0,0,856.247494409321,269.337310096817,265.234134679957,803.952642302089,0,400.738773273672,0,0,0,321.466679403681,0,0,0,0,573.684754383342,1345.11681979543,0,334.402690514659,397.629060188724,0,0,287.126014916344,441.023132978027,382.175433594061,0,0,0,0,0,374.254725042522,322.68076109484,384.940177241997,0,0,0,0,1369.90584746897,0,0,0,310.639138735472,0,498.591533663134,345.700947940894,0,366.454997174487,276.741136845708,0,291.459609709486,0,0,0,0,0,0,351.529792333683,0,875.445887602008,0,0,0,422.491890252874,0.580378423995179,374.967044307317,0,0,0,0,0,0,0,565.730923098823,0,0,340.205575603066,0,0,0,475.475357404345,0,1474.41757696999,0,0,0,"HH vs. BH","HH"
"LOC144624599",13.810427847925,21.823344132884,2.872814184567,1.06929524608769e-14,1.27123929113453e-11,140.705929691872,0,0,20.9929654954062,4.62457116063839,0,22.9135139760138,85.6407278131067,0,0,0,0,4.1927126065298,26.5150936543929,0,23.6007865217286,0,83.6957062414034,0,0,0,0,0.946391354258981,59.9206513282408,7.73055643560594,0,0,0,28.3641269525724,0,0,0,0,0,4.3322917847773,1.50759547692758,0,10.7815449080074,31.1878937535435,0,23.5241219425665,288.431990847021,0,0,0,2.01902114586436,0,3.08542451899964,0,0,115.532151320477,30.0078237852812,1.84866817080692,0,3.95099727411845,16.3752151979709,0,0,0,0,0,0,39.6686828632729,26.2700438051986,0,0,33.1770446401739,0,0,26.8361986560701,2.7126285088467,11.6075684799036,0,6.20979692916604,39.0898590920354,0,0,0,0,12.8632887660053,0,0,0,0,25.3235374271899,0,0,0,14.8663938170105,0,3.31627351402381,0,0,"HH vs. BH","BH"
"LOC111111166",24.5824837969434,21.5615334332722,3.51647617415844,3.03949969952096e-10,1.33130086839018e-07,252.137471327045,0,359.117082508716,0,0,0,3.92803096731665,0,1.10324625820597,1.99591490538303,0,0,16.7708504261192,0,0,12.8731562845792,5.2592084337982,210.560776754689,6.39280328359593,0.925947782350261,0.715907065784001,0,399.37715149729,2.21928338252744,0,0,0,0,0,6.25978994762097,0,0,0,0,0,2.26139321539137,0,0,0,0,0,0,44.1618171725025,0,0,0,0,0,0,0,0,6.92488241198797,0,0,0,0,0,0,0,0,0,0,1.0171457144429,0,0,66.5229939388566,4.28090898582889,0,0,0,0,0,0,16.5594584777761,0,94.2248241389471,0,116.054464610996,0,0,4.06513238154843,203.250552528407,0,0,0,447.210798714028,0,0,0,0,0,0,0,"HH vs. BH","BH"
"LOC111099907",8.29708139917218,-19.3689810499459,4.15308427021561,5.08318514553791e-07,0.000136458925100537,0,0,8.550406726398,0,4.62457116063839,0,0,0,0,0,0,24.401540390556,18.8672067293841,0,0,0,6.0105239243408,0,0,0,0,0,0,1.10964169126372,0,0,0,0,13.0911355165719,77.2040760206586,0,0,62.3959891582141,167.183577025692,25.9937507086638,0,0,0,0,0,0,0,0,0,0,2.01902114586436,0,0,0,0,0,0,0,0,18.7672370520627,0,0,36.166520912856,0,0,0,0,0,0,0,0,0,0,0,20.1271489920526,0,1.16075684799036,0,0,75.483865832896,0,0,0,0,0,0,2.00246849781681,0,117.721929335664,0,0,4.03840837866101,0,0,19.5974189276699,0,0,65.1113751470973,"HH vs. BH","HH"
"LOC111099988",34.5200688103051,-10.8120229073292,10.6206218407717,0.000221025622685944,0.0273174539404816,0,0,0,0,0,0,0,0,0,0,0,0,336.465186674016,0,0,0,0,0,0,0,0,0,0,0,0,0,0,0,113.45650781029,201.356576648475,2.2697708689039,0,0,750.824447720176,56.319793202105,0,0,0,0,0,21.3855654023332,15.5909184241633,0,0,0,0,2.32606108546764,0,0,0,0,0,0,0,96.7994332159021,235.80309885078,0,69.141878215754,0,0,0,0,0,5.83778751226636,0,0,0,0,0,0,0,0,0,0,21.5668188093988,2.21705468562228,0,0,0,0,0,0,0,1206.37977126548,0,0,0,0,0,72.6257289672473,0,0,0,"HH vs. BH","HH"
"LOC111111317",64.3942961244187,-6.81168169131858,2.48674906893641,1.15845631868325e-05,0.00233242100421338,0.944335098603166,0,5.700271150932,5.24824137385154,0,13.9493065644399,3.27335913943055,0,0,12.9734468849897,8.0700317632005,73.2046211716681,70.2279361593741,2.65150936543929,0,43.9832839723123,0,0,93.1522764181121,0,0.715907065784001,2.11910152716045,29.3381319820284,0,31.5168839297781,4.46655576090141,6.27005044714986,4.05743938968086,12.0002075568576,196.140085025457,6.80931260671171,14.8555160582072,10.0279268289987,721.792569074996,0,7.53797738463791,2.1056993584784,0,3.37166418957227,1.02438336855505,1.06927827011666,107.187564166123,10.0719933902199,95.0262157242778,4.65170737230641,33.313848906762,10.4672748846044,816.609022695237,0.681579074669974,2.098913099564,28.073233031144,4.61658827465864,0,7.64645341717569,1.97549863705923,0,1.75788173136955,28.7204724896209,922.056158096699,4.36249515620701,6.26261553292235,11.7619135791208,6.10287428665738,33.0807959028427,18.2488143561201,7.00242041461648,0,7.38978689329634,6.38949919089853,3.83374266515287,8.1378855265401,1.74113527198554,2.69760463530444,2.06993230972201,13.4792617558743,6.65116405686685,1449.00250494185,79.7320749235849,72.5466356127033,10.8843212635429,0,10.0123424890841,33.1425488360904,2.16003540065439,0.816888304102899,0,195.862806365059,149.514711996288,71.1463132671215,4.61115739474586,116.069572990833,26.0244331156354,164.379537256606,"HH vs. BH","HH"
"LOC111116606",12.7687805250062,21.2004132744904,3.78221859681622,7.16411113866199e-09,2.32284673620565e-06,152.03795087511,0,0,0,0,52.3098996166498,1.96401548365833,0,0,0,0,8.48749230975862,0,0,24.0443263964203,0,0,193.821635506408,0,35.1860157293099,0,0,0,0,0,1.11663894022535,0,0,2.18185591942865,0,0,0,0,0,0,0,42.1139871695681,0,0,57.3654686390827,0,0,1.54953744464921,0,0,0,0,0,0,0,0,0,0,0,50.3752152450103,0,49.2206884783475,0,0,34.8999612496561,0,0,0,0,0,0,1.07022724645722,0,0,90.0929526310925,0,0,0,0,0,0,23.3056346948689,5.31547166157232,0,55.4110900689459,144.312199544969,0,0.920626356558067,0,0,156.09019567304,0,0,0,0,0,2.16870275963628,2.13479918515073,"HH vs. BH","BH"
"LOC111114760",141.700435854233,-20.0576239207226,3.19235736333864,1.34906009548939e-10,6.35483666867701e-08,0,11.0288820185841,22.801084603728,8.74706895641923,860.170235878741,10.46197992333,22.9135139760138,0,0,0,4.03501588160025,8.48749230975862,14.6744941228543,0,49.0904997260248,0,53.3433998285246,0,0,2.77784334705078,0,0,0,3436.56031784374,0,45.7821965492395,0,0,1.09092795971432,236.828719684993,0,0,1429.53668017837,44.0483675995836,149.030837396339,0,0,0,5.0574962843584,0,96.2350443104993,12.6676212196327,0,0,0,26.2472748962367,8.14121379913674,0,0,1245.70492459123,0,0,0,0,41.4854713782438,1640.79656283668,0,65.9507146057962,0,0,0,9.04762583009296,0,1.94592917075545,30.7348452313602,0,0,461.333838910071,0,105.427923291704,0,571.672747635251,0,15.1795036046281,6.73963087793714,1.10852734281114,0,5.31547166157232,0,0.989483751231176,4.06513238154843,0,0,1076.77764722621,0,0,0,0,0,544.116572580012,3.31627351402381,0,786.673499728045,"HH vs. BH","HH"
"LOC144623205",27.1776790746851,-15.5192146532947,7.60208812762382,3.90186422652372e-05,0.00671820291582008,0,0,0,0,0,97.6451459510795,0,0,0,171.648681862941,109.954182773607,0,136.263159712218,0,109.201315717076,0,0,0,0,0,0,0,0,164.22697030703,0,0,51.2054119850572,0,0,0,91.925720190608,35.2818506382422,0,149.163790280408,0,0,0,0,64.0616196018731,111.6577871725,32.0783481034998,0,0,0,68.8452691101349,0,0,0,0,0,0,1.15414706866466,41.5950338431557,0,124.456414134731,57.313253192898,0,38.2939633194946,0,0,0,0,0,0,159.437009637681,0,401.335217421459,0,0,0,176.320853075036,0,0,0,0,0,0,0,0,5.93690250738706,0,0,0,128.522106338936,0,0,0,0,0,0,0,0,0,"HH vs. BH","HH"
"LOC144624738",10.2145188499891,2.35785301387281,2.04862869603456,0.000100831970661324,0.0149843510686347,12.2763562818412,12.0315076566371,8.550406726398,19.2435517041223,6.93685674095759,12.7868643507366,5.89204645097498,85.6407278131067,24.2714176805313,2.99387235807455,2.01750794080012,45.6202711649526,1.04817815163245,5.30301873087858,8.01477546547344,6.43657814228961,0,20.2631709847608,3.6530304477691,5.55568669410156,5.72725652627201,19.0719137444441,27.4453492735104,2.21928338252744,13.0824801217947,2.2332778804507,3.13502522357493,10.1435984742021,19.6367032748578,6.25978994762097,3.40465630335585,0,15.5989972895535,10.010992636269,11.263958640421,6.78417964617412,3.1585490377176,1.07815449080074,0,0,4.27711308046664,42.8750256664491,0.774768722324605,2.96956924138368,2.79102442338385,31.2948277608976,8.14121379913674,11.313223236332,1.36315814933995,7.346195848474,2.15947946393415,13.8497648239759,4.6216704270173,3.82322670858784,4.93874659264807,3.27504303959417,4.39470432842389,1.06372120331929,1.9391296700246,38.1718326168113,0,0,4.06858285777158,10.702610439155,7.68371130784006,2.33414013820549,3.21068173937167,5.27841920949739,1.41988870908856,4.79217833144109,0,12.7683253278939,9.89121699611628,8.27972923888806,2.69585235117486,5.54263671405571,8.10630771995439,7.0872955487631,3.40062354434547,8.90535376108059,10.8403530174625,4.00493699563363,3.68250542623227,3.24005310098158,98.0265964923479,1.23881107677016,9.08641885198728,3.71465122972145,10.6188527264361,3.4583680460594,24.3193391028413,27.1087844954535,4.26959837030146,"HH vs. BH","BH"
"LOC111116922",87.1941732555789,-4.58275170992017,4.14507620654228,0.000158318433084374,0.0213192845328438,0,134.351835499115,68.403253811184,10.4964827477031,69.3685674095759,9.29953770962662,434.04742188849,0,8.82597006564773,0,33.2888810232021,237.649784673241,375.247778284417,0,16.0295509309469,0,101.427591223251,0,8.21931850748048,0,0,1.05955076358023,1.89278270851796,442.747034814224,0,10.0497504620282,78.3756305893732,10.1435984742021,175.639401514006,257.694686177063,35.1814484680105,7.42775802910361,449.028279120719,81.089040353779,61.5185433438377,0,1.0528496792392,23.7193987976162,26.1303974691851,10.2438336855505,179.638749379599,105.238699363102,0,2.22717693103776,0,51.4850392195413,338.441887935542,2.05694967933309,7.49736982136972,1387.3815588118,38.8706303508147,11.5414706866466,18.4866817080692,2.86742003144088,49.3874659264807,103.163855747216,0,258.484252406588,0,839.780317569849,0,9.04762583009296,18.3086228599721,0,81.6394326458006,2.33414013820549,18.1938631897728,158.352576284922,0,215.648024914849,0,90.5390341432479,0,35.1888492652742,63.3525302526091,53.2093124549348,0,1.77182388719077,0,0,2.71008825436562,13.0160452358093,1.84125271311613,367.206018111246,1.6337766082058,0,0,0,0,139.487511191062,0,0,259.378100995814,"HH vs. BH","HH"
"LOC111116863",45.3944237685248,-21.1094961560754,2.70210097390595,2.12191509749883e-15,3.11621954847976e-12,3.77734039441266,145.380717517699,71.25338938665,9.62177585206116,61.2755678784587,0,360.724177165246,0,0,0,2.01750794080012,38.1937153939138,474.8247026895,0,4.00738773273672,1.07276302371494,33.0578815838744,0,0.913257611942276,0,0,0,0.946391354258981,972.046121547017,0,0,0,0,42.5461904288586,34.4288447119153,1.13488543445195,0,421.172926817945,34.0373749633146,135.167503685052,0,0,0,0,0,51.3253569655996,289.406423248531,0,0,0,22.209232604508,86.0642601623026,1.02847483966655,0,44.077175090844,0,0,0,0,0.987749318529613,9.82512911878252,0.878940865684777,112.754447551845,0,0,0,2.71428774902789,0,0,37.4580926257203,0,0,44.338721359778,0,55.5892686447167,10.8505140353868,96.9231968071949,0.89920154510148,1.37995487314801,37.741932916448,27.7131835702785,0,0.885911943595387,2.26708236289698,0.989483751231176,0,0,0,186.843062156605,0,0,2.01920418933051,0,0,91.0703585462308,0,0,155.840340516003,"HH vs. BH","HH"
"LOC111117254",10.4400956651309,15.0013265630816,2.29716822872515,3.91844177482413e-11,2.12669168152738e-08,0,1.0026256380531,1.900090383644,0,54.3387111375011,0,2.61868731154444,0,11.0324625820597,0,2.01750794080012,19.0968576969569,10.4817815163245,1.32575468271965,8.01477546547344,10.7276302371494,3.756577452713,0,0,9.25947782350261,0,0,0,106.525602361317,0,5.58319470112676,2.09001681571662,20.2871969484043,18.5457753151435,58.4247061777957,0,0.928469753637951,2.22842818422193,2.0021985272538,28.5931257795302,0,7.36994775467441,2.15630898160147,0,0,8.55422616093327,0.974432401510207,10.8467621125445,0,1.86068294892256,0,0,1.02847483966655,3.40789537334987,2.098913099564,0,0,0,0,3.95099727411845,44.2130810345213,0.878940865684777,0,0,2.18124757810351,1.25252310658447,0,2.03429142888579,3.89185834151091,0,2.33414013820549,3.21068173937167,0,0,6.70904966401753,0,49.3321660395902,16.1856278118266,6.20979692916604,0,0,0,0,4.53416472579395,0,0,0,0,70.2011505212676,0,0,0,13.0012793040251,8.49508218114884,278.975022382125,0,6.50610827890885,27.7523894069595,"HH vs. BH","BH"
"LOC111116857",495.817323165656,1.30092801709039,1.09603206312556,5.66687529798259e-05,0.00943194724596222,224.751753467554,559.465106033627,483.573002637398,421.608723699407,781.552526147888,555.647378150191,427.500703609629,195.013223574424,776.685365777,604.762216331059,651.65506487844,320.402834693388,808.145354908619,294.317539563761,558.028741783588,281.063912213313,156.273622032861,591.155988294544,221.008342090031,310.192507087337,363.680789418273,4957.63802279188,622.725511102409,204.174071192524,353.821621475811,355.091182991662,562.21452342777,417.916257137128,396.0068493763,185.707101779422,4009.55023991874,560.795731197323,646.24417342436,628.690337557694,557.999181879317,220.862737369891,189.512942263056,249.05368737497,445.902589070932,558.288935862501,374.247394540831,288.431990847021,321.529019764711,180.401331414059,320.037467214681,459.327310684143,137.237604042591,475.155375925944,249.457941329211,294.897290488742,511.796632952394,678.638476374821,474.183385811975,562.97013283956,443.499444019796,568.219967369589,174.909232271271,153.175853277978,173.552105467202,501.686942963806,566.140444176181,346.52406929256,515.692877222548,229.619642149144,491.757523701764,546.188792340086,637.855438888505,477.169096538564,173.936366863349,129.388814948909,390.618505273925,477.071064524037,706.772414449764,359.478244455057,487.949275562649,405.721007468878,204.684269928848,361.452072986918,549.767473002517,599.627153246093,140.247067163421,183.225867550239,435.456266651966,279.724584384743,485.231652637122,308.46395811577,236.246890151669,390.967041928182,906.850022837639,199.432557322759,313.940559327587,329.642819464715,192.131926663566,"HH vs. BH","BH"
"LOC111116684",92.1643474409877,-17.1071675402686,2.47815055174947,2.66998163417636e-12,2.01996246905597e-09,0,4.01050255221238,95.954564374022,1.74941379128385,28.90356975399,17.4366332055499,17.6761393529249,0,0,0,0,9.54842884847844,306.068020276675,0,1192.19785048917,19.3097344268688,84.1473349407712,0,4.56628805971138,0,0,0,5.67834812555389,3854.89523545016,1.18931637470861,4.46655576090141,0,0,45.8189743080016,252.478194554046,0,3.71387901455181,135.934119237538,53.0582609722257,24.2608339947529,1.50759547692758,0,2.15630898160147,5.0574962843584,0,0,29.2329720453062,0,0,0,54.5135709383378,116.303054273382,2.05694967933309,0,77.659784683868,0,0,0,1.91161335429392,5.92649591117768,638.633392720864,36.9155163587606,0,0,0,2.50504621316894,3.61905033203718,7.12002000110027,5.83778751226636,3.84185565392003,4.66828027641099,0,359.988190087722,0,193.60400459022,50.183627413664,15.6702174478698,0,4.13986461944403,45.8294899699725,2.21705468562228,10.132884649943,0,22.6708236289698,0,1.35504412718281,0,0,49.6808142150509,0,0,10.0960209466525,0,0,33.4308911119075,0,17.3496220770903,592.406773879328,"HH vs. BH","HH"
"LOC111117756",65.0537861526274,16.337075160116,7.10246147073135,2.70799470631221e-05,0.00487751101092248,0,0,0,0,0,0,0,0,0,11.9754894322982,849.370843076853,44.5593346262327,0,34.4696217507108,0,1014.83382043433,92.4118053367398,0,97.7185644778235,0.925947782350261,0,0,0,0,0,0,0,30.4307954226064,674.193479103452,0,121.432741486359,0,0,0,401.170219270378,0,0,169.270255055716,0,0,86.6115398794494,0,0,0,0,0,115.140023730648,0,0,0,0,0,27.7300225621038,0,0,946.487438442716,0,0,0,0,0,0,0,0,0,0,360.666582056084,0,0,0,0,0,5.39520927060888,0,0,0,0,0,0,2.96845125369353,0,0,0,0,0,7.43286646062097,0,10.215290881734,0,93.3759372436037,0,851.215833157241,0,"HH vs. BH","BH"
"LOC144623253",65.178960841457,22.6886455269046,3.49149298455408,2.5550510777419e-11,1.51298449392534e-08,712.028664346787,0,0,225.674379075616,16.1859990622344,0,191.164173742744,104.213415772576,0,0,0,0,4.1927126065298,53.0301873087858,0,274.627334071023,0,329.496780360893,0,0,0,8.47640610864181,0,88.7713353010975,83.2521462296025,4.46655576090141,0,2.02871969484043,157.093626198863,0,0,0,0,0,341.384592640452,19.5987412000586,0,95.9557496812656,122.222826871995,0,102.650713931199,342.025772930083,0,0,0,0,0,125.473930439319,0,0,573.341797674517,92.3317654931729,0,0,4.93874659264807,193.227539336056,0,0,0,0,0,0,383.463934344972,184.863271221768,0,0,324.278855676539,0,0,195.520875922797,0,210.096989486255,0,112.466322161563,148.271879314617,0,0,0,0,44.5267688054029,1.35504412718281,0,0,0,166.645214036991,0,0,0,22.2995907255157,0,0,0,0,"HH vs. BH","BH"
"LOC144625150",18.0039912887694,-5.47469930116289,3.88148965281279,8.48017958758855e-05,0.0131500722722817,0,0,0,54.2318275297992,53.1825683473415,5.81221106851664,5.89204645097498,0,9.9292163238537,0,1.00875397040006,44.5593346262327,2.0963563032649,0,63.1163567906034,0,93.1631208272824,0,6.39280328359593,0,0,0,9.46391354258981,37.7278175029664,13.677138309149,69.2316142939719,5.22504203929155,0,1.09092795971432,0,9.07908347561561,0.928469753637951,5.57107046055483,10.010992636269,0,0,98.967869848485,0,0,66.5849189560781,23.5241219425665,21.4375128332246,3.87384361162303,2.22717693103776,1.86068294892256,2.01902114586436,101.183657217842,0,8.17894889603969,2.098913099564,0,11.5414706866466,19.4110157934726,4.77903338573481,2.96324795558884,0,5.27364519410866,65.9507146057962,0,143.962340154831,0,102.23817188005,57.9773057232451,1.94592917075545,145.990514848961,0,1.07022724645722,2.11136768379895,53.2458265908211,0,2.7126285088467,5.80378423995179,0,8.96970667546206,10.7834094046994,1.10852734281114,0,7.0872955487631,0,0,12.8729192082367,0,42.3488124016711,85.3213983258483,21.2390959066754,13.6269218444718,2.01920418933051,6.50063965201253,0,0,0,2.16870275963628,0,"HH vs. BH","HH"
"LOC111122693",31.4525167672903,-22.5829249420005,3.71385375315779,3.74621911190693e-10,1.61255355772187e-07,0,0,19.950949028262,0,0,0,1.30934365577222,0,0,0,0,57.2905730908707,19.9153848810165,0,0,0,11.269732358139,0,0,0,0,0,0,49.9338761068673,0,3.34991682067606,0,0,2.18185591942865,5.21649162301747,5.67442717225976,0,1245.69135498006,110.120918998959,0,0,0,0,0,0,0,1.94886480302041,0,0,0,1.00951057293218,15.1193970555397,0,0,11.544022047602,0,0,0,0,26.6692316002996,117.90154942539,0,263.802858423185,0,0,0,0,0,0,0,0,0,6.33410305139686,0,183.06121226105,1.35631425442335,0,0,0,70.0921611305462,0,0,14.1745910975262,0,0,0,0,0,111.241823133701,0,0,0,0,0,201.738136020131,0,0,367.185459845926,"HH vs. BH","HH"
"LOC111101430",83.7411528379488,-21.2808511784634,3.54899140005651,7.20504569377586e-10,2.85525667921918e-07,0,62.1627895592919,168.157998952494,0,30.0597125441496,0,181.344096324452,0,0,0,0,86.9967961750258,572.305270791318,0,0,0,8.2644703959686,0,0,0,0,0,2.83917406277694,507.106252907519,0,16.7495841033803,0,0,135.275067004576,277.51735434453,2.2697708689039,0,986.079471518205,245.269319588591,176.757504818914,0,0,4.31261796320295,0,0,11.7620609712833,258.224586400205,0,0,0,4.03804229172873,223.301864204893,0,0,168.962504514902,0,0,0,0,23.7059836447107,183.402410217274,0,230.827501120287,0,0,0,0,0,0,9.60463913480007,9.33656055282198,0,65.4523981977676,0,1775.02285396578,0,187.462230950443,0,0,130.74883903198,78.7054413395911,0,0,0,0,1.35504412718281,0,0,315.365168495541,0,0,20.1920418933051,0,0,380.420485066534,0,0,246.56930588491,"HH vs. BH","HH"
"LOC144624832",74.9432440474454,-17.6172873524807,2.4954701264554,8.44921845259378e-13,6.8046189641115e-10,0.944335098603166,14.0367589327433,415.169748826214,5.24824137385154,0,0,4.58270279520276,0,1.10324625820597,0,0,532.590142437353,24.1080974875463,0,0,0,2.2539464716278,0,2.73977283582683,0.925947782350261,0,0,0,36.6181758117027,0,0,3.13502522357493,0,56.7282539051449,5.21649162301747,0,0,1606.69672082401,138.151698380512,0,1.50759547692758,5.26424839619601,0,0.842916047393067,2.0487667371101,28.8705132931498,20.4630804317143,0,0.742392310345921,3.72136589784513,199.883093440572,0,0,0.681579074669974,207.792396856836,0,2.30829413732932,3.69733634161384,0,19.7549863705923,1365.69294751077,0,8.50976962655434,2.9086945050369,4.36249515620701,0,1.80952516601859,0,2.91889375613318,6.72324739436005,22.1743313129522,0,67.5637658815665,22.0082749908727,570.26922144149,0,1.16075684799036,0,2.75990974629602,36.3940067408605,0,8.10630771995439,0,1.13354118144849,0.989483751231176,0.677522063591404,0,0,219.24359316642,0.816888304102899,1.23881107677016,0,0,0,302.030809355854,0,0,972.401028836159,"HH vs. BH","HH"
"LOC144624833",18.9517040219546,-22.5974645690484,3.75757587455006,5.6435723290921e-10,2.27253914142118e-07,0,32.0840204176991,34.201626905592,10.4964827477031,4.62457116063839,0,6.54671827886109,0,0,0,0,41.3765250100733,81.7578958273311,0,0,0,9.0157858865112,0,0,0,0,0,0,0,0,2.2332778804507,0,0,28.3641269525724,0,0,0,89.1371273688773,102.112124889944,0,0,0,0,0,0,10.6927827011666,0,0,0,0,9.08559515638963,37.2169773674822,0,0,10.49456549782,0,0,0,0,0,112.988984865999,0,570.154564979141,0,0,0,0,0,0,1.92092782696001,0,0,66.508082039667,0,38.3374266515287,0,2.32151369598072,0,0,0,19.9534921706006,0,0,0,0,0,0,0,114.481876234683,0,0,0,0,0,313.558702842719,0,2.16870275963628,10.6739959257537,"HH vs. BH","HH"
"LOC111119661",33.580469699751,1.3568774428799,1.72425828889181,0.000240712768780683,0.0287542343798016,66.1034569022216,43.1129024362831,34.201626905592,24.4917930779739,30.0597125441496,9.29953770962662,58.9204645097498,124.849735727541,14.3422013566776,2.99387235807455,38.3326508752024,32.8890327003146,5.24089075816225,282.385747419284,3.00554079955254,43.9832839723123,9.0157858865112,25.549215589481,82.1931850748048,4.6297389117513,6.44316359205601,9.53595687222203,8.51752218833083,13.3157002951646,234.295325817596,18.982861983831,81.5106558129481,7.1005189319415,53.4554700260019,33.3855463873118,53.3396154192417,31.5679716236904,13.3705691053316,53.0582609722257,6.93166685564369,24.8753253693051,2.1056993584784,33.4227892148228,19.3870690900405,13.3169837912156,9.62350443104993,1.94886480302041,2.32430616697382,26.7261231724531,49.3080981464479,49.4660180736769,40.7060689956837,15.4271225949982,53.844746898928,11.544022047602,1.07973973196708,28.8536767166165,15.7136794518588,7.64645341717569,10.8652425038257,37.662994955333,6.15258605979344,2.12744240663859,0,11.9968616795693,12.5252310658447,20.8095394092138,7.12002000110027,59.3508397080413,11.5255669617601,15.1719108983357,4.28090898582889,15.8352576284922,9.22927660907566,2.87530699886466,23.057342325197,1.16075684799036,16.1856278118266,37.2587815749963,156.359436368142,4.43410937124457,6.07973078996579,205.53157091413,11.3354118144849,39.579350049247,18.2930957169679,31.0382617161606,174.919007746033,4.32007080130877,20.4222076025725,44.5971987637258,30.2880628399576,18.5732561486072,24.4233612708029,41.5004165527128,0,14.0965679376358,4.26959837030146,"HH vs. BH","BH"
"LOC111100718",77.775552536237,-3.78649998978624,0.966622541359183,1.69423059044833e-06,0.000418793672486465,23.6083774650792,16.0420102088495,16.150768260974,50.7329999472316,24.2789985933516,30.2234975562865,32.7335913943054,12.3817919729793,54.0590666520923,16.9652766957558,80.700317632005,42.4374615487931,16.7708504261192,15.9090561926357,78.1440607883661,51.4926251383169,36.0631435460448,15.8581338141606,39.2700773135179,12.9632689529036,20.761304907736,44.5011320703695,42.5876109416541,18.8639087514832,59.4658187354303,29.0326124458592,24.0351933807411,15.2153977113032,52.3645420662876,19.8226681674664,40.8558756402702,22.2832740873108,100.279268289987,1335.46641767829,97.0433359790116,21.8601344154499,13.6870458301096,67.9237329204464,10.1149925687168,16.3901338968808,29.9397915632665,15.5909184241633,61.9814977859684,18.559807758648,49.3080981464479,70.6657401052527,66.2927409358277,51.4237419833273,186.752666459573,18.890217896076,7.55817812376953,616.314534666929,9.24334085403459,1482.45615625494,17.779487733533,40.9380379949272,15.820935582326,76.5879266389891,30.0565098853813,46.8968229292254,17.5353234921826,31.6666904053253,15.2571857166434,87.5668126839954,26.8929895774402,4.66828027641099,40.6686353653745,26.3920960474869,85.9032668998581,10.5427923291704,11.5286711625985,24.3758938077975,32.3712556236533,87.6271344448986,16.1751141070491,29.9302382559008,20.265769299886,16.8323269283124,17.0031177217273,228.570746534402,75.8824711222373,77.0950371659474,219.10907286082,47.5207788143965,22.0559842107783,78.0450978365201,48.4609005439321,16.7159305337465,36.1040992698826,39.1948378553398,30.9518861308889,61.8080286496341,16.0109938886305,"HH vs. BH","HH"
"LOC144617493",30.5369412441873,17.1304048682215,2.65459546976819,5.69912122901153e-11,2.90376042047963e-08,0,0,7.600361534576,6.99765516513539,16.1859990622344,2.32488442740666,0,0,0,1.99591490538303,0,57.2905730908707,0,0,0,0,12.0210478486816,0,0,0,0,6.35730458148136,7.57113083407185,160.898045233239,0,305.959069621747,0,0,0,22.9525631412769,0,1.8569395072759,0,0,6.93166685564369,6.03038190771033,0,0,0,0,10.6927827011666,0,23.2430616697382,0,0,2.01902114586436,0,6.17084903799927,0,0,58.3059455262221,6.92488241198797,0,0,0,6.55008607918834,0,0,0,2.18124757810351,5.01009242633788,0,22.3772057177437,481.617469761975,5.76278348088004,2.33414013820549,0,35.8932506245822,0,0,5.4252570176934,2.32151369598072,0,2.75990974629602,2.69585235117486,11.0852734281114,0,1049.80565316053,9.06832945158791,0,5.42017650873124,395.487528318821,0,0,0,0,4.03840837866101,0,0,9.22231478949172,2.21084900934921,19.5183248367266,28.8197889995349,"HH vs. BH","BH"
"LOC111137128",13.7007595879066,15.3590166201667,2.33601610094599,2.85420467153571e-11,1.61950167794456e-08,1.88867019720633,0,0,1.74941379128385,3.46842837047879,6.97465328221997,0,0,0,0,0,37.1327788551939,0,5.30301873087858,2.00369386636836,3.21828907114481,6.0105239243408,0,0,2.77784334705078,0,0,0,39.9471008854939,0,203.228287121014,1.04500840785831,0,2.18185591942865,13.5628782198454,2.2697708689039,0,0,1.0010992636269,0,0,0,0,0,0,6.41566962069995,1.94886480302041,4.64861233394763,0.742392310345921,0,4.03804229172873,3.48909162820146,2.05694967933309,10.2236861200496,0,25.9137535672098,0,0,0,0,0,0,0,0,17.449980624828,0,0,106.800300016504,67.1345563910631,0.960463913480007,1.16707006910275,0,6.33410305139686,0,0,3.39078563605838,0,4.4960077255074,3.44988718287002,0,5.54263671405571,2.0265769299886,326.015595243103,5.66770590724244,0,1.35504412718281,274.338184200904,0,2.16003540065439,1.6337766082058,0,2.01920418933051,16.7159305337465,4.24754109057442,2.30557869737293,0,6.50610827890885,19.2131926663566,"HH vs. BH","BH"
"LOC144624861",12.9376275592361,3.23887052426466,3.56505512258941,0.00023627718061676,0.0286741258479953,1.88867019720633,2.00525127610619,12.350587493686,0,11.561427901596,6.97465328221997,62.8484954770665,61.9089598648964,1.10324625820597,36.9244257495861,4.03501588160025,9.54842884847844,53.4570857332549,0,0,15.0186823320091,3.756577452713,34.3592899306814,0,3.70379112940104,0,6.35730458148136,11.3566962511078,52.1531594893948,0,0,0,8.11487877936172,21.8185591942865,2.08659664920699,20.4279378201351,9.28469753637951,28.9695663948851,29.0318786451801,19.0620838530201,3.01519095385517,0,4.31261796320295,59.8470393649077,0,0,35.0795664543675,3.09907488929842,0,0,6.05706343759309,25.586671940144,0,0,16.791304796512,5.39869865983538,2.30829413732932,1.84866817080692,0,0.987749318529613,62.2258177522893,1.75788173136955,0,0,2.18124757810351,35.0706469843652,0,0,0,0,0,38.52818087246,23.2250445217885,0,23.0024559909172,6.78157127211675,9.86643320791804,0,0,105.138241695819,0,0,0.885911943595387,10.2018706330364,0,12.1953971446453,6.00740549345044,1.84125271311613,42.1206903127606,0,0,16.153633514644,8.35796526687325,20.1758201802285,41.5004165527128,26.5301881121905,4.33740551927257,10.6739959257537,"HH vs. BH","BH"
"LOC111136589",424.169298322626,-1.73731318131326,1.85716752325353,0.00016023436268745,0.0213925727211491,115.208882029586,129.338707308849,149.157095116054,2041.56589442825,1418.58720352583,132.518412362179,84.4526657973081,109.372495761317,327.664138687172,157.67727752526,111.971690714407,699.157179016366,138.359516015483,67.6134888187019,1815.34664292973,179.151424960394,1839.22032084828,59.0274980860424,222.834857313915,123.151055052585,52.9771228680161,264.887690895056,193.063836268832,44.3856676505487,122.499586594986,1886.00317004062,42.8453447221907,155.197056655293,17.4548473554292,147.105063769093,93.06060562506,49.2088969428114,111.421409211097,83.0912388810328,168.959379606315,33.9208982308706,2525.78638049484,84.0960502824575,42.1458023696533,2349.93544746528,137.936896845049,97.4432401510207,24.7925991143874,120.267554276039,79.079025329209,255.406174951842,2149.2804429721,89.4773110509894,25.218425762789,90.253263281252,37.7908906188476,64.632235845221,80.4170654301009,123.299061351958,38.5222234226549,63.8633392720864,171.393468808532,3516.66229817358,60.1130197707627,147.234211521987,76.4039095016527,2228.43024195189,176.983354313064,97.2964585377727,2293.58782539026,203.070192023878,32.1068173937167,111.902487241345,1007.41103909834,84.3423386333632,107.826983226656,1524.07374141134,54.8512942511903,84.8672246986026,124.009208154043,119.720953023603,64.8504617596351,93.0207540775157,740.202391485863,167.222753958069,113.823706683356,36.0444329607027,507.265122463495,2301.51771939725,136.420346785184,205.642638743847,173.651560282424,106.796222854492,88.1364776294192,14.9862615329241,144.810610112373,182.171031809448,281.793492439897,"HH vs. BH","HH"
"LOC144624866",4.60727588074063,13.9718678284526,3.80076156251626,4.51127441135363e-06,0.00103328877939316,0,0,0,0,0,0,0,0,0,0,5.04376985200031,10.6093653871983,0,0,0,1.07276302371494,8.2644703959686,0,0,0,0.715907065784001,0,0,5.54820845631859,0,3.34991682067606,0,0,0,3.12989497381048,0,0,0,0,0,0,7.36994775467441,2.15630898160147,0,0,0,0,0,0.742392310345921,0,0,0,4.11389935866618,14.3131605680695,0,0,0,0,0,4.93874659264807,0,0,0,0,0,5.01009242633788,0,0,16.5403979514214,26.8929895774402,1.16707006910275,2.14045449291445,0,0,0,0,0,0,0,0,1.10852734281114,0,279.948174176142,2.26708236289698,8.90535376108059,0,6.00740549345044,2.7618790696742,0,0,0,0,0,0,0,1.1054245046746,3.25305413945443,0,"HH vs. BH","BH"
"LOC111110147",20.6128766323415,18.3247503952905,3.22796570402785,6.19945371917968e-09,2.09156164260865e-06,0,0,9.50045191822,5.24824137385154,0,0,0,0,0,0,0,284.330992376914,0,1.32575468271965,0,0,3.0052619621704,0,0,0,0,13.7741599265429,9.46391354258981,76.5652766971966,1.18931637470861,435.489186687887,0,0,0,4.17319329841398,0,0,2.22842818422193,0,2.59937507086638,1.50759547692758,0,0,0,0,0,0,1.54953744464921,0,0,0,11.6303054273382,0,1.36315814933995,0,0,0,0,0,0,9.82512911878252,5.27364519410866,0,0,0,0,0,0,215.998137953855,0,0,23.5449994220589,24.280728363688,0,0,0,0,0,1.37995487314801,0,11.0852734281114,0,575.842763337002,0,0,6.77522063591404,156.192542829712,0,0,3.2675532164116,0,12.115225135983,0,0,0,0,4.33740551927257,2.13479918515073,"HH vs. BH","BH"
"LOC111107221",6.20612833903967,-19.4787984297195,3.35145175643367,2.5757162191529e-09,9.59781061602556e-07,0,0,0,0,13.8737134819152,0,51.7190744030026,0,13.2389550984716,0,0,0,2.0963563032649,0,0,0,0,0,6.39280328359593,0,0,0,0,0,6.54124006089734,0,0,4.05743938968086,0,0,0,0,0,0,0,0,0,8.62523592640589,0.842916047393067,0,2.13855654023332,85.7500513328982,0,0,0,11.104616302254,0,0,2.04473722400992,0,0,15.0039118926406,0,0,0,0,0,34.0390785062174,0,0,0,0,0,0,0.960463913480007,1.16707006910275,0,0,0,24.9193273234937,0,12.7683253278939,0,3.44988718287002,21.5668188093988,6.65116405686685,0,0,0,0.989483751231176,0,159.196245576437,0,1.08001770032719,84.9563836267015,0,0,0.928662807430361,0,0,0,0,1.06739959257537,"HH vs. BH","HH"
"LOC144624877",151.820833186744,-19.1432515906656,3.13898367259084,4.68850089708372e-10,1.95088522327654e-07,0,18.0472614849557,10.450497110042,16.6194310171965,2327.31543659127,3.48732664110998,9.82007741829164,0,0,0,0,7.42655577103879,8.3854252130596,0,0,0,214.124914804641,0,0,3.70379112940104,0,0,0,2147.1566725953,0,36.8490850274366,0,0,110.183723931147,133.542185549247,0,0,51.2538482371044,7.00769484538831,39.8570844199512,0,0,0,0,0,2.13855654023332,191.963183097511,0.774768722324605,1.48478462069184,0,11.104616302254,126.770329157986,0,0,16.791304796512,0,0,0,0,257.802572136229,2569.27126456163,0,38.2939633194946,0,0,1.25252310658447,0,0,0,89.3231439536407,0,2.14045449291445,7.38978689329634,0.709944354544282,1300.59719915311,0,510.152634691762,0,0,48.5253423211474,1.10852734281114,0,2.65773583078616,0,2.96845125369353,1.35504412718281,1.00123424890841,0,3548.93816327516,0,0,0,0,0,119.890092263392,4.42169801869841,0,115.27915599814,"HH vs. BH","HH"
"LOC144625713",23.5434615594479,-3.15663742974851,2.94400871800536,0.00014245016601195,0.0196486786997478,1.88867019720633,46.1207793504424,0,6.12294826949346,0,22.0864020603632,1.96401548365833,0,18.7551863895014,2.99387235807455,63.5515001352039,1.06093653871983,0,10.6060374617572,16.0295509309469,9.65486721343441,3.756577452713,0,0,1.85189556470052,3.57953532892001,0,3.78556541703592,1.10964169126372,6.54124006089734,1.11663894022535,30.305243827891,49.7036325235905,28.3641269525724,3.12989497381048,35.1814484680105,79.8483988128638,35.6548509475509,33.0362756996877,2.59937507086638,0.753797738463791,4.21139871695681,5.39077245400368,42.9887184170464,22.5364341082111,51.3253569655996,1.94886480302041,10.0719933902199,42.3163616897175,15.8158050658418,4.03804229172873,0,2.05694967933309,4.77105352268982,89.20380673147,0,3.46244120599398,43.4437020139626,1.91161335429392,20.7427356891219,37.662994955333,36.0365754930759,0,2.9086945050369,1.09062378905175,2.50504621316894,0,3.05143714332869,0,2.88139174044002,0,1.07022724645722,32.7261990988838,743.311739207863,0,42.0457418871239,0.580378423995179,3.59680618040592,4.13986461944403,2.69585235117486,22.1705468562228,123.621192729304,149.71911846762,2.26708236289698,7.91587000984941,23.7132722256992,14.0172794847177,2.7618790696742,5.40008850163597,2.4506649123087,0,10.0960209466525,0,12.7426232717233,4.61115739474586,2.21084900934921,1.08435137981814,1.06739959257537,"HH vs. BH","HH"
"LOC144625445",17.7287360010101,16.0473625888842,3.12893394950694,1.15906256389196e-07,3.36478557792172e-05,0,0,870.241395708952,16.6194310171965,0,0,0,0,0,0,0,0,40.8789479136655,0,0,69.7295965414708,4.5078929432556,1.76201486824007,19.1784098507878,0,1.431814131568,0,71.9257429236825,0,0,0,0,0,2.18185591942865,0,0,0.928469753637951,6.68528455266579,0,1.73291671391092,0,0,0,0,5.12191684277524,0,0,30.9907488929842,1.48478462069184,0,0,1.16303054273382,0,0,8.395652398256,0,0,1.84866817080692,0,0,0,0,0,0,23.9937233591386,0,0,0,0,0,46.6828027641099,2.14045449291445,5.27841920949739,0,0,2.7126285088467,2.90189211997589,0.89920154510148,6.20979692916604,0,190.666702963516,0,157.692325959979,0,0,0,37.0456672096111,0,0,0,0,6.05761256799152,0,0,0,2.21084900934921,0,7.47179714802756,"HH vs. BH","BH"
"LOC111107329",15.0906084964721,-3.9179620241373,2.5893070314719,5.78526904579533e-05,0.00956523357598187,5.666010591619,5.01312819026548,2.850135575466,6.99765516513539,2.3122855803192,44.1728041207265,15.0574520413805,0,9.9292163238537,1.99591490538303,5.04376985200031,2.12187307743965,2.0963563032649,0,2.00369386636836,0,0,0,10.9590913433073,21.296798994056,3.57953532892001,2.11910152716045,86.1216132375673,0,0,20.0995009240563,1.04500840785831,3.04307954226064,0,0,11.3488543445195,4.64234876818976,11.1421409211097,13.0142904271497,3.46583342782184,0.753797738463791,30.5326406979368,6.46892694480442,5.0574962843584,10.2438336855505,0,2.92329720453062,16.2701431688167,8.16631541380513,14.8854635913805,1.00951057293218,11.6303054273382,16.4555974346647,1.36315814933995,0,0,6.92488241198797,8.31900676863113,32.4974270229967,21.7304850076515,6.55008607918834,0,45.7400117427296,7.75651868009841,0,17.5353234921826,37.0952659033811,22.3772057177437,13.6215041952882,8.64417522132007,0,0,0,147.668425745211,9.58435666288218,2.7126285088467,1.16075684799036,0,0,0,6.65116405686685,6.07973078996579,28.3491821950524,6.80124708869093,23.7476100295482,72.4948608042803,133.164155104818,8.2856372090226,2.16003540065439,27.7742023394986,35.9255212263347,171.632356093093,8.35796526687325,45.661066723675,9.22231478949172,0,2.16870275963628,2.13479918515073,"HH vs. BH","HH"
"LOC111126222",105.975669124449,-3.94741029378069,0.691435678364826,5.18833292189051e-09,1.79905444066553e-06,74.6024727896501,1251.27679629026,38.00180767288,48.1088792603058,48.5579971867031,37.1981508385065,37.9709660173943,11.349975975231,67.2980217505639,48.8999151818843,45.3939286680028,42.4374615487931,72.324292462639,41.098395164309,45.0831119932881,36.4739428063078,32.3065660933318,44.0503717060018,57.5352295523634,47.2233368998633,45.8180522101761,59.3348427604927,41.6412195873952,28.8506839728567,59.4658187354303,26.7993345654085,32.3952606436076,28.402075727766,31.6369108317154,29.2123530888979,39.7209902058183,1157.80178278653,42.3401355002167,37.0406727541953,43.322917847773,44.4740665693637,56.8538826789169,35.5790981964243,42.1458023696533,35.8534178994267,60.9488613966496,61.3892412951431,61.2067290636438,57.9066002069818,61.4025373144446,60.5706343759309,66.2927409358277,39.0820439073287,40.2131654055285,50.373914389536,145.764863815555,53.0907651585744,36.0490293307349,50.6577538887889,39.5099727411845,32.7504303959417,48.3417476126627,1835.9827969291,56.2347604307135,55.6218132416394,50.1009242633788,1298.33430661834,52.8915771510306,75.8912376594627,52.8255152414004,24.5084714511577,44.9495443512034,51.7285082530744,39.0469394999355,60.3814469761578,34.5860134877954,71.386546151407,31.4720540785518,37.9487590115703,43.1336376187977,53.2093124549348,44.5846924597491,75.3025152056079,28.3385295362122,75.2007650935694,60.9769857232264,42.0518384541531,49.7138232541356,63.7210443193044,50.6470748543798,38.403143379875,43.4128900706059,75.2216874018593,42.4754109057442,55.3338887369503,33.1627351402381,33.6148927743624,61.9091763693712,"HH vs. BH","HH"
"LOC111126262",103.779418436046,-1.79497238391341,0.733599197553126,6.20555568003229e-06,0.00132417011203151,101.988190649142,431.129024362831,77.903705729404,82.2224481903408,95.9598515832466,63.934321753683,74.6325883790164,96.9907037883377,81.6402231072415,103.787575079918,81.7090716024051,68.9608750167888,90.1433210403907,64.9619794532626,130.240101313943,75.0934116600454,121.713109467901,96.0298103190839,100.45833731365,68.5201358939193,75.1702419073201,67.8112488691345,53.9443071927619,57.7013679457134,96.3346263513971,45.7821965492395,73.1505885500817,39.5600340493884,97.0925884145748,85.5504626174866,71.4977823704729,370.459431701543,118.106693763762,59.0648565539871,131.70167025723,63.3190100309585,106.337817603159,130.456693386889,76.7053603127691,67.6093023246332,66.2952527472329,143.241563022,70.5039537315391,103.192531138083,84.6610741759767,75.7132929699136,151.193970555397,76.1071381353243,112.460547320546,69.264132285612,38.8706303508147,117.723001003795,61.9303837220318,72.641307463169,91.860686623254,65.5008607918834,62.4048014636192,594.620152655485,60.1130197707627,68.7092987102604,83.9190481411595,848.667302862719,85.4402400132033,81.729025171729,72.0347935110005,33.8450320039797,83.4777252236634,67.5637658815665,68.154658036251,97.7604379613983,63.7467699578975,128.84401012693,53.9520927060888,87.6271344448986,72.7880134817211,83.1395507108356,43.5714039947549,69.1011316004402,73.6801767941517,86.0850863571123,66.3971622319576,93.1147851484819,62.6025922459485,150.12246034548,68.6186175446436,92.9108307577621,106.008219939852,66.863722134986,119.993035808727,86.4592011514849,118.280422000182,66.1454341689067,86.4593669986047,"HH vs. BH","HH"
"LOC111099966",20.4881512889981,-19.9668743478001,2.23928532357363,2.03512649999579e-19,1.0161793639779e-15,0,12.0315076566371,10.450497110042,0.874706895641923,9.24914232127678,4.64976885481331,2.61868731154444,0,6.6194775492358,0,0,78.5093038652672,0,0,0,1.07276302371494,1.5026309810852,0,1.82651522388455,0,0,0,43.5340022959131,156.459478468184,0,255.710317311606,6.27005044714986,0,42.5461904288586,6.25978994762097,6.80931260671171,0.928469753637951,11.1421409211097,13.0142904271497,13.8633337112874,39.1974824001171,0,1.07815449080074,32.8737258483296,4.09753347422019,35.2861829138498,0,12.3962995571937,6.68153079311328,0,0,1.16303054273382,0,0,2.098913099564,0,0,5.54600451242075,0,1.97549863705923,3.27504303959417,11.4262312539021,42.5488481327717,0,9.81561410146577,0,0.904762583009296,27.4629342899582,79.7830960009736,0,4.66828027641099,0,17.9466253122911,0,0,7.45972839932843,0,0,0,0,18.8449648277894,0,660.890309922159,4.53416472579395,0,4.74265444513983,140.172794847177,9.20626356558067,0,0,0,6.05761256799152,0,0,3.4583680460594,11.054245046746,0,12.8087951109044,"HH vs. BH","HH"
"LOC111122402",9.65459175968401,17.17915710919,2.36917304859588,2.16831774558701e-13,1.93336502986876e-10,0,0,7.600361534576,0,3.46842837047879,0,1.30934365577222,0,14.3422013566776,2.99387235807455,2.01750794080012,49.8640173198319,0,2.65150936543929,0,0,0,0,3.6530304477691,1.85189556470052,0,6.35730458148136,0,62.1399347107682,0,234.494177447324,0,1.01435984742021,0,2.08659664920699,0,0,4.45685636844386,0,0,2.26139321539137,0,6.46892694480442,5.0574962843584,0,0,0,1.54953744464921,5.93913848276736,0,0,0,2.05694967933309,0,4.197826199128,0,0,1.84866817080692,0,0,13.1001721583767,0,0,0,2.18124757810351,1.25252310658447,0,0,72.9723439033295,1.92092782696001,9.33656055282198,0,14.7795737865927,0,1.91687133257644,2.7126285088467,0,11.6896200863192,0,6.73963087793714,18.8449648277894,2.0265769299886,191.356979816604,0,0,0.677522063591404,98.1209563930239,3.68250542623227,0,1.6337766082058,0,0,4.64331403715181,0,0,0,4.33740551927257,4.26959837030146,"HH vs. BH","BH"
"LOC111107979",111.835920986958,4.97052567612521,3.02503714050898,5.10013607228274e-05,0.00860337818787911,800.796163615485,4.01050255221238,2.850135575466,0.874706895641923,2.3122855803192,0,1.96401548365833,0,1.10324625820597,1.99591490538303,0,1.06093653871983,14.6744941228543,2.65150936543929,2.00369386636836,2.14552604742987,0,872.197359778836,5.47954567165366,2.77784334705078,6.44316359205601,4.2382030543209,1.89278270851796,23.3024755165381,4.16260731148012,0,0,4.05743938968086,2.18185591942865,7.30308827222446,0,0.928469753637951,0,2.0021985272538,1.73291671391092,6.03038190771033,0,8.62523592640589,0,1.02438336855505,0,0,7.74768722324605,0,18.6068294892256,0,1.16303054273382,0,3.40789537334987,7.346195848474,4957.08510946084,2.30829413732932,0,3.82322670858784,9.87749318529613,0,0,0,0.969564835012302,3.27187136715526,3492.0344211575,2.71428774902789,4.06858285777158,0.972964585377727,5.76278348088004,0,12.8427269574867,3.16705152569843,1.41988870908856,0.958435666288219,0,0,3.59680618040592,2.75990974629602,5.39170470234971,11.0852734281114,0,0,2.26708236289698,1.97896750246235,0,2.00246849781681,0.920626356558067,3.24005310098158,5.7182181287203,2.47762215354032,3.02880628399576,1.85732561486072,8.49508218114884,6.91673609211879,6.63254702804762,0,0,"HH vs. BH","BH"
"LOC144624815",7.3344315169744,-3.91984307896961,2.77788289369249,7.09100833432773e-05,0.0113483406458222,1.88867019720633,15.0393845707964,12.350587493686,28.8653275561835,1.1561427901596,15.1117487781433,2.61868731154444,2.06363199549655,9.9292163238537,0,12.1050476448007,2.12187307743965,2.0963563032649,0,8.01477546547344,13.9459193082942,0.7513154905426,0.881007434120036,4.56628805971138,2.77784334705078,0,0,13.2494789596257,0,31.5168839297781,2.2332778804507,9.40507567072478,4.05743938968086,8.72742367771459,4.17319329841398,6.80931260671171,2.78540926091385,8.91371273688773,4.0043970545076,0,6.03038190771033,0,0,1.68583209478613,1.02438336855505,4.27711308046664,13.6420536211429,0,0,1.86068294892256,22.209232604508,18.6084886837411,4.11389935866618,16.3578977920794,4.197826199128,0,0,8.31900676863113,0,0,13.1001721583767,3.51576346273911,7.44604842323505,134.76951206671,4.36249515620701,2.50504621316894,17.1904890771766,2.03429142888579,3.89185834151091,1.92092782696001,2.33414013820549,4.28090898582889,12.6682061027937,0,1.91687133257644,0,1.16075684799036,0,0,2.69585235117486,6.65116405686685,2.0265769299886,31.0069180258386,9.06832945158791,0,0,4.00493699563363,1.84125271311613,8.64014160261755,37.5768619887334,0,0,1.85732561486072,2.12377054528721,2.30557869737293,0,10.8435137981814,13.8761947034798,"HH vs. BH","HH"
"LOC111100876",284.606003701221,2.91879654982505,1.92259053491681,4.9726921404566e-05,0.00844545795773058,1056.71097533694,48.1260306265486,43.702078823812,36.7376896169608,284.411126379261,75.5587438907163,264.487418465988,1244.37009328442,1076.76834800902,556.860258601866,197.715778198412,45.6202711649526,502.077334631943,452.082346807399,67.1237445233401,61.1474923517513,70.6236561110044,1593.74244832315,289.502662985701,5.55568669410156,159.647275669832,48.7393351246904,250.79370887863,23.3024755165381,448.966931452499,55.8319470112676,248.712001070278,304.307954226064,52.3645420662876,1122.58899727336,118.028085183003,26.9256228555006,105.850338750542,169.185775552946,32.058959207352,36.9360891847258,149.504654451967,37.7354071780258,27.8162295639712,63.511768850413,39.5632959943164,278.687666831919,28.6664427260104,1534.52490548502,94.8948303950508,39.3709123443551,202.367314435685,15.4271225949982,94.0579123044565,553.063601735114,849.755169058088,124.647883415783,71.1737245760663,11.4696801257635,253.851574862111,16.3752151979709,86.1362048371082,78.7153690456277,27.1478153803444,386.08082132432,1809.89588901456,36.1905033203718,64.0801800099024,85.62088351324,27.8534534909202,23.3414013820549,568.290667868785,15.8352576284922,51.1159935271883,13.4180993280351,187.171367110422,137.549686486857,130.384224039715,531.972603598558,14.8271879314617,36.5814023127677,30.398653949829,189.585155929413,69.1460120683578,26.7160612832418,75.2049490586459,48.0592439476035,649.041581373437,19.4403186058895,759.706122815696,7.43286646062097,1020.70771770657,291.600121533133,998.172156284989,363.128644836237,1060.10209998294,17.3496220770903,866.728469171197,"HH vs. BH","BH"
"LOC144624942",483.229718307218,-2.20340786724437,3.03956395090944,0.000387538705400869,0.0406126918093865,1255.96568114221,160.420102088495,5.700271150932,123.333672285511,0,39.5230352659131,195.09220471006,0,626.643874660989,1.99591490538303,40.3501588160025,2.12187307743965,7.33724706142715,21.2120749235143,1.00184693318418,8.58210418971948,55.5973463001524,47.5744014424819,0,25.000590123457,40.0907956839041,0,4254.02913739412,0,3663.68909228986,0,29.2602354200327,229.245325516968,70.9103173814311,20.8659664920699,30.6419067302027,1304.50000386132,148.190474250758,1712.88084006563,661.974184713972,2648.84525296176,2.1056993584784,26.9538622700184,18.5441530426475,643.31275545257,6.41566962069995,63.3381060981635,1511.5737772553,2724.57977896953,82.8003912270541,1544.55117658624,40.7060689956837,335.282797731294,201.065827027642,0,25.9137535672098,45.0117356779218,0,4875.56986012665,7.90199454823691,18.0127367177679,29.0050485675976,1391.34733394164,1771.39495356747,1.09062378905175,174.100711815241,8.14286324708366,35.6001000055014,7.78371668302181,5.76278348088004,921.98535459117,0,0,0.709944354544282,1580.46041370927,2915.39748988299,0,183.437115200702,230.452463815718,20.2188926338114,168.496156107294,3504.96480041528,4.42955971797694,13.6024941773819,13.8527725172365,34.5536252431616,2.00246849781681,266.061017045281,0,49.013298246174,1106.25829155575,12.115225135983,0,15.9282790896541,124.501249658138,6.63254702804762,98.6759755634509,636.170157174918,"HH vs. BH","HH"
"LOC111115711",71.0712100877383,5.23761893573179,2.56686605306822,2.71501335335423e-05,0.00487751101092248,190.75568991784,3.00787691415929,1.900090383644,72.6006723382796,27.7474269638304,156.929698849949,20.9494984923555,2.06363199549655,0,0,35.3063889640022,8.48749230975862,68.1315798561092,167.045090022675,84.1551423874711,0,30.052619621704,127.746077947405,12.7856065671919,123.151055052585,101.658803341328,60.3943935240729,5.67834812555389,13.3157002951646,16.0557710585662,135.113311767268,61.6554960636403,24.3446363380851,0,2.08659664920699,115.758314314099,46.4234876818976,208.358035224751,3.0032977908807,0,94.9785150464377,77.9108762637009,226.412443068155,1.68583209478613,81.9506694844038,106.927827011666,439.469013081103,68.9544162868899,8.16631541380513,7.44273179569026,87.8274198450998,0,115.189182042653,0,0,21.5947946393415,168.505472025041,40.6706997577522,5.73484006288177,88.8974386676652,173.577281098491,19.3366990450651,0,0,37.0812088277596,47.5958780502099,0,4.06858285777158,40.8645125858645,448.536647595163,215.907962784008,19.26409043623,109.791119557546,0,11.5012279954586,103.758040463386,32.50119174373,52.1536896158859,172.494359143501,124.009208154043,2.21705468562228,165.166019794071,1.77182388719077,106.552871056158,134.56979016744,0,166.204885318796,0,38.880637211779,10.6195479533377,174.672361824593,0,7.42930245944289,2.12377054528721,383.878853112593,225.506598953619,4.33740551927257,4.26959837030146,"HH vs. BH","BH"
"LOC111133984",71.0065444961748,-1.56169602801324,1.92816385732567,0.000236772458710667,0.0286741258479953,13.2206913804443,3.00787691415929,25.651220179194,32.3641551387512,34.6842837047879,46.4976885481331,48.4457152635721,0,40.8201115536207,26.9448512226709,50.4376985200031,19.0968576969569,36.6862353071357,7.95452809631787,0,8.58210418971948,112.69732358139,45.8123865742419,86.7594731345162,3.70379112940104,23.624933170872,37.0842767253079,24.6061752107335,18.8639087514832,10.7038473723775,5.58319470112676,16.720134525733,25.3589961855054,77.455885139717,7.30308827222446,27.2372504268468,18.569395072759,490.254200528825,90.0989337264211,97.0433359790116,32.413302753943,35.7968890941329,19.4067808344133,19.3870690900405,10.2438336855505,52.3946352357163,15.5909184241633,44.1618171725025,2.96956924138368,7.44273179569026,14.1331480210505,51.1733438802881,24.6833961519971,16.3578977920794,36.73097924237,41.0301098147489,40.3951474032631,8.31900676863113,39.1880737630254,11.8529918223554,31.1129088761446,14.0630538509564,26.5930300829823,5.81738901007381,575.849360619325,36.3231700909497,1586.0488080153,26.4457885755153,42.81044175662,13.4464947887201,11.6707006910275,44.9495443512034,36.9489344664817,15.6187757999742,0.958435666288219,21.7010280707736,26.6974075037782,25.1776432628414,6.89977436574005,878.847866483003,748.255956397521,36.4783847397948,10.6309433231446,20.4037412660728,11.8738050147741,4.74265444513983,10.0123424890841,3.68250542623227,27.0004425081798,3.2675532164116,24.7762215354032,4.03840837866101,35.2891866823537,5.30942636321803,16.1390508816105,28.7410371215397,30.361838634908,17.0783934812059,"HH vs. BH","HH"
"LOC111136864",16.009267278806,3.82657468152983,2.74108990909249,7.23360451810727e-05,0.011430010784751,11.332021183238,41.1076511601769,3.800180767288,17.4941379128385,27.7474269638304,13.9493065644399,1.30934365577222,276.526687396537,2.20649251641193,14.9693617903727,14.1225555856009,6.36561923231896,2.0963563032649,0,8.01477546547344,0,48.0841913947264,7.04805947296029,54.7954567165366,3.70379112940104,0,2.11910152716045,0,0,2.37863274941721,6.69983364135212,0,22.3159166432447,3.27278387914297,7.30308827222446,178.177013208956,5.57081852182771,47.9112059607715,18.0197867452842,2.59937507086638,1.50759547692758,0,28.0320167608192,1.68583209478613,46.0972515849772,19.2470088620999,17.5397832271837,1.54953744464921,16.3326308276103,1.86068294892256,4.03804229172873,25.586671940144,9.25627355699891,10.9052651947196,71.363045385176,0,34.6244120599398,9.24334085403459,3.82322670858784,1.97549863705923,72.0509468710718,7.03152692547822,0,1.9391296700246,13.087485468621,21.292892811936,0,12.2057485733148,11.6755750245327,7.68371130784006,9.33656055282198,2.14045449291445,0,0,0,9.49419978096345,8.1252979359325,23.3792401726385,36.5688041384223,0,8.86821874248914,0,8.85911943595387,9.06832945158791,0,0,1.00123424890841,5.5237581393484,29.1604779088342,0,2.47762215354032,6.05761256799152,0,4.24754109057442,6.91673609211879,0,1.08435137981814,13.8761947034798,"HH vs. BH","BH"
"LOC144626876",65.0148851311943,-20.9422895308959,2.77060609321583,1.55709941641603e-14,1.76702472864739e-11,0,91.2389330628317,149.157095116054,29.7400344518254,62.4317106686183,4.64976885481331,110.639538912752,0,0,0,0,359.657486626021,178.190285777516,0,581.071221246825,0,51.8407688474394,0,0,1.85189556470052,0,0,0,298.49361494994,0,2.2332778804507,0,1.01435984742021,276.004773807724,153.364853716714,0,0,398.888644975726,20.021985272538,115.238961475076,0.753797738463791,0,0,1.68583209478613,0,128.313392413999,73.0824301132655,0.774768722324605,0,0,28.2662960421011,480.331614149067,4.11389935866618,0,80.808154333214,0,0,0,0,21.7304850076515,355.342169795968,0,94.6711870954171,1.9391296700246,6.54374273431051,5.01009242633788,0,0,0,0,0,0,10.5568384189948,0,195.520875922797,0.678157127211675,17.9917311438505,0,0,12.1313355802868,29.9302382559008,0,1.77182388719077,0,0,0,0,0,333.725469401103,0,0,4.03840837866101,1.85732561486072,0,373.503748974415,0,2.16870275963628,893.413458985581,"HH vs. BH","HH"
"LOC111132233",13.2574066901927,-19.0420489812808,2.33019259599295,1.38468715888609e-16,2.88084163406252e-13,1.88867019720633,4.01050255221238,410.419522867104,0,0,4.64976885481331,0,0,0,0,0,0,7.33724706142715,0,0,4.29105209485974,4.5078929432556,0,10.045833731365,0,0,0,170.350443766617,2.21928338252744,1.18931637470861,0,0,2.02871969484043,4.3637118388573,2.08659664920699,9.07908347561561,3.71387901455181,0,0,0,15.0759547692758,0,9.70339041720663,0,2.0487667371101,0,0,24.0178303920628,8.16631541380513,0,0,0,0,2.7263162986799,0,0,0,1.84866817080692,5.73484006288177,0,0,0,0,10.6652131851353,6.54374273431051,2.50504621316894,7.23810066407436,0,3.89185834151091,0,57.1864333860346,0,0,2.12983306363284,0,0,0,4.4960077255074,44.8485333773103,0,165.17057407886,0,147.061382636834,4.53416472579395,1.97896750246235,0,19.0234507292597,1.84125271311613,6.48010620196316,1.6337766082058,3.71643323031048,0,3.71465122972145,0,11.5278934868647,8.84339603739682,0,6.4043975554522,"HH vs. BH","HH"
"LOC111136946",97.0729718722706,-4.62929356585304,1.11354034967561,1.17202889265258e-06,0.000298580340142492,33.0517284511108,13.0341332946902,27.551310562838,21.8676723910481,48.5579971867031,33.7108241973965,31.4242477385332,0,31.994141487973,7.98365962153213,34.2976349936021,45.6202711649526,47.1680168234602,34.4696217507108,12.0221631982102,20.3824974505838,73.6289180731748,24.668208155361,20.0916674627301,3.70379112940104,25.05674730244,16.9528122172836,18.9278270851796,7.76749183884603,6.54124006089734,11.1663894022535,7.31505885500817,12.1723181690426,15.2729914360005,12.5195798952419,34.0465630335585,18.569395072759,362.119579936064,38.0417720178222,48.5216679895058,10.5531683384931,20.0041439055448,44.2043341228302,8.42916047393067,12.2926004226606,23.5241219425665,28.258539643796,58.88242289667,18.559807758648,1.86068294892256,8.07608458345745,10.4672748846044,17.4840722743313,19.0842140907593,37.780435792152,36.7111508868806,25.3912355106225,5.54600451242075,17.2045201886453,2.96324795558884,78.6010329502601,7.03152692547822,42.5488481327717,14.5434725251845,235.574738435179,31.3130776646118,2768.57350400844,20.3429142888579,46.7023000981309,13.4464947887201,4.66828027641099,16.0534086968583,19.0023091541906,15.6187757999742,5.75061399772931,10.8505140353868,35.9834622877011,8.9920154510148,1.37995487314801,2814.46985462655,975.504061673805,16.2126154399088,22.1477985898847,14.7360353588303,9.89483751231176,25.068316352882,32.039495965069,3.68250542623227,29.1604779088342,6.53510643282319,13.6269218444718,6.05761256799152,11.1439536891643,6.37131163586163,17.291840230297,21.0030655888175,14.0965679376358,4.26959837030146,"HH vs. BH","HH"
"LOC111132165",48.8617996478792,-16.0990889085201,2.44604939363833,2.60587732271046e-11,1.51298449392534e-08,0,44.1155280743362,65.553118235718,24.4917930779739,143.36170597979,13.9493065644399,113.912898052183,0,0,0,8.0700317632005,65.7780654006293,288.248991698924,0,10.0184693318418,0,52.592084337982,0,0,0,0,0,0,198.625862736206,0,0,0,2.02871969484043,334.914883632297,115.806114030988,0,6.49928827546566,262.954525738188,36.0395734905684,214.881672524954,2.26139321539137,0,8.62523592640589,7.5862444265376,0,117.620609712833,36.0539988558777,6.19814977859684,0,0,93.8844832826929,24.4236413974102,0,2.04473722400992,185.753809311414,0,0,0,0,33.5834768300069,530.556972414256,1.75788173136955,21.2744240663859,0,2.18124757810351,0,5.42857549805577,0,1.94592917075545,57.6278348088004,5.83535034551373,0,109.791119557546,0,200.313054254238,17.6320853075036,99.8250889271708,0,2.75990974629602,98.3986108178822,14.4108554565448,0,0,2.26708236289698,0,1.35504412718281,9.01110824017567,0,247.324053374927,0,0,0,1.85732561486072,12.7426232717233,350.447962000685,0,2.16870275963628,227.356113218553,"HH vs. BH","HH"
"LOC144627105",155.361134169822,25.3689840826486,3.18475915173954,3.96030000250771e-16,6.59152332417383e-13,0,3.00787691415929,27.551310562838,0,0,0,869.404187432753,732.589358401274,1.10324625820597,777.408855646691,0,4023.07135482558,0,0,0,0,478.587967475636,932.105865298998,0,0,7.87497772362401,0,422.090543999505,0,0,0,0,1.01435984742021,1.09092795971432,50.0783195809678,0,1.8569395072759,1.11421409211097,1.0010992636269,17.3291671391092,1004.05858763377,3.1585490377176,0,473.718818634904,0,1.06927827011666,0,0,0.742392310345921,0,1.00951057293218,1.16303054273382,0,0,0,919.938251635948,28.8536767166165,2.77300225621038,0,0.987749318529613,0,0.878940865684777,0,0,1.09062378905175,974.462976922718,0,0,0,598.369018098045,56.0193633169319,0,0,0,0,2.03447138163503,0,0.89920154510148,40.7086687578663,500.080611142936,2.21705468562228,0,0,66.8789297054608,0,0,0,0,0,592.244020474602,786.645033749052,39.3744816919449,0.928662807430361,0,0,0,0,0,"HH vs. BH","BH"
"LOC111134124",36.4232086391255,1.98891070704809,2.48463932010569,0.000274241300767214,0.031406918875937,0,8.02100510442476,746.735520772092,10.4964827477031,0,27.8986131288799,6.54671827886109,0,5.51623129102983,0,16.140063526401,0,28.3008100940761,6.62877341359823,4.00738773273672,27.8918386165883,30.052619621704,12.3341040776805,69.407578507613,0,11.454513052544,431.237160777152,47.319567712949,0,1.18931637470861,6.69983364135212,10.4500840785831,10.1435984742021,19.6367032748578,8.34638659682796,18.1581669512312,5.57081852182771,18.9416395658864,5.0054963181345,15.5962504251983,5.27658416924654,4.21139871695681,5.39077245400368,0,28.6827343195413,28.8705132931498,7.79545921208166,66.630110119916,7.42392310345921,2.79102442338385,12.1141268751862,10.4672748846044,0,45.6657980028883,11.544022047602,0,12.6956177553113,14.7893453664553,1.91161335429392,5.92649591117768,3.27504303959417,3.51576346273911,4.25488481327717,3.87825934004921,37.0812088277596,1.25252310658447,1.80952516601859,12.2057485733148,1.94592917075545,15.3674226156801,77.0266245607813,6.42136347874334,12.6682061027937,2.83977741817713,47.9217833144109,4.06894276327005,15.0898390238746,1.79840309020296,37.9487590115703,0,230.573687304718,26.3455000898518,240.08213671435,6.80124708869093,8.90535376108059,12.8729192082367,60.0740549345044,358.123652701088,15.1202478045807,4.9013298246174,0,4.03840837866101,79.8650014390111,10.6188527264361,139.487511191062,4.42169801869841,2.16870275963628,10.6739959257537,"HH vs. BH","BH"
"LOC111099173",7.38322088046802,16.4814061503101,3.0980665972001,4.70695600297609e-08,1.41582968156989e-05,0,0,1.900090383644,3.49882758256769,0,6.97465328221997,3.92803096731665,0,0,0,1.00875397040006,0,2.0963563032649,0,2.00369386636836,0,1.5026309810852,0,0,172.226287517148,0.715907065784001,3.17865229074068,3.78556541703592,4.43856676505487,0,6.69983364135212,0,0,1.09092795971432,0,0,0,0,1.0010992636269,0,0,0,1.07815449080074,0,0,0,0,157.278050631895,23.0141616207235,0,0,0,0,0,0,0,0,0,0,16.7917384150034,0,21.9735216421194,0,0,10.9062378905175,0,0,0,0,5.76278348088004,0,0,0,0,0,1.35631425442335,0,0,0,0,0,4.0531538599772,7.97320749235849,0,215.707457768396,0.677522063591404,0,0,2.16003540065439,0,0,0,1.85732561486072,0,0,0,0,0,"HH vs. BH","BH"
"LOC111138188",40.201300585802,-21.3873526371425,2.64713947653014,2.40101547809684e-16,4.61105787893583e-13,0.944335098603166,8.02100510442476,48.452304782922,24.4917930779739,26.5912841736708,1.16244221370333,894.281716892425,0,0,0,0,274.782563528435,151.985831986705,0,0,0,228.39990912495,0,0,0,0,0,0,204.174071192524,0,0,1.04500840785831,0,74.183101260574,3.12989497381048,0,0,120.335121947984,37.0406727541953,22.527917280842,0,0,0,0,0,100.512157390966,9.74432401510207,3.09907488929842,0.742392310345921,0,5.04755286466091,23.2606108546764,0,12.2684233440595,38.829892341934,0,1.15414706866466,0,5.73484006288177,2.96324795558884,145.739415261941,0,173.386556141045,0,3.27187136715526,0,3.61905033203718,0,0,71.0743295975205,0,0,34.8375667826827,0,20.1271489920526,0,67.3238971834407,0,0,283.06449687336,58.7519491689905,5.06644232497149,2.65773583078616,0,0,1.35504412718281,0,2.7618790696742,356.405841107974,0,0,0,10.215290881734,0,59.9450461316962,0,0,114.211756405564,"HH vs. BH","HH"
"LOC111133940",84.5264685958166,-21.5857171311928,3.065083938365,6.73707908531986e-13,5.60659721480319e-10,0,19.0498871230088,6.650316342754,75.2247930252054,3.46842837047879,3.48732664110998,1065.80573579859,0,0,0,0,651.415034773974,576.497983397847,0,0,0,690.458935808649,0,1.82651522388455,0,0,0,0,725.705666086472,0,4.46655576090141,1.04500840785831,0,280.368485646581,0,0,0.928469753637951,152.647330619202,43.0472683359567,45.055834561684,0,0,0,0,0,399.910073023631,23.386377636245,0,3.7119615517296,0,12.1141268751862,34.8909162820146,0,5.45263259735979,32.533153043242,0,0,1.84866817080692,0,5.92649591117768,887.536663730021,0.878940865684777,285.077282489571,0,0,0,0,0,0.972964585377727,135.425411800681,0,0,26.3920960474869,0,11.5012279954586,0,199.650177854342,0,0,421.900892958865,126.37211708047,0,0,4.53416472579395,0,0,0,2.7618790696742,610.210000684864,0,0,2.01920418933051,0,0,103.751041381782,0,0,175.05353318236,"HH vs. BH","HH"
"LOC144626919",58.8225793844016,-19.0818449176025,2.86075349060564,1.14163296437176e-11,7.64956148411992e-09,0,22.0577640371681,49.402349974744,5.24824137385154,9.24914232127678,34.8732664110998,391.493753075893,0,0,0,0,397.851202019935,121.588665589364,0,363.670436745857,0,148.009151636892,0,0,0,0,0,0,509.325536290047,0,0,0,0,58.9101098245735,95.9834458635215,2.2697708689039,0,616.160392937364,108.118720471705,20.7950005669311,0,0,0,3.37166418957227,0,127.244114143882,41.9005932649389,0,10.3934923448429,0,44.418465209016,280.290360798851,0,0,90.253263281252,0,0,0,0,33.5834768300069,19.650258237565,0,2.12744240663859,0,30.5374660934491,0,30.761927822316,0,0,66.2720100301205,0,0,84.4547073519582,0,62.2983183087342,10.8505140353868,1.16075684799036,0,0,117.269577276106,11.0852734281114,0,0,2.26708236289698,0,0,0,0,329.405398599794,0,0,4.03840837866101,1.85732561486072,0,185.599085138521,0,2.16870275963628,922.233247985116,"HH vs. BH","HH"
"LOC111135072",5.33435481546794,-14.2855102865397,3.35202560606132,1.62719618449168e-06,0.000406245799420192,0,0,2.850135575466,8.74706895641923,1.1561427901596,0,0,0,0,0,0,0,2.0963563032649,0,1.00184693318418,10.7276302371494,0,0,0,0,0,0,0,0,0,6.69983364135212,4.18003363143324,10.1435984742021,24.0004151137151,0,2.2697708689039,0,1.11421409211097,1.0010992636269,0,0,14.7398955093488,0,1.68583209478613,0,0,0,0,2.22717693103776,0,0,0,0,0,0,0,0,79.4927313446975,0,0,0,0,0,0,2.18124757810351,0,0,2.03429142888579,0,0,0,0,0,0.709944354544282,2.87530699886466,0,0.580378423995179,1.79840309020296,0.689977436574005,0,0,0,0,0,0.989483751231176,0,0,0.920626356558067,0,3.2675532164116,0,0,294.386109955425,0,11.5278934868647,0,0,0,"HH vs. BH","HH"
"LOC144626483",131.076936949545,-22.6578609889603,2.76632194935892,8.46626705262128e-17,1.92153475668857e-13,0,0,605.178787190614,463.594654690219,328.344552405326,333.620915332855,1100.50334267655,0,5.51623129102983,0.997957452691516,522.534556667232,47.7421442423922,1.04817815163245,0,0,0,1334.33631120366,0,0,0,0,0,5.67834812555389,0,0.594658187354303,1.11663894022535,0,0,0,15.6494748690524,529.991497889061,61.2790037401048,577.16289971348,1.0010992636269,0,53.5196394309292,0,20.484935325214,0,344.192811834496,327.199150655698,0,5.42338105627224,0,0,1.00951057293218,0,0,0,0,0,0,397.463656723487,0,0.987749318529613,615.708091443704,382.339276572878,376.55730597503,7.75651868009841,0,0,0,6.10287428665738,23.3511500490654,1805.67215734241,0,3.21068173937167,0,0,0,0,452.114792292244,0,0,2.69585235117486,0,0,990.449552939643,0,4.94741875615588,0.677522063591404,1.00123424890841,0,405.006637622698,0,0,1.00960209466525,9.28662807430361,0,0,0,5.42175689909071,10.6739959257537,"HH vs. BH","HH"
"LOC111108581",19.6417327448728,-19.838940684321,2.9912341040527,1.38034148555503e-11,8.83630910983767e-09,0,17.0446358469026,0,0.874706895641923,0,0,235.681858038999,0,3.3097387746179,0,0,25.4624769292759,0,0,4.00738773273672,0,30.052619621704,0,1.82651522388455,0,0,0,0,520.421953202684,0,8.93311152180282,0,0,42.5461904288586,0,6.80931260671171,0,67.9670596187689,21.0230845361649,117.838336545943,0,0,0,0,13.3169837912156,20.3162871322165,21.4375128332246,0,0.742392310345921,0,0,25.586671940144,0,0,18.890217896076,0,0,0,0,3.95099727411845,9.82512911878252,0,346.77311228209,0,0,5.01009242633788,0,2.03429142888579,0,33.6162369718003,2.33414013820549,0,16.8909414703916,0,8.62592099659397,0,33.6619485917204,0,0,2.69585235117486,0,2.0265769299886,3.54364777438155,0,0,0,0,0,138.242265641881,6.53510643282319,0,0,0,1.06188527264361,5.76394674343233,0,0,0,"HH vs. BH","HH"
"LOC111107226",23.0791220881776,2.43479595921248,2.01073627804683,8.817141852239e-05,0.0135048321155214,1.88867019720633,22.0577640371681,32.301536521948,8.74706895641923,1.1561427901596,26.7361709151765,20.9494984923555,9.28634397973446,3.3097387746179,49.8978726345758,11.0962936744007,23.3406038518362,4.1927126065298,10.6060374617572,3.00554079955254,7.50934116600455,4.5078929432556,8.81007434120036,21.9181826866146,4.6297389117513,8.59088478940801,342.234896636413,169.404052412358,23.3024755165381,31.5168839297781,0,21.9451765650245,2.02871969484043,6.54556775828594,9.38968492143145,28.3721358612988,17.6409253191211,20.0558536579974,22.0241837997918,8.66458356955461,8.2917751231017,6.31709807543521,18.3286263436125,6.74332837914453,7.17068357988534,5.3463913505833,26.3096748407756,89.0984030673296,12.6206692758806,13.9551221169192,29.2758066150333,72.1078936494968,53.4806916626603,32.0342165094888,4.197826199128,7.55817812376953,18.4663530986346,26.8056884767003,4.77903338573481,16.7917384150034,24.5628227969563,8.78940865684777,2.12744240663859,10.6652131851353,23.9937233591386,6.26261553292235,5.42857549805577,33.5658085766156,16.5403979514214,1.92092782696001,0,18.1938631897728,2.11136768379895,0.709944354544282,0.958435666288219,10.1723569081751,7.54491951193732,25.1776432628414,2.75990974629602,79.5276443596582,78.7054413395911,5.06644232497149,52.2688046721279,107.686412237606,2.96845125369353,8.80778682668826,6.00740549345044,8.2856372090226,4.32007080130877,31.8586438600131,0,34.3264712186186,26.0025586080501,3.18565581793082,11.5278934868647,13.2650940560952,15.180919317454,8.53919674060293,"HH vs. BH","BH"
"LOC111101538",13.9900654255151,-4.24808194771687,3.9688764607655,0.000167084405073878,0.0220710542702352,0,4.01050255221238,0,7.87236206077731,4.62457116063839,18.5990754192532,0.654671827886109,0,0,12.9734468849897,7.06127779280044,23.3406038518362,38.7825916104006,0,0,3.21828907114481,1.5026309810852,0.881007434120036,0.913257611942276,37.9638590763607,0,0,8.51752218833083,0,0,2.2332778804507,0,26.3733560329256,5.45463979857162,2.08659664920699,0,0,0,0,1.73291671391092,0.753797738463791,7.36994775467441,0,0,3.07315010566514,5.3463913505833,8.76989161359186,8.52245594557066,0,0,28.2662960421011,0,0,0,3.148369649346,0,0,6.47033859782421,0,6.91424522970729,0,1.75788173136955,0,0,4.36249515620701,10.0201848526758,0,1.0171457144429,0.972964585377727,0,0,10.7022724645722,2.11136768379895,193.104864436045,129.388814948909,0,3.48227054397107,29.6736509883489,12.4195938583321,0,2.21705468562228,0,0,2.26708236289698,36.6108987955535,0,205.253021026224,6.44438449590647,0,3.2675532164116,11.1492996909314,232.208481773008,74.2930245944289,24.4233612708029,0,12.1596695514206,4.33740551927257,0,"HH vs. BH","HH"
"LOC111110158",128.719331111712,-1.93067301083369,1.56489427856903,7.18472384503069e-05,0.0114250837907666,237.972444847998,14.0367589327433,12.350587493686,27.9906206605415,108.677422275002,750.93767005235,70.7045574116998,25.7953999437068,176.519401312955,8.98161707422365,63.5515001352039,56.2296365521508,176.093929474252,3.97726404815894,52.0960405255774,125.513273774647,62.3591857150358,8.81007434120036,21.9181826866146,112.965629446732,45.8180522101761,43.4415813067893,37.8556541703592,178.652312293459,20.2183783700463,209.928120762366,164.066320033755,53.7610719132714,312.005396478297,180.490610156405,91.925720190608,56.636654971915,20.0558536579974,67.0736506630024,253.005840230995,72.364582892524,123.183412470987,157.410555656908,755.252778464188,125.999154332271,215.994210563565,20.4630804317143,72.8282598985129,205.64266996582,71.6362935335187,167.578755106742,56.9884965939572,55.5376413419934,443.026398535483,113.341307376456,3.23921919590123,23.0829413732932,375.279638673804,694.871454285841,31.6079781929476,252.178314048751,321.692356840628,118.073053568442,186.156448322362,42.5343277730183,212.92892811936,79.619107304818,57.9773057232451,45.7293355127532,85.4812882997206,213.573822645803,80.2670434842917,216.415187589393,41.1767725635683,12.4596636617468,96.2983120640579,40.0461112556673,75.5329297885243,53.8182400527724,150.967731665792,23.279074199034,115.51488500935,22.1477985898847,98.6180827860185,94.9904401181929,153.119986371657,148.182668838444,188.728403094404,42.1206903127606,89.8577134513189,349.344723649185,47.4512984492669,91.9376179356058,123.178691626658,183.293506441148,81.8014133459206,37.952298293635,58.7069775916451,"HH vs. BH","HH"
"LOC144617825",29.268916937313,-20.1979572348399,2.31273849851174,1.02425150519013e-18,3.65306615408238e-15,0,38.0997742460176,83.603976880336,17.4941379128385,5.78071395079799,9.29953770962662,96.8914305271441,0,0,0,10.0875397040006,112.459273104302,251.562756391788,0,6.01108159910508,0,24.7934111879058,0,0,3.70379112940104,0,0,5.67834812555389,305.151465097523,0,0,0,0,272.731989928581,66.7710927746237,0,0,177.160040645644,67.0736506630024,70.1831269133923,0,0,2.15630898160147,1.68583209478613,0,71.6416440978162,83.8011865298778,0,0,0,18.1711903127793,65.1297103930939,0,0,110.19293772711,0,12.6956177553113,0,0,4.93874659264807,18.0127367177679,0.878940865684777,48.9311753526875,1.9391296700246,4.36249515620701,8.7676617460913,0,0,0,38.4185565392003,0,1.07022724645722,103.457016506149,0,56.5477043110049,1.35631425442335,22.0543801118168,5.39520927060888,1.37995487314801,17.5230402826366,15.519382799356,0,6.20138360516771,2.26708236289698,3.9579350049247,0,4.00493699563363,0,143.642354143517,51.4639631584827,0,8.07681675732202,13.0012793040251,0,63.4034141777556,0,2.16870275963628,83.2571682208786,"HH vs. BH","HH"
"LOC111105719",13.6352417270128,19.6184470497864,2.55725740499515,7.33662317120012e-15,9.64032284695696e-12,0.944335098603166,0,7.600361534576,1.74941379128385,9.24914232127678,1.16244221370333,2.61868731154444,0,2.20649251641193,0,0,95.4842884847844,0,0,2.00369386636836,0,7.513154905426,0,6.39280328359593,0,0,26.4887690895056,0,38.8374591942301,0,171.962396794704,0,0,0,16.6927731936559,19.2930523856832,0,0,46.0505661268374,0,0,1.0528496792392,3.23446347240221,0.842916047393067,4.09753347422019,0,0,4.64861233394763,0,0,0,55.8254660512233,2.05694967933309,2.04473722400992,0,0,0,0,0,0,6.55008607918834,6.15258605979344,0,0,0,0,0,0,32.107831317465,0,0,3.21068173937167,6.33410305139686,0,0,3.39078563605838,0,0,1.37995487314801,0,3.32558202843343,0,538.634461705996,0,0.989483751231176,0,98.1209563930239,0,9.72015930294474,0,0,1.00960209466525,0,0,3.4583680460594,1.1054245046746,7.59045965872699,14.9435942960551,"HH vs. BH","BH"
"LOC144617862",9.91457363897445,-21.6455293814637,2.56474097739574,1.14977965795587e-17,3.18948877116958e-14,0,1.0026256380531,11.400542301864,0,0,2.32488442740666,2.61868731154444,0,4.41298503282386,4.98978726345758,2.01750794080012,0,0,0,1.00184693318418,0,1.5026309810852,0,4.56628805971138,0.925947782350261,0,0,0.946391354258981,0,0,0,3.13502522357493,0,0,0,2.2697708689039,513.443773761787,0,18.0197867452842,0,0,1.0528496792392,0,7.5862444265376,9.21945031699543,0,0,0,3.7119615517296,1.86068294892256,0,2.32606108546764,0,0,4.197826199128,23.7542741032757,0,0,109.917767871901,6.91424522970729,3.27504303959417,1.75788173136955,0,0,0,17.5353234921826,9.04762583009296,0,0,12.4860308752401,5.83535034551373,0,0,2.12983306363284,0,0,4.06264896796625,0,0,0,0,0,0,0,0,17.6155736533765,32.039495965069,0,14.0402301042535,0,0,52.4993089225932,0,0,4.61115739474586,0,0,0,"HH vs. BH","HH"
"LOC144627547",20.7326058495775,-19.100895202448,2.86466447955392,1.15895107942282e-11,7.64956148411992e-09,0,35.0918973318583,26.601265371016,30.6147413474673,28.90356975399,6.97465328221997,66.7765264443831,0,0,0,0,13.7921750033578,199.153848810165,0,0,0,78.1368110164304,0,0,0,0,0,0,119.841302656482,0,0,0,0,90.5470206562889,6.25978994762097,1.13488543445195,0,114.764051487429,127.139606480616,12.9968753543319,1.50759547692758,0,0,0,0,201.024314781932,73.0824301132655,0,0,1.86068294892256,27.2567854691689,6.97818325640292,0,0,13.642935147166,0,0,0,0,1.97549863705923,42.5755595147242,0,21.2744240663859,0,1.09062378905175,0,0.904762583009296,0,0,3.84185565392003,0,0,139.350267130731,0,13.4180993280351,2.7126285088467,0.580378423995179,0,0,63.3525302526091,26.6046562274674,0,11.51685526674,0,0,0,0,0,172.802832052351,0,0,0,0,0,58.7922567830097,0,0,83.2571682208786,"HH vs. BH","HH"
"LOC111107753",4.88859639125255,-16.6672871945458,3.31904052875275,1.74804046916768e-07,4.95927026741367e-05,11.332021183238,0,3.800180767288,3.49882758256769,6.93685674095759,0,0,0,0,0,0,6.36561923231896,59.7461546430496,0,7.01292853228926,0,0,0,0,0,0,0,1.89278270851796,6.65785014758231,0,0,0,0,0,6.25978994762097,4.5395417378078,0,14.4847831974426,0,0,0,0,0,0,0,0,7.79545921208166,3.09907488929842,0,3.72136589784513,0,2.32606108546764,0,68.1579074669974,2.098913099564,0,0,0,0,0,0,0,0,5.81738901007381,0,0,0,4.06858285777158,52.5400876103972,5.76278348088004,0,0,0,0,0,0,0,0,77.2774728962886,0,0,53.7042886446978,3.54364777438155,0,0,23.0357501621077,2.00246849781681,0,0,0.816888304102899,0,4.03840837866101,0,0,2.30557869737293,0,0,0,"HH vs. BH","HH"
"LOC111107352",12.9993357069367,-14.3178968734716,2.91648882017254,2.87607004719102e-07,7.97821831090788e-05,0,0,55.102621125676,3.49882758256769,0,6.97465328221997,28.8055604269888,0,0,0,1.00875397040006,1.06093653871983,0,0,4.00738773273672,0,1.5026309810852,0,0,276.858386922728,0,0,5.67834812555389,1.10964169126372,0,12.2830283424789,5.22504203929155,0,1.09092795971432,0,5.67442717225976,0,0,0,0,1.50759547692758,3.1585490377176,0,0,0,0,0,205.31371141602,0,1.86068294892256,0,0,0,0,0,1.07973973196708,4.61658827465864,0,0,3.95099727411845,9.82512911878252,5.27364519410866,0,0.969564835012302,0,0,0,0,0,0,18.673121105644,0,1.05568384189948,0,0,0,0,257.171641899023,0,0,14.4108554565448,0,0,0,110.822180137892,3.38761031795702,2.00246849781681,4.60313178279033,0,0.816888304102899,2.47762215354032,0,0,0,141.793089888435,0,1.08435137981814,3.2021987777261,"HH vs. BH","HH"
"LOC144617888",8.55839461057262,-2.65261461912165,2.71040556229509,0.000171842572720845,0.0225799821887733,0,4.01050255221238,1.900090383644,1.74941379128385,5.78071395079799,4.64976885481331,0.654671827886109,0,0,9.97957452691517,12.1050476448007,2.12187307743965,10.4817815163245,0,0,0,4.5078929432556,3.52402973648014,7.30606089553821,0,0,0,5.67834812555389,42.1663842680213,1.18931637470861,0,6.27005044714986,6.08615908452129,5.45463979857162,19.8226681674664,2.2697708689039,0,6.68528455266579,29.0318786451801,16.4627087821538,1.50759547692758,6.31709807543521,0,0,0,10.6927827011666,11.6931888181225,0,1.48478462069184,0,0,8.14121379913674,0,0,16.791304796512,0,0,0,19.1161335429392,1.97549863705923,9.82512911878252,6.15258605979344,80.8428114522663,21.3304263702706,41.4437039839666,12.5252310658447,0.904762583009296,6.10287428665738,32.107831317465,8.64417522132007,9.33656055282198,23.5449994220589,4.22273536759791,22.718219345417,9.58435666288218,2.7126285088467,27.8581643517686,14.3872247216237,12.4195938583321,6.73963087793714,8.86821874248914,22.2923462298746,4.42955971797694,6.80124708869093,5.93690250738706,3.38761031795702,10.0123424890841,3.68250542623227,19.4403186058895,3.2675532164116,0,12.115225135983,7.42930245944289,14.8663938170105,13.8334721842376,9.94882054207142,4.33740551927257,4.26959837030146,"HH vs. BH","HH"
"LOC111110474",10.4108113350209,-15.9115519377615,3.44605050672734,6.85918958372477e-07,0.000180259502260287,3.77734039441266,0,545.325940105828,3.49882758256769,0,0,0,0,0,1.99591490538303,2.01750794080012,0,14.6744941228543,0,0,15.0186823320091,1.5026309810852,0,3.6530304477691,0,0,0,73.8185256322005,0,0,0,0,0,2.18185591942865,0,0,0,0,0,0,0,0,2.15630898160147,0,0,0,1.94886480302041,37.188898671581,0,0,4.03804229172873,1.16303054273382,0,0,3.148369649346,0,0,0,0,0,0,0,0,0,0,0,3.61905033203718,0,0,6.72324739436005,56.0193633169319,0,0,0,0,0,0,0,11.0396389851841,0,68.7286952542908,1.0132884649943,61.1279241080817,0,0,0,19.0234507292597,1.84125271311613,8.64014160261755,0,2.47762215354032,0,0,0,0,0,10.8435137981814,0,"HH vs. BH","HH"
"LOC144627666",18.3148343253936,1.36054729592056,2.02103548689855,0.000392910461351138,0.0407029152617946,12.2763562818412,3.00787691415929,10.450497110042,5.24824137385154,2.3122855803192,16.2741909918466,15.7121238692666,9.28634397973446,2.20649251641193,5.9877447161491,13.1138016152008,49.8640173198319,16.7708504261192,249.241880351293,3.00554079955254,7.50934116600455,0,0,166.212885373494,9.25947782350261,180.408580577568,3.17865229074068,123.977267407926,3.32892507379116,2.37863274941721,3.34991682067606,3.13502522357493,6.08615908452129,0,16.6927731936559,3.40465630335585,1.8569395072759,2.22842818422193,14.0153896907766,141.23271218374,7.53797738463791,6.31709807543521,3.23446347240221,11.8008246635029,38.9265680050918,6.41566962069995,1.94886480302041,0.774768722324605,6.68153079311328,1.86068294892256,1.00951057293218,5.8151527136691,7.19932387766582,2.04473722400992,3.148369649346,69.1033428458928,9.23317654931729,4.6216704270173,0,9.87749318529613,0,2.63682259705433,0,6.78695384508611,1.09062378905175,8.7676617460913,7.23810066407436,4.06858285777158,7.78371668302181,7.68371130784006,14.004840829233,18.1938631897728,8.44547073519582,8.51933225453138,0,62.3904557034741,2.32151369598072,4.4960077255074,8.96970667546206,1.34792617558743,5.54263671405571,1.0132884649943,12.4027672103354,82.7485062457396,2.96845125369353,11.5178750810539,0,18.4125271311613,1.08001770032719,5.7182181287203,11.1492996909314,30.2880628399576,6.50063965201253,3.18565581793082,16.1390508816105,1.1054245046746,3.25305413945443,14.9435942960551,"HH vs. BH","BH"
"LOC111110389",128.253622935811,-22.0950091863665,2.93942266156185,1.91800060638185e-14,2.08194796256214e-11,0,9.02363074247786,155.807411458808,0,361.872693319954,2.32488442740666,82.4886503136497,0,0,0,0,98.6670981009439,101.673280708348,0,956.763821190892,0,64.6131321866636,0,0,1.85189556470052,0,0,0,264.094722520765,0,0,28.2152270121744,0,36.0006226705727,54.2515128793817,5.67442717225976,0,2774.3930893563,131.144003535124,190.620838530201,0,0,0,6.74332837914453,0,38.4940177241997,6.82102681057145,4.64861233394763,0,0,27.2567854691689,17.4454581410073,4.11389935866618,5.45263259735979,371.507618622828,0,0,0,0,36.5467247855957,1955.20069463772,14.0630538509564,236.146107136883,0,1.09062378905175,0,1.80952516601859,6.10287428665738,0,11.5255669617601,2.33414013820549,0,122.459325660339,0,229.066124242884,1.35631425442335,521.760203171666,0,0.689977436574005,359.896288881843,6.65116405686685,0,5.31547166157232,0,0,8.13026476309685,0,0,1303.58136429492,0,0,2.01920418933051,0,0,847.300171284552,0,0,452.577427251955,"HH vs. BH","HH"
"LOC111106424",285.821572965256,27.1471467653601,4.8158321832442,2.93545444970558e-09,1.07774346751985e-06,0,0,0,0,0,0,0,0,0,0,0,0,0,0,0,0,0,532.128490208502,0,0,0,0,617.047162976855,0,0,0,524.594220744871,1184.77230178681,1191.29333200804,1386.54347339804,0,0,1537.61544711313,0,0,1.50759547692758,0,0,0,0,0,0,426.897566000857,0,657.751422444126,0,0,0,0,834.31795707669,0,0,0,0,0,0,0,0,0,2031.83211900341,562.382874856427,0,1007.99140301291,0,0,1583.71408377243,0,0,0,0,344.503820623531,0,0,0,0,765.992393882499,1944.50056432406,1595.52741041529,0,0,0,0,2476.4848991412,0,0,1679.82782010034,0,2204.64550483968,688.101656673056,0,801.432765889087,0,0,"HH vs. BH","BH"
"LOC111106867",362.311468605193,22.8435892160771,5.48345977672829,1.28538202884446e-06,0.000324149977092229,0.944335098603166,0,0,0,0,0,0.654671827886109,0,0,0,0,0,0,0,0,0,0,1006.9914971992,0,0,0,0,2550.52469972795,0,0,0,3445.39272070885,4933.84629785192,1033.10877784946,1648.41135287352,0,0,0,0,0,0,0,0,0,0,0,0,3599.57548392012,0,191.650343739024,0,0,0,0,484.848925999284,0,0,0,0,0.987749318529613,0,0,0,0,592.208717455102,1348.96738579147,0,429.235491494902,2.91889375613318,0,2026.03363996237,0,0,0,0,1974.11539731319,0,0,0,0,166.279101421671,1848.2381601496,1304.06238097241,0,0,0,0,0,0,0,0,0,2028.19957142791,1530.17667787943,0,1547.59430654444,0,0,"HH vs. BH","BH"
"LOC111107279",29.9547952556925,19.0966200705907,2.75194520227081,1.76614979930552e-12,1.37792799654568e-09,0,0,4.75022595911,0,0,0,0.654671827886109,0,0,0,0,2.12187307743965,4.1927126065298,0,0,0,0,18.5011561165208,402.746606866544,124.077002834935,0.715907065784001,1.05955076358023,0,89.8809769923612,0,0,152.571227547313,0,1.09092795971432,2.08659664920699,115.758314314099,0,148.190474250758,0,0,3.01519095385517,0,0,9.27207652132373,46.0972515849772,0,0,220.809085862512,0,0,0,0,0,121.321075291255,68.21467573583,41.0301098147489,2.30829413732932,0,0,3.95099727411845,0,0,0,0,0,7.51513863950682,0,0,0,3.84185565392003,9.33656055282198,0,0,0,0,0,0,177.142704384992,123.505961146747,1.34792617558743,0,0,58.4701882772956,90.6832945158791,173.159656465456,0,173.213525061154,107.713283717294,2.16003540065439,17.9715426902638,0,114.085036697174,95.6522691653272,27.6090170887337,6.91673609211879,11.054245046746,0,0,"HH vs. BH","BH"
"LOC111110589",41.0853468298115,16.7479872832378,2.88536756924095,3.33720396901275e-09,1.20748745348366e-06,0,0,0.950045191822,5.24824137385154,5.78071395079799,9.29953770962662,26.1868731154444,0,0,0,0,471.055823191603,266.237250514642,0,740.364883623109,0,17.2802562824798,5.28604460472022,0,0,0,0,0,317.357523701424,0,0,4.18003363143324,0,6.54556775828594,30.2556514135014,0,0,139.276761513871,20.021985272538,49.3881263464613,0,0,0,0,0,73.7802006380495,82.8267541283676,0,0,0,68.6467189593883,1143.25902350734,4.11389935866618,0,1.049456549782,0,0,0,0,8.88974386676652,4.91256455939126,2.63682259705433,0,0,18.5406044138798,0,0,0,0,2.88139174044002,1.16707006910275,0,21.1136768379895,0,67.0904966401753,1.35631425442335,7.54491951193732,0,0.689977436574005,1.34792617558743,6.65116405686685,0,1.77182388719077,0,0,0,0,0,35.6405841107974,0,0,0,4.64331403715181,2.12377054528721,93.3759372436037,0,0,50.1677808510422,"HH vs. BH","BH"
"LOC111105825",186.785188261137,-4.99669519949469,4.92515021120317,0.000216064800744571,0.0268371831611391,270.079838200505,0,0.950045191822,0.874706895641923,1.1561427901596,3.48732664110998,0.654671827886109,0,0,0,1.00875397040006,886.942946369776,0,0,3.00554079955254,1.07276302371494,2.2539464716278,0.881007434120036,0,272.228648010977,2.147721197352,4.2382030543209,1710.12917714598,3.32892507379116,0.594658187354303,0,0,7.1005189319415,0,1501.30628910443,1.13488543445195,0,92.4797696452102,1.0010992636269,0,0,0,0,0,2.0487667371101,1109.91084438109,4.87216200755104,226.232466918785,1.48478462069184,84.6610741759767,1289.1450016344,0,7.19932387766582,6.13421167202977,0,0,1.15414706866466,1746.99142141254,1233.94642019673,2.96324795558884,0,0.878940865684777,0,3041.52488743359,2.18124757810351,1.25252310658447,1.80952516601859,92.5602600143035,979.775337475371,0,0,0,0,1072.72591971641,0,0,0.580378423995179,0,0,0,62.0775311974239,6.07973078996579,1.77182388719077,0,272.108031588573,0.677522063591404,8.00987399126726,3.68250542623227,0,0,0,0,0,2.12377054528721,0,0,1.08435137981814,1335.31689031178,"HH vs. BH","HH"
"LOC144627236",32.8392665529002,-2.95531540681353,3.77830201725162,0.000356403458538054,0.0381887070637814,0,0,1.900090383644,0,6.93685674095759,0,1.96401548365833,0,4.41298503282386,0,0,346.926248161383,0,1.32575468271965,5.0092346659209,0,0,0,6.39280328359593,0,2.147721197352,5.29775381790113,36.9092628161003,1.10964169126372,1.18931637470861,0,0,2.02871969484043,1.09092795971432,32.3422480627083,6.80931260671171,0,0,0,0,0.753797738463791,1.0528496792392,0,0,1.02438336855505,187.123697270415,2.92329720453062,0.774768722324605,0.742392310345921,3.72136589784513,22.209232604508,1.16303054273382,0,0,1.049456549782,33.4719316909793,0,171.926139885043,721.634041245956,0,0,0.878940865684777,0,597.251938367578,0,1.25252310658447,12.6666761621301,5.08572857221448,450.482603029888,0.960463913480007,0,0,0,268.358966017738,0.958435666288219,0.678157127211675,1.74113527198554,0,4.13986461944403,5.39170470234971,0,3.0398653949829,0,0,0,0,2.00246849781681,0.920626356558067,0,0,0,3.02880628399576,2.78598842229108,0,0,2.21084900934921,0,76.8527706654264,"HH vs. BH","HH"
"LOC144627203",76.4374957217386,23.7696150053912,3.27209556034735,1.06820831112932e-13,1.06675554782618e-10,66.1034569022216,0,4.75022595911,0,0,130.193527934773,0,0,0,0,0,0,15.7226722744867,0,112.206856516628,650.094392371251,0.7513154905426,0,0,0,78.7497772362401,518.120323390731,0,0,489.998346379946,0,26.1252101964577,454.433211644256,0,0,0,0,0,58.0637572903603,0,336.947589093315,1.0528496792392,15.0941628712103,0,0,20.3162871322165,2.92329720453062,21.6935242250889,81.6631541380513,0,0,0,709.647639369916,0,25.186957194768,0,15.0039118926406,19.4110157934726,0,92.8484359417836,0,115.141253404706,0,0,236.66536222423,0,0,346.846688625027,526.37384068935,0,22.1743313129522,0,0,0,0,0,0,727.454049987098,0,0,0,94.2358272444698,0,168.897636035825,0,0.677522063591404,0,0,0,0,0,0,23.216570185759,4.24754109057442,200.585346671445,0,695.069234463429,0,"HH vs. BH","BH"
"LOC111106705",205.864488994715,2.05699778346005,1.81801717622107,9.82829508818665e-05,0.0146930068965071,286.133534876759,50.1312819026548,366.717444043292,47.2341723646639,341.062123097081,226.676231672149,75.9419320347886,584.007854725523,172.106416280131,431.117619562735,137.190539974408,24.401540390556,243.177331178728,18.560565558075,183.337988772705,631.857420968097,21.7881492257354,320.686706019693,332.425770746988,36.1119635116602,483.237269404201,76.2876549777763,297.16688523732,45.4953093418125,67.7910333583906,192.061897718761,367.842959566125,51.7323522184309,348.006019148869,249.348299580235,21.5628232545871,147.626690828434,94.7081978294321,84.0923381446597,1033.68481984786,44.4740665693637,158.980301565119,680.315483695265,35.4024739905088,23.5608174767661,19.2470088620999,11.6931888181225,396.681585830198,301.411278000444,15.8158050658418,41.3899334902194,152.35700109813,121.360031080652,82.4710680350669,57.72011023801,448.091988766336,1116.06021539873,20.3353498788761,14.3371001572044,29.6324795558884,501.081585057908,18.4577581793803,45.7400117427296,12.6043428551599,554.03688483829,981.978115562225,26.2381149072696,488.22994293259,67.1345563910631,38.4185565392003,437.65127591353,23.5449994220589,143.573002498329,24.8480524090499,25.8777629897819,263.12496535813,278.581643517686,325.510959326736,82.7972923888806,40.4377852676228,45.4496210552568,149.966692819156,406.633582110283,132.624318229473,28.6950287857041,50.8141547693553,215.265363515308,21.1744062008355,25.9204248078526,133.152793568773,310.94158026931,29.2784607452923,66.863722134986,698.720509399492,13.8334721842376,184.605892280659,162.652706972721,226.288713625978,"HH vs. BH","BH"
"LOC144627481",41.563724813855,-17.9003713773686,8.17546026336482,2.84383706404032e-05,0.00507137401005933,0,0,220.410484502704,0,0,0,0,0,0,0,0,0,0,0,0,301.446409663897,0,0,67.5810632837284,0,0,0,277.292666797881,0,0,0,0,0,0,290.036934239772,0,207.048755061263,0,0,0,0,0,0,0,0,0,0,0,0,156.297367709495,203.921135732301,0,0,0,0,0,137.343501171095,0,0,0,0,0.878940865684777,0,278.265107648531,162.502944568711,0,0,200.37770574525,0,0,190.232421263748,0,0,0,0,0,0,445.104764825233,0,0,100.875988195814,0,0,0,0,0,120.148109869009,0,0,0,0,0,0,1.06188527264361,97.9870946383496,0,200.605005266356,206.008121367046,"HH vs. BH","HH"
"LOC144618168",64.724537820011,-23.571270619361,2.68842166056583,5.44016171682955e-19,2.26365129037278e-15,0,1.0026256380531,425.620245936256,13.1206034346288,1.1561427901596,2.32488442740666,10.4747492461777,0,29.7876489715611,2.99387235807455,0,0,0,0,0,0,0,0,3.6530304477691,0,0,0,557.42450765854,0,0.594658187354303,3.34991682067606,0,3.04307954226064,0,946.27158041537,3.40465630335585,0,1.11421409211097,4.0043970545076,5.19875014173276,0,0,0,4.21458023696533,5.12191684277524,0,0,0.774768722324605,5.19674617242144,2.79102442338385,534.031093081124,10.4672748846044,0,0,0,0,0,0,5.73484006288177,0.987749318529613,4.91256455939126,0,21.2744240663859,649.608439458242,317.37152261406,0,0,3.05143714332869,16.5403979514214,4.80231956740004,569.530193722141,0,0,0,0,2.03447138163503,0.580378423995179,834.459033854174,0,0,1.10852734281114,0,0,0,0,8.80778682668826,268.330778707453,0,3.24005310098158,0,0,4.03840837866101,0,0,0,0,0,725.831722951249,"HH vs. BH","HH"
"LOC111109531",13.9351277445447,17.024046021173,3.13485642978913,2.60703432835581e-08,8.03545914095448e-06,0,0,3.800180767288,0,0,0,2.61868731154444,0,0,0,0,64.7171288619095,4.1927126065298,0,2.00369386636836,0,6.0105239243408,0,0,0,5.72725652627201,2.11910152716045,35.9628714618413,48.8242344156036,0,295.909319159718,0,0,0,4.17319329841398,0,0,0,0,1.73291671391092,0,0,2.15630898160147,0,0,0,5.84659440906124,6.19814977859684,0,0,0,0,0,0,2.098913099564,0,0,0,0,0,0,0,0,0,0,0,0,2.03429142888579,94.3775647816395,0,0,0,4.22273536759791,0,0,9.49419978096345,0,0,0,6.73963087793714,4.43410937124457,0,368.539368535681,21.5372824475213,0,5.42017650873124,245.30239098256,0,4.32007080130877,0,0,4.03840837866101,0,0,19.5974189276699,2.21084900934921,0,9.6065963331783,"HH vs. BH","BH"
"LOC111107197",16.5673561250586,1.58287844185211,2.25765657531174,0.000370402004162094,0.0393508784506844,11.332021183238,9.02363074247786,129.206146087792,4.37353447820962,5.78071395079799,5.81221106851664,1.30934365577222,0,0,1.99591490538303,4.03501588160025,15.9140480807974,6.2890689097947,3.97726404815894,3.00554079955254,13.9459193082942,33.809197074417,3.52402973648014,7.30606089553821,0,0,383.557376416042,7.57113083407185,7.76749183884603,0.594658187354303,5.58319470112676,0,3.04307954226064,0,135.628782198454,5.67442717225976,1.8569395072759,3.3426422763329,10.010992636269,3.46583342782184,15.8297525077396,2.1056993584784,12.9378538896088,1.68583209478613,2.0487667371101,5.3463913505833,0.974432401510207,205.31371141602,5.19674617242144,10.2337562190741,0,17.4454581410073,4.11389935866618,0,5.24728274891,6.47843839180245,34.6244120599398,3.69733634161384,0,0,0,2.63682259705433,3.19116360995788,1.9391296700246,10.9062378905175,11.2727079592602,9.95238841310225,12.2057485733148,0,3.84185565392003,18.673121105644,4.28090898582889,13.7238899446932,0,0,0,22.634758535812,9.89121699611628,9.65968411203607,66.048382603784,9.97674608530028,9.11959618494869,36.3223896874109,1.13354118144849,3.9579350049247,2.71008825436562,6.00740549345044,0.920626356558067,2.16003540065439,3.2675532164116,7.43286646062097,17.1632356093093,8.35796526687325,8.49508218114884,19.5974189276699,12.1596695514206,18.4339734569084,10.6739959257537,"HH vs. BH","BH"
"LOC144618149",18.9088274943303,21.9567815468651,3.31305800630307,1.16431681645661e-11,7.64956148411992e-09,0,28.0735178654867,0,0,25.4351413835112,0,0,0,15.4454476148835,129.734468849897,0,0,78.6133613724337,0,0,59.0019663043214,0,144.485219195686,0,39.8157546410612,2.863628263136,70.9899011598751,0,6.65785014758231,67.7910333583906,0,6.27005044714986,0,0,0,0,48.2804271891735,0,0,6.93166685564369,79.1487625386981,0,0,0,0,0,0,4.64861233394763,0,173.97385572426,25.2377643233045,0,57.5945910213265,0,0,0,0,0,0,0,0,0,0,0,0,0,0,0,1.94592917075545,0,0,122.005906096123,0,0,1.91687133257644,0,38.3049759836818,0,0,0,68.7286952542908,10.132884649943,0,43.0745648950426,10.8843212635429,0,0,0,0,0,0,290.765403263593,0,57.3418047227547,2.30557869737293,0,40.1210010532713,0,"HH vs. BH","BH"
"LOC144618150",8.9883339613773,16.7336748678658,4.50006579734812,4.07083606725049e-06,0.000958797106179017,0,2.00525127610619,0,0,85.5545664718103,0,0,0,35.3038802625909,26.9448512226709,0,0,3.14453445489735,0,0,8.58210418971948,0,6.16705203884025,0,10.1854256058529,0,6.35730458148136,0,0,16.0557710585662,0,0,0,0,0,0,7.42775802910361,0,0,0,6.78417964617412,0,0,0,0,0,0,8.52245594557066,0,5.58204884676769,11.104616302254,0,4.11389935866618,0,0,0,0,0,0,0,0,0,0,0,0,0,0,0,0,0,0,12.8427269574867,0,0,0,0,51.0733013115757,0,0,0,427.891554325101,0,0,7.93478827013942,0,0,0,0,0,0,0,83.796973857216,0,6.37131163586163,0,0,2.16870275963628,0,"HH vs. BH","BH"
"LOC144627840",35.8235561937804,-26.7438461227026,11.6466986405184,7.66757771953417e-06,0.00159523954454908,0,0,0,0,0,0,0,0,0,0,0,0,0,0,0,0,0,0,0,0,0,0,359.628714618413,0,0,0,0,346.911067817713,0,218.04934984213,0,0,0,0,0,0,0,0,0,0,0,0,0,0,0,387.652060005958,0,0,0,0,0,0,0,323.062656875673,0,0,0,0,665.121476818439,0,0,0,0,402.807338346379,0,0,0,0,0,284.655392887601,0,0,0,0,0,0,0,0,0,0,0,0,0,0,0,0,0,0,0,0,0,0,343.702668809268,"HH vs. BH","HH"
"LOC111108097",193.933984515289,6.36341075647604,2.56813695518433,1.59610422009058e-05,0.00308901844641717,271.968508397712,96.2520612530972,6.650316342754,158.321948111188,61.2755678784587,0,456.306264036618,646.948630588167,3.3097387746179,2914.03576185923,99.8666430696062,1.06093653871983,1135.17693821794,6.62877341359823,81.1496015879186,6.43657814228961,108.189430638134,360.332040555095,222.834857313915,506.493436945593,4.29544239470401,220.386558824687,0,453.843451726861,2.97329093677152,2.2332778804507,0,205.915049026304,10.9092795971432,0,368.837766196884,105.845551914726,114.764051487429,174.191271871081,0,1.50759547692758,975.99165265474,0,354.867655952481,70.6824524302983,65.2259744771162,0,2.32430616697382,100.965354207045,936.853864782511,3.02853171879654,50.0103133375542,10.2847483966655,0.681579074669974,243.473919549424,58.3059455262221,2.30829413732932,89.6604062841355,0.955806677146961,24.6937329632403,65.5008607918834,58.8890380008801,0,5.81738901007381,99.2467648037095,350.706469843652,0.904762583009296,34.5829542910585,3.89185834151091,117.176597444561,0,234.379766974132,162.575311652519,0.709944354544282,25.8777629897819,2.7126285088467,66.1631403354504,224.80038627537,424.336123493013,504.124389669698,1.10852734281114,0,106.309433231446,63.4783061611153,32.6529637906288,62.3320298504092,2.00246849781681,1.84125271311613,151.202478045807,629.820882463335,411.285277487693,0,334.31861067493,384.402468696985,2.30557869737293,1658.1367570119,13.0122165578177,0,"HH vs. BH","BH"
"LOC111133288",420.961727826895,1.01622221761126,1.16846047953836,0.000139797549146281,0.0193899200665891,203.032046199681,237.622276218584,196.659354707154,646.408395879381,122.551135756917,206.914714039192,278.235526851596,470.508094973213,305.599213523053,481.015492197311,530.604588430433,130.495194262539,274.622675727702,159.090561926357,210.387855968678,410.86823808282,290.007779349443,608.776136976945,551.607597613135,109.261838317331,253.431101287536,3575.98382708326,149.529833972919,515.983386437629,148.664546838576,425.439436225859,146.301177100163,341.839268580612,264.004566250866,219.092648166734,4491.87654956082,259.971531018626,279.667737119852,363.399032696565,536.33772295543,310.564668247082,333.753348318827,1056.59140098472,276.476463544926,344.192811834496,338.961211626981,824.369811677635,261.097059423392,152.93281593126,793.581277715474,284.681981566875,173.291550867339,166.61292402598,211.289513147692,156.369025917518,373.589947260608,1174.92171590063,193.185823849323,193.072948783686,87.9096893491356,437.218245785822,87.8940865684777,181.896325767599,319.956395554059,230.12161948992,742.746202204591,163.762027524683,297.006548617326,209.187385856211,1325.44020060241,232.246943751447,464.478624962435,165.742363178218,144.118703972489,541.516151452843,241.423937287356,67.3238971834407,426.221532378102,697.567188376319,301.935463331584,436.75977306759,233.056346948689,797.320749235849,103.152247511812,130.611855162515,424.806333871811,176.21722780788,732.818579820221,106.921752332392,282.643353219603,412.524088564464,296.823015831584,426.256228610536,396.083206696065,122.195670960765,268.618154635928,271.087844954535,150.503342553127,"HH vs. BH","BH"
"LOC144618695",24.1860510323358,25.9493552279044,9.47114873849581,6.38127805358296e-06,0.00135012701598095,0,0,0,0,0,0,0,0,0,0,0,0,0,0,0,0,0,0,0,0,186.13583710384,0,0,0,0,0,0,0,0,0,0,0,0,0,215.74813088191,0,0,166.035791583313,0,119.852854120941,0,242.633667976042,0,0,0,0,0,0,0,0,83.1399593614648,131.572765827771,0,0,0,0,0,0,0,139.599844998624,0,0,0,0,218.985772273442,0,0,0,0,179.227469595897,0,0,5.39520927060888,367.067996257371,0,0,0,0,0,0,191.738743996367,0,0,0,0,0,0,0,0,0,0,2.16870275963628,0,"HH vs. BH","BH"
"LOC111132763",9864.87704691524,-3.81653929664406,4.32493219696396,0.000283225428130753,0.0321409365396017,14.1650264790475,21961.511975915,1.900090383644,22390.747114642,1.1561427901596,123.218874652553,8.51073376251942,11.349975975231,30268.6643401389,8.98161707422365,16584.9240273474,1.06093653871983,3.14453445489735,23.8635842889536,6.01108159910508,2433.02653778547,24988.0018999563,9.6910817753204,3.6530304477691,62.9644491998177,7.87497772362401,13.7741599265429,1952.40536383628,9.98677522137347,71933.4222915007,38837.818979978,298.872404647477,66349.2776197562,0,0,2.2697708689039,20795.8655419828,13459.7062327005,33309.5757986579,74511.0864063849,2.26139321539137,29666.145411923,34451.3485990467,31462.6843849936,22200.436363325,0,23.386377636245,206.088480138345,4.45435386207552,22.3281953870708,52798.412474926,0,1970.5577928011,0.681579074669974,29626.1584003459,20.5150549073744,34908.3322388313,38107.5213389284,75.5087274946099,25.6814822817699,49648.0149587279,12.3051721195869,22324.316894062,96.9564835012302,2.18124757810351,13.7777541724292,57.9048053125949,740.482080114428,1530.47329279916,89.3231439536407,8.16949048371923,22.4747721756017,29013.3590269233,5.67955483635425,11.5012279954586,0,4.64302739196143,50900.2026620144,8.96970667546206,1.34792617558743,202.860503734439,5.06644232497149,3.54364777438155,0,50.46367131279,21879.2199995572,2431.99799059852,0,0,11.4364362574406,1.23881107677016,3464.95438889115,6.50063965201253,9.55696745379245,17666.4967686201,9.94882054207142,1235.07622161286,2.13479918515073,"HH vs. BH","HH"
"LOC111133181",18.7245662552898,-2.64634535294076,1.87260690383924,5.82720070591499e-05,0.00957117715946537,29.2743880566981,9.02363074247786,10.450497110042,30.6147413474673,15.0298562720748,5.81221106851664,7.85606193463331,0,2.20649251641193,37.9223832022776,39.3414048456024,4.24374615487931,47.1680168234602,11.9317921444768,10.0184693318418,15.0186823320091,32.3065660933318,3.52402973648014,18.2651522388455,0,5.72725652627201,1.05955076358023,20.8206097936976,28.8506839728567,8.32521462296025,4.46655576090141,8.36006726286648,3.04307954226064,52.3645420662876,2.08659664920699,15.8883960823273,12.9985765509313,44.5685636844386,0,21.6614589238865,5.27658416924654,6.31709807543521,16.1723173620111,8.42916047393067,8.19506694844038,13.9006175115166,8.76989161359186,4.64861233394763,15.5902385172643,19.5371709636869,2.01902114586436,48.8472827948204,22.626446472664,39.5315863308585,24.137500644986,41.0301098147489,11.5414706866466,2.77300225621038,7.64645341717569,10.8652425038257,21.2877797573621,8.78940865684777,278.694955269655,0.969564835012302,50.1686942963806,16.2828003855981,4.52381291504648,20.3429142888579,12.6485396099104,5.76278348088004,16.3389809674385,25.6854539149734,0,32.657440309037,14.3765349943233,0.678157127211675,1.74113527198554,2.69760463530444,15.8694810412021,86.2672752375954,12.1938007709226,1.0132884649943,5.31547166157232,6.80124708869093,1.97896750246235,50.1366327057639,9.01110824017567,15.6506480614871,10.8001770032719,10.6195479533377,7.43286646062097,14.1344293253135,13.0012793040251,15.9282790896541,11.5278934868647,16.581367570119,35.7835955339987,9.6065963331783,"HH vs. BH","HH"
"LOC144618893",30.6982054008921,4.02853386251106,3.8933520206212,0.000179564505865843,0.0231082858425085,90.6561694659039,0,0,0,34.6842837047879,54.6347840440564,3.27335913943055,0,44.1298503282386,20.9571065065218,0,1.06093653871983,63.9388672495794,182.954146215311,38.0701834609988,143.750245177801,7.513154905426,44.9313791401218,0,0,1.431814131568,3.17865229074068,134.387572304775,6.65785014758231,196.831860014274,1.11663894022535,51.2054119850572,227.216605822128,0,55.2948112039852,1.13488543445195,0,0,1.0010992636269,0,9.79937060002929,49.4839349242425,1.07815449080074,0,50.1947850591974,38.4940177241997,1.94886480302041,3.09907488929842,58.6489925173277,13.0247806424579,0,48.8472827948204,218.036666009308,0,34.632066142806,0,4.61658827465864,54.5357110388041,0.955806677146961,0,0,45.7049250156084,0,0,7.63436652336227,26.3029852382739,0,1.0171457144429,140.106900294393,51.8650513279204,0,46.0197715976606,0,0,0.958435666288219,33.2296992333721,44.6891386476288,0,37.2587815749963,0,1.10852734281114,4.0531538599772,1.77182388719077,0,1.97896750246235,0,24.0296219738018,0,4.32007080130877,0.816888304102899,47.0748209172661,29.2784607452923,40.8611635269359,23.3614759981593,33.4308911119075,40.9007066729603,138.796976616722,30.9545881846856,"HH vs. BH","BH"
"LOC111132721",13.8394186013028,-19.6246321669401,3.17499721359785,2.6829264245415e-10,1.19610609134113e-07,2.8330052958095,0,0.950045191822,0,0,105.782241447003,0,0,0,0,0,0,0,0,69.1274383897084,0,0,0,0,2.77784334705078,0,0,1.89278270851796,0,1.18931637470861,0,75.2406053657983,0,0,0,0,92.8469753637952,71.3097018951018,0,0,0,104.232118244681,0,0,92.1945031699543,65.2259744771162,0.974432401510207,0.774768722324605,59.3913848276736,0,0,76.7600158204321,0,0.681579074669974,56.670653688228,0,0,0,4.77903338573481,0,1.63752151979709,0,39.3576845228138,0.969564835012302,0,0,0,7.12002000110027,0,85.4812882997206,0,0,0,0,0,39.3331133782772,74.8688166953781,6.29441081571036,0,0,0,0,5.31547166157232,0,4.94741875615588,32.5210590523874,0,51.5550759672517,0,0,52.0300652243468,0,0,0,0,0,0,0,"HH vs. BH","HH"
"LOC144619219",231.981473073248,2.20213603902973,2.87237548613142,0.000326681242026396,0.0354605386453522,302.187231553013,69.1811690256636,9.50045191822,6.99765516513539,8.09299953111719,1038.06089683707,6.54671827886109,0,2.20649251641193,13.9714043376812,3.02626191120019,12.7312384646379,13.6263159712218,11.9317921444768,872.608678803421,282.136675237028,468.820866098582,79.2906690708032,373.522363284391,250.00590123457,2.863628263136,1194.11371055491,384.234889829146,677.991073362132,367.49875978496,1951.88486751392,0,2.02871969484043,0,1080.85706428922,1207.51810225688,0.928469753637951,8.91371273688773,12.0131911635228,530.272514456742,8.2917751231017,413.769923941006,100.268367644469,6.74332837914453,0,1.06927827011666,76.0057273177962,18.5944493357905,6.68153079311328,57.6811714165995,294.777087296197,0,269.460407992635,7.49736982136972,14.692391696948,32.3921919590123,155.809854269729,8.31900676863113,4.77903338573481,9.87749318529613,1.63752151979709,8.78940865684777,1.06372120331929,7.75651868009841,2.18124757810351,61.3736322226391,9.04762583009296,3.05143714332869,351.240215321359,648.313141599005,101.535096011939,2.14045449291445,0,0.709944354544282,2652.94992428579,996.890977001163,7.54491951193732,20.681635537334,10.3496615486101,6.73963087793714,282.674472416841,2.0265769299886,470.419242049151,3.40062354434547,742.112813423382,27.7784046072476,848.045408825421,6.44438449590647,489.248018248219,57.9990695913059,1.23881107677016,774.364806608249,31.5745354526323,24.4233612708029,10.3751041381782,12.1596695514206,162.652706972721,1.06739959257537,"HH vs. BH","BH"
"LOC144619178",354.531229693212,24.5776730845109,3.511795707486,6.67838517947018e-13,5.60659721480319e-10,72.7138025924438,101.265189443363,0,0,0,1255.43759079959,0,0,0,0,0,13.7921750033578,0,0,2596.7872508134,202.752211482123,624.3431726409,86.3387285437635,1031.98110149477,562.050303886608,0,2119.10152716045,331.236973990643,1036.40533964031,412.098123836532,2944.57688537425,0,0,0,1597.28973496795,2144.93347111419,0,0,2.0021985272538,1731.18379719701,0,1516.10353810445,112.128067043277,0,0,0,0,0,0,90.2431230227444,226.130368336809,0,502.924196596941,0,0,0,577.073534332331,0,0,0,3.27504303959417,0,0,0,0,105.211940953096,0,0,497.184903128018,1120.86138703117,60.6876435933428,0,0,0,2862.84733520291,1047.75276154204,0,0,0,0,178.472902192594,0,1095.87307422749,0,1201.23327399465,0,743.917046938947,0,633.970390092063,182.982980119049,0,1134.79275440374,0,0,0,0,211.448519064538,0,"HH vs. BH","BH"
"LOC144618877",15.4398199066866,-19.6346090619014,2.42941508005146,2.75925711051621e-16,4.92054378722484e-13,0,0,15.200723069152,0,92.4914232127678,1.16244221370333,0,0,1.10324625820597,0,0,138.982686572297,6.2890689097947,0,0,0,7.513154905426,0,0,0.925947782350261,0,0,5.67834812555389,170.884820454613,0,17.8662230436056,0,0,0,13.5628782198454,2.2697708689039,0,228.413888882748,32.0351764360608,6.06520849868823,0.753797738463791,1.0528496792392,16.1723173620111,0,2.0487667371101,0,2.92329720453062,0,0,0,0,5.8151527136691,6.17084903799927,0,32.533153043242,0,12.6956177553113,0,0,7.90199454823691,391.367643231504,1.75788173136955,19.1469816597473,0,0,0,0,0,0,0.960463913480007,0,0,2.11136768379895,4.25966612726569,16.2934063268997,0,1.16075684799036,3.59680618040592,0,2.69585235117486,6.65116405686685,0,1.77182388719077,2.26708236289698,0,0,8.00987399126726,0,50.7608319153781,0,0,4.03840837866101,0,0,83.0008331054255,0,4.33740551927257,3.2021987777261,"HH vs. BH","HH"
"LOC144618772",31.096430735439,-7.66556325085173,2.04848570926842,2.95812072373967e-06,0.000710119634508506,0.944335098603166,28.0735178654867,20.900994220084,0,12.7175706917556,33.7108241973965,17.6761393529249,3.09544799324482,20.9616789059134,1.99591490538303,2.01750794080012,35.0109057777543,256.80364714995,1.32575468271965,48.0886527928406,0,1.5026309810852,0,1.82651522388455,1.85189556470052,2.147721197352,0,31.2309146905464,2.21928338252744,5.35192368618873,2.2332778804507,0,1.01435984742021,21.8185591942865,1.04329832460349,14.7535106478754,22.2832740873108,93.5939837373211,3.0032977908807,0,0,2.1056993584784,25.8757077792177,12.643740710896,1.02438336855505,0,0,3.09907488929842,2.22717693103776,1.86068294892256,4.03804229172873,2.32606108546764,4.11389935866618,8.17894889603969,2.098913099564,0,18.4663530986346,0,0.955806677146961,20.7427356891219,3.27504303959417,43.9470432842389,1673.23345282125,8.72608351511071,50.1686942963806,1.25252310658447,28.0476400732882,0,6.81075209764409,0,0,0,38.0046183083812,0,2.87530699886466,54.9307273041457,34.8227054397107,5.39520927060888,34.4988718287002,0,0,2.0265769299886,5.31547166157232,0,41.5583175517094,1.35504412718281,0,0.920626356558067,32.4005310098158,5.7182181287203,0,5.04801047332626,2.78598842229108,0,2.30557869737293,0,7.59045965872699,0,"HH vs. BH","HH"
"LOC144619016",69.4166323087266,35.891180870194,5.5378774739063,3.91871802743396e-12,2.87749159626225e-09,0,0,0,0,0,0,0,299.226639346999,0,235.517958835198,0,0,58.6979764914172,0,0,0,0,0,252.059100896068,0,793.940935954457,0,0,0,0,1.11663894022535,264.387127188152,0,0,0,0,0,0,0,0,0,1.0528496792392,0,0,0,188.192975540532,0,0,0,0,0,0,747.701208437578,0,0,385.467084312246,0,0,0,0,0,0,0,0,0,0,0,1393.48962878677,0,0,0,286.820902050536,0,0,0,0,0,0,0,0,230.573687304718,172.259039049031,246.283520319518,0,0,0.677522063591404,0,0,0,0,0,0,378.894425431587,300.51353215814,0,218.874051925571,0,0,"HH vs. BH","BH"
"LOC111137950",29.5311072581723,7.33941591137691,8.84643788302679,0.000411843374970048,0.042487940907034,0,0,0,0,18.4982846425536,0,0,0,2.20649251641193,0,0,0,0,0,0,0,0,4.40503717060018,0,0,0,0,0,0,0,0,0,0,0,56.3381095285887,0,0,395.546002699393,0,12.1304169973765,0,0,0,0,0,0,3.89772960604083,0,0,0,0,0,0,0,28.335326844114,0,0,0,0,21.7304850076515,85.1511190294485,0,0,0,7.63436652336227,0,0,0,0,7.68371130784006,0,0,0,0,35.4621196526641,0,80.0922225113347,0,0,0,0,4.0531538599772,0,0,0,0,0,0,187.923079856932,0,0,4.03840837866101,0,0,204.043714717504,0,0,1587.22319415957,"HH vs. BH","BH"
"LOC111132808",31.698359543961,-22.2091411696106,2.24948012399015,1.88602509568101e-23,4.7086502538772e-19,11.332021183238,0,11.400542301864,0,233.540843612239,0,1.30934365577222,0,5.51623129102983,3.99182981076607,2.01750794080012,12.7312384646379,0,0,1.00184693318418,1.07276302371494,0,0,2.73977283582683,3.70379112940104,0,0,10.4103048968488,4.43856676505487,4.75726549883443,0,1.04500840785831,0,1.09092795971432,34.4288447119153,2.2697708689039,1.8569395072759,10.0279268289987,1.0010992636269,71.0495852703478,0,0,5.39077245400368,0,8.19506694844038,0,0,1.54953744464921,2.22717693103776,0,0,0,17.4840722743313,0,308.540225635908,0,1.15414706866466,0,6.69064674002873,1.97549863705923,75.325989910666,0,0,3.87825934004921,3.27187136715526,6.26261553292235,206.285868926119,0,28.2159729759541,0,0,0,2.11136768379895,9.93922096361994,102.552616292839,2.7126285088467,175.854662470539,0,2.06993230972201,12.1313355802868,0,0,0,3.40062354434547,1.97896750246235,1.35504412718281,3.00370274672522,0,37.8006195114518,0,2.47762215354032,0,0,0,947.592844620275,0,5.42175689909071,528.362798324806,"HH vs. BH","HH"
"LOC111137253",93.1151331781493,-3.22306508807841,2.77294489748441,0.000113670310611999,0.0164993777601115,140.705929691872,58.1522870070795,110.205242251352,28.8653275561835,139.893277609311,103.457357019596,102.783476978119,1.03181599774827,136.80253601754,12.9734468849897,2.01750794080012,309.79346930619,1081.71985248469,2.65150936543929,5.0092346659209,6.43657814228961,100.676275732708,7.04805947296029,4.56628805971138,4.6297389117513,4.29544239470401,5.29775381790113,2.83917406277694,1112.97061633751,1.18931637470861,5.58319470112676,3.13502522357493,111.579583216224,187.639609070864,8.34638659682796,0,0,187.187967474642,81.089040353779,3.46583342782184,1.50759547692758,3.1585490377176,0,10.9579086161099,5.12191684277524,605.211500886029,182.218859082409,3.87384361162303,2.22717693103776,4.65170737230641,15.1426585939827,110.487901559713,7.19932387766582,146.539501054044,176.308700363376,11.8771370516378,3.46244120599398,0,16.2487135114983,5.92649591117768,19.650258237565,6.15258605979344,766.94298759321,22.2999912052829,15.2687330467245,1.25252310658447,9.04762583009296,430.252637209345,11.6755750245327,32.6557730583202,14.004840829233,263.275902628477,83.3990235100587,92.2927660907566,282.738521555024,39.3331133782772,1.74113527198554,14.3872247216237,269.781177700436,36.3940067408605,38.79845699839,12.1594615799316,3.54364777438155,43.0745648950426,4.94741875615588,10.1628309538711,15.0185137336261,2.7618790696742,294.844832189324,50.6470748543798,0,4.03840837866101,12.0726164965947,46.7229519963186,111.820566822587,2.21084900934921,2.16870275963628,206.008121367046,"HH vs. BH","HH"
"LOC111134820",10.8949771175853,-4.00436970314102,3.41726110924595,0.00012343430413768,0.0175576592920446,2.8330052958095,0,13.300632685508,0,0,0,0,0,5.51623129102983,2.99387235807455,4.03501588160025,72.1436846329483,0,0,1.00184693318418,0,0,3.52402973648014,1.82651522388455,0,0,0,1.89278270851796,6.65785014758231,6.54124006089734,0,7.31505885500817,6.08615908452129,18.5457753151435,56.3381095285887,3.40465630335585,0,12.2563550132206,14.0153896907766,16.4627087821538,3.76898869231896,9.47564711315282,0,11.8008246635029,0,3.20783481034998,0,0,1.48478462069184,11.1640976935354,0,4.65212217093528,1.02847483966655,2.04473722400992,6.296739298692,0,0,0,0,0,0,3.51576346273911,0,0,0,0,11.7619135791208,0,1.94592917075545,19.2092782696001,2.33414013820549,0,8.44547073519582,372.010841781204,1.91687133257644,3.39078563605838,6.38416266394697,0,0,66.048382603784,3.32558202843343,4.0531538599772,6.20138360516771,6.80124708869093,0.989483751231176,13.5504412718281,3.00370274672522,2.7618790696742,1.08001770032719,41.6613035092479,0,12.115225135983,0.928662807430361,0,104.903830730468,2.21084900934921,0,1.06739959257537,"HH vs. BH","HH"
"LOC111134917",45.4573572024578,20.5144450665341,2.77645634005266,5.89099351983067e-14,6.12810600900386e-11,4.72167549301583,0,283.113467162956,0,1.1561427901596,11.6244221370333,0,71.1953038446308,2.20649251641193,0,0,0,0,0,14.0258570645785,0,0,0,0,3.70379112940104,5.01134946048801,2.11910152716045,0,6.65785014758231,1.78397456206291,11.1663894022535,1.04500840785831,0,0,0,1.13488543445195,0,0,0,569.263140519738,0,12.6341961508704,140.160083804096,0,1.02438336855505,0,0,0,0,0,0,26.7497024828779,0,0,5.24728274891,196.512631218008,476.662739358505,0,0,4.93874659264807,0,7.03152692547822,0,0,22.9030995700868,12.5252310658447,0,713.01914582447,0,1.92092782696001,407.307454116859,2.14045449291445,0,0,0,0,0,4.4960077255074,1134.32290572766,0,1.10852734281114,0,1.77182388719077,0,16.82122377093,0,0,35.9044279057646,5.40008850163597,0,1.23881107677016,0,0,0,5.76394674343233,0,0,0,"HH vs. BH","BH"
"LOC111133447",8.69070709201058,-20.2268894784075,3.3106808338475,3.97056883777722e-10,1.68015629837197e-07,0,0,18.050858644618,0,41.6211404457455,1.16244221370333,18.3308111808111,0,0,0,0,7.42655577103879,30.397166397341,0,0,0,1.5026309810852,0,0,0,0,0,0,17.7542670602195,0,0,0,0,8.72742367771459,23.9958614658804,0,0,44.5685636844386,1.0010992636269,8.66458356955461,0.753797738463791,0,0,0,0,2.13855654023332,15.5909184241633,0,0,0,2.01902114586436,9.30424434187056,0,1.36315814933995,17.840761346294,0,0,0,0,24.6937329632403,36.0254734355359,0,70.2055994190733,0,0,0,0,0,0,14.4069587022001,0,0,13.7238899446932,0,119.804458286027,0,21.4740016878216,0,0,17.5230402826366,0,0,0,0,0,0,0,0,17.2802832052351,0,0,0,0,0,74.9313076646202,0,0,125.953151923893,"HH vs. BH","HH"
"LOC111137503",70.3577681907255,-2.77848629623787,2.43612655177279,0.000112203398969504,0.0163816962495476,0.944335098603166,9.02363074247786,64.603073043896,10.4964827477031,20.8105702228728,5.81221106851664,92.3087277319414,8.25452798198618,17.6519401312955,9.97957452691517,5.04376985200031,57.2905730908707,38.7825916104006,15.9090561926357,23.0424794632361,2.14552604742987,143.501258693637,7.92906690708032,87.6727307464585,2.77784334705078,4.29544239470401,46.6202335975299,24.6061752107335,39.9471008854939,0.594658187354303,24.5660566849578,31.3502522357493,20.2871969484043,29.4550549122867,62.5978994762097,5.67442717225976,6.49928827546566,460.170420041829,48.0527646540912,71.9160436273033,33.9208982308706,1.0528496792392,2.15630898160147,21.0729011848267,8.19506694844038,28.8705132931498,45.7983228709797,102.269471346848,5.19674617242144,0,6.05706343759309,22.0975803119426,11.313223236332,19.0842140907593,54.571740588664,0,17.3122060299699,0,7.64645341717569,8.88974386676652,27.8378658365505,5.27364519410866,51.0586177593261,2.9086945050369,328.277760504577,8.7676617460913,2249.23978136111,5.08572857221448,9.72964585377727,23.0511339235202,5.83535034551373,22.4747721756017,30.6148314150848,5.67955483635425,66.1320609738871,31.1952278517371,30.7600564717445,5.39520927060888,3.44988718287002,586.347886380531,777.07766731061,12.1594615799316,21.2618866462893,13.6024941773819,0.989483751231176,8.80778682668826,18.0222164803513,14.7300217049291,104.761716931738,0,2.47762215354032,17.1632356093093,28.7885470303412,0,41.5004165527128,4.42169801869841,5.42175689909071,76.8527706654264,"HH vs. BH","HH"
"LOC144618793",69.9942516045293,2.24906371956807,2.60794471769227,0.000231871173006839,0.0285167276122598,3.77734039441266,511.339075407079,313.51491330126,6.99765516513539,4.62457116063839,6.97465328221997,8.51073376251942,0,6.6194775492358,10.9775319796067,4.03501588160025,27.5843500067155,0,3.97726404815894,24.0443263964203,5.36381511857468,12.0210478486816,4.40503717060018,3.6530304477691,280.562178052129,725.929764704977,764.995651304923,1.89278270851796,2.21928338252744,14.2717964965033,14.5163062229296,7.31505885500817,242.432003533431,6.54556775828594,499.739897485074,753.563928476095,7.42775802910361,2.22842818422193,15.0164889544035,4.3322917847773,11.3069660769569,17.8984445470664,5.39077245400368,7.5862444265376,16.3901338968808,12.8313392413999,8.76989161359186,5.42338105627224,4.45435386207552,20.4675124381482,8.07608458345745,6.97818325640292,5.14237419833273,12.2684233440595,15.74184824673,2.15947946393415,5.77073534332331,19.4110157934726,4.77903338573481,31.6079781929476,3.27504303959417,10.5472903882173,13.8283756431508,2.9086945050369,2.18124757810351,0,7.23810066407436,6.10287428665738,9.72964585377727,0,156.387389259768,11.7724997110295,7.38978689329634,13.4889427363414,4.79217833144109,10.8505140353868,2.90189211997589,5.39520927060888,11.7296164217581,2.69585235117486,4.43410937124457,1.0132884649943,1.77182388719077,6.80124708869093,285.96080410581,240.520332574949,15.0185137336261,6.44438449590647,4.32007080130877,13.8871011697493,2.47762215354032,721.865497685656,5.57197684458217,4.24754109057442,4.61115739474586,6.63254702804762,1.08435137981814,375.724656586529,"HH vs. BH","BH"
"LOC111133567",41.7950939253683,-18.4459651204675,7.19855854562661,1.75833693124075e-05,0.00337681844810435,0,0,0,345.50922377856,302.909411021815,333.620915332855,0,0,0,0,259.249770392816,0,0,0,0,0,229.902540106036,0,0.913257611942276,0,0,0,0,0,0,0,0,0,0,0,261.023649923949,0,0,0,0,0,0,0,305.13560915629,0,0,3.89772960604083,0,0,0,0,0,0,2.04473722400992,1.049456549782,0,0,0,0,240.023084402696,160.477108940114,261.045437108379,0,0,1.09062378905175,0,194.523955346999,0,0,281.415926649642,0,0,259.698225107271,0,0,0,0,0,0,0,0,0,0,0,0,282.526700517616,0,0,158.762601948097,0,0,0,0,2.12377054528721,0,0,0,0,"HH vs. BH","HH"
"LOC111132555",27.8277860447642,-14.1860847889379,3.691593833159,3.47472138163216e-06,0.000826189466798367,1.88867019720633,0,4.75022595911,0,418.523690037774,0,4.58270279520276,0,487.634846127037,0,0,37.1327788551939,1.04817815163245,0,10.0184693318418,0,4.5078929432556,0,5.47954567165366,0,0,0,498.748243694483,2.21928338252744,0,0,0,2.02871969484043,4.3637118388573,2.08659664920699,2.2697708689039,0,0,0,683.635643637859,0,0,0,0,0,0,0,9.29722466789526,0,0,0,5.8151527136691,0,0,0,0,1.15414706866466,0,0,0,0,0,0,0,3.27187136715526,0,0,0,0,0,0,0,2.11136768379895,1.41988870908856,0.958435666288219,5.4252570176934,333.137215373233,0.89920154510148,0,10.7834094046994,2.21705468562228,0,3.54364777438155,6.80124708869093,0,0,0,0,0,0,2.47762215354032,0,0,0,0,0,0,27.7523894069595,"HH vs. BH","HH"
"LOC144618880",75.2601728943806,7.15201297729589,2.72387795364122,1.39490582753321e-05,0.00276390626112651,104.821195944951,4.01050255221238,113.055377826818,138.203689511424,11.561427901596,0,15.0574520413805,0,11.0324625820597,123.746724133748,0,93.3624154073448,122.636843740997,221.401032014181,0,328.26548525677,14.2749943203094,0,107.764398209189,0,0,93.2404671950599,312.309146905464,49.9338761068673,188.506645391314,3.34991682067606,93.0057482993895,0,265.095494210581,6.25978994762097,82.8466367149924,0,6.68528455266579,0,88.378752409457,0,0,210.240125706144,2.5287481421792,0,4.27711308046664,8.76989161359186,164.250969132816,0.742392310345921,8.37307327015154,51.4850392195413,3.48909162820146,195.410219536644,32.0342165094888,8.395652398256,23.7542741032757,87.7151772185142,0,0,147.174648460912,132.639243103564,138.872656778195,0,0.969564835012302,5.45311894525876,5.01009242633788,0,11.1886028588719,78.8101314155959,3.84185565392003,133.045987877713,293.242265529279,175.243517755313,0,230.982995575461,0.678157127211675,10.4468116319132,4.4960077255074,163.524652468039,119.965429627281,6.65116405686685,150.979981284151,156.806414016384,182.500130213207,0,96.2081330299794,34.0419644628859,185.045897668171,76.6812567232307,0,26.0150326121734,42.4032879759406,189.447212715794,339.803287245954,27.6669443684752,192.343863813381,190.845842847993,45.8981824807407,"HH vs. BH","BH"
"LOC111101698",46.982370765646,-23.3599697912969,2.38746120667718,4.04555826335007e-23,5.0500703801399e-19,0,12.0315076566371,31.351491330126,0,25.4351413835112,0,99.5101178386886,0,13.2389550984716,0,0,122.00770195278,112.155062224672,0,371.685212211331,0,38.3170900176726,0,0,5.55568669410156,0,0,0,285.177914654776,0,29.0326124458592,19.8551597493079,0,28.3641269525724,123.109202303212,0,5.57081852182771,336.492655817512,20.021985272538,44.1893762047285,0,3.1585490377176,4.31261796320295,0,12.2926004226606,28.8705132931498,84.775618931388,0,13.3630615862266,1.86068294892256,4.03804229172873,766.437127661587,0,0,313.787508384818,0,4.61658827465864,10.167674939438,0,50.3752152450103,222.702926692404,0,219.126567883774,0,4.36249515620701,2.50504621316894,1.80952516601859,0,0,48.9836595874804,2.33414013820549,0,58.0626113044712,0,73.7995463041928,48.8273131592406,24.9562722317927,0,0,20.2188926338114,23.279074199034,0,1.77182388719077,0,0,0,1.00123424890841,0,159.842619648425,4.9013298246174,4.95524430708064,10.0960209466525,0,0,201.738136020131,11.054245046746,8.67481103854514,193.199326256141,"HH vs. BH","HH"
"LOC144618686",29.774141203055,1.88779693033632,1.92379670534601,0.000144787334363419,0.0198613219215227,50.0497602259678,5.01312819026548,18.050858644618,1.74941379128385,21.9667130130324,16.2741909918466,45.8270279520276,181.599615603696,41.9233578118267,1.99591490538303,21.1838333784013,84.8749230975862,8.3854252130596,6.62877341359823,5.0092346659209,2.14552604742987,63.861816696121,2.64302230236011,0,13.8892167352539,42.9544239470401,18.0123629808638,113.566962511078,5.54820845631859,17.8397456206291,13.3996672827042,16.720134525733,15.2153977113032,22.9094871540008,0,35.1814484680105,7.42775802910361,25.6269241185522,9.00989337264211,2.59937507086638,83.6715489694808,24.2155426225016,42.0480251412287,60.6899554123008,31.7558844252065,20.3162871322165,7.79545921208166,46.4861233394763,21.5293770000317,3.72136589784513,8.07608458345745,110.487901559713,5.14237419833273,34.0789537334987,30.434239943678,90.6981374852343,30.0078237852812,24.0326862204899,3.82322670858784,2.96324795558884,9.82512911878252,0.878940865684777,3.19116360995788,0.969564835012302,32.7187136715526,20.0403697053515,5.42857549805577,8.13716571554317,4.86482292688863,112.374277877161,8.16949048371923,8.56181797165778,16.8909414703916,4.96961048180997,9.58435666288218,14.2412996714452,40.6264896796625,19.7824339922326,39.3287138847183,40.4377852676228,77.5969139967799,30.398653949829,20.3759747026939,28.3385295362122,3.9579350049247,14.9054853990109,5.00617124454204,101.268899221387,109.081787733047,75.9706122815696,120.164674446706,13.1248272306483,77.07901301672,30.7946729066645,11.5278934868647,12.1596695514206,14.0965679376358,1.06739959257537,"HH vs. BH","BH"
"LOC111128241",141.796084927269,4.53383185260784,1.83322021274716,1.36300235781093e-05,0.00272229734920861,111.431541635174,78.2047997681415,1551.42379824533,8.74706895641923,18.4982846425536,17.4366332055499,5.23737462308887,0,8.82597006564773,43.9101279184267,55.4814683720034,10.6093653871983,26.2044537908112,3.97726404815894,14.0258570645785,19.3097344268688,107.438115147592,1.76201486824007,3.6530304477691,2.77784334705078,25.772654368224,4308.1334047172,88.9607873003442,188.639087514832,8.91987281031455,27.9159735056338,8.36006726286648,47.6749128287501,43.637118388573,1585.81345339731,39.7209902058183,7.42775802910361,6.68528455266579,39.0428712814491,22.527917280842,16.5835502462034,9.47564711315282,21.5630898160147,18.5441530426475,21.512050739656,51.3253569655996,6.82102681057145,795.687477827369,112.101238862234,33.4922930806062,17.1616797398471,79.0860769058997,98.7335846079883,9.54210704537964,26.23641374455,0,372.789503178686,12.9406771956484,25.8067802829679,1.97549863705923,6.55008607918834,22.8524625078042,21.2744240663859,14.5434725251845,91.6123982803472,13.7777541724292,42.5238414014369,15.2571857166434,54.4860167811527,11.5255669617601,46.6828027641099,13.9129542039439,91.8444942452545,16.3287201545185,19.1687133257644,57.6433558129924,341.262513309165,17.0848293569281,93.1469539374907,610.610557541105,27.7131835702785,32.4252308798176,132.000879595713,31.7391530805577,85.0956026058811,39.9738017518929,42.0518384541531,3.68250542623227,15.1202478045807,8.16888304102899,61.9405538385081,157.497926767779,28.7885470303412,13.8045085443669,199.432557322759,50.8495272150317,326.389765325261,58.7069775916451,"HH vs. BH","BH"
"LOC111131288",466.498984538723,-3.92493519817237,4.21489419411805,0.000243874758396903,0.0289932248482718,7.55468078882533,12.0315076566371,1383.26579929283,3.49882758256769,6.93685674095759,4518.41288466483,3137.18739923023,10.3181599774827,0,43.9101279184267,0,381.937153939138,49.2643731267251,0,0,0,3075.13430279086,5.28604460472022,1.82651522388455,0,0,0,0,922.11224544015,1.78397456206291,8.93311152180282,44.9353615379073,0,45.8189743080016,29.2123530888979,0,1.8569395072759,472.426775055049,542.59580088578,34.6583342782184,0,0,0,0,0,476.89810847203,42.8750256664491,0,4.45435386207552,4.65170737230641,61.5801449488631,20.9345497692088,0,5.45263259735979,11.544022047602,0,0,0,0,15.8039890964738,9.82512911878252,3.51576346273911,1658.34135597478,0,4.36249515620701,0,2796.62114408173,1.0171457144429,1.94592917075545,72.9952574244806,0,2.14045449291445,1109.52371783635,0,9.58435666288218,56.9651986857807,13.9290821758843,0,2.75990974629602,202.188926338114,9.97674608530028,10.132884649943,3.54364777438155,18.1366589031758,0,1.35504412718281,8.00987399126726,1.84125271311613,14349.1151665471,20.4222076025725,2.47762215354032,6.05761256799152,3.71465122972145,2.12377054528721,110.667777473901,0,4.33740551927257,7501.68433661967,"HH vs. BH","HH"
"LOC111128875",73.146635664196,-19.76185153755,4.15766460458082,3.76427152141306e-07,0.000103273409674284,0,96.2520612530972,3.800180767288,1.74941379128385,73.9931385702143,0,12.4387647298361,0,0,0,0,42.4374615487931,463.294743021543,0,0,0,75.13154905426,0,0,0,0,0,0,554.820845631859,0,22.3327788045071,0,0,164.730121916863,304.64311078422,0,0,992.76475607087,322.353962887862,72.7825019842587,0,0,0,0,0,87.6808181495661,153.960319438613,0,0,0,4.03804229172873,0,0,0,153.220656268172,0,0,0,0,17.779487733533,85.1511190294485,3.51576346273911,80.8428114522663,0,0,0,0,0,0,0,0,0,97.1229134547519,0,954.601923623066,0,66.1631403354504,0,0,156.359436368142,13.3023281137337,0,0,0,0,0,0,0,1361.90232011259,0,0,0,0,0,137.181932493689,0,0,226.288713625978,"HH vs. BH","HH"
"LOC111128098",8.08126176108944,-20.614920926771,2.70407844501347,9.736972580669e-15,1.21546628724491e-11,1.88867019720633,4.01050255221238,3.800180767288,0,2.3122855803192,0,21.6041703202416,0,0,0,0,4.24374615487931,15.7226722744867,0,52.0960405255774,0,14.2749943203094,0,0,0,0,0,0,201.954787809997,0,0,0,5.07179923710107,30.5459828720011,3.12989497381048,0,0,21.1700677501083,13.0142904271497,6.06520849868823,0,0,0,0,0,4.27711308046664,1.94886480302041,0,0,0,0,59.3145576794248,0,0,7.346195848474,0,0,0,0,0,16.3752151979709,0,69.141878215754,0.969564835012302,4.36249515620701,0,0,0,0,1.92092782696001,0,0,3.16705152569843,0.709944354544282,11.5012279954586,1.35631425442335,1.74113527198554,1.79840309020296,0,5.39170470234971,0,24.3189231598632,0,0,1.97896750246235,0,2.00246849781681,0,48.6007965147237,0,0,0,0,0,31.1253124145346,0,4.33740551927257,46.9655820733161,"HH vs. BH","HH"
"LOC111131595",7088.37969500129,-6.15192731753882,1.89026363481681,5.38311352778548e-06,0.00119995368155975,4833.107034651,23417.3244023681,1116.30310039085,16877.4695514109,5233.8584110525,25746.932591315,1278.57407986157,2.06363199549655,4740.64917151104,40.9162555603522,21903.0749592966,1287.97695800587,768.314585146586,53.0301873087858,16285.0218989088,4.29105209485974,22007.5333489738,8.81007434120036,647.499646867074,11423.4177908552,0,316.805678310488,10333.6471971538,641.372897550429,788.516756431806,21906.222729341,19936.6704051208,609.630268299549,6.54556775828594,2705.27255569686,4600.82555126821,21796.7559364045,9952.16027073515,13464.7850957818,93.5775025511898,519.366641801552,19058.684893588,571.421880124391,20986.0808319452,21529.4652569214,12286.0073236404,2268.47863071576,6862.12657362903,1435.78672820901,1036.40040254987,32.3043383338298,7848.13010236781,0,3463.78485747281,20781.3385987832,3148.52105841599,86.5610301498496,27061.7290183571,2545.31318124236,15152.0745462443,27611.8878668185,20004.6941029855,12585.9492776739,2176.67305460262,30.5374660934491,4044.39711116126,16630.4410382939,14849.3102851518,0,13907.5174671905,5969.56340346055,3151.81924081652,15195.5132203011,2662.29132954106,4881.3128484059,9306.35025672582,2579.20171623457,8292.43664892585,2831.66739969972,2245.64500852865,0,0,2744.55520125851,12153.8285474907,10984.2591224173,13339.0543879876,1099.35520530143,613.137153467673,2860.96688816674,2810.91265441808,49.5524430708064,759.22077518827,2868.63941215239,1202.05412863256,19.5974189276699,88.4339603739682,4951.14840024964,2214.85415459388,"HH vs. BH","HH"
"LOC111130714",252.066360192725,-20.1196943191023,3.67102338983447,1.56868952025071e-08,4.95745602057964e-06,0,6.01575382831857,22.801084603728,0,35.8404264949475,0,9.16540559040553,0,0,0,0,0,205.44291771996,0,1435.64665525293,0,0.7513154905426,0,0,0,0,0,0,4309.84832886828,0,0,0,0,278.186629727153,8.34638659682796,0,0,420.058712725834,75.0824447720176,21.6614589238865,0,0,0,0,0,26.7319567529165,38.0028636588981,0,0,0,0,14587.8920975103,0,0.681579074669974,2.098913099564,0,0,0,0,0,307.854045721852,0,53.1860601659646,0.969564835012302,0,0,0,0,0,0,3.50121020730824,0,16.8909414703916,0,130.347250615198,0,20.8936232638264,0,0,59.3087517258468,1.10852734281114,0,9.74503137954926,0,0,0,16.0197479825345,0,369.3660535119,0,2.47762215354032,0,8.35796526687325,0,911.856374810994,0,8.67481103854514,37.3589857401378,"HH vs. BH","HH"
"LOC111128476",18.3970744350005,16.0022667106946,2.79312900077063,5.41235652578142e-09,1.85102593181724e-06,3.77734039441266,1.0026256380531,109.25519705953,3.49882758256769,1.1561427901596,0,0,0,0,0.997957452691516,0,46.6812077036724,0,2.65150936543929,0,1.07276302371494,0,0,1.82651522388455,0,0,0,0,48.8242344156036,1.18931637470861,357.324460872113,0,0,0,9.38968492143145,0,0,0,6.00659558176141,1.73291671391092,12.8145615538845,0,4.31261796320295,3.37166418957227,0,1.06927827011666,1.94886480302041,4.64861233394763,0,0,0,0,0,6.81579074669974,0,0,0,0,0,0,0,0,0,0,0,0,0,0,172.214731611858,0,4.66828027641099,2.14045449291445,8.44547073519582,0,0,2.7126285088467,1.16075684799036,0,0,2.69585235117486,0,0,603.306033588459,4.53416472579395,0,0,233.287579995659,0,4.32007080130877,0,3.71643323031048,3.02880628399576,0,0,2.30557869737293,0,4.33740551927257,26.6849898143842,"HH vs. BH","BH"
"LOC111131122",12.4018395414037,2.37872959899595,2.54107537013569,0.000186497011856158,0.0237555326428615,8.4990158874285,2.00525127610619,0,2.62412068692577,10.4052851114364,0,1.96401548365833,0,2.20649251641193,3.99182981076607,5.04376985200031,2.12187307743965,1.04817815163245,0,2.00369386636836,11.8003932608643,0,5.28604460472022,4.56628805971138,0,12.170420118328,779.829361995046,0.946391354258981,0,2.97329093677152,0,6.27005044714986,2.02871969484043,2.18185591942865,0,4.5395417378078,1.8569395072759,8.91371273688773,0,4.3322917847773,2.26139321539137,5.26424839619601,1.07815449080074,1.68583209478613,1.02438336855505,0,2.92329720453062,0.774768722324605,5.19674617242144,4.65170737230641,8.07608458345745,0,1.02847483966655,0,0,0,6.92488241198797,3.69733634161384,2.86742003144088,6.91424522970729,9.82512911878252,7.03152692547822,21.2744240663859,0,0,6.26261553292235,0,2.03429142888579,0.972964585377727,0,0,1.07022724645722,11.6125222608942,1.41988870908856,37.3789909852405,3.39078563605838,4.06264896796625,0,3.44988718287002,2.69585235117486,1.10852734281114,0,2.65773583078616,2.26708236289698,0,5.42017650873124,21.0259192270766,4.60313178279033,17.2802832052351,1.6337766082058,23.5374104586331,0,2.78598842229108,0,6.91673609211879,4.42169801869841,3.25305413945443,0,"HH vs. BH","BH"
"LOC111129282",11.3011166224779,-15.5959852014687,4.75587048331321,7.86156011100011e-06,0.00162208024571264,3.77734039441266,0,1.900090383644,0,0,0,0,0,0,0,0,31.8280961615948,0,0,0,0,0.7513154905426,0,0,0,0,0,17.0350443766617,35.508534120439,0,60.298502772169,6.27005044714986,0,0,6.25978994762097,0,0,45.6827777765496,0,0,3.01519095385517,0,0,0,0,0,0,4.64861233394763,0,9.30341474461282,0,0,0,0,0,0,0,0,0,0,0,0,0,0,4.36249515620701,0,0,0,107.999068976928,0,0,0,19.0023091541906,4.25966612726569,0,0,0,0,0,0,1.10852734281114,0,503.19798396218,0,0,2.71008825436562,168.207353816612,0,0,0,0,0,2.78598842229108,0,4.61115739474586,2.21084900934921,0,4.26959837030146,"HH vs. BH","HH"
"LOC111116845",38.223867388519,3.74962489204305,1.87545264283961,2.47509316678078e-05,0.00457727229643326,288.966540172569,11.0288820185841,15.200723069152,40.2365171995285,13.8737134819152,25.5737287014732,3.27335913943055,36.1135599211896,4.41298503282386,199.591490538303,0,29.7062230841552,8.3854252130596,7.95452809631787,43.0794181269197,10.7276302371494,181.067033220767,400.858382524616,364.389787164968,46.297389117513,1.431814131568,107.014627121603,8.51752218833083,4.43856676505487,5.94658187354303,31.2658903263099,29.2602354200327,10.1435984742021,26.1822710331438,8.34638659682796,121.432741486359,1.8569395072759,10.0279268289987,9.00989337264211,11.263958640421,12.8145615538845,15.792745188588,7.54708143560516,10.1149925687168,22.5364341082111,14.9698957816332,3.89772960604083,4.64861233394763,16.3326308276103,0,13.1236374481184,3.48909162820146,19.5410219536644,8.17894889603969,8.395652398256,209.469508001613,5.77073534332331,15.7136794518588,1.91161335429392,32.5957275114772,27.8378658365505,11.4262312539021,3.19116360995788,10.6652131851353,14.1781092576728,13.7777541724292,0,19.325768574415,8.75668126839954,11.5255669617601,2.33414013820549,9.63204521811501,28.5034637312859,7.09944354544282,11.5012279954586,8.1378855265401,8.1252979359325,12.5888216314207,1.37995487314801,6.73963087793714,11.0852734281114,8.10630771995439,20.3759747026939,9.06832945158791,12.8632887660053,25.7458384164734,4.00493699563363,186.887150381288,11.8801947035991,8.16888304102899,215.553127358008,11.1056230413178,6.50063965201253,14.8663938170105,180.987927743775,16.581367570119,27.1087844954535,23.4827910366581,"HH vs. BH","BH"
"LOC111131571",58.5104961950159,-4.95764429808505,3.97295928771356,0.000115290616151831,0.0165422156485438,2.8330052958095,4.01050255221238,561.476708366802,0,0,1.16244221370333,40.5896533289388,0,5.51623129102983,0,2.01750794080012,77.4483673265474,168.756682412824,0,1.00184693318418,0,0.7513154905426,9.6910817753204,0,0,0,1.05955076358023,0,184.200520749777,1.18931637470861,0,0,0,34.9096947108584,129.368992250833,1.13488543445195,0,1206.69386175618,3.0032977908807,116.971878188987,9.79937060002929,3.1585490377176,4.31261796320295,12.643740710896,3.07315010566514,13.9006175115166,2.92329720453062,3.87384361162303,8.16631541380513,0,33.313848906762,16.2824275982735,2.05694967933309,4.08947444801985,15.74184824673,0,1.15414706866466,0,1.91161335429392,28.6447302373588,4.91256455939126,7.910467791163,2550.80344555966,0,0,0,0,0,0,1.92092782696001,0,2.14045449291445,10.5568384189948,1.41988870908856,19.1687133257644,6.78157127211675,6.38416266394697,0,1.37995487314801,25.6105973361611,22.1705468562228,0,3.54364777438155,2.26708236289698,0.989483751231176,0,4.00493699563363,0,3.24005310098158,0,13.6269218444718,6.05761256799152,0,0,0,0,0,27.7523894069595,"HH vs. BH","HH"
"LOC144620752",36.8875976091249,-19.2959204021137,3.04803426752018,1.0637026724923e-10,5.10700017720055e-08,0,3.00787691415929,20.900994220084,10.4964827477031,2.3122855803192,0,145.991817618602,0,0,0,0,144.287369265897,234.791905965669,0,0,0,144.252574184179,0,0,0,0,0,0,1810.93524014239,0,1.11663894022535,0,0,37.091550630287,1.04329832460349,0,0,56.8249186976592,29.0318786451801,142.099170540696,0,0,0,0,0,28.8705132931498,42.8750256664491,1.54953744464921,0,0,3.02853171879654,6.97818325640292,0,0,88.154350181688,0,0,0,0,3.95099727411845,6.55008607918834,0,31.9116360995788,0,1.09062378905175,0,0,0,0,95.0859274345207,0,0,24.280728363688,0,5.75061399772931,0,5.80378423995179,10.7904185412178,0,261.497678063961,4.43410937124457,0,0,0,0,0,8.00987399126726,0,3.24005310098158,0,0,0,0,0,10.3751041381782,0,0,2.13479918515073,"HH vs. BH","HH"
"LOC111119491",13.6843788845697,11.6181495276321,3.80481331038886,1.03733651601465e-05,0.0021055401186034,3.77734039441266,0,4.75022595911,0,1.1561427901596,0,0,0,0,0.997957452691516,0,76.3874307878276,0,0,0,3.21828907114481,3.0052619621704,1.76201486824007,3.6530304477691,1.85189556470052,0,0,41.6412195873952,48.8242344156036,16.6504292459205,111.663894022535,0,0,8.72742367771459,16.6927731936559,0,0,0,0,0,1.50759547692758,2.1056993584784,149.863474221302,0,4.09753347422019,0,0,4.64861233394763,0,0,0,0,0,0,0,0,0,0,0,9.87749318529613,6.55008607918834,0,0,0,0,0,0,4.06858285777158,62.2697334641745,7.68371130784006,2.33414013820549,0,12.6682061027937,0,0,0,1.16075684799036,0,0,4.04377852676228,6.65116405686685,0,503.19798396218,0,0,0.677522063591404,118.145641371192,0,0,1.6337766082058,0,0,0,7.43319690850524,0,1.1054245046746,9.75916241836328,6.4043975554522,"HH vs. BH","BH"
"LOC111121272",37.5769062035053,15.5775253574284,2.61610915198683,1.47121922999324e-09,5.67463671590093e-07,0,0,2.850135575466,1.74941379128385,1.1561427901596,0,0,0,0,5.9877447161491,0,242.95446736684,0,0,0,0,3.756577452713,0,0,0,0,9.53595687222203,5.67834812555389,159.788403541975,0,1042.94077017048,4.18003363143324,0,0,15.6494748690524,0,0,0,0,6.93166685564369,27.1367185846965,0,3.23446347240221,0,0,0,0,7.74768722324605,0,0,0,3.48909162820146,3.08542451899964,1.36315814933995,0,0,2.30829413732932,0,0,0,40.9380379949272,1.75788173136955,0,0,4.36249515620701,1.25252310658447,0,12.2057485733148,425.185523810067,5.76278348088004,0,0,10.5568384189948,0,0,8.1378855265401,1.16075684799036,8.09281390591332,0,2.69585235117486,37.6899296555788,0,975.389049898522,4.53416472579395,9.89483751231176,0,352.434455615759,0,0,0.816888304102899,4.95524430708064,8.07681675732202,0,0,2.30557869737293,8.84339603739682,4.33740551927257,11.741395518329,"HH vs. BH","BH"
"LOC111118238",36.5346620016954,1.55937620410383,1.40780295797172,8.62011998689232e-05,0.0132845626909107,13.2206913804443,26.0682665893805,8.550406726398,63.8536033818604,41.6211404457455,29.0610553425832,41.2443251568249,111.436127756813,41.9233578118267,18.9611916011388,40.3501588160025,14.8531115420776,11.5299596679569,1144.12629118705,31.0572549287096,23.6007865217286,20.2855182446502,25.549215589481,24.6579555224414,61.1125536351172,0.715907065784001,19.0719137444441,4.7319567712949,14.4253419864283,19.0290619953377,50.2487523101409,53.2954288007738,22.3159166432447,18.5457753151435,18.7793698428629,6.80931260671171,12.9985765509313,15.5989972895535,23.0252830634187,38.1241677060403,14.322157030812,28.4269413394584,20.484935325214,16.8583209478613,9.21945031699543,12.8313392413999,11.6931888181225,10.0719933902199,16.3326308276103,12.0944391679967,23.2187431774402,50.0103133375542,25.7118709916636,16.3578977920794,31.48369649346,20.5150549073744,21.9287943046286,7.39467268322767,50.6577538887889,53.3384632005991,29.4753873563476,21.9735216421194,82.9702538589049,20.3608615352583,38.1718326168113,55.1110166897167,27.1428774902789,14.2400400022005,13.6215041952882,36.4976287122403,22.1743313129522,3.21068173937167,23.2250445217885,9.93922096361994,3.83374266515287,10.8505140353868,26.6974075037782,8.9920154510148,2.06993230972201,5.39170470234971,11.0852734281114,24.3189231598632,22.1477985898847,1.13354118144849,39.579350049247,6.77522063591404,20.0246849781681,11.0475162786968,24.8404071075255,26.1404257312928,4.95524430708064,12.115225135983,30.6458726452019,12.7426232717233,29.9725230658481,48.6386782056825,41.2053524330894,10.6739959257537,"HH vs. BH","BH"
"LOC111121377",8.13698824633497,-2.25498873545176,2.90566426422628,0.000318312719045884,0.0347030364353692,0,21.055138399115,15.200723069152,0.874706895641923,2.3122855803192,52.3098996166498,22.2588421481277,0,0,0,15.1313095560009,5.30468269359914,14.6744941228543,0,7.01292853228926,5.36381511857468,11.269732358139,0,0,1.85189556470052,0,0,5.67834812555389,11.0964169126372,18.4344038079834,0,0,0,16.3639193957149,12.5195798952419,7.94419804116366,1.8569395072759,5.57107046055483,29.0318786451801,17.3291671391092,3.01519095385517,22.1098432640232,1.07815449080074,3.37166418957227,20.487667371101,7.48494789081661,17.5397832271837,2.32430616697382,3.7119615517296,0,2.01902114586436,10.4672748846044,2.05694967933309,2.04473722400992,15.74184824673,0,0,12.9406771956484,10.5138734486166,10.8652425038257,11.4626506385796,5.27364519410866,14.8920968464701,0,0,0,26.2381149072696,2.03429142888579,0,19.2092782696001,4.66828027641099,0,10.5568384189948,0,14.3765349943233,15.5976139258685,8.70567635992768,0,2.06993230972201,2.69585235117486,3.32558202843343,11.1461731149373,0,7.93478827013942,1.97896750246235,42.0063679426671,0,0.920626356558067,41.0406726124334,0,0,6.05761256799152,6.50063965201253,4.24754109057442,8.06952544080526,4.42169801869841,0,33.0893873698363,"HH vs. BH","HH"
"LOC111121907",254.400895624679,-3.38216601075635,3.52513325853097,0.000204987797006414,0.0257172127641313,1.88867019720633,145.380717517699,392.368664222486,24.4917930779739,320.251552874209,2.32488442740666,725.376385297809,0,2.20649251641193,0.997957452691516,8.0700317632005,622.769748228539,656.159522921913,0,14.0258570645785,3.21828907114481,236.664379520919,0,4.56628805971138,7.40758225880209,5.01134946048801,2.11910152716045,13.2494789596257,3473.17849365544,20.8130365574006,31.2658903263099,6.27005044714986,13.1866780164628,679.648118902024,391.236871726311,7.94419804116366,12.9985765509313,1304.74470186194,510.560624449719,545.002306524985,5.27658416924654,0,8.62523592640589,0,0,429.849864586897,316.690530490817,8.52245594557066,0.742392310345921,3.72136589784513,202.911625159368,546.624355084895,8.22779871733236,2.7263162986799,940.313068604672,0,3.46244120599398,5.54600451242075,19.1161335429392,80.0076948008987,3623.83512331095,0.878940865684777,781.83508443968,19.391296700246,8.72499031241402,16.2828003855981,8.14286324708366,2.03429142888579,4.86482292688863,57.6278348088004,9.33656055282198,6.42136347874334,464.50089043577,9.93922096361994,632.567539750224,4.74709989048173,455.01668441222,168.150688933977,1.37995487314801,342.373248599207,109.744206938303,18.2391923698974,7.97320749235849,4.53416472579395,1.97896750246235,1.35504412718281,6.00740549345044,6.44438449590647,1330.5818068031,8.98577134513189,0,13.1248272306483,143.014072344276,6.37131163586163,1567.79351421359,4.42169801869841,3.25305413945443,1039.64720316841,"HH vs. BH","HH"
"LOC111118623",121.549391569838,-1.51600995426222,1.91469149839599,0.000250272884583454,0.0296128570450735,23.6083774650792,48.1260306265486,1035.54925908598,12.2458965389869,32.3719981244687,46.4976885481331,47.791043435686,67.0680398536377,33.097387746179,13.9714043376812,62.5427461648039,374.510598168099,75.4688269175364,30.4923577025518,16.0295509309469,31.1101276877331,27.7986731500762,1.76201486824007,154.340536418245,22.2227467764063,11.454513052544,118.669685520985,1125.25932021393,24.4121172078018,16.0557710585662,35.7324460872113,2.09001681571662,36.5169545071277,74.183101260574,59.4680045023992,63.5535843293093,84.4907475810536,18.9416395658864,8.00879410901521,1.73291671391092,39.9512801385809,82.1222749806577,46.3606431044317,24.4445653743989,53.2679351648625,23.5241219425665,76.9801597193064,62.756266508293,41.5739693793715,25.1192198104546,17.1616797398471,13.9563665128058,16.4555974346647,5.45263259735979,139.577721121006,133.887726763917,161.580589613053,80.4170654301009,13.3812934800575,43.460970015303,76.963511430463,63.283742329304,57.4409449792418,19.391296700246,13.087485468621,22.5454159185205,499.428945821131,174.949062884178,2.91889375613318,61.4696904627205,283.598026791968,26.7556811614306,123.515009502239,2736.83548676821,43.1296049829698,10.1723569081751,32.50119174373,32.3712556236533,84.8672246986026,4.04377852676228,546.503980005893,10.132884649943,346.391569945797,15.8695765402788,15.8317400196988,65.7196401683662,260.320904716186,26.6981643401839,20.5203363062167,269.573140353957,39.6419544566452,254.419727855644,39.0038379120752,6.37131163586163,41.5004165527128,5.52712252337301,10.8435137981814,21.3479918515073,"HH vs. BH","HH"
"LOC144620607",675.643194485804,-27.9172243048233,5.28766680826253,1.74077022877829e-08,5.43250869145984e-06,0,2.00525127610619,0,0,0,0,1.30934365577222,0,0,6526.64174060252,0,0,0,0,0,0,0,0,2479.49441642328,0,0,0,3566.00262284784,0,0,0,0,0,0,0,0,0,0,0,0,0,0,0,0,6779.36913309731,0,0,0,0,0,0,0,0,4073.11655022777,3847.30771150081,0,0,0,0,0,0,0,0,0,363.177721754234,0,3676.05037476677,0,0,0,5824.84671489181,0,0,0,0,0,0,7939.05044170097,6925.99350832986,664.527604564602,781.511776681855,0,1680.57495700045,0,0,0,0,0,0,0,0,0,7433.01711067261,0,269.752707592633,0,0,1.06739959257537,"HH vs. BH","HH"
"LOC144621121",16.0298943888311,1.67320431586937,2.04592386861375,0.000237745095351078,0.0286741258479953,13.2206913804443,25.0656409513274,18.050858644618,16.6194310171965,12.7175706917556,2.32488442740666,1.30934365577222,28.8908479369516,2.20649251641193,1.99591490538303,7.06127779280044,3.18280961615948,14.6744941228543,0,7.01292853228926,15.0186823320091,3.0052619621704,65.1945501248827,0,59.2606580704167,101.658803341328,52.9775381790113,0,24.4121172078018,13.677138309149,3.34991682067606,11.4950924864414,1.01435984742021,3.27278387914297,2.08659664920699,9.07908347561561,47.3519574355355,14.4847831974426,6.00659558176141,116.105419832032,21.1063366769862,4.21139871695681,7.54708143560516,5.0574962843584,5.12191684277524,6.41566962069995,13.6420536211429,4.64861233394763,2.22717693103776,24.1888783359933,1.00951057293218,15.1193970555397,15.4271225949982,6.81579074669974,11.544022047602,0,147.730824789077,9.24334085403459,7.64645341717569,0,14.7376936781738,40.4312798214997,5.31860601659647,0.969564835012302,25.0843471481903,41.3332625172875,0.904762583009296,18.3086228599721,3.89185834151091,4.80231956740004,67.6900640079593,27.8259084078878,6.33410305139686,0,3.83374266515287,0.678157127211675,0.580378423995179,17.0848293569281,8.27972923888806,13.4792617558743,29.9302382559008,7.09301925496009,1.77182388719077,1.13354118144849,4.94741875615588,9.48530889027966,4.00493699563363,1.84125271311613,1.08001770032719,0,3.71643323031048,0,46.4331403715181,8.49508218114884,27.6669443684752,0,19.5183248367266,9.6065963331783,"HH vs. BH","BH"
"LOC111120310",901.521605132861,5.89995928064239,2.7923430508141,2.59055937308768e-05,0.00475558127268435,10.3876860846348,0,511.124313200236,1590.21713627702,6.93685674095759,0,1368.26412028197,1017.3705737798,2.20649251641193,563.845960770707,1316.42393137208,1199.91922529212,302.923485821778,2579.91861257243,0,1169.31169584928,808.415467823837,7.04805947296029,859.375412837682,707.424105715599,1599.33638496146,1945.33520193329,3627.51806087467,58.8110096369771,0,97.1475877996057,2951.10374379187,4.05743938968086,946.925469032033,758.477881986741,1736.37471471149,1.8569395072759,803.348360412006,0,1941.73317793719,15.8297525077396,0,0,770.425267317263,3.07315010566514,1143.05847075471,2172.00982296625,1042.06393152659,24.4989462414154,23.2585368615321,0,1101.38992396893,2.05694967933309,6.81579074669974,1976.12668323951,47.5085482065513,2389.08443213585,1385.57679401979,19.1161335429392,0,1968.3008667961,709.305278607615,0,1.9391296700246,6469.580316655,35.0706469843652,3.61905033203718,1825.776557425,2556.95093037267,21.1302060965602,717.748092498189,793.038389624802,896.275581772656,29.8176628908598,5.75061399772931,1500.76172251944,1495.63519863558,2329.83120335794,5732.33254305683,59.3087517258468,1541.9615338503,7.09301925496009,758.340623717652,1464.53520643145,5.93690250738706,766.277453921878,2162.66597764216,550.534561221724,4.32007080130877,473.795216379682,7.43286646062097,764.268785661596,2098.77794479262,48.8467225416058,3.4583680460594,2252.85514052684,1143.99070570814,19.2131926663566,"HH vs. BH","BH"
"LOC111118165",19.8871301396855,16.1005785747021,2.41514772504625,1.46992227982381e-11,9.17451990952031e-09,2.8330052958095,0,7.600361534576,0,11.561427901596,0,0,0,0,0,0,85.935859636306,2.0963563032649,0,0,0,10.5184168675964,0,5.47954567165366,58.3347102880664,0,13.7741599265429,0,32.1796090466478,0,263.526789893183,172.426387296621,0,0,6.25978994762097,0,3.71387901455181,0,18.0197867452842,16.4627087821538,1.50759547692758,0,0,0,0,0,0,232.430616697382,0,0,4.03804229172873,1.16303054273382,2.05694967933309,2.7263162986799,0,0,10.387323617982,0,0,1.97549863705923,3.27504303959417,8.78940865684777,0,0,2.18124757810351,0,0,4.06858285777158,25.2970792198209,3.84185565392003,0,6.42136347874334,27.4477798893864,0,0.958435666288219,10.8505140353868,3.48227054397107,0,0,2.69585235117486,35.4728749699565,2.0265769299886,411.949053771855,11.3354118144849,22.7581262783171,8.13026476309685,245.30239098256,0,0,1.6337766082058,0,12.115225135983,0,0,0,8.84339603739682,8.67481103854514,14.9435942960551,"HH vs. BH","BH"
"LOC111122406",43.4764170600932,2.28638979687889,1.76231843598016,6.90459262035801e-05,0.0111730704037597,59.4931112119995,4.01050255221238,32.301536521948,9.62177585206116,35.8404264949475,20.9239598466599,32.0789195664193,8.25452798198618,61.7817904595341,5.9877447161491,9.07878573360056,102.910844255823,1.04817815163245,1096.39912260915,45.0831119932881,10.7276302371494,58.6026082623228,15.8581338141606,22.8314402985569,21.296798994056,18.613583710384,73.1090026870356,92.7463527173801,66.5785014758231,68.9803497330992,104.964060381183,9.40507567072478,3.04307954226064,43.637118388573,38.6020380103293,12.4837397789715,16.7124555654831,22.2842818422193,40.043970545076,63.2514600577486,21.1063366769862,13.6870458301096,33.4227892148228,9.27207652132373,11.2682170541055,22.4548436724498,20.4630804317143,85.2245594557066,17.0750231379562,0.930341474461282,31.2948277608976,32.564855196547,51.4237419833273,1.36315814933995,23.088044095204,1.07973973196708,16.1580589613053,11.0920090248415,17.2045201886453,22.7182343261811,1.63752151979709,57.1311562695105,10.6372120331929,27.1478153803444,57.8030608197429,25.0504621316894,46.1428917334741,19.325768574415,51.5671230250195,9.60463913480007,19.8401911747467,7.49159072520056,34.8375667826827,1.41988870908856,20.1271489920526,26.4481279612553,62.1004913674841,15.2864262667252,32.4289395189782,12.1313355802868,38.79845699839,34.4518078098062,288.807293612096,22.6708236289698,34.6319312930912,26.4233604800648,79.0975056637642,5.5237581393484,12.9602124039263,16.337766082058,11.1492996909314,18.1728377039746,13.9299421114554,37.1659845425262,27.6669443684752,6.63254702804762,34.6992441541805,24.5501906292334,"HH vs. BH","BH"
"LOC111121037",39.8286767291859,-21.4054291156889,3.82631437136894,7.46220615038677e-09,2.38847998398149e-06,0,0,5.700271150932,0,0,0,0,0,0,0,143.243063796809,0,0,0,0,0,0,0,42.0098501493447,3.70379112940104,0,0,9.46391354258981,11.0964169126372,80.8735134801853,0,2.09001681571662,0,0,0,0,0,0,0,0,4.52278643078275,0,2.15630898160147,0,0,2.13855654023332,0,1.54953744464921,0,0,88.836930418032,0,0,1.36315814933995,5.24728274891,0,2297.90681371134,0,0,0,0,0,112.754447551845,104.713002181329,3.27187136715526,2.50504621316894,0,0,0,0,0,0,0,16.3287201545185,0,0,0,0,0,0,0,0,69.1011316004402,0,534.321225664835,30.4884928616132,26.0320904716186,0,0,7.35199473692609,0,0,0,0,16.1390508816105,0,79.1576507267244,0,"HH vs. BH","HH"
"LOC111119242",44.410248732774,-3.09905090781116,3.60220733301275,0.000272492177975029,0.0313504134346754,0,1.0026256380531,1.900090383644,0.874706895641923,4.62457116063839,8.13709549592329,349.594756091182,0,9.9292163238537,716.533451032509,8.0700317632005,2.12187307743965,2.0963563032649,1.32575468271965,4.00738773273672,4.29105209485974,2.2539464716278,0,722.38677104634,2.77784334705078,0.715907065784001,0,208.206097936976,0,2.97329093677152,2.2332778804507,7.31505885500817,0,3.27278387914297,0,4.5395417378078,2.78540926091385,0,15.0164889544035,0,0.753797738463791,7.36994775467441,7.54708143560516,3.37166418957227,6.14630021133029,5.3463913505833,622.662304565022,3.09907488929842,6.68153079311328,9.30341474461282,1.00951057293218,1.16303054273382,0,391.907967935235,8.395652398256,0,2.30829413732932,0,251.377156089651,0.987749318529613,3.27504303959417,4.39470432842389,0,3.87825934004921,0,1.25252310658447,3.61905033203718,584.858785804665,5.83778751226636,0.960463913480007,3.50121020730824,0,0,1.41988870908856,0.958435666288219,7.45972839932843,0,0.89920154510148,1.37995487314801,6.73963087793714,19.9534921706006,0,0,0,3.9579350049247,3.38761031795702,8.00987399126726,13.809395348371,0,6.53510643282319,0,10.0960209466525,4.64331403715181,1.06188527264361,0,5.52712252337301,3.25305413945443,1.06739959257537,"HH vs. BH","HH"
"LOC111113041",18.1919342699649,-18.2019333381361,3.07275217867217,1.47741483030346e-09,5.67463671590093e-07,0,13.0341332946902,0,0,10.4052851114364,15.1117487781433,0.654671827886109,0,29.7876489715611,0,22.1925873488014,115.642082720461,103.769637011613,0,23.0424794632361,0,12.7723633392242,0,50.2291686568252,75.9277181527214,0,0,0,0,0,32.3825292665352,34.4852774593242,0,0,0,0,15.7839858118452,0,11.0120918998959,0,0,27.3740916602192,0,0,14.3413671597707,18.1777305919832,0,24.7925991143874,27.4685154827991,0,0,0,0,0,124.885329424058,0,0,0,0,15.8039890964738,0,24.6103442391738,0,0,52.3499418744841,0,0,0,0,35.5371647987603,0,0,15.8352576284922,115.010985436174,0,9.49419978096345,0,29.6736509883489,151.105058609707,0,0,0,0,4.53416472579395,83.1166351034188,29.8109707980218,0,0,0,0,0,0,76.1503502092896,0,245.544131270217,0,0,0,"HH vs. BH","HH"
"LOC111111250",166.302693624137,-14.6479954739878,5.21137352199765,1.47470304224004e-05,0.00289901072067441,3.77734039441266,1375.60237540885,282.163421971134,280.780913501057,0,22.0864020603632,1518.83864069577,0,0,1.99591490538303,0,22.2796673131164,677.123085954562,0,0,0,480.090598456721,0,0,0,0,0,0.946391354258981,1924.11869265129,0,0,0,0,1994.21631035778,1.04329832460349,0,0,85.7944850925444,319.350665096981,201.018338813667,0,0,0,2.5287481421792,0,1213.63083658241,362.488853361797,3.87384361162303,0,0,0,0,1.02847483966655,0,0,0,0,0,0,0,0,0,0,0.969564835012302,0,0,1.80952516601859,0,0,0.960463913480007,0,0,1703.87372082576,0,0,0,0,0,0,571.520698449069,130.806226451715,0,0,0,0,0,0,0,1347.86209000834,0,0,0,0.928662807430361,0,10.3751041381782,0,2.16870275963628,920.098448799966,"HH vs. BH","HH"
"LOC111115218",101.341410624513,-1.47548773581047,2.23047662192501,0.00042909608694377,0.04372576696587,40.6064092399361,28.0735178654867,87.404157647624,66.4777240687862,227.760129661441,103.457357019596,0,4.12726399099309,239.404438030695,9.97957452691517,47.4114366088029,154.896734653095,191.816601748738,2.65150936543929,16.0295509309469,1.07276302371494,57.0999772812376,24.668208155361,83.1064426867471,0,2.147721197352,0,0.946391354258981,5.54820845631859,38.0581239906754,101.614143560507,63.7455128793569,69.9908294719948,8.72742367771459,0,114.623428879647,44.5665481746217,7.79949864477676,98.1077278354363,0.866458356955461,340.716577785634,52.6424839619601,25.8757077792177,32.0308098009365,33.8046511623166,66.2952527472329,192.937615499021,12.3962995571937,107.646885000158,159.088392132879,39.3709123443551,126.770329157986,0,219.468462043732,56.670653688228,7.55817812376953,129.264471690442,252.343205315144,779.93824855192,18.7672370520627,90.0636835888397,61.5258605979344,43.612569336091,0,105.79050753802,23.7979390251049,28.0476400732882,225.806348606323,0.972964585377727,213.222988792562,52.5181531096236,63.1434075409762,62.2853466720691,53.9557709453654,27.7946343223583,20.3447138163503,47.0106523436095,271.558866620647,240.112147927754,172.534550475191,39.9069843412011,0,22.1477985898847,608.711614437838,1150.76960268186,85.367780012517,8.00987399126726,86.5388775164583,45.3607434137421,4.0844415205145,193.254527976145,2.01920418933051,725.285652603112,0,3.4583680460594,29.8464616262143,19.5183248367266,0,"HH vs. BH","HH"
"LOC111115929",81.7721158934512,2.73591946144895,2.80965729093647,0.000176878351147604,0.0228805435997466,100.099520451936,2.00525127610619,46.552214399278,6.99765516513539,0,23.2488442740666,3.92803096731665,24.7635839459586,15.4454476148835,141.709958282195,10.0875397040006,1056.69279256495,98.5287462534503,18.560565558075,12.0221631982102,3.21828907114481,21.7881492257354,2264.18910568849,24.6579555224414,8.33353004115235,7.87497772362401,268.066343185797,0,64.3592180932957,7.73055643560594,92.6810320387043,5.22504203929155,42.603113591649,38.1824785900013,621.805801463683,81.7117512805405,8.35622778274156,4.45685636844386,12.0131911635228,9.53104192651007,1.50759547692758,5.26424839619601,7.54708143560516,0,4.09753347422019,0,25.3352424392654,6.19814977859684,115.070808103618,55.8204884676769,30.2853171879654,123.281237529785,5.14237419833273,0.681579074669974,2.098913099564,0,0,16.6380135372623,13.3812934800575,32.5957275114772,62.2258177522893,14.0630538509564,0,43.6304175755536,11.9968616795693,90.1816636740819,0.904762583009296,108.83459144539,31.1348667320873,1.92092782696001,5.83535034551373,248.292721178076,11.6125222608942,0,4.79217833144109,25.7699708340437,3.48227054397107,4.4960077255074,4.13986461944403,0,28.8217109130897,49.6511347847206,106.309433231446,168.897636035825,9.89483751231176,18.2930957169679,30.0370274672522,191.490282164078,76.6812567232307,0,2.47762215354032,16.153633514644,141.156746729415,71.1463132671215,4.61115739474586,351.524992486524,29.2774872550898,42.6959837030146,"HH vs. BH","BH"
"LOC144621953",33.1211395572504,-2.1396760141474,2.50941742544886,0.000234582342952047,0.0286741258479953,18.8867019720633,26.0682665893805,24.701174987372,26.2412068692577,43.9334260260647,0,39.2803096731665,0,0,7.98365962153213,16.140063526401,6.36561923231896,54.5052638848874,0,0,10.7276302371494,4.5078929432556,7.04805947296029,0,14.8151645176042,21.47721197352,0,9.46391354258981,22.1928338252744,0,8.93311152180282,8.36006726286648,24.3446363380851,142.911562722576,18.7793698428629,22.697708689039,18.569395072759,49.0254200528825,17.0186874816573,22.527917280842,13.5683592923482,2.1056993584784,64.6892694480442,3.37166418957227,26.6339675824312,17.1084523218665,70.1591329087349,21.6935242250889,8.90870772415105,14.8854635913805,7.06657401052527,24.4236413974102,2.05694967933309,0,44.077175090844,30.2327124950781,69.2488241198797,0,15.2929068343514,1.97549863705923,3.27504303959417,14.0630538509564,0,5.81738901007381,23.9937233591386,97.6968023135887,18.0952516601859,4.06858285777158,0,13.4464947887201,8.16949048371923,17.1236359433156,4.22273536759791,868.971889962201,9.58435666288218,0,24.3758938077975,21.5808370824355,0,5.39170470234971,44.3410937124457,23.3056346948689,0,20.4037412660728,17.8107075221612,4.06513238154843,32.039495965069,1.84125271311613,54.0008850163597,16.337766082058,17.3433550747823,333.168691239533,33.431861067493,6.37131163586163,62.2506248290691,8.84339603739682,0,139.829346627373,"HH vs. BH","HH"
"LOC111115962",125.469224711359,2.02307879707582,1.27160298651037,3.29229063792313e-05,0.00574792503960762,435.33848045606,65.1706664734512,14.25067787733,111.962482642166,100.584422743885,102.294914805893,345.012053295979,81.5134638221136,120.25384214445,146.699745545653,57.4989763128036,68.9608750167888,179.238463929149,257.196408447611,56.1034282583141,202.752211482123,295.266987783242,382.357226408096,94.9787916419967,206.486355464108,120.272387051712,80.5258580320972,48.265959067208,75.4556350059329,67.7910333583906,379.65723967662,169.291362073046,29.4164355751862,128.72949924629,30.2556514135014,146.400221044302,78.9199290592259,34.5406368554399,60.065955817614,164.627087821538,87.4405376617998,117.919164074791,29.1101712516199,59.8470393649077,95.2676532756195,82.3344267989828,265.045613210776,189.043568247204,276.912331759028,111.640976935354,23.2187431774402,83.738199076835,31.8827200296629,86.5605424830867,184.704352761632,136.047206227851,103.87323617982,2.77300225621038,16.2487135114983,58.2772097932472,129.36420006397,135.356893315456,56.3772237759225,27.1478153803444,138.509221209573,258.019759956401,23.5238271582417,79.3373657265459,105.080175220794,184.409071388161,68.8571340770621,249.362948424533,69.6751335653655,14.1988870908856,185.936519259914,75.275441120496,15.6702174478698,189.731526016412,104.876570359249,82.2234967108331,66.5116405686685,22.2923462298746,96.5644018518972,164.363471310031,179.096558972843,93.4980447756138,206.254255275132,85.6182511599002,183.603009055623,331.656651465777,42.1195766101855,19.1824397986398,65.0063965201253,256.976235979752,340.072857862507,256.458485084508,65.0610827890885,21.3479918515073,"HH vs. BH","BH"
"LOC111114163",41.7853013006665,13.5560678113551,7.35482058095211,5.44955195273552e-05,0.00913110832563725,0,0,11.400542301864,29.7400344518254,70.5247101997355,0,10.4747492461777,0,0,0,0,0,0,0,0,0,0,0,0,0,1.431814131568,0,1.89278270851796,0,0,0,0,0,5.45463979857162,35.4721430365188,0,0,95.8224119215431,0,116.105419832032,0,0,3.23446347240221,0,0,25.6626784827998,1.94886480302041,0,0,0,2.01902114586436,0,0,0,243.473919549424,0,0,0,0,0,158.839587420317,0,0,0,0,0,0,0,0,0,0,0,86.5660750357571,0,43.1296049829698,0,8.70567635992768,0,0,0,1.10852734281114,0,0,0,0,0,1.00123424890841,0,32.4005310098158,0,0,0,0,0,2643.34597653807,0,6.50610827890885,249.771504662636,"HH vs. BH","BH"
"LOC111115093",10.6048417399716,15.3610724264951,3.06998700258523,1.98173049035295e-07,5.55908802496086e-05,0,0,9.50045191822,0,6.93685674095759,0,0,0,0,0,0,65.7780654006293,0,0,0,0,1.5026309810852,0,0,0,0,2.11910152716045,3.78556541703592,34.3988924291753,0,183.128786196958,1.04500840785831,0,2.18185591942865,7.30308827222446,0,0,0,2.0021985272538,0,3.01519095385517,0,0,0,0,8.55422616093327,0,9.29722466789526,0,0,0,1.16303054273382,0,0,0,0,0,0,0,0,0,0,0,0,0,0,0,1.0171457144429,32.107831317465,11.5255669617601,0,0,2.11136768379895,0,0,2.7126285088467,0,0,0,0,7.75969139967799,0,437.640500136121,1.13354118144849,0,2.71008825436562,123.151812615734,0,4.32007080130877,0,0,3.02880628399576,0,0,4.61115739474586,0,2.16870275963628,8.53919674060293,"HH vs. BH","BH"
"LOC111102158",52.8881606703009,-3.31349275472654,2.49387978348023,7.81156954409573e-05,0.0122656380652763,26.4413827608887,76.1995484920353,0,90.0948102511181,17.342141852394,112.756894729223,47.791043435686,0,39.7168652954148,30.936681033437,85.7440874840053,49.8640173198319,42.9753042169304,1.32575468271965,7.01292853228926,4.29105209485974,78.1368110164304,0.881007434120036,21.0049250746723,18.5189556470052,7.87497772362401,7.41685534506158,11.3566962511078,2.21928338252744,0,68.1149753537465,4.18003363143324,173.455533908857,85.0923808577173,4.17319329841398,3.40465630335585,3.71387901455181,18.9416395658864,29.0318786451801,4.3322917847773,14.322157030812,64.2238304335913,0,20.2299851374336,6.14630021133029,71.6416440978162,17.5397832271837,23.2430616697382,43.8011463104093,4.65170737230641,0,120.955176444317,2.05694967933309,7.49736982136972,32.533153043242,25.9137535672098,2.30829413732932,45.2923701847695,36.3206537315845,5.92649591117768,13.1001721583767,63.283742329304,0,17.4521670302214,75.2530414445709,1.25252310658447,19.0000142431952,21.3600600033008,1.94592917075545,1.92092782696001,4.66828027641099,44.9495443512034,36.9489344664817,523.228989299135,407.335158172493,0.678157127211675,59.1985992475082,11.6896200863192,35.1888492652742,82.2234967108331,68.7286952542908,2.0265769299886,20.3759747026939,0,20.7791587758547,14.9054853990109,552.681305397441,47.8725705410195,2.16003540065439,128.251463744155,16.1045439980121,757.20157099894,51.0764544086699,38.2278698151698,4.61115739474586,47.5332537010079,2.16870275963628,4.26959837030146,"HH vs. BH","HH"
"LOC144621553",390.991667955057,-20.2891353366638,5.95199299658857,5.37386339232016e-06,0.00119995368155975,0,0,2099.59987392662,0,3579.41807833412,0,223.243093309163,0,2369.77296262642,0,0,2261.91670055067,0,0,0,0,0,0,0,0,0,0,0,0,0,0,0,1.01435984742021,0,354.721430365188,0,0,2664.08589423732,721.792569074996,8635.99044377508,0.753797738463791,0,0,0,0,0,0,0,0,2195.60587972863,678.391105010426,0,2038.43713221909,1990.89247711099,0,0,0,0,0,0,0,0,0,239.482514248038,0,0,33.4762155713439,0,2972.40680832896,0,0,0,0,0,0,0.678157127211675,1293.66350708525,0,4.82984205601803,552.649731990845,0,0,0,18.1366589031758,0,0,0,0,0,414.16237018017,0,0,0,0,0,0,879.408969032513,137.694547442222,"HH vs. BH","HH"
"LOC144621766",45.5689358006437,20.3625872196185,6.37712681734661,7.12123199617516e-06,0.00149402250434041,0,0,0,0,0,0,0,25.7953999437068,0,0,0,142.165496188457,0,0,0,114.785643537498,0,0,0,176.8560264289,0,344.353998163573,277.292666797881,0,266.406867934728,0,0,0,79.6377410591457,0,0,0,0,0,0,141.713974831193,0,0,54.7895430805493,0,17.1084523218665,59.4403764921226,128.611607905884,0,0,132.245885054116,0,0,0,0,0,1071.04847972081,67.4763882344525,0,0,0,0,0,0,0,0,0,2.03429142888579,0,0,0,0,0,0,0,105.11435471781,0,208.614758463543,0,0,0,107.408577289396,396.888550730734,0,0,0,0,0,0,238.531384798047,0,0,0,0,0,79.5905643365714,0,0,"HH vs. BH","BH"
"LOC144621324",33.5685270916795,-20.4529035913418,3.63946530749444,7.10513445833563e-09,2.32284673620565e-06,0,16.0420102088495,0,182.813741189162,147.986277140429,0,0,0,139.009028533952,0,117.015460566407,0,0,0,128.236407447575,0,121.713109467901,0,0.913257611942276,112.039681664382,0,0,0,0,0,0,77.3306221815149,0,1.09092795971432,0,0,0,119.220907855873,0,0,0,94.7564711315281,0,0,0,0,0,0,147.736069758838,0,0,0,0,0,133.280981822314,0,0,172.850473970447,0,170.880632105623,0,0,0,0,88.340526913192,0,103.14293446306,0,0,0,1.16707006910275,0,219.582239115091,0,0,122.746440025313,0,169.049890479078,0.689977436574005,0,0,0,185.155596211436,0,98.9483751231176,143.634677481378,0,0.920626356558067,104.761716931738,0.816888304102899,0,0,0,0,0,0,0,0,"HH vs. BH","HH"
"LOC111115403",18.6757693789036,-3.05418579636392,3.07689083432008,0.00017596714991772,0.0228805435997466,0,9.02363074247786,61.75293746843,6.12294826949346,26.5912841736708,8.13709549592329,48.4457152635721,0,4.41298503282386,3.99182981076607,16.140063526401,45.6202711649526,52.4089075816225,0,12.0221631982102,0,60.8565547339506,0,9.13257611942276,1.85189556470052,2.147721197352,0,8.51752218833083,8.87713353010975,0.594658187354303,54.7153080710423,14.6301177100163,0,26.1822710331438,2.08659664920699,0,0,220.614390237971,1.0010992636269,23.3943756377974,2.26139321539137,4.21139871695681,0,20.2299851374336,5.12191684277524,13.9006175115166,10.7187564166123,17.8196806134659,8.90870772415105,5.58204884676769,0,119.792145901583,4.11389935866618,1.36315814933995,16.791304796512,0,13.8497648239759,29.5786907329107,31.5416203458497,25.6814822817699,91.7012051086368,7.03152692547822,81.9065326555856,4.84782417506151,27.2655947262938,1.25252310658447,43.4286039844462,2.03429142888579,5.83778751226636,0.960463913480007,1.16707006910275,4.28090898582889,14.7795737865927,0,2.87530699886466,86.1259551558828,7.54491951193732,0.89920154510148,0,45.8294899699725,31.038765598712,5.06644232497149,8.85911943595387,0,4.94741875615588,6.77522063591404,19.0234507292597,6.44438449590647,99.3616284301018,14.7039894738522,0,15.1440314199788,0.928662807430361,3.18565581793082,12.6806828355511,0,2.16870275963628,16.0109938886305,"HH vs. BH","HH"
"LOC144621318",21.1069687861848,-39.5334164687883,4.98911477031771,5.74681790946852e-17,1.43475055927791e-13,0,117.307199652212,0,0,0,54.6347840440564,0,0,0,0,0,0,0,0,0,0,0,0,0,0,0,0,0,0,0,58.0652248917183,108.680874417264,0,0,0,155.479304519917,184.765480973952,0,70.0769484538831,0,0,108.443516961638,0,96.0924294028096,66.5849189560781,102.650713931199,0,0,0,0,0,70.944863106763,0,0,90.253263281252,0,0,0.924334085403459,0,0,157.20206590052,71.1942101204669,128.710265601634,0,0,0,0,0,0,91.2440717806007,0,0,0,0,0,0,93.4409262632238,0,0,0,0,0,0,0,0,0,0,136.252700770594,0,0,0,0,0,0,0,0,0,0,"HH vs. BH","HH"
"LOC111115635",36.9800620306417,-1.85669109105463,2.30544955385488,0.000261272069754834,0.0306240304859116,11.332021183238,13.0341332946902,40.851943248346,9.62177585206116,9.24914232127678,10.46197992333,26.1868731154444,0,0,7.98365962153213,26.2276032304016,45.6202711649526,37.7344134587682,0,37.0683365278147,0,45.078929432556,12.3341040776805,2.73977283582683,14.8151645176042,5.72725652627201,3.17865229074068,5.67834812555389,93.2099020661524,7.13589824825164,11.1663894022535,1.04500840785831,23.3302764906649,108.001868011718,49.0350212563643,29.5070212957507,13.9270463045693,404.459715436281,62.0681543448678,37.2577093490848,15.8297525077396,0,2.15630898160147,3.37166418957227,4.09753347422019,36.3554611839664,14.6164860226531,22.4682929474135,340.758070448778,1.86068294892256,17.1616797398471,54.6624355084895,0,2.7263162986799,61.917936437138,0,18.4663530986346,1.84866817080692,2.86742003144088,24.6937329632403,32.7504303959417,3.51576346273911,486.120589916917,10.6652131851353,38.1718326168113,8.7676617460913,27.1428774902789,5.08572857221448,5.83778751226636,45.1418039335603,5.83535034551373,13.9129542039439,45.3944052016775,3.54972177272141,31.6283769875112,21.7010280707736,24.9562722317927,12.5888216314207,6.89977436574005,53.9170470234971,9.97674608530028,4.0531538599772,10.6309433231446,28.3385295362122,5.93690250738706,2.71008825436562,5.00617124454204,351.679268205182,32.4005310098158,0,0,62.5953298692457,10.215290881734,16.9901643622977,74.9313076646202,6.63254702804762,4.33740551927257,98.2007625169337,"HH vs. BH","HH"
"LOC111113984",22.771407872907,5.05443110817239,1.54664775005511,4.86042643641714e-06,0.00110314005828718,17.9423668734602,8.02100510442476,1.900090383644,62.9788964862185,1.1561427901596,106.944683660706,39.2803096731665,0,2.20649251641193,12.9734468849897,59.5164842536037,4.24374615487931,18.8672067293841,407.006687594931,2.00369386636836,17.164208379439,9.0157858865112,9.6910817753204,1.82651522388455,5.55568669410156,2.147721197352,3.17865229074068,17.9814357309206,3.32892507379116,14.8664546838576,90.4477541582536,17.7651429335913,7.1005189319415,3.27278387914297,21.9092648166734,7.94419804116366,1.8569395072759,6.68528455266579,7.00769484538831,9.53104192651007,23.3677298923775,213.728484885558,2.15630898160147,0.842916047393067,11.2682170541055,14.9698957816332,9.74432401510207,1.54953744464921,8.90870772415105,3.72136589784513,12.1141268751862,6.97818325640292,10.2847483966655,3.40789537334987,6.296739298692,5.39869865983538,1.15414706866466,9.24334085403459,1.91161335429392,7.90199454823691,0,10.5472903882173,0,3.87825934004921,8.72499031241402,18.7878465987671,1.80952516601859,5.08572857221448,4.86482292688863,2.88139174044002,10.5036306219247,4.28090898582889,51.7285082530744,2.12983306363284,2.87530699886466,4.06894276327005,4.06264896796625,5.39520927060888,0.689977436574005,5.39170470234971,1.10852734281114,3.0398653949829,18.6041508155031,2.26708236289698,96.9694076206552,4.74265444513983,375.462843340653,9.20626356558067,3.24005310098158,2.4506649123087,8.67167753739113,17.1632356093093,3.71465122972145,15.9282790896541,6.91673609211879,2.21084900934921,36.8679469138168,3.2021987777261,"HH vs. BH","BH"
"LOC144621788",15.2979767344337,18.6469119332573,2.5659004457679,1.71574925002888e-13,1.58649613986004e-10,1.88867019720633,0,0,6.99765516513539,1.1561427901596,0,0,0,8.82597006564773,18.9611916011388,15.1313095560009,10.6093653871983,14.6744941228543,0,0,41.8377579248825,39.0684055082152,17.6201486824007,0,0,0.715907065784001,0,788.343998097731,1.10964169126372,24.3809856815264,0,0,14.201037863883,14.1820634762862,0,0,0,0,0,12.1304169973765,18.091145723131,0,23.7193987976162,10.1149925687168,0,0,0,13.1710682795183,20.7869846896858,9.30341474461282,0,11.6303054273382,6.17084903799927,0,0,6.47843839180245,9.23317654931729,0.924334085403459,0,0,0,0,0,0,0,8.7676617460913,0,0,0,0,30.3438217966714,12.8427269574867,28.5034637312859,0,41.2127336503934,20.3447138163503,0,0,0,0,0,0,0,7.93478827013942,0,0,25.0308562227102,0,35.6405841107974,8.16888304102899,6.19405538385081,0,0,0,0,25.4247636075159,10.8435137981814,0,"HH vs. BH","BH"
"LOC144621764",96.3654013859932,-18.7437759059727,8.2334450967454,2.41532595922727e-05,0.00450007670881105,0,0,177.658450870714,653.406051044517,0,0,0,0,356.348541400527,0,451.921778739228,391.485582787616,0,0,0,0,687.453673846479,0,904.125035822853,0,0,0,0,0,0,0,0,0,0,355.764728689792,0,0,822.289999977893,0,0,290.21212930856,0,0,0,0,0,0,0,305.865631862519,0,0,0,0,0,0,0,0,601.741489597652,0,429.670953560382,0,294.4451900044,0,0,0,0,575.429002793912,0,0,0,204.237262092981,0,368.433660822917,0,0,221.079223471006,0,0,0,0,0,0,0,0,0,329.275722905423,0,0,0,0,0,336.197497523529,0,0,0,0,0,204.94072177447,"HH vs. BH","HH"
"LOC111111765",4.8684594537947,17.6888184664348,3.39273889678424,7.23238104937865e-08,2.12427794445632e-05,3.77734039441266,0,0.950045191822,4.37353447820962,6.93685674095759,0,1.30934365577222,0,0,0,0,61.53431924575,0,0,0,0,0,0,0,0,0,6.35730458148136,3.78556541703592,26.6314005903292,0,151.862895870648,0,4.05743938968086,0,16.6927731936559,0,0,0,0,0,2.26139321539137,0,2.15630898160147,0.842916047393067,0,0,0,0,0,0,0,0,2.05694967933309,0,0,0,16.1580589613053,0,0,0,0,0,0,0,0,15.0302772790136,0,1.0171457144429,6.81075209764409,0,0,0,2.11136768379895,0,0,5.4252570176934,0,0,0,0,4.43410937124457,0,23.0337105334801,9.06832945158791,0,0,74.0913344192221,0,0,0,0,0,0,0,0,0,0,0,"HH vs. BH","BH"
