"Gene","baseMean","log2FoldChange","lfcSE","pvalue","padj","B1_B1_O01","B1_W5_O50","B2_B5_O51","B2_C4_O40","B3_B4_O41","B3_C3_O30","B3_C6_O66","B3_H4_O41","B3_W1_O06","B3_W4_O41","B4_B2_O19","B4_B3_O32","B4_C5_O56","B4_H1_O07","B4_H5_O55","B4_W2_O19","B4_W6_O67","B5_B6_O69","B5_H2_O21","B5_W3_O33","B6_C2_O24","B6_H3_O35","B6_H6_O72","C_W5_W52","C1_C4_W37","C1_H2_W13","C1_H6_W62","C2_B2_W16","C2_C1_W03","C2_H1_W04","C2_W2_W15","C3_B3_W30","C3_C2_W17","C3_W3_W29","C4_B1_W07","C4_B5_W56","C4_C6_W67","C4_H5_W56","C5_B4_W46","C5_C3_W33","C5_W1_W09","C5_W4_W45","C6_B6_W71","C6_C5_W59","C6_H3_W36","C6_H4_W48","C6_W6_W72","H1_B2_B13","H1_B6_B61","H1_C6_B62","H1_W4_B38","H1_W5_B49","H2_B5_B51","H2_C1_B04","H2_H1_B03","H2_W2_B16","H3_B4_B41","H3_C5_B54","H3_H4_B41","H3_H6_B66","H3_W3_B30","H3_W6_B66","H4_H2_B19","H4_W1_B07","H5_B1_B09","H5_B3_B34","H5_C2_B22","H5_C4_B46","H6_C3_B36","H6_H3_B35","W1_C1_G02","W1_C6_G61","W1_H5_G49","W1_W1_G01","W1_W6_G62","W2_B2_G04","W2_B6_G64","W2_C2_G15","W3_B5_G54","W3_C3_G29","W3_H2_G18","W3_H3_G30","W4_C5_G55","W4_H1_G08","W4_W5_G56","W5_B2_G21","W5_C4_G45","W5_H4_G46","W5_W2_G22","W6_B3_G35","W6_B4_G48","W6_H6_G71","W6_W3_G36","W6_W4_G48","pair","DEG_group"
"LOC111117765",942.736007125617,2.05345482607485,0.525280856238176,2.99206380941436e-07,0.00042517226731778,1023.65924688583,720.887833760176,989.947089878524,147.825465363485,845.140379606666,412.666985864681,305.077071794927,800.68921425266,1484.96946354523,932.092260813876,834.239533520852,1640.20788886085,323.887048854427,3277.7775455886,1167.98987547601,551.015813251299,981.578166699166,1483.09677833109,729.47415545139,3274.02853881306,417.602449839968,1521.302514791,1150.67212924813,598.119335891676,309.590031862577,651.745373340317,577.302332096507,715.830759382942,529.495840353352,388.370353658299,488.263615914436,961.247962980803,252.543772989523,1354.88433600693,1341.47301326005,1062.27794562739,542.73437169393,915.979220938105,3136.35141373934,244.445653743989,435.362931635895,482.244499822613,1524.98670836347,311.457026374491,1351.15400482958,1121.06147672584,1863.55651763281,1845.72947131857,1675.3855138168,1137.55547562419,575.102189280536,783.891045408097,1211.85442209789,479.729390324395,634.655633625582,494.862408583336,1349.3177323128,520.332992485388,1846.62000896229,634.095402098045,2622.95021266946,499.756719527204,809.76251179332,773.030742976601,1661.82351182516,689.613089878645,337.283249970694,394.913853942715,277.644850419562,1664.1095670518,168.684677266726,495.732859991735,418.452843700524,547.613740966802,743.105699190203,1707.82246446927,1436.65143628324,189.484942953934,1732.84376167258,537.298520006584,1124.05354139862,991.214779034225,618.762765825396,1162.75108833284,1365.14237321357,942.689102934746,351.822345802726,780.422419176241,620.346755363481,614.831572860647,1449.05621129889,604.667204057008,374.101226037259,543.306392620861,"BC vs. CB","CB"
"LOC144622387",282.813789304703,1.48736694609103,2.65909780516417,0.000200908356757749,0.0356863468690952,1.88867019720633,1257.29255011858,288.813738313888,8.74706895641923,1412.80648957503,0,0,0,1153.99558608344,650.668259154869,8.0700317632005,0,5.24089075816225,0,989.012993308856,427.788640469645,564.273350474056,642.374744413923,4.40503717060018,379.001908956044,0,0,253.232632495674,301.898842008615,0,1.18931637470861,0,720.010793014375,10.1435984742021,7.63649571800027,426.709014762829,518.642643544542,0,346.52058264651,387.425415023611,1071.8089875539,3.01519095385517,569.591676468408,2.15630898160147,268.047303070995,413.850880896239,0,0,338.573931655852,212.324200758933,537.737372238621,1.00951057293218,359.37643770475,0,251.502678553221,549.915232085768,0,0,413.177336175346,0,294.349296921825,212.877797573621,234.677211137836,277.631234066335,0,3.27187136715526,10.0201848526758,426.143176597378,742.516371543314,0,444.694791941243,355.956371076338,3.21068173937167,345.208616301129,0,983.354993611712,265.837593866977,1016.82299883955,354.285408769983,545.772152330038,1.34792617558743,336.992312214587,0,902.7442705237,357.065472156274,0,313.69271544282,8.00987399126726,15.6506480614871,439.567204033168,1.6337766082058,0,1088.35105804914,0,0,11.5278934868647,0,403.378713292349,428.027236622722,"BC vs. CB","CB"
"LOC144622389",52.4159233813578,3.98769782182681,3.91267495075383,3.14790407936277e-05,0.0140360118925988,0,162.425353364601,22.801084603728,0,169.952990153461,0,0,4.12726399099309,141.215521050364,42.9121704657352,0,8.48749230975862,0,0,178.976882167152,65.1200506569717,48.2743360671721,88.6552278840268,0,56.6219719404211,0,0,19.0719137444441,135.333963659034,0,1.78397456206291,0,245.576975846703,63.9046703874735,1.09092795971432,134.585483873851,40.8558756402702,3.71387901455181,119.220907855873,36.0395734905684,45.055834561684,0,85.2808240183753,40.969870650428,53.9466270331563,96.2920366441745,0,0,58.88242289667,54.9370309655981,249.331515155624,5.04755286466091,138.400634585325,0,8.86052797070966,159.517395566864,0,0,71.1737245760663,0,60.2527084303064,57.313253192898,38.6733980901302,59.5683873858804,0,0,0,43.4286039844462,231.90922289298,0,39.3790204526803,64.1888538006511,0,67.5637658815665,0,225.232381577731,48.1491560320289,69.6454108794214,51.2544880707844,113.156299598137,26.9585235117486,75.3798593111576,0,163.893709565147,119.021824052091,0,69.7847725499146,0,0,36.7206018111246,0,0,283.698188600936,0,0,0,0,46.6271093321801,76.8527706654264,"BC vs. CB","CB"
"LOC144619712",77.7994855497043,23.4320367102998,2.3988326671624,6.73400012961437e-23,7.65521134734562e-19,0,201.527753248672,0,0,320.251552874209,0,0,0,268.08884074405,0.997957452691516,3.02626191120019,48.8030807811121,0,0,68.9392435014216,167.308437841758,0,235.161748539834,0,0.913257611942276,0,98.7951750781921,0,0,0,9.51453099766885,0,154.66124436303,0,0,57.3814078531922,215.628232545871,0,368.80486448873,260.285808542994,0,0,172.667347395229,0,159.31113295729,132.145454543601,3.20783481034998,36.0539988558777,0,230.884008517581,0,16.1521691669149,188.410947922879,155.299700789648,0,119.638046675148,0,0,106.298419821398,78.3761475260508,645.000304999837,194.865060855853,181.940759196749,104.244677925291,46.5391120805905,145.052963943883,3.75756931975341,230.71445866737,0,152.755439904303,407.236699315523,0,11.7724997110295,174.187833913414,0.709944354544282,0,177.677167329459,326.17267428529,0,1.37995487314801,0,0,96.2624041744584,0,0,1.97896750246235,0,0,0,307.80504459325,0,0,64.6145340585762,141.156746729415,0,0,18.7922165794682,0,0,"BC vs. CB","CB"
"LOC144623030",584.627644889003,7.02738508908603,2.42316862606279,1.17528921227532e-06,0.00127244645382341,8.4990158874285,1553.06711334424,0,1.74941379128385,1942.31988746812,1.16244221370333,5.89204645097498,2160.62269928488,1931.78419811865,15.9673192430643,3.02626191120019,11.6703019259181,5.24089075816225,0,54.3559419915055,1572.89968509916,2.14552604742987,1534.18623168799,10.5720892094404,5.47954567165366,0.925947782350261,4.29544239470401,170.587672936416,30.2845233362874,814.477001387569,10.1091891850232,2.2332778804507,1960.43577314219,1.01435984742021,42.5461904288586,6.25978994762097,2345.80819301218,6.49928827546566,1772.71462054855,1877.06111930044,7.79812521259915,4.52278643078275,2187.82163345906,11.8596993988081,3600.09443841579,1569.35532062633,6.41566962069995,104.264266961592,7.74768722324605,1757.98499089914,1225.25972186551,26.2472748962367,1778.27369984001,4.11389935866618,47.0289561522282,1224.71579359559,1.07973973196708,4.61658827465864,1432.71783237536,148.150034957779,1188.26243019112,1308.37969431787,1240.18556148122,1.06372120331929,2.9086945050369,14.1781092576728,10.0201848526758,1829.4299428448,5.08572857221448,1.94592917075545,1984.3184452497,1.16707006910275,1452.29837344245,1038.79290042909,1586.01568805193,3.83374266515287,1313.59035540902,1066.15516487914,7.19361236081184,1450.33257167856,0,16.6279101421671,18.2391923698974,0.885911943595387,0,2.96845125369353,14.2279633354195,915.128103502284,3.68250542623227,896.414691271571,0.816888304102899,1.23881107677016,29.2784607452923,1416.2107813313,8.49508218114884,0,1102.10823116058,5.42175689909071,2.13479918515073,"BC vs. CB","CB"
"LOC144623854",178.665868844794,1.47195978491659,2.09740130090687,0.000206414537060453,0.036100314727742,545.82568699263,6.01575382831857,1305.36209356343,3.49882758256769,2.3122855803192,0,9.16540559040553,56.749879876155,12.1357088402656,12.9734468849897,214.864595695213,63.6561923231896,0,172.044220184269,5.30301873087858,266.491284226992,13.9459193082942,680.691834431595,17.6201486824007,1708.704991944,0,7.15907065784001,727.911374579615,604.744075371489,65.4688597845594,13.677138309149,42.4322797285634,0,60.8615908452129,2.18185591942865,220.135946491337,166.828158864437,3.71387901455181,8.91371273688773,226.24843357968,71.9160436273033,7.53797738463791,2.1056993584784,34.5009437056236,38.7741381800811,8.19506694844038,19.2470088620999,31.1818368483266,680.246938201003,7.42392310345921,5.58204884676769,60.5706343759309,590.81951570878,335.282797731294,12.9500024187295,35.681522692588,18.3555754434403,6.92488241198797,9.24334085403459,7.64645341717569,38.5222234226549,0,1.75788173136955,21.2744240663859,24.2391208753075,297.740294411128,0,165.571552690701,264.457885755153,70.0534501471963,6.72324739436005,7.00242041461648,466.619079455349,31.6705152569843,39.0469394999355,81.4670316344986,128.171697043007,100.405467351166,8.09281390591332,8.96970667546206,18.870966458224,314.821765358364,1.0132884649943,4524.35229594164,69.1460120683578,42.5478013029406,6.77522063591404,104.128361886474,15.6506480614871,181.442973654969,4.9013298246174,80.5227199900605,135.286680685144,128.15546742539,4.24754109057442,87.6119905001714,16.581367570119,56.3862717505434,8.53919674060293,"BC vs. CB","CB"
"LOC144625336",490.999104511075,1.1799109301767,1.79019472091022,0.000290400575563469,0.0458510242084099,127.485238311427,1957.12524547964,765.736424608532,88.3453964598343,1641.72276202663,27.8986131288799,47.1363716077999,103.181599774827,2402.87035037259,11.9754894322982,63.5515001352039,31.8280961615948,32.4935227006059,13.4060431312417,37.1211311161501,1679.09546001669,19.3097344268688,1132.2324442477,51.0984311789621,75.8003817912089,19.4449034293555,39.3748886181201,47.6797843611102,45.4267850044311,16.6446253689558,26.1649602435893,40.1990018481127,1350.15086295294,1537.76952868905,74.183101260574,77.2040760206586,1690.97929733341,90.0615661028813,1610.03936310035,1583.73903505776,35.5247926351739,14.322157030812,1574.01027046261,47.4387975952324,1126.13583931714,1261.01592669126,55.6024700460663,735.696463140206,12.3962995571937,1285.08108920879,70.7059520590574,12.1141268751862,1281.65965809267,23.6549213123305,60.6605376456277,1177.4902488554,86.379178557366,182.355236849016,2386.63060851173,21.0277468972331,1719.67156356006,1576.93322356459,1314.01659419874,43.612569336091,20.3608615352583,136.327973631469,100.201848526758,1405.09629141344,96.6288428720751,35.9996896589759,3061.95895617426,79.3607646989868,26.7556811614306,1328.05027310954,33.3673846635812,17.2518419931879,1283.07328468449,1654.65888681025,80.9281390591332,40.7086687578663,32.3502282140983,53.2093124549348,51.6777117147092,69.9870435440356,102.018706330364,18.8001912733923,1.35504412718281,27.033324720527,65.3644713156228,1072.4575764249,50.6470748543798,28.4926547657137,125.190659738491,48.2904659863788,86.012707084132,73.7785183159338,25.4247636075159,32.5305413945443,125.953151923893,"BC vs. CB","CB"
"LOC144625494",1635.3795443789,24.9308161980412,3.17193527288991,1.47761780847743e-15,4.19938981169285e-12,0,354.929475870796,0,0,373.43412122155,0,0,0,1423.1876730857,7009.65314770521,0,11422.0427758577,0,0,0,750.383352954951,16560.2427970875,395.191948025407,0,0,0,1526.31386425149,3931.99288364622,5436.07193886359,0,7426.6861018679,0,370.9779847897,10802.9323750253,0,3856.03060773452,256.484108186141,0,910.312913254659,1845.02594286438,3.46583342782184,0,692.775088939395,0,109.579086161099,293.998026775299,5761.27131938856,0,0,365.999409000539,0,12953.0301612928,817.610471541875,0,2555.9215300124,202.545114107926,0,0,206.126501044971,976.834424044194,358.55300262625,5233.51877727149,269.834845765227,0,5348.11962992786,5212.09108787833,0,427.047939180388,0,747.236801570094,749.161852514406,0,0,4628.11796288731,0,0,313.308592771794,243.758938077975,0,2102.36124924099,0,0,0,0,0,0,0,0,0,374.766142013536,0,0,0,1975.26579140438,0,8433.80687499018,0,13854.7575799364,3862.91912553025,"BC vs. CB","CB"
"LOC111101829",152.479951717371,-3.52530829699226,1.95258079626024,1.68208286297942e-05,0.00978643110865128,10.3876860846348,8.02100510442476,10.450497110042,22.74237928669,26.5912841736708,17.4366332055499,185.272127291769,9.28634397973446,70.6077605251818,1007.93702721843,14.1225555856009,621.708811689819,1745.21662246803,17.874724174989,5.30301873087858,12.0221631982102,376.539821323942,9.0157858865112,10.5720892094404,26.484470746326,13.8892167352539,8.59088478940801,59.3348427604927,36.9092628161003,11.0964169126372,218.239554759029,237.844094268,6.27005044714986,152.153977113032,14.1820634762862,34.4288447119153,17.0232815167793,12.9985765509313,17.8274254737755,15.0164889544035,15.5962504251983,27.1367185846965,16.8455948678272,11.8596993988081,16.8583209478613,18.4389006339909,255.557506557882,8.76989161359186,12.3962995571937,21.5293770000317,11.1640976935354,381.594996568365,19.7715192264749,30.8542451899964,762.005405481031,9.445108948038,12.9568767836049,26.5453825792872,157.136794518588,7.64645341717569,175.819378698271,384.817557152315,14.0630538509564,10.6372120331929,22.2999912052829,1541.05141393013,3.75756931975341,9.95238841310225,18.3086228599721,29.1889375613318,203.618349657762,11.6707006910275,6.42136347874334,157.296892443022,6.38949919089853,18.2102776594762,21.7010280707736,23.2151369598072,10.7904185412178,374.657748059685,21.5668188093988,13.3023281137337,7.09301925496009,22.1477985898847,38.5404001692486,103.895793879273,2241.24298636037,14.0172794847177,262.378511619049,32.4005310098158,353.712635676555,17.3433550747823,23.2208481773008,647.277976778962,7.43319690850524,299.725230658481,6.63254702804762,239.641654939809,50.1677808510422,"BC vs. CB","BC"
"LOC144625661",101.808041714993,20.9565145615202,3.40520447562889,3.39299419780115e-10,5.93408585240054e-07,57.6044410147931,251.659035151327,0,0,0,0,0,0,0,1.99591490538303,0,0,0,2106.98311212683,0,0,0,241.923587954717,0,0,0,71.5907065784001,0,0,2.21928338252744,363.930810660834,107.197338261634,0,99.407265047181,0,0,0,0,0,104.114323417198,0,370.114689585722,0,0,0,0,4.27711308046664,0,520.644581402135,0,80.9397082781315,272.567854691689,0,69.9362890973251,243.323729657181,0,453.490687426172,0,0,86.9784076203735,18.7672370520627,0,0,0,0,154.868578045349,765.291618123112,0,174.949062884178,134.269112782126,222.827627927362,0,0,0,0,42.1711693166816,0,4.64302739196143,78.2305344238288,231.832418688866,2.69585235117486,83.1395507108356,0,0,0,426.467496780637,0,0,86.5388775164583,367.206018111246,0,626.838404845701,278.65017812761,0,0,359.670276790177,0,0,0,"BC vs. CB","CB"
"LOC144626247",324.665346219829,1.06122730337727,1.09713344412723,0.000124606776042668,0.0278946168862226,451.392177132313,64.1680408353981,399.969025757062,101.465999894463,181.514418055057,38.3605930522098,94.9274150434858,132.072447711779,405.994623019796,103.787575079918,91.7966113064057,177.176401966211,75.4688269175364,395.478272371631,361.931028382463,135.249335979864,539.599800928612,213.373599314098,418.478531207017,109.590913433073,48.1492846822136,1113.23548729412,613.479892112951,584.86985693205,92.1002603748886,564.925277986588,40.1990018481127,249.757009478136,153.168336960452,183.275897232006,747.001600416102,182.716554946764,64.9928827546566,963.795189675985,872.958557882657,457.490012472483,672.387582709702,116.866314395551,295.414330479402,221.686920464377,725.263424936974,67.3645310173495,215.349560733756,139.458370018429,122.494731207077,198.162734060253,535.040603654056,202.367314435685,95.6481600889887,806.989624409249,158.467939017082,954.489923058895,466.275415740523,280.997561962652,684.357580837224,173.843880061212,225.977969731998,130.083248121347,136.15631402487,592.404114192516,678.36799679019,86.4240943543285,621.571894527386,493.315671504805,892.208524791375,145.990514848961,473.830448055715,163.744768707955,239.640232111181,198.784419272399,191.687133257644,263.12496535813,158.443309750684,215.808370824355,703.087007868911,79.5276443596582,115.286843652359,577.57442504675,392.458991012757,47.6087296208365,104.885277630505,101.628309538711,230.283877248934,511.868254246285,143.642354143517,172.363432165712,138.746840598258,227.160471299682,142.085409536845,119.993035808727,759.688180784381,299.570040766817,597.477610279796,589.204575101602,"BC vs. CB","CB"
"LOC111100926",273.685727064433,1.09759091010901,0.92707043756133,6.01843897313735e-05,0.0180274156853671,144.483270086284,88.2310561486724,262.212472942872,174.941379128385,235.853129192558,51.1474574029464,66.7765264443831,652.107710576909,531.764696455276,37.9223832022776,196.707024228012,419.069932794332,73.3724706142715,464.742828549714,302.272067660079,198.365692770468,208.116026600697,613.073440282761,164.748390180447,660.285253434265,99.0764127114779,420.953354680993,129.265193156788,547.96059411595,88.7713353010975,227.754085756698,145.163062229296,322.907598028218,190.699651315,220.367447862293,281.690547642944,289.395785785248,109.559430929278,272.982452567187,318.349565833354,589.191682729713,327.148218493285,189.512942263056,722.363508836494,846.287711582639,346.241578571606,78.0573137185161,100.366537355551,163.476200410492,572.384471276705,145.13327001596,344.243105369874,559.417691054967,637.654400593258,169.031610518154,311.688595285254,301.247385218814,603.618916911618,363.263295563559,86.9784076203735,296.324795558884,361.892255875156,209.187926032977,96.7986295020557,389.765063674945,61.0749321868981,242.989482677387,455.095579253676,77.3030742976601,402.807338346379,253.562473158722,294.101657413892,273.978175093049,298.758527257552,205.173918463297,127.471943616333,682.904227102157,207.775475790274,86.3233483297421,91.7669990643427,130.74883903198,79.8139686824022,342.491501168073,400.432198505115,372.935048696553,181.075526475305,136.181934781872,285.351760938896,167.553996893568,237.603894071983,89.040825147216,334.478990727943,124.181057643826,208.020468864401,66.8987721765471,213.266029506996,160.286553177817,176.749274910357,235.895309959156,"BC vs. CB","CB"
"LOC111100923",238.700705242018,1.75967155830952,1.20464728787485,3.58354360684711e-05,0.0140360118925988,65.1591218036185,99.2599381672565,171.958179719782,134.704861928856,193.075845956653,113.919336942926,28.1508885991027,113.49975975231,392.755667921324,43.9101279184267,171.488174968011,236.588848134521,39.8307697620331,22.3434052187362,128.598204223806,77.1422138551819,160.91445355724,99.9249602421658,42.2883568377617,968.966326270755,52.7790235939649,359.385347023568,581.693369205544,167.51126970384,209.722279648843,517.352622998244,102.730782500732,849.591835588806,226.202245974708,78.5468130994313,71.9875843976411,425.582037919482,57.565124725553,368.80486448873,772.848631519967,371.710635133893,416.850149370477,58.9595820373953,153.097937693705,198.928187184764,228.437491187776,160.391740517499,259.199018801715,753.849966821841,146.251285138146,201.884099958098,639.020192666071,120.955176444317,414.475360385618,331.929009364277,304.34239943678,435.135111982731,210.054766496968,94.2820767111528,329.753303615702,70.1302016156025,186.677453256868,54.4943336724562,92.5437446887785,139.617336241771,191.949786873108,80.1614788214061,149.285826196534,228.857785749652,698.588572301208,288.139174044002,252.087134926193,382.071126985229,173.132150071514,320.184903899471,115.012279954586,151.229039368204,305.859429445459,112.400193137685,71.7576534036965,53.9170470234971,104.201570224247,127.674346589282,541.292197536782,123.555988777885,143.475143928521,138.892023036238,151.186371585169,530.280781377446,160.922637348752,71.0692824569523,499.240863938375,211.006837785038,606.416813252026,63.7131163586163,46.1115739474586,406.796217720254,223.376384242537,194.266725848717,"BC vs. CB","CB"
"LOC111099919",407.639308925588,-1.09807401079983,1.02973682059632,8.92924219003236e-05,0.0222703826156335,284.244864679553,483.265557541592,217.560348927238,660.403706209652,404.649976555859,638.180775323127,488.385183603037,366.294679200637,467.77641347933,274.438299490167,256.223508481616,436.044917413849,196.009314355268,690.41122125895,510.415552847064,897.654852133025,774.534903122183,485.349806890519,440.503717060018,529.68941492652,1242.62192391405,283.499198050464,877.308032244427,213.88444606253,254.107947299392,547.085532365959,542.686524949521,9.40507567072478,719.181131820932,418.9163365303,349.504938742171,276.912046006276,220.975801365832,661.843170713914,11.0120918998959,278.999590939658,373.129880539577,589.595820373953,186.520726908527,110.422002208492,74.7799859045185,491.868004253663,48.7216200755104,146.43128851935,86.1175080001268,172.113172775337,340.205063078145,80.2491074486336,764.156805872243,344.879011783007,26.23641374455,808.725059243339,505.516416075122,773.667629482695,308.725556718468,699.326517518966,237.440620370577,546.701218455931,136.15631402487,312.199876873961,363.177721754234,465.938595649423,229.809696084361,975.442740150737,452.428532200643,245.878761850882,243.917644442474,702.069073675938,149.907105549726,290.367241008611,294.239749550483,56.2870415585691,514.795662083724,466.685601907668,182.844020692111,308.675094209521,171.821738135727,471.179136222349,784.032070081918,712.997403131099,982.557364972558,170.735560025034,588.725738358144,356.282399987972,131.762159439918,321.037103512439,360.494023340117,341.245507996856,280.456167843969,408.825829967788,678.992926376328,271.934428149952,556.272257846707,212.412518922498,"BC vs. CB","BC"
"LOC144627174",80.4944633128102,1.17660389629935,2.24202067919332,0.000299863831526395,0.0463789392760824,2.8330052958095,2.00525127610619,7.600361534576,1.74941379128385,499.453685348946,2.32488442740666,3.92803096731665,0,248.230408096342,177.63642657909,4.03501588160025,126.251448107659,0,234.60575479673,10.6060374617572,141.260417578969,1.07276302371494,350.864334083394,3.52402973648014,27.3977283582683,0,4.29544239470401,1.05955076358023,0,2.21928338252744,0,1.11663894022535,412.778321104032,2.02871969484043,10.9092795971432,6.25978994762097,192.930523856832,0,583.848184266146,191.209959352738,0,6.78417964617412,134.764758942618,49.5951065768339,131.494903393318,55.3167019019726,201.024314781932,16.5653508256735,2.32430616697382,230.884008517581,0,2.01902114586436,436.136453525182,0,1.36315814933995,248.721202298334,0,4.61658827465864,75.7953950030836,1.91161335429392,210.390604846808,846.598625735093,137.99371591251,0,2.9086945050369,0,254.262190636648,0.904762583009296,9.15431142998606,0,262.206648380042,10.5036306219247,3.21068173937167,234.361812901684,2.12983306363284,0,147.160096604934,199.069799430346,0,13.7995487314801,12.1313355802868,0,0,3.54364777438155,0,0,182.930957169679,4.00493699563363,0,0,0,111.492996909314,1.00960209466525,6.50063965201253,1.06188527264361,6.91673609211879,4.42169801869841,44.4584065725438,0,"BC vs. CB","CB"
"LOC111101985",692.513659535855,-2.02248159739251,2.51573997286793,0.000115931504756088,0.026624431233681,109.542871437967,24.0630153132743,108.305151867708,7.87236206077731,16.1859990622344,2530.63669923214,17.6761393529249,34.049927925693,27.5811564551492,8721.15017907116,5.04376985200031,9.54842884847844,6908.54219740948,4.46868104374725,42.4241498470287,2213.07987540385,22.5280234980136,15.026309810852,5561.79993159979,4721.54185374157,51.8530758116146,2.863628263136,27.5483198530859,44.4803936501721,679.100715053396,66.601716983682,2405.24027724541,9.40507567072478,752.655006785799,4.3637118388573,387.063678427897,31.7767921646546,0,8.91371273688773,13.0142904271497,4.3322917847773,24.1215276308413,3199.61017520793,121.831457460483,8.42916047393067,7.17068357988534,145.421844735866,11.6931888181225,572.554085797883,654.790017725102,707.059520590574,102.970078439083,103.50971830331,4.11389935866618,2.7263162986799,22.038587545422,0,8.07902948065263,4.6216704270173,0.955806677146961,2032.78809753394,39.3005164751301,0,0,3.87825934004921,69.7999224993122,6415.42335192566,11.7619135791208,61.0287428665738,1.94592917075545,12.4860308752401,2245.44281295369,950.361794854014,2.11136768379895,32.657440309037,309.574720211095,19.6665566891386,13.3487037518891,47.6576818903785,895.590712673058,12.1313355802868,73.1628046255354,36.4783847397948,30.1210060822432,239.177189285631,38.5898662980159,21.0031839713335,15.0185137336261,33.1425488360904,3.24005310098158,87.4070485390102,8.67167753739113,494.705026385974,1102.32275241984,6995.70017617607,12.6806828355511,888.761301758381,42.2897038129075,504.880007288148,"BC vs. CB","BC"
"LOC111099828",63.1784704733403,1.82968750113026,3.21020464083148,0.000144942342977521,0.0296027735373412,241.74978524241,0,173.858270103426,0,2.3122855803192,1.16244221370333,0,0,0,11.9754894322982,179.558206731211,5.30468269359914,0,0,7.95452809631787,120.221631982102,0,256.198582275026,0,339.731831642527,0,2.147721197352,524.477627972212,274.453492735104,9.98677522137347,0,4.46655576090141,3.13502522357493,0,1.09092795971432,10.4329832460349,232.65151406265,6.49928827546566,0,227.249532843306,0,9.79937060002929,3.1585490377176,0,5.0574962843584,0,0,0,390.483436051601,1.48478462069184,3.72136589784513,2.01902114586436,179.106703581008,99.7620594476549,1.36315814933995,0,0,0,5.54600451242075,1.91161335429392,0,0,0,23.4018664730244,0,222.487252966557,0,67.8571937256972,209.532017175237,7.78371668302181,5.76278348088004,0,120.935678849666,28.5034637312859,12.7789983817971,0,182.424267219941,26.6974075037782,1.79840309020296,0,351.808731828319,123.046535052037,0,599.762385814077,166.630553672928,1.97896750246235,9.48530889027966,47.0580096986951,0,138.242265641881,0,2.47762215354032,178.69957075575,43.647151949227,0,0,5.52712252337301,8.67481103854514,11.741395518329,"BC vs. CB","CB"
"LOC111125091",23.4861908209236,1.78636031697645,2.55584529609011,0.000148278209233595,0.0296027735373412,5.666010591619,0,68.403253811184,0,0,0,1.30934365577222,0,11.0324625820597,0.997957452691516,1.00875397040006,33.9499692390345,0,2.23434052187362,2.65150936543929,10.0184693318418,1.07276302371494,9.7671013770538,0,18.2651522388455,3.70379112940104,0,11.6550583993825,17.0350443766617,17.7542670602195,1.18931637470861,104.964060381183,2.09001681571662,0,0,12.5195798952419,2.2697708689039,1.8569395072759,0,12.0131911635228,6.93166685564369,7.53797738463791,2.1056993584784,2.15630898160147,0,0,0,460.906525914328,11.6215308348691,20.0445923793399,1.86068294892256,2.01902114586436,13.9563665128058,1.02847483966655,0.681579074669974,0,0,9.23317654931729,0,6.69064674002873,4.93874659264807,1.63752151979709,0,0,7.75651868009841,30.5374660934491,0,8.14286324708366,19.325768574415,8.75668126839954,1.92092782696001,0,16.0534086968583,5.27841920949739,12.7789983817971,3.83374266515287,15.5976139258685,2.32151369598072,1.79840309020296,0.689977436574005,41.7857114432103,46.558148398068,0,149.71911846762,20.4037412660728,1.97896750246235,0,327.403599393049,50.6344496106937,6.48010620196316,0,2.47762215354032,37.3552775026144,3.71465122972145,0,21.9029976250428,431.115556823095,3.25305413945443,21.3479918515073,"BC vs. CB","CB"
"LOC144622538",929.693891200415,1.66415568342155,1.34031292615659,6.05260669446399e-05,0.0180274156853671,312.574917637648,319.837578538937,459.821872841848,516.951775324377,367.653407270752,108.107125874409,307.695759106471,238.349495479851,806.473014748561,439.101279184267,371.221461107223,1925.59981777649,273.574497576069,4153.63903016307,173.673863436274,265.489437293808,299.300883616467,494.365592777031,348.878943911534,335.165543582815,206.486355464108,469.635035154305,456.666379103077,105.995831677006,247.450097151809,423.991287583618,434.372547747662,639.545145609285,757.7268060229,538.918412098876,307.773005758031,165.693273429985,333.320641556025,465.741490502384,8654.50313405456,912.3806498741,640.728077694223,411.664224582528,1035.02831116871,256.246478407492,321.656377726285,1884.06831194555,1004.63980595702,189.043568247204,616.185617587114,400.046834018351,492.641159590905,657.112256644608,7046.0811265555,439.618503162133,474.354360501464,693.192907922862,372.789503178686,413.177336175346,2243.27827126392,232.121089854459,7675.06336328894,323.450238571998,569.090843775822,342.256386759342,965.202053310801,219.191543652282,373.666946782839,1319.23799163244,4683.85151400838,291.020565784442,371.128281974674,354.245218577341,354.709770878224,379.110285326646,254.943887232666,195.987409764174,564.127828123314,423.523927742797,344.298740850428,993.421591407934,1207.18627632133,4357.14039947549,6425.51932689735,393.338789962625,213.728490265934,560.310746590091,669.825712519724,697.834778271015,209.523433863476,339.008646202703,267.583192582355,305.909434683572,662.136581697848,364.226648516757,574.08909564586,642.251637215944,470.608498841074,572.126181620396,"BC vs. CB","CB"
"LOC111124622",634.221996096077,1.65197363408909,3.01519421839126,0.000169857713531894,0.0327278387700096,1011.38289060399,9.02363074247786,2918.53882927718,0,12.7175706917556,0,9.16540559040553,0,1.10324625820597,0,1651.3302495449,168.688909656453,6.2890689097947,0,0,1732.19334747545,6.43657814228961,3012.02380158528,0,2115.10462925831,0,13.602234249896,4189.46371919621,2295.94542543229,51.0435177981311,0,241.194011088676,0,0,6.54556775828594,35.4721430365188,1045.22948513025,0,22.2842818422193,4665.12256850136,1.73291671391092,82.1639534925532,0,14.0160083804096,1.68583209478613,0,1.06927827011666,15.5909184241633,3113.79549502259,15.5902385172643,7.44273179569026,0,4485.80880332434,1446.03562457116,0,12.593478597384,0,88.8693242871789,0.924334085403459,10.5138734486166,1.97549863705923,0,0,8.50976962655434,4.84782417506151,2749.46257219947,25.0504621316894,1152.66753075384,1111.74026588609,88.5397772693731,1.92092782696001,4.66828027641099,2465.80357583744,312.482417202245,3.54972177272141,1.91687133257644,1363.77398282268,186.881852526448,0,2.75990974629602,2341.34776699536,1487.64369405255,2.0265769299886,5468.73442781433,1020.18706330364,26.7160612832418,9.48530889027966,735.907172947679,3.68250542623227,858.614071760119,0,4.95524430708064,2452.3234879419,1015.02844852138,10.6188527264361,50.7227313422045,11.054245046746,93.2542186643602,20.280592258932,"BC vs. CB","CB"
"LOC111123321",85.5429045730402,-1.78714218312597,1.30887188161367,4.55956203437361e-05,0.0160864734352215,35.8847337469203,53.1391588168141,19.00090383644,137.328982615782,32.3719981244687,74.396301677013,42.5536688125971,0,102.601902013155,125.742639039131,34.2976349936021,30.767159622875,83.854252130596,44.6868104374725,143.181505733722,43.0794181269197,17.164208379439,58.6026082623228,96.910817753204,32.8772740299219,800.018883950625,106.670152801816,114.431482466664,24.6061752107335,125.3895111128,258.081653311768,184.245425137183,42.8453447221907,52.7467120658511,159.275482118291,25.0391597904839,30.6419067302027,47.3519574355355,13.3705691053316,43.0472683359567,43.322917847773,162.820311508179,138.976157659575,15.0941628712103,48.0462147014048,186.437773077019,45.9789656150163,13.6420536211429,54.2338105627224,81.6631541380513,105.128586614125,68.6467189593883,55.8254660512233,129.587829797985,94.0579123044565,6.296739298692,58.3059455262221,63.4780887765564,73.9467268322767,88.8900209746674,15.8039890964738,3.27504303959417,28.1261077019129,318.052639792469,50.4173714206397,46.8968229292254,334.423669458054,162.857264941673,111.886028588719,76.8642022448404,76.8371130784006,33.8450320039797,398.124535682087,61.2296628301697,46.8563273999226,32.5868126537994,97.6546263184812,75.4491951193732,56.6496973413933,21.3893005337942,21.5668188093988,44.3410937124457,38.5049616697834,118.712200441782,96.3510004231215,87.0745701083435,112.468662556173,66.0814604279549,24.8569116270678,87.4814337265027,27.7742023394986,96.6272639880726,19.1824397986398,29.7172098377716,59.4655752680419,44.9587845987722,121.596695514206,109.519489361632,14.9435942960551,"BC vs. CB","BC"
"LOC111123314",3036.71306972079,1.44273946178538,0.52561234713183,6.74193509229116e-07,0.000806761243464904,7663.27932516469,2025.30378886725,2966.04108886828,1478.25465363485,3896.20120283785,2725.9269911343,1618.34875853446,2581.60362636618,7359.755788492,1162.62043238562,3957.34182587944,3184.93148923692,909.818635616966,3907.86157275697,6791.84123957274,2249.14636499848,2844.96753889201,4644.63236253435,3576.00917509323,2305.0622125423,1199.10237814359,3533.00136964405,3163.81858005055,1941.99505893943,1284.96507848339,4881.54905999148,3726.224143532,4232.28405182615,1613.84651724556,2750.22938643981,1427.23210805758,5740.25052745797,1036.17224505995,2180.51697826116,4258.67626746884,5900.58141086669,2004.34818657522,3752.35625680851,6327.68870650952,1117.70667884321,1778.32952781156,2132.14087061262,4353.76396994761,1156.72970243064,4259.84707676489,2636.58773862327,6134.79575170887,3250.67036694103,7387.53477332479,2099.26354998352,1472.38753934415,2048.26627154154,2870.36375976901,1038.02717790808,3542.21954550664,2215.52172146192,5629.79898506238,1901.14909247617,3508.15252854703,1907.1340304692,2320.84742310213,1682.13853214294,4370.90803851791,1330.42659449131,3998.88444590246,4575.65008381875,1964.17892629992,1731.62768476779,1257.31945570228,3962.90938706618,1178.87586953451,2056.85056683301,2715.01026744945,1254.38615541657,1831.89009410398,8022.85659709637,2920.96954830736,973.770214859521,4317.93481308392,1360.24941773819,3089.16827134373,5923.57540197965,2566.16337995225,5679.34399360671,3902.10395128215,1150.17873217688,1231.37821030954,2869.28915303865,2330.94364665021,2717.36441269499,3545.98003655957,1973.18274084417,1759.90228944484,1640.59317378834,"BC vs. CB","CB"
"LOC111127630",78.1304173078495,1.28441785432684,2.56794627680048,0.000252893214279916,0.0417246103266706,4.72167549301583,2.00525127610619,467.422234376424,1.74941379128385,0,1.16244221370333,0,0,2.20649251641193,0,77.6740557208048,0,0,0,9.28028277903752,434.801569001934,0,568.745826340748,8.81007434120036,708.687906867206,0,0,1135.838418558,775.094519138105,4.43856676505487,3.56794912412582,17.8662230436056,4.18003363143324,5.07179923710107,4.3637118388573,1.04329832460349,163.423502561081,9.28469753637951,0,481.528745804539,3.46583342782184,10.5531683384931,2.1056993584784,1.07815449080074,1.68583209478613,3.07315010566514,4.27711308046664,4.87216200755104,0,4.45435386207552,0.930341474461282,8.07608458345745,369.843712589355,8.22779871733236,10.2236861200496,0,0,10.387323617982,7.39467268322767,0,11.8529918223554,0,3.51576346273911,0,1.9391296700246,314.099651246905,2.50504621316894,2.71428774902789,182.069082885278,30.1619021467095,0.960463913480007,28.0096816584659,27.8259084078878,190.023091541906,0.709944354544282,8.62592099659397,243.458408668991,0,0,0,0,0,7.09301925496009,830.099491148878,5.66770590724244,11.8738050147741,0.677522063591404,17.0209822314429,0,63.7210443193044,0,1.23881107677016,2.01920418933051,8.35796526687325,0,0,3.31627351402381,1.08435137981814,0,"BC vs. CB","CB"
"LOC144623040",259.96919802041,2.53422233505114,2.24754322138353,6.10534398211324e-05,0.0180274156853671,26.4413827608887,15.0393845707964,41.801988440168,26.2412068692577,23.122855803192,24.4112864877699,20.9494984923555,27.8590319392034,6.6194775492358,47.9019577291928,41.3589127864026,16.9749846195172,25.1562756391788,96.0766424405658,3.97726404815894,19.0350917304994,5.36381511857468,24.7934111879058,37.0023122330415,34.7037892538065,22.2227467764063,13.602234249896,22.2505660351847,13.2494789596257,33.2892507379116,57.0871859860131,32.3825292665352,924.832440954604,31.4451552700266,724.376165250311,49.0350212563643,24.9674795579429,25.0686833482247,7.79949864477676,69.0758491902562,6.06520849868823,24.1215276308413,20.0041439055448,51.7514155584354,14.3295728056821,52.2435517963074,17.1084523218665,3484.5702678005,1071.50514297493,14.8478462069184,2124.89992766957,154.455117658624,1699.18762293411,13.3701729156651,1832.76613178756,1044.20926703309,0,8.07902948065263,24.0326862204899,24.850973605821,27.6569809188292,1026.72599291277,25.4892851048585,19.1469816597473,47.5086769156028,841.961565147953,25.0504621316894,793.476785299152,49.8401400077019,37.9456188297313,24.0115978370002,44.3486626259044,35.3174991330884,8.44547073519582,14.9088314454299,3.83374266515287,16.2757710530802,6.38416266394697,1014.29934287447,22.7692554069422,22.9147449849863,2202.64383016574,78.023211804561,52.2688046721279,37.4068589878001,66.2954113324888,8.13026476309685,16.0197479825345,720.850437184966,10.8001770032719,31.8586438600131,29.7314658424839,42.4032879759406,1312.2005468991,33.9803287245954,24.2085763224158,89.5393848786428,1231.82316747341,42.6959837030146,"BC vs. CB","CB"
"LOC111123678",81.8371850492798,-20.3261060616538,3.47861006840763,2.05996172030265e-09,3.3453778337715e-06,1027.43658728024,0,0,0,0,0,9.82007741829164,0,0,10.9775319796067,0,75.3264942491077,0,55.8585130468406,0,0,0,0,1295.08092815645,0,56.4828147233659,0,0,0,0,0,0,0,0,2.18185591942865,0,0,0,0,0,0,0,21.056993584784,0,0,90.1457364328442,0,0,103.044240069172,0,0,35.3328700526263,0,0,0,0,1528.91146046538,0,0,0,37.5344741041253,0,0,0,0,8.72499031241402,48.8484011567944,155.619164277599,104.766008587618,0,0,0,0,0,102.941931408921,71.8826749716164,0,0,152.864262667252,1.37995487314801,43.1336376187977,0,13.1727500449259,7.0872955487631,103.152247511812,70.2533463374135,0.677522063591404,1.00123424890841,0,0,0.816888304102899,2332.68125755821,0,0,0,124.501249658138,0,0,0,"BC vs. CB","BC"
"LOC144623075",59.8924519798482,20.246153859056,2.53752101480986,7.78282574095862e-16,2.52786180066336e-12,155.815291269522,0,0,0,84.3984236816507,0,0,35.0817439234413,76.1239918162117,143.705873187578,1.00875397040006,111.398336565582,0,44.6868104374725,0,0,0,72.1262870920896,153.295293536886,235.620463881107,0,0,190.719137444441,82.3360478205313,67.6881431670868,0,0,131.671059390147,0,40.36433450943,0,34.0465630335585,0,0,0,77.9812521259915,88.9481331387274,106.337817603159,29.1101712516199,0,0,93.0272095001494,123.752914991796,103.044240069172,251.670993207267,109.780293986431,215.025752034555,0,0,106.326335648516,0,205.150549073744,26.5453825792872,53.6113769534006,86.9784076203735,27.6569809188292,0,0,0,41.691287905529,295.559046833025,0,64.23814339366,0,0,65.3115461166405,0,171.236359433156,0,88.7430443180352,0,0,0,309.325331514909,0,0,36.5814023127677,157.059712074116,232.994841165587,0,125.664436406359,0,0,225.553457356726,0,0,287.404169810677,0,0,96.6315598105681,66.861782223815,0,0,0,"BC vs. CB","CB"
"LOC111113813",103.861004334859,3.31782742630456,1.68761239548356,1.47174300674587e-05,0.00880567078983531,264.413827608886,110.288820185841,276.463150820202,11.371189643345,4.62457116063839,5.81221106851664,0,0,137.905782275746,13.9714043376812,24.2100952896015,32.8890327003146,16.7708504261192,100.545323484313,82.196790328618,124.229019714838,5.36381511857468,9.7671013770538,66.9565649931227,10.9590913433073,0,209.760770274712,105.955076358023,5.67834812555389,7.76749183884603,148.664546838576,17.8662230436056,198.551597493079,23.3302764906649,348.006019148869,230.568929737372,93.06060562506,136.485053784779,319.779444435847,26.0285808542994,297.195216435723,381.421655662678,20.0041439055448,176.817336491321,75.862444265376,95.2676532756195,119.759166253066,93.5455105449799,107.69285240312,20.0445923793399,33.4922930806062,130.226863908251,77.9230463631659,0,62.0236957949677,258.166311246372,82.0602196294977,58.8615005018977,70.2493904906629,0,205.45185825416,103.163855747216,65.0416240606735,134.028871618231,267.599894463395,573.668113041222,53.8584935831322,14.4762013281487,14.2400400022005,49.6211938542641,124.860308752401,157.554459328871,3.21068173937167,12.6682061027937,123.530317690705,19.1687133257644,82.0570123926127,10.4468116319132,287.744494432474,25.5291651532382,55.2649731990845,212.837249819739,15.1993269749145,227.679369504015,73.6801767941517,5.93690250738706,125.34158176441,81.099974161581,11.0475162786968,114.481876234683,57.9990695913059,48.3136319940363,331.149487050203,119.797502158517,261.223777070327,35.7364698092804,49.7441027103571,6.50610827890885,271.119496514143,"BC vs. CB","CB"
"LOC111108258",22.1048030876976,4.43633424629547,1.18029392663506,9.51441035457742e-07,0.00108159816910836,9.44335098603166,30.0787691415929,35.151672097414,4.37353447820962,17.342141852394,1.16244221370333,2.61868731154444,0,18.7551863895014,2.99387235807455,21.1838333784013,83.8139865588663,4.1927126065298,4.46868104374725,27.8408483371126,2.00369386636836,6.43657814228961,12.0210478486816,7.92906690708032,24.6579555224414,1.85189556470052,0.715907065784001,50.8584366518508,6.62473947981287,11.0964169126372,77.3055643560594,4.46655576090141,27.170218604316,8.11487877936172,21.8185591942865,0,3.40465630335585,36.2103203918801,12.2563550132206,6.00659558176141,288.530632866168,30.1519095385517,1.0528496792392,242.584760430166,6.74332837914453,13.3169837912156,4.27711308046664,2.92329720453062,10.8467621125445,19.3022000689939,1.86068294892256,93.8844832826929,0,13.3701729156651,2.7263162986799,2.098913099564,14.036616515572,16.1580589613053,16.6380135372623,3.82322670858784,11.8529918223554,1.63752151979709,4.39470432842389,10.6372120331929,25.2086857103198,42.5343277730183,23.7979390251049,0.904762583009296,14.2400400022005,5.83778751226636,16.3278865291601,3.50121020730824,5.35113623228612,10.5568384189948,31.2375515999484,14.3765349943233,10.1723569081751,4.06264896796625,20.681635537334,6.89977436574005,39.0898590920354,2.21705468562228,3.0398653949829,49.6110688413417,51.009353165182,36.6108987955535,6.09769857232264,33.0407302139774,50.6344496106937,20.5203363062167,8.16888304102899,13.6269218444718,47.4512984492669,2.78598842229108,0,23.0557869737293,5.52712252337301,9.75916241836328,42.6959837030146,"BC vs. CB","CB"
"LOC111106798",22.536222953848,17.9474579500661,2.59437940763484,2.37675568639567e-12,4.50315977382433e-09,0,1.0026256380531,0,0,0,0,0,0,6.6194775492358,0,0,0,0,0,731.816584861244,1.00184693318418,0,3.756577452713,39.6453345354016,16.438637014961,0,0,8.47640610864181,0,0,0,0,0,0,4.3637118388573,28.1690547642944,0,0.928469753637951,2.22842818422193,0,8.66458356955461,21.1063366769862,0,6.46892694480442,0,2.0487667371101,1.06927827011666,0,0,0,39.0743419273738,0,0,0,23.1736885387791,0,0,25.3912355106225,0,0,10.8652425038257,0,23.731403373489,0,33.9347692254306,0,58.8685860094701,0,0,0,0,44.3486626259044,27.8259084078878,0,0.709944354544282,22.044020324629,0,0,0.89920154510148,24.1492102800902,137.488469909918,12.1938007709226,0,59.356100220891,0,0,0,0,65.3644713156228,2.16003540065439,129.885240352361,0,149.421110010457,38.0751751046448,28.6709023613773,237.474605829412,0,0,39.4937849252885,"BC vs. CB","CB"
"LOC111113029",2817.84448454106,2.32430395439995,3.635863294462,9.9138698260052e-05,0.0239334311302781,4253.28528410866,8.02100510442476,7607.96189611058,21.8676723910481,21.9667130130324,16.2741909918466,2.61868731154444,0,16.5486938730895,4.98978726345758,7118.77676911324,1252.96605222812,0,0,2.65150936543929,7574.96466180559,7.50934116600455,15805.4239745447,1.76201486824007,4710.58276239826,0,0,14597.4308698448,13986.7178245935,117.622019273954,2.37863274941721,1890.46972580152,0,2.02871969484043,5.45463979857162,86.5937609420901,8554.76640489881,0,27.8553523027741,16208.7981773832,0,488.460934524537,11.5813464716312,1.07815449080074,0,0,0,8.76989161359186,10059.5970906627,31.1804770345287,13.0247806424579,34.3233594796942,25701.8119638747,5987.78051653863,2.7263162986799,23.088044095204,0,18.4663530986346,1.84866817080692,0,4.93874659264807,4.91256455939126,45.7049250156084,93.6074658920978,1.9391296700246,4492.27938710417,17.5353234921826,10152.3409439473,6050.99985522079,568.211317860592,30.7348452313602,4.66828027641099,12711.0890061724,714.697960965946,5.67955483635425,15.3349706606115,10017.0589260437,6.96454108794214,0,8.96970667546206,14030.5635616895,8225.27288365867,0,15208.450335702,4665.65550284198,2.96845125369353,16.9380515897851,3006.70644947195,1.84125271311613,6299.74324600852,3.2675532164116,12.3881107677016,14316.1577023533,7700.47199921256,0,10.3751041381782,60.7983477571032,19.5183248367266,56.5721784064944,"BC vs. CB","CB"
"LOC111113025",14.2452393200642,20.1442835601815,2.43964362396511,7.94287248050175e-17,3.00981914527813e-13,12.2763562818412,0,30.401446138304,0,6.93685674095759,0,0,0,0,0,3.02626191120019,58.3515096295905,0,0,0,13.0240101313943,0,13.5236788297668,0,42.0098501493447,0,2.147721197352,13.7741599265429,8.51752218833083,43.276025959285,0,149.629617990197,0,0,0,3.12989497381048,6.80931260671171,0,0,20.021985272538,3.46583342782184,28.6443140616241,0,0,0,0,0,1.94886480302041,42.6122797278533,1.48478462069184,0,0,23.2606108546764,10.2847483966655,0,0,8.6379178557366,0,0,0,0,0,0.878940865684777,8.50976962655434,0,7.63436652336227,0,3.61905033203718,30.5143714332869,62.2697334641745,0,4.66828027641099,18.1938631897728,13.7238899446932,0,0,14.2412996714452,0,0,2.06993230972201,13.4792617558743,25.4961288846563,0,465.103770387578,2.26708236289698,0,14.2279633354195,59.072820685596,0,0,0,0,10.0960209466525,17.6445933411769,0,0,0,0,18.1457930737812,"BC vs. CB","CB"
"LOC111113026",3925.31567866537,3.73682651136453,4.03650317240523,3.8547632747076e-05,0.0146069829689587,5637.6805386609,20.0525127610619,7943.32784882374,20.1182585997642,183.826703635376,11.6244221370333,18.3308111808111,0,3.3097387746179,21.9550639592134,8931.50765392215,1660.36568309653,4.1927126065298,13.4060431312417,62.3104700878233,12573.1790114615,0,16386.9421642246,0.881007434120036,6072.24986180419,1.85189556470052,0,19755.3239869533,26300.2157348571,726.815307777736,1.78397456206291,4519.037791092,2.09001681571662,4.05743938968086,18.5457753151435,242.045211308011,15133.6972684168,0,71.3097018951018,17672.4053008057,12.1304169973765,826.916119094779,0,51.7514155584354,1.68583209478613,0,21.3855654023332,27.2841072422858,12373.8312642463,8.90870772415105,3.72136589784513,17.1616797398471,26589.2042679806,8481.83200273,6.81579074669974,0,4.3189589278683,213.517207702962,0,7.64645341717569,0,60.5882962324922,23.731403373489,340.390785062174,3.87825934004921,9462.251993813,60.1211091160546,14312.439300624,8559.28118703697,1309.61033191842,149.832370502881,22.1743313129522,21072.7744827427,545.78854626203,4.25966612726569,21.0855846583408,19747.2573872768,22.634758535812,11.6896200863192,33.8088943921262,29712.3366884737,8864.8931604607,0,24111.8653688357,6601.743840756,11.8738050147741,102.305831602302,4835.96142222761,0,7298.75961881117,1.6337766082058,16.1045439980121,9750.73703027701,8820.43934497357,0,59.9450461316962,133.756365065627,39.0366496734531,192.131926663566,"BC vs. CB","CB"
"LOC111114598",179.536887613689,-1.9434194939621,2.54948086806991,0.000126182097683758,0.0278946168862226,36.8290688455235,6.01575382831857,779.03705729404,996.291154136151,2.3122855803192,8.13709549592329,87.7260249367386,24.7635839459586,19.8584326477074,31.9346384861285,969.41256555446,240.832594289401,31.4453445489735,0,14.5833015099161,12.0221631982102,964.413958319727,24.0420956973632,7.92906690708032,63.9280328359593,7.40758225880209,2.147721197352,1153.85078153887,654.902817147215,4.43856676505487,4.16260731148012,3.34991682067606,0,2.02871969484043,7.63649571800027,20.8659664920699,7.94419804116366,2.78540926091385,38.9974932238838,2.0021985272538,0,1586.74423946628,6.31709807543521,4.31261796320295,5.90041233175147,3.07315010566514,3.20783481034998,5.84659440906124,102.269471346848,7.42392310345921,21.3978539126095,13.1236374481184,4.65212217093528,11.313223236332,12.2684233440595,5.24728274891,0,9.23317654931729,6.47033859782421,0,3.95099727411845,1074.21411698689,4.39470432842389,7.44604842323505,1814.05580630802,44.7155753511218,13.7777541724292,9.04762583009296,2.03429142888579,3.89185834151091,9.60463913480007,107.370446357453,7.49159072520056,936.391567764836,0.709944354544282,132.264121947774,1.35631425442335,4.06264896796625,0.89920154510148,74.5175631499925,24.2626711605737,427.891554325101,4.0531538599772,680.380372681258,0,25.7265775320106,8.80778682668826,980.208329681331,2.7618790696742,3.24005310098158,13.8871011697493,7.43286646062097,5.04801047332626,13.0012793040251,3.18565581793082,16.1390508816105,6.63254702804762,1081.09832567869,1277.67731231271,"BC vs. CB","BC"
"LOC111126010",26.8658525447911,2.55868344392271,3.62485371108844,8.14987599091421e-05,0.0214863602503169,0,39.1023998840707,36.101717289236,0,9.24914232127678,0,0,0,8.82597006564773,16.9652766957558,4.03501588160025,2.12187307743965,0,8.93736208749449,0,76.1403669219977,0,18.782887263565,0,0,0,55.1248440653681,342.234896636413,0,15.5349836776921,0,0,0,10.1435984742021,13.0911355165719,0,349.544713811201,0,4.45685636844386,16.0175882180304,1.73291671391092,6.78417964617412,0,35.5790981964243,13.4866567582891,1.02438336855505,10.6927827011666,5.84659440906124,3.09907488929842,9.65110003449697,275.381076440539,0,0,25.7118709916636,0,9.445108948038,2.15947946393415,0,8.31900676863113,0,9.87749318529613,0,13.1841129852717,0,0,0,0,52.4762298145391,269.543614327367,37.9456188297313,23.0511339235202,28.0096816584659,7.49159072520056,21.1136768379895,0,0,0,20.3132448398313,0,51.7483077430504,31.0023020385108,249.418652132507,39.5182501347777,23.0337105334801,0,0,8.80778682668826,57.0703521877792,0,6.48010620196316,0,0,0,18.5732561486072,113.621724172866,1.15278934868647,6.63254702804762,0,0,"BC vs. CB","CB"
"LOC111112783",38.661084958554,2.24404622853968,1.47425269504778,3.45252476373497e-05,0.0140360118925988,113.32021183238,9.02363074247786,29.451400946482,6.12294826949346,8.09299953111719,12.7868643507366,21.6041703202416,74.2907518378757,12.1357088402656,44.9080853711182,10.0875397040006,8.48749230975862,10.4817815163245,93.8423019186922,9.28028277903752,4.00738773273672,7.50934116600455,12.7723633392242,26.4302230236011,7.30606089553821,25.000590123457,8.59088478940801,225.684312642588,91.7999613631211,32.1796090466478,4.75726549883443,15.6329451631549,1.04500840785831,15.2153977113032,2.18185591942865,77.2040760206586,309.823723605383,5.57081852182771,5.57107046055483,105.115422680825,229.611464593197,9.79937060002929,18.9512942263056,233.95952450376,7.5862444265376,12.2926004226606,11.7620609712833,50.6704848785308,42.6122797278533,8.90870772415105,33.4922930806062,99.941546720286,13.9563665128058,79.192562654324,32.7157955841588,25.186957194768,52.9072468663867,28.8536767166165,12.9406771956484,92.7132476832552,10.8652425038257,8.18760759898543,11.4262312539021,19.1469816597473,128.952123056636,83.9780317569849,42.585785623872,19.9047768262045,21.3600600033008,9.72964585377727,23.0511339235202,11.6707006910275,20.3343176826872,5.27841920949739,17.748608863607,23.0024559909172,6.10341414490508,1.16075684799036,57.5488988864947,14.4895261680541,10.7834094046994,42.1240390268234,58.7707309696693,53.1547166157232,2.26708236289698,21.7686425270859,6.77522063591404,64.0789919301381,1.84125271311613,17.2802832052351,26.1404257312928,11.1492996909314,45.4320942599364,22.2879073783287,26.5471318160901,71.4729396185609,25.4247636075159,7.59045965872699,37.3589857401378,"BC vs. CB","CB"
"LOC111116900",78.5807536415357,-1.92553144303196,2.3986465858797,0.000126369877695326,0.0278946168862226,152.03795087511,32.0840204176991,0,49.8582930515896,28.90356975399,0,50.4097307472304,74.2907518378757,18.7551863895014,47.9019577291928,2.01750794080012,107.154590410703,16.7708504261192,0,514.392816895222,1.00184693318418,0,44.3276139420134,51.0984311789621,10.9590913433073,924.09588678556,4.29544239470401,3.17865229074068,64.3546120896107,57.7013679457134,44.0047058642185,12.2830283424789,0,0,80.72866901886,12.5195798952419,0,495.802848442666,38.9974932238838,4.0043970545076,0,6.03038190771033,41.0611374903289,3.23446347240221,53.1037109857632,5.12191684277524,47.048243885133,18.5142156286939,2.32430616697382,44.5435386207552,32.5619516061449,25.2377643233045,56.9884965939572,3.08542451899964,37.4868491068486,38.829892341934,26.9934932991769,12.6956177553113,85.0387358571182,0.955806677146961,1111.21798334581,8.18760759898543,450.896664096291,1.06372120331929,4.84782417506151,7.63436652336227,22.5454159185205,14.4762013281487,165.794751454192,0.972964585377727,29.7743813178802,0,71.7052255126339,31.6705152569843,433.776000626556,0.958435666288219,0.678157127211675,27.8581643517686,7.19361236081184,1.37995487314801,0,1.10852734281114,5.06644232497149,1.77182388719077,5.66770590724244,6.92638625861823,33.8761031795702,576.710927371243,2.7618790696742,17.2802832052351,21.2390959066754,13.6269218444718,692.587036940364,35.2891866823537,29.7327876340209,0,43.1115556823095,0,22.4153914440827,"BC vs. CB","BC"
"LOC144624224",24.1124099485952,21.3873434992433,2.31096812367525,1.07384865135311e-20,6.10375573429106e-17,6.61034569022216,0,70.303344194828,0,20.8105702228728,0,0,0,62.8850367177401,2.99387235807455,0,119.88582887534,0,6.70302156562087,0,0,0,0,0.881007434120036,6.39280328359593,0,119.556479985928,5.29775381790113,1.89278270851796,0,0,0,13.585109302158,13.1866780164628,0,106.416429109556,0,0,47.9112059607715,0,64.1179184147041,12.0607638154207,0,90.5649772272619,0,31.7558844252065,0,0,12.3962995571937,0,0,0,0,0,0,91.302719831034,76.6615209696623,173.122060299699,15.7136794518588,101.315507777578,0,0,0,0,0,331.549631871733,12.5252310658447,50.6667046485206,6.10287428665738,92.431635610884,0,2.33414013820549,0,0,3.54972177272141,0,0,33.6619485917204,0,8.27972923888806,12.1313355802868,9.97674608530028,0,0,0,0,2.03256619077421,0,18.4125271311613,17.2802832052351,26.9573140353957,4.95524430708064,55.5281152065889,0,101.940986173786,31.1253124145346,0,1.08435137981814,169.716535219483,"BC vs. CB","CB"
"LOC111116546",13.2317674780267,20.9248139392665,2.72120579327489,7.44748941764068e-15,1.88140132666087e-11,30.2187231553013,0,19.00090383644,0,0,0,0,0,0,0,20.1750794080012,15.9140480807974,0,0,0,38.0701834609988,0,48.835506885269,1.76201486824007,31.9640164179797,0,0,157.873063773454,12.3030876053668,0,0,0,0,0,0,0,60.1489280259534,0,2.22842818422193,44.0483675995836,0,0,0,0,0,2.0487667371101,0,1.94886480302041,48.0356607841255,2.96956924138368,0,0,131.422451328922,33.939669708996,0,0,0,0,0,0,0,0,0,0,0,15.2687330467245,0,19.0000142431952,61.0287428665738,1.94592917075545,4.80231956740004,0,100.601361166979,21.1136768379895,0,0,30.5170707245254,1.74113527198554,0,0,78.1797181840708,14.4108554565448,0,105.423521287851,28.3385295362122,0,2.71008825436562,7.00863974235885,0,31.3205133094886,0,0,3.02880628399576,11.1439536891643,0,0,2.21084900934921,1.08435137981814,0,"BC vs. CB","CB"
"LOC144624739",178.586352106393,-1.27473915833702,2.20991756084774,0.000267310013475061,0.0432877452164709,23.6083774650792,12.0315076566371,5.700271150932,24.4917930779739,3.46842837047879,9.29953770962662,0,4.12726399099309,4.41298503282386,2.99387235807455,7.06127779280044,9.54842884847844,921.348595284923,2.23434052187362,1.32575468271965,958.76751505726,0,13.5236788297668,1062.49496554876,7.30606089553821,9.25947782350261,2.863628263136,2.11910152716045,1631.57869474248,0,7.13589824825164,913.410653104338,0,9.12923862678193,0,6.25978994762097,0,7.42775802910361,34.5406368554399,1.0010992636269,0.866458356955461,3.01519095385517,26.32124198098,6.46892694480442,0,7.17068357988534,4.27711308046664,9.74432401510207,7.74768722324605,15.5902385172643,0,186.759455992454,18.6084886837411,4.11389935866618,5.45263259735979,2.098913099564,1011.71612885315,1.15414706866466,1.84866817080692,1539.80455688375,3.95099727411845,0,11.4262312539021,22.3381452697052,16.4826021952091,10.9062378905175,1032.0790398256,1767.90608720016,0,0.972964585377727,1.92092782696001,1.16707006910275,1.07022724645722,6.33410305139686,1.41988870908856,3.83374266515287,19.6665566891386,13.3487037518891,1722.87016041444,21.3893005337942,0,11.0852734281114,14.1860385099202,38.0942135746017,1.13354118144849,1.97896750246235,533.209864046435,0,21.1744062008355,8.64014160261755,5.7182181287203,9.91048861416129,1.00960209466525,1749.6007291988,91.32213344735,29.9725230658481,1047.94243043152,5.42175689909071,6.4043975554522,"BC vs. CB","BC"
"LOC111116715",153.924888825282,1.63877435148123,2.70168622303876,0.000171465077895934,0.0327599160591761,212.475397185712,0,455.071646882738,3.49882758256769,0,0,0,0,0,20.9571065065218,434.772961242427,44.5593346262327,0,13.4060431312417,25.1893389716733,362.668589812673,10.7276302371494,581.518189679972,7.92906690708032,1058.4655722411,2.77784334705078,5.01134946048801,253.232632495674,481.713199317821,26.6314005903292,6.54124006089734,137.346589647718,0,0,0,40.6886346595363,505.024018331118,18.569395072759,0,483.530944331793,47.6552096325503,8.2917751231017,8.42279743391361,21.5630898160147,3.37166418957227,0,6.41566962069995,0.974432401510207,1013.39748880058,5.93913848276736,36.28331750399,12.1141268751862,566.39587431137,124.445455599652,55.8894841229379,16.791304796512,69.1033428458928,16.1580589613053,2.77300225621038,6.69064674002873,1.97549863705923,0,0,8.50976962655434,1.9391296700246,166.865439724918,5.01009242633788,143.857250698478,64.0801800099024,27.2430083905763,0.960463913480007,0,534.043395982154,283.978953470959,1.41988870908856,45.0464763155463,368.23932007594,29.0189211997589,0,19.3193682240721,688.790275725176,289.325636473708,0,3201.68576415373,295.854248358055,0,39.9738017518929,388.478888576462,1.84125271311613,262.444301179508,0,8.67167753739113,258.458136234305,28.7885470303412,0,0,0,39.0366496734531,49.1003812584668,"BC vs. CB","CB"
"LOC111113226",288.113614337329,-2.93553973767497,2.12019511940557,3.63795454924356e-05,0.0140360118925988,29.2743880566981,360.945229699114,19.00090383644,425.982258177617,16.1859990622344,3712.84043056843,13.7481083856083,140.326975693765,7.72272380744176,30.936681033437,38.3326508752024,46.6812077036724,11.5299596679569,6.70302156562087,144.507260416441,99.1828463852338,28.9646016403032,33.0578815838744,1510.92774951586,19.1784098507878,1257.43708843165,6.44316359205601,41.3224797796288,6.62473947981287,768.981692045757,106.44381553642,122.830283424789,24.0351933807411,955.526976269842,18.5457753151435,32.3422480627083,14.7535106478754,253.472242743161,23.3984959343303,153.168187334916,12.1304169973765,35.4284937077982,3418.60290848969,3.23446347240221,18.5441530426475,32.7802677937615,48.1175221552497,14.6164860226531,13.1710682795183,1902.00909910625,537.737372238621,80.7608458345745,18.6084886837411,128.559354958318,47.7105352268982,49.324457839754,0,3.46244120599398,116.466094760836,49.701947211642,2719.27387391203,37.662994955333,804.230892101571,384.003354398265,150.282549426907,187.587291716901,41.3332625172875,171.000128188757,109.851737159833,38.9185834151091,473.508709345644,17.5060510365412,564.009758882956,387.435969977108,12.0690540272528,25.8777629897819,35.9423277422188,4.06264896796625,20.681635537334,32.4289395189782,13.4792617558743,220.596941219417,105.382000359407,20.3759747026939,23.8043648104183,162.275335201913,26.4233604800648,1026.26510513112,23.0156589139517,411.486743824661,18.7884309943667,16.1045439980121,17.1632356093093,276.741516614248,1385.7602807999,16.1390508816105,24.3193391028413,33.6148927743624,30.9545881846856,"BC vs. CB","BC"
"LOC111100718",77.3760054815294,1.96618337457391,1.46699073402938,4.95794945217871e-05,0.0167155092972695,23.6083774650792,16.0420102088495,16.150768260974,50.7329999472316,24.2789985933516,30.2234975562865,32.7335913943054,12.3817919729793,54.0590666520923,16.9652766957558,80.700317632005,42.4374615487931,16.7708504261192,40.2181293937252,15.9090561926357,78.1440607883661,51.4926251383169,36.0631435460448,15.8581338141606,39.2700773135179,12.9632689529036,20.761304907736,44.5011320703695,42.5876109416541,18.8639087514832,59.4658187354303,29.0326124458592,24.0351933807411,15.2153977113032,52.3645420662876,19.8226681674664,40.8558756402702,22.2832740873108,100.279268289987,1335.46641767829,97.0433359790116,21.8601344154499,13.6870458301096,67.9237329204464,10.1149925687168,16.3901338968808,29.9397915632665,15.5909184241633,61.9814977859684,18.559807758648,49.3080981464479,70.6657401052527,66.2927409358277,51.4237419833273,186.752666459573,18.890217896076,7.55817812376953,616.314534666929,9.24334085403459,1482.45615625494,17.779487733533,40.9380379949272,15.820935582326,76.5879266389891,30.0565098853813,46.8968229292254,17.5353234921826,31.6666904053253,15.2571857166434,87.5668126839954,26.8929895774402,4.66828027641099,40.6686353653745,26.3920960474869,85.9032668998581,10.5427923291704,11.5286711625985,24.3758938077975,32.3712556236533,87.6271344448986,16.1751141070491,29.9302382559008,20.265769299886,16.8323269283124,17.0031177217273,228.570746534402,75.8824711222373,77.0950371659474,219.10907286082,47.5207788143965,22.0559842107783,78.0450978365201,48.4609005439321,16.7159305337465,36.1040992698826,39.1948378553398,30.9518861308889,61.8080286496341,16.0109938886305,"BC vs. CB","CB"
"LOC111109066",281.272609952354,2.40467599503011,1.14280120075922,1.23393088054429e-05,0.00778056359108662,180.368003833205,92.2415587008848,87.404157647624,98.8418792075373,334.125266356124,123.218874652553,152.538535897463,204.299567554158,292.360258424581,158.675234977951,185.610730553611,215.370117360125,186.575710990576,958.532083883784,164.393580657236,163.301050109021,138.386430059227,134.485472807125,251.08711872421,189.044325672051,52.7790235939649,80.8974984335921,19.0719137444441,71.9257429236825,350.646774439335,285.435929930066,441.072381389014,266.477144003869,288.078196667341,162.548265997434,51.1216179055712,154.344419085465,118.844128465658,289.695663948851,337.370451842266,1065.74377905522,161.312716031251,401.135727790136,1578.41817453228,86.8203528814859,488.630866800758,71.6416440978162,2551.06402715372,77.4768722324605,256.125347069343,143.272587067037,348.281147661603,488.472827948204,163.527499506981,295.123739332099,119.638046675148,0,1099.90215643742,78.568397259294,155.796488374955,414.854713782438,111.351463346202,136.23583418114,226.572616307009,168.70428129214,331.549631871733,280.565175874921,1109.2389267694,215.634891461894,117.728714830705,121.978917011961,58.3535034551373,270.767493353677,162.575311652519,151.218147517932,66.1320609738871,223.791851979853,211.257746334245,43.1616741648711,347.748628033298,183.31795987989,103.093042881436,107.408577289396,167.437357339528,128.090153503679,275.076482842267,219.517148603615,790.975056637642,215.426567434588,149.042442645153,312.86822047141,66.8957981455887,172.641958187758,109.582211276783,358.917222153539,136.029143145003,1084.42143908579,78.0732993469062,99.268162109509,"BC vs. CB","CB"
"LOC111123744",579.946174254326,1.25845428793191,0.642083951504781,5.41037172396356e-06,0.00473116198138598,765.855764967168,256.672163341592,771.436695759464,405.863999577852,730.682243380866,258.062171442139,237.645873522658,178.504167610451,558.242606652219,563.845960770707,590.121072684037,215.370117360125,281.959922789129,846.815057790103,461.362629586437,472.871752462933,758.443457766459,476.334021004008,532.128490208502,525.123126866809,451.862517786927,561.271139574657,329.52028747345,803.486259765875,210.831921340107,360.957519724062,606.334944542366,340.672740961809,607.601548604708,710.194101774025,384.97708177869,554.958977447004,246.044484714057,621.731463397919,752.826646247429,1390.66566291351,495.245114170711,566.43312743069,1799.43984514643,276.476463544926,771.360676521951,428.78058631678,1596.12027367372,570.229779630909,515.220263380069,577.742055640456,405.823250318737,930.424434187056,527.607592748938,565.029052901409,323.232617332856,927.496429759718,1766.9991621256,493.594401605447,648.992733782787,290.398299647706,622.258177522893,413.102206871845,554.198746929352,203.608615352583,853.958426827522,766.544141229696,557.333751133726,269.543614327367,344.429463223715,313.111235794482,584.702104620476,258.994993642648,238.584548269282,330.124124863091,190.728697591355,476.066303302596,736.500220049882,741.841274708721,605.800189311976,458.294899699725,889.038928934536,550.215636491904,792.891189517872,337.79527207165,629.311665783028,384.832532119918,978.205861183514,393.107454250295,475.207788143965,839.761176617781,614.450294078,715.807885117664,596.201522370292,798.537725027991,848.452960633239,788.167671832992,685.310072045066,379.99425495683,"BC vs. CB","CB"
"LOC111102200",2096.50112323231,1.31761945071524,0.667969780924812,5.68704957219948e-06,0.00478891700272324,5055.02578282275,938.457597217697,2681.97757651351,1147.6154470822,3459.17922815752,1448.40299827435,988.554460108025,445.744511027254,1847.93748249499,846.267919882406,3810.06374620104,1066.24122141343,1043.98543902592,4059.79672824437,3257.37925544217,1384.55246166054,2985.49949499866,2566.49371569352,3727.54245376187,1465.77846716735,919.466147873809,5363.57573685374,1701.63852630984,958.694441864348,924.331528822678,2869.22575398451,3125.47239369076,3506.00320836463,1407.93146821926,2578.95369676466,1443.92488125124,5096.77048612371,1465.12527124069,733.152872609016,1587.74343211226,4584.43116665134,1129.94280995722,1575.06312014185,4572.45319548592,1039.31548643565,980.334883707181,718.554997518395,3327.68665115736,906.479405119788,3230.89133462545,1692.29114204507,1659.63538190051,869.946845964897,2463.19724100138,1282.73181852889,965.50002579944,1631.48673500225,2872.67205390634,1435.49083463157,3706.61829397591,897.864130543418,5988.41619789794,1787.76572080284,1658.34135597478,604.038892212664,1401.4515689315,1435.3914801458,1238.61997613973,664.196151531211,3805.26449341229,1838.32793040073,2438.00937435564,1079.85929167534,1045.12700348048,4016.155213657,1178.87586953451,1921.89729851789,1428.89167987613,1043.07379231772,1356.49564030449,4010.0803723726,2258.0701973063,1048.7535612691,4115.06097800057,1218.55677005713,1794.92352473335,3745.34196753328,1778.19202606133,2895.36989137512,1398.62292192372,1254.74043510205,640.465326690173,989.410052771948,1643.73316915174,2006.96316529641,4514.3230894562,3729.70227877211,1661.22631388139,986.277223539638,"BC vs. CB","CB"
"LOC111135725",193.446135878657,2.50049851960958,3.07947708826466,7.86854194886831e-05,0.0214863602503169,278.578854087934,6.01575382831857,1215.10780034034,1.74941379128385,36.9965692851071,0,1.30934365577222,0,0,7.98365962153213,637.532509292839,49.8640173198319,0,24.5777457406099,2.65150936543929,142.262264512154,0,949.662780045846,9.6910817753204,555.260628060904,6.48163447645182,12.886327184112,1435.69128465121,557.42450765854,81.0038434622515,41.0314149274469,39.0823629078873,104.500840785831,2.02871969484043,29.4550549122867,25.0391597904839,662.773093719939,0,14.4847831974426,896.984940209703,46.7887512755949,50.504448477074,0,3.23446347240221,0,2.0487667371101,6.41566962069995,0,828.227764165003,3.7119615517296,0,83.7893775533711,1028.1189997767,283.859055747966,2.04473722400992,3.148369649346,0,4.61658827465864,0,0.955806677146961,1.97549863705923,1.63752151979709,5.27364519410866,0,6.78695384508611,480.965090971823,7.51513863950682,164.666790107692,622.493177239052,22.3781854636877,3.84185565392003,11.6707006910275,732.03543657674,100.28996498045,5.67955483635425,2.87530699886466,581.180658020406,85.8960067512865,1.79840309020296,13.7995487314801,1338.49069235832,532.093124549348,4.0531538599772,1382.9085439524,544.099767095274,13.8527725172365,12.1953971446453,241.297453986926,3.68250542623227,230.043770169692,0,0,760.230377282935,31.5745354526323,6.37131163586163,5.76394674343233,7.73797153272222,41.2053524330894,0,"BC vs. CB","CB"
"LOC111137347",18.1646119655457,2.52666108861846,1.99169099959855,5.07288063648662e-05,0.0167155092972695,42.4950794371425,17.0446358469026,0,8.74706895641923,4.62457116063839,3.48732664110998,6.54671827886109,19.6045039572172,9.9292163238537,10.9775319796067,3.02626191120019,7.42655577103879,5.24089075816225,15.6403836531154,21.2120749235143,2.00369386636836,2.14552604742987,64.6131321866636,0.881007434120036,24.6579555224414,0,9.30679185519201,13.7741599265429,8.51752218833083,0,7.73055643560594,3.34991682067606,0,14.201037863883,27.2731989928581,1.04329832460349,55.6093862881456,19.497864826397,11.1421409211097,4.0043970545076,6.06520849868823,3.01519095385517,1.0528496792392,3.23446347240221,23.6016493270059,1.02438336855505,4.27711308046664,555.426468860818,7.74768722324605,17.8174154483021,5.58204884676769,3.02853171879654,5.8151527136691,0,5.45263259735979,16.791304796512,0,4.61658827465864,8.31900676863113,5.73484006288177,0,4.91256455939126,4.39470432842389,45.7400117427296,41.691287905529,7.63436652336227,0,8.14286324708366,29.497225718844,1.94592917075545,58.5882987222804,1.16707006910275,1.07022724645722,0,39.7568838544798,0.958435666288219,20.3447138163503,12.1879469038988,12.5888216314207,10.3496615486101,5.39170470234971,45.4496210552568,27.3587885548461,46.0674210669601,35.1397766249031,0.989483751231176,5.42017650873124,5.00617124454204,10.1268899221387,10.8001770032719,3.2675532164116,6.19405538385081,38.3648795972796,9.28662807430361,5.30942636321803,14.9862615329241,2.21084900934921,6.50610827890885,4.26959837030146,"BC vs. CB","CB"
"LOC111138228",634.057338845452,2.15004832438383,2.75933876145462,0.000104495334788536,0.0244928446572387,1923.61059585465,6.01575382831857,2418.81505837881,20.9929654954062,6.93685674095759,2.32488442740666,17.0214675250388,70.1634878468826,8.82597006564773,0,2355.44052088415,80.6311769427069,4.1927126065298,0,2.65150936543929,1959.61260130826,22.5280234980136,3022.54221845288,3.52402973648014,1401.85043433139,8.33353004115235,17.181769578816,3592.93663930055,3538.55727357433,16.6446253689558,0,115.013810843211,9.40507567072478,71.005189319415,17.4548473554292,17.7360715182594,2447.94788211286,18.569395072759,38.9974932238838,3490.833132267,9.53104192651007,31.6595050154792,16.8455948678272,38.8135616688265,10.1149925687168,6.14630021133029,16.0391740517499,3.89772960604083,2500.1786669415,66.8153079311328,9.30341474461282,13.1236374481184,2802.9036079885,1600.30685052114,6.13421167202977,20.98913099564,0,17.3122060299699,42.5193679285591,14.3371001572044,24.6937329632403,13.1001721583767,32.5208120303368,71.2693206223926,19.391296700246,1038.27384717727,7.51513863950682,1325.47718410862,2600.84159183048,48.6482292688863,57.6278348088004,12.8377707601302,2053.76608595141,553.178333155326,19.1684975726956,17.2518419931879,3259.22315337931,80.6726009353299,0,17.9394133509241,2008.41000162527,958.876151531638,4.0531538599772,4653.69543970657,1670.83970145507,27.7055450344729,19.6481398441507,264.32584171182,23.9362852705097,654.490726398279,3.2675532164116,30.970276919254,3208.51545684617,723.428326988251,2.12377054528721,11.5278934868647,11.054245046746,105.18208384236,10.6739959257537,"BC vs. CB","CB"
"LOC111138386",96.6175757230024,2.58693952744279,0.995781929620766,5.91549169349135e-06,0.00480337925511498,22.664042366476,203.533004524778,50.352395166566,86.5959826685504,85.5545664718103,79.0460705318263,39.9349815010527,60.8771438671481,87.1564543982713,26.9448512226709,82.7178255728051,36.0718423164741,24.1080974875463,120.654388181176,50.3786779433465,54.0997343919457,114.785643537498,52.592084337982,36.1213047989215,40.1833349254601,33.3341201646094,209.760770274712,76.2876549777763,22.7133925022155,22.1928338252744,93.9559936019799,102.730782500732,1724.26387296621,93.3211059626597,62.1828937037165,50.0783195809678,79.4419804116366,173.623843930297,43.4543495923277,124.136308689736,497.347096892434,48.9968530001464,86.3336736976145,51.7514155584354,85.9774368340928,136.242988017821,39.5632959943164,84.775618931388,10.8467621125445,121.752338896731,83.7307327015154,178.683371408996,51.1733438802881,20.5694967933309,98.1473867524763,44.077175090844,82.0602196294977,212.363060634298,51.7627087825937,27.7183936372619,161.003138920327,86.7886405492456,116.899135136075,8.50976962655434,159.97819777703,30.5374660934491,30.0605545580273,124.857236455283,163.760460025306,32.107831317465,68.1929378570805,109.704586495658,21.4045449291445,81.2876558262597,57.5054927180868,25.8777629897819,96.9764691912696,150.898390238746,58.4481004315962,77.9674503328626,55.2649731990845,11.0852734281114,38.5049616697834,37.2083016310063,115.621200507746,72.2323138398759,75.8824711222373,64.0789919301381,46.0313178279033,319.685239296849,40.844415205145,22.2985993818629,38.3648795972796,46.4331403715181,8.49508218114884,46.1115739474586,8.84339603739682,49.8801634716345,42.6959837030146,"BC vs. CB","CB"
"LOC111107555",38.7610449518357,-4.54459879299264,2.09091043636683,7.1352226388693e-06,0.00559401454887353,8.4990158874285,11.0288820185841,88.354202839446,3.49882758256769,1.1561427901596,5.81221106851664,0,0,20.9616789059134,36.9244257495861,9.07878573360056,247.19821352172,596.413368278864,0,10.6060374617572,2.00369386636836,38.6194688537377,45.078929432556,0.881007434120036,23.7446979104992,137.040271787839,5.01134946048801,16.9528122172836,16.0886530224027,9.98677522137347,20.8130365574006,14.5163062229296,2.09001681571662,32.4595151174469,9.81835163742892,19.8226681674664,3.40465630335585,0,13.3705691053316,4.0043970545076,0,15.8297525077396,3.1585490377176,0,0,21.512050739656,0,3.89772960604083,40.2879735608795,5.93913848276736,12.0944391679967,21.1997220315758,13.9563665128058,4.11389935866618,29.9894792854789,0,0,15.0039118926406,1.84866817080692,11.4696801257635,0,0,1.75788173136955,0,23.2695560402952,10.9062378905175,474.706257395514,10.8571509961115,150.537565737549,33.0807959028427,11.5255669617601,40.8474524185961,83.4777252236634,2.11136768379895,110.041374954364,5.75061399772931,2.7126285088467,1.16075684799036,17.9840309020296,25.5291651532382,6.73963087793714,12.1938007709226,5.06644232497149,116.940376554591,31.7391530805577,21.7686425270859,8.80778682668826,18.0222164803513,29.4600434098581,20.5203363062167,0,3.71643323031048,32.3072670292881,619.418092556051,0,13.8334721842376,14.3705185607698,9.75916241836328,17.0783934812059,"BC vs. CB","BC"
"LOC111108634",260.762139887194,2.88859165535478,3.23790056357736,5.85114024699289e-05,0.0180274156853671,236.083774650791,0,1396.56643197834,6.12294826949346,5.78071395079799,1.16244221370333,1.96401548365833,0,0,1.99591490538303,751.521707948046,2.12187307743965,0,15.6403836531154,2.65150936543929,565.041670315878,15.0186823320091,1117.20613443685,9.6910817753204,1405.50346477916,1.85189556470052,4.29544239470401,1837.26102404811,863.10891508419,4.43856676505487,0.594658187354303,6.69983364135212,6.27005044714986,3.04307954226064,9.81835163742892,16.6927731936559,781.936064337394,3.71387901455181,26.7411382106632,1505.65329249486,3.46583342782184,41.4588756155085,0,2.15630898160147,3.37166418957227,0,6.41566962069995,0,1428.67352396657,3.7119615517296,0,5.04755286466091,2427.24474268548,316.770250617296,0,4.197826199128,0,6.92488241198797,9.24334085403459,1.91161335429392,2.96324795558884,6.55008607918834,4.39470432842389,22.3381452697052,8.72608351511071,658.736768587258,0,463.238442500759,188.171957171936,5.83778751226636,3.84185565392003,4.66828027641099,1143.00269921631,219.582239115091,2.83977741817713,2.87530699886466,581.180658020406,77.770708815354,5.39520927060888,4.82984205601803,1306.14046414422,412.372171525745,0,2232.49809786038,559.969343635553,39.579350049247,14.9054853990109,227.280174502208,20.2537798442775,255.964194977545,17.9715426902638,2.47762215354032,846.046555329482,206.16314324954,6.37131163586163,18.4446295789834,2.21084900934921,60.7236772698159,8.53919674060293,"BC vs. CB","CB"
"LOC111110042",447.146310028027,1.12573885925865,1.48265879900722,0.000242006215560068,0.0410570892605171,379.622709638473,25.0656409513274,1104.90255808899,20.9929654954062,363.028836110114,30.2234975562865,24.222857631786,33.0181119279447,292.360258424581,455.068598427331,100.875397040006,947.416329076806,61.8425109463145,243.543116884225,68.9392435014216,18.0332447973152,443.051128794268,398.94852547812,1315.34409914121,863.941700897393,140.74406291724,1572.13191646167,793.603521921589,419.251369936729,357.304624586917,672.558409897717,39.0823629078873,36.5752942750408,188.67093162016,82.9105249382886,715.702650677997,749.024386738288,106.774021668364,388.860718146727,31.0340771724339,880.321690666748,85.9329421848722,10.528496792392,1565.48032064267,35.4024739905088,99.3651867498397,112.274218362249,191.963183097511,219.259548417863,435.041893862709,1691.36080057061,837.893775533711,809.469257742738,774.441554268908,604.560639232267,847.960892223856,466.447564209777,1124.13924487938,29.5786907329107,2126.66985665199,25.6814822817699,127.726678544173,26.3682259705433,106.372120331929,487.691112011188,1871.51042201281,120.242218232109,59.7143304786135,119.006048589819,979.775337475371,339.043761458443,814.614908233717,496.585442356151,121.40364181844,515.419601399148,115.970715620874,28.4825993428904,233.312126446062,158.259471937861,462.284882504583,26.9585235117486,86.4651327392691,5.06644232497149,269.317230852998,350.264225067583,387.877630482621,88.0778682668826,266.328310209636,158.347733327987,550.809027166869,43.2950801174537,831.242232512778,964.170000405317,1063.31891450776,596.779523225706,668.61782223815,896.499273291103,570.368825784343,565.721784064944,"BC vs. CB","CB"
"LOC111107115",44.0016216330485,2.11850180565878,2.42562176438132,0.000103082766449073,0.0244134351873556,1.88867019720633,272.714173550442,8.550406726398,1.74941379128385,3.46842837047879,0,2.61868731154444,0,6.6194775492358,5.9877447161491,5.04376985200031,2.12187307743965,7.33724706142715,0,5.30301873087858,9.01662239865762,6.43657814228961,65.3644476772062,22.9061932871209,18.2651522388455,0,0,15.8932614537034,4.7319567712949,134.26664464291,30.9222257424238,4.46655576090141,5.22504203929155,4.05743938968086,0,7.30308827222446,1.13488543445195,4.64234876818976,5.57107046055483,638.701330193963,3.46583342782184,1.50759547692758,0,3.23446347240221,2.5287481421792,0,1.06927827011666,2.92329720453062,15.4953744464921,187.082862207172,3.72136589784513,20.1902114586436,5.8151527136691,3.08542451899964,6.13421167202977,7.346195848474,0,2.30829413732932,0,1.91161335429392,0.987749318529613,3.27504303959417,2.63682259705433,241.46471315348,586.586725182442,26.1749709372421,2.50504621316894,6.33333808106507,22.3772057177437,639.237732593166,5.76278348088004,1.16707006910275,1.07022724645722,4.22273536759791,12.7789983817971,4.79217833144109,3.39078563605838,3.48227054397107,5.39520927060888,7.58975180231405,95.7027584667074,3.32558202843343,394.169212882782,7.0872955487631,355.931930974825,6.92638625861823,4.06513238154843,9.01110824017567,6.44438449590647,4.32007080130877,9.80265964923479,9.91048861416129,8.07681675732202,3.71465122972145,4.24754109057442,6.91673609211879,2.21084900934921,40.1210010532713,12.8087951109044,"BC vs. CB","CB"
"LOC111106863",85.6758072103936,4.97059212794368,2.81990837380995,9.48161959861496e-06,0.00673669072481593,38.7177390427298,5.01312819026548,4.75022595911,0,41.6211404457455,0,0,55.7180638784067,70.6077605251818,0,9.07878573360056,150.652988498215,0,151.935155487406,5.30301873087858,16.0295509309469,0,6.7618394148834,41.4073494036417,6.39280328359593,5.55568669410156,327.885436129073,281.84050311234,249.847317524371,6.65785014758231,11.2985055597318,0,0,234.31712475407,1.09092795971432,16.6927731936559,335.926088597777,11.1416370436554,0,137.150599116885,369.977718419982,0.753797738463791,0,107.815449080074,48.0462147014048,0,0,95.4943753480003,22.4682929474135,2.22717693103776,0,29.2758066150333,6.97818325640292,20.5694967933309,130.863182336635,193.100005159888,357.393851281102,168.505472025041,0,32.4974270229967,0.987749318529613,0,0,0,90.169529656144,346.818364918457,0,9.04762583009296,18.3086228599721,114.809821074572,1.92092782696001,0,6.42136347874334,0,88.7430443180352,211.814282249696,202.768981036291,42.9480033756432,0,400.186913212923,109.182020222582,261.612452903429,129.70092351927,25.6914463642662,217.63990683811,1.97896750246235,206.644229395378,0,389.424948824062,6.48010620196316,1.6337766082058,599.584561156758,38.3648795972796,331.532622252639,288.832794159061,58.7922567830097,1.1054245046746,29.2774872550898,11.741395518329,"BC vs. CB","CB"
"LOC144618085",61.4322801935899,21.7660312268407,2.31735201189281,2.85738237618655e-21,2.16551485683258e-17,50.994095324571,374.981988631858,0,0,23.122855803192,0,0,0,0,0.997957452691516,0,19.0968576969569,0,71.4988966999559,0,0,0,0.7513154905426,81.0526839390433,481.286761493579,0,24.340840236656,27.5483198530859,282.024623569176,0,281.86798080594,0,0,93.3211059626597,0,483.047124291418,15.8883960823273,352.818506382422,0,18.0197867452842,56.319793202105,0,1.0528496792392,38.8135616688265,66.5903677440523,0,0,86.7244837344084,0,0,9.30341474461282,242.282537503724,2.32606108546764,0,39.5315863308585,97.599459129726,69.1033428458928,23.0829413732932,0,3.82322670858784,0,0,0,206.361913443943,359.708553789564,30.5374660934491,0,0,38.65153714883,150.809510733548,0,0,0,0,38.3369951453912,32.5868126537994,24.4136565796203,41.7872465276529,0,176.634223762945,29.6543758629234,44.3410937124457,43.5714039947549,0,15.8695765402788,0,21.6807060349249,0,100.348272864829,0,0,188.299283669064,0,102.15290881734,80.703280720914,58.7922567830097,0,216.870275963628,353.309265142446,"BC vs. CB","CB"
"LOC144618125",25.4240333592821,20.6398032127709,2.84091117919522,1.88282252036113e-13,3.89162298390279e-10,167.14731245276,0,3.800180767288,0,0,0,0,0,0,0,0,0,0,96.0766424405658,0,4.00738773273672,0,0,164.748390180447,26.484470746326,0,0,2.11910152716045,0.946391354258981,51.0435177981311,0,1.11663894022535,0,180.556052840798,0,0,0,154.1259791039,0,0,1.73291671391092,10.5531683384931,0,0,0,11.2682170541055,1.06927827011666,78.9290245223268,2.32430616697382,0,83.7307327015154,2.01902114586436,1.16303054273382,0,0,0,167.359658454897,0,12.9406771956484,0,0,0,0,15.9558180497894,0,2.18124757810351,102.706894739927,0,0,0.972964585377727,0,152.88617905246,0,0,0,24.9193273234937,0,0,0,144.895261680541,0,333.666730186154,118.554750404333,109.853081005828,6.80124708869093,2.96845125369353,0,31.0382617161606,0.920626356558067,0,0,113.970619062855,0,0,0,2.30557869737293,0,0,0,"BC vs. CB","CB"
"LOC111106656",118.293280369341,2.44469400157051,3.19708895004887,8.36391352665082e-05,0.0216093111297651,16.0536966762538,6.01575382831857,0,0,2112.27287762159,2.32488442740666,0,1.03181599774827,3788.54765067929,0,0,0,1.04817815163245,0,0,21.0387855968678,151.259586343806,17.2802562824798,8.81007434120036,0,10.1854256058529,0,54.0370889425915,0,14.4253419864283,23.7863274941721,51.3653912503662,5.22504203929155,0,25.0913430734295,0,0,0,0,13.0142904271497,3107.11966804228,36.182291446262,25.2683923017408,2.15630898160147,16.8583209478613,0,0,0,0,0.742392310345921,0.930341474461282,0,16.2824275982735,39.0820439073287,47.0289561522282,8.395652398256,0,0,0,363.206537315845,18.7672370520627,81.8760759898543,9.66834952253255,37.2302421161753,0,51.2593180854324,25.0504621316894,36.1905033203718,8.13716571554317,34.0537604882204,19.2092782696001,15.1719108983357,0,2.11136768379895,20.5883862817842,10.5427923291704,4.74709989048173,540.912691163507,10.7904185412178,26.9091200263862,9.43548322911199,18.8449648277894,0,0,0,0,4.74265444513983,3.00370274672522,0,3.24005310098158,9.80265964923479,0,0,23.216570185759,8.49508218114884,3.4583680460594,89.5393848786428,6.50610827890885,0,"BC vs. CB","CB"
"LOC111133291",78.5484464991964,-3.41369147645389,1.18273603037244,4.28014729888683e-06,0.00416222478544118,63.2704516064121,19.0498871230088,25.651220179194,55.9812413210831,10.4052851114364,382.443488308395,15.0574520413805,26.8272159414551,49.6460816192685,49.8978726345758,20.1750794080012,13.7921750033578,22.0117411842814,22.3434052187362,5.30301873087858,15.0277039977627,23.6007865217286,9.7671013770538,73.123617031963,11.8723489552496,462.97389117513,14.31814131568,9.53595687222203,628.403859227963,13.3157002951646,24.9756438688807,637.600834868676,13.585109302158,21.3015567958245,42.5461904288586,16.6927731936559,19.2930523856832,11.1416370436554,57.9391327897702,11.0120918998959,9.53104192651007,9.79937060002929,1165.5045949178,1.07815449080074,10.1149925687168,24.5852008453212,16.0391740517499,16.5653508256735,9.29722466789526,26.7261231724531,97.6858548184346,51.4850392195413,15.1193970555397,38.0535690676622,8.17894889603969,85.005980532342,249.419878084394,19.6205001672992,22.184018049683,2.86742003144088,621.294321355127,49.1256455939126,13.1841129852717,15.9558180497894,15.5130373601968,68.7092987102604,81.4140019279906,30.761927822316,28.4800800044011,21.40522087831,24.0115978370002,25.6755415202604,33.1770446401739,6.33410305139686,12.7789983817971,9.58435666288218,14.9194567986569,12.1879469038988,125.888216314207,31.0489846458302,41.7857114432103,45.4496210552568,21.2790577648803,23.9196224770755,29.4720707176607,922.198856147456,17.6155736533765,10.0123424890841,7.36501085246453,17.2802832052351,22.8728725148812,22.2985993818629,9.08641885198728,35.2891866823537,26.5471318160901,49.569941993518,36.4790086542619,18.4339734569084,6.4043975554522,"BC vs. CB","BC"
"LOC111134466",133.613370154706,-2.92873441600471,2.09299849235058,3.58073087836655e-05,0.0140360118925988,152.03795087511,9.02363074247786,51.302440358388,9.62177585206116,4.62457116063839,2.32488442740666,2943.40453817595,8.25452798198618,46.3363428446506,29.9387235807455,50.4376985200031,31.8280961615948,34.5898790038708,107.248345049934,0,49.0904997260248,160.91445355724,35.3118280555022,64.3135426907626,236.533721493049,43.5195457704623,1.431814131568,101.716873303702,136.280355013293,56.5917262544496,73.1429570445793,41.315640788338,43.890353130049,20.2871969484043,24.0004151137151,94.940147538918,36.3163339024624,23.2117438409488,74.6523441714347,47.0516653904643,0,9.0455728615655,7.36994775467441,0,34.5595579431157,83.9994362215139,7.48494789081661,1.94886480302041,26.3421365590366,2.22717693103776,1.86068294892256,95.9035044285572,54.6624355084895,119.303081401319,2.7263162986799,3.148369649346,0,2.30829413732932,153.439458176974,5.73484006288177,0.987749318529613,39.3005164751301,10.5472903882173,0,44.5999824105659,43.6249515620701,47.5958780502099,1.80952516601859,97.645988586518,198.484775417056,0,68.8571340770621,46.0197715976606,8.44547073519582,9.93922096361994,15.3349706606115,87.4822694103061,94.021304687219,1.79840309020296,13.1095712949061,88.9631275887702,65.4031132258574,21.2790577648803,296.780501104455,32.8726942620062,51.4531550640212,31.1660149252046,30.0370274672522,30.3806697664162,21.6003540065439,4974.84977198666,99.1048861416129,136.296282779809,26.9312214154805,29.7327876340209,102.598252033095,18.7922165794682,49.8801634716345,164.379537256606,"BC vs. CB","BC"
"LOC111101052",17.8614508979937,-16.6091805374147,2.26909353255329,1.26230859520956e-13,2.86998482206845e-10,0,2.00525127610619,3.800180767288,3.49882758256769,0,0,0,0,0,7.98365962153213,6.05252382240037,95.4842884847844,0,0,0,0,0,13.5236788297668,1.76201486824007,0,0,1.431814131568,2.11910152716045,0.946391354258981,48.8242344156036,0,383.007156497296,0,0,0,14.6061765444489,0,0,0,0,0,3.01519095385517,1.0528496792392,0,0,6.14630021133029,0,0,3.87384361162303,1.48478462069184,1.86068294892256,0,11.6303054273382,1.02847483966655,3.40789537334987,6.296739298692,0,13.8497648239759,0,6.69064674002873,0,29.4753873563476,0,18.083260456428,3.87825934004921,0,0,5.42857549805577,2.03429142888579,136.215041952882,8.64417522132007,2.33414013820549,0,25.3364122055874,0,3.83374266515287,24.4136565796203,0,0,1.37995487314801,0,3.32558202843343,0,362.337984930513,4.53416472579395,0,4.74265444513983,325.401130895232,0,19.4403186058895,0,0,16.153633514644,1.85732561486072,0,4.61115739474586,2.21084900934921,10.8435137981814,17.0783934812059,"BC vs. CB","BC"
"LOC111100591",24.8111713312268,19.5950606957569,1.74612463449083,1.78398930469896e-29,4.05607808316356e-25,41.5507443385393,0,85.50406726398,0,6.93685674095759,0,0,0,0,0,6.05252382240037,16.9749846195172,0,0,0,12.0221631982102,2.14552604742987,15.7776253013946,0,52.0556838807097,0,32.9317250260641,139.86070079259,40.6948282331362,0,1.78397456206291,0,0,0,2.18185591942865,9.38968492143145,153.209533651013,0,2.22842818422193,69.0758491902562,13.8633337112874,777.919266094633,0,10.7815449080074,10.9579086161099,18.4389006339909,0,1.94886480302041,48.8104295064501,4.45435386207552,13.0247806424579,7.06657401052527,36.0539468247484,19.5410219536644,3.40789537334987,14.692391696948,36.7111508868806,18.4663530986346,0,24.850973605821,1.97549863705923,0,1.75788173136955,0,16.4826021952091,15.2687330467245,6.26261553292235,10.8571509961115,7.12002000110027,19.4592917075545,0,4.66828027641099,69.5647710197195,13.7238899446932,0,2.87530699886466,21.7010280707736,4.64302739196143,116.896200863192,0,10.7834094046994,13.3023281137337,10.132884649943,62.0138360516771,5.66770590724244,7.91587000984941,0.677522063591404,4.00493699563363,22.0950325573936,12.9602124039263,8.98577134513189,16.1045439980121,29.2784607452923,35.2891866823537,2.12377054528721,23.0557869737293,0,2.16870275963628,1.06739959257537,"BC vs. CB","CB"
"LOC111100324",43.0932689634997,-1.68171302487243,1.22475988002107,4.3354481411293e-05,0.0157052119927178,11.332021183238,24.0630153132743,18.050858644618,121.584258494227,20.8105702228728,68.5840906084963,9.16540559040553,8.25452798198618,28.6844027133551,151.689532809111,17.1488174968011,22.2796673131164,26.2044537908112,55.8585130468406,29.1666030198322,32.0591018618938,24.6735495454435,33.809197074417,22.0251858530009,17.3518946269032,319.45198491084,35.7953532892001,23.310116798765,17.0350443766617,15.5349836776921,82.6574880422482,46.8988354894648,12.5401008942997,12.1723181690426,60.0010377842878,27.1257564396909,24.9674795579429,42.7096086673458,13.3705691053316,22.0241837997918,15.5962504251983,229.908310231456,46.3253858865249,8.62523592640589,24.4445653743989,144.438054966262,22.4548436724498,18.5142156286939,20.9187555027643,63.1033463794032,22.3281953870708,25.2377643233045,23.2606108546764,29.8257703503298,28.6263211361389,16.791304796512,30.2327124950781,45.0117356779218,35.1246952453314,45.8787205030541,40.4977220597141,22.9253012771592,73.8310327175213,55.3135025726032,60.1130197707627,14.1781092576728,21.292892811936,55.190517563567,110.868882874276,34.0537604882204,43.2208761066003,122.542357255788,64.2136347874334,41.1716698340796,73.8342128726053,3.83374266515287,34.5860134877954,24.3758938077975,23.3792401726385,6.20979692916604,9.43548322911199,26.6046562274674,17.2259039049031,39.8660374617924,143.959730043958,26.7160612832418,83.3352138217427,26.0320904716186,16.5712744180452,64.8010620196316,16.337766082058,24.7762215354032,38.3648795972796,31.5745354526323,29.7327876340209,17.291840230297,60.7983477571032,6.50610827890885,50.1677808510422,"BC vs. CB","BC"
"LOC111130990",80.0024673834747,-1.03723060733291,1.40717927282741,0.000268454084954363,0.0432877452164709,23.6083774650792,23.0603896752212,19.950949028262,39.3618103038865,11.561427901596,11.6244221370333,87.0713531088525,80.4816478243653,19.8584326477074,269.448512226709,35.3063889640022,15.9140480807974,237.936440420566,13.4060431312417,21.2120749235143,152.280733843995,15.0186823320091,15.7776253013946,273.993312011331,30.1375011940951,206.486355464108,7.87497772362401,121.848337811726,165.618486995322,453.843451726861,109.417106473192,21.2161398642817,14.6301177100163,80.1344279461969,22.9094871540008,115.806114030988,20.4279378201351,37.1387901455181,135.934119237538,5.0054963181345,3.46583342782184,95.7323127849015,175.825896432947,14.0160083804096,2.5287481421792,92.1945031699543,11.7620609712833,16.5653508256735,37.188898671581,17.8174154483021,87.4520985993605,72.6847612511171,8.14121379913674,32.9111948693294,31.3526374348188,10.49456549782,53.9869865983538,49.6283239525804,38.8220315869453,29.6300069915558,142.235901868264,18.0127367177679,22.8524625078042,37.2302421161753,122.16516921155,226.849748122765,231.716774718127,30.761927822316,31.5315171477298,16.5403979514214,18.2488143561201,166.891019881693,175.517268418985,40.1159859921801,7.8093878999871,214.689589248561,3.39078563605838,6.38416266394697,274.256471255952,26.2191425898122,98.3986108178822,26.6046562274674,15.1993269749145,0.885911943595387,137.158482955267,46.5057363078653,47.4265444513983,50.0617124454204,54.3169550369259,25.9204248078526,121.716357311332,52.0300652243468,21.2016439879703,121.654827773377,317.503696520438,18.4446295789834,479.754235028778,149.640490414904,124.885752331318,"BC vs. CB","BC"
"LOC111102723",205.412269709217,2.01329596685681,1.83635805470334,8.15103925459013e-05,0.0214863602503169,782.853796742025,221.580266009734,482.622957445576,58.6053620080089,221.979415710643,19.7615176329566,53.0284180587748,57.7816958739033,379.516712822852,17.9632341484473,151.313095560009,172.932655811332,19.9153848810165,31.2807673062307,15.9090561926357,383.707375409541,174.860372865534,232.156486577663,150.652271234526,656.632222986496,8.33353004115235,0,6.35730458148136,102.21026625997,554.820845631859,98.1186009134601,208.811481822141,311.412505541776,43.6174734390692,32.7278387914297,131.45558890004,30.6419067302027,317.536655744179,327.578943080624,147.161591753154,2388.82569012621,49.7506507386102,323.224851526435,112.128067043277,9.27207652132373,376.973079628258,286.566576391265,3.89772960604083,17.0449118911413,497.402847931767,302.360979199917,80.7608458345745,640.829829046335,14.3986477553316,261.0447855986,245.572832648988,47.5085482065513,177.738648574358,288.392234645879,21.0277468972331,0,142.464372222346,26.3682259705433,284.013561286251,7.75651868009841,29.4468423043973,217.939020545698,94.0953086329667,67.1316171532311,46.7023000981309,74.9161852514406,266.091975755426,400.264990175001,21.1136768379895,239.251247481423,328.743433536859,164.114024785225,1447.46378944398,3.59680618040592,62.0979692916604,82.2234967108331,67.6201679114797,0,93.0207540775157,279.984671817777,41.5583175517094,458.004914987789,164.202416820979,185.045897668171,11.8801947035991,13.0702128656464,272.538436889435,227.160471299682,15.7872677263161,18.0520496349413,224.793922993861,43.1115556823095,136.628273857086,299.939285513678,"BC vs. CB","CB"
"LOC111131665",375.595724718869,25.6110004545005,2.88181657208932,2.30732719414546e-19,1.04918782172182e-15,75.5468078882533,43.1129024362831,0,0,6063.96893438709,0,0,136.199711702772,1573.22916420171,27.9428086753625,0,16.9749846195172,0,437.93074228723,147.158769781881,0,0,12.7723633392242,153.295293536886,0,0,96.6474538808401,208.731500425305,363.414280035449,0,260.460286061185,0,1.04500840785831,0,0,196.140085025457,3969.82924971292,178.266192698487,0,0,42.4564594908176,250.260849169979,0,0,0,83.9994362215139,0,0,0,2029.70057648575,0,0,0,121.360031080652,430.757975191424,0,165.200178990963,38.0868532659338,0.924334085403459,149.105841634926,2087.11431005307,0,4291.86824713877,114.881889958484,368.434637304675,63.2561797650016,0,1522.71542720464,0,384.321011224202,0,0,0,0,163.997145899729,0,3289.74022410384,2864.7479008402,72.8353251532199,0,86.2672752375954,24.3876015418451,0,0,95.217459241673,0,0,98.1209563930239,46.9519441844614,1938.63177208731,0,35.9255212263347,65.6241361532414,0,94.5077892652809,144.098668585808,0,177.833626290175,0,"BC vs. CB","CB"
"LOC144621105",81.4291509796749,1.25473256758263,1.81705883030885,0.000258408743658144,0.0422674906173494,16.998031774857,11.0288820185841,31.351491330126,4.37353447820962,57.8071395079799,15.1117487781433,11.78409290195,383.835551162358,112.531118337009,8.98161707422365,5.04376985200031,44.5593346262327,7.33724706142715,0,1.32575468271965,9.01662239865762,18.2369714031539,28.5499886406188,22.9061932871209,340.645089254469,7.40758225880209,869.827084927561,26.4887690895056,20.8206097936976,22.1928338252744,34.4901748665496,21.2161398642817,4.18003363143324,575.142033487262,38.1824785900013,67.8143910992272,12.4837397789715,90.0615661028813,31.197994579107,385.423216496357,8.66458356955461,46.7354597847551,11.5813464716312,716.97273638249,8.42916047393067,20.487667371101,16.0391740517499,6.82102681057145,6.97291850092145,7.42392310345921,58.6115128910608,27.2567854691689,2.32606108546764,777.526978787908,24.5368466881191,31.48369649346,52.9072468663867,1.15414706866466,10.167674939438,651.860153814227,15.8039890964738,24.5628227969563,4.39470432842389,22.3381452697052,445.030259270646,61.0749321868981,10.0201848526758,4.52381291504648,54.9258685799164,58.3778751226636,13.4464947887201,5.83535034551373,0,22.169360679889,0,3.83374266515287,35.2641706150071,60.3593560954986,53.0528911609873,9.65968411203607,35.0460805652731,23.279074199034,405.31538599772,177.182388719077,69.1460120683578,2.96845125369353,16.9380515897851,7.00863974235885,0,2.16003540065439,11.4364362574406,4.95524430708064,8.07681675732202,42.7184891417966,14.8663938170105,12.6806828355511,8.84339603739682,43.3740551927257,37.3589857401378,"BC vs. CB","CB"
"LOC111122081",142.078466430437,-2.14848955471362,1.48366479988011,3.98299869446728e-05,0.0148454849700669,43.4394145357456,56.1470357309734,61.75293746843,36.7376896169608,56.6509967178203,34.8732664110998,2539.47202037022,2619.78081828287,31.994141487973,87.8202558368534,56.4902223424035,179.298275043651,109.010527769775,55.8585130468406,15.9090561926357,19.0350917304994,42.9105209485974,90.157858865112,73.123617031963,47.4893958209983,9.25947782350261,21.47721197352,41.3224797796288,401.269934205808,147.582344938075,43.4100476768641,24.5660566849578,40.7553279064741,39.5600340493884,62.1828937037165,93.8968492143145,93.06060562506,33.4249111309663,109.192981026875,59.0648565539871,48.5216679895058,49.7506507386102,38.9554381318505,34.5009437056236,2587.75226549672,43.024101479312,111.204940092133,54.5682144845716,59.6571916189946,23.0141616207235,32.5619516061449,57.5421026571343,47.6842522520866,19.5410219536644,29.3079002108089,78.70924123365,79.9007401655636,39.2410003345985,37.8976975015418,49.701947211642,33.5834768300069,72.0509468710718,22.8524625078042,122.327938381719,39.7521582355044,74.1624176555192,26.3029852382739,149.285826196534,46.7887028643732,50.5941584396418,85.4812882997206,50.1840129714181,40.6686353653745,54.8955597787728,40.4668282090241,77.6332889693457,36.6204848694305,30.1796780477493,61.1457050669007,53.1282626161984,118.617503451694,98.6589335101916,16.2126154399088,54.926540502914,41.9410237135941,25.7265775320106,23.7132722256992,52.0641809432372,29.4600434098581,111.241823133701,59.6328461995117,37.1643323031048,61.5857277745804,70.5783733647075,27.6090170887337,107.209409427841,74.0634418131984,50.9645148514527,124.885752331318,"BC vs. CB","BC"
"LOC111120085",1448.12520936184,1.06784660127179,0.428190567093866,6.00306276956993e-07,0.000758253528494121,2559.14811721458,935.449720303538,2947.99023022367,1060.14475751801,1254.41492732316,669.566715093117,809.174379267231,1719.00545224862,3222.58232021963,969.016686563462,974.45633540646,1146.87239835613,854.265193580446,2629.81879424525,1982.00325066587,1082.9965347721,1661.70992373443,1562.73622032861,1578.7653219431,1583.58869910791,745.38796479196,2091.88044622085,2126.51838250551,1032.51296749655,881.055502863393,1433.12623152387,1329.91697780839,1463.01177100163,1247.66261232686,1288.38592042262,1067.29418606938,2247.07316021486,774.343774534052,1542.07230348158,1925.11388395453,1907.94130201592,946.016161772058,1256.04966733237,2355.76756239961,881.690185573148,1137.0655390961,845.799111662277,3277.99059868034,1069.95560553028,2082.41043052031,2015.11963368314,2627.75602134247,1236.30146692605,3367.22662506827,1378.83446805736,814.378282630832,1290.28897970066,1605.41857251254,759.802618201643,1447.0913092005,877.121394854297,1373.88055510976,975.624360910103,1508.35666630676,1120.81694927422,1541.05141393013,1035.83660914536,1278.42952979213,1104.62024588499,1193.82754625847,1676.00952902261,993.176628806438,1444.80678271725,1114.80213704585,2574.25822957757,792.626296020357,1119.63741702648,1419.02524666821,713.966026810575,1132.94295085452,1372.188846748,1788.05460395437,1178.45448478837,2330.83432359946,771.941544566421,1064.68451632475,1817.79169661574,2172.67832013124,1324.78132708706,915.85500987746,861.000272524456,714.793991296383,1701.17952951095,1485.86049188858,1961.30209857274,1286.5129131341,1549.80515555379,1267.60676300741,865.661069578622,"BC vs. CB","CB"
"LOC111120920",50.555270167967,3.01972488875166,2.08204814149655,3.22414577313672e-05,0.0140360118925988,0,18.0472614849557,57.952756701142,4.37353447820962,79.7738525210123,26.7361709151765,1.30934365577222,54.6862478806585,11.0324625820597,6.98570216884062,19.1663254376012,83.8139865588663,1.04817815163245,0,11.9317921444768,14.0258570645785,63.2930183991812,31.5552506027892,10.5720892094404,22.8314402985569,3.70379112940104,45.1021451443921,13.7741599265429,61.5154380268337,49.9338761068673,4.75726549883443,225.561065925521,356.347867079684,0,0,100.156639161936,6.80931260671171,1.8569395072759,18.9416395658864,9.00989337264211,43.322917847773,157.543727338932,12.6341961508704,846.351275278578,14.3295728056821,32.7802677937615,153.976070896799,9.74432401510207,10.8467621125445,14.8478462069184,0,8.07608458345745,157.009123269066,16.4555974346647,8.17894889603969,9.445108948038,46.4288084745842,103.87323617982,91.5090744549424,1.91161335429392,117.542168905024,49.1256455939126,10.5472903882173,23.4018664730244,58.1738901007381,13.087485468621,82.6665250345751,24.428589741251,8.13716571554317,62.2697334641745,46.1022678470404,9.33656055282198,2.14045449291445,103.457016506149,34.7872733726698,6.70904966401753,7.45972839932843,8.70567635992768,3.59680618040592,66.2378339111045,24.2626711605737,148.542663936693,24.3189231598632,1.77182388719077,27.2049883547637,12.8632887660053,16.9380515897851,211.260426519674,19.3331534877194,30.2404956091614,0,32.2090879960242,60.5761256799152,6.50063965201253,2.12377054528721,115.278934868647,0,6.50610827890885,118.481354775866,"BC vs. CB","CB"
"LOC111118265",6304.6197888294,-1.74032723499297,0.850482311210676,8.68454980168278e-06,0.00636941691261483,1599.70365703376,2425.35141845044,1752.83337891159,8978.86628376434,882.136948891773,8235.90308408808,4682.21291304145,6426.15003397624,6288.50367177401,2144.61056583407,2453.28965601295,7481.72447105222,4143.44823340307,20676.5871894185,25188.0132169905,3529.50674560787,3908.07569539351,2981.21986647304,18230.6868342459,3794.58537762016,26905.2647117515,2541.4700835332,9544.43327833067,3740.13863203149,5935.47340656963,15396.8897869776,21150.2581668084,2502.79513682065,6392.49575844219,11298.7408787613,3867.50688930516,2282.25460868287,3104.80285616531,2154.89005414261,3648.00571665643,1976.39151221541,8008.34717343932,11851.9288391957,1946.06885589533,4165.69110621654,6651.32121202793,1612.47163133592,1420.72244140188,3304.38860071444,3544.18088959142,4761.48766629284,5725.94396967133,4539.3082082901,4534.5455680898,7112.95922325585,1618.26199976384,1092.69660875068,5292.91845689614,4541.25336158719,6624.69607930559,5336.8095680155,5818.11395983905,4146.84300430078,3857.05308323576,9538.57884685102,6533.92712020905,13767.7339875765,9249.38788610403,5257.62619795533,3755.64329955803,4164.57152884931,6523.92168628436,12940.1176369143,4755.85570775714,2876.69452461343,4082.93593838781,11764.6698428681,6875.74318907088,6015.6583367289,903.870441911947,2722.8108746866,2387.7678964152,3955.87816733774,6168.60486325468,7660.47130422888,10929.8375160996,2998.03513139196,6038.4437551666,10325.7452151553,4766.11811154391,2012.81278130954,5552.35124608386,6028.33410724623,8509.3373044844,5908.32965698902,2131.50750572127,24838.8886200383,3343.05530397933,1595.76239090017,"BC vs. CB","BC"
"LOC144620495",2954.60577761929,-3.16244736377515,0.568805314313979,8.01047446557928e-09,1.2141743163294e-05,596.819782317201,2976.79551937964,1008.94799371496,2631.11834209091,2200.13972967372,4850.87135778399,1352.5519964127,1623.04656445803,1392.29677785593,995.961537786133,1444.53568561289,1866.18737160818,1297.64455172097,3105.73332540434,1930.2988180398,1339.46934966725,1881.626343596,1697.22169313573,1761.13386080595,1475.82430089872,37263.8425529039,4333.38546919056,3373.60963123944,3435.4006159601,1934.10546787266,1829.76324248919,6283.32731664806,1766.06420928054,2685.01051612131,4663.71702777874,3333.33814710817,503.889132896666,4232.89360683542,742.066585345903,1496.64339912222,984.296693501404,1885.24814389794,5868.58411207931,769.802306431726,472.87590258751,2222.91190976445,2023.07448706072,238.735938370001,3669.30466892933,14317.0357050211,3135.25076893452,967.11112886903,628.036493076263,1932.50422373344,4961.89566359741,1727.40548094117,742.860935593348,1636.58054336649,1119.36857742359,4319.29037402712,2201.69323100251,740.159726948283,3570.25779641156,3228.39385207405,2825.31192922585,700.180472571225,7220.79570945947,1706.38223155553,1490.11847165884,4170.12621292894,1061.31262439541,6092.10576071634,13019.3144531521,5364.98528453314,1540.57924936109,1022.65085592953,6374.67699578975,2983.14509933522,840.753444669884,216.652915084238,682.050644847238,415.697753554178,4490.89447685473,1840.03910684762,4007.06807642041,3746.18548216123,2672.1470188045,2796.44725720118,4340.75327117128,1531.46509906396,610.215563164866,4510.51113052016,2644.1478859283,825.581235805591,1724.50168277321,1661.1694514572,958.403045552881,1060.49564946214,1918.11706785793,"BC vs. CB","BC"
"LOC111111873",2694.36401736873,3.6100633278437,3.37954937733444,3.47207052274254e-05,0.0140360118925988,11736.1966054401,10.026256380531,13288.2820980143,27.1159137648996,4.62457116063839,0,25.5322012875583,0,0,33.9305533915116,7746.22173870208,276.904436605875,19.9153848810165,49.1554914812197,5.30301873087858,4877.99271767377,6.43657814228961,14994.0032447587,13.2151115118005,11065.0292262926,8.33353004115235,6.44316359205601,16360.5233404423,9008.69930119124,55.4820845631859,9.51453099766885,270.226623534535,31.3502522357493,14.201037863883,24.0004151137151,73.0308827222446,10129.9873879181,9.28469753637951,52.3680623292154,9014.89886896024,14.7297920682428,621.883134232628,8.42279743391361,3.23446347240221,22.7587332796128,1.02438336855505,33.1476263736164,58.4659440906124,12468.3530483699,22.2717693103776,22.3281953870708,22.209232604508,7700.42522344062,4639.45000173579,24.5368466881191,12.593478597384,21.5947946393415,96.9483537678315,25.8813543912969,22.9393602515271,3.95099727411845,9.82512911878252,5.27364519410866,159.558180497894,19.391296700246,7007.25784465751,11.2727079592602,4193.57457224809,9914.11927867491,187.782164977901,13.4464947887201,19.8401911747467,16034.1446064221,1996.29814503191,10.6491653181642,27.7946343223583,7833.39297642206,70.2257893034166,3.59680618040592,23.4592328435162,5732.73002477333,7500.29600146019,36.4783847397948,30219.3423079823,7870.17642279686,39.579350049247,14.2279633354195,3716.58153194801,11.9681426352549,3993.90545580996,9.80265964923479,44.5971987637258,7050.05142704746,4193.84123835551,16.9901643622977,24.2085763224158,30.9518861308889,75.9045965872699,52.3025800361929,"BC vs. CB","CB"
"LOC111118721",92.2077929636372,1.63759187652565,1.90313422661098,0.0001481465472817,0.0296027735373412,16.998031774857,51.1339075407079,366.717444043292,2.62412068692577,172.26527573378,3.48732664110998,30.114904082761,0,210.72003531734,4.98978726345758,557.840945631234,41.3765250100733,14.6744941228543,138.529112356165,2.65150936543929,33.0609487950779,350.793508754784,21.7881492257354,20.2631709847608,28.3109859702106,2.77784334705078,12.886327184112,10.5955076358023,750.488343927372,5.54820845631859,7.13589824825164,20.0995009240563,391.878152946866,12.1723181690426,478.917374314588,12.5195798952419,41.9907610747222,30.6395018700524,27.8553523027741,4.0043970545076,375.176468561715,6.03038190771033,37.9025884526113,125.065920932885,27.8162295639712,45.0728682164221,12.8313392413999,277.713234430409,4.64861233394763,436.526678483401,3.72136589784513,14.1331480210505,43.0321300811513,9.25627355699891,191.523719982263,36.73097924237,38.8706303508147,45.0117356779218,42.5193679285591,7.64645341717569,15.8039890964738,11.4626506385796,52.7364519410866,70.2055994190733,8.72608351511071,6.54374273431051,11.2727079592602,551.90517563567,34.5829542910585,15.5674333660436,10.5651030482801,347.786880592619,7.49159072520056,326.206307146938,26.9778854726827,16.2934063268997,17.6320853075036,66.7435187594456,8.9920154510148,24.8391877166642,22.9147449849863,305.953546615875,9.11959618494869,110.738992949423,349.130683886134,32.6529637906288,6.77522063591404,39.0481357074279,48.7931968975775,41.0406726124334,22.0559842107783,4.95524430708064,50.4801047332626,3.71465122972145,10.6188527264361,23.0557869737293,6.63254702804762,288.437467031626,0,"BC vs. CB","CB"
"LOC144621265",31.2423310727181,-3.40232171028219,2.8052011027599,3.40664781254018e-05,0.0140360118925988,19.8310370706665,1.0026256380531,9.50045191822,86.5959826685504,1.1561427901596,145.305276712916,0,0,6.6194775492358,36.9244257495861,87.7615954248054,21.2187307743965,14.6744941228543,0,17.2348108753554,98.1809994520497,51.4926251383169,22.539464716278,46.6933940083619,75.8003817912089,47.2233368998633,0,86.8831626135785,243.222578044558,112.073810817636,73.1429570445793,102.730782500732,1.04500840785831,0,84.001452898003,8.34638659682796,0,23.2117438409488,2.22842818422193,0,0,33.9208982308706,128.447660867183,1.07815449080074,0,0,54.5331917759496,1.94886480302041,62.756266508293,23.7565539310695,21.3978539126095,13.1236374481184,33.7278857392808,17.4840722743313,9.54210704537964,40.928805441498,0,0,0,0,143.223651186794,0,12.3051721195869,15.9558180497894,2.9086945050369,121.059240584745,37.5756931975341,13.5714387451394,8.13716571554317,1.94592917075545,0,12.8377707601302,32.1068173937167,78.1206043005613,2.12983306363284,5.75061399772931,12.2068282898102,0,81.8273406042347,12.4195938583321,6.73963087793714,3.32558202843343,0,0,32.8726942620062,39.579350049247,5.42017650873124,0,47.8725705410195,10.8001770032719,23.6897608189841,34.6867101495645,0,52.0051172161002,6.37131163586163,0,27.6356126168651,82.4107048661788,0,"BC vs. CB","BC"
"LOC111114825",174.545241787293,-2.67536818384781,2.06775241988809,4.59896539975985e-05,0.0160864734352215,6.61034569022216,78.2047997681415,29.451400946482,44.6100516777381,68.2124246194163,30.2234975562865,14.4027802134944,0,65.091529234152,69.8570216884061,15.1313095560009,22.2796673131164,8.3854252130596,344.088440368538,29.1666030198322,55.1015813251299,18.2369714031539,93.1631208272824,22.9061932871209,15.5253794030187,1630.59404471881,16.465862513032,14.8337106901232,461.838980878383,35.508534120439,19.0290619953377,55.8319470112676,1.04500840785831,87.2349468781384,537.827484139162,13.5628782198454,22.697708689039,9.28469753637951,35.6548509475509,8.00879410901521,9.53104192651007,27.8905163231603,104.232118244681,17.2504718528118,13.4866567582891,33.8046511623166,2443.30084721657,24.3608100377552,1451.14181691399,449.889740069628,59.541854365522,9.08559515638963,20.9345497692088,34.9681445486625,54.5263259735979,26.23641374455,2.15947946393415,15.0039118926406,36.9733634161384,15.2929068343514,50.3752152450103,6.55008607918834,21.0945807764347,7.44604842323505,21.3304263702706,21.812475781035,8.7676617460913,27.1428774902789,96.6288428720751,23.3511500490654,21.1302060965602,30.3438217966714,34.2472718866311,11.6125222608942,56.7955483635425,433.212921162275,156.654296385897,429.480033756432,2569.91801590003,24.8391877166642,17.5230402826366,23.279074199034,523.870136402052,482.822009259486,284.518836543571,106.864245132967,33.8761031795702,25.0308562227102,12.8887689918129,42.1206903127606,36.7599736846305,8.67167753739113,24.2304502719661,1831.32305625267,29.7327876340209,3.4583680460594,5.52712252337301,20.6026762165447,11.741395518329,"BC vs. CB","BC"
"LOC111111216",234.731306990287,-1.59321736194725,0.842700697207718,1.06921173053548e-05,0.00736654481983477,135.039919100253,236.619650580531,185.25881240529,188.061982563014,30.0597125441496,218.539136176226,860.238781842347,119.6906557388,55.1623129102983,254.479150436337,165.43565114561,255.685705831478,670.834017044768,212.262349577994,188.25716494619,288.531916757044,151.259586343806,205.860444408672,228.180925437089,105.024625373362,320.37793269319,100.22698920976,182.242731335799,306.63079877991,274.081497742138,192.669252702794,205.461565001465,77.3306221815149,365.169545071277,249.82250277458,227.439034763562,68.0931260671171,219.118861858557,109.192981026875,14.0153896907766,71.0495852703478,191.464625569803,153.716053168923,111.049912552476,177.855285999937,101.41395348695,148.629679546216,287.457558445511,227.782004363434,293.987354896985,374.927614207897,152.436096512759,61.6406187648924,47.3098426246611,227.647410939771,90.253263281252,234.303521836855,143.114236514418,241.251196290303,110.873574549047,330.89602170742,76.963511430463,867.514634430875,191.469816597473,100.834742841279,78.5249128117262,285.575268301259,171.904890771766,134.263234306462,131.350219025993,157.516081810721,332.614969694283,323.208628430081,163.630995494419,327.994291799458,556.851122113455,255.665236958802,155.541417630708,186.134719836006,488.504025094396,616.002262243454,432.325663696345,195.5646737439,532.433078100828,495.357496292989,257.265775320106,120.59892731927,432.533195528432,177.680886815707,225.723699368383,83.3226070184957,222.985993818629,281.678984411606,138.370758307124,93.4459039926373,373.503748974415,550.501403327952,236.388600800355,167.581736034332,"BC vs. CB","BC"
