"Gene","baseMean","log2FoldChange","lfcSE","pvalue","padj","B1_B1_O01","B1_W5_O50","B2_B5_O51","B2_C4_O40","B3_B4_O41","B3_C3_O30","B3_C6_O66","B3_H4_O41","B3_W1_O06","B3_W4_O41","B4_B2_O19","B4_B3_O32","B4_C5_O56","B4_H5_O55","B4_W2_O19","B4_W6_O67","B5_B6_O69","B5_H2_O21","B5_W3_O33","B6_C2_O24","B6_H3_O35","B6_H6_O72","C_W5_W52","C1_C4_W37","C1_H2_W13","C1_H6_W62","C2_B2_W16","C2_C1_W03","C2_H1_W04","C2_W2_W15","C3_B3_W30","C3_C2_W17","C3_W3_W29","C4_B1_W07","C4_B5_W56","C4_C6_W67","C4_H5_W56","C5_B4_W46","C5_C3_W33","C5_W1_W09","C5_W4_W45","C6_B6_W71","C6_C5_W59","C6_H3_W36","C6_H4_W48","C6_W6_W72","H1_B2_B13","H1_B6_B61","H1_C6_B62","H1_W4_B38","H1_W5_B49","H2_B5_B51","H2_C1_B04","H2_H1_B03","H2_W2_B16","H3_B4_B41","H3_C5_B54","H3_H4_B41","H3_H6_B66","H3_W3_B30","H3_W6_B66","H4_H2_B19","H4_W1_B07","H5_B1_B09","H5_B3_B34","H5_C2_B22","H5_C4_B46","H6_C3_B36","H6_H3_B35","W1_C1_G02","W1_C6_G61","W1_H5_G49","W1_W1_G01","W1_W6_G62","W2_B2_G04","W2_B6_G64","W2_C2_G15","W3_B5_G54","W3_C3_G29","W3_H2_G18","W3_H3_G30","W4_C5_G55","W4_H1_G08","W4_W5_G56","W5_B2_G21","W5_C4_G45","W5_H4_G46","W5_W2_G22","W6_B3_G35","W6_B4_G48","W6_H6_G71","W6_W3_G36","W6_W4_G48","pair","DEG_group"
"LOC144622046",14.8241599356916,20.7416508140758,3.23832942002374,6.17394371250401e-11,7.63716837236746e-08,0,0,0,0,0,0,0,0,0,0,22.1925873488014,6.36561923231896,0,0,27.0498671959729,0,78.1368110164304,0,291.329178209586,0,10.022698920976,188.60003591728,102.21026625997,1.10964169126372,0,0,0,0,0,0,28.3721358612988,0,0,105.115422680825,0,0,0,0,0,0,0,0,0,0,0,0,68.6188020212954,10.2847483966655,0,0,0,0,0,1.91161335429392,0,0,0,0,0,18.5406044138798,0,83.2381576368552,103.748862873175,11.6755750245327,0,0,62.0731802945189,13.7238899446932,0,0,66.4593984667442,3.48227054397107,0,0,26.9585235117486,0,0,0,13.6024941773819,0.989483751231176,0,4.00493699563363,0,18.3603009055623,0,0,5.04801047332626,0,0,0,0,5.42175689909071,0,"CH vs. CW","CW"
"LOC111103131",204.757583605844,-1.4490149230875,1.31128053954179,0.000170278997466893,0.0362158979974303,233.250769354982,43.1129024362831,133.00632685508,30.6147413474673,101.740565534045,606.794835553137,132.89838106088,83.5770958176101,110.324625820597,496.982811440375,243.109706866415,215.370117360125,232.695549662404,352.650745603426,517.954864456221,34.3284167588779,92.4118053367398,451.075806269458,16.438637014961,87.0390915409245,400.907956839041,151.515759191972,29.3381319820284,183.090879058514,35.6794912412582,626.434445466423,170.336370480904,34.4882348122873,487.644797992303,55.2948112039852,171.367700602245,39.9241994064319,82.4518428162115,70.0769484538831,440.160845333374,261.567815246936,806.482854297228,420.480251412287,139.081147819856,221.26680760789,23.5241219425665,158.832481446164,92.197477956628,507.79634027661,46.5170737230641,2.01902114586436,209.345497692088,22.626446472664,24.5368466881191,87.104893631906,376.829166456509,403.951474032631,23.1083521350865,588.776913122528,96.7994332159021,106.438898786811,84.3783231057386,43.612569336091,58.1738901007381,420.980782573976,93.9392329938353,68.7619563087065,241.063534322966,186.809200392524,233.392730975642,96.866815735528,104.882270152808,117.180906450842,178.905977345159,356.538067859217,106.470668972233,50.4929228875806,75.5329297885243,28.9790523361082,258.801825712786,143.000027222637,701.195617776055,142.631822918857,524.82956701065,147.433078933445,19.6481398441507,395.487528318821,342.473004639601,130.68214173959,257.319815792413,343.150668265335,91.873790614538,229.379713435299,194.32500489378,396.559535948144,273.039852654627,40.1210010532713,50.1677808510422,"CH vs. CW","CH"
"LOC144619421",142.17570470691,-23.2965984182449,3.61491114536585,3.77930513520708e-11,4.90875047486372e-08,0,0,0,338.511568613424,0,0,0,0,0,851.257707145864,0,1.06093653871983,475.872880841132,0,0,644.730577252676,0.7513154905426,445.789761664738,0,0,636.441381481977,0,0,301.822540023731,0,8.93311152180282,892.437180310996,0,226.913015620579,0,0,0,0,0,0,4.52278643078275,4.21139871695681,796.756168701745,0,0,0,0,527.617499903056,0,456.797663960489,0,0,0,0,0,728.824319077776,635.935034834228,0,0,0,311.129088761446,0,0,0,0,951.917561004198,0,564.515871515807,11.6755750245327,0,0,0,2.11136768379895,0,0,0,0,0,0,0,1811.33367815341,0,0,0,0,0,0,0,0,722.946149131066,0,0,0,561.737309228467,0,0,305.787089108716,0,"CH vs. CW","CH"
"LOC111102392",22.3216697748153,1.96963030718604,1.77774864829497,0.000172938315502198,0.0362291824338758,1.88867019720633,80.2100510442476,4.75022595911,13.1206034346288,8.09299953111719,26.7361709151765,58.9204645097498,101.117967779331,8.82597006564773,13.9714043376812,37.3238969048023,11.6703019259181,6.2890689097947,2.65150936543929,2.00369386636836,8.58210418971948,34.5605125649596,6.16705203884025,0,5.55568669410156,10.022698920976,1.05955076358023,9.46391354258981,12.2060586039009,6.54124006089734,11.1663894022535,4.18003363143324,32.4595151174469,7.63649571800027,247.261702931028,2.2697708689039,17.6409253191211,129.248834684872,4.0043970545076,25.1272923517084,15.0759547692758,2.1056993584784,10.7815449080074,9.27207652132373,7.17068357988534,58.8103048564163,8.76989161359186,4.64861233394763,2.96956924138368,6.51239032122897,9.08559515638963,9.30424434187056,12.3416980759985,8.86052797070966,43.027718541062,0,26.5453825792872,1.84866817080692,3.82322670858784,55.3139618376583,22.9253012771592,11.4262312539021,5.31860601659647,9.69564835012302,43.6249515620701,17.5353234921826,2.71428774902789,0,13.6215041952882,4.80231956740004,4.66828027641099,4.28090898582889,35.8932506245822,7.8093878999871,9.58435666288218,2.7126285088467,10.4468116319132,31.4720540785518,4.13986461944403,31.0023020385108,6.65116405686685,0,2.65773583078616,6.80124708869093,26.7160612832418,8.80778682668826,2.00246849781681,11.9681426352549,143.642354143517,5.7182181287203,9.91048861416129,9.08641885198728,1.85732561486072,0,62.2506248290691,0,4.33740551927257,250.838904255211,"CH vs. CW","CW"
"LOC144623974",81.8116045099637,12.3177748762092,9.50853538375648,4.75110556960458e-05,0.0141861459059331,0,0,0.950045191822,0,0,0,0,0,0,998.955410144208,0,0,984.23928438287,1.32575468271965,0,0,0,1291.55689841997,0,242.598318975768,0,24.3696675623452,0,0,0,0,0,0,0,26.0824581150874,12.4837397789715,0,0,0,0,0,0,0,0,0,0,0,220.809085862512,0,0,0,0,0,7.49736982136972,0,0,0,0,0,0,0,0,0,0,22.9030995700868,1286.34123046225,0,0,0,0,33.8450320039797,0,0,0,0,0,0,347.091796409171,22.7692554069422,0,0,0,0,0,303.771511627971,0,15.0185137336261,0,0,0,0,66.6337382479067,0,1656.54102532402,0,0,0,42.6959837030146,"CH vs. CW","CW"
"LOC111104604",174.192462980199,22.8422378494244,4.38973035232005,4.20368782305597e-08,2.87366312051381e-05,0,0,167.207953760672,0,0,0,0,391.058263146595,0,978.996261090378,0,0,0,1092.42185856099,0,0,0,0,1308.69815791328,0,445.294194917649,0,0,2103.88064663601,0,0,0,1075.22143826543,0,375.587396857258,0,0,0,0,0,0,0,181.129954454524,0,0,0,544.707712444206,0,0,0,281.653449848079,0,0,0,0,250.499617816361,213.517207702962,1191.46663608506,0,0,0,0,0,0,0,405.817486533369,0,665.213297245654,1.94592917075545,0,284.76509686107,0,0,653.858750535283,975.687508281406,0,0,0,617.529805733734,0,0,0,0,0,3.9579350049247,614.512511677404,0,0,0,0,0,1185.27285913701,0,0,0,0,0,189.997127478415,"CH vs. CW","CW"
"LOC111104612",5090.23893442806,-26.8416872576231,3.25656535243715,3.8505463017329e-17,1.00025641280116e-13,0,0,1998.89508359349,0,0,12520.6650837985,13.0934365577222,0,0,7073.52242467747,0,16475.2835097802,0,0,7046.99132801752,0,2.2539464716278,0,0,12788.2648220394,4.29544239470401,6815.03051134801,0,248.559738843073,0,1449.39734441251,0,38608.5645125082,0,0,15916.7682181886,5996.98613874753,0,6.00659558176141,0,63865.5133913447,9318.77251094617,0,0,0,0,238.735938370001,0,0,392.604102222661,0,0,10.2847483966655,1400.6449984468,4193.62837292887,0,0,0,64381.226159265,1095.41399424934,0,12883.5152092075,1561.54272647272,0,0,0,0,2789.01354900242,0,0,2038.8714107225,25.6854539149734,0,149.798258808843,35311.6452530568,0,0,20545.8561040237,0,0,2667.11678680361,10.132884649943,5875.36800992461,0,874.70363608836,1095.5531768273,0,9584.64099812603,0,0,41975.8745252801,185.766785418407,39.9325007195055,25617.982202527,37876.0468404425,35.3735841495873,0,386.398652512283,"CH vs. CW","CH"
"LOC111104336",90.2221174807931,2.06451021799319,1.85601146040156,0.000168638981698629,0.0362044200626884,52.8827655217773,47.1234049884955,262.212472942872,34.113568930035,10.4052851114364,9.29953770962662,3.92803096731665,314.703879313223,16.5486938730895,22.9530214119049,63.5515001352039,0,83.854252130596,15.9090561926357,3.00554079955254,55.7836772331766,19.5342027541076,5.28604460472022,27.3977283582683,11.1113733882031,5.72725652627201,3548.43550723018,57.7298726097978,99.8677522137347,2.37863274941721,7.81647258157747,24.0351933807411,21.3015567958245,3.27278387914297,820.032483138347,15.8883960823273,12.0701067972934,28.9695663948851,15.0164889544035,36.3912509921294,67.0879987232774,5.26424839619601,6.46892694480442,63.21870355448,41.999718110757,0,6.82102681057145,50.3599669510993,17.0750231379562,31.6316101316836,13.1236374481184,13.9563665128058,61.7084903799927,7.49736982136972,7.346195848474,11.8771370516378,80.7902948065263,1.84866817080692,1.91161335429392,6.91424522970729,24.5628227969563,1.75788173136955,44.6762905394103,14.5434725251845,63.2561797650016,8.7676617460913,19.9047768262045,3.05143714332869,14.5944687806659,33.6162369718003,24.5084714511577,43.8793171047461,81.2876558262597,4.25966612726569,33.5452483200876,141.73483958724,56.8770855515275,1.79840309020296,200.093456606461,370.679698286543,16.6279101421671,20.265769299886,103.65169740066,53.276435528079,15.8317400196988,4.74265444513983,29.0357932183438,143.617711623058,8.64014160261755,18.7884309943667,102.821319371923,11.1056230413178,30.6458726452019,6.37131163586163,41.5004165527128,97.277356411365,221.207681482901,22.4153914440827,"CH vs. CW","CW"
"LOC111105472",129.410991918436,5.04047462508293,2.39406776328747,1.72000316771591e-05,0.00638293175539374,1.88867019720633,5.01312819026548,27.551310562838,53.3571206341573,3.46842837047879,9.29953770962662,5.89204645097498,2.06363199549655,0,47.9019577291928,19.1663254376012,0,17.8190285777516,30.4923577025518,9.01662239865762,1386.0098266397,82.644703959686,4.40503717060018,42.923107761287,0,354.373997563081,1426.15532777898,945.444962904722,8.87713353010975,8.32521462296025,0,0,0,4.3637118388573,1248.82809455038,38.5861047713663,0,0,4.0043970545076,256.471673658816,5.27658416924654,8.42279743391361,288.945403534597,0,6.14630021133029,11.7620609712833,25.3352424392654,12.3962995571937,1.48478462069184,0,8.07608458345745,2.32606108546764,2.05694967933309,206.518459625002,7.346195848474,184.63549416637,345.089973530734,478.805056238992,1.91161335429392,0,32.7504303959417,2.63682259705433,0,1349.63425033712,5.45311894525876,0,161.952502358664,7.12002000110027,14.5944687806659,0,22.1743313129522,1.07022724645722,6.33410305139686,20.5883862817842,2.87530699886466,2.7126285088467,2.32151369598072,15.2864262667252,198.713501733313,9.43548322911199,2.21705468562228,0,6.20138360516771,29.4720707176607,93.0114726157306,0.677522063591404,19.0234507292597,0,42.1206903127606,8.16888304102899,8.67167753739113,10.0960209466525,2.78598842229108,4.24754109057442,4.61115739474586,3.31627351402381,1268.69111438723,1035.37760479811,"CH vs. CW","CW"
"LOC144620764",52.0772410143644,-15.338100043783,9.8025040194275,2.77684365005336e-05,0.00924795737146617,0,0,0,0,0,392.905468231725,346.321396951752,0,0,0,0,0,0,0,387.714763142278,0,1.5026309810852,0,0,384.268329675358,0,0,0,0,0,0,0,330.68131025899,0,0,0,49.2088969428114,0,0,0,76.8873693233067,325.330550884913,2.15630898160147,0,0,0,0,0,0,0,0,0,0,468.244824298272,0,0,0,0,0,0,0,419.254792931639,36.166520912856,0,0,0,0,0,0,0,0,0,0,0,0,300.423607354772,0,0,0,246.670490132499,0,0,0,0,0,0,0,326.822356578114,0,378.219284799642,370.404511954278,0,0,0,0,0,0,0,"CH vs. CW","CH"
"LOC144619911",264.44521794866,-2.8887987366874,3.40735517581964,0.000177799132120542,0.0369495044407626,0,20.0525127610619,8.550406726398,6.12294826949346,1.1561427901596,2148.19321092375,1578.41377703341,1.03181599774827,1.10324625820597,0,4.03501588160025,5.30468269359914,0,3.97726404815894,1745.21735760684,0,0,1.76201486824007,0.913257611942276,1473.18292171926,3.57953532892001,4.2382030543209,1.89278270851796,0,2.37863274941721,0,2.09001681571662,2099.72488415984,0,2.08659664920699,1.13488543445195,866.262280144209,3.3426422763329,3.0032977908807,0,1356.83592923482,2020.41853446003,1.07815449080074,0,1.02438336855505,3.20783481034998,0,3.09907488929842,0,4.65170737230641,0,0,0,1175.72390380571,2.098913099564,1.07973973196708,0,1.84866817080692,0,2.96324795558884,3.27504303959417,1270.0695509145,1125.41703311181,0.969564835012302,2.18124757810351,3.75756931975341,0.904762583009296,4.06858285777158,0,0.960463913480007,0,2.14045449291445,2.11136768379895,2.83977741817713,0,1637.07130508898,4.06264896796625,0.89920154510148,0.689977436574005,811.451557703631,2.21705468562228,1.0132884649943,0,0,14.8422562684676,0.677522063591404,1.00123424890841,1680.14310071847,0,2415.53871523227,1028.21319371923,1.00960209466525,0.928662807430361,0,2.30557869737293,5.52712252337301,4.33740551927257,0,"CH vs. CW","CH"
"LOC111104577",131.511796328746,4.4067757781882,2.45531615224583,3.07287782068864e-05,0.00997801839350359,8.4990158874285,6.01575382831857,11.400542301864,4.37353447820962,0,2.32488442740666,2552.56545692794,40.2408239121826,0,4.98978726345758,11.0962936744007,16.9749846195172,3.14453445489735,0,5.0092346659209,9.65486721343441,15.7776253013946,14.0961189459206,6.39280328359593,226.857206675814,1.431814131568,13.7741599265429,10.4103048968488,57.7013679457134,12.4878219344404,33.4991682067606,0,4.05743938968086,3.27278387914297,10.4329832460349,1.13488543445195,66.8498222619325,0,3.0032977908807,1.73291671391092,4.52278643078275,3.1585490377176,10.7815449080074,20.2299851374336,4276.80056371733,14.9698957816332,164.679075855225,3.87384361162303,0,6.51239032122897,12.1141268751862,4.65212217093528,6.17084903799927,3.40789537334987,4.197826199128,0,43.8575886092571,6.47033859782421,0.955806677146961,26.6692316002996,0,0,34.0390785062174,12.6043428551599,2.18124757810351,7.51513863950682,0,5.08572857221448,3.89185834151091,0,0,4.28090898582889,0,14.9088314454299,1.91687133257644,14.2412996714452,5.22340581595661,196.025936832123,0,13.4792617558743,100.875988195814,4.0531538599772,5.31547166157232,1.13354118144849,60.3585088251017,4.06513238154843,523.645512179097,5.5237581393484,6.48010620196316,3354.1433766465,0,8.07681675732202,0,12.7426232717233,11.5278934868647,0,17.3496220770903,26.6849898143842,"CH vs. CW","CW"
"LOC111103088",14.4386266829956,1.9200448102653,1.39200450120155,9.97462972716538e-05,0.0242159772357547,2.8330052958095,10.026256380531,8.550406726398,6.12294826949346,16.1859990622344,5.81221106851664,11.78409290195,4.12726399099309,2.20649251641193,2.99387235807455,16.140063526401,14.8531115420776,6.2890689097947,13.2575468271965,6.01108159910508,4.29105209485974,3.0052619621704,0.881007434120036,26.484470746326,18.5189556470052,8.59088478940801,7.41685534506158,0,3.32892507379116,6.54124006089734,26.7993345654085,3.13502522357493,8.11487877936172,2.18185591942865,3.12989497381048,17.0232815167793,11.1416370436554,445.685636844386,5.0054963181345,3.46583342782184,2.26139321539137,12.6341961508704,9.70339041720663,8.42916047393067,16.3901338968808,11.7620609712833,10.7187564166123,14.7206057241675,8.16631541380513,9.30341474461282,15.1426585939827,9.30424434187056,16.4555974346647,2.04473722400992,15.74184824673,6.47843839180245,5.77073534332331,2.77300225621038,16.2487135114983,12.840741140885,3.27504303959417,11.4262312539021,67.0144358091155,7.75651868009841,8.72499031241402,6.26261553292235,21.7143019922231,19.325768574415,13.6215041952882,9.60463913480007,1.16707006910275,6.42136347874334,11.6125222608942,9.93922096361994,2.87530699886466,6.78157127211675,6.38416266394697,20.681635537334,4.13986461944403,2.69585235117486,22.1705468562228,5.06644232497149,0.885911943595387,2.26708236289698,17.8107075221612,10.8403530174625,3.00370274672522,9.20626356558067,10.8001770032719,27.7742023394986,2.47762215354032,7.06721466265677,12.0726164965947,16.9901643622977,1.15278934868647,3.31627351402381,2.16870275963628,7.47179714802756,"CH vs. CW","CW"
"LOC144620836",28.2178335178896,20.0306854991378,6.83760620636774,4.18567960438906e-06,0.00190756840496868,107.654201240761,0,0,0,0,0,62.8484954770665,0,60.6785442013281,0,0,0,0,0,0,0,0,78.4096616366832,0,0,0,0,0,0,0,0,0,279.963317887979,0,0,0,243.259075453143,258.497669369744,0,107.440836262477,65.5804032463498,0,19.4067808344133,0,0,0,0,0,0,0,0,41.8690995384175,0,0,0,113.372671856543,0,0,0,0,0,0,219.126567883774,0,0,113.979602699187,0,0,0,0,0,194.781358855215,0,0,0,173.608224566189,79.5118440873395,0,0,0,162.953519393238,0,0,0,0,0,0,0,0,60.4497345036146,97.8660750648427,0,0,0,83.0008331054255,0,0,0,"CH vs. CW","CW"
"LOC144625490",219.257044390423,6.84164383524984,2.4528309740623,4.48369003422159e-06,0.00200815200032714,18.8867019720633,0,46.552214399278,1.74941379128385,8.09299953111719,2.32488442740666,3.92803096731665,0,4.41298503282386,0,1.00875397040006,2.12187307743965,1.04817815163245,5.30301873087858,11.020316265026,2940.44344800264,2.2539464716278,2.64302230236011,10.045833731365,0.925947782350261,4.29544239470401,3254.93994571845,2107.61354593475,14.4253419864283,6.54124006089734,3.34991682067606,8.36006726286648,7.1005189319415,1.09092795971432,3023.47854470093,0,2.78540926091385,2.22842818422193,1.0010992636269,1.73291671391092,4.52278643078275,5.26424839619601,0,0.842916047393067,9.21945031699543,2.13855654023332,648.971979405798,12.3962995571937,0,2.79102442338385,1.00951057293218,1.16303054273382,2.05694967933309,2.04473722400992,2.098913099564,0,0,5.54600451242075,7.64645341717569,4.93874659264807,0,9.66834952253255,0,2583.89028530778,0,0,0.904762583009296,4.06858285777158,11.6755750245327,1.92092782696001,12.8377707601302,2.14045449291445,0,2.83977741817713,1.91687133257644,0.678157127211675,2.32151369598072,0.89920154510148,8.96970667546206,5.39170470234971,1.10852734281114,2.0265769299886,647.601630768228,1.13354118144849,1.97896750246235,1.35504412718281,2.00246849781681,0,2.16003540065439,3.2675532164116,0,20.1920418933051,1.85732561486072,1.06188527264361,0,589.191260991563,2255.45087002174,1996.03723811593,"CH vs. CW","CW"
"LOC111101702",21.9692779920791,21.8914932472062,3.84454569847678,4.17044596545268e-09,3.61118916148548e-06,0,0,0,0,0,0,26.8415449433305,145.486055682507,0,107.779404890684,0,44.5593346262327,0,0,0,164.132742628385,0,0,0,0.925947782350261,0,193.897789735181,76.6576996949774,0,0,0,0,40.5743938968086,0,133.542185549247,20.4279378201351,0,0,0,0,177.896266277455,0,0,0,0,0,38.9772960604083,0,0,0,0,0,0,89.2868587817666,0,0,0,0,0,0,0,0,0,247.239032928137,0,7.51513863950682,0,0,0,0,0,0,0,0,0,0,0,0,0,8.08755705352457,0,0,0,0,0,0,0,0,0,41.6613035092479,4.95524430708064,160.526733051775,0,0,57.6394674343233,54.1658007290555,117.109949020359,83.2571682208786,"CH vs. CW","CW"
"LOC144627192",2137.32348257506,25.8201454785031,5.22362168455848,8.40334741059087e-08,5.32423794353461e-05,0,36274.995584761,14477.7386781755,0,0,0,0,0,0,0,0,20524.8782780738,0,0,0,0,0,0,0,0,0,7.41685534506158,12170.5928157705,0,0,0,0,0,0,4854.46710438006,3.40465630335585,9881.70358796872,0,0,0,0,0,0,0,0,0,0,0,0,0,0,0,0,0,0,0,0,0,0,0,0,6.15258605979344,15096.3313175074,0,12739.5764799135,0,0,6916.59085821169,0,0,8938.58965925794,0,4.22273536759791,3448.19973002158,0,7233.22391883973,0,2783.92798363418,0,5508.97427962582,0,0,0.885911943595387,10352.631610169,0,0,16375.186140897,0,0,0,0,0,0,2.12377054528721,0,0,0,11169.2693367086,"CH vs. CW","CW"
"LOC144620391",11.8046010293,-21.5265041176552,2.95235119467801,1.21295963523853e-13,2.25064660318509e-10,0,0,0,149.574879154769,1.1561427901596,0,0,0,0,9.97957452691517,219.908365547214,13.7921750033578,1.04817815163245,0,0,95.4759091106292,0,11.4530966435605,32.8772740299219,1.85189556470052,0,1.05955076358023,0,46.6049510330762,0,0,0,0,117.820219649147,0,0,0,0,2.0021985272538,0,0,0,0,0,0,0,0,0,0,70.7059520590574,0,1.16303054273382,0,0,1.049456549782,0,0,0,12.4254868029105,0,0,0,0,0,0,1.25252310658447,0,0,0,0,0,59.9327258016045,0,0,0,0,0,0.89920154510148,0,6.73963087793714,1.10852734281114,0,17.7182388719077,1.13354118144849,0,16.2605295261937,0,0,0,44.1119684215566,0,4.03840837866101,86.3656410910236,5.30942636321803,0,63.0091967664524,0,0,"CH vs. CW","CH"
"LOC111126273",165.278032824053,-2.15325770317116,2.44521737021635,0.000240712789628443,0.0470150085426922,4.72167549301583,1.0026256380531,32.301536521948,30.6147413474673,50.8702827670223,6.97465328221997,1.30934365577222,0,0,3.99182981076607,4.03501588160025,485.908934733681,6.2890689097947,2.65150936543929,2.00369386636836,2.14552604742987,20.2855182446502,7.04805947296029,10.045833731365,1.85189556470052,1.431814131568,23.310116798765,16.0886530224027,480.47485231719,13.0824801217947,4775.86474734383,2.09001681571662,11.1579583216224,10.9092795971432,77.2040760206586,5.67442717225976,1.8569395072759,5.57107046055483,4.0043970545076,7.79812521259915,18.8449434615948,0,6.46892694480442,0,0,6.41566962069995,2.92329720453062,32.5402863376334,1.48478462069184,0,16.1521691669149,46.5212217093528,21.5979716329974,6.13421167202977,14.692391696948,10.7973973196708,20.7746472359639,0,0,0,85.1511190294485,5.27364519410866,0,3.87825934004921,4.36249515620701,11.2727079592602,14.4762013281487,23.3943514321866,1799.98448294879,19.2092782696001,14.004840829233,2.14045449291445,65.4523981977676,9.93922096361994,0,27.8044422156787,9.28605478392286,94.4161622356554,25.5291651532382,10.7834094046994,157.410882679182,0,4544.72827064434,15.8695765402788,5.93690250738706,12.8729192082367,1790.20683704823,0,25.9204248078526,0,9.91048861416129,52.4993089225932,35.2891866823537,2.12377054528721,36.8892591579669,15.4759430654444,44.4584065725438,78.9875698505771,"CH vs. CW","CH"
"LOC111123584",55.7332548216826,2.26233502167322,1.12598785610015,3.55417853334545e-05,0.0112593775317945,56.66010591619,32.0840204176991,70.303344194828,58.6053620080089,12.7175706917556,26.7361709151765,50.4097307472304,0,23.1681714223253,21.9550639592134,47.4114366088029,102.910844255823,19.9153848810165,3.97726404815894,90.1662239865762,36.4739428063078,69.8723406204618,21.1441784188809,90.4125035822853,25.000590123457,8.59088478940801,73.1090026870356,1097.81397094042,61.0302930195045,32.7062003044867,32.3825292665352,43.890353130049,64.9190302348937,70.9103173814311,138.758677172265,49.9349591158858,26.9256228555006,56.8249186976592,84.0923381446597,57.1862515590604,13.5683592923482,28.4269413394584,52.8295700492361,20.2299851374336,51.2191684277524,63.0874179368829,32.1562692498368,106.143314958471,23.7565539310695,20.4675124381482,40.3804229172873,47.6842522520866,42.1674684263283,12.2684233440595,52.4728274891,76.6615209696623,5.77073534332331,5.54600451242075,1.91161335429392,37.5344741041253,26.2003443167534,15.820935582326,61.695829792519,32.9652043904183,9.81561410146577,12.5252310658447,53.3809923975484,61.0287428665738,20.4322562929323,82.5998965592806,18.673121105644,83.4777252236634,66.508082039667,35.4972177272141,56.5477043110049,67.1375555939559,53.3948150075564,26.9760463530444,5.51981949259204,76.8317920084834,17.7364374849783,14.1860385099202,69.1011316004402,53.276435528079,13.8527725172365,41.3288458790757,29.0357932183438,12.8887689918129,113.401858534355,12.2533245615435,30.970276919254,132.257874401148,60.3630824829735,29.7327876340209,47.2643632961451,35.3735841495873,62.8923800294522,46.9655820733161,"CH vs. CW","CW"
"LOC111125415",74.0279025038003,18.3020185099442,3.90012101347476,2.65737847651912e-07,0.000146873873796888,139.761594593269,0,313.51491330126,0,0,0,0,0,0,0,52.4552064608032,0,0,0,246.454345563308,0,239.669641483089,0,757.090560300147,0,0,255.351734022834,67.1937861523876,1.10964169126372,0,0,0,0,0,0,175.907242340052,0,0,311.341870987966,0,70.8569874155964,0,0,0,0,0,0,397.456354552522,0,0,0,289.594605140721,12.3416980759985,0,0,0,2.30829413732932,0,0,0,0,0,0,0,83.9780317569849,0,63.3333808106507,82.3888028698746,0,0,0,225.817949002474,209.025400696096,0,0,294.998350337079,0,0,0,155.011510192554,412.372171525745,0,1364.3043931369,95.217459241673,0,0,352.434455615759,0,104.761716931738,0,0,56.5377173012542,52.0051172161002,0,0,0,0,0,"CH vs. CW","CW"
"LOC111125416",63.9291073204084,19.9874655965905,3.59719451400498,9.88961041035046e-09,7.55595322440217e-06,137.872924396062,0,353.416811357784,0,0,0,0,0,0,0,49.4289445496031,0,0,0,237.437723164651,0,81.8933884691434,0,233.793948657223,0,0,380.378724125301,70.0329602151646,2.21928338252744,0,0,0,0,0,0,129.376939527522,0,0,260.285808542994,0,6.03038190771033,0,0,0,0,0,0,326.952400820983,0,0,0,167.47639815367,8.22779871733236,0,0,0,0,0,0,0,0,0,0,0,42.5343277730183,0,0,17.2914771455292,0,0,0,61.0029530480617,222.74929064079,0,0,149.194567986569,113.754171103055,0,0,207.580631040464,66.5116405686685,0,1894.07973540694,31.7391530805577,0,0,560.691179388708,0,127.442088638609,0,0,2.01920418933051,1.85732561486072,0,0,0,0,2.13479918515073,"CH vs. CW","CW"
"LOC111123578",63.0757357228676,14.8605760782893,2.81751119030046,3.18004469230882e-08,2.23264921546233e-05,1.88867019720633,2.00525127610619,0,0,2.3122855803192,0,3.92803096731665,0,0,0,0,0,2.0963563032649,0,0,0,1.5026309810852,0,0,0,1489.08669683072,2.11910152716045,0.946391354258981,0,0,0,2.09001681571662,0,0,0,0,5.57081852182771,0,744.817852138414,0,0,0,1100.79573510755,3.37166418957227,0,0,2.92329720453062,1.54953744464921,0,0,0,495.451011204607,0,0,0,0,0,0,3.82322670858784,0,0,0,0,0,0,0,0,14.2400400022005,611.99472420259,0,0,0,0,5.67955483635425,0,11.5286711625985,0,0.89920154510148,0,4.04377852676228,53.2093124549348,1198.72025408826,5.31547166157232,74.8137179756002,0,0,6.00740549345044,0,0,8.16888304102899,0,4.03840837866101,0,0,0,1.1054245046746,0,0,"CH vs. CW","CW"
"LOC111124811",17.4820192728122,3.33704415668358,2.79839427110919,9.45209323205321e-05,0.0233844786560996,0.944335098603166,8.02100510442476,213.76016815995,3.49882758256769,94.803708793087,2.32488442740666,5.23737462308887,6.19089598648964,55.1623129102983,0,5.04376985200031,18.0359211582371,7.33724706142715,10.6060374617572,0,0,3.0052619621704,0,1.82651522388455,1.85189556470052,25.772654368224,4.2382030543209,150.476225327178,19.9735504427469,1.18931637470861,0,10.4500840785831,0,0,6.25978994762097,3.40465630335585,0.928469753637951,2.22842818422193,32.0351764360608,6.06520849868823,1.50759547692758,1.0528496792392,12.9378538896088,5.0574962843584,0,17.1084523218665,5.84659440906124,10.8467621125445,0,0,0,1.16303054273382,29.8257703503298,1.36315814933995,5.24728274891,0,11.5414706866466,0,30.5858136687028,4.93874659264807,6.55008607918834,0,0,40.7217230705167,0,32.5656007711962,1.80952516601859,2.03429142888579,37.9456188297313,0,22.1743313129522,2.14045449291445,5.27841920949739,1.41988870908856,2.87530699886466,13.5631425442335,97.50357523119,2.69760463530444,9.65968411203607,1.34792617558743,57.6434218261794,31.4119424148233,100.108049626279,3.40062354434547,10.8843212635429,0,237.292516991293,7.36501085246453,5.40008850163597,0,2.47762215354032,6.05761256799152,0,8.49508218114884,29.9725230658481,0,0,5.33699796287683,"CH vs. CW","CW"
"LOC111125810",36.429768754803,21.5841632533573,2.04090344301933,1.55829043064358e-26,1.34932368389428e-22,0,12.0315076566371,0,0,19.6544274327132,0,0,0,0,14.9693617903727,1.00875397040006,239.771657750681,4.1927126065298,14.5833015099161,2.00369386636836,0,6.7618394148834,2.64302230236011,6.39280328359593,5.55568669410156,1.431814131568,5.29775381790113,37.8556541703592,61.0302930195045,0,0,0,2.02871969484043,0,0,0,1.8569395072759,0,0,33.791875921263,13.5683592923482,0,1.07815449080074,0,0,32.0783481034998,0,3.87384361162303,0,0,49.4660180736769,0,2.05694967933309,0.681579074669974,0,0,2.30829413732932,14.7893453664553,46.8345271802011,0,1.63752151979709,4.39470432842389,0,10.6652131851353,0,3.75756931975341,10.8571509961115,16.2743314310863,44.7563709273754,1.92092782696001,0,0,0,19.1684975726956,18.2102776594762,0,23.2151369598072,0.89920154510148,1.37995487314801,48.5253423211474,4.43410937124457,0,541.292197536782,4.53416472579395,0,2.71008825436562,1892.33273043689,2.7618790696742,4.32007080130877,0,0,35.3360733132839,0,0,6.91673609211879,1.1054245046746,0,46.9655820733161,"CH vs. CW","CW"
"LOC111099940",24.077205435853,-3.52658739903406,2.55048178352471,6.93349009947831e-05,0.0191607736504413,2.8330052958095,4.01050255221238,1.900090383644,5.24824137385154,0,2.32488442740666,4.58270279520276,0,0,1.99591490538303,3.02626191120019,294.940357764112,1.04817815163245,6.62877341359823,2.00369386636836,2.14552604742987,0,1.76201486824007,0,4.6297389117513,0.715907065784001,2.11910152716045,0.946391354258981,0,0.594658187354303,4.46655576090141,333.357682106801,0,4.3637118388573,0,9.07908347561561,3.71387901455181,3.3426422763329,7.00769484538831,2.59937507086638,214.078557723717,2.1056993584784,2.15630898160147,0,1.02438336855505,2.13855654023332,0.974432401510207,280.466277481507,446.177778517898,2.79102442338385,1.00951057293218,4.65212217093528,4.11389935866618,0,0,3.23921919590123,3.46244120599398,1.84866817080692,1.91161335429392,2.96324795558884,3.27504303959417,0,1.06372120331929,0.969564835012302,5.45311894525876,6.26261553292235,1.80952516601859,2.03429142888579,0.972964585377727,0,0,1.07022724645722,1.05568384189948,1.41988870908856,2.87530699886466,1.35631425442335,2.90189211997589,4.4960077255074,1.37995487314801,2.69585235117486,2.21705468562228,3.0398653949829,4.42955971797694,0,1.97896750246235,481.040665149897,0,0.920626356558067,3.24005310098158,1.6337766082058,0,0,6.50063965201253,1.06188527264361,2.30557869737293,0,1.08435137981814,2.13479918515073,"CH vs. CW","CH"
"LOC144622218",2.88369293696778,19.4551831936171,3.74480584141432,5.27362293248413e-08,3.51263853633693e-05,0,0,0.950045191822,1.74941379128385,0,0,0,0,0,0,0,0,0,0,1.00184693318418,0,0,0,1.82651522388455,0,0,0,46.3731763586901,2.21928338252744,0,0,2.09001681571662,0,0,0,0,0,4.45685636844386,0,0,0.753797738463791,0,0,0,0,6.41566962069995,0,0,0,0,6.05706343759309,1.16303054273382,0,0,0,0,0,0,0,0,0,0,0,0,0,2.50504621316894,145.666775864497,0,0,0,1.16707006910275,0,0,0,0,1.35631425442335,0,0,34.4988718287002,0,0,0,0,0,0,0,0,0,0,0,0,0,0,0,5.76394674343233,0,2.16870275963628,0,"CH vs. CW","CW"
"LOC111124856",3.01167882102146,-14.0319321211675,5.9126210989253,9.31965414950501e-06,0.00384280406097923,0,0,0,0,11.561427901596,6.97465328221997,0.654671827886109,0,3.3097387746179,0,0,0,0,0,0,0,3.0052619621704,0,23.7446979104992,0,0,141.97980231975,0,0,0,0,0,5.07179923710107,0,0,0,0,0,0,0,9.0455728615655,0,0,5.0574962843584,0,0,0,13.9458370018429,2.96956924138368,0,0,0,0,0,5.24728274891,0,2.30829413732932,0,0,0,0,0,0,0,5.45311894525876,0,0,0,0,5.76278348088004,0,0,0,1.41988870908856,1.91687133257644,0,0,2.69760463530444,0,26.9585235117486,0,0,0,0,0,0,1.00123424890841,0,0,0,0,0,0,0,0,0,0,0,"CH vs. CW","CH"
"LOC111126889",16.7442209847469,4.66300974486671,1.52726321859133,5.95569016935595e-06,0.00257851605882266,0.944335098603166,6.01575382831857,22.801084603728,1.74941379128385,4.62457116063839,0,19.6401548365833,2.06363199549655,6.6194775492358,17.9632341484473,2.01750794080012,14.8531115420776,2.0963563032649,7.95452809631787,2.00369386636836,107.276302371494,12.0210478486816,10.5720892094404,9.13257611942276,14.8151645176042,10.022698920976,0,151.422616681437,9.98677522137347,0,0,6.27005044714986,14.201037863883,0,133.542185549247,6.80931260671171,0,2.22842818422193,20.021985272538,3.46583342782184,97.9937060002929,2.1056993584784,119.675148478882,4.21458023696533,16.3901338968808,4.27711308046664,0,7.74768722324605,2.96956924138368,1.86068294892256,0,4.65212217093528,6.17084903799927,1.36315814933995,4.197826199128,0,13.8497648239759,7.39467268322767,1.91161335429392,9.87749318529613,26.2003443167534,1.75788173136955,0,71.7477977909103,2.18124757810351,17.5353234921826,7.23810066407436,5.08572857221448,88.5397772693731,0,11.6707006910275,4.28090898582889,6.33410305139686,4.25966612726569,3.83374266515287,5.4252570176934,6.96454108794214,3.59680618040592,26.9091200263862,26.9585235117486,2.21705468562228,9.11959618494869,8.85911943595387,2.26708236289698,6.92638625861823,9.48530889027966,2.00246849781681,0,2.16003540065439,32.675532164116,14.8657329212419,1.00960209466525,11.1439536891643,12.7426232717233,6.91673609211879,15.4759430654444,24.9400817358173,144.098944997674,"CH vs. CW","CW"
"LOC111116003",207.151169874593,-7.24684133388531,2.53418954258883,3.81790729810234e-06,0.00177103174790722,8.4990158874285,0,6.650316342754,2.62412068692577,9.24914232127678,2210.96509046373,1.30934365577222,2.06363199549655,31.994141487973,20.9571065065218,3.02626191120019,6.36561923231896,0,0,995.835851585075,7.50934116600455,2.2539464716278,11.4530966435605,0,2734.32380128032,17.181769578816,2.11910152716045,2.83917406277694,16.6446253689558,1.78397456206291,2107.09768020524,5.22504203929155,3151.61604593461,776.740707316599,3.12989497381048,0,0,4.45685636844386,20.021985272538,11.263958640421,0,1441.35121087847,1068.45110038353,0,0,0,14.6164860226531,1137.36048437252,0,10.2337562190741,2.01902114586436,30.2387941110793,12.3416980759985,16.3578977920794,0,0,0,0,11.4696801257635,0.987749318529613,6.55008607918834,0,0,2.9086945050369,0,25.0504621316894,16.2857264941673,33.5658085766156,0,12.4860308752401,8.16949048371923,4.28090898582889,6.33410305139686,1.41988870908856,0.958435666288219,1.35631425442335,17.9917311438505,688.788383547734,17.9394133509241,9.43548322911199,17.7364374849783,1.0132884649943,6.20138360516771,20.4037412660728,2354.9713279302,0,0,0,9.72015930294474,0,6.19405538385081,0,11.1439536891643,28.6709023613773,0,18.7922165794682,3.25305413945443,12.8087951109044,"CH vs. CW","CH"
"LOC144624510",24.2970247700655,23.3798885394442,3.02110866270082,3.34354950533675e-15,6.68118350001022e-12,7.55468078882533,0,0,0,0,0,0.654671827886109,0,0,3.99182981076607,0,1.06093653871983,0,0,167.308437841758,0,0,3.52402973648014,0,0,7.87497772362401,2.11910152716045,2.83917406277694,0,0,0,151.526219139455,0,0,0,118.028085183003,106.774021668364,138.16254742176,0,50.2545847034167,0,0,17.2504718528118,175.326537857758,148.535588440482,150.768236086449,0,0,0,0,0,0,0,0,0,5.39869865983538,9.23317654931729,136.801444639712,0,156.064392327679,109.713941826405,0,46.8037329460489,0,0,0,1.80952516601859,0,0,117.176597444561,0,0,0,0,2.87530699886466,163.435867658014,0,0,0,0,0,0,0,0,0,157.185118753206,0,1.84125271311613,93.9615399284658,1.6337766082058,0,0,0,0,0,0,0,2.13479918515073,"CH vs. CW","CW"
"LOC144623338",54.8000615340782,23.3653528177389,3.4214015604024,2.80089123169045e-12,3.82940797503278e-09,0,0,198.559445090798,0,0,0,0,0,1.10324625820597,0,0,14.8531115420776,0,0,89.164377053392,0,0,0,0,0,248.419751827048,0,0,104.30631897879,0,0,285.287295345318,15.2153977113032,0,0,0,0,37.8832791317728,0,2.59937507086638,0,0,0,159.31113295729,377.997462996813,204.232149592282,0,63.5310352306176,0,0,0,0,0,911.271222833756,0,0,0,300.408577756124,272.404902986884,44.4487193338326,155.564544380723,0,2.12744240663859,0,7.63436652336227,0,0,0,503.995655225662,264.127576207002,43.1815925568016,75.9861344984628,0,0,0,307.883335754101,0,0,1.37995487314801,0,6.65116405686685,0,0,0,1.97896750246235,120.59892731927,0,0,272.164460482453,0,0,0,0,0,0,0,0,2.13479918515073,"CH vs. CW","CW"
"LOC111112136",39.9951845271505,-2.24129332817634,1.55926812330729,9.02707461110105e-05,0.022547722805055,22.664042366476,61.1601639212388,12.350587493686,29.7400344518254,9.24914232127678,62.7718795399797,124.387647298361,173.34508762171,44.1298503282386,3.99182981076607,61.5339921944038,43.4983980875129,1.04817815163245,11.9317921444768,18.0332447973152,32.1828907114481,22.539464716278,15.8581338141606,23.7446979104992,53.7049713763151,152.488205011992,7.41685534506158,2.83917406277694,8.87713353010975,14.8664546838576,60.298502772169,6.27005044714986,33.4738749648671,21.8185591942865,1.04329832460349,6.80931260671171,1.8569395072759,16.7132113816645,189.207760825484,21.6614589238865,140.206379354265,50.5367846034817,20.484935325214,130.651987345925,0,7.48494789081661,2.92329720453062,71.2787224538637,110.616454241542,99.5465377673572,7.06657401052527,45.358191166619,12.3416980759985,19.0842140907593,30.434239943678,9.71765758770368,83.0985889438556,7.39467268322767,28.6742003144088,13.8284904594146,0,16.6998764480108,17.0195392531087,30.0565098853813,129.784230897159,20.0403697053515,24.428589741251,139.348962878677,42.81044175662,46.1022678470404,19.8401911747467,42.8090898582889,43.2830375178786,12.0690540272528,16.2934063268997,15.5976139258685,12.7683253278939,39.5648679844651,2.06993230972201,6.73963087793714,14.4108554565448,4.0531538599772,14.1745910975262,7.93478827013942,55.4110900689459,83.3352138217427,5.00617124454204,184.125271311613,3.24005310098158,90.6746017554218,80.5227199900605,62.5953298692457,23.216570185759,32.9184434519518,29.9725230658481,56.3766497384047,8.67481103854514,21.3479918515073,"CH vs. CW","CH"
"LOC144623971",33.8312800925934,-3.52293767616178,1.23170497267023,1.07129748954142e-05,0.00428139921320267,19.8310370706665,26.0682665893805,14.25067787733,22.74237928669,4.62457116063839,34.8732664110998,162.358613315755,179.5359836082,26.4779101969432,4.98978726345758,44.3851746976027,16.9749846195172,3.14453445489735,5.30301873087858,1.00184693318418,12.8731562845792,26.296042168991,36.1213047989215,21.0049250746723,58.3347102880664,119.556479985928,9.53595687222203,3.78556541703592,13.3157002951646,10.7038473723775,72.5815311146479,15.6751261178746,22.3159166432447,34.9096947108584,0,3.40465630335585,0,13.3705691053316,86.0945366719135,38.9906260629957,156.789929600469,47.3782355657641,14.0160083804096,142.452812009428,3.07315010566514,2.13855654023332,2.92329720453062,54.2338105627224,54.1946386552522,167.461465403031,1.00951057293218,10.4672748846044,4.11389935866618,17.7210559414193,16.791304796512,17.2758357114732,31.1619708539459,3.69733634161384,5.73484006288177,1.97549863705923,4.91256455939126,6.15258605979344,9.57349082987364,29.086945050369,15.2687330467245,56.3635397963012,10.8571509961115,114.937465732047,61.2967688787968,28.8139174044002,8.16949048371923,16.0534086968583,11.6125222608942,6.38949919089853,35.4621196526641,11.5286711625985,18.5721095678457,66.5409143375095,2.75990974629602,2.69585235117486,31.038765598712,14.1860385099202,9.74503137954926,11.3354118144849,46.5057363078653,55.5568092144952,0,146.379590692733,3.24005310098158,168.278990645197,52.0300652243468,15.1440314199788,25.0738958006198,15.9282790896541,53.0283100395774,56.3766497384047,2.16870275963628,3.2021987777261,"CH vs. CW","CH"
"LOC144623134",277.788165494534,25.5957545630189,3.60202344807808,3.09011005770123e-13,5.01698681055656e-10,0,0,870.241395708952,0,0,0,0,0,0,0.997957452691516,560.867207542435,4.24374615487931,0,275.756974005686,3313.10780804008,0,0,0.881007434120036,0,1080.58106200275,0,14.8337106901232,235.651447210486,418.334917606422,0,0,685.525515555051,18.2584772535639,0,0,391.535474885923,616.5039164156,851.259566372778,0,0,4.52278643078275,0,0,235.173577222666,2904.12684985356,1535.48359588752,0,0,0,0,0,0,0,0,0,0,0,1127.68758419222,38.2322670858784,2097.9795525569,404.46781538988,820.051827683897,887.14348356829,13.5739076901722,1502.87958131331,0,0,0,0,1317.75648929457,0,0,0,0,637.359718081665,1011.13227667261,0,0,0,0,177.364374849783,0,0,0,0,429.54898831695,129.159218109185,0,1179.3793287573,0,0,0,0,0,0,0,0,42.6959837030146,"CH vs. CW","CW"
"LOC111112191",255.843064490965,25.4021611896983,3.67136295081684,1.19700065359095e-12,1.72747144324068e-09,0,0,2577.47260541309,0,0,0,0,0,0,0,138.199293944809,0,0,762.308942563796,2804.16956598252,0,0.7513154905426,0,0,1582.4447600366,0,52.9775381790113,822.414086851054,641.372897550429,0,0,196.461580677362,76.0769885565161,0,0,72.6326678049249,107.702491422002,151.533116527091,0,0,8.2917751231017,0,0,66.5903677440523,2458.52008453212,977.320338886626,0,0,0,0,0,0,0,0,0,0,0,1128.61191827762,193.072948783686,2500.98127451698,73.6884683908689,1652.40882748738,206.361913443943,12.6043428551599,1506.15145268047,0,0,0,0,255.483400985682,0,0,0,0,1013.06649926665,798.869095855354,0,0,0,0,158.519410021993,0,0,0,0,130.761758273141,308.380148663789,0,241.923964873291,0,0,0,0,0,0,0,0,115.27915599814,"CH vs. CW","CW"
"LOC144623140",17.8044070929642,-20.3804606071528,2.41245839034151,1.31120288531632e-17,4.86587390740886e-14,0,0,17.100813452796,0,0,9.29953770962662,3.92803096731665,0,0,250.487320625571,0,0,0,449.43083744196,10.0184693318418,0,0,8.81007434120036,0,137.966219570189,5.01134946048801,0,0,5.54820845631859,0,16.7495841033803,0,2.02871969484043,7.63649571800027,0,0,0,0,0,0,26.3829208462327,15.792745188588,0,2.5287481421792,0,0,0.974432401510207,90.6479405119788,0,35.3529760295287,0,18.6084886837411,0,3.40789537334987,0,0,19.6205001672992,0,0,8.88974386676652,0,7.03152692547822,0,0,0,5.01009242633788,0,1.0171457144429,0,2.88139174044002,4.66828027641099,0,0,239.251247481423,0,0,0,0,3.44988718287002,0,0,5.06644232497149,3.54364777438155,1.13354118144849,11.8738050147741,0,116.143172873375,0,4.32007080130877,0,0,33.3168691239533,9.28662807430361,1.06188527264361,0,53.0603762243809,0,7.47179714802756,"CH vs. CW","CH"
"LOC111110833",33.6478688805147,-21.2672254993048,3.72793649625286,4.12973537606236e-09,3.61118916148548e-06,0,0,190.0090383644,0,0,0,335.191975877688,242.476759470844,0,27.9428086753625,0,1.06093653871983,0,0,0,0,0,0,0,163.892757475996,0,0,0,138.705211407965,0,0,143.166151876588,2.02871969484043,0,0,0,0,0,0,0,14.322157030812,0,2.15630898160147,95.2495133554166,0,0,0,534.590418403978,207.127454586512,0,0,0,0,0.681579074669974,1.049456549782,6.47843839180245,0,0,0,0,0,0,0,0,0,0,263.285911655705,0,0.972964585377727,0,0,0,0,0,109.261665956857,0,0,148.368254941744,0.689977436574005,1.34792617558743,0,43.5714039947549,0,117.888282870643,161.285851450682,0,0,0,0,0,1.23881107677016,0,0,175.211069986195,0,0,0,0,"CH vs. CW","CH"
"LOC144624598",111.656928543077,-25.2814278041331,2.83365556070496,1.26730903361104e-19,6.58417735322281e-16,0,228.598645476106,0,405.863999577852,501.765970929266,245.275307091402,0,0,362.968018949763,5.9877447161491,0,0,0,0,1.00184693318418,0,265.214368161538,0,4.56628805971138,32.4081723822591,477.510012877929,90.0618149043192,0,236.353680239172,0,475.688188536,126.446017350855,3.04307954226064,0,0,140.725793872042,0,0,0,0,0,443.249714959704,355.790981964243,0,0,0,0,21.6935242250889,832.964172208123,0,0,446.603728409787,0,0.681579074669974,398.79348891716,158.72174059916,283.920178891507,0,238.95166928674,0.987749318529613,0,279.503195287759,0,0,626.018054915706,0,252.428760659593,0,320.105348589272,11.5255669617601,0,0,224.860658324589,1.41988870908856,0,0,520.599446323675,217.606773914558,1.37995487314801,78.1797181840708,0,0,23.9196224770755,479.487919752711,0,0,0,142.6970852665,8.64014160261755,0,66.8957981455887,0,0,342.988943063884,0,0,0,0,"CH vs. CW","CH"
"LOC111111166",24.5824837969434,22.5689597147215,3.2366544798665,1.10585424105278e-12,1.68981033057812e-09,252.137471327045,0,359.117082508716,0,0,0,3.92803096731665,0,1.10324625820597,1.99591490538303,0,0,16.7708504261192,0,0,12.8731562845792,5.2592084337982,210.560776754689,6.39280328359593,0.925947782350261,0.715907065784001,0,399.37715149729,2.21928338252744,0,0,0,0,0,6.25978994762097,0,0,0,0,0,2.26139321539137,0,0,0,0,0,0,44.1618171725025,0,0,0,0,0,0,0,0,6.92488241198797,0,0,0,0,0,0,0,0,0,0,1.0171457144429,0,0,66.5229939388566,4.28090898582889,0,0,0,0,0,0,16.5594584777761,0,94.2248241389471,0,116.054464610996,0,0,4.06513238154843,203.250552528407,0,0,0,447.210798714028,0,0,0,0,0,0,0,"CH vs. CW","CW"
"LOC111112070",18.4489958529671,-18.0709848729232,4.42087560139906,9.08615870145264e-07,0.000462806165858108,24.5527125636823,0,0,0,63.5878534587779,0,0,0,0,0,0,0,0,0,0,0,0,19.3821635506408,31.9640164179797,65.7422925468685,0,0,0,0,0,0,0,0,0,0,0,0,0,5.0054963181345,0,0,0,0,0,0,0,42.8750256664491,12.3962995571937,17.8174154483021,0,0,0,0,102.918440275166,0,0,0,0,80.2877608803447,0,0,0,0,6.78695384508611,0,0,0,520.778605794763,0,0,0,31.0365901472595,0,0.709944354544282,0,0,25.5366506557879,166.352285843774,0,0,129.697699108904,14.1860385099202,0,19.2702000846243,56.400573820177,134.149368591098,0,0,0,0,19.8209772283226,0,0,0,124.501249658138,0,0,0,"CH vs. CW","CH"
"LOC111116561",55.1323521156399,20.9034526434028,3.58197035287784,2.02683606023018e-09,1.95004149394812e-06,0,0,0,0,239.321557563037,0,0,0,0,250.487320625571,0,0,133.118625257321,0,0,0,176.559140277511,0,434.710623284523,39.8157546410612,0,122.907888575306,0,0,0,0,0,330.68131025899,0,0,107.814116272935,3.71387901455181,0,0,0,0,0,0,0,0,141.144731655399,241.659235574531,48.0356607841255,0,0,0,0,0,0,0,0,51.9366180899098,250.494537144337,497.975278793567,0,0,0,0,0,0,0,6.33333808106507,243.097825751852,7.78371668302181,143.109123108521,0,223.67749450956,0,0,30.669941321223,0.678157127211675,331.396080101247,109.702588502381,0,0,155.19382799356,0,209.075218688511,0,98.9483751231176,0,0,33.1425488360904,0,0,0,0,0,164.592217259759,0,298.464616262143,0,1.06739959257537,"CH vs. CW","CW"
"LOC144624224",24.2996076731433,22.7009722099025,2.21254022124996,3.87858360415866e-25,2.51884915713074e-21,6.61034569022216,0,70.303344194828,0,20.8105702228728,0,0,0,62.8850367177401,2.99387235807455,0,119.88582887534,0,0,0,0,0,0.881007434120036,6.39280328359593,0,119.556479985928,5.29775381790113,1.89278270851796,0,0,0,13.585109302158,13.1866780164628,0,106.416429109556,0,0,47.9112059607715,0,64.1179184147041,12.0607638154207,0,90.5649772272619,0,31.7558844252065,0,0,12.3962995571937,0,0,0,0,0,0,91.302719831034,76.6615209696623,173.122060299699,15.7136794518588,101.315507777578,0,0,0,0,0,331.549631871733,12.5252310658447,50.6667046485206,6.10287428665738,92.431635610884,0,2.33414013820549,0,0,3.54972177272141,0,0,33.6619485917204,0,8.27972923888806,12.1313355802868,9.97674608530028,0,0,0,0,2.03256619077421,0,18.4125271311613,17.2802832052351,26.9573140353957,4.95524430708064,55.5281152065889,0,101.940986173786,31.1253124145346,0,1.08435137981814,169.716535219483,"CH vs. CW","CW"
"LOC144624727",143.77669457642,15.0612426039316,3.46302547321729,5.20819856311064e-07,0.00027610892668148,3.77734039441266,0,0,1161.61075741247,798.894668000282,634.693448682017,0,0,1.10324625820597,0,928.053652768057,2.12187307743965,0,0,1.00184693318418,1.07276302371494,761.082591919654,0,0,0,0,4.2382030543209,0,0,0,0,0,0,0,2.08659664920699,1268.80191571728,0,0,2.0021985272538,0.866458356955461,2.26139321539137,0,0,424.829687886106,0,0,0,1.54953744464921,0,0,0,0,2.05694967933309,2.04473722400992,1.049456549782,0,0,0,0,950.214844425488,743.434769987877,867.514634430875,2.12744240663859,3.87825934004921,5.45311894525876,5.01009242633788,743.714843233641,0,0,946.056954777807,0,0,1210.8693666587,0,0,0,0,1.79840309020296,1.37995487314801,0,0,8.10630771995439,3.54364777438155,0,0.989483751231176,1034.57619110407,0,0,830.533611551612,0,0,0,0,0,5.76394674343233,0,0,1.06739959257537,"CH vs. CW","CW"
"LOC111117549",346.551521557249,-4.12243933470846,0.927634561743797,6.65212249711238e-07,0.000345604372214976,1014.2158958998,44.1155280743362,19.00090383644,439.102861612246,128.331849707715,51.1474574029464,209.494984923555,53.6544318829102,167.693431247307,39.9182981076607,52.4552064608032,545.321380901991,871.036044006566,29.1666030198322,279.515294358386,86.8938049209097,197.595974012704,113.649959001485,15.5253794030187,218.523676634662,100.942896275544,31.7865229074068,162.779312932545,27.741042281593,247.37780593939,5041.62481511747,48.0703867614822,16.2297575587234,4395.34874968901,70.9442860730377,17.0232815167793,189.407829742142,99.1650541978759,12.0131911635228,141.23271218374,44.4740665693637,136.870458301096,3.23446347240221,37.931222132688,24.5852008453212,37.4247394540831,33.130701651347,20.1439867804397,157.387169793335,20.4675124381482,57.5421026571343,125.607298615253,41.1389935866618,3141.39795515391,104.9456549782,87.4589182893331,251.604060968896,213.521173728199,29.6300069915558,21.7304850076515,145.739415261941,274.229550093651,30.8479148962595,11.6347780201476,58.8936846087946,12.5252310658447,190.904905014961,267.509322898482,28.2159729759541,27.8534534909202,3938.86148322177,326.419310169453,222.74929064079,53.9557709453654,244.401094903496,15.5976139258685,240.276667534004,75.5329297885243,631.329354465215,21.5668188093988,21.0620195134117,45.5979809247435,2083.66489133635,57.8106002538729,1135.92734641339,314.370237506412,73.0901001703137,952.848279037599,16.2002655049079,65.351064328232,24.7762215354032,147.401905821127,76.1503502092896,44.5991814510314,345.83680460594,127.123818037579,82.4107048661788,27.7523894069595,"CH vs. CW","CH"
"LOC144623609",64.0505902102663,-21.7144538171808,3.85346389485918,5.83644689746174e-09,4.73791815798012e-06,81.2128184798723,0,0,0,0,65.0967639673864,0,146.517871680255,0,0,0,82.7530500201465,0,0,0,0,27.7986731500762,0,1522.40043910777,107.40994275263,0,31.7865229074068,0,0,0,0,0,253.589961855054,0,0,0,0,0,0,0,0,184.24869386686,692.175183094073,0,0,0,0,3.09907488929842,0,0,0,87.2272907050365,0,51.1184306002481,0,0,13.8497648239759,0,0,161.990888238857,0,100.199258688065,0,0,0,0,74.1905318067622,147.48612859422,0,12.4860308752401,121.375287186686,62.0731802945189,0,112.171208017996,54.6308329784285,0,0,0,119.366096527303,0,79.8139686824022,0,1484.78841746587,0,0,0,0,11.0475162786968,64.8010620196316,0,0,0,0,0,0,0,0,0,"CH vs. CW","CH"
"LOC111117789",80.2378581559592,-3.61573589407874,1.45493930625926,1.68377762774264e-05,0.00638293175539374,0,7.01837946637167,22.801084603728,19.2435517041223,0,83.6958393866396,333.882632221916,322.958407295209,40.8201115536207,3.99182981076607,9.07878573360056,16.9749846195172,19.9153848810165,38.4468857988697,88.1625301202079,101.912487252919,2.2539464716278,136.556152288606,80.3666698509203,10.1854256058529,90.2042902887841,6.35730458148136,15.1422616681437,6.65785014758231,90.3880444778541,654.350418972057,2.09001681571662,130.852420317208,52.3645420662876,4.17319329841398,18.1581669512312,3.71387901455181,2.22842818422193,6.00659558176141,27.7266674225747,93.4709195695101,232.679779111864,4.31261796320295,62.3757875070869,3.07315010566514,8.55422616093327,18.5142156286939,82.9002532887327,329.622185793589,21.3978539126095,34.3233594796942,44.1951606238851,12.3416980759985,29.9894792854789,2.098913099564,10.7973973196708,2.30829413732932,203.353498788761,107.05034784046,58.2772097932472,0,311.145066452411,5.31860601659647,71.7477977909103,275.927818630093,110.222033379433,39.809553652409,12.2057485733148,130.377254440615,19.2092782696001,28.0096816584659,120.935678849666,65.4523981977676,32.657440309037,257.819194231531,12.2068282898102,134.067415942886,141.174642580932,1.37995487314801,32.3502282140983,9.97674608530028,11.1461731149373,1.77182388719077,153.028059495546,1.97896750246235,42.0063679426671,71.0876316724969,918.785103844951,120.961982436646,59.6328461995117,43.3583876869556,64.6145340585762,13.9299421114554,18.0520496349413,0,153.65400614977,159.399652833267,6.4043975554522,"CH vs. CW","CH"
"LOC111113226",291.139534689713,-3.82838225702043,1.6628876962024,1.99734710148986e-05,0.00720626189658363,29.2743880566981,360.945229699114,19.00090383644,425.982258177617,16.1859990622344,3712.84043056843,13.7481083856083,140.326975693765,7.72272380744176,30.936681033437,38.3326508752024,46.6812077036724,11.5299596679569,144.507260416441,99.1828463852338,28.9646016403032,33.0578815838744,1510.92774951586,19.1784098507878,1257.43708843165,6.44316359205601,41.3224797796288,6.62473947981287,768.981692045757,106.44381553642,122.830283424789,24.0351933807411,955.526976269842,18.5457753151435,32.3422480627083,14.7535106478754,253.472242743161,23.3984959343303,153.168187334916,12.1304169973765,35.4284937077982,3418.60290848969,3.23446347240221,18.5441530426475,32.7802677937615,48.1175221552497,14.6164860226531,13.1710682795183,1902.00909910625,537.737372238621,80.7608458345745,18.6084886837411,128.559354958318,47.7105352268982,49.324457839754,0,3.46244120599398,116.466094760836,49.701947211642,2719.27387391203,37.662994955333,804.230892101571,384.003354398265,150.282549426907,187.587291716901,41.3332625172875,171.000128188757,109.851737159833,38.9185834151091,473.508709345644,17.5060510365412,564.009758882956,387.435969977108,12.0690540272528,25.8777629897819,35.9423277422188,4.06264896796625,20.681635537334,32.4289395189782,13.4792617558743,220.596941219417,105.382000359407,20.3759747026939,23.8043648104183,162.275335201913,26.4233604800648,1026.26510513112,23.0156589139517,411.486743824661,18.7884309943667,16.1045439980121,17.1632356093093,276.741516614248,1385.7602807999,16.1390508816105,24.3193391028413,33.6148927743624,30.9545881846856,"CH vs. CW","CH"
"LOC111104524",116.140861614095,2.72691447538688,2.84769538103135,0.00016397381261925,0.0354962310867521,0.944335098603166,2.00525127610619,41.801988440168,13.1206034346288,109.833565065162,0,70.7045574116998,23.7317679482103,13.2389550984716,0,2.01750794080012,847.688294437142,410.88583543992,7.95452809631787,4.00738773273672,0,16.5289407919372,0,5.47954567165366,0,0.715907065784001,0,0.946391354258981,112.073810817636,2.37863274941721,20.0995009240563,2.09001681571662,2.02871969484043,6.54556775828594,35.4721430365188,5.67442717225976,4.64234876818976,4372.17609744343,54.0593602358526,98.7762526929225,4.52278643078275,11.5813464716312,7.54708143560516,6.74332837914453,14.3413671597707,6.41566962069995,12.6676212196327,6.19814977859684,4.45435386207552,18.6068294892256,210.987709742826,297.735818939858,2.05694967933309,1.36315814933995,374.655988272174,0,61.169794639227,2.77300225621038,5.73484006288177,52.3507138820695,1332.94251711483,1.75788173136955,512.713619999899,0,8.72499031241402,0,9.04762583009296,7.12002000110027,1.94592917075545,63.3906182896805,0,0,63.3410305139686,1.41988870908856,157.183449271268,12.2068282898102,95.7624399592045,0,1.37995487314801,138.836396085505,28.8217109130897,0,6.20138360516771,4.53416472579395,0,0.677522063591404,12.0148109869009,0,791.652974339833,3.2675532164116,0,2.01920418933051,0,0,139.487511191062,2.21084900934921,6.50610827890885,6.4043975554522,"CH vs. CW","CW"
"LOC111105721",401.513708789387,4.08114548422963,3.71840365341065,8.54066671004283e-05,0.0215398931191051,0,0,262.212472942872,1.74941379128385,585.008251820757,1.16244221370333,86.4166812809664,0,23.1681714223253,3.99182981076607,4.03501588160025,1672.03598502245,529.329966574387,0,4.00738773273672,2.14552604742987,10.5184168675964,5.28604460472022,1.82651522388455,0,7.15907065784001,0,6.62473947981287,117.622019273954,0.594658187354303,29.0326124458592,0,0,6.54556775828594,178.404013507198,19.2930523856832,0,11089.7728587804,46.0505661268374,234.81021473493,1.50759547692758,3.1585490377176,0,0,9.21945031699543,8.55422616093327,23.386377636245,3.09907488929842,9.65110003449697,0,838.903286106643,697.818325640292,10.2847483966655,0,865.80165357015,0,9.23317654931729,0,0,171.868381424153,5981.86611181876,0,2280.61825991656,0,113.424874061382,5.01009242633788,17.1904890771766,0,7.78371668302181,624.301543762005,0,0,121.40364181844,2.12983306363284,356.538067859217,10.8505140353868,178.756554590515,0,0,45.8294899699725,8.86821874248914,0,1.77182388719077,9.06832945158791,1.97896750246235,1.35504412718281,11.0135767379925,0,7644.36528291588,0,0,5.04801047332626,1.85732561486072,3.18565581793082,274.363864987379,6.63254702804762,13.0122165578177,2031.26142467092,"CH vs. CW","CW"
"LOC144625985",26.3400287327265,1.75527405702303,1.47243284313772,0.000145429955360715,0.0325675340552182,6.61034569022216,18.0472614849557,14.25067787733,18.3688448084804,15.0298562720748,37.1981508385065,17.0214675250388,3.09544799324482,24.2714176805313,11.9754894322982,15.1313095560009,5.30468269359914,12.5781378195894,15.9090561926357,22.040632530052,1.07276302371494,11.269732358139,3.52402973648014,6.39280328359593,2.77784334705078,22.193119039304,0,13.2494789596257,4.43856676505487,15.4611128712119,17.8662230436056,39.7103194986158,12.1723181690426,7.63649571800027,14.6061765444489,10.2139689100676,8.35622778274156,7.79949864477676,13.0142904271497,3.46583342782184,7.53797738463791,14.7398955093488,19.4067808344133,18.5441530426475,15.3657505283257,495.075839064013,9.74432401510207,16.2701431688167,9.65110003449697,6.51239032122897,22.209232604508,47.6842522520866,39.0820439073287,1.36315814933995,17.840761346294,31.3124522270452,11.5414706866466,606.363160024669,14.3371001572044,7.90199454823691,16.3752151979709,6.15258605979344,19.1469816597473,11.6347780201476,22.9030995700868,8.7676617460913,13.5714387451394,14.2400400022005,21.40522087831,24.0115978370002,23.3414013820549,11.7724997110295,25.3364122055874,21.2983306363284,5.75061399772931,31.8733849789487,13.9290821758843,19.7824339922326,6.89977436574005,16.1751141070491,7.75969139967799,18.2391923698974,11.51685526674,3.40062354434547,7.91587000984941,15.5830074626023,6.00740549345044,29.4600434098581,14.0402301042535,15.5208777779551,27.2538436889435,28.2688586506271,26.9312214154805,1.06188527264361,10.3751041381782,14.3705185607698,13.0122165578177,0,"CH vs. CW","CW"
"LOC111104618",71.5872809086472,2.67416785154999,2.84114409967565,0.000171480750420908,0.0362158979974303,8.4990158874285,16.0420102088495,915.843564916408,1.74941379128385,3.46842837047879,0,8.51073376251942,0,1.10324625820597,6.98570216884062,0,6.36561923231896,63.9388672495794,1.32575468271965,4.00738773273672,62.2202553754662,28.5499886406188,19.3821635506408,52.0556838807097,7.40758225880209,0.715907065784001,18.0123629808638,1877.64044684982,12.2060586039009,1.78397456206291,8.93311152180282,0,2.02871969484043,10.9092795971432,41.7319329841398,2.2697708689039,4.64234876818976,0,2.0021985272538,0,0,1.0528496792392,0,4.21458023696533,0,0,11.6931888181225,159.602356798869,2.96956924138368,0.930341474461282,2.01902114586436,4.65212217093528,0,14.3131605680695,4.197826199128,0,60.0156475705624,1.84866817080692,3.82322670858784,0,0,0,36.166520912856,10.6652131851353,52.3499418744841,21.292892811936,1.80952516601859,5.08572857221448,0,0,255.588345133502,12.8427269574867,10.5568384189948,7.8093878999871,2.87530699886466,0,20.8936232638264,1.79840309020296,104.186592922675,17.5230402826366,752.690065768765,14.1860385099202,737.964649014958,2.26708236289698,0,18.2930957169679,977.204626934606,11.0475162786968,0,5.7182181287203,12.3881107677016,0,5.57197684458217,30.7946729066645,33.4308911119075,22.1084900934921,10.8435137981814,0,"CH vs. CW","CW"
"LOC144625551",10.0535836698188,15.9062932101658,2.87626978566562,1.11651383937996e-08,8.2867657158781e-06,0,9.02363074247786,1.900090383644,0,0,0,13.0934365577222,0,0,0,0,3.18280961615948,88.0469647371258,0,0,0,1.5026309810852,0,0.913257611942276,0,236.965238774504,0,0,4.43856676505487,0,0,0,0,0,2.08659664920699,0,12.0701067972934,0,0,6.93166685564369,0.753797738463791,0,232.881370012959,3.37166418957227,0,0,99.3921049540411,2.32430616697382,0,0,0,2.32606108546764,0,0,0,0,0,0,0,0,0,0,0,3.87825934004921,8.72499031241402,0,0,0,0,0,0,0,0,0,0,0,0,49.4560849805814,0,2.69585235117486,2.21705468562228,0,0,0,0,6.09769857232264,0,1.84125271311613,0,0,0,2.01920418933051,27.8598842229108,20.1758201802285,9.22231478949172,79.5905643365714,0,0,"CH vs. CW","CW"
"LOC144625757",20.1498836079078,21.848105668247,3.79563518184421,2.96353584989232e-09,2.7494203847376e-06,0,0,0,0,0,0,0,0,0,4.98978726345758,131.138016152008,0,0,0,0,0,183.320979692394,2.64302230236011,60.2750023881902,0,0,0,267.828753255292,0,0,0,0,0,0,0,0,0,0,0,0,1.50759547692758,0,0,0,1.02438336855505,0,9.74432401510207,262.646596868041,0,0,0,0,77.1356129749909,0,0,0,0,0,0,0,0,0,0,0,52.3499418744841,0,87.7619705519017,0,0,0,2.33414013820549,402.405444667916,0,0,3.83374266515287,0,0,0,0,36.3940067408605,94.2248241389471,0,27.463270251457,0,0,0,45.0555412008783,0,70.2011505212676,1.6337766082058,1.23881107677016,40.3840837866101,0,0,0,0,0,6.4043975554522,"CH vs. CW","CW"
"LOC111135447",14.9519603082022,22.6891307457529,3.15118424944925,2.12743179294447e-13,3.68428637902123e-10,1.88867019720633,0,230.860981612746,0.874706895641923,0,0,1.30934365577222,0,0,1.99591490538303,0,25.4624769292759,33.5417008522384,0,0,2.14552604742987,22.539464716278,0,10.045833731365,27.7784334705078,4.29544239470401,0,313.255538259723,0,0,0,0,39.5600340493884,0,0,0,0,0,0,0.866458356955461,0,0,0,0,16.3901338968808,0,0,38.7384361162303,0,0,0,0,0,0,0,0,0,0,0,0,1.63752151979709,0,0,0,6.54374273431051,0,0,0,0,0,42.0145224876989,0,0,22.0082749908727,0,0,1.16075684799036,0,31.7389620824042,0,171.821738135727,0,212.618866462893,0,1.97896750246235,0,125.154281113551,0,0,0,0,0,0,0,2.30557869737293,0,0,0,"CH vs. CW","CW"
"LOC144625842",25.8090142637057,6.72194944651861,1.21404212717326,4.56855363746034e-10,4.77893947161181e-07,4.72167549301583,3.00787691415929,134.906417238724,1.74941379128385,1.1561427901596,6.97465328221997,3.92803096731665,68.099855851386,2.20649251641193,9.97957452691517,8.0700317632005,14.8531115420776,20.963563032649,19.8863202407947,6.01108159910508,23.6007865217286,3.0052619621704,1.76201486824007,7.30606089553821,16.6670600823047,11.454513052544,8.47640610864181,301.898842008615,21.0831921340107,0,0,8.36006726286648,20.2871969484043,0,29.2123530888979,14.7535106478754,7.42775802910361,6.68528455266579,15.0164889544035,1.73291671391092,6.03038190771033,0,2.15630898160147,32.8737258483296,7.17068357988534,400.979351293747,3.89772960604083,65.8553413975914,2.22717693103776,2.79102442338385,0,60.4775882221586,10.2847483966655,17.0394768667494,3.148369649346,4.3189589278683,5.77073534332331,5.54600451242075,12.4254868029105,0.987749318529613,11.4626506385796,2.63682259705433,0,10.6652131851353,10.9062378905175,5.01009242633788,3.61905033203718,4.06858285777158,4.86482292688863,27.8534534909202,28.0096816584659,4.28090898582889,3.16705152569843,9.93922096361994,6.70904966401753,3.39078563605838,1.74113527198554,10.7904185412178,51.7483077430504,2.69585235117486,57.6434218261794,24.3189231598632,186.041508155031,11.3354118144849,11.8738050147741,0.677522063591404,304.375211668156,10.1268899221387,9.72015930294474,65.351064328232,26.0150326121734,12.115225135983,10.215290881734,4.24754109057442,6.91673609211879,2.21084900934921,0,4.26959837030146,"CH vs. CW","CW"
"LOC111114510",423.80427413038,-2.04900031070931,0.810746368794311,1.6175284151242e-05,0.00627142322980317,234.195104453585,323.84808109115,410.419522867104,886.95279218091,78.6177097308527,361.519528461735,773.822100561381,989.511541840594,254.849885645578,279.428086753625,343.985103906421,99.7280346396637,475.872880841132,253.219144399452,622.146945507376,522.435592549173,79.6394419975156,478.38703672718,389.961000299352,235.190736716966,675.816270100097,85.8236118499983,242.276186690299,366.181758117027,544.112241429188,556.086192232226,72.1055801422233,868.292029391704,375.279218141727,169.014328585766,228.111972324842,347.247687860594,46.7969918686606,153.168187334916,240.875423233618,838.223085171736,707.514984448743,282.476476589793,329.580174530689,254.047075401652,4.27711308046664,14.6164860226531,243.277378809926,1427.62041279521,348.878052922981,74.7037823969814,72.1078936494968,393.905863592287,352.376381604377,295.946747038524,225.665603981119,253.912355106225,1030.63250522486,728.324687985984,285.459553055058,80.2385544700572,508.027820365801,457.400117427296,439.212870260573,1049.18008506779,688.887708621459,179.142991435841,701.830542965598,173.187696197235,131.583556146761,942.99261583502,674.24316526805,604.9068414084,400.408615962975,883.677684317737,372.986419966421,351.128946517083,846.148653940493,309.109891585154,103.790315520232,167.387628764482,995.049272624402,423.465909038595,710.730320768202,157.327916445757,313.015193379229,353.435689864668,1590.84234413234,236.523876371655,281.009576611397,463.31534271204,503.791445237961,110.510874084213,211.315169256077,432.296005757425,500.757300617595,659.28563892943,177.188332367511,"CH vs. CW","CH"
"LOC111122605",508.56502291646,9.66280264926053,2.63320102634559,9.49628066631002e-07,0.000474394005516799,0.944335098603166,2.00525127610619,16847.1513865795,0,6.93685674095759,4.64976885481331,3.92803096731665,66.0362238558895,0,2.99387235807455,0,5.30468269359914,614.232396856615,1.32575468271965,0,275.700097094738,278.738046991304,1.76201486824007,430.144335224812,0,15.749955447248,11.6550583993825,12509.4009205952,3.32892507379116,0,2.2332778804507,0,61.8759506926331,2.18185591942865,15.6494748690524,0,3.71387901455181,2.22842818422193,3.0032977908807,6.06520849868823,0,1.0528496792392,0,0,13.3169837912156,21.3855654023332,3.89772960604083,1036.64055047032,0,3.72136589784513,12.1141268751862,12.793335970072,16.4555974346647,0,0,46.4288084745842,6.92488241198797,0,2.86742003144088,0,0,9.66834952253255,0,9.69564835012302,247.571600114748,2.50504621316894,2.71428774902789,1.0171457144429,2.91889375613318,0,2448.51300497756,34.2472718866311,0,0,0.958435666288219,11.5286711625985,5.80378423995179,0,654.788587308731,0,3242.44247772259,0,5319.9012212903,3.40062354434547,0,4.74265444513983,2757.39912149375,0,0,34.3093087723218,61.9405538385081,2.01920418933051,3.71465122972145,4.24754109057442,54.1810993882639,15.4759430654444,2.16870275963628,2.13479918515073,"CH vs. CW","CW"
"LOC111132942",222.864954807885,3.00618165004804,1.44619487134914,3.18588214313951e-05,0.0102172420286833,108.598536339364,619.622644316813,50.352395166566,511.703533950525,707.559387577674,919.491791039332,97.5461023550302,46.4317198986723,93.7759319475071,109.775319796067,787.836850882449,267.356007757396,205.44291771996,43.7499045297483,46.0849589264723,8.58210418971948,601.05239243408,294.256482996092,27.3977283582683,56.4828147233659,23.624933170872,24.3696675623452,31.2309146905464,146.472703246811,20.2183783700463,79.281364756,89.8707230758146,43.6174734390692,22.9094871540008,604.069729945424,1114.45749663182,77.06298955195,890.257059596662,102.112124889944,59.7856266299268,55.7810326463206,37.9025884526113,89.4868227364611,87.6632689288789,1297.89372795925,1086.38672243853,190.01431829449,65.0805726752668,45.2859309311011,83.7307327015154,53.5040603654056,60.4775882221586,30.8542451899964,85.1973843337468,909.878828660994,75.5817812376953,31.1619708539459,1415.1554847527,21.9835535743801,106.676926401198,1131.52737017979,78.2257370459452,644.615049211492,27.1478153803444,27.2655947262938,72.6463401818993,41.6190788184276,4.06858285777158,42.81044175662,116.216133531081,30.3438217966714,455.916806990777,42.2273536759791,71.7043798089724,58.4645756435813,41.3675847599122,38.885354407677,70.1377205179155,46.2284882504583,998.813296110284,48.7752030836902,6.07973078996579,93.0207540775157,60.0776826167699,32.6529637906288,86.7228241396998,75.0925686681306,40.5075596885549,552.969062567523,35.9430853805276,59.4629316849677,30.2880628399576,127.22680461796,139.106970716312,95.6815159409766,140.388912093675,8.67481103854514,291.400088773075,"CH vs. CW","CW"
"LOC144626772",15.333593799959,2.73991522961086,1.80023896342614,7.36874368804677e-05,0.0195324341616726,15.1093615776507,16.0420102088495,16.150768260974,6.12294826949346,9.24914232127678,0,17.0214675250388,0,2.20649251641193,1.99591490538303,11.0962936744007,30.767159622875,1.04817815163245,0,49.0904997260248,123.367747727218,58.6026082623228,37.0023122330415,9.13257611942276,10.1854256058529,2.863628263136,4.2382030543209,83.2824391747903,17.7542670602195,5.35192368618873,3.34991682067606,12.5401008942997,4.05743938968086,0,12.5195798952419,17.0232815167793,0,42.3401355002167,8.00879410901521,3.46583342782184,9.79937060002929,0,18.3286263436125,0.842916047393067,4.09753347422019,9.62350443104993,9.74432401510207,13.9458370018429,2.96956924138368,5.58204884676769,138.302948491709,9.30424434187056,83.3064620129902,6.81579074669974,13.642935147166,63.7046441860574,4.61658827465864,5.54600451242075,8.60226009432265,6.91424522970729,0,1.75788173136955,0,0,10.9062378905175,7.51513863950682,11.7619135791208,16.2743314310863,0,12.4860308752401,2.33414013820549,25.6854539149734,2.11136768379895,1.41988870908856,11.5012279954586,2.7126285088467,1.16075684799036,44.960077255074,2.75990974629602,10.7834094046994,8.86821874248914,1.0132884649943,28.3491821950524,2.26708236289698,6.92638625861823,1.35504412718281,7.00863974235885,3.68250542623227,18.3603009055623,1.6337766082058,6.19405538385081,0,17.6445933411769,9.55696745379245,4.61115739474586,27.6356126168651,55.3019203707252,12.8087951109044,"CH vs. CW","CW"
"LOC144626817",8.88279247823546,16.7788043199956,5.18267090337132,3.10285404895909e-06,0.00146550617508746,0.944335098603166,0,0,0,0,0,6.54671827886109,0,0,0,0,0,0,0,7.01292853228926,0,0,0,0,0,0,2.11910152716045,8.51752218833083,0,0,0,0,0,0,0,0,0,0,31.0340771724339,0,0,0,0,0,0,0,0,0,0,0,0,24.4236413974102,7.19932387766582,0,0,0,0,0,1.91161335429392,0,0,0,0,0,9.81561410146577,0,11.7619135791208,0,0,0,0,1.07022724645722,1.05568384189948,0,0,46.1146846503939,0,0,0,16.1751141070491,0,0,0.885911943595387,634.783061611153,0,0,11.0135767379925,0,0,0,0,0,3.71465122972145,0,0,0,0,0,"CH vs. CW","CW"
"LOC144626789",26.9567547328325,2.62466313784501,1.6341355369641,6.60276149115474e-05,0.0188483445335963,3.77734039441266,11.0288820185841,14.25067787733,4.37353447820962,16.1859990622344,23.2488442740666,47.1363716077999,8.25452798198618,14.3422013566776,15.9673192430643,0,67.8999384780689,26.2044537908112,23.8635842889536,12.0221631982102,7.50934116600455,18.0315717730224,8.81007434120036,2.73977283582683,12.9632689529036,4.29544239470401,64.6325965783938,52.9979158385029,97.6484688312072,4.16260731148012,17.8662230436056,0,6.08615908452129,14.1820634762862,439.228594658071,4.5395417378078,13.9270463045693,47.9112059607715,46.0505661268374,18.1956254960647,9.79937060002929,8.42279743391361,5.39077245400368,15.1724888530752,7.17068357988534,44.9096873448997,22.4119452347348,10.8467621125445,2.96956924138368,0.930341474461282,38.3614017714229,2.32606108546764,83.3064620129902,10.2236861200496,34.632066142806,0,2.30829413732932,6.47033859782421,32.4974270229967,9.87749318529613,1.63752151979709,8.78940865684777,5.31860601659647,3.87825934004921,34.8999612496561,26.3029852382739,4.52381291504648,9.15431142998606,12.6485396099104,9.60463913480007,12.8377707601302,266.486584367849,6.33410305139686,7.8093878999871,75.7164176367693,12.2068282898102,14.5094605998795,7.19361236081184,17.2494359143501,39.0898590920354,16.6279101421671,6.07973078996579,31.8928299694339,19.2702000846243,6.92638625861823,6.09769857232264,0,1.84125271311613,6.48010620196316,23.6897608189841,3.71643323031048,16.153633514644,13.0012793040251,143.354511806887,19.5974189276699,9.94882054207142,14.0965679376358,73.6505718877003,"CH vs. CW","CW"
"LOC144627099",1674.43676210178,-3.01727267415652,1.98893911279084,6.9285614051349e-05,0.0191607736504413,9523.61946941293,137.359712413274,725.834526552008,84.8465688772666,263.600556156388,1319.37191255328,65.4671827886109,1290.80181318309,228.371975448635,3352.1390835908,213.855841724813,4488.82249532359,4086.84661321492,6.62877341359823,2026.7363458316,0,1129.97849777607,2618.35409420475,3813.76378747094,1837.08040018292,2730.46954890018,66.7516981055542,5.67834812555389,1688.87465410338,124.283561157049,2143.94676523268,814.061549721623,5273.65684673769,3374.2401793964,2.08659664920699,3014.25571390438,82.6338080737777,116.992479671651,223.245135788799,1433.12212240433,3276.00497136364,3080.6381614539,107.815449080074,1577.93884071982,261.217758981537,115.482053172599,3191.26611494593,555.509173906742,85.3751156897809,5033.14737683554,97.9225255744216,160.498214897267,176.897672422646,3816.16123907719,945.560351353582,2614.04989109229,2534.5069627876,86.8874040279252,162.487135114983,2105.88154710514,65.5008607918834,1399.27385817017,109.563283941887,59.1434549357504,2946.86547801783,752.766387057267,140.238200366441,2526.58995467615,193.619952490168,1105.49396441549,3.50121020730824,7469.11595302496,108.735435715646,57.5054927180868,3916.16813245366,74.5972839932843,117.816820071021,1434.22646443686,7435.19685652148,68.7442349549588,2112.85311539804,1500.68021665656,1268.62590322859,3831.36919329589,2383.6663567159,201.901574950239,51.0629466943288,6416.76570520973,91.8015045278115,2568.29682809952,3116.84866915373,3.02880628399576,885.944318288565,4900.60053325024,3567.88303418461,4448.2282068106,92.1698672845421,3.2021987777261,"CH vs. CW","CH"
"LOC144626783",77.9105815231961,-23.0899141353044,4.18132200308901,9.3991577878603e-09,7.39884611682567e-06,1.88867019720633,0,0,0,0,333.620915332855,0,543.76703081334,0,0,0,36.0718423164741,322.838870702794,0,0,0,0,703.924939861909,0,0,0,0,0,342.879282600489,0,359.557738752564,489.063934877689,0,0,0,0,0,0,0,0,0,0,0,0,0,0,0,0,0,468.892103128486,0,0,0,2.7263162986799,0,0,0,0,0,427.695454923323,0,217.977334689825,0,0,0,11.2727079592602,0.904762583009296,6.10287428665738,0,0,0,683.875210486165,0,0,579.853578104372,0,0,10.7904185412178,2.06993230972201,0,0,0,429.667292643763,0,0,0,0,0,0,2.4506649123087,0,0,0,454.486896691463,315.864281540092,497.441027103571,0,0,"CH vs. CW","CH"
"LOC111134122",58.7822666129125,1.21752370453828,0.86310086307893,7.11225860198293e-05,0.0193187358010322,67.0477920008248,21.055138399115,54.152575933854,76.9742068164893,64.7439962489375,53.4723418303531,114.567569880069,33.0181119279447,39.7168652954148,64.8672344249486,73.6390398392046,148.531115420776,75.4688269175364,27.8408483371126,53.0978874587615,35.4011797825929,78.888126506973,33.4782824965614,47.4893958209983,65.7422925468685,37.2271674207681,52.9775381790113,203.474141165681,145.363061555547,39.8420985527383,33.4991682067606,78.3756305893732,22.3159166432447,61.0919657440021,114.762815706384,55.6093862881456,38.995729652794,213.929105685305,54.0593602358526,61.5185433438377,50.504448477074,24.2155426225016,28.0320167608192,15.1724888530752,30.7315010566514,130.451948954232,75.0312949162859,60.4319603413192,31.1804770345287,31.6316101316836,64.6086766676596,31.4018246538131,31.8827200296629,49.7552724509081,56.670653688228,37.7908906188476,86.5610301498496,55.4600451242075,11.4696801257635,51.3629645635399,57.313253192898,26.3682259705433,78.7153690456277,57.2043252657258,45.8061991401736,26.3029852382739,94.0953086329667,36.6172457199443,30.1619021467095,65.3115461166405,40.8474524185961,28.896135654345,52.7841920949738,28.3977741817713,104.469487625416,17.6320853075036,52.8144365835613,14.3872247216237,60.7180144185124,153.663584016967,103.093042881436,23.3056346948689,43.409685236174,44.208106076491,38.5898662980159,37.2637134975272,35.0431987117943,30.3806697664162,136.082230241226,40.0275269010421,23.5374104586331,35.3360733132839,30.6458726452019,16.9901643622977,92.2231478949172,22.1084900934921,62.8923800294522,182.525330330388,"CH vs. CW","CW"
"LOC111099091",14.9019966052812,2.57093118965712,2.84630682179847,0.000188784656375602,0.0389211033227698,0,14.0367589327433,5.700271150932,37.6123965126027,13.8737134819152,4.64976885481331,26.1868731154444,0,0,0,25.2188492600016,1.06093653871983,2.0963563032649,2.65150936543929,0,10.7276302371494,23.2907802068206,3.52402973648014,229.227660597511,0,21.47721197352,10.5955076358023,0,11.0964169126372,0,0,0,0,0,15.6494748690524,13.6186252134234,0,25.6269241185522,6.00659558176141,12.1304169973765,7.53797738463791,0,0,17.7012369952544,7.17068357988534,25.6626784827998,2.92329720453062,1.54953744464921,0,0,0,3.48909162820146,4.11389935866618,25.900004837459,6.296739298692,0,4.61658827465864,33.2760270745245,1.91161335429392,0,8.18760759898543,3.51576346273911,6.38232721991576,17.4521670302214,5.45311894525876,0,3.61905033203718,0,36.9726542443536,14.4069587022001,2.33414013820549,11.7724997110295,1.05568384189948,4.25966612726569,24.9193273234937,0,11.0271900559084,0,13.1095712949061,18.870966458224,6.65116405686685,57.757442504675,400.432198505115,2.26708236289698,0,0,4.00493699563363,0,15.1202478045807,17.9715426902638,0,0,3.71465122972145,0,16.1390508816105,0,0,20.280592258932,"CH vs. CW","CW"
"LOC144626386",198.135144897743,-4.57495108089533,0.7556757229559,2.62390193067851e-10,2.96352610666242e-07,150.149280677903,64.1680408353981,59.852847084786,84.8465688772666,65.9001390390971,24.4112864877699,16.3667956971527,41.2726399099309,45.2330965864446,120.752851775673,128.111754240808,90.1796057911853,14.6744941228543,50.3786779433465,22.040632530052,20.3824974505838,148.760467127435,35.2402973648014,32.8772740299219,73.1498748056706,41.5226098154721,42.382030543209,40.6948282331362,196.406579353678,61.2497932974932,48.0154744296902,53.2954288007738,47.6749128287501,96.0016604548605,85.5504626174866,53.3396154192417,7.42775802910361,55.7107046055483,44.0483675995836,19.9285422099756,18.8449434615948,43.1668368488073,127.222229914487,46.3603826066187,38.9265680050918,83.4037050690994,15.5909184241633,58.1076541743454,11051.2519318094,400.977175492813,110.036652449608,32.564855196547,42.1674684263283,53.844746898928,54.571740588664,26.9934932991769,253.912355106225,28.6543566475072,101.315507777578,25.6814822817699,81.8760759898543,49.2206884783475,140.411198838147,20.3608615352583,32.7187136715526,83.9190481411595,34.3809781543532,17.2914771455292,71.0264147325741,142.148659195041,71.1912742152676,447.354989019119,80.2319719843602,27.687829827227,94.8851309625336,54.252570176934,19.7328664158361,23.3792401726385,47.6084431236063,109.182020222582,48.7752030836902,65.8637502246294,97.4503137954926,49.8758119837335,95.9799238694241,25.7458384164734,46.0567754497867,15.6506480614871,8.64014160261755,76.7875005856725,86.7167753739113,98.9410052771948,631.490709052646,37.1659845425262,99.139883987036,312.835134822913,90.0011645249058,94.9985637392076,"CH vs. CW","CH"
"LOC111134504",459.712012364784,-3.6112264872708,1.99010964792611,3.90953411263126e-05,0.0120902342433122,106.709866142158,1045.73854048938,291.663873889354,54.2318275297992,1441.71005932902,316.184282127305,751.563258413253,740.84388638326,1924.06147431121,25.9468937699794,101.884151010406,392.546519326336,80.7097176756986,286.363011467443,702.29470016211,17.164208379439,0.7513154905426,132.151115118005,1282.21368716696,763.906920438965,373.703488339249,87.9427133771588,46.3731763586901,73.2363516234054,101.686550037586,906.710819462986,150.481210731597,4.05743938968086,1803.30391740778,0,1.13488543445195,6.49928827546566,5.57107046055483,285.313290133667,986.029610215314,0,942.300462919085,1618.30989069191,0,4.09753347422019,9.62350443104993,8.76989161359186,2.32430616697382,10.3934923448429,137.69053822027,58.5516132300665,1654.99246231023,492.639448200275,2836.05052970176,1108.22611656979,1.07973973196708,233.137707870262,3.69733634161384,331.664916969995,474.119672894214,108.076420306608,641.626831949887,1498.78317547688,338.378127419293,1665.38252588203,82.6665250345751,3.61905033203718,168.846188597521,342.48353405296,0,100.368025942836,585.414303812101,35.8932506245822,273.328576499548,1242.13262350953,16.9539281802919,1562.95909581902,1371.28235627976,1930.55686753407,483.905497035887,1131.80641701018,21.2790577648803,29.2350941386478,134.89140059237,367.098471706766,1037.96380142203,15.0185137336261,786.214908500589,77.7612744235579,289.178459652426,479.419886710052,125.190659738491,3.71465122972145,135.921314898381,83.0008331054255,105.015327944087,144.218733515813,115.27915599814,"CH vs. CW","CH"
"LOC111138022",44.2927447676706,20.6795794739109,2.66078719880515,3.31118892242153e-15,6.68118350001022e-12,50.0497602259678,3.00787691415929,248.911840257364,0,0,0,0,0,0,0,85.7440874840053,2.12187307743965,0,0,66.1218975901559,0,150.26309810852,0,255.712131343837,0,5.72725652627201,347.532650454314,63.4082207353517,2.21928338252744,0,0,0,0,0,0,112.353658010743,0,0,232.255029161441,0,0,0,0,0,0,0,0,255.67367836712,0,0,0,112.81396264518,5.14237419833273,0,108.094024627546,0,0,0,0.955806677146961,0,0,0,0,0,63.2561797650016,0,23.5238271582417,101.71457144429,14.5944687806659,0,0,87.7586342094923,68.619449723466,0.709944354544282,0,176.320853075036,77.770708815354,110.601790047482,0,308.675094209521,104.201570224247,0,506.741631736562,66.8789297054608,5.93690250738706,0,47.0580096986951,1.84125271311613,147.962424944826,0,2.47762215354032,54.5185131119237,13.9299421114554,0,0,0,26.0244331156354,0,"CH vs. CW","CW"
"LOC144626483",131.076936949545,3.25473826702149,4.38792914420016,0.000201592615897524,0.0409122764310155,0,0,605.178787190614,463.594654690219,328.344552405326,333.620915332855,1100.50334267655,0,5.51623129102983,0.997957452691516,522.534556667232,47.7421442423922,1.04817815163245,0,0,0,1334.33631120366,0,0,0,0,0,5.67834812555389,0,0.594658187354303,1.11663894022535,0,0,0,15.6494748690524,529.991497889061,61.2790037401048,577.16289971348,1.0010992636269,0,53.5196394309292,0,20.484935325214,0,344.192811834496,327.199150655698,0,5.42338105627224,0,0,1.00951057293218,0,0,0,0,0,0,397.463656723487,0,0.987749318529613,615.708091443704,382.339276572878,376.55730597503,7.75651868009841,0,0,0,6.10287428665738,23.3511500490654,1805.67215734241,0,3.21068173937167,0,0,0,0,452.114792292244,0,0,2.69585235117486,0,0,990.449552939643,0,4.94741875615588,0.677522063591404,1.00123424890841,0,405.006637622698,0,0,1.00960209466525,9.28662807430361,0,0,0,5.42175689909071,10.6739959257537,"CH vs. CW","CW"
"LOC144627119",6057.45800410608,2.73190490038371,1.7773615672383,7.21375590984378e-05,0.0193187358010322,513.718293640122,1267.31880649911,1085.90165425255,5626.11475276885,1378.12220587024,76595.6423453397,150.574520413805,2472.23113060486,2338.88206739665,24190.4886532424,1538.3498048601,93533.2261900787,1524.05103247358,4158.89243969153,3468.39408268363,569.63716559263,376.409060761842,1855.4016562568,255.712131343837,1515.77651970738,284.215105116248,5411.12574960421,5088.74631185054,3398.83250034077,824.196247673064,450.005492910817,11845.1703030739,1229.4041350733,929.470621676604,7334.38722196257,26858.1986917399,3758.44556272643,35661.5362321036,505.555128131585,314.524383574832,220.108939631427,1052.8496792392,1709.95302240997,424.829687886106,17996.3670187751,368.901003190247,294.278585256083,470.284614451035,234.595970069311,858.705180927763,3325.32782723861,2490.04839199311,5361.4393391817,800.85541273722,1884.82396340847,1659.55996803339,2745.71587635323,1580.61128603992,1083.88477188465,929.472108736366,4743.89984285216,159.967237554629,510.586177593261,2436.51643038591,407.893297105355,984.483161775394,2197.66831412958,4248.61764922798,1576.20262831192,11582.2343326554,9218.6864758426,349.964309591512,10137.7319337607,241.381080545056,3888.3734981313,351.963549022859,546.136096979463,328.20856396204,414.676439380977,6544.18158247696,1129.58936232455,36057.8700268221,2769.36073567918,12157.229171035,628.322182031797,350.956428940347,16864.7896886132,1399.35206196826,1588.7060371813,7110.19579891164,20338.8002584125,1019.69811561191,1264.83874372015,4600.0870010921,514.144049514164,952.875923029507,19044.463283746,881.672063467252,"CH vs. CW","CW"
"LOC144627120",8268.7412515056,3.51245607276141,1.20034900225977,9.86585219557791e-06,0.00400445691382074,848.012918545643,3235.47293399734,3211.15274835836,11838.2831256178,3017.53268231655,81599.9560753325,431.428734576946,4079.80045509667,14640.0778463932,7272.11595776308,3080.73462560179,73031.6885158567,2894.01987665719,9033.69240805167,4763.78216729078,1523.32349367521,608.565547339506,7658.59762480547,1025.58829821118,1685.22496387747,307.84003828712,7911.66555165355,12732.7492802003,7186.03959262384,1100.11764660546,1659.32546517487,15040.8060143046,1639.20551343107,1003.65372293718,6418.3712929607,30467.1343732971,4717.55481823443,56008.1997681419,1010.10915699954,438.427928619463,597.761606601787,1300.26935386041,3218.2911550402,1582.15342095679,38114.2319938277,1074.62466146724,1859.21702208148,671.724482255433,622.124756069881,1851.37953417795,8052.86584028001,2514.47203339052,5748.14587889632,1014.18966310892,3351.96422000371,4992.71652061576,3643.64229577434,1947.57191794509,2099.90726969187,1148.75245744994,7824.07782159048,396.402330423835,2228.49592095392,1643.41239534585,1081.89879873934,2012.80463228124,2417.52562180084,5734.66753802905,1474.04134684726,12529.2517513467,14915.1554831331,1621.39427838269,19607.215995599,768.869735971457,7942.55636653047,940.603935442594,817.753199409207,1154.5747839103,665.828226293915,11642.0383785486,2381.11673235833,30388.521065179,2997.92601712679,17976.8295965916,1741.49140216687,346.213774495208,25033.8599254569,3796.66309444547,3537.05796857156,10956.9228229322,41835.8888736051,5529.59067248159,2225.07608660315,1517.43405460771,1891.72732119449,1789.68227306818,47222.4182397003,1879.69068252522,"CH vs. CW","CW"
"LOC111110115",193.155614854597,24.7138161577248,2.98710223278729,3.79595590126524e-17,1.00025641280116e-13,24.5527125636823,0,178.608496062536,0,0,0,0,0,0,0,38.3326508752024,0,57.6497983397847,147.158769781881,3.00554079955254,0,18.782887263565,0,14.6121217910764,0,0,23.310116798765,146.690659910142,0,0,0,0,0,0,1090.24674921065,46.53030281253,0,0,1680.84566362957,0,3.01519095385517,0,73.3145053744501,0,2.0487667371101,0,59.4403764921226,257.997984534094,0,0,0,255.86671940144,8.22779871733236,0,0,0,143.114236514418,0,0,0,0,0,0,2432.63817104586,196.312282029315,0,37.0952659033811,75.2687828687743,3210.7831317465,0,0,2.14045449291445,2.11136768379895,231.441859581436,0,0,0,0,1.37995487314801,20.2188926338114,7.75969139967799,5753.45190423763,16.8323269283124,40.8074825321456,0,0,3.00370274672522,0,52.9208673160325,0,0,1494.21110010457,57.5770940606824,0,0,54.1658007290555,0,0,"CH vs. CW","CW"
"LOC144618098",304.537918888888,25.2562645589026,2.85894882547714,2.79333014206972e-19,1.20937228500908e-15,320.129598426473,0,0,509.079413263599,0,0,1040.92820633891,699.571246473329,0,28.940766128054,259.249770392816,0,0,110.037638665731,0,0,1283.9981733373,86.3387285437635,98.6318220897658,0,1136.14451339921,0,0,415.005992532631,0,0,0,0,0,690.663490887514,5.67442717225976,0,0,0,2928.62924650946,0,0,39.8917161596273,927.207652132373,1.02438336855505,1207.21516696171,0,0,0,0,0,55.8254660512233,0,0,0,1850.67390059157,281.611884754177,1660.10401738461,55.4367872745237,0,0,0,0,45.5695472455782,0,472.201211182346,28.9524026562975,4427.63529496993,33.0807959028427,0,1065.53497309081,82.4074979772062,412.772382182695,0,0,0,0,0,0,603.870926663168,0,39.5182501347777,15.0605030411216,0,0,0,116.143172873375,1690.26999064061,1676.1874709078,637.172877200261,571.091906391044,171.632356093093,48.2904659863788,13.8045085443669,8.06952544080526,64.1146212711269,406.631767431803,0,"CH vs. CW","CW"
"LOC111107811",54.1336243230602,3.08530155444314,1.69440307174992,4.46497935738533e-05,0.0134868335775347,5.666010591619,3.00787691415929,49.402349974744,3.49882758256769,20.8105702228728,11.6244221370333,72.6685728953581,87.7043598086032,65.091529234152,8.98161707422365,0,162.323290424134,48.2161949750927,91.4770731076555,5.0092346659209,9.65486721343441,1.5026309810852,61.6705203884025,24.6579555224414,6.48163447645182,27.204468499792,13.7741599265429,30.2845233362874,183.090879058514,26.7596184309437,13.3996672827042,63.7455128793569,25.3589961855054,12.0002075568576,502.869792458885,1.13488543445195,3.71387901455181,320.893658527958,135.148400589632,62.3850017007932,49.7506507386102,3.1585490377176,3.23446347240221,4.21458023696533,5.12191684277524,4.27711308046664,162.730211052205,45.7113546171517,4.45435386207552,13.0247806424579,431.061014642041,6.97818325640292,20.5694967933309,29.3079002108089,452.315772956042,0,24.2370884419579,11.0920090248415,4.77903338573481,53.3384632005991,1.63752151979709,3.51576346273911,0,6.78695384508611,278.109066208197,18.7878465987671,4.52381291504648,67.1316171532311,6.81075209764409,4.80231956740004,15.1719108983357,5.35113623228612,10.5568384189948,9.93922096361994,183.06121226105,75.9535982477076,16.8309742958602,9.89121699611628,62.7879467282345,45.8294899699725,84.2480780536468,3.0398653949829,0.885911943595387,29.4720707176607,23.7476100295482,5.42017650873124,26.0320904716186,38.6663069754388,3.24005310098158,10.6195479533377,3.71643323031048,87.835382235877,30.6458726452019,56.2799194501111,6.91673609211879,39.7952821682857,2.16870275963628,263.647699366115,"CH vs. CW","CW"
"LOC111109456",162.903510861596,-2.90289067031492,3.77688292378815,0.000203321224271767,0.0409432204876566,41.5507443385393,2.00525127610619,15.200723069152,1.74941379128385,0,4.64976885481331,1293.63153190295,0,0,1238.46519879017,10.0875397040006,0,866.843331400036,10.6060374617572,4.00738773273672,0,12.0210478486816,35.2402973648014,0,0.925947782350261,1312.25765158207,0,3.78556541703592,801.161301092405,1.78397456206291,2.2332778804507,0,1345.0411576792,64.3647496231451,0,11.3488543445195,7.42775802910361,0,1248.37078174275,7.79812521259915,3.01519095385517,0,33.4227892148228,0,0,0,9.74432401510207,1.54953744464921,0,1165.71786749999,0,15.1193970555397,1328.78949284918,24.5368466881191,0,37.7908906188476,2.30829413732932,0,26.7625869601149,1.97549863705923,0,1.75788173136955,0,34.9043340604429,30.5374660934491,0,31.6666904053253,39.6686828632729,10.702610439155,0,24.5084714511577,1182.60110733523,0,0,121.721329618604,0,0,0,2.06993230972201,0,6.65116405686685,914.999483889852,0,9.06832945158791,8.90535376108059,4.06513238154843,14.0172794847177,1.84125271311613,1.08001770032719,1665.63525206581,0,14.1344293253135,5.57197684458217,0,21.9029976250428,4.42169801869841,2.16870275963628,2.13479918515073,"CH vs. CW","CH"
"LOC144627151",21.7036421472051,-16.0206355003694,3.22170384054114,1.11888116794409e-07,6.9202800237342e-05,0,0,0.950045191822,194.184930832507,0,1.16244221370333,0,0,0,0,179.558206731211,0,0,0,0,1.07276302371494,0,0,0,172.226287517148,2.147721197352,0,0,0,0,4.46655576090141,0,0,0,0,0,0,0,0,0,5.27658416924654,0,1.07815449080074,0,0,0,0,103.819008791497,0,0,0,0,0,107.689493797856,0,4.3189589278683,1.15414706866466,0,194.98456213798,0,0,0,0,203.608615352583,55.6218132416394,0,0,0,108.972033562305,0,0,1.07022724645722,81.2876558262597,0,0,0.678157127211675,0,0,136.615532441653,2.69585235117486,0,0,0,0,204.823136504853,0,85.1049111572146,0,0,0.816888304102899,0,1.00960209466525,8.35796526687325,13.8045085443669,1.15278934868647,0,134.45957109745,4.26959837030146,"CH vs. CW","CH"
"LOC111106289",110.704027307911,6.04714660882908,3.33842079416478,2.04152594952613e-05,0.00726475610833429,0,18.0472614849557,26.601265371016,0,91.3352804226082,6.97465328221997,92.3087277319414,11.349975975231,55.1623129102983,0,0,55.168700013431,82.8060739789635,511.741307529783,83.153295454287,4.29105209485974,0.7513154905426,0,1.82651522388455,0,32.9317250260641,2.11910152716045,0,37.7278175029664,0,0,0,1.01435984742021,6.54556775828594,63.6411978008132,0,0,1884.13602975964,190.208860089111,142.965628897651,15.0759547692758,0,2.15630898160147,0,0,12.8313392413999,31.1818368483266,0,0,0,20.1902114586436,6.97818325640292,61.7084903799927,0,12.593478597384,10.7973973196708,1361.8935410243,0,0,35.5589754670661,345.517040677185,0,23.4018664730244,0,101.428012381813,0,0,2.03429142888579,0,1.92092782696001,0,0,8.44547073519582,340.773290181255,121.721329618604,8.1378855265401,14.5094605998795,1.79840309020296,66.2378339111045,63.3525302526091,6.65116405686685,4.0531538599772,0,3.40062354434547,0,0,16.0197479825345,47.8725705410195,736.572071623146,8.98577134513189,73.0898535294395,6.05761256799152,69.6497105572771,0,1488.25104915423,4.42169801869841,29.2774872550898,1728.11994037952,"CH vs. CW","CW"
"LOC111110024",29.5075027890532,4.56514305609095,2.94616875141798,3.98310877091107e-05,0.0121728490049361,49.1054251273646,0,114.00542301864,0,11.561427901596,0,5.23737462308887,0,0,0,17.1488174968011,3.18280961615948,2.0963563032649,5.30301873087858,31.0572549287096,2.14552604742987,48.0841913947264,9.6910817753204,142.468187462995,7.40758225880209,7.15907065784001,112.312380939504,243.222578044558,0,1.78397456206291,0,0,0,0,139.801975496868,49.9349591158858,0,0,143.157194698647,12.1304169973765,0,0,0,3.37166418957227,0,7.48494789081661,29.2329720453062,91.4227092343034,0,1.86068294892256,81.7703564075067,100.020626675108,43.1959432659949,0,2.098913099564,49.6680276704855,2.30829413732932,8.31900676863113,3.82322670858784,0,0,3.51576346273911,0,143.495595581821,70.8905462883639,5.01009242633788,3.61905033203718,23.3943514321866,2.91889375613318,0,7.00242041461648,25.6854539149734,3.16705152569843,12.7789983817971,0,23.057342325197,7.54491951193732,4.4960077255074,1.37995487314801,122.661281978456,157.410882679182,0,246.283520319518,29.4720707176607,5.93690250738706,1.35504412718281,16.0197479825345,3.68250542623227,17.2802832052351,14.7039894738522,12.3881107677016,36.3456754079491,30.6458726452019,3.18565581793082,0,9.94882054207142,0,116.346555590715,"CH vs. CW","CW"
"LOC111107803",26.9362643296469,17.471472655447,3.06601010589753,5.01153278598709e-09,4.19950281230925e-06,4.72167549301583,0,7.600361534576,0,0,0,0,0,0,0,204.777055991213,0,0,0,131.241948247128,0,109.69206161922,1.76201486824007,24.6579555224414,0,0,0,7.57113083407185,4.43856676505487,0,0,0,0,0,0,78.3070949771846,0,2.22842818422193,142.15609543502,0,6.03038190771033,0,0,0,0,0,0,462.536927227789,0,0,0,5.8151527136691,0,0,0,0,0,0,0,0,0,0,0,0,136.327973631469,2.50504621316894,13.5714387451394,8.13716571554317,0,0,0,6.42136347874334,60.1739789882702,0,0,144.447468096087,0,0,0,31.0023020385108,805.8993782237,0,51.3828927285325,1.13354118144849,0,0,23.0283877248934,0,15.1202478045807,0,4.95524430708064,0,7.42930245944289,0,0,0,0,0,"CH vs. CW","CW"
"LOC144627235",150.407020366976,2.17891509266374,1.89090365738759,0.000152773994235426,0.0336322885445226,532.604995612186,17.0446358469026,13.300632685508,8.74706895641923,5.78071395079799,0,15.7121238692666,55.7180638784067,13.2389550984716,0.997957452691516,16.140063526401,341.621565467784,9.43360336469205,13.2575468271965,23.0424794632361,20.3824974505838,12.7723633392242,326.853758058533,16.438637014961,24.0746423411068,322.874086668584,43.4415813067893,754.273909344408,6.65785014758231,63.0337678595562,36.8490850274366,6.27005044714986,4.05743938968086,12.0002075568576,590.506851725578,17.0232815167793,21.3548043336729,23.3984959343303,31.0340771724339,244.34125666144,45.2278643078275,15.792745188588,34.5009437056236,52.2607949383701,23.5608174767661,528.22346543763,6.82102681057145,6.97291850092145,14.1054538965725,21.3978539126095,579.459068863072,5.8151527136691,56.56611618166,14.9947396427394,17.840761346294,458.889386086007,332.394355775422,611.90916453709,1647.81071140136,3.95099727411845,3.27504303959417,5.27364519410866,24.4655876763437,2140.79915570716,22.9030995700868,205.413789479853,25.3333523242603,13.2228942877576,1381.60971123637,22.0906700100402,16.3389809674385,245.082039438704,4.22273536759791,396.148949835709,8.62592099659397,34.5860134877954,6.96454108794214,227.497990910675,6.20979692916604,33.6981543896857,17.7364374849783,16.2126154399088,9.74503137954926,10.2018706330364,55.4110900689459,14.2279633354195,5.00617124454204,18.4125271311613,11.8801947035991,38.3937502928363,8.67167753739113,16.153633514644,22.2879073783287,9.55696745379245,16.1390508816105,6.63254702804762,24.9400817358173,739.707917654729,"CH vs. CW","CW"
"LOC111106656",119.565251126,-21.7087860343118,1.97198905075907,1.38985498387526e-28,1.80521314580638e-24,16.0536966762538,6.01575382831857,0,0,2112.27287762159,2.32488442740666,0,1.03181599774827,3788.54765067929,0,0,0,1.04817815163245,0,21.0387855968678,151.259586343806,17.2802562824798,8.81007434120036,0,10.1854256058529,0,54.0370889425915,0,14.4253419864283,23.7863274941721,51.3653912503662,5.22504203929155,0,25.0913430734295,0,0,0,0,13.0142904271497,3107.11966804228,36.182291446262,25.2683923017408,2.15630898160147,16.8583209478613,0,0,0,0,0.742392310345921,0.930341474461282,0,16.2824275982735,39.0820439073287,47.0289561522282,8.395652398256,0,0,0,363.206537315845,18.7672370520627,81.8760759898543,9.66834952253255,37.2302421161753,0,51.2593180854324,25.0504621316894,36.1905033203718,8.13716571554317,34.0537604882204,19.2092782696001,15.1719108983357,0,2.11136768379895,20.5883862817842,10.5427923291704,4.74709989048173,540.912691163507,10.7904185412178,26.9091200263862,9.43548322911199,18.8449648277894,0,0,0,0,4.74265444513983,3.00370274672522,0,3.24005310098158,9.80265964923479,0,0,23.216570185759,8.49508218114884,3.4583680460594,89.5393848786428,6.50610827890885,0,"CH vs. CW","CH"
"LOC111110291",34.159213439106,-1.95596853068102,1.65769335797861,0.000149516083867838,0.0331964043644002,59.4931112119995,29.0761435035398,6.650316342754,10.4964827477031,19.6544274327132,13.9493065644399,13.7481083856083,52.6226158851619,4.41298503282386,5.9877447161491,2.01750794080012,24.401540390556,46.1198386718278,26.5150936543929,3.00554079955254,23.6007865217286,33.0578815838744,11.4530966435605,12.7856065671919,17.593007864655,26.488561434008,20.1314645080243,17.9814357309206,35.508534120439,11.2985055597318,23.4494177447324,7.31505885500817,763.812965107422,6.54556775828594,26.0824581150874,7.94419804116366,22.2832740873108,15.5989972895535,6.00659558176141,1.73291671391092,27.8905163231603,6.31709807543521,8.62523592640589,10.1149925687168,15.3657505283257,3.20783481034998,27.2841072422858,1.54953744464921,857.463118449538,36.28331750399,11.104616302254,16.2824275982735,2.05694967933309,16.3578977920794,12.593478597384,2.15947946393415,2.30829413732932,4.6216704270173,9.55806677146961,13.8284904594146,3.27504303959417,4.39470432842389,29.7841936929402,4.84782417506151,39.2624564058631,12.5252310658447,5.42857549805577,2.03429142888579,54.4860167811527,24.9720617504802,16.3389809674385,23.5449994220589,9.50115457709529,51.8259378817326,11.5012279954586,6.10341414490508,1.16075684799036,6.29441081571036,13.1095712949061,2.69585235117486,4.43410937124457,18.2391923698974,15.946414984717,81.6149650642912,34.6319312930912,46.7490223878069,13.0160452358093,5.5237581393484,41.0406726124334,9.80265964923479,1.23881107677016,9.08641885198728,5.57197684458217,23.3614759981593,16.1390508816105,4.42169801869841,18.4339734569084,10.6739959257537,"CH vs. CW","CH"
"LOC111108083",111.650878839711,1.92249994531296,1.50009513683782,0.000121429979729186,0.0286762416675005,54.7714357189836,30.0787691415929,1131.50382346,93.5936378336858,24.2789985933516,48.8225729755398,34.6976068779638,4.12726399099309,17.6519401312955,79.8365962153213,69.6040239576043,53.0468269359914,103.769637011613,41.098395164309,19.0350917304994,38.6194688537377,54.0947153190672,32.5972750624413,108.677655821131,97.2245171467774,32.9317250260641,75.228104214196,1069.42223031265,69.9074265496143,42.2207313021555,7.81647258157747,82.5556642208064,58.8328711503724,22.9094871540008,889.933470886781,5.67442717225976,14.8555160582072,30.0837804869961,28.0307793815532,14.7297920682428,33.9208982308706,91.5979220938105,53.9077245400368,55.6324591279424,95.2676532756195,50.256078695483,32.1562692498368,185.169724635581,45.2859309311011,42.795707825219,24.2282537503724,56.9884965939572,28.7972955106633,46.3473770775582,133.280981822314,26.9934932991769,48.4741768839158,52.6870428679972,61.1716273374055,5.92649591117768,36.0254734355359,7.910467791163,44.6762905394103,64.9608439458242,94.8842696475025,50.1009242633788,123.952473872274,73.2344914398885,66.1615918056854,29.7743813178802,861.297710997827,101.671588413436,50.6728244111749,17.0386645090628,92.9682596299572,44.0802132687589,28.4385427757638,60.2465035217992,137.305509878227,13.4792617558743,368.031077813299,27.3587885548461,597.990561926886,44.208106076491,43.5372850541717,21.6807060349249,255.314733471644,29.4600434098581,77.7612744235579,18.7884309943667,16.1045439980121,47.4512984492669,99.3669203950487,46.7229519963186,78.3896757106797,111.647874972135,100.844678323087,646.844153100672,"CH vs. CW","CW"
"LOC111105777",2.87603506750809,2.97620775036172,2.93580258022224,0.00013694207716958,0.0316653909278826,1.88867019720633,0,1.900090383644,0,0,4.64976885481331,9.16540559040553,0,0,2.99387235807455,2.01750794080012,0,4.1927126065298,2.65150936543929,1.00184693318418,0,4.5078929432556,1.76201486824007,1.82651522388455,0,0.715907065784001,0,82.3360478205313,1.10964169126372,0.594658187354303,0,2.09001681571662,2.02871969484043,0,8.34638659682796,1.13488543445195,1.8569395072759,2.22842818422193,3.0032977908807,3.46583342782184,2.26139321539137,0,3.23446347240221,0,0,7.48494789081661,16.5653508256735,0,0,0,14.1331480210505,0,1.02847483966655,0,0,0,1.15414706866466,0,0,0,9.82512911878252,0,0,0,0,0,0,0,0,1.92092782696001,0,0,1.05568384189948,0,3.83374266515287,0,1.16075684799036,0,0,16.1751141070491,1.10852734281114,0,7.97320749235849,0,0,0,0,0.920626356558067,18.3603009055623,3.2675532164116,0,0,0,0,0,0,0,8.53919674060293,"CH vs. CW","CW"
"LOC144627840",35.8235561937804,34.0255398101363,8.26920437001899,2.04973785109409e-07,0.000118324533684158,0,0,0,0,0,0,0,0,0,0,0,0,0,0,0,0,0,0,0,0,0,0,359.628714618413,0,0,0,0,346.911067817713,0,218.04934984213,0,0,0,0,0,0,0,0,0,0,0,0,0,0,0,387.652060005958,0,0,0,0,0,0,0,323.062656875673,0,0,0,0,665.121476818439,0,0,0,0,402.807338346379,0,0,0,0,0,284.655392887601,0,0,0,0,0,0,0,0,0,0,0,0,0,0,0,0,0,0,0,0,0,0,343.702668809268,"CH vs. CW","CW"
"LOC144618695",24.1860510323358,30.5867121824489,7.08261807698068,2.35415810817644e-07,0.000132943402556738,0,0,0,0,0,0,0,0,0,0,0,0,0,0,0,0,0,0,0,0,186.13583710384,0,0,0,0,0,0,0,0,0,0,0,0,0,215.74813088191,0,0,166.035791583313,0,119.852854120941,0,242.633667976042,0,0,0,0,0,0,0,0,83.1399593614648,131.572765827771,0,0,0,0,0,0,0,139.599844998624,0,0,0,0,218.985772273442,0,0,0,0,179.227469595897,0,0,5.39520927060888,367.067996257371,0,0,0,0,0,0,191.738743996367,0,0,0,0,0,0,0,0,0,0,2.16870275963628,0,"CH vs. CW","CW"
"LOC111134274",179.913083900332,3.5287500486929,2.72996019354891,7.75171020591211e-05,0.0203340283815325,258.747817017267,1294.38969872655,1.900090383644,0,3.46842837047879,9.29953770962662,7.2013901067472,10.3181599774827,0,979.994218543069,3.02626191120019,0,0,5.30301873087858,1064.96328997478,31.1101276877331,3.0052619621704,358.570025686855,0.913257611942276,27.7784334705078,19.329490776168,0,137.226746367552,3.32892507379116,20.8130365574006,0,6.27005044714986,4.05743938968086,3.27278387914297,1098.59313580748,1.13488543445195,886.688614724244,440.114566383831,1110.21908336223,73.6489603412142,9.0455728615655,1.0528496792392,16.1723173620111,42.1458023696533,638.190838609795,0,2.92329720453062,2.32430616697382,6.68153079311328,1.86068294892256,2.01902114586436,239.584291803167,1096.35417908454,376.913228292496,2.098913099564,59.3856852581891,23.0829413732932,87.8117381133286,1081.97315853036,6.91424522970729,4.91256455939126,494.84370738053,531.860601659646,1263.34298002103,54.5311894525876,67.6362477555614,38.9047910693997,8.13716571554317,596.427290836546,220.906700100402,0,18.1938631897728,2.11136768379895,3.54972177272141,250.151708901225,6.10341414490508,0.580378423995179,4.4960077255074,6.89977436574005,10.7834094046994,0,38.5049616697834,13.2886791539308,0,94.0009563669617,195.126354314324,7.00863974235885,162.950865110778,2.16003540065439,10.6195479533377,38.403143379875,0,4.64331403715181,66.8987721765471,122.195670960765,0,5.42175689909071,825.099885060758,"CH vs. CW","CW"
"LOC144618752",12.6340223703359,7.89855295737618,1.85073682836983,1.53951025175226e-07,9.30043204878336e-05,0,0,3.800180767288,0,1.1561427901596,0,1.30934365577222,0,2.20649251641193,6.98570216884062,2.01750794080012,20.1577942356767,2.0963563032649,2.65150936543929,0,4.29105209485974,0,0,7.30606089553821,4.6297389117513,3.57953532892001,0,975.729486241009,0,0.594658187354303,2.2332778804507,0,1.01435984742021,0,4.17319329841398,1.13488543445195,0,1.11421409211097,0,0,0.753797738463791,0,1.07815449080074,0,5.12191684277524,2.13855654023332,0,1.54953744464921,0,0,8.07608458345745,0,0,0,0,0,10.387323617982,1.84866817080692,0,0.987749318529613,3.27504303959417,0.878940865684777,0,0,0,0,0.904762583009296,0,0.972964585377727,0.960463913480007,0,1.07022724645722,2.11136768379895,0,4.79217833144109,2.7126285088467,0,1.79840309020296,0,0,2.21705468562228,10.132884649943,0,0,0,0,0,12.8887689918129,0,2.4506649123087,2.47762215354032,13.1248272306483,1.85732561486072,5.30942636321803,0,8.84339603739682,3.25305413945443,12.8087951109044,"CH vs. CW","CW"
"LOC111137950",29.5311072581723,21.8200863134878,4.98102380921226,4.76227190114469e-07,0.000257728202450074,0,0,0,0,18.4982846425536,0,0,0,2.20649251641193,0,0,0,0,0,0,0,0,4.40503717060018,0,0,0,0,0,0,0,0,0,0,0,56.3381095285887,0,0,395.546002699393,0,12.1304169973765,0,0,0,0,0,0,3.89772960604083,0,0,0,0,0,0,0,28.335326844114,0,0,0,0,21.7304850076515,85.1511190294485,0,0,0,7.63436652336227,0,0,0,0,7.68371130784006,0,0,0,0,35.4621196526641,0,80.0922225113347,0,0,0,0,4.0531538599772,0,0,0,0,0,0,187.923079856932,0,0,4.03840837866101,0,0,204.043714717504,0,0,1587.22319415957,"CH vs. CW","CW"
"LOC111136486",629.695509807431,1.74972034712905,0.312222315103914,1.42015297474779e-08,1.02475871736176e-05,535.438000907995,459.202542228318,494.973544939262,396.242223725791,460.14483048352,362.681970675438,536.176227038723,444.712695029506,642.089322275872,753.457876782095,441.834239035227,360.718423164741,604.798793491923,487.87772324083,560.032435649957,860.355945019378,504.884009644627,570.892817309783,686.769724180591,469.455525651582,468.919128088521,581.693369205544,7365.76391019765,431.650617901587,686.83020639422,433.255908807437,611.329918597111,631.946184942794,382.915713859728,718.832545651808,427.851808788386,617.432386169238,608.360894292587,510.560624449719,435.828553548597,731.183806309878,518.002042185687,410.776860995081,695.40573909928,697.605073985988,676.853144983845,470.65084992943,512.896894178889,498.887632552459,570.299323844766,482.546053861583,523.363744230219,542.006240504269,556.168524930699,662.207082912442,550.667263303208,362.402179560704,671.066546002911,710.164361120192,488.935912672159,350.429605236576,380.581394841509,613.767134315232,756.260571309595,436.249515620701,437.13056419798,685.810037921046,699.796251536712,723.885651521029,467.745925864764,545.021722270983,525.481578010496,367.377976981018,509.740046562794,479.217833144109,1093.86744619243,704.579406730147,556.605756417816,497.473731769858,950.287953789137,405.721007468878,441.793770737514,523.573958664874,579.239543720178,512.552583137749,416.676069108714,538.664025912723,513.709506959401,465.48762884102,889.591363168057,520.300652243468,522.973885036601,537.695765502179,584.036899953983,536.047047139206,501.86272512227,632.176854433977,780.269102172593,"CH vs. CW","CW"
"LOC111101203",35.8458394176086,1.62818321680053,1.07927778825583,7.19828620558706e-05,0.0193187358010322,44.3837496343488,44.1155280743362,28.50135575466,48.1088792603058,13.8737134819152,48.8225729755398,14.4027802134944,10.3181599774827,49.6460816192685,39.9182981076607,14.1225555856009,10.6093653871983,18.8672067293841,38.4468857988697,20.0369386636836,19.3097344268688,70.6236561110044,42.2883568377617,27.3977283582683,11.1113733882031,35.7953532892001,28.6078706166661,703.168776214423,21.0831921340107,28.5435929930066,27.9159735056338,41.8003363143324,43.6174734390692,19.6367032748578,58.4247061777957,31.7767921646546,26.9256228555006,36.7690650396619,59.0648565539871,12.1304169973765,24.1215276308413,50.5367846034817,15.0941628712103,40.4599702748672,19.4632840025459,12.8313392413999,23.386377636245,34.0898237822826,34.8924385862583,13.0247806424579,24.2282537503724,22.0975803119426,15.4271225949982,17.0394768667494,16.791304796512,44.2693290106501,18.4663530986346,12.016343110245,17.2045201886453,15.8039890964738,6.55008607918834,17.5788173136955,25.529308879663,28.1173802153567,18.5406044138798,10.0201848526758,41.6190788184276,31.5315171477298,16.5403979514214,54.7464430683604,19.8401911747467,25.6854539149734,19.0023091541906,32.657440309037,33.5452483200876,21.0228709435619,30.7600564717445,23.3792401726385,8.27972923888806,21.5668188093988,107.527152252681,32.4252308798176,40.7519494053878,11.3354118144849,9.89483751231176,19.6481398441507,36.0444329607027,32.2219224795323,54.0008850163597,17.1546543861609,45.836009840496,33.3168691239533,43.647151949227,28.6709023613773,2.30557869737293,32.0573106355635,30.361838634908,8.53919674060293,"CH vs. CW","CW"
"LOC111129538",2.5325729633988,18.8144389823498,3.15236460972654,1.0570371116916e-09,1.05610204040049e-06,0,0,117.805603785928,0,0,0,0,0,0,2.99387235807455,0,0,4.1927126065298,0,2.00369386636836,6.43657814228961,3.0052619621704,0,1.82651522388455,0,0,0,10.4103048968488,0,0,0,0,0,0,0,0,0,0,0,3.46583342782184,0,0,0,0,6.14630021133029,4.27711308046664,0,5.42338105627224,0,0,0,0,0,0,0,0,0,0,0,0.987749318529613,0,0,0,1.9391296700246,3.27187136715526,0,0,0,0,0,3.50121020730824,0,0,0,0,0,0,0,0,0,17.7364374849783,4.0531538599772,21.2618866462893,0,0,1.35504412718281,2.00246849781681,0,0,0,0,0,0,0,9.22231478949172,2.21084900934921,0,0,"CH vs. CW","CW"
"LOC111130816",3705.40607869648,-2.27087613801505,0.898365115417231,1.70607712186055e-05,0.00638293175539374,21955.7910425236,1220.19540151062,2720.92942937821,917.567533528378,7138.02558644536,1861.06998413903,1251.73253491824,1419.77881290162,2364.25673133539,1361.21396547123,4002.73575454745,737.35089441028,4390.81827718833,2097.34390806248,806.486781213265,3726.77874438568,2923.36857370126,4144.25897010065,937.915567464717,825.945421856433,12483.9874131414,3471.08830148882,796.861520286062,584.78117129598,12246.9853685619,3422.49835179071,3076.50475273486,1025.51780574184,7511.03900263312,923.319017274093,5947.93456196268,962.823134522556,582.733970174035,1425.56535140471,5390.23743861992,2164.15330712954,1643.49834929239,14652.119529982,1190.19745891901,1013.11515150094,841.521998581811,8521.41135120676,1089.32482358839,9809.97198891099,3097.10676848161,2108.86758685533,1542.17849966504,4436.84045832148,3053.47425452148,757.707628942604,3238.13945616926,3700.1955021389,809.71665881343,9494.02772410076,769.456719134569,5800.10122312128,3760.10902339948,5603.68329908604,1414.59509428295,1638.11693115573,1688.40114767587,1236.81045097371,1042.57435730397,23812.3352625345,2374.26679412258,1551.03612183755,1422.33201054165,825.544764365391,7136.36065187912,668.029659402888,2556.65236958802,2059.76302675889,987.323296521425,844.532382366582,18411.3236323487,2099.5507872843,1799.60031382987,8828.99842987163,1066.66225174303,1107.23231762769,9859.97859144571,7488.23094758598,6563.14529590246,1574.66580707705,1052.15213568453,1531.17049088792,1098.4470789958,1046.60298397402,3036.99187976071,7203.78063994172,1841.63722478789,1122.30367811178,859.25667202317,"CH vs. CW","CH"
"LOC111125163",24.1927201275508,20.5988198558348,2.62721302638995,1.93690186380566e-15,4.57408179237088e-12,54.7714357189836,0,3.800180767288,1.74941379128385,0,0,1.30934365577222,0,449.021227089828,0.997957452691516,9.07878573360056,0,4.1927126065298,0,100.184693318418,0,16.5289407919372,0,10.045833731365,0,0,13.7741599265429,166.564878349581,2.21928338252744,0,0,0,0,0,0,21.5628232545871,3.71387901455181,0,18.0197867452842,268.602090656193,0,0,0,0,0,0,0,27.8916740036858,0,0,0,18.6084886837411,2.05694967933309,117.913179917906,2.098913099564,0,0,0,0,0,0,0,0,3.87825934004921,15.2687330467245,5.01009242633788,11.7619135791208,37.6343914343871,0,0.960463913480007,0,85.6181797165778,0,0,0,37.2986419966421,289.028455149599,1.79840309020296,0,37.741932916448,21.0620195134117,0,42.5237732925786,300.388413083849,0,0,0,0,19.4403186058895,0,0,9.08641885198728,16.7159305337465,0,0,0,0,0,"CH vs. CW","CW"
"LOC111131250",37.6684680391083,4.84252834549086,1.02089145742668,1.7086213102667e-07,0.000100874672219995,12.2763562818412,49.1286562646017,113.055377826818,21.8676723910481,34.6842837047879,20.9239598466599,9.16540559040553,0,2.20649251641193,8.98161707422365,29.2538651416018,7.42655577103879,15.7226722744867,10.6060374617572,4.00738773273672,97.6214351580591,27.0473576595336,0,8.21931850748048,15.7411122999544,55.8407511311521,31.7865229074068,996.550096034707,47.7145927243399,1.18931637470861,5.58319470112676,33.4402690514659,23.3302764906649,5.45463979857162,15.6494748690524,9.07908347561561,9.28469753637951,12.2563550132206,30.032977908807,36.3912509921294,3.76898869231896,9.47564711315282,4.31261796320295,765.367771032905,39.9509513736469,6.41566962069995,11.6931888181225,37.188898671581,4.45435386207552,1.86068294892256,2.01902114586436,8.14121379913674,16.4555974346647,0,30.434239943678,56.1464660622879,31.1619708539459,27.7300225621038,57.3484006288177,17.779487733533,13.1001721583767,2.63682259705433,0,13.5739076901722,3.27187136715526,3.75756931975341,7.23810066407436,25.4286428610724,5.83778751226636,13.4464947887201,14.004840829233,7.49159072520056,4.22273536759791,11.3591096727085,10.5427923291704,24.4136565796203,4.64302739196143,1.79840309020296,8.27972923888806,12.1313355802868,46.558148398068,14.1860385099202,54.926540502914,2.26708236289698,31.6634800393976,21.6807060349249,109.134533131016,7.36501085246453,7.56012390229036,2.4506649123087,9.91048861416129,16.153633514644,10.215290881734,6.37131163586163,13.8334721842376,15.4759430654444,13.0122165578177,0,"CH vs. CW","CW"
"LOC111128341",855.19730697901,4.74410199268877,2.56250147442156,2.57767329967999e-05,0.00881055517181409,907.506029757643,36.0945229699114,1424.11774254118,25.3664999736158,538.762540214373,68.5840906084963,50.4097307472304,0,11.0324625820597,41.9142130130437,1853.08104362491,9.54842884847844,802.904464150456,0,165.30474397539,8.58210418971948,1494.36651068923,0,530.602672538462,0,28.63628263136,4168.27270392461,7721.60705939902,127.608794495328,4.16260731148012,26.7993345654085,7.31505885500817,220.116086890187,15.2729914360005,190.92359340244,1008.91315122778,240.473666192229,0,395.434209132626,36.3912509921294,596.254011124859,6.31709807543521,59.2984969940405,40.4599702748672,17.4145172654358,3.20783481034998,5.84659440906124,16332.1246666027,10.3934923448429,20.4675124381482,13.1236374481184,81.4121379913674,214.951241490308,148.584238278054,65.066306086484,79.9007401655636,129.264471690442,393.766320381874,256.156189475386,29.6324795558884,49.1256455939126,64.1626831949887,57.4409449792418,0,3115.91216532086,135.272495511123,135.714387451394,1301.94651448691,483.56339893273,0,695.573761185237,7125.57300691219,1702.81803698386,5.67955483635425,3.83374266515287,5006.15591307659,16.8309742958602,48.5568834354799,4.82984205601803,40.4377852676228,3423.13243460081,2.0265769299886,4902.63669585687,4344.86334849206,139.517208923596,102.305831602302,3259.01748019687,0,794.893027440815,12.2533245615435,6.19405538385081,319.03426191422,1198.9036843926,0,2.30557869737293,28.7410371215397,331.811522224351,8.53919674060293,"CH vs. CW","CW"
"LOC111128281",56.9071671333493,2.92531425769603,1.08245213102607,1.41210617650754e-05,0.0055579215374449,29.2743880566981,20.0525127610619,275.51310562838,38.4871034082446,33.5281409146283,11.6244221370333,32.7335913943054,26.8272159414551,67.2980217505639,15.9673192430643,27.2363572008017,15.9140480807974,33.5417008522384,80.8710356458984,17.0313978641311,41.8377579248825,35.3118280555022,28.1922378918412,40.1833349254601,34.2600679469596,21.47721197352,23.310116798765,157.100964806991,36.6181758117027,7.13589824825164,14.5163062229296,11.4950924864414,59.8472309977926,28.3641269525724,355.764728689792,362.028453590172,17.6409253191211,20.0558536579974,29.0318786451801,32.058959207352,269.859590370037,10.528496792392,23.7193987976162,9.27207652132373,41.999718110757,474.759551931797,18.5142156286939,19.3692180581151,22.2717693103776,22.3281953870708,18.1711903127793,30.2387941110793,18.5125471139978,38.1684281815186,1.049456549782,74.5020415057282,28.8536767166165,13.8650112810519,16.2487135114983,20.7427356891219,50.7631671137097,3.51576346273911,4.25488481327717,18.4217318652337,26.1749709372421,21.292892811936,9.04762583009296,29.497225718844,21.40522087831,103.730102655841,32.6779619348769,20.3343176826872,38.0046183083812,14.9088314454299,23.0024559909172,27.8044422156787,24.3758938077975,3.59680618040592,20.6993230972201,144.228100787855,96.4418788245693,11.1461731149373,129.343143764927,184.767212576104,24.7370937807794,21.6807060349249,148.182668838444,67.2057240287389,14.0402301042535,28.5910906436015,47.0748209172661,380.6199896888,15.7872677263161,23.3614759981593,35.7364698092804,24.3193391028413,84.5794076258151,61.9091763693712,"CH vs. CW","CW"
"LOC111128468",786.363444305775,1.65537072736213,0.569106763384602,8.02742399989246e-06,0.00341849824992141,1582.70562525891,1945.09373782301,835.089723611538,551.940051150054,447.427259791764,406.854774796165,563.67244380994,661.394054556643,441.298503282386,827.306728281267,515.473278874432,554.86980975047,264.140894211377,627.081964926392,269.496825026544,936.522119703138,733.283918769577,636.968374868786,733.345862389648,599.088215180619,550.532533587897,969.488948675907,496.855460985965,300.712898332468,684.451573644803,404.223296361578,576.844641137787,338.796189038352,477.826446354874,1310.38269570199,894.289722348137,1032.4583660454,5499.76075865973,539.5925030949,830.067105963331,607.560977201816,334.806197998066,794.599859720143,668.432425582702,1571.40408736344,973.04322580616,637.278790587675,881.686806005401,621.382363759535,535.876689289698,794.484820897627,639.666798503601,1176.57521657853,468.926403372942,840.614696375382,201.911329877843,617.468681735594,752.407945518416,1086.75219191609,566.968108835998,1116.78967650161,438.591491976704,572.28200738578,573.982382327282,313.009027457853,457.170933903332,965.381676070918,997.819945868481,641.183661763922,535.938863721844,1046.86185198516,1028.48838384539,443.38721359778,536.007987680933,823.29623734158,645.605585105515,580.958802419174,544.016934786396,839.01256287399,665.875530740189,328.124093472098,2011.37760301368,1857.75734571953,632.515979248256,334.445507916138,834.70718234461,347.428284371217,407.837475955224,721.451823818565,410.077928659655,512.867785782847,714.798283022999,765.218153322618,751.814773031672,1430.6115817199,530.603762243809,1515.92322898576,1447.3938475322,"CH vs. CW","CW"
"LOC111128777",443.083259337346,1.59381551655604,1.26522207350262,0.000121365601285949,0.0286762416675005,170.924652847173,237.622276218584,331.565771945878,144.326637780917,131.800278078194,119.731548011443,529.629508759862,482.889886946192,257.05637816199,254.479150436337,110.962936744007,3661.29199512212,427.656685866039,393.749140767735,248.458039429677,242.444443359575,1138.99428366258,104.839884660284,178.085234328744,167.596548605397,110.96559519652,147.277556137651,248.900926170112,2040.63107023398,291.977169990963,155.212812691324,291.557345792468,451.390132101995,561.827899252877,2478.8768192579,108.949001707387,191.264769249418,1678.00642271911,638.701330193963,670.638768283527,271.367185846965,186.354393225339,176.817336491321,289.120204255822,219.21804087078,2208.0596277909,746.415219556819,199.115561637424,76.4664079656298,44.6563907741415,926.730705951743,366.354620961153,127.530880118652,89.9684378564366,1546.89895437867,43.189589278683,155.809854269729,151.590790006167,268.581676278296,296.324795558884,268.553529246722,77.3467961802604,422.297317717759,429.51722191045,159.231073201556,115.232125805771,171.904890771766,223.772057177437,227.673712978388,797.185048188406,207.738472300289,94.1799976882356,596.461370673204,273.328576499548,620.107876088477,84.0914837742477,121.879469038988,321.91415314633,464.354814814305,881.543718834178,348.077585642699,194.551385278905,85.0475465851572,209.70511856797,420.53059427325,179.543346851722,128.157983860276,103.110151934503,1033.57693921312,537.512504099708,144.940895982109,294.803811642254,130.941455847681,298.389761612853,265.141550197887,332.732775907055,273.256547714172,1877.55588334007,"CH vs. CW","CW"
"LOC111129585",51.9834998025875,3.7679899831012,1.12303976421745,5.28488576799157e-06,0.00232687250161215,15.1093615776507,12.0315076566371,1287.31123491881,28.8653275561835,20.8105702228728,18.5990754192532,20.9494984923555,3.09544799324482,47.4395891028565,9.97957452691517,30.2626191120019,12.7312384646379,63.9388672495794,5.30301873087858,2.00369386636836,65.438544446611,36.8144590365874,12.3341040776805,22.8314402985569,36.1119635116602,6.44316359205601,36.0247259617277,1007.90679228581,6.65785014758231,10.1091891850232,5.58319470112676,16.720134525733,4.05743938968086,18.5457753151435,29.2123530888979,17.0232815167793,8.35622778274156,6.68528455266579,4.0043970545076,41.5900011338621,9.0455728615655,16.8455948678272,14.0160083804096,13.4866567582891,17.4145172654358,12.8313392413999,27.2841072422858,96.8460902905756,5.93913848276736,0.930341474461282,5.04755286466091,5.8151527136691,13.3701729156651,11.5868442693896,12.593478597384,4.3189589278683,28.8536767166165,1.84866817080692,5.73484006288177,6.91424522970729,26.2003443167534,32.5208120303368,8.50976962655434,6.78695384508611,16.3593568357763,5.01009242633788,7.23810066407436,11.1886028588719,17.5133625367991,14.4069587022001,210.072612438494,13.9129542039439,21.1136768379895,11.3591096727085,30.669941321223,51.5399416680873,32.50119174373,8.9920154510148,58.6480821087904,2.69585235117486,205.077558420061,21.2790577648803,354.364777438155,12.4689529959334,28.6950287857041,14.2279633354195,155.191308580803,21.1744062008355,6.48010620196316,13.8871011697493,21.0597883050927,6.05761256799152,5.57197684458217,9.55696745379245,28.8197337171616,9.94882054207142,33.6148927743624,18.1457930737812,"CH vs. CW","CW"
"LOC111118775",4.88618106651113,-16.029551647247,3.14458861868425,7.27475519763412e-08,4.72440789422354e-05,0,0,19.950949028262,3.49882758256769,15.0298562720748,0,0,0,218.442759124781,0,1.00875397040006,4.24374615487931,2.0963563032649,0,0,4.29105209485974,61.6078702244932,0,0,0,0,0,0,0,0,0,0,0,2.18185591942865,0,0,0,0,2.0021985272538,0,0,0,25.8757077792177,0,0,0,0,0,0,0.930341474461282,0,0,0,0,0,0,0,0,0,0,0,0,0,0,0,7.51513863950682,0,0,0,7.68371130784006,2.33414013820549,0,2.11136768379895,0,0,0,8.70567635992768,5.39520927060888,7.58975180231405,0,8.86821874248914,0,7.97320749235849,0,0,0,0,0,0,0,9.91048861416129,0,17.6445933411769,3.18565581793082,0,0,4.33740551927257,0,"CH vs. CW","CH"
"LOC144620607",675.643194485804,29.8203839579035,4.92741827098805,1.97914536064093e-10,2.33692086515316e-07,0,2.00525127610619,0,0,0,0,1.30934365577222,0,0,6526.64174060252,0,0,0,0,0,0,0,0,2479.49441642328,0,0,0,3566.00262284784,0,0,0,0,0,0,0,0,0,0,0,0,0,0,0,0,6779.36913309731,0,0,0,0,0,0,0,0,4073.11655022777,3847.30771150081,0,0,0,0,0,0,0,0,0,363.177721754234,0,3676.05037476677,0,0,0,5824.84671489181,0,0,0,0,0,0,7939.05044170097,6925.99350832986,664.527604564602,781.511776681855,0,1680.57495700045,0,0,0,0,0,0,0,0,0,7433.01711067261,0,269.752707592633,0,0,1.06739959257537,"CH vs. CW","CW"
"LOC111121866",988.138968036853,3.32265659105564,3.6297310228918,0.000139020628565811,0.0316784111250357,0,278.729927378761,1515.32208095609,3.49882758256769,143.36170597979,807.897338523813,545.341632629129,338.435647261434,2.20649251641193,11.9754894322982,4.03501588160025,1090.64276180398,212.780164781387,0,17712.6537786963,12.8731562845792,256.949897765569,3.52402973648014,80.3666698509203,3.70379112940104,0,12.7146091629627,15.1422616681437,1327.13146275141,4.16260731148012,13.3996672827042,0,0,93.8198045354319,27.1257564396909,0,1.8569395072759,23288.1887392113,1051.15422680825,46.7887512755949,0,0,4.31261796320295,8.42916047393067,0,292.982246011965,40.9261608634287,0,0,1.86068294892256,1756.548396902,13328.3300197296,6.17084903799927,1.36315814933995,223.534245103566,0,1.15414706866466,0,0,33.5834768300069,16213.1005675109,7.03152692547822,564.835958962545,0,166.865439724918,1.25252310658447,38.9047910693997,0,5.83778751226636,303.506596659682,2.33414013820549,0,242.80728363688,2.83977741817713,76.6748533030575,102.401726208963,1147.40814423847,3.59680618040592,1.37995487314801,132.096765207568,93.1162967961359,0,49.6110688413417,0,7.91587000984941,6.77522063591404,12.0148109869009,9.20626356558067,6639.94882161159,0,0,8.07681675732202,21.3592445708983,0,431.143216408738,5.52712252337301,40.1210010532713,954.255235762377,"CH vs. CW","CW"
"LOC111121351",26.7182777847329,3.34306738156027,1.58544250488408,2.88382511105749e-05,0.00948267403923297,9.44335098603166,6.01575382831857,17.100813452796,3.49882758256769,15.0298562720748,24.4112864877699,13.7481083856083,26.8272159414551,14.3422013566776,1.99591490538303,4.03501588160025,12.7312384646379,14.6744941228543,11.9317921444768,13.0240101313943,13.9459193082942,17.2802562824798,4.40503717060018,6.39280328359593,31.4822245999089,17.181769578816,21.1910152716045,13.2494789596257,0,2.97329093677152,15.6329451631549,3.13502522357493,6.08615908452129,1.09092795971432,885.760277588367,6.80931260671171,3.71387901455181,12.2563550132206,11.0120918998959,37.2577093490848,28.6443140616241,11.5813464716312,35.5790981964243,5.0574962843584,4.09753347422019,5.3463913505833,3.89772960604083,3.87384361162303,17.0750231379562,0.930341474461282,6.05706343759309,1.16303054273382,70.9647639369916,1.36315814933995,13.642935147166,0,2.30829413732932,3.69733634161384,0,80.0076948008987,13.1001721583767,16.6998764480108,1.06372120331929,11.6347780201476,13.087485468621,17.5353234921826,69.6667188917158,19.325768574415,23.3511500490654,0,7.00242041461648,2.14045449291445,21.1136768379895,10.6491653181642,11.5012279954586,11.5286711625985,33.0815701677252,97.1137668709599,8.27972923888806,9.43548322911199,59.8604765118017,2.0265769299886,134.658615426499,6.80124708869093,12.8632887660053,12.1953971446453,9.01110824017567,0,8.64014160261755,3.2675532164116,4.95524430708064,163.555539335771,5.57197684458217,4.24754109057442,18.4446295789834,7.73797153272222,17.3496220770903,21.3479918515073,"CH vs. CW","CW"
"LOC111121246",170.057809975562,6.6078648817142,1.91644688394441,1.60162592455689e-06,0.000770471048929893,11.332021183238,585.533372623008,74.103524962116,1.74941379128385,2.3122855803192,9.29953770962662,1.30934365577222,70.1634878468826,873.771036499125,0,8.0700317632005,199.456069279327,19.9153848810165,2.65150936543929,14.0258570645785,0,13.5236788297668,117.173988737965,989.057993733485,16.6670600823047,401.623863904825,19.0719137444441,790.236780806249,8.87713353010975,0.594658187354303,2.2332778804507,0,0,0,0,19.2930523856832,460.520997804424,2494.72535223645,261.286907806621,8.66458356955461,15.0759547692758,0,7.54708143560516,18.5441530426475,21.512050739656,846.868389932394,0,3.87384361162303,2.96956924138368,16.7461465403031,0,3.48909162820146,103.875958806321,308.073741750828,4.197826199128,0,2.30829413732932,1.84866817080692,0,3.95099727411845,0,8.78940865684777,299.969379336041,92.1086593261686,297.740294411128,8.7676617460913,31.6666904053253,905.259685854177,372.645436199669,7.68371130784006,105.036306219247,290.031583789907,6.33410305139686,1.41988870908856,384.332702181576,5.4252570176934,269.875967157758,7.19361236081184,0,48.5253423211474,409.046589497311,170.232462119042,249.827168093899,470.419590301123,1.97896750246235,14.2279633354195,6.00740549345044,526.598275951214,6.48010620196316,0,268.822003659125,35.3360733132839,0,648.811901585243,1019.06578423884,0,7.59045965872699,0,"CH vs. CW","CW"
"LOC144621682",79.6320236369077,-11.7629717737309,6.66086353320917,2.17560420336607e-05,0.00753542271877871,342.793640792949,0,0,0,0,0,872.677546572183,0,0,0,0,2.12187307743965,33.5417008522384,1.32575468271965,153.28258077718,0,4.5078929432556,0,0,12.0373211705534,2.863628263136,1024.58558838208,0,0,0,2.2332778804507,804.656474050898,297.207435294123,0,0,1247.23909246269,0,0,0,11.263958640421,0,0,760.098916014519,0,0,0,153.960319438613,1049.03685002752,0,0,0,0,0,0,0,0,0,0,0,13.8284904594146,0,66.7995057920431,0,0,0,0,47.9524168994927,0,0,0,0,0,0,0,0,0,0,0,1.37995487314801,0,0,13.1727500449259,38.980125518197,15.8695765402788,2.96845125369353,0,0,0,0,424.781918133508,0,0,0,0,4.61115739474586,0,0,0,"CH vs. CW","CH"
"LOC111111333",145.800774674085,1.06456604867261,0.773016656162724,6.74967853691018e-05,0.0190583042775343,90.6561694659039,76.1995484920353,114.00542301864,115.461310224734,50.8702827670223,123.218874652553,174.142706217705,117.627023743303,60.6785442013281,194.601703274846,138.199293944809,189.907640430849,270.429963121172,116.666412079329,104.192081051155,164.132742628385,275.732785029134,216.727828793529,236.533721493049,53.7049713763151,68.0111712494801,157.873063773454,330.290582636384,349.537132748071,165.314976084496,74.8148089950986,121.220975311564,96.3641855049204,147.275274561434,505.999687432695,85.1164075838963,115.130249451106,355.434295383398,164.180279234812,95.3104192651007,125.130424584989,64.2238304335913,103.502831116871,105.364505924133,135.218604649266,210.647819212982,109.136428969143,217.710010973214,61.6185617587114,76.2880009058251,224.111347190944,165.150337068202,93.5912104096556,95.4210704537964,250.820115397898,123.090329444247,35.7785591286045,71.1737245760663,107.05034784046,67.1669536600137,137.551807662955,121.293839464499,74.4604842323505,240.452079083051,80.7061603898297,85.171571247744,68.7619563087065,106.800300016504,136.215041952882,88.3626800401607,107.370446357453,79.1968162378345,195.301510751403,93.7126547998452,248.234837568649,135.631425442335,85.8960067512865,116.896200863192,213.203027901368,149.619805490204,126.37211708047,203.670981463854,224.135721729633,128.090153503679,63.3269600787953,108.403530174625,90.1110824017567,57.9994604631582,244.084000273946,156.025666083654,76.80628675975,197.88201055439,108.653548469352,105.126641991717,217.877186901742,145.916034617048,110.60384074145,471.790619918312,"CH vs. CW","CW"
"LOC144621477",14.7594395693322,44.0076950895875,3.47075481390909,6.40468164432791e-39,1.66374415074706e-34,0,0,0,0,0,0,0,0,0,0,0,0,2.0963563032649,0,0,0,0,2.64302230236011,0,0,1.431814131568,0,0,48.8242344156036,0,0,0,0,0,441.315191307278,0,0,28.9695663948851,2.0021985272538,160.29479603676,0,0,0,0,0,0,105.238699363102,0,0,0,190.797498284182,0,9.25627355699891,0,0,0,0,0,3.82322670858784,0,0,0,0,0,0,0,0,0,0,25.9325256639602,0,0,0,0,6.70904966401753,0.678157127211675,4.64302739196143,0,0.689977436574005,4.04377852676228,0,10.132884649943,0,0,0,0,0,0,0,0,0,0,0,0,9.22231478949172,0,4.33740551927257,309.545881846856,"CH vs. CW","CW"
"LOC111112395",156.539306648437,2.35875601392224,2.02902784271425,0.000143290069695683,0.0323673577433458,743.191722600692,9.02363074247786,314.464958493082,5.24824137385154,31.2158553343091,20.9239598466599,61.5391518212942,33.0181119279447,79.4337305908296,14.9693617903727,322.80127052802,35.0109057777543,32.4935227006059,6.62877341359823,306.565161554359,74.0206486363305,472.577443551295,4.40503717060018,347.951150150007,26.8524856881576,83.7611266967281,588.050673787025,672.884252878135,15.5349836776921,1.18931637470861,43.5489186687888,7.31505885500817,18.2584772535639,16.3639193957149,18.7793698428629,261.023649923949,3.71387901455181,1869.6512465622,457.502363477494,84.9129189816352,66.3342009848136,23.1626929432624,72.2363508836494,52.2607949383701,23.5608174767661,0,38.0028636588981,440.068634280376,38.6044001379879,11.1640976935354,7.06657401052527,295.40975785439,203.638018253976,56.5710631976079,2.098913099564,0,2.30829413732932,9.24334085403459,112.785187903341,13.8284904594146,14.7376936781738,22.8524625078042,39.3576845228138,52.3565010906643,407.893297105355,48.8484011567944,227.095408335333,482.127068645933,42.81044175662,37.4580926257203,23.3414013820549,816.583389046861,74.9535527748629,75.9640459362381,22.044020324629,564.226729840114,13.3487037518891,17.9840309020296,8.27972923888806,212.972335742814,376.899296555788,34.4518078098062,947.925779647065,213.105742112316,36.6108987955535,12.8729192082367,143.176497593902,23.0156589139517,116.641911635337,76.7875005856725,33.4478990727943,463.407361451351,215.449771323844,12.7426232717233,51.8755206908909,13.2650940560952,20.6026762165447,7.47179714802756,"CH vs. CW","CW"
"LOC111115803",15.1926451021837,21.1295714041955,2.52310574107844,2.3024265992782e-17,7.47626697118123e-14,3.77734039441266,2.00525127610619,3.800180767288,0,2.3122855803192,0,41.2443251568249,0,0,0,0,308.73253276747,554.486242213566,0,0,4.29105209485974,0,137.437159722726,0,0,0,0,0,0,0,0,0,2.02871969484043,0,8.34638659682796,6.80931260671171,0,17.8274254737755,6.00659558176141,3.46583342782184,0,0,0,0,0,8.55422616093327,11.6931888181225,6.19814977859684,0,0,59.5611238029987,0,2.05694967933309,0,0,0,9.23317654931729,0,1.91161335429392,0,0,0,0,5.81738901007381,0,0,1.80952516601859,2.03429142888579,0,1.92092782696001,0,0,0,0,0,147.838253732145,0,0,0,8.08755705352457,0,0,0,6.80124708869093,0,0,2.00246849781681,0,0,0,2.47762215354032,6.05761256799152,0.928662807430361,0,25.3613656711022,0,0,0,"CH vs. CW","CW"
"LOC111114643",4.90343255255773,-17.6736583263417,2.89117509102367,4.59920263272492e-10,4.77893947161181e-07,364.513348060822,2.00525127610619,5.700271150932,0,0,0,0,0,0,0,0,8.48749230975862,0,0,0,6.43657814228961,0,1.76201486824007,0.913257611942276,1.85189556470052,2.863628263136,2.11910152716045,0,0,0,8.93311152180282,0,0,0,0,0,0,0,2.0021985272538,0,0,2.1056993584784,0,0,0,0,0,0,0,0,0,0,0,0,0,0,0,0,0,0,0,0,0,1.9391296700246,0,0,0,0,7.78371668302181,0,0,6.42136347874334,0,1.41988870908856,0,0,0,0,0,0,11.0852734281114,0,0,0,0.989483751231176,0,1.00123424890841,0.920626356558067,0,0,4.95524430708064,0,0.928662807430361,0,4.61115739474586,0,0,4.26959837030146,"CH vs. CW","CH"
"LOC111115876",447.884093520732,5.4733796180071,1.43429785479808,1.27519862358276e-06,0.000625015748015271,7.55468078882533,34.0892716938053,10258.587981294,20.9929654954062,9.24914232127678,16.2741909918466,3.92803096731665,526.226158851619,17.6519401312955,27.9428086753625,27.2363572008017,30.767159622875,455.957495960116,34.4696217507108,16.0295509309469,489.17993881401,193.839396559991,16.7391412482807,573.525780299749,10.1854256058529,50.1134946048801,47.6797843611102,8443.70366269863,6.65785014758231,19.623720182692,24.5660566849578,9.40507567072478,146.067818028511,31.6369108317154,27.1257564396909,12.4837397789715,26.9256228555006,37.8832791317728,16.0175882180304,19.9285422099756,12.8145615538845,18.9512942263056,6.46892694480442,1440.54352499475,27.6583509509863,7.48494789081661,17.5397832271837,828.227764165003,15.5902385172643,7.44273179569026,37.3518911984907,3.48909162820146,82.2779871733236,29.3079002108089,34.632066142806,50.7477674024525,18.4663530986346,17.5623476226657,14.3371001572044,29.6324795558884,3.27504303959417,19.3366990450651,7.44604842323505,9.69564835012302,198.493529607419,31.3130776646118,15.380963911158,4.06858285777158,31.1348667320873,20.1697421830802,1787.95134586541,23.5449994220589,23.2250445217885,24.1381080545056,9.58435666288218,23.057342325197,16.8309742958602,8.9920154510148,865.231705463802,36.3940067408605,3437.54329005735,24.3189231598632,4665.21229497331,6.80124708869093,14.8422562684676,147.699809862926,4291.28999082143,28.5394170533001,23.7603894071983,958.209980712701,73.0898535294395,35.3360733132839,12.0726164965947,37.1659845425262,275.516654336065,26.5301881121905,27.1087844954535,18.1457930737812,"CH vs. CW","CW"
"LOC111111642",100.877657543969,3.12364225792266,1.92034515730821,5.77759979318998e-05,0.016676078869744,16.0536966762538,43.1129024362831,152.957275883342,22.74237928669,105.208993904523,74.396301677013,221.279077825505,6.19089598648964,9.9292163238537,5.9877447161491,20.1750794080012,496.518300120879,901.433210403907,2.65150936543929,68.1255914565242,12.8731562845792,58.6026082623228,12.3341040776805,0.913257611942276,5.55568669410156,5.01134946048801,4.2382030543209,4.7319567712949,457.172376800652,2.37863274941721,11.1663894022535,10.4500840785831,6.08615908452129,24.0004151137151,9.38968492143145,19.2930523856832,18.569395072759,939.282479649544,103.113224153571,151.630212467206,7.53797738463791,6.31709807543521,36.6572526872251,17.7012369952544,23.5608174767661,362.485333569547,385.875230998042,66.630110119916,15.5902385172643,1.86068294892256,40.3804229172873,2196.96469522419,12.3416980759985,23.8552676134491,206.742940307054,16.1960959795061,8.07902948065263,27.7300225621038,0,14.8162397779442,62.2258177522893,21.9735216421194,84.0339750622241,11.6347780201476,46.8968229292254,0,54.2857549805577,14.2400400022005,19.4592917075545,82.5998965592806,26.8426115893632,17.1236359433156,33.7818829407833,7.8093878999871,174.435291264456,328.228049570451,17.4113527198554,36.8672633491607,17.9394133509241,217.016114269576,66.5116405686685,5.06644232497149,1.77182388719077,38.5404001692486,1.97896750246235,21.6807060349249,67.0826946768633,144.538337979617,132.842177140245,6.53510643282319,0,21.2016439879703,1.85732561486072,13.8045085443669,32.278101763221,11.054245046746,5.42175689909071,59.7743771842205,"CH vs. CW","CW"
"LOC111111574",49.1368755945862,5.9796991575127,2.4980755169498,9.26168661977435e-06,0.00384280406097923,5.666010591619,1.0026256380531,51.302440358388,1.74941379128385,3.46842837047879,1.16244221370333,7.2013901067472,726.398462414784,3.3097387746179,4.98978726345758,0,1.06093653871983,2.0963563032649,0,1.00184693318418,1.07276302371494,0,8.81007434120036,4.56628805971138,1.85189556470052,7.15907065784001,0,0,2.21928338252744,1.78397456206291,0,3.13502522357493,34.4882348122873,0,932.708702195524,1.13488543445195,1.8569395072759,6.68528455266579,264.290205597502,0,2.26139321539137,1.0528496792392,0,717.3215563315,2.0487667371101,1.06927827011666,1.94886480302041,2.32430616697382,1.48478462069184,0.930341474461282,1.00951057293218,0,30.8542451899964,2.7263162986799,1.049456549782,1.07973973196708,2.30829413732932,0.924334085403459,38.2322670858784,0.987749318529613,0,0,0,150.282549426907,5.45311894525876,1.25252310658447,85.9524453858831,1.0171457144429,16.5403979514214,232.432267062162,9.33656055282198,2.14045449291445,1.05568384189948,2.83977741817713,3.83374266515287,0,0.580378423995179,0,10.3496615486101,9.43548322911199,3.32558202843343,14.1860385099202,0,10.2018706330364,5.93690250738706,1.35504412718281,0,102.189525577945,3.24005310098158,143.77234152211,3.71643323031048,284.707790695601,90.080292320745,3.18565581793082,2.30557869737293,2.21084900934921,2.16870275963628,472.858019510887,"CH vs. CW","CW"
