"Gene","baseMean","log2FoldChange","lfcSE","pvalue","padj","B1_B1_O01","B1_W5_O50","B2_B5_O51","B2_C4_O40","B3_B4_O41","B3_C3_O30","B3_C6_O66","B3_H4_O41","B3_W1_O06","B3_W4_O41","B4_B2_O19","B4_B3_O32","B4_C5_O56","B4_H5_O55","B4_W2_O19","B4_W6_O67","B5_B6_O69","B5_H2_O21","B5_W3_O33","B6_C2_O24","B6_H3_O35","B6_H6_O72","C_W5_W52","C1_C4_W37","C1_H2_W13","C1_H6_W62","C2_B2_W16","C2_C1_W03","C2_H1_W04","C2_W2_W15","C3_B3_W30","C3_C2_W17","C3_W3_W29","C4_B1_W07","C4_B5_W56","C4_C6_W67","C4_H5_W56","C5_B4_W46","C5_C3_W33","C5_W1_W09","C5_W4_W45","C6_B6_W71","C6_C5_W59","C6_H3_W36","C6_H4_W48","C6_W6_W72","H1_B2_B13","H1_B6_B61","H1_C6_B62","H1_W4_B38","H1_W5_B49","H2_B5_B51","H2_C1_B04","H2_H1_B03","H2_W2_B16","H3_B4_B41","H3_C5_B54","H3_H4_B41","H3_H6_B66","H3_W3_B30","H3_W6_B66","H4_H2_B19","H4_W1_B07","H5_B1_B09","H5_B3_B34","H5_C2_B22","H5_C4_B46","H6_C3_B36","H6_H3_B35","W1_C1_G02","W1_C6_G61","W1_H5_G49","W1_W1_G01","W1_W6_G62","W2_B2_G04","W2_B6_G64","W2_C2_G15","W3_B5_G54","W3_C3_G29","W3_H2_G18","W3_H3_G30","W4_C5_G55","W4_H1_G08","W4_W5_G56","W5_B2_G21","W5_C4_G45","W5_H4_G46","W5_W2_G22","W6_B3_G35","W6_B4_G48","W6_H6_G71","W6_W3_G36","W6_W4_G48","pair","DEG_group"
"LOC144622036",59.4346469079026,23.3338002043892,3.77634746503481,1.87173730469865e-10,8.91133994636048e-08,0,203.533004524778,0,0,201.16884548777,0,767.930054110406,0,0,0,0,190.968576969569,12.5781378195894,0,0,0,116.453901034103,0,0,1.85189556470052,0,0,1.89278270851796,85.4424102273063,0,0,0,0,49.0917581871446,16.6927731936559,0,0,275.210880751409,20.021985272538,9.53104192651007,0,0,2.15630898160147,0,0,0,44.8238904694695,0,0,0,37.3518911984907,160.498214897267,0,0,1088.28644212393,0,0,0,0,137.297155275616,846.598625735093,0,0,0,0,0,0,0,0,50.9045874144404,0,0,301.92557878325,0,127.471943616333,0,224.606450086134,0,0,62.0046040770217,17.7364374849783,0,0,0,0,0,0,0,397.446513720407,0,0,0,0.928662807430361,0,18.4446295789834,0,0,56.5721784064944,"BH vs. HB","HB"
"LOC144622059",37.6456569300173,14.5222129885758,3.41453309981991,1.02104846485742e-06,0.000260037019329425,3.77734039441266,71.1864203017698,0.950045191822,0,0,0,0,0,0,0,0,166.567036579013,0,0,0,0,173.553878315341,0,0,0.925947782350261,0,0,0,644.70182262422,0.594658187354303,0,0,0,5.45463979857162,223.265841465148,0,0,13.3705691053316,6.00659558176141,121.304169973765,0.753797738463791,0,1.07815449080074,0,0,0,3.89772960604083,0,0,0,10.0951057293218,0,2.05694967933309,2.7263162986799,0,0,0,0,0,104.701427764139,0,4.39470432842389,49.9948965560068,0,11.9968616795693,0,0,0,0.972964585377727,0,0,7.49159072520056,0,0,2.87530699886466,0,0,0,0,14.8271879314617,94.2248241389471,0,1.77182388719077,0,0,0,0,0,696.61141671104,0,2.47762215354032,2.01920418933051,0,0,401.17069334289,0,0,653.248550656124,"BH vs. HB","HB"
"LOC111104848",161.566870391237,1.91582984384465,2.3798607018007,0.000571584044879385,0.0496589924208421,2.8330052958095,112.294071461947,92.154383606734,83.0971550859827,61.2755678784587,149.955045567729,287.400932442002,59.8453278693998,28.6844027133551,3.99182981076607,3.02626191120019,652.475971312694,1.04817815163245,0,347.640885814911,16.091445355724,210.368337351928,0.881007434120036,23.7446979104992,25.000590123457,27.204468499792,0,158.04735616125,1230.59263561146,0,60.298502772169,15.6751261178746,51.7323522184309,1351.65974208605,486.177019265229,7.94419804116366,31.5679716236904,929.254552820545,243.267121061337,200.151880456711,8.2917751231017,27.3740916602192,50.6732610676346,16.0154049004683,14.3413671597707,175.361636299132,240.684803173021,19.3692180581151,36.3772232069501,19.5371709636869,188.778477138318,1745.70884464346,11.313223236332,3.40789537334987,263.413593995282,0,1.15414706866466,0,50.6577538887889,100.750430490021,393.005164751301,30.7629302989672,120.20049597508,0,2.18124757810351,0,209.000156675147,15.2571857166434,15.5674333660436,919.163965200367,0,16.0534086968583,437.053110546383,22.718219345417,220.44020324629,557.445158567997,24.3758938077975,12.5888216314207,4.82984205601803,21.5668188093988,203.96903107725,62.8238848296465,36.3223896874109,39.6739413506971,146.443595182214,8.13026476309685,35.0431987117943,97.5863937951551,336.965522502084,3.2675532164116,3.71643323031048,64.6145340585762,20.4305817634679,4.24754109057442,383.878853112593,23.2139145981667,28.1931358752717,576.395779990698,"BH vs. HB","HB"
"LOC144619349",53.7232230655907,22.1402850320238,4.12997758336758,2.15830104384067e-08,7.09698559694291e-06,0,0,440.820969005408,0,126.019564127396,0,0,0,122.460334660862,0,0,0,0,0,0,0,0,0,446.582972239773,0,0,0,342.593670241751,169.775178763349,0,0,7.31505885500817,1.01435984742021,1.09092795971432,0,0,0,0,129.14180500787,0,0,0,210.240125706144,0,0,0,0,2.32430616697382,0,286.545174134075,0,273.312177542448,194.381744696977,0,0,0,42.7034415405925,0,0,0,0,0,0,85.3217054810825,0,0,0,0,165.403979514214,0,0,272.907947846592,0,0,540.557715786555,4.06894276327005,125.942118006954,0,0,0,0,0,303.867796653218,0,0,0,0,0.920626356558067,0,0,2.47762215354032,0,355.677855245828,0,56.4866780856368,286.304946710722,0,0,"BH vs. HB","HB"
"LOC111104543",47.0324518345642,6.05060275782021,4.40421764301016,0.000127841555699723,0.0158896655139316,0,11.0288820185841,18.050858644618,3.49882758256769,28.90356975399,23.2488442740666,10.4747492461777,0,0,0,0,82.7530500201465,17.8190285777516,2.65150936543929,652.202353502901,0,5.2592084337982,0,0,0,0,0,0,29.9603256641204,0,7.81647258157747,0,1.01435984742021,3.27278387914297,41.7319329841398,0,0,301.952018962072,4.0043970545076,10.3975002834655,0,6.31709807543521,4.31261796320295,0,0,1.06927827011666,5.84659440906124,3.09907488929842,0,0,15.1426585939827,1952.72828125008,0,12.2684233440595,22.038587545422,0,0,0,0,31.6079781929476,90.0636835888397,0,0,0,0,0,0.904762583009296,0,0,3.84185565392003,0,11.7724997110295,4.22273536759791,0,8.62592099659397,37.9767991238538,65.00238348746,0,5.51981949259204,0,18.8449648277894,0,4.42955971797694,0,0,0,0,0,193.323168358568,0,0,8.07681675732202,9.28662807430361,3.18565581793082,53.0283100395774,0,0,545.441191806012,"BH vs. HB","HB"
"LOC111104623",1299.26114938679,-4.71491241894894,2.69327479389995,7.50601247714533e-05,0.0104043956306778,410.785767892377,15.0393845707964,257.462246983762,59.4800689036508,55.4948539276607,4134.80695414274,1354.51601189636,0,367.381003982587,6.98570216884062,1043.05160539366,262.051325063797,1879.38342587698,9081.41957662957,4389.09141427989,157.696164486095,27.7986731500762,733.87919262199,340.645089254469,0,7.15907065784001,318.924779837648,213.88444606253,73.2363516234054,5622.49316143494,5292.86857666817,3708.73483948914,2514.59806175471,979.653307823463,134.585483873851,38.5861047713663,0.928469753637951,38.9974932238838,103.113224153571,151.630212467206,2264.40840634523,3792.3645446196,1212.92380215083,132.337819440711,0,3909.28135554651,1.94886480302041,3008.42694878644,288.790608724563,1127.57386704707,93.8844832826929,110.487901559713,2.05694967933309,1941.13720466009,51.423370939318,0,0,8448.41354058762,5043.79183530451,69.1424522970729,8.18760759898543,116.020194270391,23.4018664730244,5.81738901007381,0,135.272495511123,405.333637188164,2292.64644035429,7.78371668302181,23.0511339235202,1164.73592896454,2393.02812307835,2217.9917518308,219.372805554183,10176.6699046483,142.412996714452,128.84401012693,6.29441081571036,1178.4814616684,18.870966458224,1040.90717489966,1105.49771530878,1357.21709758813,94.0839180602245,0,24.3907942892906,7.00863974235885,18370.1783187597,76.6812567232307,275.291358482677,12.3881107677016,462.397759356686,94.7236063578969,1322.04716444129,11.5278934868647,18.7922165794682,551.934852327434,67.2461743322481,"BH vs. HB","BH"
"LOC111104701",1912.73823020031,3.75568340969491,3.08534645500822,0.000199112489063898,0.022009979269842,16.0536966762538,1116.92496079115,2253.50719500178,365.627482378324,906.415947485125,877.643871346012,3220.98539319966,258.985815434817,11.0324625820597,8.98161707422365,1.00875397040006,2272.52606593787,10449.2879936239,5.30301873087858,24664.4696480613,458.069811126277,2247.93594770346,19.3821635506408,2.73977283582683,18.5189556470052,1.431814131568,48.7393351246904,137.226746367552,23276.953757639,52.924578674533,244.543927909352,11.4950924864414,39.5600340493884,3290.2387264984,2085.55335088239,9.07908347561561,68.7067617692084,8335.43562308213,1343.4752117873,4833.10471509756,46.7354597847551,3.1585490377176,9.70339041720663,56.4753751753355,3.07315010566514,3251.67521942476,1614.63448930241,9.29722466789526,12.6206692758806,0,1019.6056786615,12211.8206987051,78.1640878146574,13.6315814933995,4915.65447917889,0,9.23317654931729,51.7627087825937,0,986.761569211084,20477.2066050626,330.481765497476,471.228493070447,2.9086945050369,258.477838005265,18.7878465987671,342.905018960523,11.1886028588719,31.1348667320873,487.915668047844,16.3389809674385,7.49159072520056,5693.30295936388,10.6491653181642,1960.00093755941,1616.72659127263,901.908070888508,36.8672633491607,35.8788267018483,1521.80865223821,1439.97701831167,1.0132884649943,17.7182388719077,44.208106076491,10.8843212635429,10.1628309538711,82.1012084104894,28.5394170533001,8145.49349586769,4.9013298246174,4.95524430708064,135.286680685144,123.512153388238,1971.92095129917,6267.71568880831,25.4247636075159,200.605005266356,7889.15038872453,"BH vs. HB","HB"
"LOC144619428",12.8340191350384,19.7023448431704,2.94288246747326,8.12808174648056e-12,4.69207065618501e-09,0,51.1339075407079,1.900090383644,0,36.9965692851071,0,0.654671827886109,0,0,0,0,0,52.4089075816225,0,2.00369386636836,0,87.1525969029416,0,1.82651522388455,0,0,0,0,11.0964169126372,0,0,0,0,33.818766751144,6.25978994762097,2.2697708689039,0,262.954525738188,18.0197867452842,2.59937507086638,0,0,0,0,0,16.0391740517499,0.974432401510207,0,0,0,0,2.32606108546764,1.02847483966655,0,112.291850826674,0,0,0,0,1.97549863705923,45.8506025543184,0,0,0,4.36249515620701,0,0,1.0171457144429,0,1.92092782696001,0,0,116.125222608942,0.709944354544282,0.958435666288219,0,35.4030838637059,0,0,0,2.21705468562228,4.0531538599772,1.77182388719077,0,0,2.03256619077421,0,0,262.444301179508,0,0,0,0,0,5.76394674343233,0,0,3.2021987777261,"BH vs. HB","HB"
"LOC144623974",81.8116045099637,-22.9104586904138,5.28738910585055,8.2570243435361e-07,0.000212369031061423,0,0,0.950045191822,0,0,0,0,0,0,998.955410144208,0,0,984.23928438287,1.32575468271965,0,0,0,1291.55689841997,0,242.598318975768,0,24.3696675623452,0,0,0,0,0,0,0,26.0824581150874,12.4837397789715,0,0,0,0,0,0,0,0,0,0,0,220.809085862512,0,0,0,0,0,7.49736982136972,0,0,0,0,0,0,0,0,0,0,22.9030995700868,1286.34123046225,0,0,0,0,33.8450320039797,0,0,0,0,0,0,347.091796409171,22.7692554069422,0,0,0,0,0,303.771511627971,0,15.0185137336261,0,0,0,0,66.6337382479067,0,1656.54102532402,0,0,0,42.6959837030146,"BH vs. HB","BH"
"LOC111103545",9.48678248163768,-1.2374743326796,1.38084822905306,0.000323947773295965,0.0333676764228722,13.2206913804443,17.0446358469026,9.50045191822,10.4964827477031,8.09299953111719,3.48732664110998,6.54671827886109,7.22271198423791,2.20649251641193,14.9693617903727,10.0875397040006,4.24374615487931,14.6744941228543,10.6060374617572,12.0221631982102,12.8731562845792,9.0157858865112,18.5011561165208,1.82651522388455,1.85189556470052,5.01134946048801,103.835974830862,8.51752218833083,6.65785014758231,5.94658187354303,8.93311152180282,2.09001681571662,4.05743938968086,7.63649571800027,50.0783195809678,13.6186252134234,7.42775802910361,7.79949864477676,12.0131911635228,6.93166685564369,3.01519095385517,4.21139871695681,0,6.74332837914453,7.17068357988534,8.55422616093327,5.84659440906124,17.0449118911413,8.90870772415105,19.5371709636869,1.00951057293218,0,7.19932387766582,9.54210704537964,1.049456549782,15.1163562475391,4.61658827465864,0.924334085403459,1.91161335429392,4.93874659264807,3.27504303959417,5.27364519410866,6.38232721991576,10.6652131851353,2.18124757810351,7.51513863950682,4.52381291504648,16.2743314310863,3.89185834151091,6.72324739436005,22.1743313129522,2.14045449291445,3.16705152569843,13.4889427363414,1.91687133257644,2.7126285088467,3.48227054397107,9.89121699611628,15.1795036046281,10.7834094046994,15.519382799356,12.1594615799316,9.74503137954926,0,5.93690250738706,2.71008825436562,11.0135767379925,4.60313178279033,4.32007080130877,13.0702128656464,2.47762215354032,16.153633514644,7.42930245944289,7.43319690850524,12.6806828355511,1.1054245046746,33.6148927743624,4.26959837030146,"BH vs. HB","BH"
"LOC111104521",18.7042168806593,21.8827605017553,2.93184061601419,2.96433728381879e-14,2.4840190200568e-11,0,0,3.800180767288,0,4.62457116063839,0,0,0,0,0,0,125.19051156894,0,0,8.01477546547344,0,4.5078929432556,0,0,0,0,0,0,68.7977848583506,0,297.025958099944,0,0,0,22.9525631412769,9.07908347561561,0,2.22842818422193,0,0,9.0455728615655,0,0,0,6.14630021133029,0,1.94886480302041,1.54953744464921,0,0,0,0,2.05694967933309,0,0,0,0,0,1.91161335429392,0,45.8506025543184,5.27364519410866,0,0,0,7.51513863950682,0,8.13716571554317,200.430704587812,0,0,0,14.7795737865927,0,0,0,0,0,0,5.39170470234971,28.8217109130897,0,496.110688413417,4.53416472579395,0,1.35504412718281,306.377680165973,5.5237581393484,4.32007080130877,0,0,12.115225135983,0,0,0,13.2650940560952,8.67481103854514,2.13479918515073,"BH vs. HB","HB"
"LOC111104440",78.6185711455228,3.21212818339754,1.2359998845966,1.92894980928057e-05,0.00354480058506313,27.3857178594918,35.0918973318583,59.852847084786,23.6170861823319,34.6842837047879,161.579467704763,94.9274150434858,0,72.8142530415938,3.99182981076607,6.05252382240037,241.893530828121,94.3360336469205,33.1438670679911,97.1791525188655,45.0560469960273,78.888126506973,51.0984311789621,40.1833349254601,23.1486945587565,31.499910894496,44.5011320703695,47.319567712949,103.196677287526,47.5726549883443,54.7153080710423,16.720134525733,15.2153977113032,136.365994964291,220.135946491337,48.8000736814339,27.8540926091385,173.817398369311,93.1022315173018,162.027712750671,18.091145723131,8.42279743391361,44.2043341228302,23.6016493270059,24.5852008453212,39.5632959943164,39.9517284619185,15.4953744464921,34.8924385862583,15.8158050658418,26.2472748962367,2106.24831289095,42.1674684263283,17.7210559414193,67.165219186048,8.6379178557366,41.5492944719278,10.167674939438,27.7183936372619,148.162397779442,55.6757316731009,49.2206884783475,11.7009332365122,18.4217318652337,76.3436652336227,25.0504621316894,27.1428774902789,40.6858285777158,55.4589813665304,45.1418039335603,81.6949048371923,27.8259084078878,16.8909414703916,17.748608863607,19.1687133257644,437.411347051531,29.0189211997589,8.09281390591332,26.2191425898122,155.011510192554,65.4031132258574,28.3720770198404,17.7182388719077,36.2733178063516,81.1376676009564,8.13026476309685,38.0469014585195,23.0156589139517,69.1211328209404,46.5626333338653,13.6269218444718,27.2592565559618,36.2178494897841,55.2180341774675,166.001666210851,2.21084900934921,46.6271093321801,118.481354775866,"BH vs. HB","HB"
"LOC111105396",57.5963291718545,5.30031112777663,3.28808470351833,9.00199967020403e-05,0.011992048483738,0,2.00525127610619,0,2.62412068692577,4.62457116063839,11.6244221370333,18.3308111808111,12.3817919729793,0,0,1.00875397040006,9.54842884847844,30.397166397341,0,394.727691674567,6.43657814228961,3.0052619621704,3.52402973648014,0,0,0,2.11910152716045,0,249.669380534337,1.18931637470861,11.1663894022535,0,4.05743938968086,8.72742367771459,28.1690547642944,0,1.8569395072759,193.873252027308,14.0153896907766,74.5154186981696,4.52278643078275,0,10.7815449080074,0,0,42.7711308046664,5.84659440906124,13.9458370018429,0.742392310345921,3.72136589784513,6.05706343759309,3796.13169148319,6.17084903799927,0,10.49456549782,0,0,0,0,13.8284904594146,16.3752151979709,1.75788173136955,2.12744240663859,19.391296700246,5.45311894525876,0,0,0,4.86482292688863,42.2604121931203,4.66828027641099,4.28090898582889,6.33410305139686,0,5.75061399772931,101.723569081751,12.7683253278939,0,0,9.43548322911199,0,0,1.77182388719077,0,1.97896750246235,0,0,1.84125271311613,30.2404956091614,0,0,6.05761256799152,2.78598842229108,0,8.06952544080526,0,0,61.9091763693712,"BH vs. HB","HB"
"LOC111105317",33.3290516224881,22.1626986627452,2.63316679272032,1.37253266136565e-17,1.98079338579419e-14,1.88867019720633,7.01837946637167,9.50045191822,0,2.3122855803192,4.64976885481331,0,0,0,1.99591490538303,0,20.1577942356767,0,0,0,0,3.0052619621704,0,1.82651522388455,1.85189556470052,0,0,7.57113083407185,190.85837089736,0,100.497504620282,0,0,0,8.34638659682796,0,0,0,0,0,0,0,4.31261796320295,0,12.2926004226606,0,0,3.87384361162303,1.48478462069184,0,0,2.32606108546764,0,1.36315814933995,0,0,0,7.39467268322767,0,0,0,0,0,0,1.09062378905175,0,0,0,244.214110929809,0.960463913480007,0,0,0,0.709944354544282,2.87530699886466,4.06894276327005,0.580378423995179,2.69760463530444,0,0,1.10852734281114,0,1485.67432940946,0,0,0,751.926920930214,0,1.08001770032719,198.503857897005,0,1.00960209466525,0,0,0,0,2.16870275963628,6.4043975554522,"BH vs. HB","HB"
"LOC144620542",11.2184088464344,-18.8440314142575,3.42419524888688,1.11825575450546e-08,3.9793054431217e-06,0,0,0,0,0,0,144.68247396283,0,0,0,0,18.0359211582371,4.1927126065298,13.2575468271965,0,0,6.0105239243408,0,104.111367761419,11.1113733882031,14.31814131568,11.6550583993825,5.67834812555389,15.5349836776921,0,0,0,0,0,0,28.3721358612988,0,99.1650541978759,0,0,0,0,2.15630898160147,0,0,0,0,20.9187555027643,0,13.9551221169192,0,0,0,0,8.395652398256,0,0,5.54600451242075,73.597114140316,0,0,0,0,0,0,0,0,0,0,0,0,58.8624985551473,0,30.5276072454041,0,1.35631425442335,0,35.9680618040592,0,0,0,0,1.77182388719077,0,14.8422562684676,0,0,0,1.08001770032719,251.601597663693,0,0,22.2879073783287,0,0,24.3193391028413,0,0,"BH vs. HB","BH"
"LOC111104517",521.371410336066,1.01025013064702,1.37724168755091,0.000576634475305301,0.0497648962292552,699.752308064946,1309.42908329734,20.900994220084,1594.59067075523,937.631802819434,634.693448682017,64.1578391328387,71.1953038446308,616.714658337135,16.9652766957558,579.024779009636,391.485582787616,9.43360336469205,68.9392435014216,428.790487402829,607.183871422653,341.848548196883,164.748390180447,168.039400597379,851.87195976224,25.05674730244,270.185444712958,75.7113083407185,975.375046620809,26.7596184309437,462.288521253296,542.359363678463,597.457950130506,1002.56279497746,71.9875843976411,733.13599065596,1043.60000308906,320.893658527958,1048.15092901737,867.324815312416,440.971677001318,489.575100846229,462.528276553516,603.527889933436,503.996617329084,584.895213753813,60.4148088936328,839.849294999872,244.247070103808,591.697177757375,1101.37603506901,897.859578990509,1098.41112876387,597.063269410897,231.929897501822,116.611891052444,76.1737065318676,398.387990808891,285.786196466941,543.262125191287,812.210673819355,577.464148754899,1512.61155112003,817.34315591537,886.677140499075,23.7979390251049,518.428960064326,3.05143714332869,863.019587230044,1510.80973590405,30.3438217966714,433.442034815175,374.767763874314,802.237120635038,108.303230290569,320.768321171122,1002.31353823967,553.908151782512,220.792779703682,64.7004564281965,29.9302382559008,628.238848296465,628.11156800913,102.018706330364,542.237095674684,471.555356259617,398.491231065546,1438.93899530026,257.044212677872,13.0702128656464,681.346092223589,125.190659738491,693.71111715048,165.654102532402,1316.48543619994,764.953757234825,927.120429744511,57.6395779990698,"BH vs. HB","HB"
"LOC111104989",60.6169215021278,-1.89901284949057,1.79167670059916,0.00025013598000372,0.0268503402998208,16.0536966762538,20.0525127610619,31.351491330126,16.6194310171965,28.90356975399,3.48732664110998,299.839697171838,151.676951668996,16.5486938730895,12.9734468849897,14.1225555856009,18.0359211582371,16.7708504261192,60.9847154051037,39.072030394183,382.976399466232,22.539464716278,30.8352601942013,34.7037892538065,0.925947782350261,20.761304907736,392.033782524684,476.981242546526,113.183452508899,13.677138309149,36.8490850274366,16.720134525733,19.2728371009841,2.18185591942865,484.090422616022,31.7767921646546,6.49928827546566,41.2259214081057,19.0208860089111,15.5962504251983,9.79937060002929,10.528496792392,24.7975532884169,27.8162295639712,40.9753347422019,29.9397915632665,19.4886480302041,13.9458370018429,19.3022000689939,27.9102442338385,6.05706343759309,3.48909162820146,16.4555974346647,156.763187174094,10.49456549782,12.9568767836049,16.1580589613053,14.7893453664553,13.3812934800575,12.840741140885,8.18760759898543,12.3051721195869,29.7841936929402,37.8130285654798,8.72499031241402,6.26261553292235,27.1428774902789,15.2571857166434,12.6485396099104,11.5255669617601,4.66828027641099,24.6152266685161,21.1136768379895,31.9474959544927,4.79217833144109,14.2412996714452,16.8309742958602,8.9920154510148,6.89977436574005,283.06449687336,22.1705468562228,6.07973078996579,311.841004145576,7.93478827013942,3.9579350049247,6.09769857232264,145.178966091719,11.0475162786968,3.24005310098158,191.151863160078,8.67167753739113,68.6529424372372,17.6445933411769,20.1758201802285,32.278101763221,18.7922165794682,286.268764271989,493.138611769819,"BH vs. HB","BH"
"LOC144622592",13.1402814914347,4.28515435849452,1.85439601187677,3.30660279430034e-05,0.00533513172593415,12.2763562818412,8.02100510442476,5.700271150932,0,38.1527120752667,1.16244221370333,11.78409290195,0,30.8908952297671,0.997957452691516,5.04376985200031,15.9140480807974,7.33724706142715,1.32575468271965,33.0609487950779,0,5.2592084337982,0,0,16.6670600823047,1.431814131568,2.11910152716045,4.7319567712949,15.5349836776921,2.97329093677152,2.2332778804507,10.4500840785831,6.08615908452129,0,0,11.3488543445195,7.42775802910361,25.6269241185522,11.0120918998959,9.53104192651007,0,17.8984445470664,25.8757077792177,5.90041233175147,11.2682170541055,7.48494789081661,0.974432401510207,6.19814977859684,17.0750231379562,4.65170737230641,3.02853171879654,39.5430384529499,5.14237419833273,7.49736982136972,16.791304796512,0,1.15414706866466,43.4437020139626,0,30.620228874418,27.8378658365505,26.3682259705433,35.1027997095367,12.6043428551599,37.0812088277596,2.50504621316894,5.42857549805577,9.15431142998606,12.6485396099104,108.532422223241,1.16707006910275,18.1938631897728,10.5568384189948,7.09944354544282,27.7946343223583,35.9423277422188,35.9834622877011,18.8832324471311,1.37995487314801,10.7834094046994,0,2.0265769299886,5.31547166157232,2.26708236289698,7.91587000984941,5.42017650873124,9.01110824017567,12.8887689918129,61.56100891865,17.9715426902638,21.0597883050927,1.00960209466525,60.3630824829735,10.6188527264361,2.30557869737293,2.21084900934921,0,6.4043975554522,"BH vs. HB","HB"
"LOC111103001",565.573597019345,4.56640494481172,2.47060303913736,6.49543948848129e-05,0.00932221169018113,121.819227719808,155.40697389823,435.120697854476,27.1159137648996,61.2755678784587,47.6601307618364,280.854214163141,230.094967497865,2.20649251641193,0,2.01750794080012,1715.53438310996,428.704864017672,0,1203.2181667542,57.9292032806065,108.189430638134,71.3616021637229,0,20.3708512117057,61.5680076574241,4.2382030543209,35.9628714618413,935.427945735315,147.475230463867,65.8816974732958,0,2.02871969484043,218.185591942865,300.469917485807,6.80931260671171,0.928469753637951,5047.38983726267,214.235242416157,238.276048162752,95.7323127849015,0,140.160083804096,18.5441530426475,0,347.515437787914,167.602373059756,3.87384361162303,6.68153079311328,144.202928541499,876.255177305134,25940.2332251351,266.374983473635,3.40789537334987,198.347287908798,24.8340138352427,176.584501505693,0,70.7296941088751,108.652425038257,478.156283780749,20.2156399107499,380.812190788307,221.060782382805,2740.73758188705,62.6261553292235,6.33333808106507,140.36610859312,211.133315026967,174.804432253361,165.72394981259,53.5113623228611,115.069538767043,0.709944354544282,570.26922144149,52.218098795299,114.33454952705,4.4960077255074,10.3496615486101,156.359436368142,411.263644182934,2.0265769299886,87.7052824159434,11.3354118144849,62.3374763275641,142.957155417786,26.0320904716186,42.3488124016711,1608.14635578719,110.279921053891,28.4926547657137,52.4993089225932,131.870118655111,0,300.878020007167,142.599761103024,24.9400817358173,2895.85509465697,"BH vs. HB","HB"
"LOC111104947",6.16258619974877,17.7472140578951,2.61776886399638,4.48981687380885e-12,2.71237146351006e-09,0,0,188.108947980756,0,0,0,3.27335913943055,0,0,0,0,0,11.5299596679569,0,0,4.29105209485974,6.0105239243408,0,4.56628805971138,0,0,0,4.7319567712949,0,0.594658187354303,0,0,0,0,1.04329832460349,0,0,2.22842818422193,0,0,1.50759547692758,0,0,0,0,0,0,18.5944493357905,1.48478462069184,3.72136589784513,0,2.32606108546764,0,0,0,0,2.30829413732932,0,0,0,6.55008607918834,3.51576346273911,0,0,8.72499031241402,12.5252310658447,0,2.03429142888579,0,0,5.83535034551373,0,0,0,0,4.06894276327005,0,0,1.37995487314801,44.4815637943851,84.2480780536468,10.132884649943,75.3025152056079,20.4037412660728,0,0,16.0197479825345,0,0,17.1546543861609,0,0,0,0,0,4.42169801869841,0,0,"BH vs. HB","HB"
"LOC111102724",34.7547060817766,-2.8304835348315,2.14313923600636,0.000157117443752942,0.018468053558236,12.2763562818412,9.02363074247786,7.600361534576,6.99765516513539,5.78071395079799,1.16244221370333,1.96401548365833,427.171823067785,13.2389550984716,11.9754894322982,10.0875397040006,0,0,369.885556478781,3.00554079955254,10.7276302371494,9.0157858865112,181.487531428727,0.913257611942276,0,0,11.6550583993825,8.51752218833083,0,17.8397456206291,4.46655576090141,6.27005044714986,5.07179923710107,1.09092795971432,5.21649162301747,2.2697708689039,318.465125497817,20.0558536579974,2.0021985272538,1.73291671391092,5.27658416924654,1.0528496792392,12.9378538896088,238.545241412238,26.6339675824312,7.48494789081661,40.9261608634287,6.19814977859684,6.68153079311328,20.4675124381482,25.2377643233045,8.14121379913674,10.2847483966655,241.278992433171,12.593478597384,14.036616515572,0,2.77300225621038,25.8067802829679,3.95099727411845,19.650258237565,0.878940865684777,252.101925186672,1.9391296700246,18.5406044138798,278.060129661753,2.71428774902789,33.5658085766156,4.86482292688863,13.4464947887201,5.83535034551373,8.56181797165778,5.27841920949739,11.3591096727085,0,2.7126285088467,3.48227054397107,12.5888216314207,18.6293907874981,1.34792617558743,7.75969139967799,3.0398653949829,12.4027672103354,10.2018706330364,9.89483751231176,10.8403530174625,13.0160452358093,104.030778291062,3.24005310098158,35.1261970764247,64.4181759920484,21.2016439879703,14.8586049188858,8.49508218114884,1.15278934868647,9.94882054207142,7.59045965872699,2.13479918515073,"BH vs. HB","BH"
"LOC111104411",41.6138162723812,2.75279146131743,2.52512812088086,0.000266636751983821,0.0281561906759501,39.662074141333,127.333456032743,1.900090383644,0,3.46842837047879,0,44.5176842962554,0,9.9292163238537,3.99182981076607,29.2538651416018,28.6452865454353,0,1.32575468271965,4.00738773273672,0,117.205216524646,4.40503717060018,11.8723489552496,13.8892167352539,4.29544239470401,3.17865229074068,10.4103048968488,4.43856676505487,261.649602435893,27.9159735056338,1.04500840785831,5.07179923710107,0,0,3.40465630335585,1.8569395072759,181.616897014087,20.021985272538,2.59937507086638,16.5835502462034,9.47564711315282,6.46892694480442,1.68583209478613,131.121071175046,0,10.7187564166123,0,36.3772232069501,15.8158050658418,226.130368336809,11.6303054273382,201.581068574643,2.04473722400992,101.797285328854,0,132.726912896436,6.47033859782421,15.2929068343514,23.7059836447107,0,21.0945807764347,8.50976962655434,9.69564835012302,258.477838005265,3.75756931975341,53.3809923975484,32.5486628621727,15.5674333660436,174.804432253361,8.16949048371923,22.4747721756017,5.27841920949739,6.38949919089853,22.044020324629,4.06894276327005,2.90189211997589,151.065859577049,10.3496615486101,8.08755705352457,0,158.073000539111,43.409685236174,43.0745648950426,0,141.602111290604,44.0543069519699,3.68250542623227,157.68258424777,36.7599736846305,0,6.05761256799152,439.257507914561,44.5991814510314,8.06952544080526,4.42169801869841,0,2.13479918515073,"BH vs. HB","HB"
"LOC111104289",236.31898118936,1.21950819938641,1.39520128701567,0.000350545363878974,0.0350235266057081,74.6024727896501,643.685659630087,125.405965320504,113.71189643345,508.702827670223,113.919336942926,152.538535897463,74.2907518378757,845.08663378577,89.8161707422365,122.059230418408,488.03080781112,149.88947568344,10.6060374617572,522.964099122142,34.3284167588779,510.143218078425,36.1213047989215,45.6628805971138,138.892167352539,108.101966933384,36.0247259617277,106.942223031265,75.4556350059329,88.6040699157912,54.7153080710423,671.940406252893,82.1631476410374,85.0923808577173,39.6453363349328,652.559124809872,124.414946987486,562.678116516038,627.689238294067,64.9843767716596,63.3190100309585,538.006186091232,77.627123337653,608.585386217794,593.117970393373,97.304322580616,129.599509400858,104.593777513822,728.286856449348,64.1935617378285,61.5801449488631,646.644981760004,113.13223236332,83.1526471097369,558.310884484024,37.7908906188476,234.291854938926,500.064740203271,158.663908406396,579.808849976883,460.143547062981,660.963530994952,185.087489377557,107.621696686365,58.8936846087946,97.6968023135887,662.286210762804,108.83459144539,157.620262831192,575.317884174524,116.707006910275,67.424316526805,508.839611795548,133.469538654325,74.757981970481,703.248940918507,573.994261331232,57.5488988864947,60.0280369819384,87.6152014131828,79.8139686824022,94.2358272444698,69.9870435440356,119.021824052091,93.0114726157306,184.286001296862,193.238210039323,57.9994604631582,592.929717479629,239.34827310215,126.358729830556,62.5953298692457,27.8598842229108,66.8987721765471,97.9870946383496,72.9580173085238,70.4828396881792,111.009557627838,"BH vs. HB","HB"
"LOC111104336",90.2221174807931,-3.62062303004643,1.68274439758622,3.97665551389654e-05,0.00618572337032876,52.8827655217773,47.1234049884955,262.212472942872,34.113568930035,10.4052851114364,9.29953770962662,3.92803096731665,314.703879313223,16.5486938730895,22.9530214119049,63.5515001352039,0,83.854252130596,15.9090561926357,3.00554079955254,55.7836772331766,19.5342027541076,5.28604460472022,27.3977283582683,11.1113733882031,5.72725652627201,3548.43550723018,57.7298726097978,99.8677522137347,2.37863274941721,7.81647258157747,24.0351933807411,21.3015567958245,3.27278387914297,820.032483138347,15.8883960823273,12.0701067972934,28.9695663948851,15.0164889544035,36.3912509921294,67.0879987232774,5.26424839619601,6.46892694480442,63.21870355448,41.999718110757,0,6.82102681057145,50.3599669510993,17.0750231379562,31.6316101316836,13.1236374481184,13.9563665128058,61.7084903799927,7.49736982136972,7.346195848474,11.8771370516378,80.7902948065263,1.84866817080692,1.91161335429392,6.91424522970729,24.5628227969563,1.75788173136955,44.6762905394103,14.5434725251845,63.2561797650016,8.7676617460913,19.9047768262045,3.05143714332869,14.5944687806659,33.6162369718003,24.5084714511577,43.8793171047461,81.2876558262597,4.25966612726569,33.5452483200876,141.73483958724,56.8770855515275,1.79840309020296,200.093456606461,370.679698286543,16.6279101421671,20.265769299886,103.65169740066,53.276435528079,15.8317400196988,4.74265444513983,29.0357932183438,143.617711623058,8.64014160261755,18.7884309943667,102.821319371923,11.1056230413178,30.6458726452019,6.37131163586163,41.5004165527128,97.277356411365,221.207681482901,22.4153914440827,"BH vs. HB","BH"
"LOC144624325",4.39840556068496,16.0470304010682,4.77290049505169,5.83505846620116e-06,0.0012631442814709,0,0,156.75745665063,0,0,0,0,0,0,0,0,2.12187307743965,0,0,0,8.58210418971948,0,0,1.82651522388455,0,0,0,79.4968737577544,0,0,0,0,0,9.81835163742892,0,0,0,2.22842818422193,0,5.19875014173276,0,0,0,0,0,0,0,10.8467621125445,0,0,0,0,1.02847483966655,0,2.098913099564,0,0,0,0,0,0,0,0,0,0,0,0,1.0171457144429,7.78371668302181,0,17.5060510365412,0,12.6682061027937,0,0,0,1.16075684799036,0,5.51981949259204,0,27.7131835702785,2.0265769299886,30.1210060822432,0,0,0,8.00987399126726,0,0,15.5208777779551,0,0,0,0,0,0,0,0,"BH vs. HB","HB"
"LOC111102944",35.4173145866247,2.53647490888876,1.84625389552464,0.000132449044198981,0.0163062977306016,12.2763562818412,10.026256380531,38.00180767288,15.7447241215546,6.93685674095759,34.8732664110998,49.7550589193443,0,26.4779101969432,109.775319796067,21.1838333784013,65.7780654006293,182.382998384046,3.97726404815894,23.0424794632361,4.29105209485974,6.7618394148834,13.2151115118005,13.6988641791341,4.6297389117513,23.624933170872,3.17865229074068,9.46391354258981,62.1399347107682,7.13589824825164,46.8988354894648,35.5302858671825,3.04307954226064,13.0911355165719,15.6494748690524,17.0232815167793,12.0701067972934,43.4543495923277,8.00879410901521,26.8602090656193,2.26139321539137,5.26424839619601,80.8615868100553,42.1458023696533,68.6336856931882,17.1084523218665,162.730211052205,24.7925991143874,5.93913848276736,11.1640976935354,37.3518911984907,700.144386725759,6.17084903799927,89.9684378564366,25.186957194768,0,15.0039118926406,6.47033859782421,11.4696801257635,40.4977220597141,13.1001721583767,7.910467791163,0,3.87825934004921,151.596706678194,38.8282163041186,1.80952516601859,20.3429142888579,1.94592917075545,12.4860308752401,21.0072612438494,25.6854539149734,33.7818829407833,13.4889427363414,8.62592099659397,11.5286711625985,11.0271900559084,141.174642580932,46.9184656870323,28.306449687336,6.65116405686685,9.11959618494869,7.97320749235849,34.0062354434546,45.5162525566341,16.9380515897851,0,10.1268899221387,20.5203363062167,51.4639631584827,0,1.00960209466525,83.5796526687325,24.4233612708029,13.8334721842376,19.8976410841428,7.59045965872699,24.5501906292334,"BH vs. HB","HB"
"LOC144620003",66.8239624216013,22.2694015069293,3.7082036976172,5.89192044489202e-10,2.63886926546483e-07,0,273.716799188495,0,0,246.258414303994,0,0,0,268.08884074405,0,0,0,0,0,190.350917304994,0,274.981469538591,0,0,0,0,0,0,0,0,0,303.05243827891,306.336673920905,0,0,226.97708689039,0,162.675257448201,191.209959352738,0,0,222.151282319472,0,329.580174530689,320.63199435773,0,93.5455105449799,0,132.88822355192,0,0,200.041253350217,0,0,199.39674445858,0,0,249.570203058934,0,335.834768300069,203.052668454839,217.09839382414,0,0,1.09062378905175,0,190.000142431952,0,0.972964585377727,268.929895774402,0,1.07022724645722,270.255063526266,0,0,211.585023690043,204.873583670298,0,0.689977436574005,0,0,0,0,0,0,0,0,0,117.721929335664,0,0,0,0,0,0,0,0,0,"BH vs. HB","HB"
"LOC144625336",496.134513773223,1.6836723850556,2.07600164848863,0.000541692530157952,0.0480257571874168,127.485238311427,1957.12524547964,765.736424608532,88.3453964598343,1641.72276202663,27.8986131288799,47.1363716077999,103.181599774827,2402.87035037259,11.9754894322982,63.5515001352039,31.8280961615948,32.4935227006059,37.1211311161501,1679.09546001669,19.3097344268688,1132.2324442477,51.0984311789621,75.8003817912089,19.4449034293555,39.3748886181201,47.6797843611102,45.4267850044311,16.6446253689558,26.1649602435893,40.1990018481127,1350.15086295294,1537.76952868905,74.183101260574,77.2040760206586,1690.97929733341,90.0615661028813,1610.03936310035,1583.73903505776,35.5247926351739,14.322157030812,1574.01027046261,47.4387975952324,1126.13583931714,1261.01592669126,55.6024700460663,735.696463140206,12.3962995571937,1285.08108920879,70.7059520590574,12.1141268751862,1281.65965809267,23.6549213123305,60.6605376456277,1177.4902488554,86.379178557366,182.355236849016,2386.63060851173,21.0277468972331,1719.67156356006,1576.93322356459,1314.01659419874,43.612569336091,20.3608615352583,136.327973631469,100.201848526758,1405.09629141344,96.6288428720751,35.9996896589759,3061.95895617426,79.3607646989868,26.7556811614306,1328.05027310954,33.3673846635812,17.2518419931879,1283.07328468449,1654.65888681025,80.9281390591332,40.7086687578663,32.3502282140983,53.2093124549348,51.6777117147092,69.9870435440356,102.018706330364,18.8001912733923,1.35504412718281,27.033324720527,65.3644713156228,1072.4575764249,50.6470748543798,28.4926547657137,125.190659738491,48.2904659863788,86.012707084132,73.7785183159338,25.4247636075159,32.5305413945443,125.953151923893,"BH vs. HB","HB"
"LOC144625490",219.257044390423,-6.63596249065977,2.66582261360605,2.31346094462487e-05,0.00396459921994797,18.8867019720633,0,46.552214399278,1.74941379128385,8.09299953111719,2.32488442740666,3.92803096731665,0,4.41298503282386,0,1.00875397040006,2.12187307743965,1.04817815163245,5.30301873087858,11.020316265026,2940.44344800264,2.2539464716278,2.64302230236011,10.045833731365,0.925947782350261,4.29544239470401,3254.93994571845,2107.61354593475,14.4253419864283,6.54124006089734,3.34991682067606,8.36006726286648,7.1005189319415,1.09092795971432,3023.47854470093,0,2.78540926091385,2.22842818422193,1.0010992636269,1.73291671391092,4.52278643078275,5.26424839619601,0,0.842916047393067,9.21945031699543,2.13855654023332,648.971979405798,12.3962995571937,0,2.79102442338385,1.00951057293218,1.16303054273382,2.05694967933309,2.04473722400992,2.098913099564,0,0,5.54600451242075,7.64645341717569,4.93874659264807,0,9.66834952253255,0,2583.89028530778,0,0,0.904762583009296,4.06858285777158,11.6755750245327,1.92092782696001,12.8377707601302,2.14045449291445,0,2.83977741817713,1.91687133257644,0.678157127211675,2.32151369598072,0.89920154510148,8.96970667546206,5.39170470234971,1.10852734281114,2.0265769299886,647.601630768228,1.13354118144849,1.97896750246235,1.35504412718281,2.00246849781681,0,2.16003540065439,3.2675532164116,0,20.1920418933051,1.85732561486072,1.06188527264361,0,589.191260991563,2255.45087002174,1996.03723811593,"BH vs. HB","BH"
"LOC144620089",12.2411475112948,14.8567039387591,6.29673775156754,2.40518974981709e-05,0.00408363491052279,0,0,0,0,0,0,0,0,0,0,0,0,0,0,0,0,7.513154905426,0,0,0,0,0,0,0,9.51453099766885,2.2332778804507,0,0,0,0,0,0,0,0,0,17.3373479846672,0,0,0,0,0,0,6.19814977859684,0,0,15.1426585939827,0,1.02847483966655,4.77105352268982,0,943.692525739224,0,0,0,0,0,0,0,0,2.18124757810351,40.0807394107031,0,8.13716571554317,5.83778751226636,0,0,0,0,0,0.958435666288219,0,0,0,0,0,0,0,0,0,15.8317400196988,0,0,0.920626356558067,6.48010620196316,0,30.970276919254,0,0,0,19.5974189276699,0,0,0,"BH vs. HB","HB"
"LOC144620154",16.516801549747,20.1634795752679,2.88673197320044,1.08484004734923e-12,7.4160236605239e-10,0,0,0,0,10.4052851114364,0,0,0,17.6519401312955,0,0,0,0,0,31.0572549287096,0,17.2802562824798,0,0,0,0,0,0,32.1796090466478,0,0,20.9001681571662,231.274045211809,0,0,27.2372504268468,0,8.91371273688773,20.021985272538,0,0,23.1626929432624,0,9.27207652132373,19.4632840025459,75.9187571782828,0,0,6.68153079311328,0.930341474461282,0,12.793335970072,0,0,30.434239943678,0,0,12.9406771956484,0,19.7549863705923,26.2003443167534,9.66834952253255,0,0,0,0,9.04762583009296,9.15431142998606,0,24.0115978370002,0,529.762486996325,29.5591475731854,20.5883862817842,0,17.6320853075036,9.86643320791804,0,0,0,4.43410937124457,0,0,0,0,205.966707331787,0,0,7.56012390229036,0,0,0,0,0,0,0,4.33740551927257,0,"BH vs. HB","HB"
"LOC111101702",21.9692779920791,-21.9682048708901,4.01014749679903,1.19431336089905e-08,4.19252407784793e-06,0,0,0,0,0,0,26.8415449433305,145.486055682507,0,107.779404890684,0,44.5593346262327,0,0,0,164.132742628385,0,0,0,0.925947782350261,0,193.897789735181,76.6576996949774,0,0,0,0,40.5743938968086,0,133.542185549247,20.4279378201351,0,0,0,0,177.896266277455,0,0,0,0,0,38.9772960604083,0,0,0,0,0,0,89.2868587817666,0,0,0,0,0,0,0,0,0,247.239032928137,0,7.51513863950682,0,0,0,0,0,0,0,0,0,0,0,0,0,8.08755705352457,0,0,0,0,0,0,0,0,0,41.6613035092479,4.95524430708064,160.526733051775,0,0,57.6394674343233,54.1658007290555,117.109949020359,83.2571682208786,"BH vs. HB","BH"
"LOC144620237",2.27798605950553,25.8187839770119,4.78628749064547,1.32853924530243e-08,4.6015285300295e-06,0,0,0,0,0,0,0,0,0,0,0,0,0,0,0,0,0,0,0,0,0,0,2.83917406277694,1.10964169126372,4.16260731148012,0,0,57.8185113029522,0,0,0,0,0,0,0,0.753797738463791,0,3.23446347240221,0,4.09753347422019,0,0,0.774768722324605,0,0,1.00951057293218,10.4672748846044,5.14237419833273,0,0,0,0,0,0,0.987749318529613,0,0,0,0,100.337388592761,0,0,0,6.81075209764409,0,0,0,0,0,0,10.1723569081751,0,0,0,0,0,0,0,0,0,0,0,0,0,0,0,0,0,0,0,0,0,2.13479918515073,"BH vs. HB","HB"
"LOC144626390",21.8434456220222,2.12129655533875,1.19765892984817,4.87058490299455e-05,0.00735599907122613,30.2187231553013,32.0840204176991,32.301536521948,20.9929654954062,9.24914232127678,11.6244221370333,15.7121238692666,10.3181599774827,12.1357088402656,17.9632341484473,27.2363572008017,12.7312384646379,32.4935227006059,9.28028277903752,10.0184693318418,36.4739428063078,16.5289407919372,5.28604460472022,47.4893958209983,21.296798994056,11.454513052544,6.35730458148136,74.7649169864595,22.1928338252744,47.5726549883443,5.58319470112676,28.2152270121744,6.08615908452129,57.8191818648592,39.6453363349328,20.4279378201351,51.9943062037253,11.1421409211097,18.0197867452842,3.46583342782184,15.8297525077396,12.6341961508704,17.2504718528118,19.3870690900405,31.7558844252065,25.6626784827998,11.6931888181225,30.2159801706596,7.42392310345921,12.0944391679967,23.2187431774402,9.30424434187056,247.862436359637,10.2236861200496,6.296739298692,8.6379178557366,4.61658827465864,4.6216704270173,36.3206537315845,24.6937329632403,31.1129088761446,12.3051721195869,21.2744240663859,6.78695384508611,10.9062378905175,5.01009242633788,16.2857264941673,29.497225718844,33.0807959028427,10.5651030482801,15.1719108983357,26.7556811614306,4.22273536759791,29.1077185363155,17.2518419931879,40.6894276327005,11.6075684799036,17.0848293569281,17.2494359143501,2.69585235117486,21.0620195134117,28.3720770198404,8.85911943595387,7.93478827013942,8.90535376108059,2.71008825436562,32.039495965069,11.0475162786968,32.4005310098158,21.2390959066754,9.91048861416129,5.04801047332626,7.42930245944289,20.1758201802285,0,2.21084900934921,42.2897038129075,35.2241865549871,"BH vs. HB","HB"
"LOC144620288",257.456256297186,-8.38784728089443,4.58447562807505,5.47858011836788e-05,0.00808619748493423,0.944335098603166,6.01575382831857,2122.40095853035,0.874706895641923,0,1.16244221370333,0,1684.95552432293,0,0,0,2.12187307743965,0,0,0,0,6.7618394148834,0.881007434120036,4.56628805971138,0,0,5239.47852590422,1.89278270851796,3.32892507379116,0,0,0,0,982.926091702606,762.651075285155,6031.91608411212,0.928469753637951,1.11421409211097,0,0,1.50759547692758,1.0528496792392,0,0,2.0487667371101,1.06927827011666,18.5142156286939,3.87384361162303,0.742392310345921,78.1486838547477,1.00951057293218,0,0,0.681579074669974,4.197826199128,0,0,0,0.955806677146961,0,0,0,0,0.969564835012302,1.09062378905175,0,0,182.069082885278,3.89185834151091,0,3517.54918827568,1.07022724645722,2.11136768379895,2.12983306363284,0.958435666288219,0,0,4.4960077255074,0,363.940067408606,212.837249819739,0,1.77182388719077,0,4.94741875615588,0.677522063591404,0,0,0,1941.74349885259,0,5.04801047332626,0.928662807430361,0,0,18.7922165794682,0,707.685929877468,"BH vs. HB","BH"
"LOC111101752",135.694619489887,2.94121869634439,0.81813724081743,4.24219533482228e-06,0.000949995760454124,14.1650264790475,79.2074254061945,113.055377826818,62.1041895905766,142.205563189631,54.6347840440564,337.810663189232,121.754287734296,91.5694394310952,89.8161707422365,81.7090716024051,27.5843500067155,64.9870454012119,58.3332060396644,44.0812650601039,23.6007865217286,90.157858865112,39.6453345354016,94.9787916419967,33.3341201646094,87.3406620256481,94.3000179586401,88.0143959460852,134.26664464291,36.8688076159668,87.0978373375775,91.9607398915312,46.6605529813299,10.9092795971432,82.4205676436761,216.763117980323,79.8483988128638,283.010379396185,76.0835440356445,61.5185433438377,133.422199708091,46.3253858865249,60.3766514848413,98.6211775449888,125.999154332271,112.274218362249,78.9290245223268,161.926662965842,113.586023482926,73.4969764824413,18.1711903127793,36.0539468247484,68.9078142576585,56.5710631976079,70.313588835394,53.9869865983538,3703.6579433449,117.390428846239,114.696801257635,122.480915497672,47.4881240741155,117.77807600176,58.5046661825611,78.5347516359964,37.0812088277596,67.6362477555614,94.0953086329667,293.955111473997,92.431635610884,149.832370502881,75.8595544916786,114.514315370923,136.183215605033,39.0469394999355,105.427923291704,136.987739696758,159.604066598674,48.5568834354799,299.450207473118,222.407818971926,70.9457499399131,63.8371732946408,65.5574838260587,82.7485062457396,77.1797325960317,81.9801696945599,258.318436218369,90.2213829426906,230.043770169692,73.5199473692609,209.359071974157,77.7393612892245,18.5732561486072,55.2180341774675,103.751041381782,55.2712252337301,91.0855159047239,29.8871885921102,"BH vs. HB","HB"
"LOC144620359",10.001649587352,-19.3361383721966,3.31980538528631,1.90778951946139e-09,7.50888611318919e-07,0,20.0525127610619,0,61.2294826949346,0,31.3859397699899,0,4.12726399099309,0,19.9591490538303,45.3939286680028,20.1577942356767,60.7943327946821,0,0,16.091445355724,17.2802562824798,37.8833196671616,0,0,0,0,7.57113083407185,0,0,36.8490850274366,0,0,2.18185591942865,0,1.13488543445195,124.414946987486,0,0,0,0,0,0,0,0,27.8012350230331,0,0,0,0,0,0,0,0,0,0,0,0,0,0,0,0,55.3135025726032,0,0,101.454371633342,45.2381291504648,0,0,0,0,0,0,0,5.75061399772931,10.1723569081751,0,0,0,0,0,27.3587885548461,7.0872955487631,0,0,31.1660149252046,0,0,38.880637211779,0,13.6269218444718,0,0,28.6709023613773,31.1253124145346,0,0,0,"BH vs. HB","BH"
"LOC144627174",78.8373526516928,2.6841757308193,2.97550700786217,0.000430196034972963,0.0403436909765078,2.8330052958095,2.00525127610619,7.600361534576,1.74941379128385,499.453685348946,2.32488442740666,3.92803096731665,0,248.230408096342,177.63642657909,4.03501588160025,126.251448107659,0,10.6060374617572,141.260417578969,1.07276302371494,350.864334083394,3.52402973648014,27.3977283582683,0,4.29544239470401,1.05955076358023,0,2.21928338252744,0,1.11663894022535,412.778321104032,2.02871969484043,10.9092795971432,6.25978994762097,192.930523856832,0,583.848184266146,191.209959352738,0,6.78417964617412,134.764758942618,49.5951065768339,131.494903393318,55.3167019019726,201.024314781932,16.5653508256735,2.32430616697382,230.884008517581,0,2.01902114586436,436.136453525182,0,1.36315814933995,248.721202298334,0,4.61658827465864,75.7953950030836,1.91161335429392,210.390604846808,846.598625735093,137.99371591251,0,2.9086945050369,0,254.262190636648,0.904762583009296,9.15431142998606,0,262.206648380042,10.5036306219247,3.21068173937167,234.361812901684,2.12983306363284,0,147.160096604934,199.069799430346,0,13.7995487314801,12.1313355802868,0,0,3.54364777438155,0,0,182.930957169679,4.00493699563363,0,0,0,111.492996909314,1.00960209466525,6.50063965201253,1.06188527264361,6.91673609211879,4.42169801869841,44.4584065725438,0,"BH vs. HB","HB"
"LOC144627222",54.0116596029766,-7.56596427240701,7.94674797001699,0.000300868192160599,0.031388164770104,0,0,286.913647930244,297.400344518254,0,6.97465328221997,0,0,0,0,142.234309826409,162.323290424134,0,2.65150936543929,0,391.558503655951,0,0,0,245.376162322819,0,0,0,0,0,20.0995009240563,0,59.8472309977926,354.551586907155,306.729707433428,0,106.774021668364,0,0,0,0,0,0,0,0,4.27711308046664,38.0028636588981,0,0,0,0,0,0,0,51.423370939318,0,0,0,0,0,0,0,89.3525810788206,0,0,0,3.61905033203718,0,0,0,469.162167779304,0,0,0,0,0,0,889.310328105364,0.689977436574005,98.3986108178822,0,0,0,0,551.142449435765,0,0,0,0,96.3928198841421,0,0,86.3656410910236,0,0,0,0,261.512900180965,"BH vs. HB","BH"
"LOC144627306",1153.89184034554,4.95660930552665,1.92486893965871,2.29771236815959e-05,0.00396459921994797,5.666010591619,1039.72278666106,152.957275883342,900.948102511181,2520.39128254792,1573.94675735431,999.683881182088,120.722471736548,3745.52104660926,2.99387235807455,1564.5774080905,2894.23487762769,107.962349618142,2.65150936543929,928.712107061735,0,1541.69938659341,4.40503717060018,1063.94511791275,2008.38073991772,2.863628263136,99.5977717765412,86.1216132375673,403.909575619994,69.5750079204535,1839.10433455116,2130.77214362309,502.108124473006,60.0010377842878,164.841135287352,1863.4818833701,2211.6149531656,4123.70635490268,1052.15532607187,293.729383007901,514.843855370769,1950.93045563024,11.8596993988081,2782.46587244451,1446.42931639973,1460.63411697936,482.344038747553,1147.43247776274,2135.86267686521,814.048790153622,109.027141876676,2398.16897911714,677.764919340253,0.681579074669974,3053.91855986562,0,599.002328636959,3026.26979561093,562.014326162413,1909.31943271774,6771.15148436095,5615.55319086004,963.73141020728,590.464984522492,1.09062378905175,526.059704765478,2226.62071678588,901.191102996406,0,4235.64585844683,406.140384047756,0,2103.97789690566,0,281.780085888736,1516.35933644531,2101.55027328654,19.7824339922326,162.834675031465,946.244175262374,611.90709323175,397.209078277765,366.76754464849,1942.88958500271,2779.45985720837,3049.52680822491,142.175263344994,8.2856372090226,3282.17379129434,1347.86570176978,768.0628675975,39.3744816919449,0.928662807430361,592.531982135132,773.521652968618,334.943624916405,3.25305413945443,335.163472068665,"BH vs. HB","HB"
"LOC111137438",2816.15782336068,6.08752768989823,4.98630686213524,0.000170267339166107,0.0197456904889195,0,1350.53673445752,738.185114045694,42.8606378864542,767.678812665973,4.64976885481331,1698.87339336445,82.5452798198618,2.20649251641193,0,0,773.422736726754,2998.83769182044,2.65150936543929,77234.3837730348,0,682.945780903223,0,0,1.85189556470052,1.431814131568,0,0.946391354258981,3715.08038235093,0,66.9983364135212,0,0,1532.75378339863,1317.68578397421,0,0,6355.47718140095,854.938771137373,1605.54733543847,0,4.21139871695681,0,0,0,1502.33596951391,1919.63183097511,3.87384361162303,0.742392310345921,0,435.09905693377,131994.662355947,0,0,953.956003751838,0,0,0,0,211.378354165337,2569.27126456163,1.75788173136955,487.184311120236,0,0,7.51513863950682,9.04762583009296,0,4.86482292688863,157.516081810721,9.33656055282198,0,764.315101535221,0,968.020022951101,98.3327834456929,690.650324554263,0,4.13986461944403,417.857114432103,436.75977306759,0,57.5842763337002,0,0,1.35504412718281,15.0185137336261,6.44438449590647,3237.89306558093,2.4506649123087,0,16.153633514644,594.344196755431,0,3019.15530420985,0,377.354280176713,9089.97493037182,"BH vs. HB","HB"
"LOC111119622",3210.99292490164,11.8109601155716,3.259369718783,3.3699656860877e-06,0.000795832714795457,0,1936.07010708053,917.743655300052,58.6053620080089,954.973944671828,30.2234975562865,1938.48328237077,15.4772399662241,0,3.99182981076607,2.01750794080012,1011.0725214,3312.24295915854,0,93681.7048751195,0,565.740564378578,0,0,1.85189556470052,0,2.11910152716045,1.89278270851796,5640.30871669348,0,49.1321133699155,0,0,1675.6653461212,1411.58263318853,0,0,5144.32646327633,994.091568781512,2146.21735017868,0,0,6.46892694480442,0,0,2276.49343707837,2345.45879043507,1.54953744464921,17.8174154483021,0,452.260736673617,143671.489004994,0,4.77105352268982,1058.90165873004,0,0,0,0,231.13334053593,3232.46748007945,1.75788173136955,624.404346348425,0,0,0,1.80952516601859,0,1.94592917075545,195.934638349921,9.33656055282198,0,823.433396681592,0,819.462494676427,157.332453513109,791.055791905429,0,4.13986461944403,403.029926500641,447.845046495701,0,44.2955971797694,29.4720707176607,0,3.38761031795702,13.0160452358093,0,3867.54338487168,0,0,14.1344293253135,744.78757155915,0,3285.44964375643,4.42169801869841,431.57184916762,11108.4275599318,"BH vs. HB","HB"
"LOC111101985",699.911992637921,-2.32671287366407,2.63312949939946,0.000455788456616257,0.0421352908808559,109.542871437967,24.0630153132743,108.305151867708,7.87236206077731,16.1859990622344,2530.63669923214,17.6761393529249,34.049927925693,27.5811564551492,8721.15017907116,5.04376985200031,9.54842884847844,6908.54219740948,42.4241498470287,2213.07987540385,22.5280234980136,15.026309810852,5561.79993159979,4721.54185374157,51.8530758116146,2.863628263136,27.5483198530859,44.4803936501721,679.100715053396,66.601716983682,2405.24027724541,9.40507567072478,752.655006785799,4.3637118388573,387.063678427897,31.7767921646546,0,8.91371273688773,13.0142904271497,4.3322917847773,24.1215276308413,3199.61017520793,121.831457460483,8.42916047393067,7.17068357988534,145.421844735866,11.6931888181225,572.554085797883,654.790017725102,707.059520590574,102.970078439083,103.50971830331,4.11389935866618,2.7263162986799,22.038587545422,0,8.07902948065263,4.6216704270173,0.955806677146961,2032.78809753394,39.3005164751301,0,0,3.87825934004921,69.7999224993122,6415.42335192566,11.7619135791208,61.0287428665738,1.94592917075545,12.4860308752401,2245.44281295369,950.361794854014,2.11136768379895,32.657440309037,309.574720211095,19.6665566891386,13.3487037518891,47.6576818903785,895.590712673058,12.1313355802868,73.1628046255354,36.4783847397948,30.1210060822432,239.177189285631,38.5898662980159,21.0031839713335,15.0185137336261,33.1425488360904,3.24005310098158,87.4070485390102,8.67167753739113,494.705026385974,1102.32275241984,6995.70017617607,12.6806828355511,888.761301758381,42.2897038129075,504.880007288148,"BH vs. HB","BH"
"LOC144618091",188.98196580908,-5.56173864138061,3.79447341871752,0.000112288496338861,0.0142288696068029,424.006459272822,1946.09636346106,21.851039411906,6.12294826949346,0,4.64976885481331,1.30934365577222,0,0,0.997957452691516,0,6.36561923231896,1460.112165224,1287.30779692078,0,12.8731562845792,4.5078929432556,1655.41296871155,0.913257611942276,0,10.022698920976,33.9056244345672,87.0680045918262,22.1928338252744,0,4.46655576090141,0,0,78.5468130994313,29.2123530888979,52.2047299847898,0,0,6.00659558176141,0,3.01519095385517,9.47564711315282,0,0,7.17068357988534,0,0,15.4953744464921,28.210907793145,1903.47865674778,0,0,0,0,0,111.213192392609,9.23317654931729,15.7136794518588,9.55806677146961,11.8529918223554,0,1.75788173136955,0,12.6043428551599,17.449980624828,1757.28991853801,38.0000284863904,363.121020056114,1.94592917075545,0,92.198535459117,47.0899988441178,9.50115457709529,88.0330999634909,89.1345169648043,48.8273131592406,8.1252979359325,13.4880231765222,1686.30485498687,0,0,4.0531538599772,1772.70979913437,26.0714471733152,49.4741875615588,0,0,21.1744062008355,2.16003540065439,0,4.95524430708064,5.04801047332626,35.2891866823537,1961.30209857274,114.12614551996,0,2.16870275963628,21.3479918515073,"BH vs. HB","BH"
"LOC111122538",69.0092953484061,6.04757692210295,1.2609654311669,2.82976779786408e-07,7.99009544403427e-05,12.2763562818412,7.01837946637167,19.00090383644,3.49882758256769,17.342141852394,0,21.6041703202416,0,8.82597006564773,1.99591490538303,4.03501588160025,44.5593346262327,52.4089075816225,0,2047.77513142846,7.50934116600455,8.2644703959686,8.81007434120036,21.0049250746723,8.33353004115235,2.147721197352,21.1910152716045,6.62473947981287,44.3856676505487,2.37863274941721,4.46655576090141,1.04500840785831,0,3.27278387914297,44.8618279579503,19.2930523856832,5.57081852182771,22.2842818422193,2.0021985272538,11.263958640421,7.53797738463791,1.0528496792392,14.0160083804096,2.5287481421792,3.07315010566514,10.6927827011666,0,0,14.1054538965725,11.1640976935354,4.03804229172873,3134.36731266764,10.2847483966655,10.9052651947196,25.186957194768,12.9568767836049,9.23317654931729,2.77300225621038,16.2487135114983,9.87749318529613,22.9253012771592,0,0,0,2.18124757810351,2.50504621316894,1.80952516601859,7.12002000110027,4.86482292688863,6.72324739436005,8.16949048371923,2.14045449291445,0,14.1988870908856,5.75061399772931,9.49419978096345,28.4385427757638,5.39520927060888,5.51981949259204,4.04377852676228,14.4108554565448,1.0132884649943,18.6041508155031,2.26708236289698,7.91587000984941,9.48530889027966,14.0172794847177,16.5712744180452,110.161805433374,15.5208777779551,11.1492996909314,20.1920418933051,38.0751751046448,22.2995907255157,42.6532059013992,6.63254702804762,1.08435137981814,149.435942960551,"BH vs. HB","HB"
"LOC111127528",53.1006677272704,22.2987304851586,2.78645978102366,4.2317763047526e-16,4.99676604857083e-13,0,252.66166078938,0,0,212.730273389366,0,1.30934365577222,0,291.257012166375,0,193.680762316812,2.12187307743965,0,0,6.01108159910508,0,185.574926164022,0,25.5712131343837,0,0,0,0,0,0,0,4.18003363143324,0,0,2.08659664920699,0,63.1359432473807,0,228.250632106933,5.19875014173276,3.01519095385517,0,0,264.675638881423,611.556871027364,0,0,1.54953744464921,227.172046965852,0,0,167.47639815367,0,4.77105352268982,264.463050545064,0,0,304.105914097738,0,0,0,247.861324123107,243.592155560118,0,0,0,258.762098740659,1.0171457144429,0,173.843968339881,0,2.14045449291445,6.33410305139686,2.83977741817713,0,0,206.614718942284,0,4.13986461944403,4.04377852676228,1.10852734281114,0,0,0,0,236.4552001934,0,0,206.283380762494,0,0,4.03840837866101,5.57197684458217,0,4.61115739474586,2.21084900934921,4.33740551927257,0,"BH vs. HB","HB"
"LOC111113280",176.690428603258,2.62308287894492,3.17738861207879,0.000529806991835245,0.0472948323948597,1.88867019720633,6.01575382831857,34.201626905592,3.49882758256769,32.3719981244687,0,9.16540559040553,0,4.41298503282386,5.9877447161491,6.05252382240037,752.204005952357,2.0963563032649,7.95452809631787,4.00738773273672,2.14552604742987,42.0736674703856,0,1.82651522388455,0,0.715907065784001,21.1910152716045,28.3917406277694,1279.41687002707,0,4053.39935301803,6.27005044714986,0,0,115.806114030988,9.07908347561561,0,20.0558536579974,4.0043970545076,5.19875014173276,43.7202688308999,0,8.62523592640589,0,2.0487667371101,8.55422616093327,4.87216200755104,82.1254845664081,2.96956924138368,5.58204884676769,0,9.30424434187056,8.22779871733236,0,0,49.6680276704855,20.7746472359639,0,5.73484006288177,0,39.3005164751301,7.03152692547822,59.5683873858804,13.5739076901722,0,42.585785623872,9.04762583009296,65.0973257243453,3342.13335077249,19.2092782696001,4.66828027641099,0,42.2273536759791,0,2.87530699886466,40.0112705054888,13.9290821758843,0,1.37995487314801,0,176.255847506972,4.0531538599772,3638.44035234626,15.8695765402788,5.93690250738706,6.77522063591404,1882.32038794781,0,6.48010620196316,0,2.47762215354032,48.4609005439321,0,0,20.7502082763564,27.6356126168651,65.0610827890885,117.41395518329,"BH vs. HB","HB"
"LOC111126273",165.278032824053,3.08022294621477,2.76462471796513,0.000253449380742185,0.0269830105063104,4.72167549301583,1.0026256380531,32.301536521948,30.6147413474673,50.8702827670223,6.97465328221997,1.30934365577222,0,0,3.99182981076607,4.03501588160025,485.908934733681,6.2890689097947,2.65150936543929,2.00369386636836,2.14552604742987,20.2855182446502,7.04805947296029,10.045833731365,1.85189556470052,1.431814131568,23.310116798765,16.0886530224027,480.47485231719,13.0824801217947,4775.86474734383,2.09001681571662,11.1579583216224,10.9092795971432,77.2040760206586,5.67442717225976,1.8569395072759,5.57107046055483,4.0043970545076,7.79812521259915,18.8449434615948,0,6.46892694480442,0,0,6.41566962069995,2.92329720453062,32.5402863376334,1.48478462069184,0,16.1521691669149,46.5212217093528,21.5979716329974,6.13421167202977,14.692391696948,10.7973973196708,20.7746472359639,0,0,0,85.1511190294485,5.27364519410866,0,3.87825934004921,4.36249515620701,11.2727079592602,14.4762013281487,23.3943514321866,1799.98448294879,19.2092782696001,14.004840829233,2.14045449291445,65.4523981977676,9.93922096361994,0,27.8044422156787,9.28605478392286,94.4161622356554,25.5291651532382,10.7834094046994,157.410882679182,0,4544.72827064434,15.8695765402788,5.93690250738706,12.8729192082367,1790.20683704823,0,25.9204248078526,0,9.91048861416129,52.4993089225932,35.2891866823537,2.12377054528721,36.8892591579669,15.4759430654444,44.4584065725438,78.9875698505771,"BH vs. HB","HB"
"LOC144622538",895.027814437376,3.26621541763606,0.716927061877387,7.81236468683961e-07,0.000202941797470033,312.574917637648,319.837578538937,459.821872841848,516.951775324377,367.653407270752,108.107125874409,307.695759106471,238.349495479851,806.473014748561,439.101279184267,371.221461107223,1925.59981777649,273.574497576069,173.673863436274,265.489437293808,299.300883616467,494.365592777031,348.878943911534,335.165543582815,206.486355464108,469.635035154305,456.666379103077,105.995831677006,247.450097151809,423.991287583618,434.372547747662,639.545145609285,757.7268060229,538.918412098876,307.773005758031,165.693273429985,333.320641556025,465.741490502384,8654.50313405456,912.3806498741,640.728077694223,411.664224582528,1035.02831116871,256.246478407492,321.656377726285,1884.06831194555,1004.63980595702,189.043568247204,616.185617587114,400.046834018351,492.641159590905,657.112256644608,7046.0811265555,439.618503162133,474.354360501464,693.192907922862,372.789503178686,413.177336175346,2243.27827126392,232.121089854459,7675.06336328894,323.450238571998,569.090843775822,342.256386759342,965.202053310801,219.191543652282,373.666946782839,1319.23799163244,4683.85151400838,291.020565784442,371.128281974674,354.245218577341,354.709770878224,379.110285326646,254.943887232666,195.987409764174,564.127828123314,423.523927742797,344.298740850428,993.421591407934,1207.18627632133,4357.14039947549,6425.51932689735,393.338789962625,213.728490265934,560.310746590091,669.825712519724,697.834778271015,209.523433863476,339.008646202703,267.583192582355,305.909434683572,662.136581697848,364.226648516757,574.08909564586,642.251637215944,470.608498841074,572.126181620396,"BH vs. HB","HB"
"LOC144622671",97.0567206024514,23.1456496054491,3.49160700264942,1.03238496525882e-11,5.58713838386005e-09,0,12.0315076566371,0.950045191822,0,286.72341195958,6.97465328221997,4.58270279520276,0,0,0,0,2.12187307743965,117.395952982834,0,4.00738773273672,0,8.2644703959686,0,5.47954567165366,0,0,0,0,998.677522137347,0,4.46655576090141,0,0,29.4550549122867,131.45558890004,0,0,1208.9222899404,23.0252830634187,89.2452107664125,0,0,0,1.68583209478613,0,9.62350443104993,9.74432401510207,0,0,0,0,0,0,0,755.60871584304,0,0,0,0,17.779487733533,774.547678864022,0,38.2939633194946,0,0,0,0,0,0.972964585377727,0.960463913480007,0,0,233.306129059784,0,274.11260055843,0,210.67736791025,0,6.20979692916604,16.1751141070491,0,0,0,2.26708236289698,0,2.71008825436562,0,0,864.014160261755,0,0,0,0,0,1703.8226573586,3.31627351402381,0,1166.66775468488,"BH vs. HB","HB"
"LOC144622680",19.9873384081746,20.1297074729116,2.72772240681879,6.20359263126546e-14,4.88335532673888e-11,0,5.01312819026548,0,18.3688448084804,4.62457116063839,0,11.1294210740639,0,0,0,4.03501588160025,0,24.1080974875463,0,5.0092346659209,34.3284167588779,8.2644703959686,0,0,0,0,0,0,49.9338761068673,0,2.2332778804507,0,27.3877158803458,532.37284434059,9.38968492143145,0,0,30.0837804869961,6.00659558176141,39.8570844199512,0,0,0,0,0,4.27711308046664,0,1.54953744464921,0,0,46.4374863548803,39.5430384529499,0,0,1.049456549782,0,0,0,0,0,104.801377267014,0,35.1027997095367,0,0,0,1.80952516601859,0,0,8.64417522132007,0,0,177.354885439112,0,23.0024559909172,31.1952278517371,0.580378423995179,0,0,9.43548322911199,8.86821874248914,0,1.77182388719077,6.80124708869093,0,0,0,0,32.4005310098158,0,0,0,0,0,8.06952544080526,0,10.8435137981814,493.138611769819,"BH vs. HB","HB"
"LOC111125971",882.548112384873,3.70889206498492,1.55811404762135,2.87639602162218e-05,0.00469937983985405,138.817259494665,113.2966971,72.203434578472,99.7165861031793,175.733704104259,689.328232726073,136.171740200311,30.9544799324482,175.416155054749,183.624171295239,111.971690714407,134.738940417418,156.178544593235,152.461788512759,193.356458104547,19547.8878181335,229.151224615493,154.176300971006,149.774248358533,664.830507727487,112.397409328088,105.955076358023,204.42053251994,367.291399808291,140.339332215616,141.81314540862,96.1407735229645,2713.41259184907,109.092795971432,69.9009877484342,96.4652619284158,77.06298955195,167.132113816645,207.227547570768,71.0495852703478,122.869031369598,779.108762637009,111.049912552476,111.264918255885,166.974489074473,125.105557603649,181.244426680899,148.755594686324,125.464300448461,216.769563549479,147.388543648099,154.683062183598,99.7620594476549,139.723710307345,293.84783393896,113.372671856543,66.9405299825503,169.153137628833,60.2158206602585,826.746179609286,12640.0286113137,636.353186755779,141.474920041466,141.556465911796,176.681053826384,191.636035307424,133.000099702366,157.657585738649,38.9185834151091,204.578813571242,94.5326755973225,212.975222044987,13564.4816845664,144.828648327033,148.557528274674,162.07955340359,150.318011814751,123.190611678903,145.585239117115,233.191228376625,88.6821874248914,102.342134964424,139.088175144476,94.0839180602245,723.31262214999,134.826890654689,176.21722780788,82.856372090226,163.082672749406,42.4781918133508,52.0300652243468,185.766785418407,234.023027472451,172.025414168264,221.335554947801,205.608957869476,17414.6831598794,252.973703440362,"BH vs. HB","HB"
"LOC111124466",778.723186930876,2.2038512002189,2.44118948840546,0.000428484645424178,0.0403287885296517,31.1630582539045,141.370214965486,188.108947980756,104.090120581389,1249.79035616253,8.13709549592329,481.838465324176,139.295159696017,5.51623129102983,68.8590642357146,60.5252382240037,242.95446736684,1130.98422561141,22.537829606234,1184.1830750237,133.022614940652,499.624801210829,58.1464906519224,10.9590913433073,39.8157546410612,93.0679185519201,15.8932614537034,386.127672537664,16782.2209386725,137.366041278844,168.612479974028,29.2602354200327,190.699651315,648.011208070308,1406.36614156551,20.4279378201351,5.57081852182771,5330.40021665886,330.362756996877,618.651266866199,22.6139321539137,22.1098432640232,148.785319730502,26.9733135165781,11.2682170541055,426.642029776547,551.528739254777,36.4141299492564,48.2555001724848,280.032783812846,293.767576723265,6953.75961500551,15.4271225949982,10.9052651947196,2339.23864946408,14.036616515572,13.8497648239759,8.31900676863113,52.5693672430829,320.030779203595,4737.34975677297,19.3366990450651,707.37460020733,127.982558221624,68.7092987102604,46.3433549436254,5.42857549805577,218.686328605223,9.72964585377727,59.5487626357605,5.83535034551373,136.989087546525,761.148050009523,15.6187757999742,2099.93254483749,100.367254827328,1443.40114047601,1.79840309020296,97.9767959935087,365.287993584193,202.860503734439,14.1860385099202,244.511696432327,52.1428943466305,43.5372850541717,22.3582280985163,37.0456672096111,114.1576682132,6552.46738788508,67.8017292405407,17.3433550747823,29.2784607452923,29.7172098377716,131.673773807807,4645.74107520646,78.4851398318968,85.6637590056332,5462.95111480072,"BH vs. HB","HB"
"LOC111125481",133.406119450329,3.46760012484857,0.591156952966519,3.08729474575033e-09,1.18280318445995e-06,65.1591218036185,83.2179279584069,132.056281663258,62.9788964862185,70.5247101997355,67.421648394793,204.257610300466,24.7635839459586,79.4337305908296,63.8692769722571,102.892904980806,233.406038518362,110.058705921407,60.9847154051037,112.206856516628,63.2930183991812,92.4118053367398,43.1693642718818,91.3257611942276,25.9265379058073,51.5453087364481,89.002264140739,102.21026625997,122.060586039009,453.129538763979,85.9811983973521,54.3404372086321,52.7467120658511,102.547228213146,106.416429109556,124.837397789715,74.2775802910361,145.962046066537,128.140705744243,132.568128614185,85.1791444464084,48.4310852450033,105.659140098472,52.2607949383701,44.0484848478671,60.9488613966496,76.9801597193064,58.1076541743454,81.6631541380513,87.4520985993605,59.5611238029987,213.997619863023,87.4203613716563,67.4763283923274,96.550002579944,64.7843839180245,96.9483537678315,71.1737245760663,65.9506607231403,47.4119672894214,3191.52944208452,72.9520918518365,51.0586177593261,76.5956219659718,162.502944568711,32.5656007711962,114.000085459171,146.468982879777,77.8371668302181,51.8650513279204,79.3607646989868,317.857492197795,79.1762881424608,57.5054927180868,79.5501603019221,113.25224024435,41.7872465276529,89.0209529650465,102.806638049527,256.105973361611,168.496156107294,58.7707309696693,100.993961569874,81.6149650642912,61.3479925763329,365.861914339358,66.0814604279549,84.6976248033422,207.363398462821,59.6328461995117,44.5971987637258,103.989015750521,52.9337800235306,64.7750016312599,117.584513566019,74.0634418131984,86.7481103854514,226.288713625978,"BH vs. HB","HB"
"LOC111127436",26.4900938636692,5.59396264192391,1.67717780240475,7.77833594585215e-06,0.00162949865214033,1.88867019720633,18.0472614849557,1.900090383644,48.9835861559477,27.7474269638304,17.4366332055499,49.7550589193443,0,18.7551863895014,4.98978726345758,19.1663254376012,10.6093653871983,19.9153848810165,0,29.0535610623412,23.6007865217286,120.961793977359,0.881007434120036,0,1.85189556470052,0.715907065784001,3.17865229074068,118.298919282373,24.4121172078018,4.75726549883443,43.5489186687888,5.22504203929155,6.08615908452129,98.1835163742892,8.34638659682796,53.3396154192417,7.42775802910361,128.134620592761,123.135209426109,19.9285422099756,0.753797738463791,68.4352291505481,0,2.5287481421792,18.4389006339909,26.7319567529165,48.7216200755104,0,46.770715551793,5.58204884676769,0,196.552161722016,49.3667923039942,8.86052797070966,4.197826199128,0,13.8497648239759,5.54600451242075,7.64645341717569,26.6692316002996,1.63752151979709,5.27364519410866,36.166520912856,24.2391208753075,116.696745428538,0,18.0952516601859,0,0.972964585377727,146.950978762441,0,0,68.619449723466,6.38949919089853,26.8361986560701,51.5399416680873,36.5638407116963,0.89920154510148,20.6993230972201,2.69585235117486,24.3876015418451,2.0265769299886,17.7182388719077,0,11.8738050147741,10.1628309538711,24.0296219738018,85.6182511599002,65.8810797199588,9.80265964923479,0,5.04801047332626,1.85732561486072,2.12377054528721,1.15278934868647,16.581367570119,15.180919317454,14.9435942960551,"BH vs. HB","HB"
"LOC111124801",101.67688892001,6.98803253961642,2.32688695918682,1.10165892982077e-05,0.0022013687707657,4.72167549301583,4.01050255221238,16.150768260974,1.74941379128385,4.62457116063839,0,0,0,0,9.97957452691517,497.315707407231,0,0,0,12.0221631982102,1.07276302371494,1.5026309810852,3.52402973648014,9.13257611942276,1.85189556470052,1.431814131568,15.8932614537034,13.2494789596257,113.183452508899,87.4147535410826,8.93311152180282,53.2954288007738,0,2.18185591942865,23.9958614658804,0,1.8569395072759,4.45685636844386,10.010992636269,14.7297920682428,2.26139321539137,0,4.31261796320295,3.37166418957227,4.09753347422019,4.27711308046664,0,1.54953744464921,2.96956924138368,0,100.951057293218,6.97818325640292,12.3416980759985,9.54210704537964,15.74184824673,0,5945.01155069167,0,0,1.97549863705923,3.27504303959417,0,157.430738091255,160.947762612042,399.168306792941,2.50504621316894,1.80952516601859,6.10287428665738,1.94592917075545,1.92092782696001,0,7.49159072520056,0,63.1850475544411,0,0,11.6075684799036,1.79840309020296,0.689977436574005,40.4377852676228,0,0,38.980125518197,2.26708236289698,1270.49713658083,115.178750810539,0,0,0,1.6337766082058,2.47762215354032,0,13.0012793040251,0,48.4171526448315,6.63254702804762,61.8080286496341,1.06739959257537,"BH vs. HB","HB"
"LOC111123364",37.1205202772468,-1.42403111041589,1.1174734277404,9.91261052805221e-05,0.0130050446306673,24.5527125636823,49.1286562646017,18.050858644618,17.4941379128385,49.7141399768627,41.8479196933198,15.7121238692666,53.6544318829102,14.3422013566776,24.9489363172879,37.3238969048023,4.24374615487931,69.1797580077417,193.560183677068,20.0369386636836,38.6194688537377,21.0368337351928,103.958877226164,2.73977283582683,95.3726215820768,17.8976766446,40.2629290160486,17.0350443766617,43.276025959285,52.924578674533,52.4820301905916,56.4304540243487,38.5456742019681,25.0913430734295,20.8659664920699,22.697708689039,18.569395072759,13.3705691053316,24.0263823270456,46.7887512755949,14.322157030812,45.2725362072857,16.1723173620111,24.4445653743989,14.3413671597707,10.6927827011666,68.2102681057145,13.1710682795183,42.3163616897175,31.6316101316836,70.6657401052527,23.2606108546764,8.22779871733236,38.8500072561885,58.769566787792,21.5947946393415,5.77073534332331,4.6216704270173,52.5693672430829,44.4487193338326,11.4626506385796,108.109726479228,5.31860601659647,11.6347780201476,94.8842696475025,50.1009242633788,28.0476400732882,56.9601600088022,19.4592917075545,33.6162369718003,31.5108918657742,22.4747721756017,27.4477798893864,24.1381080545056,22.044020324629,53.5744130497224,26.117029079783,42.2624726197696,21.3893005337942,22.9147449849863,15.519382799356,22.2923462298746,28.3491821950524,30.6056118991092,54.4216063177147,55.5568092144952,26.0320904716186,23.9362852705097,33.480548710143,43.2950801174537,14.8657329212419,39.3744816919449,128.15546742539,69.0225427218343,21.9029976250428,85.1176868599444,28.1931358752717,23.4827910366581,"BH vs. HB","BH"
"LOC111123051",202.568123024595,22.2659517685037,7.95033712789136,9.46616132325304e-06,0.00193623994247358,0,0,0,6.12294826949346,0,8.13709549592329,0,0,0,0,0,7.42655577103879,0,0,0,0,0,0,0,0,0,0,0,0,0,34.6158071469859,12.5401008942997,0,0,0,1767.01662144169,4.64234876818976,0,2505.75145685813,0,0,15.792745188588,0,0,0,3.20783481034998,0,0,0,0,0,2191.14954251052,0,0,0,0,0,0,0,2.96324795558884,3.27504303959417,0,0,0,0,0,923.762597252491,0,0,0,0,0,451.832684332976,0,0,2859.11044832442,0,0,0,0,0,0,7336.2368049134,0,0,0,0,0,705.251558313657,0,0,0,0,0,0,0,0,0,"BH vs. HB","HB"
"LOC111127619",61.9690330061712,-3.16345357586577,4.00532928008828,0.000551173483009291,0.0487001141773209,28.330052958095,0,358.167037316894,0,2.3122855803192,0,3.27335913943055,0,0,0,26.2276032304016,0,0,0,51.0941935923932,0,42.0736674703856,0,1373.53944836118,0,0,330.579838237031,17.0350443766617,4.43856676505487,0,0,0,0,0,2.08659664920699,0,0,0,1.0010992636269,0,52.7658416924654,51.5896342827209,0,0,2.0487667371101,0,0,6.19814977859684,2.96956924138368,0.930341474461282,0,0,0,0.681579074669974,0,16.1960959795061,1.15414706866466,1.84866817080692,4.77903338573481,3.95099727411845,0,0,0,5.81738901007381,2.18124757810351,0,0.904762583009296,1.0171457144429,0,0,0,75.9861344984628,53.8398759368733,0,3.83374266515287,0,2.90189211997589,0,0,1360.05751116771,545.395452663082,4.0531538599772,1064.86615620166,149.6274359512,0,1.35504412718281,35.0431987117943,7.36501085246453,18.3603009055623,0,2.47762215354032,35.3360733132839,7.42930245944289,0,0,0,0,0,"BH vs. HB","BH"
"LOC144622218",2.88369293696778,6.30750995771194,7.06350043766071,0.000360401298013043,0.0357333760247512,0,0,0.950045191822,1.74941379128385,0,0,0,0,0,0,0,0,0,0,1.00184693318418,0,0,0,1.82651522388455,0,0,0,46.3731763586901,2.21928338252744,0,0,2.09001681571662,0,0,0,0,0,4.45685636844386,0,0,0.753797738463791,0,0,0,0,6.41566962069995,0,0,0,0,6.05706343759309,1.16303054273382,0,0,0,0,0,0,0,0,0,0,0,0,0,2.50504621316894,145.666775864497,0,0,0,1.16707006910275,0,0,0,0,1.35631425442335,0,0,34.4988718287002,0,0,0,0,0,0,0,0,0,0,0,0,0,0,0,5.76394674343233,0,2.16870275963628,0,"BH vs. HB","HB"
"LOC144617620",17.5718648539832,2.82797542569506,2.26958169461723,0.000185564621719281,0.0208675851878864,5.666010591619,7.01837946637167,14.25067787733,84.8465688772666,16.1859990622344,9.29953770962662,8.51073376251942,0,13.2389550984716,0.997957452691516,7.06127779280044,21.2187307743965,2.0963563032649,1.32575468271965,3.00554079955254,157.696164486095,1.5026309810852,2.64302230236011,4.56628805971138,5.55568669410156,7.87497772362401,0,109.781397094042,7.76749183884603,48.7619713630529,16.7495841033803,2.09001681571662,8.11487877936172,113.45650781029,0,1.13488543445195,8.35622778274156,12.2563550132206,4.0043970545076,32.9254175643075,0,7.36994775467441,17.2504718528118,8.42916047393067,5.12191684277524,59.8795831265329,11.6931888181225,4.64861233394763,0.742392310345921,1.86068294892256,7.06657401052527,10.4672748846044,78.1640878146574,53.163167824258,67.165219186048,2.15947946393415,10.387323617982,0,0,0.987749318529613,171.939759578694,0.878940865684777,5.31860601659647,0,59.9843083978464,5.01009242633788,4.52381291504648,6.10287428665738,85.62088351324,3.84185565392003,2.33414013820549,9.63204521811501,1.05568384189948,13.4889427363414,11.5012279954586,2.7126285088467,6.38416266394697,2.69760463530444,5.51981949259204,2.69585235117486,4.43410937124457,8.10630771995439,26.5773583078616,0,9.89483751231176,2.03256619077421,7.00863974235885,0,7.56012390229036,1.6337766082058,0,2.01920418933051,7.42930245944289,0,4.61115739474586,5.52712252337301,56.3862717505434,3.2021987777261,"BH vs. HB","HB"
"LOC111122856",40.5582144884049,22.3584129761138,2.28551500357822,4.75589658264765e-23,3.08859813818595e-19,1.88867019720633,23.0603896752212,17.100813452796,8.74706895641923,26.5912841736708,3.48732664110998,40.5896533289388,0,13.2389550984716,0,4.03501588160025,164.445163501573,159.323079048132,0,7.01292853228926,0,15.7776253013946,0,0.913257611942276,9.25947782350261,0,0,0,116.51237758269,0,5.58319470112676,3.13502522357493,0,97.0925884145748,0,2.2697708689039,0,518.109552831599,17.0186874816573,744.287728624741,0.753797738463791,0,0,1.68583209478613,2.0487667371101,51.3253569655996,41.9005932649389,7.74768722324605,3.7119615517296,0,19.1807008857114,155.846092726332,0,1.36315814933995,109.143481177328,0,0,1.84866817080692,1.91161335429392,12.840741140885,137.551807662955,0.878940865684777,0,0,0,0,1.80952516601859,10.171457144429,0,16.3278865291601,0,0,161.51962781062,0,20.1271489920526,0,391.755436196746,10.7904185412178,0,129.400912856393,25.4961288846563,2.0265769299886,0.885911943595387,0,3.9579350049247,6.09769857232264,0,0,325.085327798485,0,0,0,0,0,26.5141550197887,0,0,90.7289653689061,"BH vs. HB","HB"
"LOC111122589",389.308703713099,2.48593496815385,0.741643616979085,4.86924345156391e-06,0.00108109689864338,376.789704342663,749.963977263715,558.626572791336,254.5397066318,906.415947485125,394.067910445428,432.083406404832,130.008815716282,449.021227089828,148.695660451036,221.925873488014,564.418238598948,452.812961505218,90.1513184249359,161.297356242653,815.299898023351,130.728895354412,59.9085055201624,285.849632537932,83.3353004115234,221.93119039304,324.222533655549,311.362755551205,292.945406493622,102.28120822494,302.609152801071,366.797951158267,218.087367195346,224.731159701151,427.752313087433,676.391718933363,128.128826002037,357.66272356762,415.456194405164,609.120224939689,398.759003647346,153.716053168923,278.16385862659,239.388157459631,182.340239602799,201.024314781932,555.426468860818,206.088480138345,92.0566464828942,128.387123475657,82.7798669804389,4570.71003294391,249.91938603897,471.652719671622,516.332622492744,178.157055774567,206.592325290974,87.8117381133286,115.652607934782,311.141035336828,171.939759578694,499.238411708953,496.75780195011,397.521582355044,422.071406363028,1192.40199746842,385.42886036196,221.737765748551,287.024552686429,642.550358118125,212.4067525767,370.298627274199,273.422115051965,226.472249099626,235.775173906902,585.249600783676,272.777859277734,133.981030220121,117.986141654155,365.287993584193,1131.80641701018,126.661058124287,357.022513268941,266.382177640395,128.632887660053,170.735560025034,757.934326423664,110.475162786968,403.92661992237,317.769550296028,821.331743898617,457.34974888336,183.875235871212,196.448775439067,930.301004389978,67.4308947851508,309.04014324817,486.734214214367,"BH vs. HB","HB"
"LOC111126116",219.449676063593,2.91627448073147,2.75776672008842,0.000289583350483738,0.0303326882883712,5.666010591619,148.388594431858,96.904609565844,53.3571206341573,190.763560376334,36.0357086248032,262.52340298233,8.25452798198618,6.6194775492358,3.99182981076607,3.02626191120019,161.262353885414,1090.10527769775,37.1211311161501,176.325060240416,0,129.226264373327,5.28604460472022,69.407578507613,0,0,2.11910152716045,1.89278270851796,7836.28962370438,4.75726549883443,5.58319470112676,12.5401008942997,4.05743938968086,86.1833088174316,197.183383350061,18.1581669512312,16.7124555654831,738.72394306957,63.0692536084948,559.732098593228,6.03038190771033,0,7.54708143560516,10.1149925687168,8.19506694844038,194.608645161232,130.573941802368,7.74768722324605,0,1.86068294892256,34.3233594796942,1678.2530731649,0,4.08947444801985,54.571740588664,6.47843839180245,4.61658827465864,3.69733634161384,8.60226009432265,55.3139618376583,1233.05370440721,14.0630538509564,422.297317717759,1.9391296700246,40.3530801949148,10.0201848526758,0.904762583009296,8.13716571554317,7.78371668302181,34.5767008852803,4.66828027641099,97.3906794276073,176.299201597213,7.8093878999871,30.669941321223,385.871405383443,197.328664158361,3.59680618040592,1.37995487314801,168.490771948428,57.6434218261794,0,48.7251568977463,10.2018706330364,17.8107075221612,1.35504412718281,12.0148109869009,5.5237581393484,891.014602769935,6.53510643282319,7.43286646062097,12.115225135983,5.57197684458217,10.6188527264361,1173.53955696282,15.4759430654444,8.67481103854514,1030.04060683523,"BH vs. HB","HB"
"LOC144623040",261.731483564279,2.22043854671768,2.25848749563558,0.000338576906658431,0.0341593055853548,26.4413827608887,15.0393845707964,41.801988440168,26.2412068692577,23.122855803192,24.4112864877699,20.9494984923555,27.8590319392034,6.6194775492358,47.9019577291928,41.3589127864026,16.9749846195172,25.1562756391788,3.97726404815894,19.0350917304994,5.36381511857468,24.7934111879058,37.0023122330415,34.7037892538065,22.2227467764063,13.602234249896,22.2505660351847,13.2494789596257,33.2892507379116,57.0871859860131,32.3825292665352,924.832440954604,31.4451552700266,724.376165250311,49.0350212563643,24.9674795579429,25.0686833482247,7.79949864477676,69.0758491902562,6.06520849868823,24.1215276308413,20.0041439055448,51.7514155584354,14.3295728056821,52.2435517963074,17.1084523218665,3484.5702678005,1071.50514297493,14.8478462069184,2124.89992766957,154.455117658624,1699.18762293411,13.3701729156651,1832.76613178756,1044.20926703309,0,8.07902948065263,24.0326862204899,24.850973605821,27.6569809188292,1026.72599291277,25.4892851048585,19.1469816597473,47.5086769156028,841.961565147953,25.0504621316894,793.476785299152,49.8401400077019,37.9456188297313,24.0115978370002,44.3486626259044,35.3174991330884,8.44547073519582,14.9088314454299,3.83374266515287,16.2757710530802,6.38416266394697,1014.29934287447,22.7692554069422,22.9147449849863,2202.64383016574,78.023211804561,52.2688046721279,37.4068589878001,66.2954113324888,8.13026476309685,16.0197479825345,720.850437184966,10.8001770032719,31.8586438600131,29.7314658424839,42.4032879759406,1312.2005468991,33.9803287245954,24.2085763224158,89.5393848786428,1231.82316747341,42.6959837030146,"BH vs. HB","HB"
"LOC111127432",10.9403930544583,3.72717287753887,2.37761494778799,0.000103184972571236,0.013402180162415,3.77734039441266,1.0026256380531,1.900090383644,0.874706895641923,5.78071395079799,2.32488442740666,15.0574520413805,0,2.20649251641193,1.99591490538303,2.01750794080012,1.06093653871983,4.1927126065298,0,0,0,5.2592084337982,0,7.30606089553821,7.40758225880209,3.57953532892001,0,13.2494789596257,13.3157002951646,5.94658187354303,4.46655576090141,4.18003363143324,2.02871969484043,3.27278387914297,14.6061765444489,3.40465630335585,0,6.68528455266579,2.0021985272538,15.5962504251983,13.5683592923482,5.26424839619601,1.07815449080074,1.68583209478613,2.0487667371101,9.62350443104993,7.79545921208166,3.09907488929842,0,9.30341474461282,0,2.32606108546764,117.246131721986,17.7210559414193,0,0,25.3912355106225,0,0,0.987749318529613,11.4626506385796,18.4577581793803,0,3.87825934004921,0,21.292892811936,0.904762583009296,2.03429142888579,3.89185834151091,23.0511339235202,4.66828027641099,9.63204521811501,7.38978689329634,0,1.91687133257644,4.74709989048173,4.06264896796625,0,24.8391877166642,187.361738406652,5.54263671405571,0,3.54364777438155,6.80124708869093,3.9579350049247,9.48530889027966,27.033324720527,0,10.8001770032719,3.2675532164116,9.91048861416129,2.01920418933051,0.928662807430361,6.37131163586163,155.626562072673,45.3224046916587,0,25.6175902218088,"BH vs. HB","HB"
"LOC111122698",264.578600868333,7.14105966631977,3.59947521958783,4.5449874443902e-05,0.00698610289011385,379.622709638473,726.903587588494,3.800180767288,692.767861348403,2.3122855803192,829.983740584176,0,0,6.6194775492358,29.9387235807455,51.4464524904032,0,16.7708504261192,0,0,10.7276302371494,781.368110164304,0.881007434120036,3.6530304477691,1.85189556470052,0,3.17865229074068,18.9278270851796,0,1.78397456206291,476.804827476226,1837.12478101491,5.07179923710107,0,8.34638659682796,1238.16000898708,600.719930603755,455.713563673385,805.884907219655,1032.81836149091,0,1017.05279014507,1.07815449080074,0,0,1499.12813470356,7.79545921208166,746.102279598595,0,0.930341474461282,3.02853171879654,712.937722695831,1.02847483966655,5.45263259735979,1.049456549782,559.305181158945,972.945978884309,899.377065097566,22.9393602515271,580.796599295413,1013.6258207544,1.75788173136955,48.9311753526875,35.8738988954552,0,6.26261553292235,856.810166109803,2.03429142888579,0,0,0,12.8427269574867,643.967143558681,12.7789983817971,35.4621196526641,604.238000345603,941.954182144175,0,4.82984205601803,0,1.10852734281114,0,1541.48678185597,0,25.7265775320106,632.805607394372,4.00493699563363,98.5070201517131,920.175080678769,0,29.7314658424839,0,5.57197684458217,1.06188527264361,8.06952544080526,13.2650940560952,48.7958120918164,0,"BH vs. HB","HB"
"LOC111123678",82.1165256084458,-23.9815813708542,3.50229109598545,2.1523434268624e-12,1.36369329755133e-09,1027.43658728024,0,0,0,0,0,9.82007741829164,0,0,10.9775319796067,0,75.3264942491077,0,0,0,0,0,1295.08092815645,0,56.4828147233659,0,0,0,0,0,0,0,0,2.18185591942865,0,0,0,0,0,0,0,21.056993584784,0,0,90.1457364328442,0,0,103.044240069172,0,0,35.3328700526263,0,0,0,0,1528.91146046538,0,0,0,37.5344741041253,0,0,0,0,8.72499031241402,48.8484011567944,155.619164277599,104.766008587618,0,0,0,0,0,102.941931408921,71.8826749716164,0,0,152.864262667252,1.37995487314801,43.1336376187977,0,13.1727500449259,7.0872955487631,103.152247511812,70.2533463374135,0.677522063591404,1.00123424890841,0,0,0.816888304102899,2332.68125755821,0,0,0,124.501249658138,0,0,0,"BH vs. HB","BH"
"LOC144623052",66.7500246922856,3.77463816050819,2.2302045387096,8.33040412323528e-05,0.0112707764536085,0,186.488368677876,7.600361534576,46.3594654690219,4.62457116063839,134.843296789586,41.2443251568249,0,11.0324625820597,77.8406813099383,192.672008346412,3.18280961615948,70.2279361593741,0,8.01477546547344,8.58210418971948,33.0578815838744,56.3844757836823,14.6121217910764,0.925947782350261,2.863628263136,1.05955076358023,2.83917406277694,33.2892507379116,137.960699466198,33.4991682067606,163.021311625896,73.0339090142554,26.1822710331438,0,141.860679306494,148.555160582072,49.0254200528825,21.0230845361649,15.5962504251983,18.091145723131,69.4880788297873,7.54708143560516,0,2.0487667371101,124.036279333532,23.386377636245,41.0627422832041,4.45435386207552,8.37307327015154,39.3709123443551,11.6303054273382,3.08542451899964,12.2684233440595,25.186957194768,0,2267.89898992606,25.8813543912969,2.86742003144088,77.0444468453098,165.389673499506,22.8524625078042,68.0781570124348,134.76951206671,11.9968616795693,51.3534473699633,12.6666761621301,8.13716571554317,8.75668126839954,1.92092782696001,9.33656055282198,88.8288614559495,109.791119557546,12.0690540272528,0.958435666288219,33.9078563605838,51.0733013115757,1.79840309020296,6.89977436574005,35.0460805652731,19.9534921706006,21.2790577648803,7.97320749235849,0,399.751435497395,106.37096398385,6.00740549345044,0,62.6410266189772,1.6337766082058,7.43286646062097,4.03840837866101,84.5083154761629,6.37131163586163,16.1390508816105,97.277356411365,19.5183248367266,0,"BH vs. HB","HB"
"LOC144622417",21.5451816018352,21.567300272789,3.47949565415768,1.88676019959898e-10,8.91133994636048e-08,0,0,48.452304782922,0,0,0,0,0,0,0,0,4.24374615487931,0,0,0,0,108.940746128677,0,0,58.3347102880664,0,0,0,23.3024755165381,0,0,0,0,0,132.498887224644,0,0,189.416395658864,0,6.06520849868823,0,0,0,0,0,0,0,17.8196806134659,77.9511925863217,40.9350248762964,127.198332189455,53.4994049657557,0,19.0842140907593,0,0,1.15414706866466,0,0,0,0,0,0,0,15.2687330467245,1.25252310658447,132.095337119357,0,0,177.685823993801,96.866815735528,0,0,0,0,0,0,83.6257436944377,33.1189169555522,0,0,0,0,40.8074825321456,0,0,0,34.9838015492065,0,0,8.67167753739113,138.31548696914,0,209.19139871079,31.1253124145346,0,0,91.7963649614815,"BH vs. HB","HB"
"LOC111123690",83.5240836847402,21.7351467554023,3.64662206131749,7.98937922890235e-10,3.45900173715327e-07,0,36.0945229699114,16.150768260974,0,77.4615669406931,1.16244221370333,26.8415449433305,0,0,0,0,0,10.4817815163245,0,0,4.29105209485974,160.781514976116,0,0,0,0,0,0,61.0302930195045,0,1.11663894022535,0,0,259.640854412009,480.960527642211,0,0,227.299674790637,9.00989337264211,127.369378472453,0,0,0,0,0,62.0181396667662,74.0568625147757,1.54953744464921,0,0,65.6181872405918,4.65212217093528,0,0,343.172291778714,0,0,0,0,30.620228874418,302.941481162461,0,0,0,3.27187136715526,0,0,0,0,0,0,0,117.180906450842,0,80.5085959682104,0,45.8498954956191,0,0,9.43548322911199,18.8449648277894,0,0,0,0,0,0,0,1068.13750562359,0,0,0,0,0,1874.43548096419,0,0,2165.75377333542,"BH vs. HB","HB"
"LOC111127544",75.1929383394135,23.2681818197109,4.00248219705163,1.70157757346154e-09,6.80028932704775e-07,0,36.0945229699114,122.555829745038,6.99765516513539,100.584422743885,1.16244221370333,39.9349815010527,0,0,0,0,2.12187307743965,827.012561638003,0,0,0,33.809197074417,0,0,0,0,0,0,84.3327685360426,0,1.11663894022535,0,0,572.73717885002,648.931557903374,0,0,138.16254742176,7.00769484538831,162.894171107627,0,0,0,0,0,66.2952527472329,597.327062125757,0,0,0,0,0,0,0,415.584793713672,0,0,0,0,18.7672370520627,1018.53838531379,0,0,0,0,2.50504621316894,0,0,0,0,0,0,482.447515748061,1.41988870908856,0,0,51.6536797355709,0,0,2.69585235117486,0,0,0,0,0,0,0,0,168.482761251042,0,0,0,0,0,194.821399928013,0,0,1186.94834694381,"BH vs. HB","HB"
"LOC144624419",59.9654327784631,-23.1674602184357,3.0386749040696,7.81810947000082e-15,7.00313895524867e-12,0.944335098603166,0,24.701174987372,0,8.09299953111719,132.518412362179,100.819461494461,0,6.6194775492358,1.99591490538303,0,0,0,0,314.579937019833,0,0,463.409910347139,0,0,0,27.5483198530859,0,0,0.594658187354303,119.480366604113,0,533.553279743033,1.09092795971432,0,3.40465630335585,0,198.330108395752,0,5.19875014173276,19.5987412000586,0,4.31261796320295,0,0,0,0,2.32430616697382,0,610.304007246601,0,0,0,16.3578977920794,0,0,0,0,5.73484006288177,0,0,61.5258605979344,1.06372120331929,27.1478153803444,0,512.281950593049,0,0,0,0,7.00242041461648,578.992940333358,0,0,0,0,2.32151369598072,0,436.065739914771,0,0,1.0132884649943,0,0,0,0,0,1.84125271311613,2.16003540065439,80.0550538020841,0,0,689.067803113328,542.623374320882,1.15278934868647,0,0,30.9545881846856,"BH vs. HB","BH"
"LOC144624471",6.20436712601088,15.5388039230608,3.40992361992503,4.77123577683319e-07,0.000129106658098745,0,11.0288820185841,12.350587493686,0,0,8.13709549592329,0,0,0,0,0,2.12187307743965,0,0,0,0,0.7513154905426,0,0,60.1866058527669,0,0,0,7.76749183884603,1.18931637470861,2.2332778804507,0,0,0,1.04329832460349,0,9.28469753637951,0,0,0,0,3.1585490377176,7.54708143560516,1.68583209478613,0,0,0,48.0356607841255,0,0,0,0,0,0,0,0,0,0,2.86742003144088,34.5712261485365,0,61.5258605979344,0,0,199.584153396471,0,0,0,7.78371668302181,3.84185565392003,9.33656055282198,0,0,2.83977741817713,23.9608916572055,0,0,13.4880231765222,0,22.9147449849863,0,0,0,0,13.8527725172365,0.677522063591404,0,0,3.24005310098158,0,0,0,0,0,0,0,0,0,"BH vs. HB","HB"
"LOC144617638",21.5673839848725,20.553539511786,2.79492766120211,7.36605980099653e-14,5.62788633677902e-11,0,20.0525127610619,31.351491330126,39.3618103038865,40.4649976555859,0,0,0,25.3746639387372,0,33.2888810232021,8.48749230975862,0,0,0,0,39.8197209987578,0,20.0916674627301,0,0,0,0,0,114.174371972026,18.982861983831,0,0,0,0,28.3721358612988,38.067259899156,0,62.0681543448678,0,0,31.5854903771761,0,0,56.3410852705276,0,0,0,25.2413385517613,267.008003170388,137.293437918777,22.0975803119426,0,78.381593587047,20.98913099564,0,0,0,0,0,0,10.5472903882173,0,0,0,0,23.5238271582417,326.50377433617,0,94.1254635210407,24.5084714511577,0,8.44547073519582,0,0,0,64.4220050634648,0.89920154510148,0,4.04377852676228,144.108554565448,0,0,1.13354118144849,2.96845125369353,0,0,31.3012961229743,19.4403186058895,11.4364362574406,28.4926547657137,0,0,50.9704930868931,0,0,0,0,"BH vs. HB","HB"
"LOC111109868",115.432799557869,22.4293529155466,3.15012388003203,3.5898592769125e-13,2.59038262323211e-10,0,82.2153023203538,570.977160285022,160.071361902472,190.763560376334,20.9239598466599,0,0,146.731752341394,0,236.048429073615,103.971780794543,0,0,0,0,214.876230295184,0,359.823499105257,0,0,0,0,0,292.571828178317,107.197338261634,0,0,0,0,135.051366699782,133.699644523865,0,190.208860089111,0,0,155.821752527402,0,0,392.338830156583,0,0,0,97.9957849656615,1180.60333109137,580.468579436004,203.530344978418,0,269.22373449464,74.511415034522,0,0,0,0,0,0,57.1311562695105,0,0,0,0,204.476343760101,1598.95306310423,0,383.225101478523,175.060510365412,0,53.8398759368733,0,0,0,324.431539013305,109.702588502381,0,29.6543758629234,621.883839317051,0,0,57.8106002538729,96.9694076206552,0,0,196.093413946868,142.56233644319,433.76768947864,123.881107677016,0,0,226.181563073088,0,0,0,0,"BH vs. HB","HB"
"LOC111113785",24.9230428386053,21.2066493130794,3.83432750294048,9.38826439349227e-09,3.3872075576354e-06,130.318243607237,0,75.053570153938,0,0,0,0,0,0,0,0,0,0,0,1.00184693318418,0,53.3433998285246,0,0,0,0,0,0,0,27.9489348056523,0,0,0,0,0,0,0,0,179.196768189215,0.866458356955461,0,0,0,0,1.02438336855505,0,0,0.774768722324605,0,155.367026235034,28.2662960421011,0,226.26446472664,188.115824608913,0,0,0,0,177.780041949335,0,1.63752151979709,0.878940865684777,0,246.269468093125,0,0,0,146.468982879777,0,0,0,0,0,2.83977741817713,64.2151896413106,0,0,0,70.3776985305485,0,187.341120935083,125.647769659293,0,0,0,0,0,122.443305422223,0,6.53510643282319,97.8660750648427,0,0,0,0,0,0,0,"BH vs. HB","HB"
"LOC111115012",50.1996895351239,7.03352838079961,3.6029418520213,4.79079812092948e-05,0.00727781068932077,0,0,0.950045191822,6.12294826949346,0,0,0,0,0,0,0,27.5843500067155,4.1927126065298,0,585.078608979561,6.43657814228961,15.7776253013946,0.881007434120036,5.47954567165366,0,2.863628263136,0,0,2.21928338252744,2.37863274941721,0,0,1.01435984742021,6.54556775828594,1.04329832460349,0,0,905.856056886215,1.0010992636269,0,0.753797738463791,0,1.07815449080074,0,1.02438336855505,38.4940177241997,0,0,0,5.58204884676769,1.00951057293218,2409.79928454447,1.02847483966655,3.40789537334987,1.049456549782,0,4.61658827465864,0,0,0.987749318529613,31.1129088761446,1.75788173136955,401.022893651373,0,0,10.0201848526758,1.80952516601859,0,0,34.5767008852803,0,0,0,0,13.4180993280351,20.3447138163503,0,0,0,2.69585235117486,0,0,0,3.40062354434547,0,0,2.00246849781681,0.920626356558067,48.6007965147237,0,14.8657329212419,1.00960209466525,2.78598842229108,6.37131163586163,26.5141550197887,0,1.08435137981814,0,"BH vs. HB","HB"
"LOC144623909",49.4372273133392,1.22487194202033,1.5846100587618,0.000541133965695949,0.0480257571874168,6.61034569022216,109.286194547787,2.850135575466,100.591292998821,47.4018543965435,168.554120986983,2.61868731154444,1.03181599774827,49.6460816192685,9.97957452691517,94.8228732176059,66.8390019393491,55.5534420365198,1.32575468271965,332.613181817148,13.9459193082942,69.8723406204618,7.92906690708032,62.1015176120748,130.558637311387,4.29544239470401,6.35730458148136,22.7133925022155,27.741042281593,18.4344038079834,186.478703017634,39.7103194986158,50.7179923710107,25.0913430734295,21.9092648166734,59.0140425915015,26.9256228555006,101.393482382098,50.054963181345,0,15.0759547692758,211.62278552708,23.7193987976162,33.7166418957227,68.6336856931882,68.4338092874662,21.4375128332246,22.4682929474135,28.210907793145,152.57600181165,30.2853171879654,66.2927409358277,19.5410219536644,18.4026350160893,60.868479887356,1.07973973196708,8.07902948065263,80.4170654301009,8.60226009432265,116.554419586494,19.650258237565,18.4577581793803,2.12744240663859,7.75651868009841,2.18124757810351,7.51513863950682,46.1428917334741,172.914771455292,18.4863271221768,106.611494396281,1.16707006910275,10.7022724645722,93.9558619290535,47.5662717544669,42.1711693166816,71.2064983572259,100.405467351166,41.3632710746681,28.9790523361082,2.69585235117486,60.9690038546128,11.1461731149373,24.8055344206708,11.3354118144849,177.117591470381,30.4884928616132,71.0876316724969,19.3331534877194,55.0809027166869,16.337766082058,0,26.2496544612966,22.2879073783287,19.1139349075849,25.3613656711022,61.9037722617778,81.3263534863606,10.6739959257537,"BH vs. HB","HB"
"LOC111111483",163.24418040136,4.22038211327148,4.77536438692328,0.000396074317271898,0.0382484109285208,1.88867019720633,51.1339075407079,4.75022595911,5.24824137385154,569.978395548682,12.7868643507366,77.2512756905609,0,0,0,0,284.330992376914,629.955069131102,0,70.1292853228926,16.091445355724,78.1368110164304,0,3.6530304477691,0,0,1.05955076358023,1.89278270851796,1552.38872607794,0,24.5660566849578,0,5.07179923710107,209.45816826515,182.577206805612,0,0,3019.52018962072,41.0450698087029,199.285422099756,0,0,0,3.37166418957227,0,16.0391740517499,76.0057273177962,7.74768722324605,0,0,80.7608458345745,202.367314435685,0,0,885.741328016008,0,0,0,0,80.9954441194283,910.46196500718,1.75788173136955,102.117235518652,0,7.63436652336227,0,1.80952516601859,0,0,8.64417522132007,0,0,101.34564882235,0,410.210465171357,49.5054702864523,113.17379267906,0,2.75990974629602,62.0046040770217,24.3876015418451,0,0.885911943595387,0,7.91587000984941,0,0,0,1050.85722241836,0,0,10.0960209466525,1.85732561486072,1.06188527264361,1781.05954372059,0,0,2136.93398433588,"BH vs. HB","HB"
"LOC111111604",20.7256474459653,22.907748482673,2.72028631711094,1.2397426539679e-17,1.89439970130142e-14,0,11.0288820185841,10.450497110042,0.874706895641923,0,12.7868643507366,24.8775294596721,0,0,0,0,83.8139865588663,2.0963563032649,0,210.387855968678,10.7276302371494,8.2644703959686,0,0,0,0,0,0,56.5917262544496,0,0,0,0,70.9103173814311,10.4329832460349,1.13488543445195,0,570.477615160814,3.0032977908807,5.19875014173276,0,0,0,0,0,35.2861829138498,4.87216200755104,0,0,0,10.0951057293218,94.2054739614394,0,0,9.445108948038,0,0,0.924334085403459,0,5.92649591117768,311.129088761446,0,12.7646544398315,0,2.18124757810351,0,0,0,0,0,0,7.49159072520056,5.27841920949739,0,28.7530699886466,12.8849854170218,2.90189211997589,0,0,5.39170470234971,5.54263671405571,0,0,0,1.97896750246235,0,0,0,245.164017974273,0,0,0,0,0,2.30557869737293,0,1.08435137981814,28.8197889995349,"BH vs. HB","HB"
"LOC111115548",173.12202410161,23.0485406396166,4.04529353223543,3.35806702310644e-09,1.26423923274255e-06,0,0,0,0,0,0,0,0,0,856.247494409321,269.337310096817,265.234134679957,803.952642302089,0,400.738773273672,0,0,0,321.466679403681,0,0,0,0,573.684754383342,1345.11681979543,0,334.402690514659,397.629060188724,0,0,287.126014916344,441.023132978027,382.175433594061,0,0,0,0,0,374.254725042522,322.68076109484,384.940177241997,0,0,0,0,1369.90584746897,0,0,0,310.639138735472,0,498.591533663134,345.700947940894,0,366.454997174487,276.741136845708,0,291.459609709486,0,0,0,0,0,0,351.529792333683,0,875.445887602008,0,0,0,422.491890252874,0.580378423995179,374.967044307317,0,0,0,0,0,0,0,565.730923098823,0,0,340.205575603066,0,0,0,475.475357404345,0,1474.41757696999,0,0,0,"BH vs. HB","HB"
"LOC111115605",6.28399644984488,-2.41072958226159,2.48815586411652,0.000359087298655553,0.0357333760247512,1.88867019720633,8.02100510442476,8.550406726398,1.74941379128385,0,0,0.654671827886109,62.9407758626447,0,28.940766128054,0,6.36561923231896,12.5781378195894,3.97726404815894,1.00184693318418,0,4.5078929432556,16.7391412482807,6.39280328359593,2.77784334705078,6.44316359205601,2.11910152716045,0,4.43856676505487,16.0557710585662,1.11663894022535,8.36006726286648,34.4882348122873,6.54556775828594,2.08659664920699,0,1.8569395072759,0,0,3.46583342782184,12.0607638154207,6.31709807543521,0,0.842916047393067,0,0,5.84659440906124,15.4953744464921,7.42392310345921,10.2337562190741,6.05706343759309,3.48909162820146,0,35.4421118828387,3.148369649346,0,0,0,5.73484006288177,0,0,7.910467791163,0,0,10.9062378905175,3.75756931975341,4.52381291504648,13.2228942877576,0,0,11.6707006910275,24.6152266685161,3.16705152569843,19.8784419272399,2.87530699886466,8.1378855265401,1.74113527198554,4.4960077255074,8.96970667546206,0,2.21705468562228,1.0132884649943,9.74503137954926,4.53416472579395,4.94741875615588,4.06513238154843,3.00370274672522,9.20626356558067,3.24005310098158,2.4506649123087,0,0,5.57197684458217,15.9282790896541,3.4583680460594,12.1596695514206,10.8435137981814,0,"BH vs. HB","BH"
"LOC111115408",143.837714587791,-1.89221300558724,1.78510277178186,0.000249490202145372,0.0268503402998208,1259.74302153662,27.0708922274336,38.00180767288,77.8489137121312,73.9931385702143,68.5840906084963,51.0644025751165,38.1771919166861,157.764214923453,70.8549791410977,91.7966113064057,20.1577942356767,25.1562756391788,30.4923577025518,18.0332447973152,52.5653881620318,59.3539237528654,534.771512510862,37.4435620896333,25.9265379058073,75.1702419073201,2089.43410578021,26.4989579192515,123.170227730273,17.8397456206291,29.0326124458592,17.7651429335913,30.4307954226064,29.4550549122867,36.5154413611223,2461.56650732628,38.995729652794,46.7969918686606,21.0230845361649,37.2577093490848,30.1519095385517,44.2196865280465,10.7815449080074,29.5020616587573,35.8534178994267,65.2259744771162,39.9517284619185,68.1796475645652,30.4380847241827,52.0991225698318,61.5801449488631,13.9563665128058,31.8827200296629,74.9736982136972,68.21467573583,12.9568767836049,27.6995296479519,54.5357110388041,135.724548154868,26.6692316002996,122.814113984781,26.3682259705433,4.25488481327717,87.2608351511071,371.902712066648,13.7777541724292,16.2857264941673,37.6343914343871,37.9456188297313,58.5882987222804,18.673121105644,68.4945437732623,64.3967143558681,145.538592681578,77.6332889693457,18.3102424347152,53.9751934315516,50.3552865256829,122.815983710173,20.2188926338114,1202.75216695009,15.1993269749145,20.3759747026939,12.4689529959334,59.3690250738706,49.4591106421725,6.00740549345044,69.046976741855,62.6410266189772,224.644283628297,511.628974706077,29.2784607452923,551.625707613635,114.683609445509,25.3613656711022,49.7441027103571,91.0855159047239,109.942158035263,"BH vs. HB","BH"
"LOC111114313",9.79681368509919,19.2398345757617,2.79187628780863,2.13736204260065e-12,1.36369329755133e-09,0,2.00525127610619,31.351491330126,17.4941379128385,0,0,6.54671827886109,0,0,0,0,14.8531115420776,34.5898790038708,0,0,0,6.0105239243408,0,0,0,0,0,0,271.862214359611,2.37863274941721,0,0,4.05743938968086,8.72742367771459,37.5587396857258,0,0,189.416395658864,58.0637572903603,0,0,0,0,0,0,28.8705132931498,12.6676212196327,0,0,0,22.209232604508,6.97818325640292,2.05694967933309,0,2.098913099564,0,0,0,0,3.95099727411845,22.9253012771592,0,0,0,0,0,0,0,0,7.68371130784006,0,0,10.5568384189948,0,7.66748533030575,0,0,0,0,5.39170470234971,0,2.0265769299886,7.0872955487631,0,0,0,8.00987399126726,0,51.8408496157053,0,0,0,0,0,9.22231478949172,0,0,14.9435942960551,"BH vs. HB","HB"
"LOC111111538",150.554535312824,10.5589845464207,3.41365743737013,8.09681902298248e-06,0.00166929418857156,0,269.706296636283,92.154383606734,12.2458965389869,206.949559438568,0,189.200158259085,1.03181599774827,0,0,1.00875397040006,391.485582787616,183.431176535679,0,42.0775711937356,4.29105209485974,181.818348711309,0,0,0,0,0,3.78556541703592,644.70182262422,2.37863274941721,10.0497504620282,0,0,145.093418642005,519.56256565254,4.5395417378078,0,1412.8234687967,173.190172607454,103.1085444777,1.50759547692758,2.1056993584784,4.31261796320295,0,1.02438336855505,156.114627437032,123.752914991796,1.54953744464921,0,0,324.05289391123,3515.84133068434,12.3416980759985,0,703.13588835394,0,0,0,0,50.3752152450103,597.695354725936,0,135.09259282155,0,0,0,18.0952516601859,0,0,66.2720100301205,0,0,188.967407700006,0,566.435478776337,17.6320853075036,399.880734132678,0,0,253.410121010436,13.3023281137337,0,2.65773583078616,0,0.989483751231176,5.42017650873124,2.00246849781681,0,857.534054059792,3.2675532164116,0,10.0960209466525,1.85732561486072,0,368.892591579669,0,6.50610827890885,994.816420280241,"BH vs. HB","HB"
"LOC111099988",34.5200688103051,17.810822980665,9.29064133297773,3.79905466032445e-05,0.00594506282597882,0,0,0,0,0,0,0,0,0,0,0,0,336.465186674016,0,0,0,0,0,0,0,0,0,0,0,0,0,0,0,113.45650781029,201.356576648475,2.2697708689039,0,0,750.824447720176,56.319793202105,0,0,0,0,0,21.3855654023332,15.5909184241633,0,0,0,0,2.32606108546764,0,0,0,0,0,0,0,96.7994332159021,235.80309885078,0,69.141878215754,0,0,0,0,0,5.83778751226636,0,0,0,0,0,0,0,0,0,0,21.5668188093988,2.21705468562228,0,0,0,0,0,0,0,1206.37977126548,0,0,0,0,0,72.6257289672473,0,0,0,"BH vs. HB","HB"
"LOC111111317",64.3942961244187,6.19016868576696,2.24532158381052,1.66668506370749e-05,0.00313735347100939,0.944335098603166,0,5.700271150932,5.24824137385154,0,13.9493065644399,3.27335913943055,0,0,12.9734468849897,8.0700317632005,73.2046211716681,70.2279361593741,2.65150936543929,0,43.9832839723123,0,0,93.1522764181121,0,0.715907065784001,2.11910152716045,29.3381319820284,0,31.5168839297781,4.46655576090141,6.27005044714986,4.05743938968086,12.0002075568576,196.140085025457,6.80931260671171,14.8555160582072,10.0279268289987,721.792569074996,0,7.53797738463791,2.1056993584784,0,3.37166418957227,1.02438336855505,1.06927827011666,107.187564166123,10.0719933902199,95.0262157242778,4.65170737230641,33.313848906762,10.4672748846044,816.609022695237,0.681579074669974,2.098913099564,28.073233031144,4.61658827465864,0,7.64645341717569,1.97549863705923,0,1.75788173136955,28.7204724896209,922.056158096699,4.36249515620701,6.26261553292235,11.7619135791208,6.10287428665738,33.0807959028427,18.2488143561201,7.00242041461648,0,7.38978689329634,6.38949919089853,3.83374266515287,8.1378855265401,1.74113527198554,2.69760463530444,2.06993230972201,13.4792617558743,6.65116405686685,1449.00250494185,79.7320749235849,72.5466356127033,10.8843212635429,0,10.0123424890841,33.1425488360904,2.16003540065439,0.816888304102899,0,195.862806365059,149.514711996288,71.1463132671215,4.61115739474586,116.069572990833,26.0244331156354,164.379537256606,"BH vs. HB","HB"
"LOC144624111",47.7423828173228,-20.9486108929455,3.33901256072605,1.21417888541385e-10,5.95108017101805e-08,0,0,23.75112979555,0,0,0,0,30.9544799324482,0,22.9530214119049,0,0,320.74251439953,64.9619794532626,0,0,1.5026309810852,0,180.825007164571,541.679452674902,0,16.9528122172836,0,9.98677522137347,0,0,0,0,0,0,199.739836463543,0,0,0,0,0,0,1.07815449080074,0,0,0,584.659440906124,25.567367836712,0,0,0,0,0,21.8105303894392,0,0,0,0,0,619.318822718068,0,661.842471860637,0,0,0,37.5756931975341,0,0,0,0,35.0121020730824,12.8427269574867,0,117.850762854351,0,0,0,32.3712556236533,28.2890748995342,0,57.6434218261794,0,88.5911943595387,0,33.64244754186,0,74.0913344192221,51.5550759672517,0,0,0,35.3360733132839,0,16.9901643622977,32.278101763221,457.645744935286,0,0,"BH vs. HB","BH"
"LOC111112070",18.4489958529671,-18.0856117817441,4.52493119413423,1.99754084664111e-06,0.000484954379188749,24.5527125636823,0,0,0,63.5878534587779,0,0,0,0,0,0,0,0,0,0,0,0,19.3821635506408,31.9640164179797,65.7422925468685,0,0,0,0,0,0,0,0,0,0,0,0,0,5.0054963181345,0,0,0,0,0,0,0,42.8750256664491,12.3962995571937,17.8174154483021,0,0,0,0,102.918440275166,0,0,0,0,80.2877608803447,0,0,0,0,6.78695384508611,0,0,0,520.778605794763,0,0,0,31.0365901472595,0,0.709944354544282,0,0,25.5366506557879,166.352285843774,0,0,129.697699108904,14.1860385099202,0,19.2702000846243,56.400573820177,134.149368591098,0,0,0,0,19.8209772283226,0,0,0,124.501249658138,0,0,0,"BH vs. HB","BH"
"LOC111116606",12.7687805250062,-21.5351285110829,3.63504537589483,1.00107016066685e-09,4.19157488400642e-07,152.03795087511,0,0,0,0,52.3098996166498,1.96401548365833,0,0,0,0,8.48749230975862,0,0,24.0443263964203,0,0,193.821635506408,0,35.1860157293099,0,0,0,0,0,1.11663894022535,0,0,2.18185591942865,0,0,0,0,0,0,0,42.1139871695681,0,0,57.3654686390827,0,0,1.54953744464921,0,0,0,0,0,0,0,0,0,0,0,50.3752152450103,0,49.2206884783475,0,0,34.8999612496561,0,0,0,0,0,0,1.07022724645722,0,0,90.0929526310925,0,0,0,0,0,0,23.3056346948689,5.31547166157232,0,55.4110900689459,144.312199544969,0,0.920626356558067,0,0,156.09019567304,0,0,0,0,0,2.16870275963628,2.13479918515073,"BH vs. HB","BH"
"LOC144624211",15293.3676536747,4.96082149584131,3.69313529748867,0.000144846832822162,0.017419843408432,16.998031774857,923.418212646901,146.306959540588,146.950758467843,61625.8791438771,68.5840906084963,508.680010267507,0,116.944103369832,7.98365962153213,56.4902223424035,1272.06290992507,11903.1110899381,0,52.0960405255774,2.14552604742987,145.755205165264,1.76201486824007,50.2291686568252,488.900429080938,231.953889314016,182.242731335799,18.9278270851796,71602.9590538652,12.4878219344404,2210.9451016462,12.5401008942997,14.201037863883,4269.89203432186,55309.4173805297,64.6884697637612,10.2131672900175,238552.122906866,860.945366719135,22997.5377103118,29.3981118000879,4.21139871695681,249.05368737497,112.107834303278,14.3413671597707,868.253955334727,7730.17224118047,27.8916740036858,28.9533001034909,0,27.2567854691689,21041.5485791403,26.7403458313302,18.4026350160893,133670.330202283,25.9137535672098,54.2449122272391,4.6216704270173,38.2322670858784,5332.85857074138,95783.546257491,9.66834952253255,8.50976962655434,5.81738901007381,757.983533390968,53.8584935831322,320.285954385291,31.5315171477298,21.40522087831,22.0906700100402,114.372866772069,14.9831814504011,9124.27544553718,91.5828217362123,88320.8050841256,8.1378855265401,43344.9822176559,40.4640695295666,664.448271420767,917.937725575038,203.96903107725,0,187.813332042222,83.8820474271881,132.590822664978,375.347223229638,148.182668838444,3.68250542623227,120686.577923062,4.9013298246174,0,883.401832832096,21.3592445708983,13.8045085443669,182312.482705416,371.422633570667,6.50610827890885,234000.675682335,"BH vs. HB","HB"
"LOC111114760",141.700435854233,24.2289877512997,3.07204009766917,8.96668991989832e-16,9.70532100204995e-13,0,11.0288820185841,22.801084603728,8.74706895641923,860.170235878741,10.46197992333,22.9135139760138,0,0,0,4.03501588160025,8.48749230975862,14.6744941228543,0,49.0904997260248,0,53.3433998285246,0,0,2.77784334705078,0,0,0,3436.56031784374,0,45.7821965492395,0,0,1.09092795971432,236.828719684993,0,0,1429.53668017837,44.0483675995836,149.030837396339,0,0,0,5.0574962843584,0,96.2350443104993,12.6676212196327,0,0,0,26.2472748962367,8.14121379913674,0,0,1245.70492459123,0,0,0,0,41.4854713782438,1640.79656283668,0,65.9507146057962,0,0,0,9.04762583009296,0,1.94592917075545,30.7348452313602,0,0,461.333838910071,0,105.427923291704,0,571.672747635251,0,15.1795036046281,6.73963087793714,1.10852734281114,0,5.31547166157232,0,0.989483751231176,4.06513238154843,0,0,1076.77764722621,0,0,0,0,0,544.116572580012,3.31627351402381,0,786.673499728045,"BH vs. HB","HB"
"LOC144623427",20.8047931163976,17.8334646865085,7.30656465371283,1.97776153686076e-05,0.00354480058506313,0,0,15.200723069152,0,0,0,0,0,0,0,0,0,0,0,0,6.43657814228961,0,0,0,0,0,0,10.4103048968488,0,26.7596184309437,0,0,460.519370728777,0,5.21649162301747,0,0,0,0,22.527917280842,0,0,0,0,0,174.292358029015,0,0,0,0,31.2948277608976,0,65.8223897386589,0,0,0,2.30829413732932,0,0,0,0,0,0,0,0,0,0,0,36.9726542443536,0,25.6755415202604,0,0,0,0,0,0,523.335299249062,0,0,0,0,0,1.13354118144849,0,0,0,0,1.08001770032719,0,183.344039361984,0,319.460005756044,0,23.0557869737293,0,0,0,"BH vs. HB","HB"
"LOC144623205",27.1776790746851,20.0531756843909,4.96257032063239,1.76388562177316e-06,0.000432268460347182,0,0,0,0,0,97.6451459510795,0,0,0,171.648681862941,109.954182773607,0,136.263159712218,0,109.201315717076,0,0,0,0,0,0,0,0,164.22697030703,0,0,51.2054119850572,0,0,0,91.925720190608,35.2818506382422,0,149.163790280408,0,0,0,0,64.0616196018731,111.6577871725,32.0783481034998,0,0,0,68.8452691101349,0,0,0,0,0,0,1.15414706866466,41.5950338431557,0,124.456414134731,57.313253192898,0,38.2939633194946,0,0,0,0,0,0,159.437009637681,0,401.335217421459,0,0,0,176.320853075036,0,0,0,0,0,0,0,0,5.93690250738706,0,0,0,128.522106338936,0,0,0,0,0,0,0,0,0,"BH vs. HB","HB"
"LOC144623171",10.2264754797428,-20.3126964341591,4.31000970771957,3.34250307718612e-07,9.33636585334021e-05,135.039919100253,0,0,0,0,0,0,0,0,0,0,0,0,0,0,0,0,34.3592899306814,0,19.4449034293555,0,0,0,53.2628011806585,0,0,0,0,0,0,0,59.4220642328289,36.7690650396619,0,0,0,0,6.46892694480442,0,0,0,0,10.0719933902199,0,117.223025782122,0,0,0,0,0,19.4353151754074,0,0,21.9835535743801,0,0,0,0,0,0,21.292892811936,0,0,0,0,0,0,0,0,65.1736253075989,0,0,14.3872247216237,0,0,0,105.382000359407,0.885911943595387,0,17.8107075221612,0,0,0,0,0,28.4926547657137,0,49.2191287938091,108.312297809648,2.30557869737293,24.3193391028413,0,0,"BH vs. HB","BH"
"LOC111117016",179.610402816841,5.42475132534657,2.77435560653763,5.30866707035402e-05,0.00792547382106819,11.332021183238,33.0866460557522,342.01626905592,1.74941379128385,40.4649976555859,1.16244221370333,144.68247396283,0,0,8.98161707422365,0,402.094948174814,232.695549662404,0,1094.01685103712,4.29105209485974,105.935484166507,16.7391412482807,16.438637014961,0,30.784003828712,6.35730458148136,6.62473947981287,807.819151239987,21.4076947447549,25.6826956251831,2.09001681571662,1.01435984742021,21.8185591942865,46.9484246071573,0,3.71387901455181,2544.86498638145,12.0131911635228,279.866049296614,2.26139321539137,0,5.39077245400368,0.842916047393067,4.09753347422019,66.2952527472329,39.9517284619185,1.54953744464921,4.45435386207552,0.930341474461282,72.6847612511171,7758.57675057731,2.05694967933309,0.681579074669974,99.69837222929,0,265.453825792872,9.24334085403459,0,7.90199454823691,11.4626506385796,3.51576346273911,501.012686763387,0.969564835012302,52.3499418744841,1.25252310658447,7.23810066407436,2.03429142888579,7.78371668302181,7.68371130784006,19.8401911747467,6.42136347874334,24.280728363688,0,126.513507950045,266.515750994188,122.459847462983,0,8.27972923888806,10.7834094046994,105.310097567058,0,70.872955487631,1.13354118144849,0.989483751231176,0.677522063591404,17.0209822314429,2.7618790696742,105.841734632065,1.6337766082058,18.5821661515524,2.01920418933051,1.85732561486072,0,268.599918243946,4.42169801869841,8.67481103854514,304.208883883979,"BH vs. HB","HB"
"LOC111116922",87.1941732555789,7.48132555907032,2.92559445935236,1.9786583702281e-05,0.00354480058506313,0,134.351835499115,68.403253811184,10.4964827477031,69.3685674095759,9.29953770962662,434.04742188849,0,8.82597006564773,0,33.2888810232021,237.649784673241,375.247778284417,0,16.0295509309469,0,101.427591223251,0,8.21931850748048,0,0,1.05955076358023,1.89278270851796,442.747034814224,0,10.0497504620282,78.3756305893732,10.1435984742021,175.639401514006,257.694686177063,35.1814484680105,7.42775802910361,449.028279120719,81.089040353779,61.5185433438377,0,1.0528496792392,23.7193987976162,26.1303974691851,10.2438336855505,179.638749379599,105.238699363102,0,2.22717693103776,0,51.4850392195413,338.441887935542,2.05694967933309,7.49736982136972,1387.3815588118,38.8706303508147,11.5414706866466,18.4866817080692,2.86742003144088,49.3874659264807,103.163855747216,0,258.484252406588,0,839.780317569849,0,9.04762583009296,18.3086228599721,0,81.6394326458006,2.33414013820549,18.1938631897728,158.352576284922,0,215.648024914849,0,90.5390341432479,0,35.1888492652742,63.3525302526091,53.2093124549348,0,1.77182388719077,0,0,2.71008825436562,13.0160452358093,1.84125271311613,367.206018111246,1.6337766082058,0,0,0,0,139.487511191062,0,0,259.378100995814,"BH vs. HB","HB"
"LOC111116863",45.3944237685248,21.142383908166,2.60661908529231,1.90966055176227e-16,2.36225010252992e-13,3.77734039441266,145.380717517699,71.25338938665,9.62177585206116,61.2755678784587,0,360.724177165246,0,0,0,2.01750794080012,38.1937153939138,474.8247026895,0,4.00738773273672,1.07276302371494,33.0578815838744,0,0.913257611942276,0,0,0,0.946391354258981,972.046121547017,0,0,0,0,42.5461904288586,34.4288447119153,1.13488543445195,0,421.172926817945,34.0373749633146,135.167503685052,0,0,0,0,0,51.3253569655996,289.406423248531,0,0,0,22.209232604508,86.0642601623026,1.02847483966655,0,44.077175090844,0,0,0,0,0.987749318529613,9.82512911878252,0.878940865684777,112.754447551845,0,0,0,2.71428774902789,0,0,37.4580926257203,0,0,44.338721359778,0,55.5892686447167,10.8505140353868,96.9231968071949,0.89920154510148,1.37995487314801,37.741932916448,27.7131835702785,0,0.885911943595387,2.26708236289698,0.989483751231176,0,0,0,186.843062156605,0,0,2.01920418933051,0,0,91.0703585462308,0,0,155.840340516003,"BH vs. HB","HB"
"LOC111116214",307.386846782722,4.01135396749174,3.16067483414482,0.000177373999539463,0.0201207178429547,7.55468078882533,43.1129024362831,67.453208619362,4.37353447820962,191.919703166493,8.13709549592329,108.675523429094,0,0,0,4.03501588160025,40.3155884713534,832.253452396165,5.30301873087858,48.0886527928406,10.7276302371494,60.105239243408,14.0961189459206,0,6.48163447645182,14.31814131568,0,9.46391354258981,14989.0399655903,0,13.3996672827042,4.18003363143324,16.2297575587234,113.45650781029,364.11111528662,6.80931260671171,1.8569395072759,567.134972884481,81.089040353779,24.2608339947529,4.52278643078275,3.1585490377176,4.31261796320295,5.0574962843584,0,145.421844735866,33.130701651347,1.54953744464921,0,2.79102442338385,30.2853171879654,84.9012296195688,3.08542451899964,3.40789537334987,320.08424768351,0,20.7746472359639,0,0,24.6937329632403,3826.88779176579,0,14.8920968464701,0,22.9030995700868,0,16.2857264941673,8.13716571554317,0,14.4069587022001,4.66828027641099,6.42136347874334,10.5568384189948,4.25966612726569,1468.32344075355,20.3447138163503,2.32151369598072,3.59680618040592,4.13986461944403,44.4815637943851,28.8217109130897,4.0531538599772,8.85911943595387,1.13354118144849,9.89483751231176,0.677522063591404,10.0123424890841,4.60313178279033,1.08001770032719,11.4364362574406,2.47762215354032,16.153633514644,6.50063965201253,10.6188527264361,1049.03830730468,4.42169801869841,8.67481103854514,3590.73222942353,"BH vs. HB","HB"
"LOC111117426",867.196582212198,3.24457301077626,2.79705596421286,0.000228438505632809,0.0248459530914727,0,67.1759177495574,57.00271150932,9.62177585206116,3300.78766590565,32.5483819836932,77.905947518447,0,101.498655754949,27.9428086753625,8.0700317632005,233.406038518362,912.963170071864,0,64.1182037237875,20.3824974505838,108.940746128677,8.81007434120036,31.9640164179797,37.9638590763607,68.0111712494801,219.327008061107,149.529833972919,7305.88089528032,675.531700834489,127.29683918569,0,18.2584772535639,594.555738044307,1917.58232062122,220.167774283679,291.539502642317,2333.16430888036,84.0923381446597,1853.35442552773,321.117836585575,2.1056993584784,32.3446347240221,10.1149925687168,0,177.500192839365,992.946617138901,17.8196806134659,82.4055464483972,488.429274092173,87.8274198450998,26.7497024828779,54.5091665023269,25.900004837459,3138.92454039796,44.2693290106501,35.7785591286045,0.924334085403459,8.60226009432265,480.046168805392,17878.4599531446,14.0630538509564,324.434967012384,267.599894463395,14.1781092576728,335.676192564638,10.8571509961115,101.71457144429,385.29397580958,24.9720617504802,10.5036306219247,451.635898004948,251.252754372076,12.7789983817971,3446.53465597243,44.0802132687589,1540.3243372832,177.142704384992,304.280049529136,315.414725087458,575.325690918983,458.006386177423,442.070059854098,409.208366502904,2.96845125369353,58.9444195324522,16.0197479825345,309.33045580351,2762.68527743696,13.8871011697493,0,6.05761256799152,381.680413853879,727.39141176087,8649.37848319455,939.610828973412,15.180919317454,11982.6278262511,"BH vs. HB","HB"
"LOC144624376",27.1439909436739,-3.20616117674296,2.12546678012301,0.000111627202563198,0.0142144109852167,34.9403986483171,14.0367589327433,0,13.9953103302708,9.24914232127678,25.5737287014732,16.3667956971527,692.348534489091,8.82597006564773,33.9305533915116,11.0962936744007,3.18280961615948,14.6744941228543,10.6060374617572,14.0258570645785,3.21828907114481,6.7618394148834,29.9542527600812,0,0,17.181769578816,5.29775381790113,5.67834812555389,0,3.56794912412582,4.46655576090141,37.6203026828991,432.117295001011,8.72742367771459,8.34638659682796,15.8883960823273,14.8555160582072,8.91371273688773,23.0252830634187,4.3322917847773,0,2.1056993584784,23.7193987976162,21.9158172322197,24.5852008453212,35.2861829138498,0,14.7206057241675,3.7119615517296,11.1640976935354,4.03804229172873,2.32606108546764,6.17084903799927,7.49736982136972,4.197826199128,34.5516714229464,0,13.8650112810519,407.173644464605,23.7059836447107,3.27504303959417,6.15258605979344,6.38232721991576,3.87825934004921,2.18124757810351,20.0403697053515,5.42857549805577,1.0171457144429,3.89185834151091,22.0906700100402,2.33414013820549,4.28090898582889,7.38978689329634,0.709944354544282,27.7946343223583,1.35631425442335,8.70567635992768,1.79840309020296,15.8694810412021,10.7834094046994,1.10852734281114,10.132884649943,11.51685526674,0,4.94741875615588,6.77522063591404,19.0234507292597,21.1744062008355,6.48010620196316,28.5910906436015,17.3433550747823,0,13.9299421114554,0,10.3751041381782,37.5844331589365,6.50610827890885,0,"BH vs. HB","BH"
"LOC111117881",1433.34197772393,2.18687761628706,2.2194706863487,0.000334853015588803,0.0339784249451185,79.3241482826659,2916.63798109645,930.094242793738,378.748085812953,3809.49049357588,611.44460440795,4863.5570093659,144.454239684758,111.427872078803,109.775319796067,892.747263804055,1702.80314464532,2549.16926477012,62.3104700878233,1021.88387184786,110.494591442638,614.576071263847,71.3616021637229,143.381445074937,226.857206675814,123.136015314848,109.133728648763,148.58344261866,5332.93796821343,73.1429570445793,539.336608128845,917.517382099596,142.01037863883,4406.25802928615,5446.01725443024,1789.71433013073,363.960143426077,6530.40879386237,3687.04858793788,3999.57177570641,46.7354597847551,560.116029355255,83.0178957916567,375.940557137308,529.60620154296,1660.58915349117,2253.86214469311,72.0534911761883,80.1783695173594,114.432001358738,893.416857044981,930.424434187056,94.6196852493222,112.460547320546,9522.76873272187,76.6615209696623,84.2527360125203,416.87467251696,96.5364743918431,1131.96071903494,10100.2327341084,39.552338955815,1511.54782991672,60.1130197707627,79.6155366007779,115.232125805771,57.0000427295856,234.960660036309,203.349598343945,1508.88880807709,141.215478361432,349.964309591512,3205.05614400681,76.6739902907824,8307.72035538628,198.021881145809,2293.65553162895,35.0688602589577,44.8485333773103,3487.08501624468,1091.89943266897,47.624557854732,287.035469724906,184.767212576104,234.507649041789,88.755390330474,109.134533131016,185.045897668171,4960.5212976028,103.744814621068,104.060130448694,193.843602175729,148.586049188858,117.86926526344,10820.0808267712,74.0634418131984,68.3141369285429,8335.32341842103,"BH vs. HB","HB"
"LOC111116684",92.1643474409877,23.8841741781489,2.32656135268799,3.11297907991944e-25,4.04329287795336e-21,0,4.01050255221238,95.954564374022,1.74941379128385,28.90356975399,17.4366332055499,17.6761393529249,0,0,0,0,9.54842884847844,306.068020276675,0,1192.19785048917,19.3097344268688,84.1473349407712,0,4.56628805971138,0,0,0,5.67834812555389,3854.89523545016,1.18931637470861,4.46655576090141,0,0,45.8189743080016,252.478194554046,0,3.71387901455181,135.934119237538,53.0582609722257,24.2608339947529,1.50759547692758,0,2.15630898160147,5.0574962843584,0,0,29.2329720453062,0,0,0,54.5135709383378,116.303054273382,2.05694967933309,0,77.659784683868,0,0,0,1.91161335429392,5.92649591117768,638.633392720864,36.9155163587606,0,0,0,2.50504621316894,3.61905033203718,7.12002000110027,5.83778751226636,3.84185565392003,4.66828027641099,0,359.988190087722,0,193.60400459022,50.183627413664,15.6702174478698,0,4.13986461944403,45.8294899699725,2.21705468562228,10.132884649943,0,22.6708236289698,0,1.35504412718281,0,0,49.6808142150509,0,0,10.0960209466525,0,0,33.4308911119075,0,17.3496220770903,592.406773879328,"BH vs. HB","HB"
"LOC111105721",401.513708789387,7.23508707949038,3.31993759715738,3.41135299887157e-05,0.00547016770689424,0,0,262.212472942872,1.74941379128385,585.008251820757,1.16244221370333,86.4166812809664,0,23.1681714223253,3.99182981076607,4.03501588160025,1672.03598502245,529.329966574387,0,4.00738773273672,2.14552604742987,10.5184168675964,5.28604460472022,1.82651522388455,0,7.15907065784001,0,6.62473947981287,117.622019273954,0.594658187354303,29.0326124458592,0,0,6.54556775828594,178.404013507198,19.2930523856832,0,11089.7728587804,46.0505661268374,234.81021473493,1.50759547692758,3.1585490377176,0,0,9.21945031699543,8.55422616093327,23.386377636245,3.09907488929842,9.65110003449697,0,838.903286106643,697.818325640292,10.2847483966655,0,865.80165357015,0,9.23317654931729,0,0,171.868381424153,5981.86611181876,0,2280.61825991656,0,113.424874061382,5.01009242633788,17.1904890771766,0,7.78371668302181,624.301543762005,0,0,121.40364181844,2.12983306363284,356.538067859217,10.8505140353868,178.756554590515,0,0,45.8294899699725,8.86821874248914,0,1.77182388719077,9.06832945158791,1.97896750246235,1.35504412718281,11.0135767379925,0,7644.36528291588,0,0,5.04801047332626,1.85732561486072,3.18565581793082,274.363864987379,6.63254702804762,13.0122165578177,2031.26142467092,"BH vs. HB","HB"
"LOC144625150",18.0039912887694,6.0922022004218,3.18647645451165,5.3990844155264e-05,0.00801440090640739,0,0,0,54.2318275297992,53.1825683473415,5.81221106851664,5.89204645097498,0,9.9292163238537,0,1.00875397040006,44.5593346262327,2.0963563032649,0,63.1163567906034,0,93.1631208272824,0,6.39280328359593,0,0,0,9.46391354258981,37.7278175029664,13.677138309149,69.2316142939719,5.22504203929155,0,1.09092795971432,0,9.07908347561561,0.928469753637951,5.57107046055483,10.010992636269,0,0,98.967869848485,0,0,66.5849189560781,23.5241219425665,21.4375128332246,3.87384361162303,2.22717693103776,1.86068294892256,2.01902114586436,101.183657217842,0,8.17894889603969,2.098913099564,0,11.5414706866466,19.4110157934726,4.77903338573481,2.96324795558884,0,5.27364519410866,65.9507146057962,0,143.962340154831,0,102.23817188005,57.9773057232451,1.94592917075545,145.990514848961,0,1.07022724645722,2.11136768379895,53.2458265908211,0,2.7126285088467,5.80378423995179,0,8.96970667546206,10.7834094046994,1.10852734281114,0,7.0872955487631,0,0,12.8729192082367,0,42.3488124016711,85.3213983258483,21.2390959066754,13.6269218444718,2.01920418933051,6.50063965201253,0,0,0,2.16870275963628,0,"BH vs. HB","HB"
"LOC111122693",31.4525167672903,21.5442610872698,3.58996597143262,6.3224005304774e-10,2.78367794203748e-07,0,0,19.950949028262,0,0,0,1.30934365577222,0,0,0,0,57.2905730908707,19.9153848810165,0,0,0,11.269732358139,0,0,0,0,0,0,49.9338761068673,0,3.34991682067606,0,0,2.18185591942865,5.21649162301747,5.67442717225976,0,1245.69135498006,110.120918998959,0,0,0,0,0,0,0,1.94886480302041,0,0,0,1.00951057293218,15.1193970555397,0,0,11.544022047602,0,0,0,0,26.6692316002996,117.90154942539,0,263.802858423185,0,0,0,0,0,0,0,0,0,6.33410305139686,0,183.06121226105,1.35631425442335,0,0,0,70.0921611305462,0,0,14.1745910975262,0,0,0,0,0,111.241823133701,0,0,0,0,0,201.738136020131,0,0,367.185459845926,"BH vs. HB","HB"
"LOC111101430",83.7411528379488,21.9746511566642,3.423480523539,4.52490384205321e-11,2.35086854210032e-08,0,62.1627895592919,168.157998952494,0,30.0597125441496,0,181.344096324452,0,0,0,0,86.9967961750258,572.305270791318,0,0,0,8.2644703959686,0,0,0,0,0,2.83917406277694,507.106252907519,0,16.7495841033803,0,0,135.275067004576,277.51735434453,2.2697708689039,0,986.079471518205,245.269319588591,176.757504818914,0,0,4.31261796320295,0,0,11.7620609712833,258.224586400205,0,0,0,4.03804229172873,223.301864204893,0,0,168.962504514902,0,0,0,0,23.7059836447107,183.402410217274,0,230.827501120287,0,0,0,0,0,0,9.60463913480007,9.33656055282198,0,65.4523981977676,0,1775.02285396578,0,187.462230950443,0,0,130.74883903198,78.7054413395911,0,0,0,0,1.35504412718281,0,0,315.365168495541,0,0,20.1920418933051,0,0,380.420485066534,0,0,246.56930588491,"BH vs. HB","HB"
"LOC144624832",74.9432440474454,22.5822481548292,2.39752443982782,1.58253894390759e-21,4.56773490509861e-18,0.944335098603166,14.0367589327433,415.169748826214,5.24824137385154,0,0,4.58270279520276,0,1.10324625820597,0,0,532.590142437353,24.1080974875463,0,0,0,2.2539464716278,0,2.73977283582683,0.925947782350261,0,0,0,36.6181758117027,0,0,3.13502522357493,0,56.7282539051449,5.21649162301747,0,0,1606.69672082401,138.151698380512,0,1.50759547692758,5.26424839619601,0,0.842916047393067,2.0487667371101,28.8705132931498,20.4630804317143,0,0.742392310345921,3.72136589784513,199.883093440572,0,0,0.681579074669974,207.792396856836,0,2.30829413732932,3.69733634161384,0,19.7549863705923,1365.69294751077,0,8.50976962655434,2.9086945050369,4.36249515620701,0,1.80952516601859,0,2.91889375613318,6.72324739436005,22.1743313129522,0,67.5637658815665,22.0082749908727,570.26922144149,0,1.16075684799036,0,2.75990974629602,36.3940067408605,0,8.10630771995439,0,1.13354118144849,0.989483751231176,0.677522063591404,0,0,219.24359316642,0.816888304102899,1.23881107677016,0,0,0,302.030809355854,0,0,972.401028836159,"BH vs. HB","HB"
"LOC144624833",18.9517040219546,20.6853791084106,3.64301940757441,4.28248710056999e-09,1.58923096302152e-06,0,32.0840204176991,34.201626905592,10.4964827477031,4.62457116063839,0,6.54671827886109,0,0,0,0,41.3765250100733,81.7578958273311,0,0,0,9.0157858865112,0,0,0,0,0,0,0,0,2.2332778804507,0,0,28.3641269525724,0,0,0,89.1371273688773,102.112124889944,0,0,0,0,0,0,10.6927827011666,0,0,0,0,9.08559515638963,37.2169773674822,0,0,10.49456549782,0,0,0,0,0,112.988984865999,0,570.154564979141,0,0,0,0,0,0,1.92092782696001,0,0,66.508082039667,0,38.3374266515287,0,2.32151369598072,0,0,0,19.9534921706006,0,0,0,0,0,0,0,114.481876234683,0,0,0,0,0,313.558702842719,0,2.16870275963628,10.6739959257537,"BH vs. HB","HB"
"LOC111100718",77.775552536237,1.0126265087132,1.33677288568265,0.000514512431478463,0.0462473682786022,23.6083774650792,16.0420102088495,16.150768260974,50.7329999472316,24.2789985933516,30.2234975562865,32.7335913943054,12.3817919729793,54.0590666520923,16.9652766957558,80.700317632005,42.4374615487931,16.7708504261192,15.9090561926357,78.1440607883661,51.4926251383169,36.0631435460448,15.8581338141606,39.2700773135179,12.9632689529036,20.761304907736,44.5011320703695,42.5876109416541,18.8639087514832,59.4658187354303,29.0326124458592,24.0351933807411,15.2153977113032,52.3645420662876,19.8226681674664,40.8558756402702,22.2832740873108,100.279268289987,1335.46641767829,97.0433359790116,21.8601344154499,13.6870458301096,67.9237329204464,10.1149925687168,16.3901338968808,29.9397915632665,15.5909184241633,61.9814977859684,18.559807758648,49.3080981464479,70.6657401052527,66.2927409358277,51.4237419833273,186.752666459573,18.890217896076,7.55817812376953,616.314534666929,9.24334085403459,1482.45615625494,17.779487733533,40.9380379949272,15.820935582326,76.5879266389891,30.0565098853813,46.8968229292254,17.5353234921826,31.6666904053253,15.2571857166434,87.5668126839954,26.8929895774402,4.66828027641099,40.6686353653745,26.3920960474869,85.9032668998581,10.5427923291704,11.5286711625985,24.3758938077975,32.3712556236533,87.6271344448986,16.1751141070491,29.9302382559008,20.265769299886,16.8323269283124,17.0031177217273,228.570746534402,75.8824711222373,77.0950371659474,219.10907286082,47.5207788143965,22.0559842107783,78.0450978365201,48.4609005439321,16.7159305337465,36.1040992698826,39.1948378553398,30.9518861308889,61.8080286496341,16.0109938886305,"BH vs. HB","HB"
"LOC111099732",209.38774519661,3.88611757871459,2.23171988201677,7.70844245884347e-05,0.0105948259128771,16.998031774857,0,111.155287443174,14.8700172259127,45.0895688162243,8.13709549592329,4.58270279520276,0,11.0324625820597,0.997957452691516,12.1050476448007,809.494579043228,0,2.65150936543929,17.0313978641311,9.65486721343441,43.5762984514708,5.28604460472022,9.13257611942276,29.6303290352083,5.72725652627201,38.1438274888881,47.319567712949,1343.77608812036,13.0824801217947,2491.22147564276,4.18003363143324,4.05743938968086,27.2731989928581,161.711240313542,15.8883960823273,5.57081852182771,20.0558536579974,2.0021985272538,10.3975002834655,159.05132281586,7.36994775467441,29.1101712516199,25.287481421792,3.07315010566514,33.1476263736164,7.79545921208166,103.044240069172,22.2717693103776,61.4025373144446,34.3233594796942,25.586671940144,24.6833961519971,4.77105352268982,6.296739298692,77.7412607016294,40.3951474032631,14.7893453664553,33.4532337001436,7.90199454823691,40.9380379949272,12.3051721195869,27.6567512863016,23.2695560402952,13.087485468621,25.0504621316894,1.80952516601859,90.5259685854177,2051.00934597625,38.4185565392003,103.869236150144,2.14045449291445,129.849112553636,11.3591096727085,9.58435666288218,88.8385836647295,4.06264896796625,0,24.8391877166642,47.17741614556,148.542663936693,14.1860385099202,6319.2098936659,11.3354118144849,13.8527725172365,25.068316352882,3612.45317006153,5.5237581393484,9.72015930294474,8.16888304102899,22.2985993818629,47.4512984492669,73.3643617869985,4.24754109057442,36.8892591579669,26.5301881121905,74.8202452074518,210.277719737347,"BH vs. HB","HB"
"LOC111132880",1644.52181615693,3.20362972853702,3.38963535315954,0.000372839513932807,0.036441792885982,28.330052958095,1520.98309292655,821.78909092603,111.962482642166,2704.2179861833,13.9493065644399,2695.938587235,66.0362238558895,22.0649251641193,5.9877447161491,32.280127052802,1763.27652735235,5068.98954129453,3.97726404815894,19516.980105361,1.07276302371494,816.679938219806,11.4530966435605,7.30606089553821,6.48163447645182,13.602234249896,13.7741599265429,7.57113083407185,19946.9190421566,14.2717964965033,139.579867528169,2.09001681571662,13.1866780164628,2146.94622471779,1615.02580648621,35.1814484680105,10.2131672900175,17892.0498911179,1768.94239882873,1438.32087254606,6.03038190771033,6.31709807543521,2.15630898160147,13.4866567582891,2.0487667371101,1953.57139950314,1781.26242996066,27.1169052813612,17.8174154483021,0,456.298778965346,9786.90201710509,8.22779871733236,6.81579074669974,4393.02511738745,0,4.61658827465864,4.6216704270173,0,538.323378598639,5911.45268646748,7.03152692547822,1543.45946601629,1.9391296700246,13.087485468621,10.0201848526758,14.4762013281487,27.4629342899582,2.91889375613318,141.188195281561,8.16949048371923,55.6518168157756,1584.58144669111,14.1988870908856,3800.19741683279,40.6894276327005,5319.74863433981,1.79840309020296,10.3496615486101,757.534510680134,626.317948688295,2.0265769299886,56.6983643901048,6.80124708869093,21.7686425270859,27.1008825436562,23.0283877248934,0,8429.53815105375,0,2.47762215354032,31.2976649346228,10.215290881734,0,11152.0841591929,17.6867920747936,42.2897038129075,13939.1712794417,"BH vs. HB","HB"
"LOC111107221",6.20612833903967,18.2464124888567,3.28255772415442,8.17002652893818e-09,2.98919407242573e-06,0,0,0,0,13.8737134819152,0,51.7190744030026,0,13.2389550984716,0,0,0,2.0963563032649,0,0,0,0,0,6.39280328359593,0,0,0,0,0,6.54124006089734,0,0,4.05743938968086,0,0,0,0,0,0,0,0,0,8.62523592640589,0.842916047393067,0,2.13855654023332,85.7500513328982,0,0,0,11.104616302254,0,0,2.04473722400992,0,0,15.0039118926406,0,0,0,0,0,34.0390785062174,0,0,0,0,0,0,0.960463913480007,1.16707006910275,0,0,0,24.9193273234937,0,12.7683253278939,0,3.44988718287002,21.5668188093988,6.65116405686685,0,0,0,0.989483751231176,0,159.196245576437,0,1.08001770032719,84.9563836267015,0,0,0.928662807430361,0,0,0,0,1.06739959257537,"BH vs. HB","HB"
"LOC144624877",151.820833186744,24.9258178456344,3.01666939658209,3.86951706474349e-17,5.29044446267588e-14,0,18.0472614849557,10.450497110042,16.6194310171965,2327.31543659127,3.48732664110998,9.82007741829164,0,0,0,0,7.42655577103879,8.3854252130596,0,0,0,214.124914804641,0,0,3.70379112940104,0,0,0,2147.1566725953,0,36.8490850274366,0,0,110.183723931147,133.542185549247,0,0,51.2538482371044,7.00769484538831,39.8570844199512,0,0,0,0,0,2.13855654023332,191.963183097511,0.774768722324605,1.48478462069184,0,11.104616302254,126.770329157986,0,0,16.791304796512,0,0,0,0,257.802572136229,2569.27126456163,0,38.2939633194946,0,0,1.25252310658447,0,0,0,89.3231439536407,0,2.14045449291445,7.38978689329634,0.709944354544282,1300.59719915311,0,510.152634691762,0,0,48.5253423211474,1.10852734281114,0,2.65773583078616,0,2.96845125369353,1.35504412718281,1.00123424890841,0,3548.93816327516,0,0,0,0,0,119.890092263392,4.42169801869841,0,115.27915599814,"BH vs. HB","HB"
"LOC111115053",404.756860345041,9.57178252907467,3.82474040731357,1.96585371476139e-05,0.00354480058506313,0,6.01575382831857,9.50045191822,0,830.110523334591,0,57.6111208539776,0,1.10324625820597,0,3.02626191120019,50.9249538585517,1122.59880039835,0,0,0,12.7723633392242,0,0,25.9265379058073,2.863628263136,1.05955076358023,0,409.457784076312,0,44.6655576090141,0,0,134.184139044862,1626.50208805685,0,0,3653.50800803186,123.135209426109,1056.21273712871,5.27658416924654,0,5.39077245400368,5.0574962843584,0,9.62350443104993,162.730211052205,1.54953744464921,1.48478462069184,0,23.2187431774402,38.380007910216,0,0,3418.07998263997,0,2.30829413732932,0,0,106.676926401198,11398.7872993075,0,0,0,4.36249515620701,2.50504621316894,1.80952516601859,1.0171457144429,0.972964585377727,0.960463913480007,4.66828027641099,0,235.417496743583,2.12983306363284,1414.65104344141,0,369.701056084929,5.39520927060888,5.51981949259204,14.8271879314617,2.21705468562228,0,0,0,0,12.8729192082367,4.00493699563363,0.920626356558067,1871.67067466703,3.2675532164116,0,17.1632356093093,0.928662807430361,0,3948.30351925114,13.2650940560952,1.08435137981814,5353.00895676546,"BH vs. HB","HB"
"LOC144625452",577.038238864753,4.96059827922082,1.28894380249826,3.60052403361869e-06,0.000827706308153211,159.592631663935,43.1129024362831,28.50135575466,156.572534319904,35.8404264949475,75.5587438907163,136.171740200311,37.1453759189378,39.7168652954148,96.8018729110771,199.733286139212,493.33549050472,54.5052638848874,45.0756592124679,119.219785048917,82.60275282605,111.194692600305,30.8352601942013,198.176901791474,25.000590123457,34.363539157632,130.324743920368,447.643110564498,57.7013679457134,136.77138309149,59.1818638319437,126.446017350855,57.8185113029522,126.547643326862,175.274118533387,119.162970617455,36.2103203918801,6663.00027082358,655.72001767562,207.083547312355,233.677298923775,87.3865233768537,48.5169520860332,72.4907800758037,85.023819590069,79.1265919886328,1541.55205918915,1347.32280812249,36.3772232069501,5552.27791958493,97.9225255744216,88.3903212477703,576.974385052932,3.40789537334987,74.511415034522,17.2758357114732,35.7785591286045,73.9467268322767,298.211683269852,65.1914550229545,26.2003443167534,14.0630538509564,34.0390785062174,288.930320833666,556.218132416394,33.8181238777807,58.8095678956042,10312.8403987365,280.213800588785,12081.675567665,4.66828027641099,173.37681392607,104.512700348048,136.309316072502,58.4645756435813,208.194238053984,109.111143711094,61.1457050669007,49.6783754333284,110.529946398169,5359.72970249187,79.0365002695553,223.249809786038,137.158482955267,10.8843212635429,73.1723828678717,149.183903087353,240.283479061655,90.7214868274843,40.0275269010421,37.1643323031048,200.910816838385,216.378434131274,101.940986173786,79.5424650593661,43.1115556823095,96.5072728038146,165.446936849182,"BH vs. HB","HB"
"LOC144624890",61.9486997506419,7.44712933365844,2.55017422241569,1.19071853033003e-05,0.00236116757728116,0.944335098603166,0,0.950045191822,4.37353447820962,0,0,7.85606193463331,1.03181599774827,0,5.9877447161491,16.140063526401,25.4624769292759,0,0,10.0184693318418,11.8003932608643,0,1.76201486824007,0.913257611942276,2.77784334705078,0,1.05955076358023,23.6597838564745,0,1.18931637470861,2.2332778804507,2.09001681571662,3.04307954226064,8.72742367771459,9.38968492143145,2.2697708689039,0,821.175785885782,38.0417720178222,3.46583342782184,8.2917751231017,4.21139871695681,2.15630898160147,4.21458023696533,2.0487667371101,0,56.517079287592,120.089151960314,0,689.38303257581,4.03804229172873,1.16303054273382,41.1389935866618,3.40789537334987,0,0,2.30829413732932,1.84866817080692,12.4254868029105,1.97549863705923,0,0,0,21.3304263702706,16.3593568357763,0,1.80952516601859,1393.48962878677,43.7834063419977,1557.87246766457,0,3.21068173937167,0,4.25966612726569,0,10.8505140353868,3.48227054397107,0,0,2.69585235117486,662.899351001063,2.0265769299886,7.0872955487631,2.26708236289698,0,1.35504412718281,8.00987399126726,20.2537798442775,4.32007080130877,0,3.71643323031048,14.1344293253135,3.71465122972145,1.06188527264361,0,0,3.25305413945443,6.4043975554522,"BH vs. HB","HB"
"LOC144625715",135.47100197981,4.35572497523501,1.73781046804391,2.52439080705215e-05,0.00423071612869637,63.2704516064121,10.026256380531,5.700271150932,20.1182585997642,6.93685674095759,3.48732664110998,34.6976068779638,56.749879876155,16.5486938730895,27.9428086753625,38.3326508752024,62.5952557844698,8.3854252130596,2.65150936543929,31.0572549287096,12.8731562845792,21.0368337351928,12.3341040776805,31.0507588060374,5.55568669410156,12.886327184112,16.9528122172836,74.7649169864595,34.3988924291753,30.3275675550695,17.8662230436056,6.27005044714986,20.2871969484043,7.63649571800027,36.5154413611223,26.1023649923949,3.71387901455181,1581.06979670546,118.129713107974,32.058959207352,46.7354597847551,18.9512942263056,8.62523592640589,8.42916047393067,16.3901338968808,8.55422616093327,149.088157431062,392.807742218575,17.8174154483021,1107.10635460893,14.1331480210505,13.9563665128058,157.356650468981,0,7.346195848474,2.15947946393415,4.61658827465864,3.69733634161384,26.7625869601149,4.93874659264807,6.55008607918834,1.75788173136955,5.31860601659647,55.2651955957012,146.143587732935,26.3029852382739,8.14286324708366,2148.2117489034,60.3238042934191,3745.80926257203,4.66828027641099,23.5449994220589,11.6125222608942,24.1381080545056,18.2102776594762,44.7583703959706,31.3404348957397,11.6896200863192,11.0396389851841,8.08755705352457,1344.64366682991,5.06644232497149,15.0605030411216,11.3354118144849,0.989483751231176,14.2279633354195,21.0259192270766,37.7456806188807,8.64014160261755,16.337766082058,17.3433550747823,35.3360733132839,38.0751751046448,23.3614759981593,27.6669443684752,28.7410371215397,45.542757952362,14.9435942960551,"BH vs. HB","HB"
"LOC144625721",10.1223921504945,2.19343449696355,2.30503086729317,0.000370136988581555,0.0364206384559964,4.72167549301583,13.0341332946902,2.850135575466,3.49882758256769,1.1561427901596,6.97465328221997,10.4747492461777,0,25.3746639387372,0,4.03501588160025,22.2796673131164,11.5299596679569,0,8.01477546547344,2.14552604742987,8.2644703959686,1.76201486824007,18.2651522388455,1.85189556470052,1.431814131568,3.17865229074068,7.57113083407185,45.4953093418125,48.1673131756986,101.614143560507,4.18003363143324,2.02871969484043,5.45463979857162,3.12989497381048,1.13488543445195,2.78540926091385,14.4847831974426,2.0021985272538,9.53104192651007,10.5531683384931,18.9512942263056,2.15630898160147,3.37166418957227,1.02438336855505,39.5632959943164,11.6931888181225,0,2.22717693103776,0,0,3.48909162820146,0,0,11.544022047602,0,12.6956177553113,4.6216704270173,3.82322670858784,2.96324795558884,21.2877797573621,8.78940865684777,1.06372120331929,1.9391296700246,0,0,12.6666761621301,23.3943514321866,129.404289855238,20.1697421830802,0,5.35113623228612,1.05568384189948,0,6.70904966401753,7.45972839932843,4.64302739196143,0,2.75990974629602,0,6.65116405686685,0,54.0406285593186,6.80124708869093,10.8843212635429,9.48530889027966,29.0357932183438,7.36501085246453,8.64014160261755,0,2.47762215354032,5.04801047332626,0,9.55696745379245,4.61115739474586,3.31627351402381,4.33740551927257,5.33699796287683,"BH vs. HB","HB"
"LOC111125742",24.1338909564732,2.13667327836174,2.42411184753438,0.000454889271923008,0.0421352908808559,0,0,9.50045191822,15.7447241215546,21.9667130130324,4.64976885481331,0.654671827886109,0,12.1357088402656,13.9714043376812,32.280127052802,0,3.14453445489735,1.32575468271965,45.0831119932881,70.8023595651857,4.5078929432556,0.881007434120036,0,35.1860157293099,0,2.11910152716045,236.597838564745,25.5217588990655,28.5435929930066,2.2332778804507,1.04500840785831,0,19.6367032748578,55.2948112039852,2.2697708689039,11.1416370436554,7.79949864477676,16.0175882180304,6.93166685564369,16.5835502462034,48.4310852450033,44.2043341228302,0.842916047393067,28.6827343195413,2.13855654023332,50.6704848785308,0.774768722324605,0.742392310345921,96.7555133439733,33.313848906762,6.97818325640292,24.6833961519971,44.3026398535483,56.670653688228,0,2.30829413732932,0,0.955806677146961,0,90.0636835888397,2.63682259705433,0,3.87825934004921,0,5.01009242633788,22.6190645752324,86.4573857276462,9.72964585377727,13.4464947887201,3.50121020730824,72.7754527590912,2.11136768379895,3.54972177272141,3.83374266515287,35.9423277422188,16.250595871865,76.4321313336258,31.7389620824042,0,28.8217109130897,54.7175771096921,20.3759747026939,12.4689529959334,29.6845125369353,16.2605295261937,16.0197479825345,88.3801302295744,10.8001770032719,8.98577134513189,106.537752602234,36.3456754079491,91.9376179356058,5.30942636321803,34.583680460594,5.52712252337301,29.2774872550898,22.4153914440827,"BH vs. HB","HB"
"LOC111103776",18.3909977287065,3.10765920682574,2.60675890696292,0.000212806646185404,0.0234240603727044,11.332021183238,0,10.450497110042,8.74706895641923,1.1561427901596,3.48732664110998,3.92803096731665,0,0,22.9530214119049,9.07878573360056,70.0218115555086,6.2890689097947,1.32575468271965,0,5.36381511857468,5.2592084337982,2.64302230236011,34.7037892538065,4.6297389117513,1.431814131568,1.05955076358023,13.2494789596257,74.3459933146691,5.35192368618873,152.979534810873,3.13502522357493,41.5887537442288,2.18185591942865,31.2989497381048,0,12.9985765509313,7.79949864477676,2.0021985272538,0,4.52278643078275,0,6.46892694480442,3.37166418957227,15.3657505283257,5.3463913505833,0,5.42338105627224,0.742392310345921,0.930341474461282,4.03804229172873,18.6084886837411,0,2.7263162986799,1.049456549782,0,115.414706866466,3.69733634161384,0.955806677146961,0,16.3752151979709,0,4.25488481327717,0,2.18124757810351,0,0.904762583009296,14.2400400022005,156.647298245814,1.92092782696001,0,0,19.0023091541906,13.4889427363414,4.79217833144109,11.5286711625985,0.580378423995179,0,17.2494359143501,6.73963087793714,6.65116405686685,5.06644232497149,476.620625654318,18.1366589031758,1.97896750246235,7.45274269950545,90.1110824017567,11.0475162786968,0,4.9013298246174,7.43286646062097,6.05761256799152,2.78598842229108,1.06188527264361,2.30557869737293,11.054245046746,19.5183248367266,28.8197889995349,"BH vs. HB","HB"
"LOC111099966",20.4881512889981,20.699843712029,2.16021483525169,3.84096468710388e-22,1.42538199538425e-18,0,12.0315076566371,10.450497110042,0.874706895641923,9.24914232127678,4.64976885481331,2.61868731154444,0,6.6194775492358,0,0,78.5093038652672,0,0,0,1.07276302371494,1.5026309810852,0,1.82651522388455,0,0,0,43.5340022959131,156.459478468184,0,255.710317311606,6.27005044714986,0,42.5461904288586,6.25978994762097,6.80931260671171,0.928469753637951,11.1421409211097,13.0142904271497,13.8633337112874,39.1974824001171,0,1.07815449080074,32.8737258483296,4.09753347422019,35.2861829138498,0,12.3962995571937,6.68153079311328,0,0,1.16303054273382,0,0,2.098913099564,0,0,5.54600451242075,0,1.97549863705923,3.27504303959417,11.4262312539021,42.5488481327717,0,9.81561410146577,0,0.904762583009296,27.4629342899582,79.7830960009736,0,4.66828027641099,0,17.9466253122911,0,0,7.45972839932843,0,0,0,0,18.8449648277894,0,660.890309922159,4.53416472579395,0,4.74265444513983,140.172794847177,9.20626356558067,0,0,0,6.05761256799152,0,0,3.4583680460594,11.054245046746,0,12.8087951109044,"BH vs. HB","HB"
"LOC111104585",104.473428638219,1.94906756116318,0.976027584881251,2.79925609737108e-05,0.00463160991346551,281.411859383743,56.1470357309734,227.060800845458,63.8536033818604,119.082707386439,84.8582816003429,32.7335913943054,26.8272159414551,66.194775492358,32.93259593882,97.8491351288061,593.063525144383,85.9506084338609,27.8408483371126,36.0664895946305,241.37168033586,73.6289180731748,7.92906690708032,158.906824477956,64.8163447645182,118.840572920144,69.9303503962949,62.4618293810927,45.4953093418125,54.7085532365959,116.130449783437,101.365815562256,87.2349468781384,82.9105249382886,69.9009877484342,61.2838134604054,36.2103203918801,274.096666659298,74.0813455083907,181.089796603691,25.6291231077689,66.3295297920697,152.019783202904,63.21870355448,50.1947850591974,69.5030875575828,128.625076999347,68.9544162868899,144.024108207109,40.0046834018351,54.5135709383378,251.214597230505,82.2779871733236,85.1973843337468,71.363045385176,59.3856852581891,776.740977211317,82.2657336009079,46.8345271802011,64.2037057044249,237.440620370577,168.756646211477,97.862350705375,77.5651868009841,198.493529607419,68.8887708621459,47.9524168994927,16.2743314310863,140.106900294393,72.9952574244806,121.375287186686,38.52818087246,78.1206043005613,102.941931408921,53.6723973121402,42.0457418871239,46.4302739196143,197.824339922326,55.8881723624944,87.6152014131828,52.1007851121237,43.5714039947549,147.94729458043,45.3416472579395,60.3585088251017,146.344765735743,138.17032634936,83.7769984467841,77.7612744235579,42.4781918133508,30.970276919254,30.2880628399576,106.796222854492,183.706152167344,215.571608204369,9.94882054207142,113.856894880905,39.4937849252885,"BH vs. HB","HB"
"LOC111107979",111.835920986958,-5.70260104425414,2.2452025578462,2.31981784437037e-05,0.00396459921994797,800.796163615485,4.01050255221238,2.850135575466,0.874706895641923,2.3122855803192,0,1.96401548365833,0,1.10324625820597,1.99591490538303,0,1.06093653871983,14.6744941228543,2.65150936543929,2.00369386636836,2.14552604742987,0,872.197359778836,5.47954567165366,2.77784334705078,6.44316359205601,4.2382030543209,1.89278270851796,23.3024755165381,4.16260731148012,0,0,4.05743938968086,2.18185591942865,7.30308827222446,0,0.928469753637951,0,2.0021985272538,1.73291671391092,6.03038190771033,0,8.62523592640589,0,1.02438336855505,0,0,7.74768722324605,0,18.6068294892256,0,1.16303054273382,0,3.40789537334987,7.346195848474,4957.08510946084,2.30829413732932,0,3.82322670858784,9.87749318529613,0,0,0,0.969564835012302,3.27187136715526,3492.0344211575,2.71428774902789,4.06858285777158,0.972964585377727,5.76278348088004,0,12.8427269574867,3.16705152569843,1.41988870908856,0.958435666288219,0,0,3.59680618040592,2.75990974629602,5.39170470234971,11.0852734281114,0,0,2.26708236289698,1.97896750246235,0,2.00246849781681,0.920626356558067,3.24005310098158,5.7182181287203,2.47762215354032,3.02880628399576,1.85732561486072,8.49508218114884,6.91673609211879,6.63254702804762,0,0,"BH vs. HB","BH"
"LOC111109234",149.36865598934,8.17230639299813,1.56279340287987,1.74983623533181e-08,5.90331115392397e-06,5.666010591619,10.026256380531,7.600361534576,1.74941379128385,15.0298562720748,2.32488442740666,13.0934365577222,0,2.20649251641193,3.99182981076607,12.1050476448007,16.9749846195172,35.6380571555033,7.95452809631787,1724.17857200997,0,16.5289407919372,3.52402973648014,1.82651522388455,5.55568669410156,11.454513052544,0,3.78556541703592,142.034136481756,3.56794912412582,0,1.04500840785831,12.1723181690426,15.2729914360005,11.4762815706384,2.2697708689039,18.569395072759,590.533468818812,6.00659558176141,17.3291671391092,9.0455728615655,2.1056993584784,1.07815449080074,1.68583209478613,6.14630021133029,21.3855654023332,3.89772960604083,0,5.93913848276736,0,12.1141268751862,10220.7124095448,8.22779871733236,2.7263162986799,17.840761346294,0,0,0,0,8.88974386676652,307.854045721852,1.75788173136955,0,15.5130373601968,2.18124757810351,10.0201848526758,1.80952516601859,4.06858285777158,2.91889375613318,0,5.83535034551373,0,8.44547073519582,9.93922096361994,5.75061399772931,6.78157127211675,43.5283817996384,1.79840309020296,7.58975180231405,18.870966458224,1.10852734281114,0,1.77182388719077,2.26708236289698,5.93690250738706,4.06513238154843,4.00493699563363,5.5237581393484,76.6812567232307,0,0,6.05761256799152,14.8586049188858,0,99.139883987036,0,4.33740551927257,167.581736034332,"BH vs. HB","HB"
"LOC111125477",228.256309635936,3.34033759844787,1.86971514843041,6.86568509035586e-05,0.0096929294343573,49.1054251273646,35.0918973318583,118.75564897775,50.7329999472316,63.5878534587779,32.5483819836932,24.8775294596721,0,61.7817904595341,16.9652766957558,6.05252382240037,888.003882908495,44.0234823685629,0,18.0332447973152,43.9832839723123,62.3591857150358,16.7391412482807,42.0098501493447,6.48163447645182,40.8067027496881,45.5606828339497,92.7463527173801,139.814853099229,17.2450874332748,4722.26607821302,14.6301177100163,31.4451552700266,36.0006226705727,197.183383350061,53.3396154192417,18.569395072759,67.9670596187689,21.0230845361649,34.6583342782184,159.805120554324,0,51.7514155584354,25.287481421792,14.3413671597707,41.7018525345497,48.7216200755104,46.4861233394763,17.8174154483021,26.0495612849159,48.4565075007447,53.4994049657557,99.7620594476549,21.8105303894392,24.137500644986,21.5947946393415,88.8693242871789,31.4273589037176,21.0277468972331,33.5834768300069,86.7886405492456,47.462806746978,80.8428114522663,60.1130197707627,34.8999612496561,101.454371633342,16.2857264941673,90.5259685854177,2073.38753143994,96.0463913480007,31.5108918657742,22.4747721756017,97.1229134547519,24.1381080545056,43.1296049829698,78.6662267565543,47.5910307676047,39.5648679844651,26.9091200263862,57.9608255502594,385.767515298277,12.1594615799316,6178.34989463423,45.3416472579395,15.8317400196988,75.8824711222373,2687.31272407017,20.2537798442775,12.9602124039263,18.7884309943667,83.0003421436008,123.171455549161,39.0038379120752,42.4754109057442,53.0283100395774,54.1658007290555,84.5794076258151,148.368543367976,"BH vs. HB","HB"
"LOC111113389",61.648962880002,-2.15036970730388,2.27059510607207,0.000373157674391624,0.036441792885982,114.264546930983,23.0603896752212,174.808315295248,223.924965284332,4.62457116063839,5.81221106851664,3.92803096731665,63.9725918603929,4.41298503282386,8.98161707422365,284.468619652818,7.42655577103879,96.4323899501854,5.30301873087858,8.01477546547344,0,51.8407688474394,170.915442219287,186.304552836224,5.55568669410156,11.454513052544,134.562946974689,38.8020455246182,6.65785014758231,0.594658187354303,1.11663894022535,18.8101513414496,8.11487877936172,217.09466398315,252.478194554046,4.5395417378078,13.9270463045693,21.1700677501083,14.0153896907766,0,6.78417964617412,7.36994775467441,14.0160083804096,11.8008246635029,3.07315010566514,17.1084523218665,68.2102681057145,8.52245594557066,154.417600551951,2.79102442338385,7.06657401052527,0,3.08542451899964,319.660586020218,234.028810601386,123.090329444247,0,13.8650112810519,8.60226009432265,7.90199454823691,9.82512911878252,22.8524625078042,15.9558180497894,1.9391296700246,407.893297105355,120.242218232109,1.80952516601859,17.2914771455292,2.91889375613318,4.80231956740004,235.748153958755,80.2670434842917,6.33410305139686,33.3673846635812,16.2934063268997,4.06894276327005,1.16075684799036,76.4321313336258,184.913953001833,10.7834094046994,1.10852734281114,6.07973078996579,0.885911943595387,208.571577386522,14.8422562684676,105.693441920259,69.0851631746801,7.36501085246453,6.48010620196316,3.2675532164116,1.23881107677016,111.056230413178,0.928662807430361,247.41926852596,24.2085763224158,8.84339603739682,435.909254686893,26.6849898143842,"BH vs. HB","BH"
"LOC111112342",94.3521131052555,2.00597545516968,2.38348899875716,0.000510351798701508,0.046032669009962,24.5527125636823,44.1155280743362,176.708405678892,428.606378864542,366.497264480593,254.574844801029,0.654671827886109,4.12726399099309,0,9.97957452691517,259.249770392816,11.6703019259181,0,15.9090561926357,15.0277039977627,159.841690533525,512.397164550053,6.16705203884025,0.913257611942276,12.9632689529036,1.431814131568,1.05955076358023,7.57113083407185,3.32892507379116,125.472877531758,7.81647258157747,79.4206389972315,1.01435984742021,122.183931488004,35.4721430365188,178.177013208956,9.28469753637951,3.3426422763329,26.0285808542994,1.73291671391092,3.01519095385517,28.4269413394584,0,170.2690415734,15.3657505283257,12.8313392413999,248.480262385103,347.096387601423,2.22717693103776,5.58204884676769,190.797498284182,9.30424434187056,35.9966193883291,451.886926506193,5.24728274891,63.7046441860574,2.30829413732932,0,7.64645341717569,175.819378698271,473.243719221358,265.440141436803,0,14.5434725251845,74.1624176555192,8.7676617460913,186.381092099915,0,10.702610439155,437.971544546883,142.382548430535,201.202722333958,206.914033012297,297.466684554054,52.713961645852,229.895266124758,9.28605478392286,235.590804816588,0.689977436574005,2.69585235117486,7.75969139967799,3.0398653949829,3.54364777438155,0,5.93690250738706,245.262987020088,5.00617124454204,4.60313178279033,374.766142013536,0,52.0300652243468,37.3552775026144,39.0038379120752,2.12377054528721,43.8059952500857,11.054245046746,236.388600800355,169.716535219483,"BH vs. HB","HB"
"LOC111099782",279.00619554871,7.23971466605363,2.88888002131356,2.16018287960133e-05,0.00381735174580979,0,4.01050255221238,325.865500794946,1.74941379128385,70.5247101997355,2.32488442740666,50.4097307472304,17.5408719617206,0,1.99591490538303,0,455.141775110806,67.0834017044768,5.30301873087858,96.1773055856813,0,13.5236788297668,2.64302230236011,3.6530304477691,0,0,4.2382030543209,0,749.00814160301,1.18931637470861,85.9811983973521,12.5401008942997,0,52.3645420662876,186.750400104026,0,0,4464.65586708864,181.198966716469,40.7235427769067,3.01519095385517,0,21.5630898160147,1.68583209478613,0,8.55422616093327,41.9005932649389,6.19814977859684,1.48478462069184,1.86068294892256,15.1426585939827,12192.0491794786,1.02847483966655,0,115.44022047602,0,20.7746472359639,1.84866817080692,0,65.1914550229545,1033.27607899196,3.51576346273911,213.807961867178,0,11.9968616795693,22.5454159185205,1.80952516601859,0,1.94592917075545,58.5882987222804,10.5036306219247,0,51.7285082530744,0,315.325334208824,4.06894276327005,301.216402053498,0,2.06993230972201,342.373248599207,25.4961288846563,0,3.54364777438155,0,3.9579350049247,1.35504412718281,32.039495965069,3.68250542623227,2493.76087005549,0,4.95524430708064,21.2016439879703,16.7159305337465,2.12377054528721,522.213574954969,4.42169801869841,9.75916241836328,1033.24280561295,"BH vs. HB","HB"
"LOC111100849",379.007632976414,4.15044300452577,1.7147673898735,2.82036709967216e-05,0.0046370048195053,42.4950794371425,51.1339075407079,205.209761433552,22.74237928669,119.082707386439,233.650884954369,145.991817618602,27.8590319392034,9.9292163238537,101.791660174535,18.1575714672011,1278.42852915739,30.397166397341,9.28028277903752,144.265958378522,60.0747293280364,106.686799657049,29.9542527600812,18.2651522388455,27.7784334705078,37.9430744865521,48.7393351246904,157.100964806991,3304.51295658335,11.8931637470861,5557.51200550158,20.9001681571662,20.2871969484043,36.0006226705727,439.228594658071,82.8466367149924,64.9928827546566,92.4797696452102,20.021985272538,32.058959207352,120.607638154207,178.984445470664,88.4086682456604,16.8583209478613,32.7802677937615,8.55422616093327,31.1818368483266,196.79125547045,74.981623344938,37.2136589784513,20.1902114586436,54.6624355084895,44.2244181056614,54.5263259735979,7.346195848474,58.3059455262221,83.0985889438556,15.7136794518588,25.8067802829679,40.4977220597141,188.314974776665,143.267361106619,34.0390785062174,60.1130197707627,37.0812088277596,111.474556486018,30.761927822316,295.989402902883,4786.98576005842,94.1254635210407,64.1888538006511,35.3174991330884,206.914033012297,7.09944354544282,11.5012279954586,86.8041122830944,52.2340581595661,16.1856278118266,80.7273600791586,125.357134329631,301.519437244631,13.1727500449259,10924.1801764747,57.8106002538729,91.0325051132682,52.8467209601295,2303.84000673825,15.6506480614871,37.8006195114518,36.7599736846305,13.6269218444718,211.006837785038,13.9299421114554,52.0323783595367,111.820566822587,75.168866317873,171.327518011266,495.27341095497,"BH vs. HB","HB"
"LOC111134661",591.481093447491,2.75269617873037,2.77144296305465,0.000339479565409991,0.0341593055853548,7.55468078882533,678.777556961946,525.374991077566,77.8489137121312,507.546684880064,287.123226784722,1429.80327210326,152.708767666744,1.10324625820597,1.99591490538303,8.0700317632005,1592.46574461846,1882.52796033188,6.62877341359823,650.198659636533,42.9105209485974,422.239305684941,81.9336913731633,0.913257611942276,11.1113733882031,10.022698920976,5.29775381790113,86.1216132375673,4172.25275915158,16.0557710585662,183.128786196958,22.9901849728828,26.3733560329256,1326.56839901262,1104.8529257551,6.80931260671171,7.42775802910361,3290.27421400368,863.948664510015,928.843358656254,0,17.8984445470664,12.9378538896088,37.0883060852949,38.9265680050918,811.582207018544,839.960730101799,28.6664427260104,6.68153079311328,8.37307327015154,970.139660587826,12973.6057041958,63.7654400593258,16.3578977920794,987.538613344862,0,3.46244120599398,8.31900676863113,7.64645341717569,300.275792833002,1375.51807662955,71.1942101204669,933.947216514339,6.78695384508611,140.690468787676,6.26261553292235,124.857236455283,10.171457144429,15.5674333660436,283.336854476602,24.5084714511577,2.14045449291445,536.287391684934,10.6491653181642,2321.33118375007,528.284402097895,873.469528112744,35.9680618040592,11.0396389851841,1138.99761837138,313.713238015553,4.0531538599772,3.54364777438155,60.0776826167699,94.0009563669617,27.1008825436562,36.0444329607027,34.9838015492065,2852.32674656412,14.7039894738522,4.95524430708064,56.5377173012542,10.215290881734,4.24754109057442,2736.72191378167,6.63254702804762,40.1210010532713,2703.7231679934,"BH vs. HB","HB"
"LOC144625894",124.476377654887,3.02173590952086,0.709955731296842,1.41060137039399e-06,0.000352338382680046,84.9901588742849,98.2573125292034,43.702078823812,112.837189537808,42.7772832359051,75.5587438907163,109.984867084866,20.6363199549655,124.666827177274,76.8427238572468,124.076738359208,238.710721211961,128.925912650791,104.734619934852,224.413713033256,133.022614940652,66.8670786582914,72.242609597843,83.1064426867471,52.7790235939649,27.204468499792,82.6449595592576,63.4082207353517,514.873744746365,38.0581239906754,115.013810843211,49.1153951693405,42.603113591649,19.6367032748578,32.3422480627083,65.8233551982132,154.1259791039,140.390975605982,42.0461690723298,126.502920115497,51.2582462155378,135.817608621857,35.5790981964243,120.536994777209,110.633403803945,47.048243885133,39.9517284619185,109.242389847769,73.4968387242461,57.6811714165995,160.512181096217,2550.52598021527,96.6766349286552,550.715892333339,52.4728274891,120.930849980312,206.592325290974,114.617426590029,22.9393602515271,147.174648460912,203.052668454839,156.45147409189,27.6567512863016,71.7477977909103,200.674777185522,155.312865216474,55.190517563567,23.3943514321866,34.0537604882204,97.9673191749607,29.1767517275687,23.5449994220589,104.512700348048,61.0552144908082,101.594180626551,82.7351695198244,87.637142023272,101.609774596467,178.704156072667,40.4377852676228,93.1162967961359,31.4119424148233,38.980125518197,78.2143415199457,63.3269600787953,56.2343312780866,120.148109869009,94.8245147254809,96.1215753291202,90.6746017554218,78.0450978365201,240.28529853033,37.1465122972144,23.3614759981593,122.195670960765,24.3193391028413,58.5549745101797,55.504778813919,"BH vs. HB","HB"
"LOC111137563",226.172324727414,2.8865897100665,0.775677158694732,3.41273012398527e-06,0.00079867108496185,133.151248903046,217.569763457522,56.052666317498,81.3477412946989,108.677422275002,216.214251748819,322.753211147852,11.349975975231,44.1298503282386,285.415831469774,83.7265795432052,223.857609669884,570.208914488053,133.901222954684,556.02504791722,109.421828418923,160.030199485574,80.1716765049233,70.3208361195552,124.077002834935,116.692851722792,148.337106901232,153.315399389955,1071.91387376075,105.254499161712,148.512979049972,107.635866009406,239.388923991171,352.369730987727,232.655526386579,150.939762782109,208.905694568539,590.533468818812,142.15609543502,258.204590372727,94.2247173079739,192.671491300774,205.927507742941,91.0349331184512,90.1457364328442,329.337707195931,435.571283475063,34.8645925046072,96.5110003449697,88.3824400738218,179.692881981928,3881.03292110276,160.442074987981,71.5658028403473,327.430443531984,190.034192826205,257.374796312219,122.93643335866,60.2158206602585,217.304850076515,289.841309004084,127.446425524293,258.484252406588,63.9912791108119,89.4311507022437,122.747264445278,171.904890771766,48.822994293259,98.2694231231504,72.0347935110005,95.6997456664253,235.449994220589,206.914033012297,124.950206399794,343.119968531182,273.297322266305,122.459847462983,56.6496973413933,136.615532441653,320.806429789808,223.922523247851,141.860385099202,188.699243985818,137.158482955267,158.317400196988,91.4654785848396,86.106145406123,89.3007565861325,252.724141876563,59.6328461995117,104.060130448694,87.835382235877,126.298141810529,132.735659080451,378.114906369161,150.337732635746,147.471787655267,477.127617881189,"BH vs. HB","HB"
"LOC111134564",261.711703329963,5.14088502765966,2.66344729571501,5.60321404242844e-05,0.00822342888023522,6.61034569022216,377.989865546017,191.909128748044,25.3664999736158,238.165414772877,16.2741909918466,464.162325971251,41.2726399099309,2.20649251641193,2.99387235807455,3.02626191120019,244.01540390556,803.952642302089,10.6060374617572,1718.16749041087,6.43657814228961,274.981469538591,0,1.82651522388455,2.77784334705078,5.01134946048801,4.2382030543209,1.89278270851796,1768.76885587437,11.2985055597318,45.7821965492395,3.13502522357493,13.1866780164628,489.826653911732,365.154413611223,0,16.7124555654831,1438.45039291526,367.403429751073,310.192091790055,24.8753253693051,2.1056993584784,4.31261796320295,11.8008246635029,3.07315010566514,633.012735909062,198.784209908082,6.97291850092145,3.7119615517296,2.79102442338385,190.797498284182,6557.16619993327,6.17084903799927,2.7263162986799,298.045660138088,5.39869865983538,0,3.69733634161384,14.3371001572044,77.0444468453098,501.081585057908,2.63682259705433,453.145232614019,19.391296700246,2.18124757810351,10.0201848526758,1.80952516601859,1.0171457144429,10.702610439155,87.4022161266807,0,5.35113623228612,313.538101044145,2.12983306363284,381.457395182711,16.9539281802919,169.470499806592,0,2.75990974629602,207.580631040464,138.565917851393,8.10630771995439,16.8323269283124,4.53416472579395,6.92638625861823,4.06513238154843,8.00987399126726,13.809395348371,1737.74847982645,5.7182181287203,3.71643323031048,22.2112460826356,2.78598842229108,1.06188527264361,831.161120402942,4.42169801869841,47.7114607119982,1972.55444707928,"BH vs. HB","HB"
"LOC144626876",65.0148851311943,23.8000208248863,2.667812651881,1.42117026395612e-19,3.69177399467883e-16,0,91.2389330628317,149.157095116054,29.7400344518254,62.4317106686183,4.64976885481331,110.639538912752,0,0,0,0,359.657486626021,178.190285777516,0,581.071221246825,0,51.8407688474394,0,0,1.85189556470052,0,0,0,298.49361494994,0,2.2332778804507,0,1.01435984742021,276.004773807724,153.364853716714,0,0,398.888644975726,20.021985272538,115.238961475076,0.753797738463791,0,0,1.68583209478613,0,128.313392413999,73.0824301132655,0.774768722324605,0,0,28.2662960421011,480.331614149067,4.11389935866618,0,80.808154333214,0,0,0,0,21.7304850076515,355.342169795968,0,94.6711870954171,1.9391296700246,6.54374273431051,5.01009242633788,0,0,0,0,0,0,10.5568384189948,0,195.520875922797,0.678157127211675,17.9917311438505,0,0,12.1313355802868,29.9302382559008,0,1.77182388719077,0,0,0,0,0,333.725469401103,0,0,4.03840837866101,1.85732561486072,0,373.503748974415,0,2.16870275963628,893.413458985581,"BH vs. HB","HB"
"LOC144626878",145.617596775539,10.6238195327549,2.17603318115177,7.32845615573888e-08,2.23966241832504e-05,0,588.541249537167,209.959987392662,27.9906206605415,194.231988746812,0,106.05683611755,0,0,5.9877447161491,3.02626191120019,140.043623111017,106.91417146651,0,649.196812703349,4.29105209485974,325.319607404946,1.76201486824007,6.39280328359593,0,0,0,0,420.554200988949,0,93.7976709789296,8.36006726286648,2.02871969484043,236.731367258008,428.795611412036,2.2697708689039,0,939.282479649544,205.225349043515,45.055834561684,1.50759547692758,4.21139871695681,6.46892694480442,3.37166418957227,15.3657505283257,672.576031903379,61.3892412951431,4.64861233394763,0,0,40.3804229172873,5163.85560973816,4.11389935866618,0.681579074669974,287.551094640268,0,6.92488241198797,0,0,159.027640283268,286.56626596449,5.27364519410866,105.30839912861,0,0,7.51513863950682,3.61905033203718,0,1.94592917075545,58.5882987222804,3.50121020730824,0,221.69360679889,2.83977741817713,117.887586953451,4.74709989048173,51.6536797355709,2.69760463530444,0.689977436574005,62.0046040770217,27.7131835702785,0,2.65773583078616,0,1.97896750246235,5.42017650873124,0,5.5237581393484,813.253328346377,0.816888304102899,3.71643323031048,12.115225135983,1.85732561486072,2.12377054528721,263.988760849201,1.1054245046746,5.42175689909071,274.321695291869,"BH vs. HB","HB"
"LOC144627021",23.7522104090616,1.4562841409341,1.67760964082053,0.000406828620723447,0.0386273054949945,7.55468078882533,4.01050255221238,7.600361534576,0,8.09299953111719,6.97465328221997,73.3232447232442,9.28634397973446,20.9616789059134,38.9203406549691,1.00875397040006,29.7062230841552,9.43360336469205,29.1666030198322,59.1089690578666,59.0019663043214,7.513154905426,0,24.6579555224414,2.77784334705078,10.022698920976,15.8932614537034,23.6597838564745,48.8242344156036,23.1916693068178,43.5489186687888,36.5752942750408,28.402075727766,13.0911355165719,14.6061765444489,4.5395417378078,19.497864826397,14.4847831974426,50.054963181345,13.8633337112874,21.1063366769862,24.2155426225016,33.4227892148228,15.1724888530752,5.12191684277524,1.06927827011666,4.87216200755104,12.3962995571937,23.0141616207235,3.72136589784513,16.1521691669149,645.48195121727,53.4806916626603,4.77105352268982,12.593478597384,0,4.61658827465864,0,43.0113004716132,15.8039890964738,6.55008607918834,11.4262312539021,0,10.6652131851353,29.4468423043973,23.7979390251049,14.4762013281487,4.06858285777158,52.5400876103972,9.60463913480007,7.00242041461648,2.14045449291445,6.33410305139686,4.96961048180997,17.2518419931879,13.5631425442335,22.0543801118168,4.4960077255074,12.4195938583321,22.9147449849863,23.279074199034,11.1461731149373,5.31547166157232,26.0714471733152,13.8527725172365,9.48530889027966,1.00123424890841,1.84125271311613,0,1.6337766082058,6.19405538385081,8.07681675732202,30.6458726452019,8.49508218114884,29.9725230658481,0,17.3496220770903,39.4937849252885,"BH vs. HB","HB"
"LOC111132233",13.2574066901927,16.1480334641372,2.37795301399303,3.57850527549316e-12,2.21330551289252e-09,1.88867019720633,4.01050255221238,410.419522867104,0,0,4.64976885481331,0,0,0,0,0,0,7.33724706142715,0,0,4.29105209485974,4.5078929432556,0,10.045833731365,0,0,0,170.350443766617,2.21928338252744,1.18931637470861,0,0,2.02871969484043,4.3637118388573,2.08659664920699,9.07908347561561,3.71387901455181,0,0,0,15.0759547692758,0,9.70339041720663,0,2.0487667371101,0,0,24.0178303920628,8.16631541380513,0,0,0,0,2.7263162986799,0,0,0,1.84866817080692,5.73484006288177,0,0,0,0,10.6652131851353,6.54374273431051,2.50504621316894,7.23810066407436,0,3.89185834151091,0,57.1864333860346,0,0,2.12983306363284,0,0,0,4.4960077255074,44.8485333773103,0,165.17057407886,0,147.061382636834,4.53416472579395,1.97896750246235,0,19.0234507292597,1.84125271311613,6.48010620196316,1.6337766082058,3.71643323031048,0,3.71465122972145,0,11.5278934868647,8.84339603739682,0,6.4043975554522,"BH vs. HB","HB"
"LOC111132165",48.8617996478792,20.3209526040148,2.34786800120985,2.00518729823551e-18,3.47258336308426e-15,0,44.1155280743362,65.553118235718,24.4917930779739,143.36170597979,13.9493065644399,113.912898052183,0,0,0,8.0700317632005,65.7780654006293,288.248991698924,0,10.0184693318418,0,52.592084337982,0,0,0,0,0,0,198.625862736206,0,0,0,2.02871969484043,334.914883632297,115.806114030988,0,6.49928827546566,262.954525738188,36.0395734905684,214.881672524954,2.26139321539137,0,8.62523592640589,7.5862444265376,0,117.620609712833,36.0539988558777,6.19814977859684,0,0,93.8844832826929,24.4236413974102,0,2.04473722400992,185.753809311414,0,0,0,0,33.5834768300069,530.556972414256,1.75788173136955,21.2744240663859,0,2.18124757810351,0,5.42857549805577,0,1.94592917075545,57.6278348088004,5.83535034551373,0,109.791119557546,0,200.313054254238,17.6320853075036,99.8250889271708,0,2.75990974629602,98.3986108178822,14.4108554565448,0,0,2.26708236289698,0,1.35504412718281,9.01110824017567,0,247.324053374927,0,0,0,1.85732561486072,12.7426232717233,350.447962000685,0,2.16870275963628,227.356113218553,"BH vs. HB","HB"
"LOC111138208",99.0742820172942,3.15737901762208,1.10722524710262,1.33074400562847e-05,0.00259915316046698,119.930557522602,22.0577640371681,139.656643197834,66.4777240687862,131.800278078194,94.1578193099696,704.426886805453,24.7635839459586,25.3746639387372,54.8876598980334,34.2976349936021,58.3515096295905,171.901216867722,3.97726404815894,54.0997343919457,70.8023595651857,148.760467127435,62.5515278225226,15.5253794030187,25.000590123457,16.465862513032,9.53595687222203,25.5525665649925,43.276025959285,51.1406041124701,48.0154744296902,100.320807154398,37.5313143545479,168.002905796006,53.2082145547782,52.2047299847898,29.7110321164144,37.8832791317728,4.0043970545076,32.9254175643075,18.8449434615948,37.9025884526113,80.8615868100553,51.4178788909771,50.1947850591974,49.1868004253663,38.0028636588981,42.6122797278533,74.2392310345921,330.271223433755,26.2472748962367,911.815945503315,8.22779871733236,272.63162986799,17.840761346294,274.253891919637,109.643971523143,68.400722319856,84.1109875889326,32.5957275114772,283.291222924896,214.461571227086,54.2497813692839,81.4434461410333,150.506082889142,139.030064830876,4.52381291504648,333.62379433727,14.5944687806659,233.392730975642,78.193694629884,34.2472718866311,39.0603021502806,35.4972177272141,33.5452483200876,124.780911406948,58.0378423995179,0.89920154510148,18.6293907874981,121.313355802869,215.054304505362,416.461559112657,399.54628656152,38.5404001692486,48.4847038103276,86.7228241396998,44.0543069519699,16.5712744180452,43.2007080130877,25.3235374271899,23.5374104586331,16.153633514644,140.228083921985,40.351640360457,85.3064118027984,37.5844331589365,8.67481103854514,156.907740108579,"BH vs. HB","HB"
"LOC144626783",77.9105815231961,-23.4231978697029,4.34730008197851,1.72302788285203e-08,5.88935464642726e-06,1.88867019720633,0,0,0,0,333.620915332855,0,543.76703081334,0,0,0,36.0718423164741,322.838870702794,0,0,0,0,703.924939861909,0,0,0,0,0,342.879282600489,0,359.557738752564,489.063934877689,0,0,0,0,0,0,0,0,0,0,0,0,0,0,0,0,0,468.892103128486,0,0,0,2.7263162986799,0,0,0,0,0,427.695454923323,0,217.977334689825,0,0,0,11.2727079592602,0.904762583009296,6.10287428665738,0,0,0,683.875210486165,0,0,579.853578104372,0,0,10.7904185412178,2.06993230972201,0,0,0,429.667292643763,0,0,0,0,0,0,2.4506649123087,0,0,0,454.486896691463,315.864281540092,497.441027103571,0,0,"BH vs. HB","BH"
"LOC111138283",12.8733261935167,18.4016661256006,2.3561267947533,2.37738522311638e-15,2.28730873855164e-12,1.88867019720633,0,0,1.74941379128385,6.93685674095759,2.32488442740666,0,0,0,3.99182981076607,0,25.4624769292759,0,0,0,0,13.5236788297668,0,0.913257611942276,0,0,0,3.78556541703592,45.4953093418125,0,266.876706713859,0,0,0,15.6494748690524,0,0,6.68528455266579,2.0021985272538,0,6.03038190771033,4.21139871695681,2.15630898160147,0,0,14.9698957816332,0,3.09907488929842,0,0,0,0,0,0,0,0,1.15414706866466,0,0,0,3.27504303959417,1.75788173136955,0,0,0,0,0,4.06858285777158,140.106900294393,7.68371130784006,0,0,0,0,0,1.35631425442335,2.32151369598072,0,0,5.39170470234971,18.8449648277894,0,433.210940418144,1.13354118144849,0,0,98.1209563930239,0,4.32007080130877,9.80265964923479,2.47762215354032,8.07681675732202,0,0,8.06952544080526,3.31627351402381,2.16870275963628,12.8087951109044,"BH vs. HB","HB"
"LOC144626342",75.9932926423657,-21.8471071721669,4.44404498622112,1.56111044911062e-07,4.456369905115e-05,0,0,136.806507622368,0,0,0,3.92803096731665,62.9407758626447,0,625.719322837581,0,434.983980875129,0,0,0,0,0,0,0,0,0,381.438274888881,178.867965954947,1.10964169126372,0,0,2.09001681571662,0,0,0,288.260900350796,1257.14804642579,782.178292661898,0,0,0,0,0,206.514431611301,0,0,0,0,0,284.684491185152,0,0,0,0,0,0,0,0,211.233275649478,0,0,0,0,0,0,0,0,388.549662917186,0,0,0,0,0,366.331286944849,0,262.446808230918,0,0,2.75990974629602,0,443.410937124457,255.348693178563,0,0,0,0,61.0752891834128,1.84125271311613,0,421.514364917096,6.19405538385081,0,0,0,0,0,0,0,"BH vs. HB","BH"
"LOC111134132",30.9277398506307,-3.93221084184534,3.92996540820492,0.000308371564566878,0.0320422725310152,27.3857178594918,4.01050255221238,9.50045191822,0,0,2.32488442740666,132.243709232994,260.017631432565,0,69.8570216884061,0,251.441959676599,16.7708504261192,0,5.0092346659209,8.58210418971948,0,12.3341040776805,0,4.6297389117513,1.431814131568,109.133728648763,18.9278270851796,2.21928338252744,1.18931637470861,4.46655576090141,5.22504203929155,0,19.6367032748578,2.08659664920699,28.3721358612988,0,50.1396341449935,22.0241837997918,0,0,0,0,220.00108836959,0,19.2470088620999,1.94886480302041,55.008579285047,4.45435386207552,69.7756105845962,0,0,0,0,1.049456549782,0,0,0,213.144889003772,0,0,0,0,0.969564835012302,54.5311894525876,65.1312015423925,0,386.5153714883,0.972964585377727,0,2.33414013820549,0,6.33410305139686,114.301041081629,237.692045239478,124.102754279737,0,80.0289375140318,0,0,4.43410937124457,22.2923462298746,0,0,0,0,2.00246849781681,0,0,50.6470748543798,18.5821661515524,0,0.928662807430361,0,6.91673609211879,33.1627351402381,8.67481103854514,2.13479918515073,"BH vs. HB","BH"
"LOC111138188",40.201300585802,21.5940877787874,2.55300537734849,1.00777477134556e-17,1.63618532720273e-14,0.944335098603166,8.02100510442476,48.452304782922,24.4917930779739,26.5912841736708,1.16244221370333,894.281716892425,0,0,0,0,274.782563528435,151.985831986705,0,0,0,228.39990912495,0,0,0,0,0,0,204.174071192524,0,0,1.04500840785831,0,74.183101260574,3.12989497381048,0,0,120.335121947984,37.0406727541953,22.527917280842,0,0,0,0,0,100.512157390966,9.74432401510207,3.09907488929842,0.742392310345921,0,5.04755286466091,23.2606108546764,0,12.2684233440595,38.829892341934,0,1.15414706866466,0,5.73484006288177,2.96324795558884,145.739415261941,0,173.386556141045,0,3.27187136715526,0,3.61905033203718,0,0,71.0743295975205,0,0,34.8375667826827,0,20.1271489920526,0,67.3238971834407,0,0,283.06449687336,58.7519491689905,5.06644232497149,2.65773583078616,0,0,1.35504412718281,0,2.7618790696742,356.405841107974,0,0,0,10.215290881734,0,59.9450461316962,0,0,114.211756405564,"BH vs. HB","HB"
"LOC111133940",84.5264685958166,23.2597765776234,2.95293040718173,1.06742902330877e-15,1.10914414953967e-12,0,19.0498871230088,6.650316342754,75.2247930252054,3.46842837047879,3.48732664110998,1065.80573579859,0,0,0,0,651.415034773974,576.497983397847,0,0,0,690.458935808649,0,1.82651522388455,0,0,0,0,725.705666086472,0,4.46655576090141,1.04500840785831,0,280.368485646581,0,0,0.928469753637951,152.647330619202,43.0472683359567,45.055834561684,0,0,0,0,0,399.910073023631,23.386377636245,0,3.7119615517296,0,12.1141268751862,34.8909162820146,0,5.45263259735979,32.533153043242,0,0,1.84866817080692,0,5.92649591117768,887.536663730021,0.878940865684777,285.077282489571,0,0,0,0,0,0.972964585377727,135.425411800681,0,0,26.3920960474869,0,11.5012279954586,0,199.650177854342,0,0,421.900892958865,126.37211708047,0,0,4.53416472579395,0,0,0,2.7618790696742,610.210000684864,0,0,2.01920418933051,0,0,103.751041381782,0,0,175.05353318236,"BH vs. HB","HB"
"LOC111099051",7.15363866814657,1.58912694739683,1.74015586330697,0.00036308055714073,0.0358621430906644,2.8330052958095,0,6.650316342754,11.371189643345,1.1561427901596,5.81221106851664,7.85606193463331,0,8.82597006564773,42.9121704657352,12.1050476448007,1.06093653871983,3.14453445489735,1.32575468271965,7.01292853228926,0,8.2644703959686,4.40503717060018,18.2651522388455,2.77784334705078,1.431814131568,2.11910152716045,0,11.0964169126372,1.18931637470861,6.69983364135212,6.27005044714986,24.3446363380851,7.63649571800027,16.6927731936559,9.07908347561561,1.8569395072759,17.8274254737755,5.0054963181345,0,3.76898869231896,11.5813464716312,3.23446347240221,5.0574962843584,8.19506694844038,2.13855654023332,2.92329720453062,6.97291850092145,2.22717693103776,13.9551221169192,0,5.8151527136691,7.19932387766582,9.54210704537964,6.296739298692,3.23921919590123,61.169794639227,0,0,0.987749318529613,26.2003443167534,7.03152692547822,1.06372120331929,1.9391296700246,4.36249515620701,0,3.61905033203718,8.13716571554317,8.75668126839954,13.4464947887201,3.50121020730824,5.35113623228612,3.16705152569843,2.83977741817713,12.4596636617468,1.35631425442335,4.06264896796625,5.39520927060888,4.82984205601803,10.7834094046994,8.86821874248914,6.07973078996579,13.2886791539308,3.40062354434547,19.7896750246235,4.74265444513983,6.00740549345044,0,2.16003540065439,0,0,5.04801047332626,7.42930245944289,8.49508218114884,4.61115739474586,4.42169801869841,22.771378976181,8.53919674060293,"BH vs. HB","HB"
"LOC144626919",58.8225793844016,22.2812962944827,2.74947166192768,1.85619911368234e-16,2.36225010252992e-13,0,22.0577640371681,49.402349974744,5.24824137385154,9.24914232127678,34.8732664110998,391.493753075893,0,0,0,0,397.851202019935,121.588665589364,0,363.670436745857,0,148.009151636892,0,0,0,0,0,0,509.325536290047,0,0,0,0,58.9101098245735,95.9834458635215,2.2697708689039,0,616.160392937364,108.118720471705,20.7950005669311,0,0,0,3.37166418957227,0,127.244114143882,41.9005932649389,0,10.3934923448429,0,44.418465209016,280.290360798851,0,0,90.253263281252,0,0,0,0,33.5834768300069,19.650258237565,0,2.12744240663859,0,30.5374660934491,0,30.761927822316,0,0,66.2720100301205,0,0,84.4547073519582,0,62.2983183087342,10.8505140353868,1.16075684799036,0,0,117.269577276106,11.0852734281114,0,0,2.26708236289698,0,0,0,0,329.405398599794,0,0,4.03840837866101,1.85732561486072,0,185.599085138521,0,2.16870275963628,922.233247985116,"BH vs. HB","HB"
"LOC144626380",69.8064848939341,3.15815859230739,3.4752215734595,0.000408376769364558,0.0386273054949945,7.55468078882533,79.2074254061945,295.464054656642,3.49882758256769,47.4018543965435,6.97465328221997,212.768344062985,10.3181599774827,0,0,0,75.3264942491077,115.299596679569,0,24.0443263964203,0,65.3644476772062,0,45.6628805971138,0,0,0,102.21026625997,341.769640909225,0,11.1663894022535,0,0,61.0919657440021,104.329832460349,0,0,340.949512185956,36.0395734905684,85.7793773385906,4.52278643078275,2.1056993584784,2.15630898160147,0,4.09753347422019,186.054419000299,33.130701651347,49.5851982287747,2.96956924138368,1.86068294892256,53.5040603654056,1396.79968182332,0,1.36315814933995,100.747828779072,0,0,0,0,40.4977220597141,278.378658365505,0,91.4800234854592,0,10.9062378905175,2.50504621316894,3.61905033203718,0,1.94592917075545,49.9441235009604,0,2.14045449291445,92.900178087154,0,29.7115056549348,5.4252570176934,53.3948150075564,0,1.37995487314801,8.08755705352457,115.286843652359,0,297.66641304805,0,0,4.06513238154843,443.546772266424,1.84125271311613,255.964194977545,1.6337766082058,0,14.1344293253135,1.85732561486072,0,265.141550197887,11.054245046746,2.16870275963628,494.206011362394,"BH vs. HB","HB"
"LOC144626420",6.3782646585138,1.74211435041072,2.03923761703479,0.000469548996140118,0.0431006158047062,6.61034569022216,6.01575382831857,1.900090383644,4.37353447820962,4.62457116063839,0,1.30934365577222,0,1.10324625820597,3.99182981076607,1.00875397040006,4.24374615487931,5.24089075816225,0,2.00369386636836,3.21828907114481,1.5026309810852,0,11.8723489552496,0,3.57953532892001,2.11910152716045,0,5.54820845631859,2.97329093677152,10.0497504620282,13.585109302158,12.1723181690426,1.09092795971432,4.17319329841398,6.80931260671171,3.71387901455181,11.1421409211097,4.0043970545076,2.59937507086638,3.01519095385517,17.8984445470664,1.07815449080074,3.37166418957227,10.2438336855505,0,6.82102681057145,10.0719933902199,5.19674617242144,0.930341474461282,9.08559515638963,0,5.14237419833273,6.81579074669974,2.098913099564,4.3189589278683,111.952265660472,0,13.3812934800575,0.987749318529613,3.27504303959417,4.39470432842389,0,6.78695384508611,6.54374273431051,0,13.5714387451394,29.497225718844,2.91889375613318,0,1.16707006910275,8.56181797165778,5.27841920949739,1.41988870908856,0.958435666288219,8.81604265375178,2.90189211997589,15.2864262667252,5.51981949259204,1.34792617558743,33.2558202843343,1.0132884649943,14.1745910975262,0,7.91587000984941,4.06513238154843,19.0234507292597,2.7618790696742,4.32007080130877,8.16888304102899,0,3.02880628399576,2.78598842229108,11.6807379990797,2.30557869737293,1.1054245046746,4.33740551927257,0,"BH vs. HB","HB"
"LOC111136788",6.75921355538667,-15.725668880803,2.67195500274258,1.01655009313009e-09,4.19157488400642e-07,0.944335098603166,8.02100510442476,38.951852864702,0,0,2.32488442740666,0,0,0,0,0,8.48749230975862,5.24089075816225,0,0,1.07276302371494,0,0,0,0,0,2.11910152716045,12.3030876053668,3.32892507379116,6.54124006089734,0,0,0,0,0,5.67442717225976,1.8569395072759,0,1.0010992636269,0,0.753797738463791,0,0,0,0,0,7.79545921208166,15.4953744464921,0,0,7.06657401052527,0,0,1.36315814933995,0,0,0,9.24334085403459,0,0,0,0.878940865684777,0,0,0,0,0,5.08572857221448,0,0,44.3486626259044,9.63204521811501,0,12.0690540272528,0,0,1.74113527198554,0,2.06993230972201,0,38.79845699839,1.0132884649943,14.1745910975262,1.13354118144849,0.989483751231176,0,247.304859480377,0,0,2.4506649123087,0,51.4897068279279,0.928662807430361,0,2.30557869737293,8.84339603739682,0,43.76338329559,"BH vs. HB","BH"
"LOC144626483",131.076936949545,25.0831292490211,2.66566840069527,1.35363697411139e-21,4.39542845956144e-18,0,0,605.178787190614,463.594654690219,328.344552405326,333.620915332855,1100.50334267655,0,5.51623129102983,0.997957452691516,522.534556667232,47.7421442423922,1.04817815163245,0,0,0,1334.33631120366,0,0,0,0,0,5.67834812555389,0,0.594658187354303,1.11663894022535,0,0,0,15.6494748690524,529.991497889061,61.2790037401048,577.16289971348,1.0010992636269,0,53.5196394309292,0,20.484935325214,0,344.192811834496,327.199150655698,0,5.42338105627224,0,0,1.00951057293218,0,0,0,0,0,0,397.463656723487,0,0.987749318529613,615.708091443704,382.339276572878,376.55730597503,7.75651868009841,0,0,0,6.10287428665738,23.3511500490654,1805.67215734241,0,3.21068173937167,0,0,0,0,452.114792292244,0,0,2.69585235117486,0,0,990.449552939643,0,4.94741875615588,0.677522063591404,1.00123424890841,0,405.006637622698,0,0,1.00960209466525,9.28662807430361,0,0,0,5.42175689909071,10.6739959257537,"BH vs. HB","HB"
"LOC111108581",19.6417327448728,17.3842436150301,2.92036444048682,8.38687117417538e-10,3.57156971297629e-07,0,17.0446358469026,0,0.874706895641923,0,0,235.681858038999,0,3.3097387746179,0,0,25.4624769292759,0,0,4.00738773273672,0,30.052619621704,0,1.82651522388455,0,0,0,0,520.421953202684,0,8.93311152180282,0,0,42.5461904288586,0,6.80931260671171,0,67.9670596187689,21.0230845361649,117.838336545943,0,0,0,0,13.3169837912156,20.3162871322165,21.4375128332246,0,0.742392310345921,0,0,25.586671940144,0,0,18.890217896076,0,0,0,0,3.95099727411845,9.82512911878252,0,346.77311228209,0,0,5.01009242633788,0,2.03429142888579,0,33.6162369718003,2.33414013820549,0,16.8909414703916,0,8.62592099659397,0,33.6619485917204,0,0,2.69585235117486,0,2.0265769299886,3.54364777438155,0,0,0,0,0,138.242265641881,6.53510643282319,0,0,0,1.06188527264361,5.76394674343233,0,0,0,"BH vs. HB","HB"
"LOC111108570",51.8237541663942,-1.59893272882748,1.24615282068408,0.000111016515184609,0.0142062857879339,42.4950794371425,23.0603896752212,97.854654757666,70.8512585469958,55.4948539276607,13.9493065644399,49.7550589193443,81.5134638221136,45.2330965864446,49.8978726345758,73.6390398392046,22.2796673131164,59.7461546430496,70.2649981841412,21.0387855968678,77.2389377074753,38.3170900176726,80.1716765049233,49.3159110448829,41.6676502057617,32.9317250260641,73.1090026870356,3.78556541703592,39.9471008854939,20.8130365574006,1.11663894022535,27.170218604316,27.3877158803458,69.8193894217167,19.8226681674664,82.8466367149924,79.8483988128638,40.1117073159948,10.010992636269,58.9191682729713,22.6139321539137,30.5326406979368,57.142188012439,48.8891307487979,5.12191684277524,27.8012350230331,1.94886480302041,44.9365858948271,25.2413385517613,21.3978539126095,9.08559515638963,24.4236413974102,15.4271225949982,47.7105352268982,46.176088190408,43.189589278683,2.30829413732932,97.0550789673632,37.2764604087315,49.3874659264807,18.0127367177679,210.066866898662,30.8479148962595,6.78695384508611,92.703022069399,73.8988632884838,47.9524168994927,39.6686828632729,8.75668126839954,2.88139174044002,67.6900640079593,63.1434075409762,61.2296628301697,2.83977741817713,37.3789909852405,76.6317553749193,31.9208133197348,98.0129684160614,62.0979692916604,95.7027584667074,64.2945858830462,41.5448270647663,46.9533330105555,104.285788693261,254.297324066412,27.7784046072476,8.00987399126726,67.2057240287389,1.08001770032719,81.6888304102899,100.343697218383,36.3456754079491,95.6522691653272,117.86926526344,64.5562035264421,171.340798224563,54.2175689909071,44.8307828881654,"BH vs. HB","BH"
"LOC111110524",63.4142628728065,1.99811189895788,2.46411208809404,0.00056365790394321,0.0493001392953965,3.77734039441266,127.333456032743,102.604880716776,40.2365171995285,15.0298562720748,54.6347840440564,215.38703137453,0,105.911640787773,0,17.1488174968011,151.713925036935,464.342921173175,0,93.1717647861288,76.1661746837604,106.686799657049,5.28604460472022,27.3977283582683,0,0,10.5955076358023,3.78556541703592,490.461627538564,5.94658187354303,69.2316142939719,19.8551597493079,6.08615908452129,182.184969272292,84.5071642928831,68.0931260671171,0,255.155027093411,152.167088071289,155.096045895027,2.26139321539137,0,4.31261796320295,102.835757781954,16.3901338968808,55.6024700460663,111.085293772164,6.19814977859684,43.0587540000634,0,47.4469969278125,272.149146999714,6.17084903799927,6.13421167202977,128.033699073404,0,11.5414706866466,1.84866817080692,0,17.779487733533,288.203787484287,5.27364519410866,64.8869934024769,3.87825934004921,28.3562185153456,0,28.9524026562975,8.13716571554317,5.83778751226636,45.1418039335603,2.33414013820549,2.14045449291445,80.2319719843602,0.709944354544282,104.469487625416,156.654296385897,41.2068681036577,0,0.689977436574005,103.790315520232,44.3410937124457,12.1594615799316,15.946414984717,18.1366589031758,0,60.299463659635,14.0172794847177,11.9681426352549,255.964194977545,13.0702128656464,4.95524430708064,42.4032879759406,7.42930245944289,0,267.44712889526,0,2.16870275963628,213.479918515073,"BH vs. HB","HB"
"LOC111105818",6.38034314622625,-16.1403064687967,2.0950909645608,4.70690446211376e-15,4.36683061472604e-12,1.88867019720633,0,0,6.99765516513539,0,4.64976885481331,39.9349815010527,16.5090559639724,1.10324625820597,0,1.00875397040006,23.3406038518362,3.14453445489735,0,0,10.7276302371494,24.0420956973632,1.76201486824007,7.30606089553821,0.925947782350261,2.863628263136,0,0,57.7013679457134,0.594658187354303,0,19.8551597493079,2.02871969484043,4.3637118388573,0,0,0,219.50017614586,0,6.06520849868823,0,0,1.07815449080074,0.842916047393067,0,10.6927827011666,0,0,0,0,0,0,0,0,19.939674445858,0,0,0.924334085403459,0,6.91424522970729,0,0,0,0,8.72499031241402,0,3.61905033203718,3.05143714332869,0,0,0,2.14045449291445,8.44547073519582,5.67955483635425,9.58435666288218,10.8505140353868,2.32151369598072,0,0.689977436574005,8.08755705352457,0,0,3.54364777438155,1.13354118144849,1.97896750246235,0,0,4.60313178279033,3.24005310098158,3.2675532164116,12.3881107677016,0,0,0,0,3.31627351402381,0,0,"BH vs. HB","BH"
"LOC144617825",29.268916937313,21.3703846332437,2.22919453358291,3.50803151961109e-22,1.42538199538425e-18,0,38.0997742460176,83.603976880336,17.4941379128385,5.78071395079799,9.29953770962662,96.8914305271441,0,0,0,10.0875397040006,112.459273104302,251.562756391788,0,6.01108159910508,0,24.7934111879058,0,0,3.70379112940104,0,0,5.67834812555389,305.151465097523,0,0,0,0,272.731989928581,66.7710927746237,0,0,177.160040645644,67.0736506630024,70.1831269133923,0,0,2.15630898160147,1.68583209478613,0,71.6416440978162,83.8011865298778,0,0,0,18.1711903127793,65.1297103930939,0,0,110.19293772711,0,12.6956177553113,0,0,4.93874659264807,18.0127367177679,0.878940865684777,48.9311753526875,1.9391296700246,4.36249515620701,8.7676617460913,0,0,0,38.4185565392003,0,1.07022724645722,103.457016506149,0,56.5477043110049,1.35631425442335,22.0543801118168,5.39520927060888,1.37995487314801,17.5230402826366,15.519382799356,0,6.20138360516771,2.26708236289698,3.9579350049247,0,4.00493699563363,0,143.642354143517,51.4639631584827,0,8.07681675732202,13.0012793040251,0,63.4034141777556,0,2.16870275963628,83.2571682208786,"BH vs. HB","HB"
"LOC144627810",277.216243236335,-4.90184721619195,4.14861201988899,0.00019655384785113,0.0218847718009056,7.55468078882533,14.0367589327433,187.158902788934,0,2187.42215898196,805.572454096406,1.30934365577222,0,0,50.8958300872673,753.539215888847,0,0,0,898.65669906621,0,731.781287788492,46.6933940083619,17.3518946269032,0,67.2952641836961,2257.90267718946,10.4103048968488,37.7278175029664,0,12.2830283424789,740.910961171541,40.5743938968086,5.45463979857162,0,2533.06428969675,597.006051589203,922.56926826788,0,2149.6831836065,1.50759547692758,1012.84139142811,0,11.8008246635029,5.12191684277524,842.591276851927,0,1.54953744464921,2.96956924138368,170.252489826415,0,1.16303054273382,5.14237419833273,0,629.6739298692,62.6249044540904,0,742.240270578978,152.929068343514,908.729373047244,0,602.074492994072,0,0,42.5343277730183,0,1320.04860861056,14.2400400022005,0,0.960463913480007,0,59.9327258016045,718.920696333544,0,0,549.307273041457,2277.40493575708,5.39520927060888,0,17.5230402826366,0,7.09301925496009,26.5773583078616,23.8043648104183,59.3690250738706,0,0,0,4.32007080130877,76.7875005856725,7.43286646062097,0,26.0025586080501,69.0225427218343,1.15278934868647,49.7441027103571,17.3496220770903,176.120932774935,"BH vs. HB","BH"
"LOC111108308",12.8483190952728,-18.7797370044913,3.7713470193552,1.29517813273557e-07,3.78031936562605e-05,0,0,533.925397803964,0,0,0,0,0,0,0,0,0,14.6744941228543,31.8181123852715,12.0221631982102,13.9459193082942,10.5184168675964,0,31.0507588060374,0,0,0,144.797877201624,0,0,0,0,0,0,0,0,0.928469753637951,0,4.0043970545076,0,20.3525389385224,0,0,0,0,0,0,18.5944493357905,0,1.86068294892256,0,0,0,0.681579074669974,0,0,0,0,0,0,0,0,0,0,3.27187136715526,0,3.61905033203718,2.03429142888579,0,0,50.1840129714181,0,0,3.54972177272141,0,0,0,0,29.6690297726822,0,123.046535052037,0,127.571319877736,0,0,0,7.00863974235885,0,0,0,0,0,0,0,5.76394674343233,0,0,0,"BH vs. HB","BH"
"LOC144627284",173.48581910877,3.33057653187369,2.54424453385995,0.000166857236352251,0.0194369974382172,63.2704516064121,211.554009629203,8.550406726398,691.018447557119,75.1492813603739,381.281046094691,16.3667956971527,20.6363199549655,643.192568534078,15.9673192430643,37.3238969048023,0,20.963563032649,0,42.0775711937356,0,97.671013770538,11.4530966435605,3.6530304477691,32.4081723822591,10.022698920976,11.6550583993825,841.341913936234,0,632.716311344979,227.794343805972,75.2406053657983,233.302764906649,69.8193894217167,646.844961254167,418.77272531277,25.9971531018626,60.1675609739922,467.513356113763,11.263958640421,18.091145723131,66.3295297920697,0,332.951838720261,470.191966166767,23.5241219425665,0,25.567367836712,424.648401517867,2.79102442338385,642.048724384867,369.843712589355,8.22779871733236,6.13421167202977,44.077175090844,50.7477674024525,26.5453825792872,20.3353498788761,0,21.7304850076515,374.992428033533,21.0945807764347,93.6074658920978,1087.8517448838,655.464897220103,12.5252310658447,40.7143162354183,2.03429142888579,732.642332789428,997.922006105728,21.0072612438494,12.8427269574867,8.44547073519582,0,2.87530699886466,26.4481279612553,31.9208133197348,312.022936150214,0,4.04377852676228,0,85.1162310595211,313.612828032767,3.40062354434547,29.6845125369353,428.871466253359,267.329544458545,0,536.768797062615,95.5759315800392,4.95524430708064,94.9025968985338,14.8586049188858,3.18565581793082,108.362198776528,13.2650940560952,653.86388203034,383.196453734556,"BH vs. HB","HB"
"LOC144617862",9.91457363897445,18.7697803522365,2.502132592699,2.57218471203994e-14,2.22725474215539e-11,0,1.0026256380531,11.400542301864,0,0,2.32488442740666,2.61868731154444,0,4.41298503282386,4.98978726345758,2.01750794080012,0,0,0,1.00184693318418,0,1.5026309810852,0,4.56628805971138,0.925947782350261,0,0,0.946391354258981,0,0,0,3.13502522357493,0,0,0,2.2697708689039,513.443773761787,0,18.0197867452842,0,0,1.0528496792392,0,7.5862444265376,9.21945031699543,0,0,0,3.7119615517296,1.86068294892256,0,2.32606108546764,0,0,4.197826199128,23.7542741032757,0,0,109.917767871901,6.91424522970729,3.27504303959417,1.75788173136955,0,0,0,17.5353234921826,9.04762583009296,0,0,12.4860308752401,5.83535034551373,0,0,2.12983306363284,0,0,4.06264896796625,0,0,0,0,0,0,0,0,17.6155736533765,32.039495965069,0,14.0402301042535,0,0,52.4993089225932,0,0,4.61115739474586,0,0,0,"BH vs. HB","HB"
"LOC144627536",48.1247265393897,-25.3136067763556,2.89154757729107,5.39965462501471e-19,1.07897560149236e-15,0,0,0,0,1.1561427901596,0,497.550589193443,1314.5335811313,0,0,4.03501588160025,3.18280961615948,8.3854252130596,0,5.0092346659209,388.340214584806,25.5447266784484,0,0,0,181.124487643352,0,0,0,0,0,56.4304540243487,2.02871969484043,0,0,2.2697708689039,29.7110321164144,1.11421409211097,15.0164889544035,455.757095758572,0,18.9512942263056,0,0,7.17068357988534,0,1.94886480302041,7.74768722324605,0,0,0,0,0,0,5.24728274891,220.266905321283,0,0.924334085403459,0,5.92649591117768,0,0,0,0,0,0,11.7619135791208,0,0,0,0,0,15.8352576284922,2.83977741817713,0,20.3447138163503,1.74113527198554,27.8752478981459,0,539.170470234971,1.10852734281114,0,7.97320749235849,0,19.7896750246235,0,0,0,0,564.469818135103,0,0,0,0,0,3.31627351402381,0,0,"BH vs. HB","BH"
"LOC111109504",59.9118426757772,-5.78399809313025,1.82099933481149,9.64118758082985e-06,0.00195663382646263,0,0,87.404157647624,1.74941379128385,2.3122855803192,33.7108241973965,203.60293847258,417.885479088051,3.3097387746179,14.9693617903727,6.05252382240037,71.0827480942284,1.04817815163245,372.53706584422,3.00554079955254,1.07276302371494,82.644703959686,31.7162676283213,21.0049250746723,0.925947782350261,5.72725652627201,42.382030543209,3.78556541703592,23.3024755165381,102.875866412294,0,24.0351933807411,0,2.18185591942865,83.4638659682796,71.4977823704729,29.7110321164144,4.45685636844386,4.0043970545076,0,0,30.5326406979368,0,0,0,39.5632959943164,56.517079287592,5.42338105627224,28.9533001034909,6.51239032122897,55.52308151127,3.48909162820146,3.08542451899964,236.507938910481,15.74184824673,88.5386580213002,0,45.2923701847695,102.271314454725,6.91424522970729,1.63752151979709,52.7364519410866,1.06372120331929,2.9086945050369,32.7187136715526,55.1110166897167,201.762056011073,3.05143714332869,2.91889375613318,0.960463913480007,106.20337628835,24.6152266685161,3.16705152569843,150.508203163388,113.09540862201,21.0228709435619,4.64302739196143,0,64.1679016013825,323.502282140983,189.558175620705,3.0398653949829,1.77182388719077,70.2795532498063,54.4216063177147,2.03256619077421,232.28634574675,0,0,491.766759069945,12.3881107677016,633.020513355114,48.2904659863788,19.1139349075849,1.15278934868647,57.4820742430793,4.33740551927257,106.739959257537,"BH vs. HB","BH"
"LOC144627547",20.7326058495775,20.1508972145761,2.75893347387984,1.08730107690481e-13,8.06994859278752e-11,0,35.0918973318583,26.601265371016,30.6147413474673,28.90356975399,6.97465328221997,66.7765264443831,0,0,0,0,13.7921750033578,199.153848810165,0,0,0,78.1368110164304,0,0,0,0,0,0,119.841302656482,0,0,0,0,90.5470206562889,6.25978994762097,1.13488543445195,0,114.764051487429,127.139606480616,12.9968753543319,1.50759547692758,0,0,0,0,201.024314781932,73.0824301132655,0,0,1.86068294892256,27.2567854691689,6.97818325640292,0,0,13.642935147166,0,0,0,0,1.97549863705923,42.5755595147242,0,21.2744240663859,0,1.09062378905175,0,0.904762583009296,0,0,3.84185565392003,0,0,139.350267130731,0,13.4180993280351,2.7126285088467,0.580378423995179,0,0,63.3525302526091,26.6046562274674,0,11.51685526674,0,0,0,0,0,172.802832052351,0,0,0,0,0,58.7922567830097,0,0,83.2571682208786,"BH vs. HB","HB"
"LOC111132635",21.8749884220836,-19.2535563338229,2.87965347778974,8.68880478384954e-12,4.82985856052831e-09,0.944335098603166,0,0,0,0,159.254583277356,17.6761393529249,0,0,180.630298937164,4.03501588160025,20.1577942356767,76.5170050691688,21.2120749235143,191.352764238178,6.43657814228961,0,7.92906690708032,0,0,0,0,125.870050116444,14.4253419864283,0,97.1475877996057,3.13502522357493,0,2.18185591942865,0,0,3.71387901455181,16.7132113816645,0,0,7.53797738463791,0,0,2.5287481421792,1.02438336855505,0,0,0.774768722324605,0,8.37307327015154,2.01902114586436,0,0,1.36315814933995,1.049456549782,0,0,1.84866817080692,4.77903338573481,0,0,151.177828897782,0,0,0,0,0,0,0,0,0,92.0395431953212,0,0,0,0,0,1.79840309020296,0,0,59.8604765118017,0,0,0,0,0,0,0,0,0,0,0,179.23192183406,396.083206696065,0,173.551647233913,0,0,"BH vs. HB","BH"
"LOC111107753",4.88859639125255,19.789663000769,3.12181622566529,8.35308741964802e-11,4.25466964510189e-08,11.332021183238,0,3.800180767288,3.49882758256769,6.93685674095759,0,0,0,0,0,0,6.36561923231896,59.7461546430496,0,7.01292853228926,0,0,0,0,0,0,0,1.89278270851796,6.65785014758231,0,0,0,0,0,6.25978994762097,4.5395417378078,0,14.4847831974426,0,0,0,0,0,0,0,0,7.79545921208166,3.09907488929842,0,3.72136589784513,0,2.32606108546764,0,68.1579074669974,2.098913099564,0,0,0,0,0,0,0,0,5.81738901007381,0,0,0,4.06858285777158,52.5400876103972,5.76278348088004,0,0,0,0,0,0,0,0,77.2774728962886,0,0,53.7042886446978,3.54364777438155,0,0,23.0357501621077,2.00246849781681,0,0,0.816888304102899,0,4.03840837866101,0,0,2.30557869737293,0,0,0,"BH vs. HB","HB"
"LOC111107352",12.9993357069367,17.9689682113839,2.65248340503868,4.69580337391123e-12,2.77233827827482e-09,0,0,55.102621125676,3.49882758256769,0,6.97465328221997,28.8055604269888,0,0,0,1.00875397040006,1.06093653871983,0,0,4.00738773273672,0,1.5026309810852,0,0,276.858386922728,0,0,5.67834812555389,1.10964169126372,0,12.2830283424789,5.22504203929155,0,1.09092795971432,0,5.67442717225976,0,0,0,0,1.50759547692758,3.1585490377176,0,0,0,0,0,205.31371141602,0,1.86068294892256,0,0,0,0,0,1.07973973196708,4.61658827465864,0,0,3.95099727411845,9.82512911878252,5.27364519410866,0,0.969564835012302,0,0,0,0,0,0,18.673121105644,0,1.05568384189948,0,0,0,0,257.171641899023,0,0,14.4108554565448,0,0,0,110.822180137892,3.38761031795702,2.00246849781681,4.60313178279033,0,0.816888304102899,2.47762215354032,0,0,0,141.793089888435,0,1.08435137981814,3.2021987777261,"BH vs. HB","HB"
"LOC111110474",10.4108113350209,16.8381751192843,3.22601809107846,4.10335312068228e-08,1.268961952571e-05,3.77734039441266,0,545.325940105828,3.49882758256769,0,0,0,0,0,1.99591490538303,2.01750794080012,0,14.6744941228543,0,0,15.0186823320091,1.5026309810852,0,3.6530304477691,0,0,0,73.8185256322005,0,0,0,0,0,2.18185591942865,0,0,0,0,0,0,0,0,2.15630898160147,0,0,0,1.94886480302041,37.188898671581,0,0,4.03804229172873,1.16303054273382,0,0,3.148369649346,0,0,0,0,0,0,0,0,0,0,0,3.61905033203718,0,0,6.72324739436005,56.0193633169319,0,0,0,0,0,0,0,11.0396389851841,0,68.7286952542908,1.0132884649943,61.1279241080817,0,0,0,19.0234507292597,1.84125271311613,8.64014160261755,0,2.47762215354032,0,0,0,0,0,10.8435137981814,0,"BH vs. HB","HB"
"LOC111110340",42.972804784197,-6.65471149448234,2.88023594090699,2.95265264336044e-05,0.00479381610728588,0.944335098603166,3.00787691415929,3.800180767288,1.74941379128385,0,2.32488442740666,3.92803096731665,0,1.10324625820597,0,0,6.36561923231896,0,2.65150936543929,0,6.43657814228961,936.890416706622,0,0.913257611942276,12.0373211705534,0,953.595687222203,13.2494789596257,0,3.56794912412582,11.1663894022535,2.09001681571662,0,0,0,2.2697708689039,0,0,5.0054963181345,1.73291671391092,1.50759547692758,1.0528496792392,7.54708143560516,2.5287481421792,0,37.4247394540831,5.84659440906124,3.09907488929842,6.68153079311328,6.51239032122897,6.05706343759309,1.16303054273382,3.08542451899964,1.36315814933995,9.445108948038,0,0,39.7463656723487,0,1.97549863705923,0,0,0,0,2.18124757810351,0,1.80952516601859,1.0171457144429,0,0,1.16707006910275,0,3.16705152569843,11.3591096727085,0,4.74709989048173,2.32151369598072,0,4.13986461944403,0,2.21705468562228,0,1686.77634060562,7.93478827013942,1.97896750246235,6.77522063591404,8.00987399126726,0,1.08001770032719,0,0,3.02880628399576,0.928662807430361,134.859429625738,0,1.1054245046746,0,0,"BH vs. HB","BH"
"LOC111107102",47.7469657033975,19.7226627031763,3.72091205347988,3.14598752829861e-08,9.96625829544062e-06,0,336.88221438584,69.353299003006,11.371189643345,4.62457116063839,0,165.631972455186,0,0,0,0,12.7312384646379,335.417008522384,0,0,0,99.1736447516232,0,0,0,0,0,0,675.771789979605,0,0,0,0,672.011623184024,4.17319329841398,0,0,266.297168014521,36.0395734905684,86.6458356955461,0,0,0,0,0,272.665958879748,321.562692498368,0,0,0,0,55.8254660512233,0,0,0,0,1.15414706866466,0,0,0,13.1001721583767,0,0,0,5.45311894525876,0,0,0,0,0,0,0,300.869894941351,0,2.87530699886466,1.35631425442335,2.32151369598072,0,0,63.3525302526091,131.914753794526,0,0,0,0,0,1.00123424890841,0,352.085770306665,0,0,0,0,0,14.9862615329241,0,0,123.818352738742,"BH vs. HB","HB"
"LOC111110389",128.253622935811,24.9018304088793,2.83133255738288,3.92986719706471e-19,8.50718001484584e-16,0,9.02363074247786,155.807411458808,0,361.872693319954,2.32488442740666,82.4886503136497,0,0,0,0,98.6670981009439,101.673280708348,0,956.763821190892,0,64.6131321866636,0,0,1.85189556470052,0,0,0,264.094722520765,0,0,28.2152270121744,0,36.0006226705727,54.2515128793817,5.67442717225976,0,2774.3930893563,131.144003535124,190.620838530201,0,0,0,6.74332837914453,0,38.4940177241997,6.82102681057145,4.64861233394763,0,0,27.2567854691689,17.4454581410073,4.11389935866618,5.45263259735979,371.507618622828,0,0,0,0,36.5467247855957,1955.20069463772,14.0630538509564,236.146107136883,0,1.09062378905175,0,1.80952516601859,6.10287428665738,0,11.5255669617601,2.33414013820549,0,122.459325660339,0,229.066124242884,1.35631425442335,521.760203171666,0,0.689977436574005,359.896288881843,6.65116405686685,0,5.31547166157232,0,0,8.13026476309685,0,0,1303.58136429492,0,0,2.01920418933051,0,0,847.300171284552,0,0,452.577427251955,"BH vs. HB","HB"
"LOC111106424",285.821572965256,-26.9124290685424,4.63513241995539,1.21751350244874e-09,4.94177316454857e-07,0,0,0,0,0,0,0,0,0,0,0,0,0,0,0,0,0,532.128490208502,0,0,0,0,617.047162976855,0,0,0,524.594220744871,1184.77230178681,1191.29333200804,1386.54347339804,0,0,1537.61544711313,0,0,1.50759547692758,0,0,0,0,0,0,426.897566000857,0,657.751422444126,0,0,0,0,834.31795707669,0,0,0,0,0,0,0,0,0,2031.83211900341,562.382874856427,0,1007.99140301291,0,0,1583.71408377243,0,0,0,0,344.503820623531,0,0,0,0,765.992393882499,1944.50056432406,1595.52741041529,0,0,0,0,2476.4848991412,0,0,1679.82782010034,0,2204.64550483968,688.101656673056,0,801.432765889087,0,0,"BH vs. HB","BH"
"LOC144627196",10.3071212358128,21.3565666376943,3.37853176270329,8.80314966821903e-11,4.39768113329473e-08,0,4.01050255221238,19.950949028262,6.99765516513539,20.8105702228728,0,58.2657926818637,0,0,0,0,0,50.3125512783576,0,0,0,12.7723633392242,0,0,0,0,0,0,29.9603256641204,0,0,0,0,13.0911355165719,25.0391597904839,0,0,56.8249186976592,20.021985272538,9.53104192651007,0,0,0,0,2.0487667371101,6.41566962069995,12.6676212196327,0,0,0,0,0,0,0,11.544022047602,0,0,0,0,0,183.402410217274,0,0,0,0,0,0,0,0,5.76278348088004,0,0,16.8909414703916,0,29.7115056549348,0,22.0543801118168,0,0,18.870966458224,21.0620195134117,0,0,1.13354118144849,0,0,0,0,126.362070938282,0,0,0,0,0,102.598252033095,0,0,70.4483731099742,"BH vs. HB","HB"
"LOC111109596",220.948247500459,4.05873009019231,1.15659434324579,6.11578438582991e-06,0.00131297298339425,321.073933525076,236.619650580531,45.602169207456,17.4941379128385,46.2457116063839,173.203889841796,63.5031673049526,18.5726879594689,133.492797242922,49.8978726345758,45.3939286680028,666.268146316051,71.2761143110066,55.6816966742251,228.421100765993,106.203539347779,187.077557145107,96.910817753204,126.942808059976,12.9632689529036,103.090617472896,62.5134950512333,15.1422616681437,730.144232851527,151.637837775347,337.224959948056,467.118758312664,21.3015567958245,62.1828937037165,113.719517381781,190.660752987928,136.485053784779,54.5964905134373,8.00879410901521,108.307294619433,73.1183806309878,51.5896342827209,522.904928038357,108.736170113706,20.487667371101,80.1958702587494,375.15647458143,17.8196806134659,156.644777482989,161.879416556263,86.8179092721676,7204.97421223601,49.3667923039942,706.115921358093,248.721202298334,52.9072468663867,219.287943046286,9.24334085403459,78.3761475260508,22.7182343261811,587.870225607154,23.731403373489,555.262468132671,43.6304175755536,665.280511321569,10.0201848526758,35.2857407373625,30.5143714332869,68.1075209764409,50.9045874144404,29.1767517275687,34.2472718866311,63.3410305139686,249.900412799587,47.9217833144109,32.5515421061604,9.28605478392286,31.4720540785518,6.89977436574005,28.306449687336,56.5348944833682,27.3587885548461,50.4969807849371,27.2049883547637,41.5583175517094,216.807060349249,86.106145406123,98.5070201517131,205.203363062167,0.816888304102899,75.5674756829798,67.6433403425719,342.676575941803,289.894679431704,494.546630586494,71.8525928038492,68.3141369285429,211.345119329922,"BH vs. HB","HB"
"LOC144627481",41.563724813855,16.4632312762668,8.2822518265765,3.7796646518327e-05,0.00594506282597882,0,0,220.410484502704,0,0,0,0,0,0,0,0,0,0,0,0,301.446409663897,0,0,67.5810632837284,0,0,0,277.292666797881,0,0,0,0,0,0,290.036934239772,0,207.048755061263,0,0,0,0,0,0,0,0,0,0,0,0,156.297367709495,203.921135732301,0,0,0,0,0,137.343501171095,0,0,0,0,0.878940865684777,0,278.265107648531,162.502944568711,0,0,200.37770574525,0,0,190.232421263748,0,0,0,0,0,0,445.104764825233,0,0,100.875988195814,0,0,0,0,0,120.148109869009,0,0,0,0,0,0,1.06188527264361,97.9870946383496,0,200.605005266356,206.008121367046,"BH vs. HB","HB"
"LOC144618168",64.724537820011,19.2989732425573,2.60868234353453,5.56021717393678e-14,4.51368004772986e-11,0,1.0026256380531,425.620245936256,13.1206034346288,1.1561427901596,2.32488442740666,10.4747492461777,0,29.7876489715611,2.99387235807455,0,0,0,0,0,0,0,0,3.6530304477691,0,0,0,557.42450765854,0,0.594658187354303,3.34991682067606,0,3.04307954226064,0,946.27158041537,3.40465630335585,0,1.11421409211097,4.0043970545076,5.19875014173276,0,0,0,4.21458023696533,5.12191684277524,0,0,0.774768722324605,5.19674617242144,2.79102442338385,534.031093081124,10.4672748846044,0,0,0,0,0,0,5.73484006288177,0.987749318529613,4.91256455939126,0,21.2744240663859,649.608439458242,317.37152261406,0,0,3.05143714332869,16.5403979514214,4.80231956740004,569.530193722141,0,0,0,0,2.03447138163503,0.580378423995179,834.459033854174,0,0,1.10852734281114,0,0,0,0,8.80778682668826,268.330778707453,0,3.24005310098158,0,0,4.03840837866101,0,0,0,0,0,725.831722951249,"BH vs. HB","HB"
"LOC144627840",35.8235561937804,26.95081690718,11.0150053516267,7.21840159450549e-06,0.00153698703459401,0,0,0,0,0,0,0,0,0,0,0,0,0,0,0,0,0,0,0,0,0,0,359.628714618413,0,0,0,0,346.911067817713,0,218.04934984213,0,0,0,0,0,0,0,0,0,0,0,0,0,0,0,387.652060005958,0,0,0,0,0,0,0,323.062656875673,0,0,0,0,665.121476818439,0,0,0,0,402.807338346379,0,0,0,0,0,284.655392887601,0,0,0,0,0,0,0,0,0,0,0,0,0,0,0,0,0,0,0,0,0,0,343.702668809268,"BH vs. HB","HB"
"LOC111133694",3680.38538597186,7.65984141752428,3.12046094357153,2.25734202909481e-05,0.00393550160334201,12.2763562818412,145.380717517699,1680.62994433312,14.8700172259127,10612.234670875,51.1474574029464,342.393365984435,0,8.82597006564773,6.98570216884062,14.1225555856009,361.779359703461,4740.90977983357,2.65150936543929,12.0221631982102,0,16.5289407919372,0,14.6121217910764,69.4460836762696,31.499910894496,23.310116798765,6.62473947981287,52518.2316058205,2.37863274941721,200.995009240563,12.5401008942997,0,2618.22710331438,7916.54768709132,14.7535106478754,3.71387901455181,20711.0115441586,5918.49884656224,3928.52219043606,15.0759547692758,3.1585490377176,47.4387975952324,8.42916047393067,0,164.668853597966,3558.62713031528,13.1710682795183,5.93913848276736,0,147.388543648099,244.236413974102,3.08542451899964,19.0842140907593,20958.6967556963,0,17.3122060299699,0,19.1161335429392,1100.35274084199,37271.6273121015,3.51576346273911,2172.118697178,0,19.6312282029315,32.5656007711962,37.0952659033811,4.06858285777158,19.4592917075545,10.5651030482801,26.8426115893632,12.8427269574867,3784.62657320962,26.9778854726827,8611.54446159964,9.49419978096345,13519.9153869677,2.69760463530444,133.165645258783,3136.62421059194,104.201570224247,1.0132884649943,8.85911943595387,17.0031177217273,18.8001912733923,58.2668974688608,70.0863974235885,3.68250542623227,41779.4047194572,0,4.95524430708064,78.7489633838897,3.71465122972145,4.24754109057442,46428.5910183474,92.8556583926666,2.16870275963628,46424.4104798804,"BH vs. HB","HB"
"LOC111132763",9864.87704691524,9.18483509353389,2.71197952950997,5.14961460709798e-06,0.00113365710719139,14.1650264790475,21961.511975915,1.900090383644,22390.747114642,1.1561427901596,123.218874652553,8.51073376251942,11.349975975231,30268.6643401389,8.98161707422365,16584.9240273474,1.06093653871983,3.14453445489735,23.8635842889536,6.01108159910508,2433.02653778547,24988.0018999563,9.6910817753204,3.6530304477691,62.9644491998177,7.87497772362401,13.7741599265429,1952.40536383628,9.98677522137347,71933.4222915007,38837.818979978,298.872404647477,66349.2776197562,0,0,2.2697708689039,20795.8655419828,13459.7062327005,33309.5757986579,74511.0864063849,2.26139321539137,29666.145411923,34451.3485990467,31462.6843849936,22200.436363325,0,23.386377636245,206.088480138345,4.45435386207552,22.3281953870708,52798.412474926,0,1970.5577928011,0.681579074669974,29626.1584003459,20.5150549073744,34908.3322388313,38107.5213389284,75.5087274946099,25.6814822817699,49648.0149587279,12.3051721195869,22324.316894062,96.9564835012302,2.18124757810351,13.7777541724292,57.9048053125949,740.482080114428,1530.47329279916,89.3231439536407,8.16949048371923,22.4747721756017,29013.3590269233,5.67955483635425,11.5012279954586,0,4.64302739196143,50900.2026620144,8.96970667546206,1.34792617558743,202.860503734439,5.06644232497149,3.54364777438155,0,50.46367131279,21879.2199995572,2431.99799059852,0,0,11.4364362574406,1.23881107677016,3464.95438889115,6.50063965201253,9.55696745379245,17666.4967686201,9.94882054207142,1235.07622161286,2.13479918515073,"BH vs. HB","HB"
"LOC111137034",456.466246622043,8.90386758265023,3.2183443478249,1.36232702118163e-05,0.00264098276337577,1.88867019720633,436.142152553097,408.51943248346,140.82781019835,164.172276202663,5.81221106851664,1457.95416070236,6.19089598648964,0,0,0,787.214911730112,2716.87776903131,0,5292.75734801202,0,690.458935808649,0,9.13257611942276,8.33353004115235,0.715907065784001,0,0,2989.37471626446,0,48.0154744296902,14.6301177100163,4.05743938968086,1364.75087760262,594.680045023992,3.40465630335585,6.49928827546566,1977.73001349696,782.859624156236,931.44273372712,3.01519095385517,0,9.70339041720663,19.3870690900405,4.09753347422019,1145.19702729494,1405.13152297772,1.54953744464921,6.68153079311328,0.930341474461282,218.054283753351,8570.37206940552,0,0,812.279369531268,43.189589278683,3.46244120599398,0,0,87.9096893491356,884.261620690427,1.75788173136955,442.508020580826,0,4.36249515620701,0,0,0,0,289.099637957482,0,2.14045449291445,1242.53988191568,0,726.49423504647,10.8505140353868,332.556836949237,1.79840309020296,11.7296164217581,1330.40313530479,525.441960492481,2.0265769299886,5.31547166157232,0,5.93690250738706,2.71008825436562,2.00246849781681,0,2191.35591396388,11.4364362574406,0,13.1248272306483,13.0012793040251,0,487.629894494375,0,2.16870275963628,733.303520099277,"BH vs. HB","HB"
"LOC111132721",13.8394186013028,21.2659896211159,3.05844791368425,1.28144480028151e-12,8.5354080966443e-10,2.8330052958095,0,0.950045191822,0,0,105.782241447003,0,0,0,0,0,0,0,0,69.1274383897084,0,0,0,0,2.77784334705078,0,0,1.89278270851796,0,1.18931637470861,0,75.2406053657983,0,0,0,0,92.8469753637952,71.3097018951018,0,0,0,104.232118244681,0,0,92.1945031699543,65.2259744771162,0.974432401510207,0.774768722324605,59.3913848276736,0,0,76.7600158204321,0,0.681579074669974,56.670653688228,0,0,0,4.77903338573481,0,1.63752151979709,0,39.3576845228138,0.969564835012302,0,0,0,7.12002000110027,0,85.4812882997206,0,0,0,0,0,39.3331133782772,74.8688166953781,6.29441081571036,0,0,0,0,5.31547166157232,0,4.94741875615588,32.5210590523874,0,51.5550759672517,0,0,52.0300652243468,0,0,0,0,0,0,0,"BH vs. HB","HB"
"LOC144618877",15.4398199066866,23.5065095079759,2.329688904994,1.96466570092593e-24,1.70120403043177e-20,0,0,15.200723069152,0,92.4914232127678,1.16244221370333,0,0,1.10324625820597,0,0,138.982686572297,6.2890689097947,0,0,0,7.513154905426,0,0,0.925947782350261,0,0,5.67834812555389,170.884820454613,0,17.8662230436056,0,0,0,13.5628782198454,2.2697708689039,0,228.413888882748,32.0351764360608,6.06520849868823,0.753797738463791,1.0528496792392,16.1723173620111,0,2.0487667371101,0,2.92329720453062,0,0,0,0,5.8151527136691,6.17084903799927,0,32.533153043242,0,12.6956177553113,0,0,7.90199454823691,391.367643231504,1.75788173136955,19.1469816597473,0,0,0,0,0,0,0.960463913480007,0,0,2.11136768379895,4.25966612726569,16.2934063268997,0,1.16075684799036,3.59680618040592,0,2.69585235117486,6.65116405686685,0,1.77182388719077,2.26708236289698,0,0,8.00987399126726,0,50.7608319153781,0,0,4.03840837866101,0,0,83.0008331054255,0,4.33740551927257,3.2021987777261,"BH vs. HB","HB"
"LOC111132808",31.698359543961,21.1245105821082,2.17511212264754,1.0548952378315e-22,5.48060271862979e-19,11.332021183238,0,11.400542301864,0,233.540843612239,0,1.30934365577222,0,5.51623129102983,3.99182981076607,2.01750794080012,12.7312384646379,0,0,1.00184693318418,1.07276302371494,0,0,2.73977283582683,3.70379112940104,0,0,10.4103048968488,4.43856676505487,4.75726549883443,0,1.04500840785831,0,1.09092795971432,34.4288447119153,2.2697708689039,1.8569395072759,10.0279268289987,1.0010992636269,71.0495852703478,0,0,5.39077245400368,0,8.19506694844038,0,0,1.54953744464921,2.22717693103776,0,0,0,17.4840722743313,0,308.540225635908,0,1.15414706866466,0,6.69064674002873,1.97549863705923,75.325989910666,0,0,3.87825934004921,3.27187136715526,6.26261553292235,206.285868926119,0,28.2159729759541,0,0,0,2.11136768379895,9.93922096361994,102.552616292839,2.7126285088467,175.854662470539,0,2.06993230972201,12.1313355802868,0,0,0,3.40062354434547,1.97896750246235,1.35504412718281,3.00370274672522,0,37.8006195114518,0,2.47762215354032,0,0,0,947.592844620275,0,5.42175689909071,528.362798324806,"BH vs. HB","HB"
"LOC111133030",99.0826842368356,-1.61643670470345,0.723784247868836,1.24862560509475e-05,0.00245723843511714,79.3241482826659,56.1470357309734,49.402349974744,112.837189537808,53.1825683473415,62.7718795399797,100.819461494461,72.2271198423791,43.0266040700327,63.8692769722571,111.971690714407,88.0577327137457,172.949395019354,489.203477923549,142.262264512154,81.5299898023351,46.5815604136412,707.448969598389,70.3208361195552,138.892167352539,45.8180522101761,50.8584366518508,64.3546120896107,164.22697030703,92.172019039917,54.7153080710423,78.3756305893732,106.507783979123,134.184139044862,100.156639161936,32.9116775991066,77.9914593055879,77.9949864477676,66.0725513993755,70.1831269133923,62.5652122924947,107.390667282399,58.2203425032398,104.52158987674,92.1945031699543,143.283288195632,14.6164860226531,53.4590418403978,56.42181558629,47.4474151975254,59.5611238029987,73.2709241922306,78.1640878146574,70.2026446910074,107.044568077764,76.6615209696623,137.343501171095,81.3413995155044,90.8016343289613,56.301711156188,49.1256455939126,67.6784466577278,45.7400117427296,109.56082635639,158.140449412504,66.383724648977,110.381035127134,114.937465732047,56.4319459519082,48.0231956740004,121.375287186686,165.88522320087,101.34564882235,112.171208017996,161.975627602709,56.9651986857807,109.691522135089,141.174642580932,77.2774728962886,94.3548322911199,128.589171766092,124.634481194299,95.6784899083018,64.6118473425638,125.664436406359,31.843536988796,128.157983860276,138.09395348371,54.0008850163597,120.082580703126,56.9853095314274,84.8065759518812,114.225525313934,58.4036899953983,50.7227313422045,123.807544523556,135.543922477268,80.0549694431525,"BH vs. HB","BH"
"LOC111133447",8.69070709201058,19.8487983107645,3.204949541758,2.08870418869324e-10,9.68897655530076e-08,0,0,18.050858644618,0,41.6211404457455,1.16244221370333,18.3308111808111,0,0,0,0,7.42655577103879,30.397166397341,0,0,0,1.5026309810852,0,0,0,0,0,0,17.7542670602195,0,0,0,0,8.72742367771459,23.9958614658804,0,0,44.5685636844386,1.0010992636269,8.66458356955461,0.753797738463791,0,0,0,0,2.13855654023332,15.5909184241633,0,0,0,2.01902114586436,9.30424434187056,0,1.36315814933995,17.840761346294,0,0,0,0,24.6937329632403,36.0254734355359,0,70.2055994190733,0,0,0,0,0,0,14.4069587022001,0,0,13.7238899446932,0,119.804458286027,0,21.4740016878216,0,0,17.5230402826366,0,0,0,0,0,0,0,0,17.2802832052351,0,0,0,0,0,74.9313076646202,0,0,125.953151923893,"BH vs. HB","HB"
"LOC144618793",69.9942516045293,-5.20814572349557,1.79365508264686,1.46025536392509e-05,0.00280985582138385,3.77734039441266,511.339075407079,313.51491330126,6.99765516513539,4.62457116063839,6.97465328221997,8.51073376251942,0,6.6194775492358,10.9775319796067,4.03501588160025,27.5843500067155,0,3.97726404815894,24.0443263964203,5.36381511857468,12.0210478486816,4.40503717060018,3.6530304477691,280.562178052129,725.929764704977,764.995651304923,1.89278270851796,2.21928338252744,14.2717964965033,14.5163062229296,7.31505885500817,242.432003533431,6.54556775828594,499.739897485074,753.563928476095,7.42775802910361,2.22842818422193,15.0164889544035,4.3322917847773,11.3069660769569,17.8984445470664,5.39077245400368,7.5862444265376,16.3901338968808,12.8313392413999,8.76989161359186,5.42338105627224,4.45435386207552,20.4675124381482,8.07608458345745,6.97818325640292,5.14237419833273,12.2684233440595,15.74184824673,2.15947946393415,5.77073534332331,19.4110157934726,4.77903338573481,31.6079781929476,3.27504303959417,10.5472903882173,13.8283756431508,2.9086945050369,2.18124757810351,0,7.23810066407436,6.10287428665738,9.72964585377727,0,156.387389259768,11.7724997110295,7.38978689329634,13.4889427363414,4.79217833144109,10.8505140353868,2.90189211997589,5.39520927060888,11.7296164217581,2.69585235117486,4.43410937124457,1.0132884649943,1.77182388719077,6.80124708869093,285.96080410581,240.520332574949,15.0185137336261,6.44438449590647,4.32007080130877,13.8871011697493,2.47762215354032,721.865497685656,5.57197684458217,4.24754109057442,4.61115739474586,6.63254702804762,1.08435137981814,375.724656586529,"BH vs. HB","BH"
"LOC111136312",804.483165053214,6.26878740930675,4.48136839607688,0.000120899344589039,0.0151102470774294,1.88867019720633,544.425721462831,744.835430388448,106.714241268315,1920.35317445509,0,1410.16311726668,0,5.51623129102983,5.9877447161491,7.06127779280044,385.119963555297,2336.38909998873,0,0,0,646.882637357178,0,0,18.5189556470052,2.863628263136,7.41685534506158,0,5588.15555720409,0,30.1492513860845,4.18003363143324,4.05743938968086,2205.85633454236,1205.00956491704,2.2697708689039,0,3480.80482375466,1824.00285832821,1037.15065327569,3.01519095385517,0,5.39077245400368,8.42916047393067,0,1033.99208720281,973.457969108697,0.774768722324605,1.48478462069184,0,105.998610157879,50.0103133375542,1.02847483966655,0.681579074669974,4885.22023923521,0,0,1.84866817080692,0,109.640174356787,9679.38970352058,1.75788173136955,427.615923734356,0,8.72499031241402,0,8.14286324708366,1.0171457144429,0,171.923040512921,3.50121020730824,0,2052.24938865258,0,2585.85942764561,2.03447138163503,2617.50669221826,1.79840309020296,30.3590072092562,1296.70498091511,159.627937364804,6.07973078996579,1.77182388719077,0,3.9579350049247,7.45274269950545,4.00493699563363,0,7329.00011442034,0,0,20.1920418933051,6.50063965201253,0,10966.4850740543,12.1596695514206,2.16870275963628,6702.20204178072,"BH vs. HB","HB"
"LOC111133567",41.7950939253683,20.6649004674045,5.58358108352915,3.11187783620275e-06,0.000741626151844392,0,0,0,345.50922377856,302.909411021815,333.620915332855,0,0,0,0,259.249770392816,0,0,0,0,0,229.902540106036,0,0.913257611942276,0,0,0,0,0,0,0,0,0,0,0,261.023649923949,0,0,0,0,0,0,0,305.13560915629,0,0,3.89772960604083,0,0,0,0,0,0,2.04473722400992,1.049456549782,0,0,0,0,240.023084402696,160.477108940114,261.045437108379,0,0,1.09062378905175,0,194.523955346999,0,0,281.415926649642,0,0,259.698225107271,0,0,0,0,0,0,0,0,0,0,0,0,282.526700517616,0,0,158.762601948097,0,0,0,0,2.12377054528721,0,0,0,0,"BH vs. HB","HB"
"LOC111133164",231.476167007945,2.04036777442541,1.24511736483855,6.11515246903127e-05,0.00887448690994554,110.48720653657,591.549126451326,183.358722021646,90.0948102511181,160.703847832184,97.6451459510795,414.407267051907,41.2726399099309,353.038802625909,37.9223832022776,89.7791033656056,222.796673131164,327.031583309324,64.9619794532626,621.145098574192,261.754177786444,105.184168675964,67.8375724272428,68.4943208956707,62.0385014174675,121.70420118328,108.074177885183,149.529833972919,204.174071192524,64.8177424216191,425.439436225859,436.813514484773,43.6174734390692,212.730952144293,130.412290575437,77.1722095427327,411.312100861613,726.46758805635,304.334176142578,377.775843632581,155.282334123541,401.135727790136,208.083816724542,109.579086161099,390.290063419473,535.708413328446,227.042749551878,100.719933902199,406.088593759219,193.511026687947,126.188821616523,1699.18762293411,142.95800271365,413.036919250004,350.518487627188,440.533810642567,938.321566824369,465.864379043343,37.2764604087315,78.0321961638395,191.590017816259,228.524625078042,690.355060954221,61.082584605775,116.696745428538,231.716774718127,119.428660957227,50.8572857221448,146.917652392037,79.7185048188406,61.8547136624456,63.1434075409762,135.127531763133,170.386645090628,89.1345169648043,628.651656925223,387.692787228779,31.4720540785518,88.3171118814726,195.449295460177,523.224905806859,77.0099233395667,111.624904893019,126.956612322231,79.1587000984941,101.628309538711,312.385085659423,102.189525577945,147.962424944826,53.9146280707914,95.3884529113024,155.478722578449,76.1503502092896,31.8565581793082,253.613656711022,44.2169801869841,96.5072728038146,184.660129515538,"BH vs. HB","HB"
"LOC111132555",27.8277860447642,16.3549109004803,3.07667432945911,2.4479430234472e-08,7.94877699001098e-06,1.88867019720633,0,4.75022595911,0,418.523690037774,0,4.58270279520276,0,487.634846127037,0,0,37.1327788551939,1.04817815163245,0,10.0184693318418,0,4.5078929432556,0,5.47954567165366,0,0,0,498.748243694483,2.21928338252744,0,0,0,2.02871969484043,4.3637118388573,2.08659664920699,2.2697708689039,0,0,0,683.635643637859,0,0,0,0,0,0,0,9.29722466789526,0,0,0,5.8151527136691,0,0,0,0,1.15414706866466,0,0,0,0,0,0,0,3.27187136715526,0,0,0,0,0,0,0,2.11136768379895,1.41988870908856,0.958435666288219,5.4252570176934,333.137215373233,0.89920154510148,0,10.7834094046994,2.21705468562228,0,3.54364777438155,6.80124708869093,0,0,0,0,0,0,2.47762215354032,0,0,0,0,0,0,27.7523894069595,"BH vs. HB","HB"
"LOC111137778",61.0365074014776,5.10493531592896,2.86358097818638,6.99502817853959e-05,0.0098221538915634,11.332021183238,16.0420102088495,1.900090383644,0,2.3122855803192,0,0,2.06363199549655,2.20649251641193,0.997957452691516,653.67257281924,0,4.1927126065298,2.65150936543929,0,1.07276302371494,18.0315717730224,1.76201486824007,5.47954567165366,5.55568669410156,0,8.47640610864181,1.89278270851796,17.7542670602195,21.4076947447549,2.2332778804507,14.6301177100163,2.02871969484043,0,42.7752313087433,0,0,0,10.010992636269,32.9254175643075,9.79937060002929,0,10.7815449080074,5.0574962843584,0,4.27711308046664,0,21.6935242250889,2.96956924138368,2.79102442338385,55.52308151127,11.6303054273382,0,8.17894889603969,16.791304796512,0,1922.80901639533,0,0,3.95099727411845,13.1001721583767,1.75788173136955,65.9507146057962,84.3521406460702,23.9937233591386,5.01009242633788,0,6.10287428665738,52.5400876103972,7.68371130784006,4.66828027641099,2.14045449291445,0,548.78698606273,0,2.7126285088467,1.16075684799036,1.79840309020296,0.689977436574005,4.04377852676228,11.0852734281114,0,5.31547166157232,6.80124708869093,983.546848723789,205.289185268196,2.00246849781681,1.84125271311613,19.4403186058895,0,0,0,6.50063965201253,0,238.627395178098,2.21084900934921,399.041307773076,8.53919674060293,"BH vs. HB","HB"
"LOC111133021",16.6191944580178,6.49587056980771,1.72926435265127,3.58046934508077e-06,0.000827706308153211,0,7.01837946637167,36.101717289236,5.24824137385154,39.3088548654263,51.1474574029464,4.58270279520276,0,5.51623129102983,0,49.4289445496031,0,3.14453445489735,0,22.040632530052,4.29105209485974,19.5342027541076,0,10.9590913433073,12.9632689529036,0,2.11910152716045,7.57113083407185,75.4556350059329,7.13589824825164,33.4991682067606,9.40507567072478,0,2.18185591942865,7.30308827222446,15.8883960823273,6.49928827546566,10.0279268289987,0,27.7266674225747,9.0455728615655,68.4352291505481,70.0800419020479,11.8008246635029,0,27.8012350230331,7.79545921208166,16.2701431688167,29.6956924138368,13.9551221169192,14.1331480210505,23.2606108546764,0,1.36315814933995,4.197826199128,0,297.769943715483,3.69733634161384,9.55806677146961,0,0,0,0,4.84782417506151,6.54374273431051,0,9.95238841310225,18.3086228599721,0,3.84185565392003,10.5036306219247,10.7022724645722,2.11136768379895,5.67955483635425,1.91687133257644,2.7126285088467,6.38416266394697,0,4.13986461944403,9.43548322911199,17.7364374849783,14.1860385099202,1.77182388719077,2.26708236289698,102.906310128042,7.45274269950545,14.0172794847177,145.458964336175,10.8001770032719,8.98577134513189,9.91048861416129,4.03840837866101,7.42930245944289,4.24754109057442,6.91673609211879,0,5.42175689909071,0,"BH vs. HB","HB"
"LOC111099624",13.3797215972652,5.07097698700111,2.02456186994668,2.5178789150813e-05,0.00423071612869637,7.55468078882533,0,2.850135575466,0,11.561427901596,2.32488442740666,1.30934365577222,0,0,0.997957452691516,32.280127052802,1.06093653871983,3.14453445489735,0,0,4.29105209485974,0,7.92906690708032,17.3518946269032,0,1.431814131568,0,0,12.2060586039009,4.16260731148012,0,1.04500840785831,13.1866780164628,2.18185591942865,2.08659664920699,0,3.71387901455181,6.68528455266579,12.0131911635228,0.866458356955461,3.01519095385517,0,4.31261796320295,0.842916047393067,1.02438336855505,0,0,3.09907488929842,0,0,24.2282537503724,2.32606108546764,4.11389935866618,1.36315814933995,0,0,678.638476374821,0,2.86742003144088,2.96324795558884,13.1001721583767,3.51576346273911,0,14.5434725251845,6.54374273431051,8.7676617460913,0.904762583009296,4.06858285777158,0,0,0,6.42136347874334,3.16705152569843,7.09944354544282,1.91687133257644,1.35631425442335,1.74113527198554,4.4960077255074,2.06993230972201,2.69585235117486,6.65116405686685,2.0265769299886,4.42955971797694,2.26708236289698,182.065010226536,23.0357501621077,4.00493699563363,1.84125271311613,2.16003540065439,7.35199473692609,7.43286646062097,5.04801047332626,0,15.9282790896541,6.91673609211879,2.21084900934921,2.16870275963628,5.33699796287683,"BH vs. HB","HB"
"LOC111100141",36.4435210514302,5.92718193160683,2.17151203300407,1.76681086532139e-05,0.00327831756060385,0,18.0472614849557,3.800180767288,0,2.3122855803192,0,1.30934365577222,0,8.82597006564773,13.9714043376812,109.954182773607,8.48749230975862,28.3008100940761,3.97726404815894,19.0350917304994,8.58210418971948,1.5026309810852,0.881007434120036,5.47954567165366,0,1.431814131568,2.11910152716045,10.4103048968488,25.5217588990655,49.3566295504072,4.46655576090141,18.8101513414496,0,13.0911355165719,0,0,22.2832740873108,49.0254200528825,14.0153896907766,5.19875014173276,30.1519095385517,13.6870458301096,7.54708143560516,0,9.21945031699543,18.1777305919832,1.94886480302041,0,15.5902385172643,0.930341474461282,37.3518911984907,9.30424434187056,2.05694967933309,5.45263259735979,32.533153043242,0,1087.20653868211,19.4110157934726,12.4254868029105,1.97549863705923,16.3752151979709,3.51576346273911,19.1469816597473,29.086945050369,474.421348237512,2.50504621316894,0,0,3.89185834151091,0,2.33414013820549,10.7022724645722,1.05568384189948,22.718219345417,0,8.1378855265401,13.3487037518891,0.89920154510148,57.9581046722164,0,0,0,11.51685526674,0,844.029639800193,32.5210590523874,14.0172794847177,1.84125271311613,1.08001770032719,0.816888304102899,2.47762215354032,0,1.85732561486072,12.7426232717233,10.3751041381782,2.21084900934921,30.361838634908,2.13479918515073,"BH vs. HB","HB"
"LOC111101447",246.853481150435,3.164947042643,1.75866187134945,6.54452228194743e-05,0.00934104699550266,74.6024727896501,49.1286562646017,39.901898056524,20.1182585997642,117.926564596279,11.6244221370333,11.1294210740639,15.4772399662241,25.3746639387372,11.9754894322982,801.95940646805,126.251448107659,53.4570857332549,42.4241498470287,85.1569893206553,27.8918386165883,23.2907802068206,31.7162676283213,8378.22533195844,19.4449034293555,62.2839147232081,167.409020645676,44.4803936501721,165.336611998294,79.6841971054767,52.4820301905916,90.9157314836729,16.2297575587234,57.8191818648592,210.746261569906,6.80931260671171,19.497864826397,79.1092005398786,110.120918998959,34.6583342782184,90.455728615655,20.0041439055448,28.0320167608192,14.3295728056821,48.1460183220873,33.1476263736164,61.3892412951431,51.9095043957485,89.8294695518564,41.8653663507577,198.87358286764,61.6406187648924,57.5945910213265,48.3921143015682,48.275001289972,15.1163562475391,6151.60387598264,32.3516929891211,42.0554937944663,137.297155275616,39.3005164751301,18.4577581793803,399.959172448054,258.873810948285,20.7218519919833,17.5353234921826,9.04762583009296,16.2743314310863,108.972033562305,38.4185565392003,60.6876435933428,51.3709078299467,21.1136768379895,330.124124863091,56.5477043110049,140.378525332817,71.9669245754022,4.4960077255074,27.5990974629602,41.7857114432103,63.1860585402351,37.4916732047891,208.189306744916,30.6056118991092,1462.45698431968,210.031839713335,52.0641809432372,12.8887689918129,10.8001770032719,6.53510643282319,39.6419544566452,63.6049319639109,12.0726164965947,14.8663938170105,253.613656711022,69.6417437945,203.858059405811,35.2241865549871,"BH vs. HB","HB"
"LOC111101698",46.982370765646,25.3596212641315,2.30259077220138,8.8232549312697e-29,2.29201693349593e-24,0,12.0315076566371,31.351491330126,0,25.4351413835112,0,99.5101178386886,0,13.2389550984716,0,0,122.00770195278,112.155062224672,0,371.685212211331,0,38.3170900176726,0,0,5.55568669410156,0,0,0,285.177914654776,0,29.0326124458592,19.8551597493079,0,28.3641269525724,123.109202303212,0,5.57081852182771,336.492655817512,20.021985272538,44.1893762047285,0,3.1585490377176,4.31261796320295,0,12.2926004226606,28.8705132931498,84.775618931388,0,13.3630615862266,1.86068294892256,4.03804229172873,766.437127661587,0,0,313.787508384818,0,4.61658827465864,10.167674939438,0,50.3752152450103,222.702926692404,0,219.126567883774,0,4.36249515620701,2.50504621316894,1.80952516601859,0,0,48.9836595874804,2.33414013820549,0,58.0626113044712,0,73.7995463041928,48.8273131592406,24.9562722317927,0,0,20.2188926338114,23.279074199034,0,1.77182388719077,0,0,0,1.00123424890841,0,159.842619648425,4.9013298246174,4.95524430708064,10.0960209466525,0,0,201.738136020131,11.054245046746,8.67481103854514,193.199326256141,"BH vs. HB","HB"
"LOC111102290",719.20001296718,1.53442383881063,1.09355220018809,7.52983939087431e-05,0.0104043956306778,421.173453977012,534.3994650823,1148.6046369128,680.521964809416,679.811960613844,365.006855102845,100.819461494461,107.30886376582,882.597006564773,120.752851775673,511.438262992832,983.48817139328,397.259519468698,110.037638665731,529.977027654431,1193.98524539472,543.952415152842,444.908754230618,605.489796717729,121.299159487884,334.328599721129,153.634860719133,478.874025255044,380.607100103455,1204.18282939246,980.408989517859,655.22027172716,1914.09703208194,270.550134009152,297.340022511996,514.103101806734,507.872955239959,406.688143620503,445.489172313971,1326.54774449881,2338.28058471468,450.619662714378,760.098916014519,1980.85271137371,507.069767434749,869.323233604844,1167.37001700923,794.13794038272,672.607433173404,1364.8109430347,695.552784750273,754.806822234249,1025.38941514755,484.602722090352,888.889697665354,561.464660622879,2827.66031822842,891.058058328935,70.7296941088751,1097.3894928864,551.844752171618,1116.25489941967,409.532663277928,94.0477889961932,719.811700774157,1440.40157257214,1181.61993341014,1643.70747453972,735.561226545561,728.992110331326,1263.93688483828,560.799077143585,442.331529755881,113.591096727085,922.973546635554,1065.38484684954,825.878497345139,1645.53882753571,1010.12696714434,1601.33629659786,380.224878584222,376.943308977879,83.2757226979664,553.168096546862,140.506692674827,357.05412751267,745.919515436764,140.855832553384,570.249345772758,1812.67514680433,496.763241784835,251.390921571648,74.2930245944289,333.431975610092,343.531225908567,456.540320430611,454.343228143801,685.270538433385,"BH vs. HB","HB"
"LOC111131540",48.6781176430263,1.92581744851307,1.83870707439724,0.000262112038072399,0.0277913649510477,16.998031774857,44.1155280743362,0.950045191822,69.9765516513539,131.800278078194,12.7868643507366,40.5896533289388,4.12726399099309,38.6136190372088,10.9775319796067,29.2538651416018,108.215526949422,6.2890689097947,1.32575468271965,108.199468783891,5.36381511857468,130.728895354412,4.40503717060018,9.13257611942276,201.856616552357,2.863628263136,8.47640610864181,29.3381319820284,6.65785014758231,24.9756438688807,33.4991682067606,80.4656474050898,178.527333145958,10.9092795971432,30.2556514135014,107.814116272935,74.2775802910361,20.0558536579974,45.0494668632105,20.7950005669311,4.52278643078275,34.7440394148937,25.8757077792177,38.7741381800811,101.41395348695,41.7018525345497,24.3608100377552,169.674350189089,110.616454241542,7.44273179569026,24.2282537503724,46.5212217093528,25.7118709916636,10.9052651947196,65.066306086484,50.7477674024525,3.46244120599398,122.93643335866,6.69064674002873,48.399716607951,94.976248148231,39.552338955815,6.38232721991576,17.4521670302214,0,33.8181238777807,45.2381291504648,4.06858285777158,28.2159729759541,113.334741790641,0,130.567724067781,39.0603021502806,161.867312836096,6.70904966401753,38.6549562510655,94.6016831112141,14.3872247216237,134.545600131931,31.0023020385108,87.5736600820802,8.10630771995439,38.0942135746017,3.40062354434547,244.4024865541,42.0063679426671,13.0160452358093,104.030778291062,108.001770032719,74.3368356733639,52.0300652243468,31.2976649346228,7.42930245944289,1.06188527264361,6.91673609211879,2.21084900934921,52.0488662312708,3.2021987777261,"BH vs. HB","HB"
"LOC111130749",32.6912411417165,-1.07269252115915,1.00634944527773,0.000143843196530339,0.0173796033314819,50.994095324571,12.0315076566371,34.201626905592,16.6194310171965,10.4052851114364,5.81221106851664,38.6256378452804,30.9544799324482,19.8584326477074,40.9162555603522,26.2276032304016,21.2187307743965,13.6263159712218,63.636224770543,14.0258570645785,5.36381511857468,21.7881492257354,36.1213047989215,50.2291686568252,22.2227467764063,37.2271674207681,60.3943935240729,47.319567712949,48.8242344156036,22.0023529321092,14.5163062229296,11.4950924864414,53.7610719132714,58.9101098245735,57.3814078531922,39.7209902058183,15.7839858118452,24.5127100264412,69.0758491902562,54.586876488194,27.1367185846965,15.792745188588,57.142188012439,14.3295728056821,18.4389006339909,11.7620609712833,43.8494580679593,51.9095043957485,15.5902385172643,11.1640976935354,32.3043383338298,9.30424434187056,22.626446472664,21.1289513147692,12.593478597384,16.1960959795061,4.61658827465864,15.7136794518588,44.9229138259072,13.8284904594146,11.4626506385796,23.731403373489,74.4604842323505,32.9652043904183,68.7092987102604,27.5555083448584,106.761984795097,21.3600600033008,14.5944687806659,4.80231956740004,28.0096816584659,22.4747721756017,11.6125222608942,22.718219345417,15.3349706606115,40.0112705054888,39.4657328316722,19.7824339922326,9.65968411203607,122.661281978456,103.093042881436,18.2391923698974,66.4433957696541,44.208106076491,33.64244754186,18.9706177805593,26.0320904716186,45.1106914713453,44.2807257134149,18.7884309943667,27.2538436889435,54.5185131119237,25.0738958006198,8.49508218114884,71.4729396185609,53.0603762243809,27.1087844954535,25.6175902218088,"BH vs. HB","BH"
"LOC111129273",55.2062786983078,3.84745770868585,2.45264432836895,0.00010317174173402,0.013402180162415,48.1610900287615,16.0420102088495,52.25248555021,9.62177585206116,10.4052851114364,12.7868643507366,16.3667956971527,0,19.8584326477074,1.99591490538303,8.0700317632005,38.1937153939138,1.04817815163245,1.32575468271965,13.0240101313943,1.07276302371494,30.052619621704,6.16705203884025,19.1784098507878,3.70379112940104,11.454513052544,7.41685534506158,35.9628714618413,27.741042281593,0.594658187354303,204.34492606124,13.585109302158,24.3446363380851,0,7.30308827222446,29.5070212957507,5.57081852182771,20.0558536579974,44.0483675995836,0,23.3677298923775,14.7398955093488,0,5.0574962843584,3.07315010566514,6.41566962069995,4.87216200755104,186.71926208023,3.7119615517296,3.72136589784513,4.03804229172873,45.358191166619,9.25627355699891,2.04473722400992,2.098913099564,0,1269.56177553113,1.84866817080692,3.82322670858784,0,0,0,10.6372120331929,1.9391296700246,30.5374660934491,0,17.1904890771766,43.7372657210445,30.1619021467095,14.4069587022001,63.0217837315483,105.952497399265,22.169360679889,18.4585532181513,0,26.4481279612553,4.64302739196143,8.9920154510148,789.334187440662,107.834094046994,66.5116405686685,31.4119424148233,295.008677217264,104.285788693261,0.989483751231176,687.007372481684,148.182668838444,0,7.56012390229036,13.8871011697493,0,26.2496544612966,72.4356989795682,7.43319690850524,6.91673609211879,6.63254702804762,9.75916241836328,23.4827910366581,"BH vs. HB","HB"
"LOC111105609",527.688737213087,-2.68609087457548,2.33311688351099,0.000228593863373829,0.0248459530914727,1172.86419246513,45.1181537123893,564.326843942268,131.206034346289,12.7175706917556,16.2741909918466,915.885887212666,1522.96041267645,1439.73636695879,2999.8601027907,229.995905251214,65.7780654006293,677.123085954562,96.7800918385341,35.0646426614463,739.13372333959,27.0473576595336,1945.26441453704,733.345862389648,12.0373211705534,17.8976766446,3.17865229074068,16.0886530224027,606.974005121254,39.8420985527383,46.8988354894648,866.311970114539,1331.85447966274,4.3637118388573,723.005738950222,9.07908347561561,107.702491422002,596.104539279367,46.0505661268374,642.045642503996,1113.35925971102,113.707765357834,54.9858790308376,174.483621810365,1225.16250879184,53.463913505833,59.4403764921226,116.215308348691,17.0750231379562,844.750058810844,15.1426585939827,60.4775882221586,20.5694967933309,899.684378564366,732.520671747836,1161.79995159657,72.7112653258737,1246.00234712386,1040.87347141304,12.840741140885,3.27504303959417,27.2471668362281,184.023768174238,23.2695560402952,1040.45509475537,1484.2398813026,19.9047768262045,1460.62124594,3.89185834151091,6.72324739436005,33.8450320039797,998.522020944589,13.7238899446932,1042.90825682555,17.2518419931879,15.5976139258685,1020.30526938352,5.39520927060888,2494.26843321503,752.142805977785,42.1240390268234,3.0398653949829,24.8055344206708,1503.0756066007,51.4531550640212,34.5536252431616,134.165389353727,81.9357457336679,10.8001770032719,1012.9414970876,780.450978365201,1618.3921577484,1418.06810694616,962.068057015106,2020.83972824737,1083.31601458111,169.15881525163,1.06739959257537,"BH vs. HB","BH"
"LOC111131601",599.838291136084,-2.75584424578893,1.91732696286872,0.000120848249852556,0.0151102470774294,1681.86081061224,7.01837946637167,140.606688389656,425.982258177617,299.440982651336,134.843296789586,657.94518702554,473.603542966457,7.72272380744176,124.74468158644,170.479420997611,329.951263541866,907.722279313701,885.604128056723,194.358305037731,82.60275282605,74.3802335637174,1620.17267134675,201.829932239243,1304.66042533152,236.24933170872,3365.1332251308,1510.44060139733,406.128859002521,2295.97526137497,256.826956251831,3.13502522357493,2646.46484191934,908.742990442032,1307.25280072818,186.12121125012,0,2.22842818422193,1.0010992636269,111.773128047254,2221.44193525279,306.379256658608,74.3926598652508,211.57192789566,0,148.629679546216,405.363879028246,1559.60943803943,227.914439276198,1605.76938492017,395.728144589415,143.05275675626,0,1279.32392315554,79.758697783432,2252.33708088332,73.8654123945383,386.371647698646,366.073957347286,447.450441293915,91.7012051086368,252.256028451531,4.25488481327717,1724.85584148688,328.277760504577,90.1816636740819,74.1905318067622,416.012597207144,50.5941584396418,126.781236579361,234.581083889652,1370.9611027117,287.146004996658,266.229132954106,1533.49706606115,471.997360539326,215.900773726206,474.778415813582,2268.64581145533,80.8755705352457,244.984542761262,464.086116967389,165.665533452337,600.776826167699,795.544935989866,2.71008825436562,442.545538017516,321.298598438765,150.12246034548,663.313302931554,2120.84456343052,344.274314280851,121.654827773377,605.274605406855,1020.21857358752,362.57923753327,1752.31182978612,94.9985637392076,"BH vs. HB","BH"
"LOC111128126",19.8642110657757,20.5728784952548,3.36053134825726,3.17750883314414e-10,1.44810784137869e-07,0,40.1050255221238,45.602169207456,7.87236206077731,11.561427901596,22.0864020603632,4.58270279520276,0,0,0,4.03501588160025,19.0968576969569,81.7578958273311,0,0,0,4.5078929432556,0,0,0,0,0,0,613.631855268836,0,0,0,0,36.0006226705727,2.08659664920699,0,0,104.736124658431,0,19.9285422099756,0,0,0,0,0,23.5241219425665,5.84659440906124,0,1.48478462069184,1.86068294892256,0,0,0,0,18.890217896076,0,0,0,0,0,111.351463346202,0,0,0,0,0,0,0,0,0,15.1719108983357,0,124.570693344138,0,17.2518419931879,0,4.64302739196143,0,0,41.7857114432103,6.65116405686685,0,0,0,0,0,0,0,123.1220178373,0,0,0,0,0,267.44712889526,0,0,66.1787747396727,"BH vs. HB","HB"
"LOC111131071",4832.2897376845,6.81972985989123,2.5193928867166,1.69198800983149e-05,0.00316206996628724,13.2206913804443,1842.82592274159,784.737328444972,97.9671723118954,5962.22836885305,15.1117487781433,3300.85535620176,39.2090079144344,27.5811564551492,27.9428086753625,2.01750794080012,2059.27782165518,9995.42685396704,2.65150936543929,166.306590908574,9.65486721343441,1181.06795113297,38.7643271012816,10.045833731365,59.2606580704167,52.9771228680161,75.228104214196,8.51752218833083,197102.324694101,4.75726549883443,249.010483670254,14.6301177100163,18.2584772535639,4914.63045851303,4814.82176804513,36.3163339024624,15.7839858118452,27972.3447824458,3187.50005538805,4157.2671966723,42.2126733539723,0,100.268367644469,44.6745505118325,9.21945031699543,1664.86626657164,3743.76928660222,1.54953744464921,20.7869846896858,4.65170737230641,411.88031375633,26719.4636887668,59.6515407006596,14.9947396427394,15491.0281313321,0,28.8536767166165,9.24334085403459,18.1603268657923,649.939051592486,32224.7859880869,7.910467791163,821.192768962494,19.391296700246,25.0843471481903,106.46446405968,25.3333523242603,19.325768574415,18.4863271221768,414.920410623363,45.5157326950071,44.9495443512034,3476.36689137498,9.22927660907566,11977.5705216039,141.73483958724,7207.13926917213,3.59680618040592,60.0280369819384,3204.02051937132,427.891554325101,34.4518078098062,137.316351257285,27.2049883547637,28.6950287857041,58.9444195324522,100.123424890841,30.3806697664162,27242.3664730531,17.1546543861609,9.91048861416129,69.6625445319025,17.6445933411769,63.7131163586163,24108.2836490801,90.6448093833174,11.9278651779996,19777.847050829,"BH vs. HB","HB"
"LOC111128875",73.146635664196,19.7314804201913,3.99852734343083,1.55043988690925e-07,4.456369905115e-05,0,96.2520612530972,3.800180767288,1.74941379128385,73.9931385702143,0,12.4387647298361,0,0,0,0,42.4374615487931,463.294743021543,0,0,0,75.13154905426,0,0,0,0,0,0,554.820845631859,0,22.3327788045071,0,0,164.730121916863,304.64311078422,0,0,992.76475607087,322.353962887862,72.7825019842587,0,0,0,0,0,87.6808181495661,153.960319438613,0,0,0,4.03804229172873,0,0,0,153.220656268172,0,0,0,0,17.779487733533,85.1511190294485,3.51576346273911,80.8428114522663,0,0,0,0,0,0,0,0,0,97.1229134547519,0,954.601923623066,0,66.1631403354504,0,0,156.359436368142,13.3023281137337,0,0,0,0,0,0,0,1361.90232011259,0,0,0,0,0,137.181932493689,0,0,226.288713625978,"BH vs. HB","HB"
"LOC111128098",8.08126176108944,20.5597112423201,2.60997425849898,1.3096097974615e-15,1.30845129648682e-12,1.88867019720633,4.01050255221238,3.800180767288,0,2.3122855803192,0,21.6041703202416,0,0,0,0,4.24374615487931,15.7226722744867,0,52.0960405255774,0,14.2749943203094,0,0,0,0,0,0,201.954787809997,0,0,0,5.07179923710107,30.5459828720011,3.12989497381048,0,0,21.1700677501083,13.0142904271497,6.06520849868823,0,0,0,0,0,4.27711308046664,1.94886480302041,0,0,0,0,59.3145576794248,0,0,7.346195848474,0,0,0,0,0,16.3752151979709,0,69.141878215754,0.969564835012302,4.36249515620701,0,0,0,0,1.92092782696001,0,0,3.16705152569843,0.709944354544282,11.5012279954586,1.35631425442335,1.74113527198554,1.79840309020296,0,5.39170470234971,0,24.3189231598632,0,0,1.97896750246235,0,2.00246849781681,0,48.6007965147237,0,0,0,0,0,31.1253124145346,0,4.33740551927257,46.9655820733161,"BH vs. HB","HB"
"LOC111130965",72.832282376543,6.86669889897176,1.37550985271172,9.35459399625386e-08,2.7931527383987e-05,0.944335098603166,2.00525127610619,1.900090383644,5.24824137385154,5.78071395079799,0,9.16540559040553,7.22271198423791,6.6194775492358,3.99182981076607,265.302294215216,21.2187307743965,6.2890689097947,2.65150936543929,10.0184693318418,135.168140988082,6.0105239243408,0,13.6988641791341,5.55568669410156,5.72725652627201,6.35730458148136,5.67834812555389,49.9338761068673,111.795739222609,1.11663894022535,63.7455128793569,0,6.54556775828594,39.6453363349328,13.6186252134234,0,6.68528455266579,2.0021985272538,5.19875014173276,4.52278643078275,4.21139871695681,0,0.842916047393067,4.09753347422019,19.2470088620999,1.94886480302041,8.52245594557066,2.22717693103776,0,347.27163708867,6.97818325640292,109.018333004654,16.3578977920794,25.186957194768,0,3724.43259058086,1.84866817080692,4.77903338573481,11.8529918223554,6.55008607918834,7.03152692547822,59.5683873858804,115.378215366464,18.5406044138798,0,32.5714529883346,0,110.917962733061,5.76278348088004,4.66828027641099,8.56181797165778,0,42.5966612726569,1.91687133257644,4.74709989048173,17.4113527198554,44.960077255074,0,21.5668188093988,3.32558202843343,0,43.409685236174,7.93478827013942,675.817402090893,66.3971622319576,6.00740549345044,33.1425488360904,32.4005310098158,3.2675532164116,9.91048861416129,6.05761256799152,16.7159305337465,8.49508218114884,47.2643632961451,17.6867920747936,49.8801634716345,122.750953146167,"BH vs. HB","HB"
"LOC111128095",222.081605318044,2.45095370771549,2.63009242593238,0.000398501191944966,0.0383402424561273,10.3876860846348,42.11027679823,105.455016292242,30.6147413474673,109.833565065162,24.4112864877699,257.940700187127,26.8272159414551,15.4454476148835,8.98161707422365,2.01750794080012,116.703019259181,715.905677564963,6.62877341359823,1.00184693318418,36.4739428063078,377.160376252385,13.2151115118005,6.39280328359593,9.25947782350261,4.29544239470401,15.8932614537034,9.46391354258981,58.8110096369771,19.623720182692,36.8490850274366,11.4950924864414,39.5600340493884,193.094248869435,1336.46515381708,7.94419804116366,0,2203.91547419549,29.0318786451801,564.064390378005,9.79937060002929,3.1585490377176,6.46892694480442,144.981560151607,2.0487667371101,449.096873448997,844.83289210935,44.9365858948271,3.7119615517296,15.8158050658418,44.418465209016,743.176516806911,19.5410219536644,1.36315814933995,1988.72016183689,0,2.30829413732932,3.69733634161384,18.1603268657923,54.3262125191287,2240.12943908241,16.6998764480108,10.6372120331929,22.2999912052829,10.9062378905175,0,26.2381149072696,18.3086228599721,35.9996896589759,97.9673191749607,3.50121020730824,1.07022724645722,529.953288633537,20.5883862817842,2015.59020620412,18.3102424347152,77.770708815354,16.1856278118266,2.06993230972201,110.529946398169,177.364374849783,9.11959618494869,6.20138360516771,2.26708236289698,3.9579350049247,1.35504412718281,13.0160452358093,0,414.726796925642,1.6337766082058,7.43286646062097,25.2400523666313,14.8586049188858,0,1597.76603727944,17.6867920747936,2.16870275963628,2236.20214644539,"BH vs. HB","HB"
"LOC111131595",7088.37969500129,6.34052336837093,1.46373487317071,1.09121408148458e-06,0.000275208429075,4833.107034651,23417.3244023681,1116.30310039085,16877.4695514109,5233.8584110525,25746.932591315,1278.57407986157,2.06363199549655,4740.64917151104,40.9162555603522,21903.0749592966,1287.97695800587,768.314585146586,53.0301873087858,16285.0218989088,4.29105209485974,22007.5333489738,8.81007434120036,647.499646867074,11423.4177908552,0,316.805678310488,10333.6471971538,641.372897550429,788.516756431806,21906.222729341,19936.6704051208,609.630268299549,6.54556775828594,2705.27255569686,4600.82555126821,21796.7559364045,9952.16027073515,13464.7850957818,93.5775025511898,519.366641801552,19058.684893588,571.421880124391,20986.0808319452,21529.4652569214,12286.0073236404,2268.47863071576,6862.12657362903,1435.78672820901,1036.40040254987,32.3043383338298,7848.13010236781,0,3463.78485747281,20781.3385987832,3148.52105841599,86.5610301498496,27061.7290183571,2545.31318124236,15152.0745462443,27611.8878668185,20004.6941029855,12585.9492776739,2176.67305460262,30.5374660934491,4044.39711116126,16630.4410382939,14849.3102851518,0,13907.5174671905,5969.56340346055,3151.81924081652,15195.5132203011,2662.29132954106,4881.3128484059,9306.35025672582,2579.20171623457,8292.43664892585,2831.66739969972,2245.64500852865,0,0,2744.55520125851,12153.8285474907,10984.2591224173,13339.0543879876,1099.35520530143,613.137153467673,2860.96688816674,2810.91265441808,49.5524430708064,759.22077518827,2868.63941215239,1202.05412863256,19.5974189276699,88.4339603739682,4951.14840024964,2214.85415459388,"BH vs. HB","HB"
"LOC111128707",2338.33325329529,7.52481990205335,2.36587577727291,8.07301038311051e-06,0.00166929418857156,16.998031774857,55.1444100929203,2769.38173416113,2.62412068692577,580.383680660118,19.7615176329566,45.8270279520276,0,2.20649251641193,52.8917449926504,22.1925873488014,142.165496188457,2196.98140582161,1.32575468271965,2061.80098849304,1.07276302371494,76.6341800353452,18.5011561165208,1.82651522388455,12.0373211705534,42.2385168812561,2.11910152716045,8.51752218833083,127267.024854418,3.56794912412582,59.1818638319437,13.585109302158,0,2034.58064486721,1030.77874470825,11.3488543445195,8.35622778274156,6279.7106231374,5030.52379972518,1128.99523911297,9.0455728615655,4.21139871695681,33.4227892148228,15.1724888530752,4.09753347422019,34.2169046437331,1240.45244712249,0.774768722324605,9.65110003449697,0,36.3423806255585,9085.5945998366,0,14.9947396427394,367.3097924237,25.9137535672098,30.0078237852812,0.924334085403459,58.3042073059646,162.978637557386,17193.9759578694,26.3682259705433,1600.90041099554,1.9391296700246,11.9968616795693,46.3433549436254,2.71428774902789,7.12002000110027,2.91889375613318,27.8534534909202,52.5181531096236,35.3174991330884,855.103911938576,7.09944354544282,716.909878383587,10.8505140353868,204.873583670298,7.19361236081184,8.27972923888806,3256.58964021923,137.457390508582,6.07973078996579,69.9870435440356,4.53416472579395,21.7686425270859,10.1628309538711,82.1012084104894,0,16081.4635578719,0,37.1643323031048,32.3072670292881,5.57197684458217,21.2377054528721,13961.4318019418,11.054245046746,23.8557303559991,748.247114395332,"BH vs. HB","HB"
"LOC111128708",10187.6979941448,7.90369640745496,2.0100007361126,2.05557965611902e-06,0.000494424006731516,109.542871437967,98.2573125292034,4513.66470634632,57.7306551123669,3264.94723941071,30.2234975562865,97.5461023550302,0,12.1357088402656,18.9611916011388,42.3676667568026,722.497782868202,4038.63041823983,3.97726404815894,11439.088283097,22.5280234980136,152.517044580148,103.958877226164,10.045833731365,54.6309191586654,94.4997326834881,70.9899011598751,13.2494789596257,672392.931029707,8.91987281031455,68.1149753537465,68.9705549186484,2.02871969484043,2092.39982673207,5193.5390598762,21.5628232545871,16.7124555654831,34379.0758120839,3316.64186039592,5461.28702389027,49.7506507386102,8.42279743391361,35.5790981964243,139.924063867249,11.2682170541055,43.840409074783,2263.60646870821,25.567367836712,156.644777482989,0,78.7418246887102,37362.356185324,16.4555974346647,55.8894841229379,2289.91419162432,0,40.3951474032631,12.016343110245,35.3648470544376,480.046168805392,85414.7599941358,9.66834952253255,615.894576721871,1.9391296700246,27.2655947262938,48.8484011567944,21.7143019922231,21.3600600033008,77.8371668302181,12.4860308752401,56.0193633169319,61.0029530480617,799.152668317904,6.38949919089853,2690.32891527103,44.7583703959706,2048.73583670298,12.5888216314207,77.9674503328626,3784.9767010495,282.674472416841,3.0398653949829,353.47886549456,26.0714471733152,64.3164438300264,44.0389341334413,617.761531576487,12.8887689918129,34857.5712780602,10.6195479533377,26.0150326121734,179.709172850415,9.28662807430361,252.728694889178,11509.4488572857,24.3193391028413,60.7236772698159,12187.5685480255,"BH vs. HB","HB"
"LOC111130777",8588.53054107249,8.75011051021351,2.62970945465198,5.81642032261941e-06,0.0012631442814709,4.72167549301583,26.0682665893805,1033.64916870234,17.4941379128385,3926.26091538199,26.7361709151765,15.0574520413805,16.5090559639724,4.41298503282386,6.98570216884062,34.2976349936021,283.270055838194,2593.19274713868,0,12080.2703203348,0,185.574926164022,7.92906690708032,2.73977283582683,22.2227467764063,32.21581796028,41.3224797796288,0,593556.217790493,1.18931637470861,100.497504620282,25.0802017885994,6.08615908452129,1159.65642117633,2207.619254861,9.07908347561561,1.8569395072759,27629.1668420756,1830.00945390997,1719.91983855659,29.3981118000879,0,19.4067808344133,34.5595579431157,13.3169837912156,29.9397915632665,648.971979405798,2.32430616697382,1.48478462069184,0,20.1902114586436,20834.5291425336,0,0,1981.37396598842,0,11.5414706866466,0,4.77903338573481,357.56525330772,75286.6893941908,8.78940865684777,949.903034564129,0,6.54374273431051,31.3130776646118,25.3333523242603,2.03429142888579,34.0537604882204,9.60463913480007,64.1888538006511,8.56181797165778,481.391831906161,2.12983306363284,2020.38238453556,33.9078563605838,833.423416857077,0,33.1189169555522,1089.12434987464,280.457417731219,12.1594615799316,313.612828032767,2.26708236289698,42.5478013029406,29.1334487344304,562.693647886525,0,17688.5298959588,0,2.47762215354032,59.5665235852499,5.57197684458217,126.364347444589,15101.5404677927,26.5301881121905,32.5305413945443,10930.1718279717,"BH vs. HB","HB"
"LOC111130715",407.187521408615,9.44009775412059,4.06322180406115,2.55644887117495e-05,0.00425697899528921,0,3.00787691415929,63.653027852074,0,27.7474269638304,0,3.92803096731665,0,0,3.99182981076607,0,19.0968576969569,156.178544593235,0,282.520835157939,0,9.7671013770538,0,0.913257611942276,0,0,5.29775381790113,0,18790.6723998598,0,5.58319470112676,0,0,216.003736023436,40.6886346595363,0,0,937.054051465322,37.0406727541953,51.1210430603722,0,0,5.39077245400368,0,0,1.06927827011666,28.258539643796,0,0,0,3.02853171879654,15296.1776980352,0,8.17894889603969,2.098913099564,5.39869865983538,2.30829413732932,0,1.91161335429392,7.90199454823691,653.371086399037,0,142.538641244785,0,2.18124757810351,0,0,0,0,0,9.33656055282198,0,29.5591475731854,0,110.220101623145,0,0.580378423995179,0,0,25.6105973361611,8.86821874248914,1.0132884649943,32.7787419130293,1.13354118144849,0,0,58.0715864366876,0,281.884619785398,0,0,2.01920418933051,5.57197684458217,6.37131163586163,386.184431809966,1.1054245046746,7.59045965872699,86.4593669986047,"BH vs. HB","HB"
"LOC111130714",252.066360192725,27.7187297445626,3.52453868515602,7.25006771401272e-16,8.18847865247428e-13,0,6.01575382831857,22.801084603728,0,35.8404264949475,0,9.16540559040553,0,0,0,0,0,205.44291771996,0,1435.64665525293,0,0.7513154905426,0,0,0,0,0,0,4309.84832886828,0,0,0,0,278.186629727153,8.34638659682796,0,0,420.058712725834,75.0824447720176,21.6614589238865,0,0,0,0,0,26.7319567529165,38.0028636588981,0,0,0,0,14587.8920975103,0,0.681579074669974,2.098913099564,0,0,0,0,0,307.854045721852,0,53.1860601659646,0.969564835012302,0,0,0,0,0,0,3.50121020730824,0,16.8909414703916,0,130.347250615198,0,20.8936232638264,0,0,59.3087517258468,1.10852734281114,0,9.74503137954926,0,0,0,16.0197479825345,0,369.3660535119,0,2.47762215354032,0,8.35796526687325,0,911.856374810994,0,8.67481103854514,37.3589857401378,"BH vs. HB","HB"
"LOC111131608",236.874727899594,5.34978712800764,2.38689509868237,3.56118316565084e-05,0.00567538988307435,9.44335098603166,148.388594431858,254.612111408296,25.3664999736158,77.4615669406931,5.81221106851664,646.815765951476,40.2408239121826,1.10324625820597,0,2.01750794080012,264.173198141237,758.880981781894,23.8635842889536,997.839545451444,1.07276302371494,204.357813427587,3.52402973648014,28.3109859702106,37.0379112940104,9.30679185519201,10.5955076358023,26.4989579192515,2191.54234024584,16.6504292459205,16.7495841033803,9.40507567072478,11.1579583216224,380.733857940299,322.37918230248,12.4837397789715,4.64234876818976,772.150365832899,198.217654198126,324.921883858298,6.03038190771033,0,3.23446347240221,11.8008246635029,4.09753347422019,220.271323644032,140.31826581747,27.1169052813612,2.96956924138368,6.51239032122897,110.036652449608,8925.09638493933,6.17084903799927,8.17894889603969,355.765770376098,23.7542741032757,6.92488241198797,4.6216704270173,5.73484006288177,38.5222234226549,391.367643231504,11.4262312539021,247.847040373395,3.87825934004921,18.5406044138798,6.26261553292235,18.0952516601859,0,4.86482292688863,124.860308752401,0,4.28090898582889,229.083393692186,2.12983306363284,284.655392887601,8.1378855265401,278.001265093691,5.39520927060888,7.58975180231405,338.329470072444,166.279101421671,1.0132884649943,12.4027672103354,24.9379059918667,2.96845125369353,6.77522063591404,6.00740549345044,26.6981643401839,936.375346183677,0,12.3881107677016,5.04801047332626,2.78598842229108,0,594.839303922216,13.2650940560952,6.50610827890885,481.39721625149,"BH vs. HB","HB"
"LOC111127855",7738.45576869674,6.77945244812429,3.15328835872336,3.66105023629991e-05,0.00579896963343676,152.982285973713,134.351835499115,235.611207571856,97.0924654162535,47481.6282490645,70.908975035903,1.30934365577222,0,58.4720516849162,0.997957452691516,56.4902223424035,100.788971178384,861.602440641874,0,1.00184693318418,20.3824974505838,55.5973463001524,0.881007434120036,33.7905316418642,712.979792409701,327.169529063288,72.0494519234554,12.3030876053668,1977.38149383195,30.9222257424238,686.732948238592,152.571227547313,33.4738749648671,823.650609584315,9496.10135054101,11.3488543445195,11.1416370436554,32054.8252159404,94.1033307809287,9541.43942679353,14.322157030812,0,69.0018874112472,227.587332796128,7.17068357988534,110.135661822016,557.375333663838,24.7925991143874,51.2250694138685,15.8158050658418,9.08559515638963,4.65212217093528,32.9111948693294,8.86052797070966,60933.5461934425,0,18.4663530986346,0,59.2600139831116,2414.05933448638,162632.087260167,14.9419947166412,0,7.75651868009841,73.0717938664674,23.7979390251049,77.8095821387994,19.325768574415,69.0804855618186,0,478.498728332126,39.5984081189172,7636.81691230082,90.872877381668,22845.272541646,5.4252570176934,47135.4337047684,11.6896200863192,276.680952066176,64.7004564281965,46.558148398068,45.5979809247435,61.1279241080817,90.6832945158791,135.559273918671,372.637134975272,78.0962714148558,9.20626356558067,73994.1726848167,3.2675532164116,2.47762215354032,151.440314199788,20.4305817634679,12.7426232717233,112853.46607901,156.970279663794,14.0965679376358,120164.643933357,"BH vs. HB","HB"
"LOC111131035",1277.4175069766,1.39985041084719,1.62646992766398,0.000408316778853867,0.0386273054949945,418.340448681203,1165.0509914177,988.04699949488,997.165861031793,750.336670813579,1231.02630431182,5304.80582136114,649.012262583664,688.425665120523,283.419916564391,364.160183314423,4742.38632807763,4227.30248553367,258.522163130331,4392.09695507945,1185.403141205,573.253719284004,341.830884438574,362.563271941084,34.2600679469596,380.146651931305,465.142785211719,519.56885348818,5547.09881462733,674.34238445978,559.436109052902,19.8551597493079,887.564866492688,2680.40999701809,1314.5558890004,485.730965945435,324.964413773283,5208.95088061877,350.384742269415,5709.09411397953,142.467772569657,33.6911897356545,429.105487338693,434.944680454822,101.41395348695,593.449439914746,1105.98077571408,309.907488929842,538.234425000792,134.899513796886,1607.14083210803,18891.1051056254,450.471979773947,643.410646488456,494.294034947322,268.855193259802,283.920178891507,306.878916353948,560.102712808119,482.021667442451,2800.16179885302,904.430150789636,535.051765269604,147.37385492187,853.958426827522,806.624880640399,412.571737852239,456.69842578486,536.103486543127,722.268862936966,857.796500790519,501.936578588438,894.164214088857,746.861460980584,459.090684152057,7417.00450031409,936.730776328219,322.813354691431,760.355135104553,148.271879314617,1194.99247555041,487.391751662258,861.992321118312,405.807742958559,335.434991667369,262.201038609873,375.462843340653,702.437910053805,3369.65522502084,11.4364362574406,408.807655334153,1558.82563416315,346.391227171525,425.815994330086,606.367197409081,788.167671832992,873.987212133422,2667.43158184584,"BH vs. HB","HB"
"LOC111131122",12.4018395414037,-5.16392623715833,1.65198533691309,1.07735342296853e-05,0.00216948913708943,8.4990158874285,2.00525127610619,0,2.62412068692577,10.4052851114364,0,1.96401548365833,0,2.20649251641193,3.99182981076607,5.04376985200031,2.12187307743965,1.04817815163245,0,2.00369386636836,11.8003932608643,0,5.28604460472022,4.56628805971138,0,12.170420118328,779.829361995046,0.946391354258981,0,2.97329093677152,0,6.27005044714986,2.02871969484043,2.18185591942865,0,4.5395417378078,1.8569395072759,8.91371273688773,0,4.3322917847773,2.26139321539137,5.26424839619601,1.07815449080074,1.68583209478613,1.02438336855505,0,2.92329720453062,0.774768722324605,5.19674617242144,4.65170737230641,8.07608458345745,0,1.02847483966655,0,0,0,6.92488241198797,3.69733634161384,2.86742003144088,6.91424522970729,9.82512911878252,7.03152692547822,21.2744240663859,0,0,6.26261553292235,0,2.03429142888579,0.972964585377727,0,0,1.07022724645722,11.6125222608942,1.41988870908856,37.3789909852405,3.39078563605838,4.06264896796625,0,3.44988718287002,2.69585235117486,1.10852734281114,0,2.65773583078616,2.26708236289698,0,5.42017650873124,21.0259192270766,4.60313178279033,17.2802832052351,1.6337766082058,23.5374104586331,0,2.78598842229108,0,6.91673609211879,4.42169801869841,3.25305413945443,0,"BH vs. HB","BH"
"LOC111129282",11.3011166224779,20.4764182265029,3.56920023725838,3.09622421924305e-09,1.18280318445995e-06,3.77734039441266,0,1.900090383644,0,0,0,0,0,0,0,0,31.8280961615948,0,0,0,0,0.7513154905426,0,0,0,0,0,17.0350443766617,35.508534120439,0,60.298502772169,6.27005044714986,0,0,6.25978994762097,0,0,45.6827777765496,0,0,3.01519095385517,0,0,0,0,0,0,4.64861233394763,0,9.30341474461282,0,0,0,0,0,0,0,0,0,0,0,0,0,0,4.36249515620701,0,0,0,107.999068976928,0,0,0,19.0023091541906,4.25966612726569,0,0,0,0,0,0,1.10852734281114,0,503.19798396218,0,0,2.71008825436562,168.207353816612,0,0,0,0,0,2.78598842229108,0,4.61115739474586,2.21084900934921,0,4.26959837030146,"BH vs. HB","HB"
"LOC111127764",137.230854196099,-2.67570524289679,0.513459684628074,8.78048205216146e-08,2.65221607289533e-05,86.8788290714913,81.2126766823007,94.054473990378,135.579568824498,58.9632822981395,131.355970148476,80.5246348299914,215.649543529389,43.0266040700327,132.728341207972,50.4376985200031,89.1186692524655,215.924699236285,1903.78372438541,84.1551423874711,168.423794723245,67.618394148834,109.244921830884,25.5712131343837,192.597138728854,125.2837365122,132.443845447528,218.616402833825,145.363061555547,44.0047058642185,81.5146426364507,253.937043109569,165.340655129495,123.274859447719,145.018467119886,54.4745008536936,119.772598219296,36.7690650396619,54.0593602358526,67.5837518425259,123.622829108062,93.7036214522889,80.8615868100553,152.567804578145,62.4873854818579,118.689887982949,55.5426468860818,385.834823717653,123.237123517423,35.3529760295287,35.3328700526263,79.0860769058997,46.2813677849945,130.181603261965,180.506526562504,221.34664505325,146.576677720412,207.975169215778,138.591968186309,72.1057002526618,78.6010329502601,123.930662061554,181.896325767599,99.8651780062671,40.3530801949148,182.868373561333,240.666847080473,94.5945514431893,76.8642022448404,27.8534534909202,253.254204995296,142.340223778811,173.132150071514,138.439149136135,32.5868126537994,233.964208888028,81.8333577833202,102.508976141569,130.405735512487,79.5276443596582,75.3798593111576,164.152731329076,45.1815091233648,180.23304785031,160.296367699451,63.687073977592,113.13947012665,148.220843405849,100.441646130429,75.1537239774667,161.045439980121,110.046628318513,51.0764544086699,38.2278698151698,136.029143145003,231.033721476992,119.278651779996,50.1677808510422,"BH vs. HB","BH"
"LOC111128146",524.931501532637,6.34572831871883,1.69470883567408,3.73524503127684e-06,0.000848862327505605,6.61034569022216,814.132018099114,170.058089336138,53.3571206341573,421.992118408253,20.9239598466599,837.97993969422,0,6.6194775492358,1.99591490538303,15.1313095560009,555.930746289189,1304.9817987824,15.9090561926357,4204.751578574,2.14552604742987,389.932739591609,18.5011561165208,10.045833731365,25.9265379058073,83.7611266967281,32.846073670987,13.2494789596257,4020.23184744845,13.0824801217947,25.6826956251831,9.40507567072478,53.7610719132714,1016.74485845375,470.527544396176,11.3488543445195,11.1416370436554,2349.87752026203,326.35835994237,670.638768283527,12.8145615538845,28.4269413394584,9.70339041720663,2.5287481421792,21.512050739656,1214.70011485252,722.054409519063,13.9458370018429,0,39.0743419273738,185.749945419521,20806.616409508,34.9681445486625,57.2526422722778,461.76088190408,51.8275071344196,20.7746472359639,3.69733634161384,115.652607934782,78.0321961638395,463.418590102575,32.5208120303368,44.6762905394103,32.9652043904183,52.3499418744841,11.2727079592602,6.33333808106507,42.7201200066016,116.755750245327,71.0743295975205,0,6.42136347874334,446.554265123479,23.4281636999613,448.547891822886,56.9651986857807,284.965806181633,26.9760463530444,13.1095712949061,525.691208479097,270.480671645919,72.9567694795895,7.0872955487631,5.66770590724244,67.28489508372,6.77522063591404,0,24.8569116270678,835.933700053248,7.35199473692609,38.403143379875,18.1728377039746,23.216570185759,55.2180341774675,1042.12157121256,8.84339603739682,44.4584065725438,1716.37854486119,"BH vs. HB","HB"
"LOC111127802",190.669505623958,2.68008346747459,1.78512581180757,0.000104096435536219,0.0134532990344496,341.849305694346,201.527753248672,138.706598006012,45.48475857338,143.36170597979,89.5080504551562,106.711507945436,35.0817439234413,71.7110067833878,24.9489363172879,57.4989763128036,1262.51448107659,343.802433735443,14.5833015099161,459.847742331539,18.2369714031539,346.356441140138,26.4302230236011,81.2799274628626,40.7417024234115,42.9544239470401,34.9651751981475,10.4103048968488,1084.11993236465,45.7886804262814,91.5643930984789,38.6653110907574,1.01435984742021,365.460866504299,128.32569392623,55.6093862881456,25.9971531018626,1223.40707313784,303.333076878951,706.163560918701,54.273437169393,31.5854903771761,147.707165239701,21.9158172322197,37.9021846365368,174.292358029015,628.508898974084,63.5310352306176,259.094916310726,20.4675124381482,215.025752034555,1675.92701207943,52.4522168229938,47.7105352268982,180.506526562504,129.568767836049,236.600149076256,24.0326862204899,43.0113004716132,85.9341907120764,212.877797573621,33.3997528960215,347.836833485409,28.1173802153567,318.462146403112,56.3635397963012,68.7619563087065,22.3772057177437,23.3511500490654,365.936751035883,10.5036306219247,24.6152266685161,163.630995494419,43.3066056272012,101.594180626551,82.0570123926127,193.266015190395,20.681635537334,6.89977436574005,254.758047186024,335.883784871776,20.265769299886,197.558363421771,66.8789297054608,24.7370937807794,97.5631771571622,762.940497668206,28.5394170533001,899.654744372552,18.7884309943667,34.6867101495645,69.6625445319025,65.9350593275556,35.042213997239,373.503748974415,27.6356126168651,21.6870275963628,134.492348664496,"BH vs. HB","HB"
"LOC111127803",259.595107181685,4.81021887814388,1.04125321715393,6.70448496668678e-07,0.000177716740795533,86.8788290714913,79.2074254061945,74.103524962116,47.2341723646639,131.800278078194,74.396301677013,151.229192241691,35.0817439234413,83.8467156236534,33.9305533915116,36.3151429344022,896.491375218254,222.213768146079,11.9317921444768,614.132170041902,25.7463125691584,235.161748539834,19.3821635506408,76.7136394031512,96.2985693644271,62.9998217889921,22.2505660351847,27.4453492735104,1293.8422120135,44.5993640515728,70.3482532341972,79.4206389972315,19.2728371009841,313.096324438011,113.719517381781,161.153731692177,16.7124555654831,1001.67846880776,217.238540207037,1406.26191333871,54.273437169393,76.8580265844617,190.83334487173,48.8891307487979,43.024101479312,135.798340304816,475.523011936981,203.764173971371,193.764393000285,50.2384396209092,256.415685524774,4942.87980661873,55.5376413419934,79.744751736387,135.379894921878,229.984562908987,423.571974199931,49.9140406117868,56.3925939516707,75.0689482082506,180.127367177679,44.8259841499236,399.959172448054,32.9652043904183,298.83091820018,37.5756931975341,83.2381576368552,35.6001000055014,40.8645125858645,291.981029697922,1.16707006910275,24.6152266685161,92.900178087154,44.7264943362897,100.635744960263,86.8041122830944,144.5142275748,22.480038627537,13.7995487314801,159.055288719316,308.170601301497,21.2790577648803,16.8323269283124,96.3510004231215,51.4531550640212,54.2017650873124,4425.45538017516,55.237581393484,616.690106886828,22.0559842107783,22.2985993818629,9.08641885198728,52.0051172161002,38.2278698151698,319.322649586151,28.7410371215397,8.67481103854514,199.603723811593,"BH vs. HB","HB"
"LOC111130134",4756.56894830729,6.74251912279034,3.28456277092711,4.21363809821358e-05,0.00651533790936275,6.61034569022216,755.979731092034,1287.31123491881,38.4871034082446,9030.63133393662,29.0610553425832,2366.63865780828,48.4953518941688,18.7551863895014,15.9673192430643,24.2100952896015,269.477880834836,13203.900176114,15.9090561926357,5969.00402791135,0,72.1262870920896,0,12.7856065671919,48.1492846822136,39.3748886181201,21.1910152716045,0.946391354258981,94640.2302061913,6.54124006089734,353.974544051437,9.40507567072478,20.2871969484043,5264.81833358133,14253.5417107329,18.1581669512312,0,9085.30170707281,2576.82950457564,8245.21772478816,9.0455728615655,0,12.9378538896088,33.7166418957227,9.21945031699543,397.771516483397,8189.12990229178,11.6215308348691,8.16631541380513,5.58204884676769,709.685932771324,9905.53113246394,6.17084903799927,3.40789537334987,13439.3405765083,0,12.6956177553113,1.84866817080692,0.955806677146961,2948.4317158109,44368.645578902,3.51576346273911,82.9702538589049,5.81738901007381,56.7124370306911,10.0201848526758,45.2381291504648,3.05143714332869,47.6752646835086,89.3231439536407,53.6852231787264,23.5449994220589,5987.83875125383,20.5883862817842,13653.874501942,4.74709989048173,1089.37030183895,0,106.946502668971,1023.07596727086,104.201570224247,5.06644232497149,50.4969807849371,23.8043648104183,14.8422562684676,50.8141547693553,43.0530727030615,1.84125271311613,23003.2969992689,0,0,174.661162377089,0.928662807430361,39.2897550878134,124178.468640506,132.650940560952,11.9278651779996,24394.3502887174,"BH vs. HB","HB"
"LOC111130135",5493.51799482587,5.98544631013634,3.71246445514467,8.58400187243659e-05,0.0115537107067505,4.72167549301583,126.33083039469,585.227838162352,13.9953103302708,10089.6581297228,13.9493065644399,360.724177165246,9.28634397973446,16.5486938730895,5.9877447161491,12.1050476448007,181.42014812109,3036.57210527921,14.5833015099161,890.641923600736,0,24.0420956973632,0,3.6530304477691,36.1119635116602,10.73860598676,33.9056244345672,0.946391354258981,279919.322679877,1.18931637470861,190.945258778535,3.13502522357493,0,2420.76914260609,17609.8324209824,1.13488543445195,0.928469753637951,8381.11840085868,1229.34989573383,6766.17330946519,0,0,7.54708143560516,48.0462147014048,1.02438336855505,74.8494789081661,2278.22295473086,6.97291850092145,8.90870772415105,13.0247806424579,110.036652449608,4211.33359523916,7.19932387766582,5.45263259735979,13987.1568954945,0,5.77073534332331,10.167674939438,0,2922.75023352913,24564.4603184761,7.03152692547822,3.19116360995788,1.9391296700246,66.5280511321569,7.51513863950682,33.4762155713439,2.03429142888579,61.2967688787968,26.8929895774402,74.6924844225758,24.6152266685161,3415.13722854481,2.83977741817713,10345.354581915,4.06894276327005,2232.71579710945,0,46.9184656870323,136.14054373433,13.3023281137337,0,42.5237732925786,12.4689529959334,20.7791587758547,29.8109707980218,92.1135508995735,0.920626356558067,10856.337923689,0,2.47762215354032,203.939623122381,4.64331403715181,27.6090170887337,80832.4363405463,19.8976410841428,11.9278651779996,21975.6228119416,"BH vs. HB","HB"
"LOC111130130",1256.05247522399,7.55815035793587,4.89859998104932,8.95205753007274e-05,0.0119869896112732,0,19.0498871230088,88.354202839446,0.874706895641923,57.8071395079799,0,28.8055604269888,0,0,0,0,43.4983980875129,194.961136203636,0,5203.59297095863,0,11.269732358139,0,1.82651522388455,2.77784334705078,2.147721197352,12.7146091629627,0,70779.6049189475,0,7.81647258157747,0,0,257.45899849258,299.426619161203,1.13488543445195,0,3165.48223568725,58.0637572903603,175.024588105003,0,0,0,0.842916047393067,0,25.6626784827998,44.8238904694695,0,0,0,12.1141268751862,30941.2645588905,0,0,15.74184824673,0,1.15414706866466,0,0,78.0321961638395,2580.73391520021,0,106.372120331929,0,0,2.50504621316894,0,0,0,2.88139174044002,17.5060510365412,0,47.5057728854765,0,511.804645797909,11.5286711625985,25.5366506557879,0,2.75990974629602,161.751141070491,27.7131835702785,0,32.7787419130293,0,0,0.677522063591404,60.0740549345044,0,522.728566958362,0,2.47762215354032,21.2016439879703,1.85732561486072,8.49508218114884,864.592011514849,0,9.75916241836328,258.310701403239,"BH vs. HB","HB"
"LOC111130131",2570.42810728983,11.3457281676144,2.36716913266463,1.16595673806923e-07,3.44182479373004e-05,2.8330052958095,87.2284305106193,272.662970052914,0.874706895641923,293.660268700538,1.16244221370333,44.5176842962554,0,2.20649251641193,3.99182981076607,0,162.323290424134,507.318225390106,0,16596.5962951291,0,60.105239243408,2.64302230236011,5.47954567165366,25.9265379058073,12.170420118328,4.2382030543209,13.2494789596257,116148.415107956,0,14.5163062229296,6.27005044714986,1.01435984742021,468.008094717445,649.974856227977,7.94419804116366,1.8569395072759,7643.50867188122,284.31219087004,484.350221538103,7.53797738463791,0,11.8596993988081,2.5287481421792,0,68.4338092874662,103.289834560082,0.774768722324605,1.48478462069184,0,56.5325920842022,79120.9678221817,0,1.36315814933995,59.819023337574,0,15.0039118926406,0,0,246.937329632403,7955.07954317424,0,431.870808547633,0,10.9062378905175,5.01009242633788,0,2.03429142888579,3.89185834151091,18.2488143561201,78.193694629884,0,108.735435715646,0,1345.64367546866,12.2068282898102,66.1631403354504,0,1.37995487314801,366.63591975978,65.4031132258574,0,189.585155929413,5.66770590724244,6.92638625861823,2.03256619077421,228.281408751117,0,1871.67067466703,0,6.19405538385081,49.4705026385974,4.64331403715181,15.9282790896541,1966.65862885911,0,44.4584065725438,681.000940063084,"BH vs. HB","HB"
"LOC111130133",927.350196806505,12.9438777817565,3.20868922410405,1.536590422939e-06,0.00038015247063511,0,99.2599381672565,233.711117188212,0,169.952990153461,2.32488442740666,34.0429350500777,0,0,0,0,47.7421442423922,447.572070747056,0,6649.2580955434,0,29.3013041311614,0,0,5.55568669410156,0,2.11910152716045,7.57113083407185,34563.1193994823,1.18931637470861,3.34991682067606,0,0,353.460658947441,257.694686177063,0,0,3667.9927912293,172.189073343827,184.555630031513,0,0,2.15630898160147,1.68583209478613,0,45.9789656150163,43.8494580679593,0,0,0,22.209232604508,31989.1550778937,0,0,31.48369649346,0,2.30829413732932,0,0,42.4732206967734,3386.39450294037,0,178.705162157641,0,0,1.25252310658447,0,0,0,8.64417522132007,31.5108918657742,0,50.6728244111749,0,599.022291430137,2.03447138163503,16.250595871865,0,2.06993230972201,252.062194834849,27.7131835702785,0,125.799495990545,0,2.96845125369353,0.677522063591404,83.1024426593978,0,1109.17817823603,0,0,11.1056230413178,3.71465122972145,8.49508218114884,922.231478949172,0,22.771378976181,283.928291625047,"BH vs. HB","HB"
"LOC111130132",1325.99659301866,4.54802021280443,4.80412968615973,0.000332771523880046,0.0339784249451185,0,34.0892716938053,220.410484502704,0,49.7141399768627,0,7.2013901067472,20.6363199549655,0,0,0,131.556130801259,244.225509330361,0,6887.69766564124,0,23.2907802068206,0,1.82651522388455,7.40758225880209,0,7.41685534506158,6.62473947981287,78048.8676384162,0,4.46655576090141,0,0,146.184346601719,212.832858219113,0,0,4330.95017603532,73.0802462447638,124.770003401586,0,2.1056993584784,11.8596993988081,0,0,24.5934002126832,15.5909184241633,0,0,0,26.2472748962367,27576.6171987616,0,0,22.038587545422,0,3.46244120599398,0,0,74.081198889721,2700.27298614539,0,320.180082199107,0,0,2.50504621316894,5.42857549805577,0,0,3.84185565392003,10.5036306219247,0,25.3364122055874,0,436.088228161139,10.1723569081751,16.250595871865,0,0.689977436574005,88.9631275887702,38.79845699839,0,33.6646538566247,0,2.96845125369353,0.677522063591404,52.0641809432372,0,540.008850163597,0,0,17.1632356093093,0,8.49508218114884,365.43422353361,0,33.6148927743624,264.715098958691,"BH vs. HB","HB"
"LOC144620752",36.8875976091249,20.8420870939602,2.93505145815191,4.59517141034859e-13,3.22618291153042e-10,0,3.00787691415929,20.900994220084,10.4964827477031,2.3122855803192,0,145.991817618602,0,0,0,0,144.287369265897,234.791905965669,0,0,0,144.252574184179,0,0,0,0,0,0,1810.93524014239,0,1.11663894022535,0,0,37.091550630287,1.04329832460349,0,0,56.8249186976592,29.0318786451801,142.099170540696,0,0,0,0,0,28.8705132931498,42.8750256664491,1.54953744464921,0,0,3.02853171879654,6.97818325640292,0,0,88.154350181688,0,0,0,0,3.95099727411845,6.55008607918834,0,31.9116360995788,0,1.09062378905175,0,0,0,0,95.0859274345207,0,0,24.280728363688,0,5.75061399772931,0,5.80378423995179,10.7904185412178,0,261.497678063961,4.43410937124457,0,0,0,0,0,8.00987399126726,0,3.24005310098158,0,0,0,0,0,10.3751041381782,0,0,2.13479918515073,"BH vs. HB","HB"
"LOC111118238",36.5346620016954,-2.99558936380838,0.812519456200196,3.75790767460233e-06,0.000848862327505605,13.2206913804443,26.0682665893805,8.550406726398,63.8536033818604,41.6211404457455,29.0610553425832,41.2443251568249,111.436127756813,41.9233578118267,18.9611916011388,40.3501588160025,14.8531115420776,11.5299596679569,1144.12629118705,31.0572549287096,23.6007865217286,20.2855182446502,25.549215589481,24.6579555224414,61.1125536351172,0.715907065784001,19.0719137444441,4.7319567712949,14.4253419864283,19.0290619953377,50.2487523101409,53.2954288007738,22.3159166432447,18.5457753151435,18.7793698428629,6.80931260671171,12.9985765509313,15.5989972895535,23.0252830634187,38.1241677060403,14.322157030812,28.4269413394584,20.484935325214,16.8583209478613,9.21945031699543,12.8313392413999,11.6931888181225,10.0719933902199,16.3326308276103,12.0944391679967,23.2187431774402,50.0103133375542,25.7118709916636,16.3578977920794,31.48369649346,20.5150549073744,21.9287943046286,7.39467268322767,50.6577538887889,53.3384632005991,29.4753873563476,21.9735216421194,82.9702538589049,20.3608615352583,38.1718326168113,55.1110166897167,27.1428774902789,14.2400400022005,13.6215041952882,36.4976287122403,22.1743313129522,3.21068173937167,23.2250445217885,9.93922096361994,3.83374266515287,10.8505140353868,26.6974075037782,8.9920154510148,2.06993230972201,5.39170470234971,11.0852734281114,24.3189231598632,22.1477985898847,1.13354118144849,39.579350049247,6.77522063591404,20.0246849781681,11.0475162786968,24.8404071075255,26.1404257312928,4.95524430708064,12.115225135983,30.6458726452019,12.7426232717233,29.9725230658481,48.6386782056825,41.2053524330894,10.6739959257537,"BH vs. HB","BH"
"LOC111118775",4.88618106651113,16.8504751324311,3.21389023800413,3.67472785965147e-08,1.15010127241164e-05,0,0,19.950949028262,3.49882758256769,15.0298562720748,0,0,0,218.442759124781,0,1.00875397040006,4.24374615487931,2.0963563032649,0,0,4.29105209485974,61.6078702244932,0,0,0,0,0,0,0,0,0,0,0,2.18185591942865,0,0,0,0,2.0021985272538,0,0,0,25.8757077792177,0,0,0,0,0,0,0.930341474461282,0,0,0,0,0,0,0,0,0,0,0,0,0,0,0,7.51513863950682,0,0,0,7.68371130784006,2.33414013820549,0,2.11136768379895,0,0,0,8.70567635992768,5.39520927060888,7.58975180231405,0,8.86821874248914,0,7.97320749235849,0,0,0,0,0,0,0,9.91048861416129,0,17.6445933411769,3.18565581793082,0,0,4.33740551927257,0,"BH vs. HB","HB"
"LOC111121907",254.400895624679,8.36971098927333,1.87667519903043,4.69267783911946e-07,0.000128317570765059,1.88867019720633,145.380717517699,392.368664222486,24.4917930779739,320.251552874209,2.32488442740666,725.376385297809,0,2.20649251641193,0.997957452691516,8.0700317632005,622.769748228539,656.159522921913,0,14.0258570645785,3.21828907114481,236.664379520919,0,4.56628805971138,7.40758225880209,5.01134946048801,2.11910152716045,13.2494789596257,3473.17849365544,20.8130365574006,31.2658903263099,6.27005044714986,13.1866780164628,679.648118902024,391.236871726311,7.94419804116366,12.9985765509313,1304.74470186194,510.560624449719,545.002306524985,5.27658416924654,0,8.62523592640589,0,0,429.849864586897,316.690530490817,8.52245594557066,0.742392310345921,3.72136589784513,202.911625159368,546.624355084895,8.22779871733236,2.7263162986799,940.313068604672,0,3.46244120599398,5.54600451242075,19.1161335429392,80.0076948008987,3623.83512331095,0.878940865684777,781.83508443968,19.391296700246,8.72499031241402,16.2828003855981,8.14286324708366,2.03429142888579,4.86482292688863,57.6278348088004,9.33656055282198,6.42136347874334,464.50089043577,9.93922096361994,632.567539750224,4.74709989048173,455.01668441222,168.150688933977,1.37995487314801,342.373248599207,109.744206938303,18.2391923698974,7.97320749235849,4.53416472579395,1.97896750246235,1.35504412718281,6.00740549345044,6.44438449590647,1330.5818068031,8.98577134513189,0,13.1248272306483,143.014072344276,6.37131163586163,1567.79351421359,4.42169801869841,3.25305413945443,1039.64720316841,"BH vs. HB","HB"
"LOC111122081",143.005562703379,-3.01237188590667,1.19485015596575,2.04334519772886e-05,0.00363561494530154,43.4394145357456,56.1470357309734,61.75293746843,36.7376896169608,56.6509967178203,34.8732664110998,2539.47202037022,2619.78081828287,31.994141487973,87.8202558368534,56.4902223424035,179.298275043651,109.010527769775,15.9090561926357,19.0350917304994,42.9105209485974,90.157858865112,73.123617031963,47.4893958209983,9.25947782350261,21.47721197352,41.3224797796288,401.269934205808,147.582344938075,43.4100476768641,24.5660566849578,40.7553279064741,39.5600340493884,62.1828937037165,93.8968492143145,93.06060562506,33.4249111309663,109.192981026875,59.0648565539871,48.5216679895058,49.7506507386102,38.9554381318505,34.5009437056236,2587.75226549672,43.024101479312,111.204940092133,54.5682144845716,59.6571916189946,23.0141616207235,32.5619516061449,57.5421026571343,47.6842522520866,19.5410219536644,29.3079002108089,78.70924123365,79.9007401655636,39.2410003345985,37.8976975015418,49.701947211642,33.5834768300069,72.0509468710718,22.8524625078042,122.327938381719,39.7521582355044,74.1624176555192,26.3029852382739,149.285826196534,46.7887028643732,50.5941584396418,85.4812882997206,50.1840129714181,40.6686353653745,54.8955597787728,40.4668282090241,77.6332889693457,36.6204848694305,30.1796780477493,61.1457050669007,53.1282626161984,118.617503451694,98.6589335101916,16.2126154399088,54.926540502914,41.9410237135941,25.7265775320106,23.7132722256992,52.0641809432372,29.4600434098581,111.241823133701,59.6328461995117,37.1643323031048,61.5857277745804,70.5783733647075,27.6090170887337,107.209409427841,74.0634418131984,50.9645148514527,124.885752331318,"BH vs. HB","BH"
"LOC144621073",39.9165547865585,2.24588897148218,1.74411261091351,0.000149988813517447,0.0178727495813886,3.77734039441266,14.0367589327433,9.50045191822,58.6053620080089,83.2422808914911,4.64976885481331,19.6401548365833,10.3181599774827,38.6136190372088,32.93259593882,18.1575714672011,51.9858903972715,10.4817815163245,1.32575468271965,106.195774917523,50.4198621146019,74.3802335637174,0,7.30606089553821,62.9644491998177,5.72725652627201,12.7146091629627,60.5690466725748,14.4253419864283,74.3322734192879,53.5986691308169,110.770891232981,41.5887537442288,28.3641269525724,71.9875843976411,21.5628232545871,16.7124555654831,233.984959343303,5.0054963181345,1.73291671391092,74.6259761079153,6.31709807543521,23.7193987976162,48.0462147014048,20.487667371101,66.2952527472329,71.1335653102451,89.8731717896542,69.0424848621706,14.8854635913805,71.6752506781849,157.009123269066,2.05694967933309,7.49736982136972,13.642935147166,0,16.1580589613053,3.69733634161384,18.1603268657923,45.4364686523622,65.5008607918834,9.66834952253255,0,0,22.9030995700868,6.26261553292235,76.0000569727808,38.65153714883,132.323183611371,42.2604121931203,11.6707006910275,12.8427269574867,15.8352576284922,73.8342128726053,50.7970903132756,1.35631425442335,84.7352499032961,12.5888216314207,12.4195938583321,79.5276443596582,12.1938007709226,6.07973078996579,37.2083016310063,78.2143415199457,76.1902488448005,46.7490223878069,28.0345589694354,56.1582077500421,10.8001770032719,193.602528072387,17.3433550747823,6.05761256799152,9.28662807430361,38.2278698151698,4.61115739474586,6.63254702804762,48.7958120918164,55.504778813919,"BH vs. HB","HB"
"LOC111121652",63.2403085745273,6.78441124808604,1.51922087316718,6.77635409182638e-07,0.000177807424488257,0,5.01312819026548,28.50135575466,0,20.8105702228728,9.29953770962662,0.654671827886109,0,0,19.9591490538303,500.341969318431,12.7312384646379,0,0,13.0240101313943,11.8003932608643,6.0105239243408,0.881007434120036,3.6530304477691,10.1854256058529,3.57953532892001,14.8337106901232,5.67834812555389,73.2363516234054,36.2741494286125,4.46655576090141,20.9001681571662,15.2153977113032,8.72742367771459,13.5628782198454,20.4279378201351,1.8569395072759,0,13.0142904271497,20.7950005669311,3.01519095385517,2.1056993584784,10.7815449080074,6.74332837914453,0,4.27711308046664,1.94886480302041,30.9907488929842,1.48478462069184,0.930341474461282,44.418465209016,8.14121379913674,4.11389935866618,15.6763187174094,7.346195848474,21.5947946393415,3438.20411755203,0,1.91161335429392,5.92649591117768,0,5.27364519410866,53.1860601659646,132.830382396685,4.36249515620701,7.51513863950682,5.42857549805577,5.08572857221448,0,10.5651030482801,1.16707006910275,11.7724997110295,8.44547073519582,19.8784419272399,4.79217833144109,8.1378855265401,5.80378423995179,1.79840309020296,9.65968411203607,29.6543758629234,19.9534921706006,0,27.463270251457,0,766.849907204161,37.9412355611186,96.1184878952071,8.2856372090226,0,0,0,6.05761256799152,1.85732561486072,4.24754109057442,19.5974189276699,1.1054245046746,40.1210010532713,21.3479918515073,"BH vs. HB","HB"
"LOC144620654",16.5625187919757,39.358400325064,4.62743211430914,6.00127403582565e-19,1.11353639734745e-15,0,387.013496288495,0,0,0,0,0,0,0,0,0,0,1.04817815163245,0,0,47.2015730434571,0,0,0,0,0,0,0,0,35.0848330539039,0,0,0,0,0,0,374.173310716094,0,0,0,0,0,0,0,0,2.13855654023332,0,0,46.770715551793,0,76.7228035428458,0,0,77.7000145123771,0,0,0,12.016343110245,0,0,58.9507747126951,0,0,0,0,2.50504621316894,0,0,0,0,0,0,29.5591475731854,0,46.9633476481227,0,0,0,0,0,0,0,0,0,0,0,87.1073796550314,0,89.6414691271571,0,0,0,0,0,142.945879237122,0,22.771378976181,0,"BH vs. HB","HB"
"LOC111120293",58.7570720095162,9.04142569286932,3.70868937167004,2.18153655116224e-05,0.00382903885064469,2.8330052958095,0,424.670200744434,0,0,0,1.30934365577222,0,0,1.99591490538303,61.5339921944038,0,0,0,3.00554079955254,0,0,0.881007434120036,0.913257611942276,0,0,0,0,2.21928338252744,0,0,4.18003363143324,3.04307954226064,0,0,0,0,0,0,14.7297920682428,6.03038190771033,0,18.3286263436125,0,2.0487667371101,12.8313392413999,3.89772960604083,0,0,0.930341474461282,2.01902114586436,0,0,4.08947444801985,6.296739298692,60.4654249901562,1827.01480969616,0,3.82322670858784,0,0,0,101.053514315333,28.1173802153567,7.63436652336227,0,0,4.06858285777158,0,0,681.568920356004,1.07022724645722,0,154.767869290653,1.91687133257644,2.03447138163503,4.06264896796625,0,4.13986461944403,0,4.43410937124457,0,0,5.66770590724244,40.5688338004782,371.959612911681,0,0.920626356558067,4.32007080130877,0,0,0,0,5.30942636321803,811.563701475272,2.21084900934921,755.792911733245,2.13479918515073,"BH vs. HB","HB"
"LOC111118354",73.1460962173135,2.19768135933662,1.38701277784713,7.44317836950725e-05,0.0103952389518651,48.1610900287615,51.1339075407079,23.75112979555,31.4894482431092,27.7474269638304,27.8986131288799,27.4962167712166,55.7180638784067,58.4720516849162,19.9591490538303,47.4114366088029,655.658780928853,23.0599193359139,14.5833015099161,26.0480202627887,11.8003932608643,31.5552506027892,25.549215589481,114.157201492784,48.1492846822136,27.204468499792,29.6674213802463,39.7484368788772,23.3024755165381,13.677138309149,50.2487523101409,11.4950924864414,50.7179923710107,79.6377410591457,30.2556514135014,85.1164075838963,33.4249111309663,14.4847831974426,55.0604594994795,57.1862515590604,10.5531683384931,38.9554381318505,1014.54337584349,31.1878937535435,56.3410852705276,29.9397915632665,28.258539643796,43.3870484501779,43.0587540000634,16.7461465403031,40.3804229172873,1286.3117802636,25.7118709916636,25.218425762789,111.242394276892,47.5085482065513,55.3990592959037,36.9733634161384,20.0719402200862,49.3874659264807,29.4753873563476,67.6784466577278,46.8037329460489,40.7217230705167,66.5280511321569,37.5756931975341,57.9048053125949,83.4059485843175,14.5944687806659,46.1022678470404,30.3438217966714,47.0899988441178,72.8421850910639,43.3066056272012,19.1687133257644,46.1146846503939,112.01303583107,31.4720540785518,16.5594584777761,60.6566779014343,168.496156107294,39.5182501347777,44.2955971797694,23.8043648104183,38.5898662980159,53.5242430237209,71.0876316724969,34.9838015492065,17.2802832052351,4.0844415205145,38.403143379875,20.1920418933051,23.216570185759,60.5274605406855,157.932140770046,15.4759430654444,11.9278651779996,26.6849898143842,"BH vs. HB","HB"
"LOC111120314",9.6202905127188,2.11485458776131,2.39383936033083,0.00045124686604958,0.0420144797110033,10.3876860846348,3.00787691415929,5.700271150932,29.7400344518254,3.46842837047879,1.16244221370333,15.0574520413805,0,1.10324625820597,0,10.0875397040006,11.6703019259181,2.0963563032649,0,1.00184693318418,0,15.7776253013946,0.881007434120036,39.2700773135179,19.4449034293555,0,2.11910152716045,2.83917406277694,2.21928338252744,4.16260731148012,3.34991682067606,37.6203026828991,13.1866780164628,8.72742367771459,1.04329832460349,2.2697708689039,5.57081852182771,17.8274254737755,0,0,9.79937060002929,6.31709807543521,43.1261796320295,21.0729011848267,4.09753347422019,22.4548436724498,1.94886480302041,9.29722466789526,0,0,11.104616302254,37.2169773674822,4.11389935866618,6.81579074669974,0,20.5150549073744,4.61658827465864,18.4866817080692,6.69064674002873,16.7917384150034,45.8506025543184,10.5472903882173,5.31860601659647,5.81738901007381,9.81561410146577,5.01009242633788,0.904762583009296,0,9.72964585377727,0,7.00242041461648,10.7022724645722,0,5.67955483635425,1.91687133257644,6.10341414490508,20.3132448398313,1.79840309020296,8.96970667546206,12.1313355802868,16.6279101421671,0,41.6378613489832,1.13354118144849,28.6950287857041,5.42017650873124,0,10.1268899221387,8.64014160261755,34.3093087723218,17.3433550747823,4.03840837866101,0,13.8045085443669,0,0,9.75916241836328,20.280592258932,"BH vs. HB","HB"
"LOC111122406",43.4764170600932,-1.7028907802863,1.6068993032434,0.000231766085920111,0.025085781724778,59.4931112119995,4.01050255221238,32.301536521948,9.62177585206116,35.8404264949475,20.9239598466599,32.0789195664193,8.25452798198618,61.7817904595341,5.9877447161491,9.07878573360056,102.910844255823,1.04817815163245,1096.39912260915,45.0831119932881,10.7276302371494,58.6026082623228,15.8581338141606,22.8314402985569,21.296798994056,18.613583710384,73.1090026870356,92.7463527173801,66.5785014758231,68.9803497330992,104.964060381183,9.40507567072478,3.04307954226064,43.637118388573,38.6020380103293,12.4837397789715,16.7124555654831,22.2842818422193,40.043970545076,63.2514600577486,21.1063366769862,13.6870458301096,33.4227892148228,9.27207652132373,11.2682170541055,22.4548436724498,20.4630804317143,85.2245594557066,17.0750231379562,0.930341474461282,31.2948277608976,32.564855196547,51.4237419833273,1.36315814933995,23.088044095204,1.07973973196708,16.1580589613053,11.0920090248415,17.2045201886453,22.7182343261811,1.63752151979709,57.1311562695105,10.6372120331929,27.1478153803444,57.8030608197429,25.0504621316894,46.1428917334741,19.325768574415,51.5671230250195,9.60463913480007,19.8401911747467,7.49159072520056,34.8375667826827,1.41988870908856,20.1271489920526,26.4481279612553,62.1004913674841,15.2864262667252,32.4289395189782,12.1313355802868,38.79845699839,34.4518078098062,288.807293612096,22.6708236289698,34.6319312930912,26.4233604800648,79.0975056637642,5.5237581393484,12.9602124039263,16.337766082058,11.1492996909314,18.1728377039746,13.9299421114554,37.1659845425262,27.6669443684752,6.63254702804762,34.6992441541805,24.5501906292334,"BH vs. HB","BH"
"LOC111121037",39.8286767291859,24.4390296472086,3.6829817578911,8.7386284923136e-12,4.82985856052831e-09,0,0,5.700271150932,0,0,0,0,0,0,0,143.243063796809,0,0,0,0,0,0,0,42.0098501493447,3.70379112940104,0,0,9.46391354258981,11.0964169126372,80.8735134801853,0,2.09001681571662,0,0,0,0,0,0,0,0,4.52278643078275,0,2.15630898160147,0,0,2.13855654023332,0,1.54953744464921,0,0,88.836930418032,0,0,1.36315814933995,5.24728274891,0,2297.90681371134,0,0,0,0,0,112.754447551845,104.713002181329,3.27187136715526,2.50504621316894,0,0,0,0,0,0,0,16.3287201545185,0,0,0,0,0,0,0,0,69.1011316004402,0,534.321225664835,30.4884928616132,26.0320904716186,0,0,7.35199473692609,0,0,0,0,16.1390508816105,0,79.1576507267244,0,"BH vs. HB","HB"
"LOC144620870",37.3680052621067,4.34183793831841,3.54835924156359,0.00018908693710323,0.0211720317462526,0,8.02100510442476,15.200723069152,12.2458965389869,5.78071395079799,1.16244221370333,22.9135139760138,0,0,3.99182981076607,3.02626191120019,54.1077634747112,83.854252130596,0,89.164377053392,2.14552604742987,24.0420956973632,7.04805947296029,0,0,1.431814131568,0,0,332.892507379116,0,1.11663894022535,6.27005044714986,6.08615908452129,52.3645420662876,61.5546011516062,0,1.8569395072759,148.190474250758,32.0351764360608,98.7762526929225,0,0,1.07815449080074,6.74332837914453,0,29.9397915632665,23.386377636245,0,0,0,52.4945497924734,1645.68821796835,2.05694967933309,4.08947444801985,75.560871584304,0,0,8.31900676863113,0,20.7427356891219,67.1383823116805,0,0,0,10.9062378905175,0,9.95238841310225,0,0,16.3278865291601,9.33656055282198,0,28.5034637312859,0,33.5452483200876,12.8849854170218,2.32151369598072,5.39520927060888,3.44988718287002,45.8294899699725,13.3023281137337,4.0531538599772,1.77182388719077,4.53416472579395,10.8843212635429,0,0,0,144.722371843844,0,0,8.07681675732202,0.928662807430361,0,27.6669443684752,0,0,68.3135739248234,"BH vs. HB","HB"
"LOC111119122",179.812192409773,1.88383599838105,1.82193646861225,0.000269478317669267,0.0283410455793302,497.664596963869,19.0498871230088,109.25519705953,6.99765516513539,45.0895688162243,56.9596684714631,39.9349815010527,100.086151781582,63.988282975946,18.9611916011388,18.1575714672011,201.577942356767,147.793119380175,37.1211311161501,76.1403669219977,87.9665679446247,117.956532015188,39.6453345354016,133.335611343572,52.7790235939649,166.090439261888,21.1910152716045,45.4267850044311,16.6446253689558,268.785500684145,166.379202093578,35.5302858671825,42.603113591649,175.639401514006,26.0824581150874,22.697708689039,5.57081852182771,121.449336040095,48.0527646540912,618.651266866199,70.8569874155964,15.792745188588,389.213771179066,69.1191158862315,8.19506694844038,17.1084523218665,435.571283475063,24.7925991143874,122.494731207077,13.9551221169192,62.5896555217953,3237.87703097095,53.4806916626603,175.847401264853,32.533153043242,240.781960228658,1584.64392527658,11.0920090248415,44.9229138259072,24.6937329632403,106.438898786811,159.088296688945,138.283756431508,46.5391120805905,2954.4998445412,100.201848526758,0,9.15431142998606,127.458360684482,114.295205704121,4.66828027641099,36.3877263795456,43.2830375178786,4.96961048180997,6.70904966401753,245.492880050626,33.0815701677252,41.3632710746681,15.1795036046281,183.31795987989,380.224878584222,23.3056346948689,103.65169740066,44.208106076491,17.8107075221612,221.549714794389,675.833118013175,133.49082170092,77.7612744235579,22.8728725148812,18.5821661515524,34.3264712186186,97.5095947801879,50.9704930868931,28.8197337171616,48.6386782056825,22.771378976181,62.9765759619466,"BH vs. HB","HB"
"LOC111113041",18.1919342699649,16.3204230913035,3.03789118061338,1.83735791802575e-08,6.11910854314807e-06,0,13.0341332946902,0,0,10.4052851114364,15.1117487781433,0.654671827886109,0,29.7876489715611,0,22.1925873488014,115.642082720461,103.769637011613,0,23.0424794632361,0,12.7723633392242,0,50.2291686568252,75.9277181527214,0,0,0,0,0,32.3825292665352,34.4852774593242,0,0,0,0,15.7839858118452,0,11.0120918998959,0,0,27.3740916602192,0,0,14.3413671597707,18.1777305919832,0,24.7925991143874,27.4685154827991,0,0,0,0,0,124.885329424058,0,0,0,0,15.8039890964738,0,24.6103442391738,0,0,52.3499418744841,0,0,0,0,35.5371647987603,0,0,15.8352576284922,115.010985436174,0,9.49419978096345,0,29.6736509883489,151.105058609707,0,0,0,0,4.53416472579395,83.1166351034188,29.8109707980218,0,0,0,0,0,0,76.1503502092896,0,245.544131270217,0,0,0,"BH vs. HB","HB"
"LOC144621597",65.1600800143884,1.24977855244969,1.45637208031211,0.000381375875408847,0.0371048730917439,67.992127099428,166.435855916814,101.654835524954,75.2247930252054,16.1859990622344,18.5990754192532,64.1578391328387,20.6363199549655,63.988282975946,13.9714043376812,32.280127052802,47.7421442423922,26.2044537908112,10.6060374617572,41.0757242605514,54.7109142094617,23.2907802068206,16.7391412482807,121.463262388323,56.4828147233659,19.329490776168,34.9651751981475,503.480200465778,13.3157002951646,23.7863274941721,16.7495841033803,14.6301177100163,53.7610719132714,135.275067004576,21.9092648166734,6.80931260671171,152.269039596624,18.9416395658864,63.0692536084948,11.263958640421,93.4709195695101,32.6383400564153,771.958615413328,10.1149925687168,24.5852008453212,10.6927827011666,292.329720453062,23.2430616697382,26.7261231724531,32.5619516061449,26.2472748962367,654.78619555914,15.4271225949982,81.7894889603969,13.642935147166,33.4719316909793,41.5492944719278,36.9733634161384,66.9064674002873,36.5467247855957,52.4006886335068,15.820935582326,44.6762905394103,54.2956307606889,9.81561410146577,25.0504621316894,32.5714529883346,73.2344914398885,139.133935709015,16.3278865291601,120.208217117583,29.9663629008022,68.619449723466,40.4668282090241,55.5892686447167,12.8849854170218,6.96454108794214,33.2704571687548,24.1492102800902,9.43548322911199,14.4108554565448,18.2391923698974,50.4969807849371,68.0124708869093,33.64244754186,57.5893754052694,58.0715864366876,101.268899221387,7.56012390229036,48.1964099420711,47.0748209172661,22.2112460826356,13.0012793040251,19.1139349075849,56.4866780856368,22.1084900934921,93.2542186643602,9.6065963331783,"BH vs. HB","HB"
"LOC144621682",79.6320236369077,-23.2843819337054,3.63574034098078,4.48656452539857e-11,2.35086854210032e-08,342.793640792949,0,0,0,0,0,872.677546572183,0,0,0,0,2.12187307743965,33.5417008522384,1.32575468271965,153.28258077718,0,4.5078929432556,0,0,12.0373211705534,2.863628263136,1024.58558838208,0,0,0,2.2332778804507,804.656474050898,297.207435294123,0,0,1247.23909246269,0,0,0,11.263958640421,0,0,760.098916014519,0,0,0,153.960319438613,1049.03685002752,0,0,0,0,0,0,0,0,0,0,0,13.8284904594146,0,66.7995057920431,0,0,0,0,47.9524168994927,0,0,0,0,0,0,0,0,0,0,0,1.37995487314801,0,0,13.1727500449259,38.980125518197,15.8695765402788,2.96845125369353,0,0,0,0,424.781918133508,0,0,0,0,4.61115739474586,0,0,0,"BH vs. HB","BH"
"LOC111115694",6.40025743412599,2.56652052904418,2.84803536652786,0.000433242261671543,0.0404832166598622,0,0,6.650316342754,1.74941379128385,0,0,5.23737462308887,0,0,5.9877447161491,2.01750794080012,13.7921750033578,0,0,0,9.65486721343441,30.052619621704,0.881007434120036,0,0,0,0,23.6597838564745,3.32892507379116,2.37863274941721,0,0,2.02871969484043,1.09092795971432,30.2556514135014,5.67442717225976,3.71387901455181,8.91371273688773,2.0021985272538,18.1956254960647,3.01519095385517,2.1056993584784,1.07815449080074,6.74332837914453,0,31.0090698333831,5.84659440906124,6.19814977859684,1.48478462069184,2.79102442338385,11.104616302254,3.48909162820146,10.2847483966655,0.681579074669974,6.296739298692,0,26.5453825792872,3.69733634161384,0,7.90199454823691,3.27504303959417,1.75788173136955,0,0,32.7187136715526,0,3.61905033203718,12.2057485733148,1.94592917075545,43.2208761066003,9.33656055282198,0,2.11136768379895,0,1.91687133257644,0,0,0,1.37995487314801,45.8294899699725,3.32558202843343,0,0.885911943595387,1.13354118144849,14.8422562684676,0,7.00863974235885,21.1744062008355,7.56012390229036,0,0,0,0,15.9282790896541,6.91673609211879,0,31.4461900147261,18.1457930737812,"BH vs. HB","HB"
"LOC111115329",440.842558857117,8.37121185771823,4.70815423832937,5.94793144204391e-05,0.00868030421741431,1.88867019720633,15.0393845707964,792.337689979548,12.2458965389869,427.772832359051,77.883628318123,674.311982722692,0,0,0,0,550.62606359559,115.299596679569,0,545.004731652194,0,7.513154905426,5.28604460472022,0,1.85189556470052,0,0,19.8742184394386,332.892507379116,0,66.9983364135212,0,0,18.5457753151435,285.863740941358,0,0,7691.419877842,12.0131911635228,597.856266299268,0,0,4.31261796320295,0,0,60.9488613966496,17.5397832271837,0,0,0,65.6181872405918,11423.2859907316,0,0.681579074669974,487.99729564863,0,4.61658827465864,0,0,85.9341907120764,3117.84097369365,1.75788173136955,855.231847468712,0,4.36249515620701,2.50504621316894,34.3809781543532,0,0,7.68371130784006,7.00242041461648,0,50.6728244111749,0,515.638388463062,15.5976139258685,10.4468116319132,0,0,145.576026963442,5.54263671405571,0,0,2.26708236289698,0,0,2.00246849781681,0,3007.84929541123,0,0,14.1344293253135,4.64331403715181,0,4967.36930348998,0,2.16870275963628,3820.22314182723,"BH vs. HB","HB"
"LOC111111250",166.302693624137,13.749814514533,5.20417140282984,1.63217475356332e-05,0.00310123274509021,3.77734039441266,1375.60237540885,282.163421971134,280.780913501057,0,22.0864020603632,1518.83864069577,0,0,1.99591490538303,0,22.2796673131164,677.123085954562,0,0,0,480.090598456721,0,0,0,0,0,0.946391354258981,1924.11869265129,0,0,0,0,1994.21631035778,1.04329832460349,0,0,85.7944850925444,319.350665096981,201.018338813667,0,0,0,2.5287481421792,0,1213.63083658241,362.488853361797,3.87384361162303,0,0,0,0,1.02847483966655,0,0,0,0,0,0,0,0,0,0,0.969564835012302,0,0,1.80952516601859,0,0,0.960463913480007,0,0,1703.87372082576,0,0,0,0,0,0,571.520698449069,130.806226451715,0,0,0,0,0,0,0,1347.86209000834,0,0,0,0.928662807430361,0,10.3751041381782,0,2.16870275963628,920.098448799966,"BH vs. HB","HB"
"LOC111111486",85.6484950897419,2.86000611520291,1.61386010237159,6.45674213714304e-05,0.00931815502758693,62.326116507809,18.0472614849557,84.554022072158,38.4871034082446,2.3122855803192,33.7108241973965,65.4671827886109,128.976999718534,2.20649251641193,38.9203406549691,28.2451111712017,20.1577942356767,29.3489882457086,9.28028277903752,401.740620206856,19.3097344268688,43.5762984514708,85.4577211096435,107.764398209189,28.7043812528581,2.863628263136,23.310116798765,11.3566962511078,119.841302656482,25.570302056235,14.5163062229296,84.6456810365231,26.3733560329256,7.63649571800027,107.45972743416,49.9349591158858,62.2074734937428,211.700677501083,148.162691016781,19.9285422099756,5.27658416924654,53.6953336411993,15.0941628712103,94.4065973080235,56.3410852705276,45.9789656150163,30.2074044468164,24.7925991143874,14.8478462069184,4.65170737230641,19.1807008857114,3768.21895845758,5.14237419833273,10.2236861200496,71.363045385176,101.495534804905,16.1580589613053,28.6543566475072,10.5138734486166,36.5467247855957,21.2877797573621,15.820935582326,29.7841936929402,3.87825934004921,78.5249128117262,20.0403697053515,12.6666761621301,43.7372657210445,8.75668126839954,55.7069069818404,26.8426115893632,75.9861344984628,16.8909414703916,6.38949919089853,24.9193273234937,282.791522047269,5.80378423995179,9.89121699611628,48.2984205601803,84.9193490620079,26.6046562274674,9.11959618494869,15.946414984717,56.6770590724244,37.6003825467847,33.1985811159788,33.0407302139774,21.1744062008355,33.480548710143,17.9715426902638,1.23881107677016,27.2592565559618,39.9325007195055,18.0520496349413,70.3201502698744,21.0030655888175,35.7835955339987,17.0783934812059,"BH vs. HB","HB"
"LOC111110826",158.55203160032,3.84678777054181,2.23869783489459,7.9976867369604e-05,0.0108772726893204,3.77734039441266,139.36496368938,192.859173939866,7.87236206077731,98.2721371635658,6.97465328221997,122.423631814702,35.0817439234413,25.3746639387372,2.99387235807455,14.1225555856009,945.294455999366,305.019842125043,0,488.90130339388,19.3097344268688,109.69206161922,25.549215589481,30.1375011940951,1.85189556470052,2.863628263136,30.7269721438266,5.67834812555389,797.832376018614,7.13589824825164,32.3825292665352,6.27005044714986,0,56.7282539051449,407.929644919967,13.6186252134234,1.8569395072759,1666.864281798,50.054963181345,129.102295186364,24.1215276308413,3.1585490377176,31.2664802332214,1.68583209478613,22.5364341082111,65.2259744771162,102.315402158572,2.32430616697382,23.7565539310695,6.51239032122897,76.7228035428458,3663.54620961153,2.05694967933309,139.042131232675,400.892402016724,10.7973973196708,56.5532063645684,56.384379209611,5.73484006288177,213.353852802396,199.777625415245,20.2156399107499,74.4604842323505,10.6652131851353,10.9062378905175,7.51513863950682,41.6190788184276,2.03429142888579,5.83778751226636,62.4301543762005,40.8474524185961,25.6854539149734,99.2342811385508,7.8093878999871,247.27640190236,32.5515421061604,80.0922225113347,16.1856278118266,138.685464751375,36.3940067408605,99.7674608530028,20.265769299886,38.980125518197,9.06832945158791,17.8107075221612,18.9706177805593,11.0135767379925,0,359.645894208955,13.0702128656464,17.3433550747823,66.6337382479067,18.5732561486072,16.9901643622977,797.730229291034,22.1084900934921,2.16870275963628,1363.06927971874,"BH vs. HB","HB"
"LOC144621553",390.991667955057,24.7512581455964,4.70253350318645,2.83942570439837e-08,9.10614339792056e-06,0,0,2099.59987392662,0,3579.41807833412,0,223.243093309163,0,2369.77296262642,0,0,2261.91670055067,0,0,0,0,0,0,0,0,0,0,0,0,0,0,0,1.01435984742021,0,354.721430365188,0,0,2664.08589423732,721.792569074996,8635.99044377508,0.753797738463791,0,0,0,0,0,0,0,0,2195.60587972863,678.391105010426,0,2038.43713221909,1990.89247711099,0,0,0,0,0,0,0,0,0,239.482514248038,0,0,33.4762155713439,0,2972.40680832896,0,0,0,0,0,0,0.678157127211675,1293.66350708525,0,4.82984205601803,552.649731990845,0,0,0,18.1366589031758,0,0,0,0,0,414.16237018017,0,0,0,0,0,0,879.408969032513,137.694547442222,"BH vs. HB","HB"
"LOC111115403",18.6757693789036,4.95725593331307,2.48372991067489,5.13985369556583e-05,0.00771780228033027,0,9.02363074247786,61.75293746843,6.12294826949346,26.5912841736708,8.13709549592329,48.4457152635721,0,4.41298503282386,3.99182981076607,16.140063526401,45.6202711649526,52.4089075816225,0,12.0221631982102,0,60.8565547339506,0,9.13257611942276,1.85189556470052,2.147721197352,0,8.51752218833083,8.87713353010975,0.594658187354303,54.7153080710423,14.6301177100163,0,26.1822710331438,2.08659664920699,0,0,220.614390237971,1.0010992636269,23.3943756377974,2.26139321539137,4.21139871695681,0,20.2299851374336,5.12191684277524,13.9006175115166,10.7187564166123,17.8196806134659,8.90870772415105,5.58204884676769,0,119.792145901583,4.11389935866618,1.36315814933995,16.791304796512,0,13.8497648239759,29.5786907329107,31.5416203458497,25.6814822817699,91.7012051086368,7.03152692547822,81.9065326555856,4.84782417506151,27.2655947262938,1.25252310658447,43.4286039844462,2.03429142888579,5.83778751226636,0.960463913480007,1.16707006910275,4.28090898582889,14.7795737865927,0,2.87530699886466,86.1259551558828,7.54491951193732,0.89920154510148,0,45.8294899699725,31.038765598712,5.06644232497149,8.85911943595387,0,4.94741875615588,6.77522063591404,19.0234507292597,6.44438449590647,99.3616284301018,14.7039894738522,0,15.1440314199788,0.928662807430361,3.18565581793082,12.6806828355511,0,2.16870275963628,16.0109938886305,"BH vs. HB","HB"
"LOC144621318",21.1069687861848,41.0044413479779,4.81393159335533,3.9190629613838e-19,8.50718001484584e-16,0,117.307199652212,0,0,0,54.6347840440564,0,0,0,0,0,0,0,0,0,0,0,0,0,0,0,0,0,0,0,58.0652248917183,108.680874417264,0,0,0,155.479304519917,184.765480973952,0,70.0769484538831,0,0,108.443516961638,0,96.0924294028096,66.5849189560781,102.650713931199,0,0,0,0,0,70.944863106763,0,0,90.253263281252,0,0,0.924334085403459,0,0,157.20206590052,71.1942101204669,128.710265601634,0,0,0,0,0,0,91.2440717806007,0,0,0,0,0,0,93.4409262632238,0,0,0,0,0,0,0,0,0,0,136.252700770594,0,0,0,0,0,0,0,0,0,0,"BH vs. HB","HB"
"LOC111114545",7.71906407340472,3.67600258741996,3.00281968431259,0.00019713733692928,0.0218847718009056,5.666010591619,0,5.700271150932,4.37353447820962,0,0,3.92803096731665,0,0,3.99182981076607,19.1663254376012,44.5593346262327,2.0963563032649,0,0,0,3.0052619621704,0,1.82651522388455,1.85189556470052,2.863628263136,0,17.0350443766617,4.43856676505487,10.7038473723775,0,1.04500840785831,0,8.72742367771459,0,0,0,2.22842818422193,2.0021985272538,0,3.01519095385517,0,0,9.27207652132373,0,1.06927827011666,1.94886480302041,3.09907488929842,1.48478462069184,0,2.01902114586436,0,6.17084903799927,6.81579074669974,2.098913099564,21.5947946393415,274.687002342189,1.84866817080692,7.64645341717569,0,0,0,0,4.84782417506151,2.18124757810351,0,6.33333808106507,2.03429142888579,0,0,0,0,17.9466253122911,2.83977741817713,0,4.06894276327005,34.8227054397107,2.69760463530444,2.75990974629602,0,0,4.0531538599772,8.85911943595387,2.26708236289698,86.0850863571123,5.42017650873124,7.00863974235885,0.920626356558067,0,8.98577134513189,2.47762215354032,1.00960209466525,4.64331403715181,1.06188527264361,4.61115739474586,3.31627351402381,6.50610827890885,2.13479918515073,"BH vs. HB","HB"
"LOC111113984",22.771407872907,-3.01212720682676,1.97841297500962,0.000106115707925744,0.0136463749741934,17.9423668734602,8.02100510442476,1.900090383644,62.9788964862185,1.1561427901596,106.944683660706,39.2803096731665,0,2.20649251641193,12.9734468849897,59.5164842536037,4.24374615487931,18.8672067293841,407.006687594931,2.00369386636836,17.164208379439,9.0157858865112,9.6910817753204,1.82651522388455,5.55568669410156,2.147721197352,3.17865229074068,17.9814357309206,3.32892507379116,14.8664546838576,90.4477541582536,17.7651429335913,7.1005189319415,3.27278387914297,21.9092648166734,7.94419804116366,1.8569395072759,6.68528455266579,7.00769484538831,9.53104192651007,23.3677298923775,213.728484885558,2.15630898160147,0.842916047393067,11.2682170541055,14.9698957816332,9.74432401510207,1.54953744464921,8.90870772415105,3.72136589784513,12.1141268751862,6.97818325640292,10.2847483966655,3.40789537334987,6.296739298692,5.39869865983538,1.15414706866466,9.24334085403459,1.91161335429392,7.90199454823691,0,10.5472903882173,0,3.87825934004921,8.72499031241402,18.7878465987671,1.80952516601859,5.08572857221448,4.86482292688863,2.88139174044002,10.5036306219247,4.28090898582889,51.7285082530744,2.12983306363284,2.87530699886466,4.06894276327005,4.06264896796625,5.39520927060888,0.689977436574005,5.39170470234971,1.10852734281114,3.0398653949829,18.6041508155031,2.26708236289698,96.9694076206552,4.74265444513983,375.462843340653,9.20626356558067,3.24005310098158,2.4506649123087,8.67167753739113,17.1632356093093,3.71465122972145,15.9282790896541,6.91673609211879,2.21084900934921,36.8679469138168,3.2021987777261,"BH vs. HB","BH"
"LOC111111642",100.877657543969,5.72521817702848,1.20956013621574,3.88918944230039e-07,0.000107478163981529,16.0536966762538,43.1129024362831,152.957275883342,22.74237928669,105.208993904523,74.396301677013,221.279077825505,6.19089598648964,9.9292163238537,5.9877447161491,20.1750794080012,496.518300120879,901.433210403907,2.65150936543929,68.1255914565242,12.8731562845792,58.6026082623228,12.3341040776805,0.913257611942276,5.55568669410156,5.01134946048801,4.2382030543209,4.7319567712949,457.172376800652,2.37863274941721,11.1663894022535,10.4500840785831,6.08615908452129,24.0004151137151,9.38968492143145,19.2930523856832,18.569395072759,939.282479649544,103.113224153571,151.630212467206,7.53797738463791,6.31709807543521,36.6572526872251,17.7012369952544,23.5608174767661,362.485333569547,385.875230998042,66.630110119916,15.5902385172643,1.86068294892256,40.3804229172873,2196.96469522419,12.3416980759985,23.8552676134491,206.742940307054,16.1960959795061,8.07902948065263,27.7300225621038,0,14.8162397779442,62.2258177522893,21.9735216421194,84.0339750622241,11.6347780201476,46.8968229292254,0,54.2857549805577,14.2400400022005,19.4592917075545,82.5998965592806,26.8426115893632,17.1236359433156,33.7818829407833,7.8093878999871,174.435291264456,328.228049570451,17.4113527198554,36.8672633491607,17.9394133509241,217.016114269576,66.5116405686685,5.06644232497149,1.77182388719077,38.5404001692486,1.97896750246235,21.6807060349249,67.0826946768633,144.538337979617,132.842177140245,6.53510643282319,0,21.2016439879703,1.85732561486072,13.8045085443669,32.278101763221,11.054245046746,5.42175689909071,59.7743771842205,"BH vs. HB","HB"
