"Gene","baseMean","log2FoldChange","lfcSE","pvalue","padj","B1_B1_O01","B1_W5_O50","B2_B5_O51","B2_C4_O40","B3_B4_O41","B3_C3_O30","B3_C6_O66","B3_H4_O41","B3_W1_O06","B3_W4_O41","B4_B2_O19","B4_B3_O32","B4_C5_O56","B4_H5_O55","B4_W2_O19","B4_W6_O67","B5_B6_O69","B5_H2_O21","B5_W3_O33","B6_C2_O24","B6_H3_O35","B6_H6_O72","C_W5_W52","C1_H2_W13","C1_H6_W62","C2_B2_W16","C2_C1_W03","C2_H1_W04","C2_W2_W15","C3_B3_W30","C3_C2_W17","C3_W3_W29","C4_B1_W07","C4_B5_W56","C4_C6_W67","C4_H5_W56","C5_B4_W46","C5_C3_W33","C5_W1_W09","C5_W4_W45","C6_B6_W71","C6_C5_W59","C6_H3_W36","C6_H4_W48","C6_W6_W72","H1_B2_B13","H1_B6_B61","H1_C6_B62","H1_W4_B38","H1_W5_B49","H2_B5_B51","H2_C1_B04","H2_H1_B03","H2_W2_B16","H3_B4_B41","H3_C5_B54","H3_H4_B41","H3_H6_B66","H3_W3_B30","H3_W6_B66","H4_H2_B19","H4_W1_B07","H5_B1_B09","H5_B3_B34","H5_C2_B22","H5_C4_B46","H6_C3_B36","H6_H3_B35","W1_C1_G02","W1_C6_G61","W1_H5_G49","W1_W1_G01","W1_W6_G62","W2_B2_G04","W2_B6_G64","W2_C2_G15","W3_B5_G54","W3_C3_G29","W3_H2_G18","W3_H3_G30","W4_C5_G55","W4_H1_G08","W4_W5_G56","W5_B2_G21","W5_C4_G45","W5_H4_G46","W5_W2_G22","W6_B3_G35","W6_B4_G48","W6_H6_G71","W6_W3_G36","W6_W4_G48","pair","DEG_group"
"LOC111137262",329.619112655488,5.27905686653722,3.44448325059118,1.92342072886346e-05,0.00907391538292532,4.72167549301583,8.02100510442476,33.25158171377,2155.2777908617,6.93685674095759,2.32488442740666,6.54671827886109,0,5.51623129102983,4.98978726345758,53.4639604312033,6.36561923231896,0,2.65150936543929,0,4722.30283039314,6.0105239243408,5.28604460472022,10.045833731365,0.925947782350261,0.715907065784001,1962.28801415058,1667.54156620432,2.97329093677152,0,11.4950924864414,8.11487877936172,1564.39069423034,1874.80708931248,4.5395417378078,2.78540926091385,7.79949864477676,6.00659558176141,0,1.50759547692758,0,4.31261796320295,0,1.02438336855505,2.13855654023332,1.94886480302041,3.87384361162303,1.48478462069184,1.86068294892256,2652.99378566577,10.4672748846044,0,0.681579074669974,1790.37287392809,0,9.23317654931729,3.69733634161384,1.91161335429392,1.97549863705923,2341.65577330983,1.75788173136955,0,2.9086945050369,14.1781092576728,8.7676617460913,11.7619135791208,4.06858285777158,10.702610439155,4.80231956740004,0,7.49159072520056,1656.36794794028,6.38949919089853,10.5427923291704,6.10341414490508,5.22340581595661,8.9920154510148,8.96970667546206,2.69585235117486,11.0852734281114,1.0132884649943,0,6.80124708869093,0,12.1953971446453,0,10.1268899221387,1.08001770032719,77.6043888897754,2.47762215354032,5.04801047332626,2418.23795054866,2.12377054528721,0,12.1596695514206,3375.58584537388,1638.45837460319,"WC vs. CW","CW"
"LOC111102975",845.53552734358,-1.90953692544113,0.630840945016314,1.06729378956994e-06,0.000734846197007955,650.646882937581,680.782808238052,467.422234376424,459.22112021201,1142.26907667768,1294.96062606551,744.361868306506,588.135118716516,1190.40271260424,949.057537509632,530.604588430433,894.369502140814,1289.25912650791,174.999618118993,851.569893206553,867.865286185382,543.2010996623,948.845006547279,522.383354030982,432.417614357572,866.963456664425,169.528122172836,353.950366492859,1103.68559572959,1128.92196856783,399.193211801874,1175.64306316003,862.92401613403,499.739897485074,610.56836373515,999.033454914436,395.546002699393,382.419918705476,1733.78317226788,571.378685755554,1074.95952250322,817.241104026959,974.410950786385,241.754474978991,322.922037575231,1082.59439807784,206.86324886067,487.75174789727,982.440597031114,571.382984279615,681.535898042018,729.188661323581,1585.35292768236,1052.60491943135,799.007401655636,848.298095468526,291.16523690209,1480.54454290064,978.859574662847,1337.85508167422,832.356999803484,652.061097634727,774.682303174829,212.671638865092,1634.54265409273,762.714857476836,297.006548617326,776.425739131426,452.378503249083,682.735990425107,1076.64860993597,858.270963464275,523.93893365368,1201.87832552543,975.189948930389,912.354882520421,195.126735287021,1371.67514390912,1387.01603467946,1234.89945989161,1710.43092891038,908.945654128868,985.047286678736,422.509561775712,317.757847824369,4427.45784867298,879.198170512954,697.691434411367,523.625402929958,872.122998046193,486.628209628652,1160.82850928795,845.26067702431,726.257289672473,1890.27590299357,583.38104234216,514.486603621326,"WC vs. CW","WC"
"LOC144619407",11.9438706104724,-18.2483910621343,4.14291666204112,3.73471683333162e-07,0.000306909391384268,5.666010591619,0,9.50045191822,0,0,0,0,0,0,3.99182981076607,0,126.251448107659,0,0,0,0,0,0,2.73977283582683,0,0,4.2382030543209,0,0,22.3327788045071,0,0,0,0,3.40465630335585,0,0,4.0043970545076,0,0,0,0,0,0,0,0.974432401510207,0,0,0,0,0,3.08542451899964,0,0,23.7542741032757,2.30829413732932,0,0,0,0,0,0,0,2.18124757810351,7.51513863950682,0,0,0,0,0,0,0,0,0,0,0,0,0,0,0,0,842.502258359213,1.13354118144849,0,0,24.0296219738018,0,0,0,0,0,0,0,9.22231478949172,0,0,0,"WC vs. CW","WC"
"LOC111102392",22.4316220701513,2.03737486230412,1.86756886814166,7.34228247634728e-05,0.0225354995283069,1.88867019720633,80.2100510442476,4.75022595911,13.1206034346288,8.09299953111719,26.7361709151765,58.9204645097498,101.117967779331,8.82597006564773,13.9714043376812,37.3238969048023,11.6703019259181,6.2890689097947,2.65150936543929,2.00369386636836,8.58210418971948,34.5605125649596,6.16705203884025,0,5.55568669410156,10.022698920976,1.05955076358023,9.46391354258981,6.54124006089734,11.1663894022535,4.18003363143324,32.4595151174469,7.63649571800027,247.261702931028,2.2697708689039,17.6409253191211,129.248834684872,4.0043970545076,25.1272923517084,15.0759547692758,2.1056993584784,10.7815449080074,9.27207652132373,7.17068357988534,58.8103048564163,8.76989161359186,4.64861233394763,2.96956924138368,6.51239032122897,9.08559515638963,9.30424434187056,12.3416980759985,8.86052797070966,43.027718541062,0,26.5453825792872,1.84866817080692,3.82322670858784,55.3139618376583,22.9253012771592,11.4262312539021,5.31860601659647,9.69564835012302,43.6249515620701,17.5353234921826,2.71428774902789,0,13.6215041952882,4.80231956740004,4.66828027641099,4.28090898582889,35.8932506245822,7.8093878999871,9.58435666288218,2.7126285088467,10.4468116319132,31.4720540785518,4.13986461944403,31.0023020385108,6.65116405686685,0,2.65773583078616,6.80124708869093,26.7160612832418,8.80778682668826,2.00246849781681,11.9681426352549,143.642354143517,5.7182181287203,9.91048861416129,9.08641885198728,1.85732561486072,0,62.2506248290691,0,4.33740551927257,250.838904255211,"WC vs. CW","CW"
"LOC111104612",5142.86588220616,-28.4850533514773,3.27800018713165,7.68913448599361e-19,2.79829572900982e-15,0,0,1998.89508359349,0,0,12520.6650837985,13.0934365577222,0,0,7073.52242467747,0,16475.2835097802,0,0,7046.99132801752,0,2.2539464716278,0,0,12788.2648220394,4.29544239470401,6815.03051134801,0,0,1449.39734441251,0,38608.5645125082,0,0,15916.7682181886,5996.98613874753,0,6.00659558176141,0,63865.5133913447,9318.77251094617,0,0,0,0,238.735938370001,0,0,392.604102222661,0,0,10.2847483966655,1400.6449984468,4193.62837292887,0,0,0,64381.226159265,1095.41399424934,0,12883.5152092075,1561.54272647272,0,0,0,0,2789.01354900242,0,0,2038.8714107225,25.6854539149734,0,149.798258808843,35311.6452530568,0,0,20545.8561040237,0,0,2667.11678680361,10.132884649943,5875.36800992461,0,874.70363608836,1095.5531768273,0,9584.64099812603,0,0,41975.8745252801,185.766785418407,39.9325007195055,25617.982202527,37876.0468404425,35.3735841495873,0,386.398652512283,"WC vs. CW","WC"
"LOC144620744",138.937185729176,-4.54599847506656,1.14265709640933,7.67395124148443e-07,0.000592405781444897,36.8290688455235,17.0446358469026,45.602169207456,111.962482642166,62.4317106686183,22.0864020603632,19.6401548365833,3.09544799324482,27.5811564551492,32.93259593882,64.560254105604,61.53431924575,45.0716605201953,273.105464640247,15.0277039977627,49.347099090887,12.7723633392242,49.336416310722,26.484470746326,64.8163447645182,26.488561434008,13.7741599265429,15.1422616681437,15.4611128712119,26.7993345654085,2853.91796186104,31.4451552700266,34.9096947108584,13.5628782198454,7.94419804116366,16.7124555654831,14.4847831974426,5.0054963181345,32.9254175643075,18.091145723131,28.4269413394584,23.7193987976162,9.27207652132373,18.4389006339909,24.5934002126832,9.74432401510207,1912.90397541945,2.96956924138368,49.3080981464479,6.05706343759309,12.793335970072,6.17084903799927,12.9500024187295,2.098913099564,41.0301098147489,108.489824454478,12.016343110245,8.60226009432265,18.7672370520627,70.4134253512747,7.03152692547822,5.31860601659647,10.6652131851353,21.812475781035,36.3231700909497,26.2381149072696,146.468982879777,14.5944687806659,18.2488143561201,47.8498728332126,14.9831814504011,19.0023091541906,40.4668282090241,1087.82448123713,18.9883995619269,28.4385427757638,8.09281390591332,28.2890748995342,5.39170470234971,455.604737895379,1706.3777750504,2052.65797331051,7.93478827013942,43.5372850541717,31.843536988796,47.0580096986951,8.2856372090226,3.24005310098158,26.1404257312928,56.9853095314274,48.4609005439321,26.9312214154805,19.1139349075849,53.0283100395774,36.4790086542619,13.0122165578177,12.8087951109044,"WC vs. CW","WC"
"LOC144620764",52.6432979819119,-20.7433061985061,7.59617478315629,3.27771602788707e-06,0.00198809085262912,0,0,0,0,0,392.905468231725,346.321396951752,0,0,0,0,0,0,0,387.714763142278,0,1.5026309810852,0,0,384.268329675358,0,0,0,0,0,0,330.68131025899,0,0,0,49.2088969428114,0,0,0,76.8873693233067,325.330550884913,2.15630898160147,0,0,0,0,0,0,0,0,0,0,468.244824298272,0,0,0,0,0,0,0,419.254792931639,36.166520912856,0,0,0,0,0,0,0,0,0,0,0,0,300.423607354772,0,0,0,246.670490132499,0,0,0,0,0,0,0,326.822356578114,0,378.219284799642,370.404511954278,0,0,0,0,0,0,0,"WC vs. CW","WC"
"LOC144619911",267.31962249158,-3.66031498419344,3.73212014016897,6.23485348527608e-05,0.019854111567176,0,20.0525127610619,8.550406726398,6.12294826949346,1.1561427901596,2148.19321092375,1578.41377703341,1.03181599774827,1.10324625820597,0,4.03501588160025,5.30468269359914,0,3.97726404815894,1745.21735760684,0,0,1.76201486824007,0.913257611942276,1473.18292171926,3.57953532892001,4.2382030543209,1.89278270851796,2.37863274941721,0,2.09001681571662,2099.72488415984,0,2.08659664920699,1.13488543445195,866.262280144209,3.3426422763329,3.0032977908807,0,1356.83592923482,2020.41853446003,1.07815449080074,0,1.02438336855505,3.20783481034998,0,3.09907488929842,0,4.65170737230641,0,0,0,1175.72390380571,2.098913099564,1.07973973196708,0,1.84866817080692,0,2.96324795558884,3.27504303959417,1270.0695509145,1125.41703311181,0.969564835012302,2.18124757810351,3.75756931975341,0.904762583009296,4.06858285777158,0,0.960463913480007,0,2.14045449291445,2.11136768379895,2.83977741817713,0,1637.07130508898,4.06264896796625,0.89920154510148,0.689977436574005,811.451557703631,2.21705468562228,1.0132884649943,0,0,14.8422562684676,0.677522063591404,1.00123424890841,1680.14310071847,0,2415.53871523227,1028.21319371923,1.00960209466525,0.928662807430361,0,2.30557869737293,5.52712252337301,4.33740551927257,0,"WC vs. CW","WC"
"LOC111103088",14.5593843091826,4.20103901850642,0.78846914213865,2.10406152398399e-08,2.39478500053227e-05,2.8330052958095,10.026256380531,8.550406726398,6.12294826949346,16.1859990622344,5.81221106851664,11.78409290195,4.12726399099309,2.20649251641193,2.99387235807455,16.140063526401,14.8531115420776,6.2890689097947,13.2575468271965,6.01108159910508,4.29105209485974,3.0052619621704,0.881007434120036,26.484470746326,18.5189556470052,8.59088478940801,7.41685534506158,0,6.54124006089734,26.7993345654085,3.13502522357493,8.11487877936172,2.18185591942865,3.12989497381048,17.0232815167793,11.1416370436554,445.685636844386,5.0054963181345,3.46583342782184,2.26139321539137,12.6341961508704,9.70339041720663,8.42916047393067,16.3901338968808,11.7620609712833,10.7187564166123,14.7206057241675,8.16631541380513,9.30341474461282,15.1426585939827,9.30424434187056,16.4555974346647,2.04473722400992,15.74184824673,6.47843839180245,5.77073534332331,2.77300225621038,16.2487135114983,12.840741140885,3.27504303959417,11.4262312539021,67.0144358091155,7.75651868009841,8.72499031241402,6.26261553292235,21.7143019922231,19.325768574415,13.6215041952882,9.60463913480007,1.16707006910275,6.42136347874334,11.6125222608942,9.93922096361994,2.87530699886466,6.78157127211675,6.38416266394697,20.681635537334,4.13986461944403,2.69585235117486,22.1705468562228,5.06644232497149,0.885911943595387,2.26708236289698,17.8107075221612,10.8403530174625,3.00370274672522,9.20626356558067,10.8001770032719,27.7742023394986,2.47762215354032,7.06721466265677,12.0726164965947,16.9901643622977,1.15278934868647,3.31627351402381,2.16870275963628,7.47179714802756,"WC vs. CW","CW"
"LOC144625490",221.483475938293,8.77846455985855,2.12240790641984,2.51555174507744e-07,0.000213612269019493,18.8867019720633,0,46.552214399278,1.74941379128385,8.09299953111719,2.32488442740666,3.92803096731665,0,4.41298503282386,0,1.00875397040006,2.12187307743965,1.04817815163245,5.30301873087858,11.020316265026,2940.44344800264,2.2539464716278,2.64302230236011,10.045833731365,0.925947782350261,4.29544239470401,3254.93994571845,2107.61354593475,6.54124006089734,3.34991682067606,8.36006726286648,7.1005189319415,1.09092795971432,3023.47854470093,0,2.78540926091385,2.22842818422193,1.0010992636269,1.73291671391092,4.52278643078275,5.26424839619601,0,0.842916047393067,9.21945031699543,2.13855654023332,648.971979405798,12.3962995571937,0,2.79102442338385,1.00951057293218,1.16303054273382,2.05694967933309,2.04473722400992,2.098913099564,0,0,5.54600451242075,7.64645341717569,4.93874659264807,0,9.66834952253255,0,2583.89028530778,0,0,0.904762583009296,4.06858285777158,11.6755750245327,1.92092782696001,12.8377707601302,2.14045449291445,0,2.83977741817713,1.91687133257644,0.678157127211675,2.32151369598072,0.89920154510148,8.96970667546206,5.39170470234971,1.10852734281114,2.0265769299886,647.601630768228,1.13354118144849,1.97896750246235,1.35504412718281,2.00246849781681,0,2.16003540065439,3.2675532164116,0,20.1920418933051,1.85732561486072,1.06188527264361,0,589.191260991563,2255.45087002174,1996.03723811593,"WC vs. CW","CW"
"LOC144625541",129.526284461098,-3.53544292287849,2.97366031943418,4.48127202786617e-05,0.0163086292728415,14.1650264790475,1.0026256380531,1382.31575410101,2.62412068692577,24.2789985933516,2.32488442740666,2.61868731154444,24.7635839459586,0,2.99387235807455,2.01750794080012,22.2796673131164,3.14453445489735,0,0,2.14552604742987,0.7513154905426,16.7391412482807,1.82651522388455,12.9632689529036,4.29544239470401,21.1910152716045,6.62473947981287,1.78397456206291,17.8662230436056,121.220975311564,1613.84651724556,2.18185591942865,2.08659664920699,7.94419804116366,10.2131672900175,6.68528455266579,0,12.1304169973765,6.03038190771033,5.26424839619601,0,0.842916047393067,11.2682170541055,2.13855654023332,13.6420536211429,128.611607905884,4.45435386207552,4.65170737230641,3.02853171879654,5.8151527136691,1.02847483966655,59.2973794962878,1.049456549782,51.8275071344196,5.77073534332331,1.84866817080692,319.239430167085,3.95099727411845,8.18760759898543,0,0,4.84782417506151,2.18124757810351,2.50504621316894,3.61905033203718,3.05143714332869,4.86482292688863,0.960463913480007,1461.17172651664,3.21068173937167,0,2.83977741817713,1315.93216981372,1.35631425442335,13.9290821758843,0.89920154510148,0,664.527604564602,3.32558202843343,2.0265769299886,0.885911943595387,1386.3208649115,33.64244754186,5.42017650873124,13.0160452358093,8.2856372090226,3.24005310098158,0.816888304102899,13.6269218444718,1717.3331630256,0,4.24754109057442,1.15278934868647,3.31627351402381,2.16870275963628,1246.72272412803,"WC vs. CW","WC"
"LOC111104463",4.27090500646714,-1.51981383720804,2.30678073523461,0.000235100740468096,0.0447216639487091,0,0,0,1.74941379128385,3.46842837047879,34.8732664110998,0,0,1.10324625820597,4.98978726345758,0,0,0,2.65150936543929,0,2.14552604742987,9.0157858865112,20.2631709847608,0,6.48163447645182,5.01134946048801,0,0.946391354258981,1.18931637470861,6.69983364135212,11.4950924864414,1.01435984742021,0,0,2.2697708689039,0.928469753637951,0,0,0.866458356955461,1.50759547692758,0,2.15630898160147,0,0,2.13855654023332,4.87216200755104,0.774768722324605,4.45435386207552,3.72136589784513,0,0,3.08542451899964,2.7263162986799,3.148369649346,2.15947946393415,2.30829413732932,5.54600451242075,2.86742003144088,0,0,12.3051721195869,1.06372120331929,12.6043428551599,0,2.50504621316894,1.80952516601859,2.03429142888579,1.94592917075545,5.76278348088004,2.33414013820549,0,0,5.67955483635425,69.9658036390399,0.678157127211675,0,0.89920154510148,1.37995487314801,0,0,57.757442504675,6.20138360516771,5.66770590724244,0,1.35504412718281,4.00493699563363,0,12.9602124039263,0.816888304102899,0,2.01920418933051,1.85732561486072,8.49508218114884,2.30557869737293,6.63254702804762,3.25305413945443,0,"WC vs. CW","WC"
"LOC111101277",262.460565031889,6.34848998862726,5.30668192180336,3.42283054695895e-05,0.0134516037054469,807.406509305707,0,1870.63898269752,858.087464624727,2.3122855803192,829.983740584176,285.436916958344,1893.38235586808,0,0,1003.71020054806,0,0,0,0,0,0.7513154905426,1040.46977969576,0,32.4081723822591,12.170420118328,727.911374579615,536.603897864842,1609.7397131681,802.863398022028,0,0,118.911147608861,2.08659664920699,380.186620541404,419.668328644354,3.3426422763329,0,35.5247926351739,39.9512801385809,0,198.380426307336,1015.71383710865,33.8046511623166,591.310883374513,0,0,0,0,903.511962774302,429.158270268779,21.5979716329974,0,0,26.9934932991769,105.027383248484,8.31900676863113,0,0,0,0,798.854623692789,0,0,0,0,0,19.4592917075545,0,1191.5785405539,0,1.05568384189948,0,0,0,0,33.2704571687548,0.689977436574005,0,228.356632619095,0,665.319869640136,0,0.989483751231176,397.705451328154,0,11.9681426352549,0,317.769550296028,1.23881107677016,2352.37288057004,0,405.640174149857,0,0,0,1072.73659053824,"WC vs. CW","CW"
"LOC111101754",273.895994219361,9.31019062126555,2.96695238553955,1.66178341024291e-06,0.00108548544553687,181.312338931808,0,523.474900693922,523.949430489512,0,531.236091662421,97.5461023550302,215.649543529389,1.10324625820597,0.997957452691516,562.884715483235,0,2.0963563032649,0,7.01292853228926,0,2.2539464716278,168.272419916927,0,1901.89674494744,1403.17784893664,3.17865229074068,184.546314080501,1145.31166884439,438.839103508564,4.18003363143324,2.02871969484043,146.184346601719,0,0,263.685410033178,1266.86142273017,12.0131911635228,1366.40482891876,6.03038190771033,2.1056993584784,1108.34281654316,0.842916047393067,4.09753347422019,182.846584189949,0,0,2.22717693103776,2.79102442338385,770.256567147254,161.661245440001,1.02847483966655,0,1.049456549782,3018.95229057994,4311.89344853117,185.791151166095,10.5138734486166,1.97549863705923,18.0127367177679,7.03152692547822,276.567512863016,1.9391296700246,1.09062378905175,1.25252310658447,0,4.06858285777158,8.75668126839954,3.84185565392003,374.629492181982,1.07022724645722,1.05568384189948,0,1.91687133257644,0,0,2147.29328970234,0,0,77.5969139967799,0,144.403646806048,0,0.989483751231176,193.09378812355,0,8.2856372090226,7.56012390229036,133.969681872875,0,591.626827473838,0,129.55000326252,0,6.63254702804762,0,327.691674920637,"WC vs. CW","CW"
"LOC111099855",12.2980694312738,2.07293850685893,2.31041765153513,0.000113506565612341,0.0301206224893165,0,1.0026256380531,3.800180767288,4.37353447820962,1.1561427901596,2.32488442740666,22.2588421481277,0,25.3746639387372,0.997957452691516,3.02626191120019,1.06093653871983,0,0,7.01292853228926,19.3097344268688,4.5078929432556,0.881007434120036,14.6121217910764,3.70379112940104,2.863628263136,4.2382030543209,5.67834812555389,478.10518263286,8.93311152180282,4.18003363143324,4.05743938968086,5.45463979857162,7.30308827222446,0,0,5.57107046055483,1.0010992636269,6.93166685564369,1.50759547692758,11.5813464716312,2.15630898160147,8.42916047393067,21.512050739656,3.20783481034998,0,6.19814977859684,2.96956924138368,0.930341474461282,231.17792120147,5.8151527136691,0,0,10.49456549782,0,2.30829413732932,4.6216704270173,0.955806677146961,0,0,0,0,6.78695384508611,13.087485468621,1.25252310658447,0.904762583009296,14.2400400022005,8.75668126839954,0,7.00242041461648,20.3343176826872,2.11136768379895,6.38949919089853,0,2.03447138163503,5.80378423995179,8.9920154510148,4.13986461944403,2.69585235117486,0,0,7.97320749235849,6.80124708869093,1.97896750246235,2.71008825436562,0,0,1.08001770032719,0,0,7.06721466265677,16.7159305337465,0,9.22231478949172,3.31627351402381,2.16870275963628,4.26959837030146,"WC vs. CW","CW"
"LOC111101616",378.08105539639,-1.4989702145654,2.11221571122338,0.000212457061063129,0.0429551081792319,16.998031774857,7.01837946637167,273.613015244736,39.3618103038865,38.1527120752667,18.5990754192532,1377.42952587237,1012.21149379106,9.9292163238537,173.644596768324,13.1138016152008,93.3624154073448,295.586238760351,108.711883983011,75.1385199888135,4.29105209485974,1307.28895354412,140.080182025086,58.4484871643057,25.9265379058073,1127.5536286098,1496.08567817528,26.4989579192515,66.0070587963277,99.3808656800564,19.8551597493079,3.04307954226064,27.2731989928581,36.5154413611223,2085.91942852269,4.64234876818976,1.11421409211097,1237.35868984285,13.8633337112874,0,31.5854903771761,707.269345965283,1786.9820204733,27.6583509509863,21.3855654023332,22.4119452347348,103.819008791497,1121.01238862234,8.37307327015154,65.6181872405918,838.545021311084,1329.81796768884,14.3131605680695,57.72011023801,0,11.5414706866466,1486.32920932876,1523.55584337226,16.7917384150034,3.27504303959417,8.78940865684777,68.0781570124348,1432.04726131317,795.064742218727,245.494528890556,44.3333665674555,9.15431142998606,1287.23214645473,34.5767008852803,32.6779619348769,542.605213953812,51.7285082530744,163.287201545185,2277.24314310081,72.5628126116493,71.386546151407,1564.61068847658,2.06993230972201,91.6589799399451,99.7674608530028,1524.99913981642,82.389810754371,1153.94492271456,6.92638625861823,21.6807060349249,99.1221906419323,23.0156589139517,75.6012390229036,173.997208773918,16.1045439980121,1854.63904790007,47.3618031789484,206.005742892859,36.8892591579669,27.6356126168651,4.33740551927257,22.4153914440827,"WC vs. CW","WC"
"LOC144627222",54.5987428595307,21.6806429706965,4.11617647005978,3.22511866511392e-08,3.15999607668374e-05,0,0,286.913647930244,297.400344518254,0,6.97465328221997,0,0,0,0,142.234309826409,162.323290424134,0,2.65150936543929,0,391.558503655951,0,0,0,245.376162322819,0,0,0,0,20.0995009240563,0,59.8472309977926,354.551586907155,306.729707433428,0,106.774021668364,0,0,0,0,0,0,0,0,4.27711308046664,38.0028636588981,0,0,0,0,0,0,0,51.423370939318,0,0,0,0,0,0,0,89.3525810788206,0,0,0,3.61905033203718,0,0,0,469.162167779304,0,0,0,0,0,0,889.310328105364,0.689977436574005,98.3986108178822,0,0,0,0,551.142449435765,0,0,0,0,96.3928198841421,0,0,86.3656410910236,0,0,0,0,261.512900180965,"WC vs. CW","CW"
"LOC144620391",11.4263363553459,-13.7271101560299,3.93661802899609,1.40013189736242e-06,0.000938641054876519,0,0,0,149.574879154769,1.1561427901596,0,0,0,0,9.97957452691517,219.908365547214,13.7921750033578,1.04817815163245,0,0,95.4759091106292,0,11.4530966435605,32.8772740299219,1.85189556470052,0,1.05955076358023,0,0,0,0,0,117.820219649147,0,0,0,0,2.0021985272538,0,0,0,0,0,0,0,0,0,0,70.7059520590574,0,1.16303054273382,0,0,1.049456549782,0,0,0,12.4254868029105,0,0,0,0,0,0,1.25252310658447,0,0,0,0,0,59.9327258016045,0,0,0,0,0,0.89920154510148,0,6.73963087793714,1.10852734281114,0,17.7182388719077,1.13354118144849,0,16.2605295261937,0,0,0,44.1119684215566,0,4.03840837866101,86.3656410910236,5.30942636321803,0,63.0091967664524,0,0,"WC vs. CW","WC"
"LOC111127259",11.0840051954268,2.27426702226925,2.78985103288452,0.000123048858312781,0.0319864251583479,28.330052958095,0,3.800180767288,0,4.62457116063839,0,3.92803096731665,0,4.41298503282386,0,44.3851746976027,8.48749230975862,0,0,6.01108159910508,0,30.052619621704,0.881007434120036,0,0,0,19.0719137444441,1.89278270851796,30.3275675550695,20.0995009240563,13.585109302158,5.07179923710107,4.3637118388573,14.6061765444489,34.0465630335585,0,16.7132113816645,22.0241837997918,3.46583342782184,3.01519095385517,2.1056993584784,0,3.37166418957227,8.19506694844038,27.8012350230331,7.79545921208166,0,4.45435386207552,0,8.07608458345745,2.32606108546764,8.22779871733236,19.0842140907593,2.098913099564,0,0,24.0326862204899,0,0,9.82512911878252,3.51576346273911,57.4409449792418,13.5739076901722,10.9062378905175,10.0201848526758,28.9524026562975,26.4457885755153,15.5674333660436,65.3115461166405,0,0,0,0,0,0,8.70567635992768,0,2.06993230972201,124.009208154043,2.21705468562228,0,5.31547166157232,0,0,4.06513238154843,0,1.84125271311613,44.2807257134149,1.6337766082058,0,0,7.42930245944289,3.18565581793082,91.0703585462308,27.6356126168651,4.33740551927257,9.6065963331783,"WC vs. CW","CW"
"LOC111127528",53.677848898219,23.4934807825797,2.62637899598696,1.31176805457375e-19,5.56954853171104e-16,0,252.66166078938,0,0,212.730273389366,0,1.30934365577222,0,291.257012166375,0,193.680762316812,2.12187307743965,0,0,6.01108159910508,0,185.574926164022,0,25.5712131343837,0,0,0,0,0,0,4.18003363143324,0,0,2.08659664920699,0,63.1359432473807,0,228.250632106933,5.19875014173276,3.01519095385517,0,0,264.675638881423,611.556871027364,0,0,1.54953744464921,227.172046965852,0,0,167.47639815367,0,4.77105352268982,264.463050545064,0,0,304.105914097738,0,0,0,247.861324123107,243.592155560118,0,0,0,258.762098740659,1.0171457144429,0,173.843968339881,0,2.14045449291445,6.33410305139686,2.83977741817713,0,0,206.614718942284,0,4.13986461944403,4.04377852676228,1.10852734281114,0,0,0,0,236.4552001934,0,0,206.283380762494,0,0,4.03840837866101,5.57197684458217,0,4.61115739474586,2.21084900934921,4.33740551927257,0,"WC vs. CW","CW"
"LOC111125837",158.079558164836,3.02628345817997,2.25816511960934,3.97417132509986e-05,0.0151107484338685,13.2206913804443,91.2389330628317,6.650316342754,151.324292946053,9.24914232127678,9.29953770962662,13.0934365577222,31.9862959301965,99.292163238537,1.99591490538303,147.278079678409,3.18280961615948,11.5299596679569,71.5907528668609,86.1588362538395,1407.46508711399,7.513154905426,96.910817753204,47.4893958209983,143.52190626429,120.272387051712,207.671949661724,817.682130079759,1210.72406945336,80.3980036962254,87.780706260098,5.07179923710107,116.729291689433,124.152500627816,10.2139689100676,59.4220642328289,256.269241185522,112.123117526213,14.7297920682428,97.2399082618291,120.024863433269,9.70339041720663,0,119.852854120941,85.5422616093327,2.92329720453062,31.7655176153088,86.8599003104727,8.37307327015154,1032.72931610962,112.81396264518,28.7972955106633,1246.60812757138,130.132612172968,90.6981374852343,19.6205001672992,98.9037471381701,2.86742003144088,12.840741140885,94.976248148231,2.63682259705433,46.8037329460489,869.699657006034,16.3593568357763,0,13.5714387451394,24.4114971466295,11.6755750245327,6.72324739436005,8.16949048371923,2.14045449291445,190.023091541906,3.54972177272141,0.958435666288219,58.9996700674158,97.50357523119,10.7904185412178,170.424426833779,88.9631275887702,13.3023281137337,7.09301925496009,154.148678185597,3.40062354434547,146.443595182214,6.09769857232264,5.00617124454204,1119.48164957461,5.40008850163597,6.53510643282319,2.47762215354032,8.07681675732202,15.7872677263161,3.18565581793082,1.15278934868647,14.3705185607698,145.303084895631,2156.14717700224,"WC vs. CW","CW"
"LOC111122639",83.3901308390182,2.17446143409429,1.31714890715707,2.03632477367508e-05,0.00943188611079504,8.4990158874285,156.409599536283,4.75022595911,87.4706895641923,127.175706917556,49.9850151892431,155.811895036894,9.28634397973446,116.944103369832,127.738553944514,182.584468642411,47.7421442423922,80.7097176756986,180.302636849872,140.258570645785,85.8210418971948,126.972317901699,139.199174590966,126.942808059976,100.928308276178,9.30679185519201,43.4415813067893,96.531918134416,105.254499161712,4.46655576090141,10.4500840785831,52.7467120658511,116.729291689433,38.6020380103293,10.2139689100676,59.4220642328289,101.393482382098,177.194569661961,48.5216679895058,33.1671004924068,78.9637259429401,36.6572526872251,129.809071298532,129.072304437936,62.0181396667662,40.9261608634287,14.7206057241675,178.174154483021,145.13327001596,115.084205314269,47.6842522520866,47.3098426246611,34.0789537334987,141.67663422057,57.226205794255,25.3912355106225,89.6604062841355,44.9229138259072,89.8851879861948,14.7376936781738,220.614157286879,209.553077053901,104.713002181329,14.1781092576728,56.3635397963012,90.4762583009296,84.4230942987604,77.8371668302181,142.148659195041,11.6707006910275,72.7754527590912,101.34564882235,36.2071620817584,16.2934063268997,27.8044422156787,226.927963782115,18.8832324471311,90.3870441911946,48.5253423211474,76.4883866539688,2.0265769299886,54.926540502914,5.66770590724244,78.1692163472629,164.637861452711,10.0123424890841,24.8569116270678,6.48010620196316,226.278060236503,4.95524430708064,15.1440314199788,132.798781462542,298.389761612853,54.1810993882639,128.229242542254,105.18208384236,146.233744182825,"WC vs. CW","CW"
"LOC144622163",25.4295167906498,-2.61596783904673,1.86265724528319,3.70410040326093e-05,0.0142972663292533,33.0517284511108,40.1050255221238,19.950949028262,23.6170861823319,8.09299953111719,8.13709549592329,58.2657926818637,0,11.0324625820597,0,31.2713730824019,38.1937153939138,0,5.30301873087858,3.00554079955254,13.9459193082942,9.0157858865112,10.5720892094404,44.7496229851715,3.70379112940104,26.488561434008,0,1.89278270851796,5.94658187354303,0,7.31505885500817,11.1579583216224,6.54556775828594,21.9092648166734,4.5395417378078,70.5637012764843,22.2842818422193,9.00989337264211,20.7950005669311,20.3525389385224,20.0041439055448,38.8135616688265,20.2299851374336,5.12191684277524,6.41566962069995,16.5653508256735,4.64861233394763,8.90870772415105,10.2337562190741,6.05706343759309,6.97818325640292,11.313223236332,10.9052651947196,3.148369649346,5.39869865983538,8.07902948065263,0,6.69064674002873,58.2772097932472,4.91256455939126,13.1841129852717,0,22.2999912052829,7.63436652336227,15.0302772790136,9.04762583009296,4.06858285777158,3.89185834151091,16.3278865291601,11.6707006910275,9.63204521811501,15.8352576284922,11.3591096727085,996.773092939747,4.06894276327005,10.4468116319132,16.1856278118266,10.3496615486101,5.39170470234971,0,18.2391923698974,55.8124524465094,0,5.93690250738706,8.13026476309685,23.0283877248934,36.8250542623227,30.2404956091614,28.5910906436015,29.7314658424839,2.01920418933051,25.0738958006198,2.12377054528721,26.5141550197887,0,16.2652706972721,4.26959837030146,"WC vs. CW","WC"
"LOC111123578",63.7613415459422,-4.25889671501605,5.03501751803957,8.16587883282805e-05,0.0244736192077994,1.88867019720633,2.00525127610619,0,0,2.3122855803192,0,3.92803096731665,0,0,0,0,0,2.0963563032649,0,0,0,1.5026309810852,0,0,0,1489.08669683072,2.11910152716045,0.946391354258981,0,0,2.09001681571662,0,0,0,0,5.57081852182771,0,744.817852138414,0,0,0,1100.79573510755,3.37166418957227,0,0,2.92329720453062,1.54953744464921,0,0,0,495.451011204607,0,0,0,0,0,0,3.82322670858784,0,0,0,0,0,0,0,0,14.2400400022005,611.99472420259,0,0,0,0,5.67955483635425,0,11.5286711625985,0,0.89920154510148,0,4.04377852676228,53.2093124549348,1198.72025408826,5.31547166157232,74.8137179756002,0,0,6.00740549345044,0,0,8.16888304102899,0,4.03840837866101,0,0,0,1.1054245046746,0,0,"WC vs. CW","WC"
"LOC111123050",325.425700121221,-3.84539804632212,2.5556392894549,2.59065911631263e-05,0.0111859391505194,1.88867019720633,4.01050255221238,6.650316342754,26.2412068692577,8.09299953111719,77.883628318123,15.7121238692666,25.7953999437068,83.8467156236534,41.9142130130437,42.3676667568026,78.5093038652672,42.9753042169304,0,30.0554079955254,6.43657814228961,6.7618394148834,44.9313791401218,126.029550448034,67.594188111569,16.465862513032,37.0842767253079,17.0350443766617,17.8397456206291,96.0309488593803,21.9451765650245,11.1579583216224,14.1820634762862,7.30308827222446,3017.66037020774,10.2131672900175,5.57107046055483,3730.09585627383,19.0620838530201,24.1215276308413,63.1709807543521,24.7975532884169,10.1149925687168,1.02438336855505,5.3463913505833,28.258539643796,9.29722466789526,18.559807758648,4.65170737230641,42.3994440631516,2866.87028783887,5.14237419833273,36.1236909575086,3.148369649346,23.7542741032757,9.23317654931729,14.7893453664553,9.55806677146961,22.7182343261811,0,3.51576346273911,3.19116360995788,7.75651868009841,32.7187136715526,10.0201848526758,1243.14378905477,11.1886028588719,4.86482292688863,9.60463913480007,4.66828027641099,0,620.742099036892,1.41988870908856,2.87530699886466,4539.58380955495,95.1820615352093,27.8752478981459,1.37995487314801,17.5230402826366,45.4496210552568,8.10630771995439,11322.8405510926,6.80124708869093,36.6108987955535,6.77522063591404,24.0296219738018,22.0950325573936,707.411593714312,19.6053192984696,4.95524430708064,8.07681675732202,19.5019189560376,26.5471318160901,10.3751041381782,32.0573106355635,6.50610827890885,11.741395518329,"WC vs. CW","WC"
"LOC111113340",156.015348239299,4.17282005307892,1.42983271151836,3.71102414072327e-06,0.00219856604616105,17.9423668734602,5.01312819026548,2.850135575466,18.3688448084804,47.4018543965435,36.0357086248032,38.6256378452804,84.6089118153584,63.988282975946,93.8080005530025,65.5690080760041,46.6812077036724,27.2526319424437,55.6816966742251,60.1108159910508,721.969514960151,20.2855182446502,59.0274980860424,1175.36254656971,10.1854256058529,50.1134946048801,50.8584366518508,883.929524877888,983.564641884018,3.34991682067606,20.9001681571662,95.3498256575002,42.5461904288586,32.3422480627083,5.67442717225976,9.28469753637951,13.3705691053316,23.0252830634187,6.93166685564369,18.091145723131,33.6911897356545,71.1581963928486,94.4065973080235,71.7068357988534,12.8313392413999,78.9290245223268,24.0178303920628,66.8153079311328,57.6811714165995,1391.10556950055,1573.58032431886,43.1959432659949,70.2026446910074,115.44022047602,2.15947946393415,32.3161179226105,130.331106041888,36.3206537315845,23.7059836447107,6.55008607918834,42.1891615528693,14.8920968464701,1190.62561739511,79.6155366007779,86.4240943543285,838.714914449617,633.681780097924,36.9726542443536,90.2836078671207,3.50121020730824,50.3006805834895,3.16705152569843,34.7872733726698,23.0024559909172,14.2412996714452,62.1004913674841,53.0528911609873,54.5082174893464,71.4400873061337,32.1472929415231,6.07973078996579,840.730434472023,10.2018706330364,18.8001912733923,124.664059700818,29.0357932183438,21.1744062008355,11.8801947035991,40.0275269010421,2.47762215354032,8.07681675732202,130.012793040251,45.661066723675,5.76394674343233,85.1176868599444,41.2053524330894,690.607536396262,"WC vs. CW","CW"
"LOC111124856",3.04441446038039,-13.4240543682036,6.38888224775739,8.50991519345882e-06,0.00451646019902841,0,0,0,0,11.561427901596,6.97465328221997,0.654671827886109,0,3.3097387746179,0,0,0,0,0,0,0,3.0052619621704,0,23.7446979104992,0,0,141.97980231975,0,0,0,0,5.07179923710107,0,0,0,0,0,0,0,9.0455728615655,0,0,5.0574962843584,0,0,0,13.9458370018429,2.96956924138368,0,0,0,0,0,5.24728274891,0,2.30829413732932,0,0,0,0,0,0,0,5.45311894525876,0,0,0,0,5.76278348088004,0,0,0,1.41988870908856,1.91687133257644,0,0,2.69760463530444,0,26.9585235117486,0,0,0,0,0,0,1.00123424890841,0,0,0,0,0,0,0,0,0,0,0,"WC vs. CW","WC"
"LOC111127544",75.0935923590154,23.2420411208541,3.81181453047193,3.63771598782893e-10,5.45122439940834e-07,0,36.0945229699114,122.555829745038,6.99765516513539,100.584422743885,1.16244221370333,39.9349815010527,0,0,0,0,2.12187307743965,827.012561638003,0,0,0,33.809197074417,0,0,0,0,0,0,0,1.11663894022535,0,0,572.73717885002,648.931557903374,0,0,138.16254742176,7.00769484538831,162.894171107627,0,0,0,0,0,66.2952527472329,597.327062125757,0,0,0,0,0,0,0,415.584793713672,0,0,0,0,18.7672370520627,1018.53838531379,0,0,0,0,2.50504621316894,0,0,0,0,0,0,482.447515748061,1.41988870908856,0,0,51.6536797355709,0,0,2.69585235117486,0,0,0,0,0,0,0,0,168.482761251042,0,0,0,0,0,194.821399928013,0,0,1186.94834694381,"WC vs. CW","CW"
"LOC111123170",37.0450781791333,2.22163587742298,1.21095746876905,1.42158143835368e-05,0.00696438214270382,22.664042366476,35.0918973318583,10.450497110042,30.6147413474673,16.1859990622344,6.97465328221997,20.2948266644694,0,31.994141487973,14.9693617903727,45.3939286680028,43.4983980875129,47.1680168234602,13.2575468271965,27.0498671959729,9.65486721343441,90.157858865112,27.3112304577211,7.30606089553821,24.0746423411068,5.72725652627201,42.382030543209,588.655422349086,21.4076947447549,74.8148089950986,93.0057482993895,5.07179923710107,33.818766751144,11.4762815706384,73.7675532393768,64.9928827546566,45.6827777765496,85.0934374082866,24.2608339947529,18.091145723131,50.5367846034817,10.7815449080074,7.5862444265376,115.75532064672,27.8012350230331,12.6676212196327,19.3692180581151,25.9837308621072,43.7260492996803,22.209232604508,37.2169773674822,6.17084903799927,16.3578977920794,60.868479887356,36.7111508868806,25.3912355106225,16.6380135372623,10.5138734486166,17.779487733533,83.5135975096514,29.8839894332824,74.4604842323505,19.391296700246,31.6280898825008,3.75756931975341,97.7143589650039,14.2400400022005,23.3511500490654,27.8534534909202,9.33656055282198,9.63204521811501,33.7818829407833,44.7264943362897,11.5012279954586,36.6204848694305,35.4030838637059,26.9760463530444,8.27972923888806,40.4377852676228,33.2558202843343,12.1594615799316,22.1477985898847,11.3354118144849,45.5162525566341,38.61875762471,34.0419644628859,23.9362852705097,34.5605664104702,27.7742023394986,2.47762215354032,34.3264712186186,31.5745354526323,26.5471318160901,29.9725230658481,34.2681596449127,2.16870275963628,24.5501906292334,"WC vs. CW","CW"
"LOC111114999",23.4858941484578,1.37951489596411,1.76244430433379,0.000180073702412124,0.0388101016951041,5.666010591619,1.0026256380531,3.800180767288,12.2458965389869,8.09299953111719,10.46197992333,10.4747492461777,0,1.10324625820597,5.9877447161491,1.00875397040006,9.54842884847844,9.43360336469205,2.65150936543929,3.00554079955254,5.36381511857468,3.756577452713,10.5720892094404,0.913257611942276,26.8524856881576,10.022698920976,6.35730458148136,7.57113083407185,41.0314149274469,12.2830283424789,0,4.05743938968086,73.0921733008597,126.239097277023,2.2697708689039,3.71387901455181,17.8274254737755,5.0054963181345,9.53104192651007,1.50759547692758,10.528496792392,45.2824886136309,0.842916047393067,5.12191684277524,1.06927827011666,14.6164860226531,10.8467621125445,0.742392310345921,21.3978539126095,35.3328700526263,1.16303054273382,11.313223236332,1.36315814933995,168.962504514902,20.5150549073744,8.07902948065263,0.924334085403459,1.91161335429392,6.91424522970729,3.27504303959417,6.15258605979344,0,0.969564835012302,316.280898825008,0,1.80952516601859,7.12002000110027,3.89185834151091,9.60463913480007,94.5326755973225,73.8456800055484,5.27841920949739,0,7.66748533030575,2.03447138163503,11.0271900559084,192.429130651717,5.51981949259204,12.1313355802868,5.54263671405571,0,31.8928299694339,1.13354118144849,27.7055450344729,8.80778682668826,1.00123424890841,11.9681426352549,9.72015930294474,53.9146280707914,1.23881107677016,116.104240886504,109.582211276783,31.8565581793082,2.30557869737293,25.4247636075159,7.59045965872699,141.964145812524,"WC vs. CW","CW"
"LOC144623140",17.9376266433626,-21.2744046688646,2.43907305162479,1.16330527182413e-18,3.70440022496496e-15,0,0,17.100813452796,0,0,9.29953770962662,3.92803096731665,0,0,250.487320625571,0,0,0,449.43083744196,10.0184693318418,0,0,8.81007434120036,0,137.966219570189,5.01134946048801,0,0,0,16.7495841033803,0,2.02871969484043,7.63649571800027,0,0,0,0,0,0,26.3829208462327,15.792745188588,0,2.5287481421792,0,0,0.974432401510207,90.6479405119788,0,35.3529760295287,0,18.6084886837411,0,3.40789537334987,0,0,19.6205001672992,0,0,8.88974386676652,0,7.03152692547822,0,0,0,5.01009242633788,0,1.0171457144429,0,2.88139174044002,4.66828027641099,0,0,239.251247481423,0,0,0,0,3.44988718287002,0,0,5.06644232497149,3.54364777438155,1.13354118144849,11.8738050147741,0,116.143172873375,0,4.32007080130877,0,0,33.3168691239533,9.28662807430361,1.06188527264361,0,53.0603762243809,0,7.47179714802756,"WC vs. CW","WC"
"LOC144623111",670.187411259504,1.73808077573355,2.37496099514444,0.000181187888848909,0.0388101016951041,12.2763562818412,67.1759177495574,163.407772993384,125.957792972437,749.18052802342,52.3098996166498,90.344712248283,1584.86937254135,910.178163019922,191.607830916771,2.01750794080012,586.697905912064,58.6979764914172,80.8710356458984,113.208703449812,5018.38542493847,97.671013770538,7.04805947296029,24.6579555224414,0,4944.7701033701,4422.56488718386,3905.75711902681,5583.84037925691,155.212812691324,13.585109302158,557.897916081118,185.457753151435,7.30308827222446,2.2697708689039,1.8569395072759,129.248834684872,7.00769484538831,3072.46133376406,33.1671004924068,245.313975262734,26.9538622700184,209.886095800874,15.3657505283257,6.41566962069995,124.727347393307,6.97291850092145,149.963246689876,11.1640976935354,5970.24552832092,180.269734123742,5501.31191737635,18.4026350160893,468.057621202772,4687.15017646907,25.3912355106225,4.6216704270173,4.77903338573481,1.97549863705923,9.82512911878252,145.904183703673,7.44604842323505,5.81738901007381,630.380550071913,15.0302772790136,123.952473872274,5.08572857221448,5.83778751226636,30.7348452313602,110.871656564761,5.35113623228612,71.7865012491644,1.41988870908856,128.430379282621,12.2068282898102,135.228172790877,15.2864262667252,710.676759671225,324.85020831657,0,3.0398653949829,132.886791539308,80.4814238828427,116.759082645279,127.374147955184,9.01110824017567,1047.67279376308,1.08001770032719,459.908115209932,3.71643323031048,10.0960209466525,296.243435570285,163.530331987115,11.5278934868647,59.6929232524285,6010.55969833196,9.6065963331783,"WC vs. CW","CW"
"LOC111110833",32.5059412443468,-22.0664532329582,3.81875191588206,2.63088895616577e-09,3.52746821885911e-06,0,0,190.0090383644,0,0,0,335.191975877688,242.476759470844,0,27.9428086753625,0,1.06093653871983,0,0,0,0,0,0,0,163.892757475996,0,0,0,0,0,143.166151876588,2.02871969484043,0,0,0,0,0,0,0,14.322157030812,0,2.15630898160147,95.2495133554166,0,0,0,534.590418403978,207.127454586512,0,0,0,0,0.681579074669974,1.049456549782,6.47843839180245,0,0,0,0,0,0,0,0,0,0,263.285911655705,0,0.972964585377727,0,0,0,0,0,109.261665956857,0,0,148.368254941744,0.689977436574005,1.34792617558743,0,43.5714039947549,0,117.888282870643,161.285851450682,0,0,0,0,0,1.23881107677016,0,0,175.211069986195,0,0,0,0,"WC vs. CW","WC"
"LOC144624598",110.301529068119,-22.890070282683,2.82929443415739,2.19967121531471e-16,6.22629157890469e-13,0,228.598645476106,0,405.863999577852,501.765970929266,245.275307091402,0,0,362.968018949763,5.9877447161491,0,0,0,0,1.00184693318418,0,265.214368161538,0,4.56628805971138,32.4081723822591,477.510012877929,90.0618149043192,0,0,475.688188536,126.446017350855,3.04307954226064,0,0,140.725793872042,0,0,0,0,0,443.249714959704,355.790981964243,0,0,0,0,21.6935242250889,832.964172208123,0,0,446.603728409787,0,0.681579074669974,398.79348891716,158.72174059916,283.920178891507,0,238.95166928674,0.987749318529613,0,279.503195287759,0,0,626.018054915706,0,252.428760659593,0,320.105348589272,11.5255669617601,0,0,224.860658324589,1.41988870908856,0,0,520.599446323675,217.606773914558,1.37995487314801,78.1797181840708,0,0,23.9196224770755,479.487919752711,0,0,0,142.6970852665,8.64014160261755,0,66.8957981455887,0,0,342.988943063884,0,0,0,0,"WC vs. CW","WC"
"LOC111099988",34.8952869495476,17.7069744788788,9.91460912227416,1.14533215839183e-05,0.00572104641863372,0,0,0,0,0,0,0,0,0,0,0,0,336.465186674016,0,0,0,0,0,0,0,0,0,0,0,0,0,0,113.45650781029,201.356576648475,2.2697708689039,0,0,750.824447720176,56.319793202105,0,0,0,0,0,21.3855654023332,15.5909184241633,0,0,0,0,2.32606108546764,0,0,0,0,0,0,0,96.7994332159021,235.80309885078,0,69.141878215754,0,0,0,0,0,5.83778751226636,0,0,0,0,0,0,0,0,0,0,21.5668188093988,2.21705468562228,0,0,0,0,0,0,0,1206.37977126548,0,0,0,0,0,72.6257289672473,0,0,0,"WC vs. CW","CW"
"LOC144624111",48.1527698564092,-20.4148994390637,3.26801687738086,1.80256507708718e-10,3.06135635591972e-07,0,0,23.75112979555,0,0,0,0,30.9544799324482,0,22.9530214119049,0,0,320.74251439953,64.9619794532626,0,0,1.5026309810852,0,180.825007164571,541.679452674902,0,16.9528122172836,0,0,0,0,0,0,0,199.739836463543,0,0,0,0,0,0,1.07815449080074,0,0,0,584.659440906124,25.567367836712,0,0,0,0,0,21.8105303894392,0,0,0,0,0,619.318822718068,0,661.842471860637,0,0,0,37.5756931975341,0,0,0,0,35.0121020730824,12.8427269574867,0,117.850762854351,0,0,0,32.3712556236533,28.2890748995342,0,57.6434218261794,0,88.5911943595387,0,33.64244754186,0,74.0913344192221,51.5550759672517,0,0,0,35.3360733132839,0,16.9901643622977,32.278101763221,457.645744935286,0,0,"WC vs. CW","WC"
"LOC111112070",18.6495284165863,-19.6689730829238,3.98187763652456,1.07138416617584e-07,9.74768272618915e-05,24.5527125636823,0,0,0,63.5878534587779,0,0,0,0,0,0,0,0,0,0,0,0,19.3821635506408,31.9640164179797,65.7422925468685,0,0,0,0,0,0,0,0,0,0,0,0,5.0054963181345,0,0,0,0,0,0,0,42.8750256664491,12.3962995571937,17.8174154483021,0,0,0,0,102.918440275166,0,0,0,0,80.2877608803447,0,0,0,0,6.78695384508611,0,0,0,520.778605794763,0,0,0,31.0365901472595,0,0.709944354544282,0,0,25.5366506557879,166.352285843774,0,0,129.697699108904,14.1860385099202,0,19.2702000846243,56.400573820177,134.149368591098,0,0,0,0,19.8209772283226,0,0,0,124.501249658138,0,0,0,"WC vs. CW","WC"
"LOC144623609",64.7467922777692,-19.7677916473342,3.95000298413793,8.82384111331112e-08,8.32545749487411e-05,81.2128184798723,0,0,0,0,65.0967639673864,0,146.517871680255,0,0,0,82.7530500201465,0,0,0,0,27.7986731500762,0,1522.40043910777,107.40994275263,0,31.7865229074068,0,0,0,0,253.589961855054,0,0,0,0,0,0,0,0,184.24869386686,692.175183094073,0,0,0,0,3.09907488929842,0,0,0,87.2272907050365,0,51.1184306002481,0,0,13.8497648239759,0,0,161.990888238857,0,100.199258688065,0,0,0,0,74.1905318067622,147.48612859422,0,12.4860308752401,121.375287186686,62.0731802945189,0,112.171208017996,54.6308329784285,0,0,0,119.366096527303,0,79.8139686824022,0,1484.78841746587,0,0,0,0,11.0475162786968,64.8010620196316,0,0,0,0,0,0,0,0,0,"WC vs. CW","WC"
"LOC144624363",49.3265210751776,1.76386894882698,2.19093623712397,0.000153318643509032,0.0352227953193899,11.332021183238,4.01050255221238,15.200723069152,6.12294826949346,11.561427901596,5.81221106851664,3.27335913943055,35.0817439234413,2.20649251641193,0,9.07878573360056,50.9249538585517,173.997573170987,5.30301873087858,3.00554079955254,2.14552604742987,27.7986731500762,12.3341040776805,2.73977283582683,3.70379112940104,2.863628263136,11.6550583993825,5.67834812555389,11.8931637470861,17.8662230436056,14.6301177100163,1.01435984742021,33.818766751144,3.12989497381048,4.5395417378078,3.71387901455181,1749.31612461422,14.0153896907766,301.5275082205,6.03038190771033,2.1056993584784,4.31261796320295,10.9579086161099,0,8.55422616093327,44.8238904694695,9.29722466789526,1.48478462069184,6.51239032122897,71.6752506781849,238.421261260433,21.5979716329974,14.3131605680695,150.072286618826,0,40.3951474032631,1.84866817080692,13.3812934800575,77.0444468453098,99.8888127076223,0.878940865684777,394.640566431458,3.87825934004921,0,10.0201848526758,1.80952516601859,20.3429142888579,0.972964585377727,13.4464947887201,4.66828027641099,7.49159072520056,14.7795737865927,8.51933225453138,11.5012279954586,23.057342325197,42.9480033756432,0,4.13986461944403,124.009208154043,16.6279101421671,0,7.0872955487631,6.80124708869093,3.9579350049247,0,9.01110824017567,1.84125271311613,342.36561100372,4.0844415205145,14.8657329212419,2.01920418933051,1.85732561486072,0,8.06952544080526,39.7952821682857,0,8.53919674060293,"WC vs. CW","CW"
"LOC111117287",34.0403868495925,1.66348286583291,2.03402474403891,0.000153473220037381,0.0352227953193899,22.664042366476,40.1050255221238,9.50045191822,16.6194310171965,0,11.6244221370333,9.82007741829164,567.49879876155,0,30.936681033437,12.1050476448007,38.1937153939138,117.395952982834,5.30301873087858,23.0424794632361,31.1101276877331,4.5078929432556,96.910817753204,4.56628805971138,8.33353004115235,42.9544239470401,15.8932614537034,558.370899012799,11.8931637470861,1.11663894022535,1.04500840785831,2.02871969484043,12.0002075568576,33.3855463873118,0,12.9985765509313,125.906192408539,5.0054963181345,0,14.322157030812,11.5813464716312,2.15630898160147,43.8316344644395,0,11.7620609712833,28.258539643796,0.774768722324605,8.90870772415105,18.6068294892256,44.418465209016,16.2824275982735,30.8542451899964,15.6763187174094,39.879348891716,5.39869865983538,6.92488241198797,0,4.77903338573481,6.91424522970729,6.55008607918834,0.878940865684777,15.9558180497894,36.8434637304675,57.8030608197429,8.7676617460913,11.7619135791208,7.12002000110027,13.6215041952882,3.84185565392003,114.372866772069,14.9831814504011,2.11136768379895,0.709944354544282,16.2934063268997,1.35631425442335,0,0.89920154510148,13.7995487314801,134.792617558743,12.1938007709226,0,0,0,10.8843212635429,2.03256619077421,6.00740549345044,4.60313178279033,43.2007080130877,2.4506649123087,12.3881107677016,153.459518389118,32.5031982600626,4.24754109057442,18.4446295789834,38.6898576636111,129.037814198359,14.9435942960551,"WC vs. CW","CW"
"LOC144625993",2.99378471332945,14.7821985706317,2.78035049298392,2.58876583841086e-08,2.74786707222986e-05,0,0,0,0,0,0,0.654671827886109,0,0,0,5.04376985200031,0,0,0,0,0,0,0,0,0.925947782350261,9.30679185519201,0,0,0.594658187354303,0,4.18003363143324,1.01435984742021,2.18185591942865,0,0,0,0,4.0043970545076,0,0,0,4.31261796320295,0,1.02438336855505,0,0,0.774768722324605,0,0,0,0,8.22779871733236,0,0,4.3189589278683,9.23317654931729,0,0.955806677146961,0,0,0,0,0,1.09062378905175,2.50504621316894,0,5.08572857221448,6.81075209764409,1.92092782696001,0,1.07022724645722,0,0,0,0,1.16075684799036,0,5.51981949259204,0,0,0,0,0,0,0,0,190.56965580752,0,0.816888304102899,0,0,0,2.12377054528721,0,0,0,0,"WC vs. CW","CW"
"LOC111120346",56.1514014998713,2.48986989953921,1.83199965927622,4.05123910473737e-05,0.0151772523813507,35.8847337469203,12.0315076566371,141.556733581478,71.7259654426377,183.826703635376,4.64976885481331,27.4962167712166,77.3861998311205,6.6194775492358,14.9693617903727,0,122.00770195278,201.25020511343,9.28028277903752,47.0868058596565,0,65.3644476772062,21.1441784188809,64.8412904479016,57.4087625057162,183.988115906488,1.05955076358023,89.9071786546032,8.91987281031455,79.281364756,10.4500840785831,3.04307954226064,22.9094871540008,29.2123530888979,2.2697708689039,1.8569395072759,1276.88934955917,14.0153896907766,44.1893762047285,3.76898869231896,95.8093208107673,3.23446347240221,11.8008246635029,92.1945031699543,25.6626784827998,13.6420536211429,7.74768722324605,2.22717693103776,53.0294640442931,58.5516132300665,80.2491074486336,9.25627355699891,2.7263162986799,25.186957194768,51.8275071344196,17.3122060299699,4.6216704270173,5.73484006288177,47.4119672894214,39.3005164751301,2.63682259705433,165.94050771781,1.9391296700246,29.4468423043973,6.26261553292235,45.2381291504648,18.3086228599721,4.86482292688863,87.4022161266807,154.053249121563,9.63204521811501,53.8398759368733,10.6491653181642,39.295862317817,26.4481279612553,90.5390341432479,25.1776432628414,6.20979692916604,17.5230402826366,11.0852734281114,4.0531538599772,14.1745910975262,7.93478827013942,21.7686425270859,6.77522063591404,14.0172794847177,22.0950325573936,244.084000273946,66.1679526323348,8.67167753739113,18.1728377039746,42.7184891417966,41.4135256331006,21.9029976250428,12.1596695514206,1.08435137981814,228.423512811128,"WC vs. CW","CW"
"LOC111115327",293.282294371259,-1.1111390970064,1.39279519200743,0.000170340578570999,0.0384020021158956,288.966540172569,913.39195626637,284.063512354778,19.2435517041223,21.9667130130324,60.446995112573,764.002023143089,184.695063596941,41.9233578118267,59.877447161491,109.954182773607,32.8890327003146,844.831590215754,441.476309345642,61.112662924235,1457.8849492286,43.5762984514708,8.81007434120036,231.054175821396,157.411122999544,241.260681169208,209.791051188885,135.333963659034,92.172019039917,21.2161398642817,107.635866009406,114.622662758484,29.4550549122867,52.1649162301747,255.349222751689,126.271886494761,92.4797696452102,133.146202062378,253.87229858795,312.826061462473,31.5854903771761,180.051799963723,230.9589969857,92.1945031699543,41.7018525345497,469.67641752792,460.98738978314,135.115400482958,320.967808689142,154.455117658624,56.9884965939572,241.691587321638,1303.17919076899,464.909251553426,1512.71536448587,2045.14860567378,49.9140406117868,30.5858136687028,60.2527084303064,170.302238058897,442.986196305128,111.690726348526,585.61716034743,105.79050753802,368.241793335834,23.5238271582417,91.5431142998606,72.9723439033295,51.8650513279204,88.6973252518088,189.430222622928,199.524246119001,210.853473299652,126.513507950045,1889.34575641173,99.2447105031756,245.482021812704,87.6271344448986,125.357134329631,794.814104795589,368.837001257925,88.5911943595387,273.183424729086,277.055450344729,166.670427643485,1628.00688872507,138.09395348371,92.8815222281386,42.4781918133508,436.061499023097,137.305884874474,446.686810374004,59.4655752680419,146.404247283181,225.506598953619,140.965679376358,144.098944997674,"WC vs. CW","WC"
"LOC144625712",12.4139967526921,2.54184903763086,2.79387065777256,9.45059086984699e-05,0.0270509890347587,8.4990158874285,18.0472614849557,10.450497110042,88.3453964598343,0,62.7718795399797,3.27335913943055,0,6.6194775492358,0.997957452691516,118.024214536807,2.12187307743965,5.24089075816225,0,30.0554079955254,1.07276302371494,56.348661790695,2.64302230236011,2.73977283582683,0.925947782350261,0,3.17865229074068,5.67834812555389,4.75726549883443,44.6655576090141,36.5752942750408,0,27.2731989928581,0,1.13488543445195,44.5665481746217,45.6827777765496,28.0307793815532,0,0.753797738463791,29.4797910186976,2.15630898160147,28.6591456113643,23.5608174767661,23.5241219425665,15.5909184241633,0,0.742392310345921,0,1.00951057293218,25.586671940144,2.05694967933309,0.681579074669974,43.027718541062,10.7973973196708,2.30829413732932,22.184018049683,0,1.97549863705923,44.2130810345213,1.75788173136955,20.2107028630666,1.9391296700246,9.81561410146577,2.50504621316894,1.80952516601859,3.05143714332869,0,21.1302060965602,2.33414013820549,1.07022724645722,39.0603021502806,0,0,0.678157127211675,0,1.79840309020296,6.20979692916604,0,2.21705468562228,0,12.4027672103354,0,0,41.3288458790757,0,5.5237581393484,0,3.2675532164116,0,4.03840837866101,6.50063965201253,6.37131163586163,5.76394674343233,1.1054245046746,2.16870275963628,0,"WC vs. CW","CW"
"LOC144625551",10.1146164622619,15.7249858646829,2.96863359493555,3.07590680935159e-08,3.13434903872927e-05,0,9.02363074247786,1.900090383644,0,0,0,13.0934365577222,0,0,0,0,3.18280961615948,88.0469647371258,0,0,0,1.5026309810852,0,0.913257611942276,0,236.965238774504,0,0,0,0,0,0,0,2.08659664920699,0,12.0701067972934,0,0,6.93166685564369,0.753797738463791,0,232.881370012959,3.37166418957227,0,0,99.3921049540411,2.32430616697382,0,0,0,2.32606108546764,0,0,0,0,0,0,0,0,0,0,0,3.87825934004921,8.72499031241402,0,0,0,0,0,0,0,0,0,0,0,0,49.4560849805814,0,2.69585235117486,2.21705468562228,0,0,0,0,6.09769857232264,0,1.84125271311613,0,0,0,2.01920418933051,27.8598842229108,20.1758201802285,9.22231478949172,79.5905643365714,0,0,"WC vs. CW","CW"
"LOC111119097",1215.66600002079,-1.24168647933144,1.77481675657169,0.000241049947341614,0.0454870178409452,602.48579290882,1250.27417065221,5113.143222386,23.6170861823319,915.665089806402,2959.57787608867,1076.28048504476,119.6906557388,211.823281575546,174.642554221015,157.36561938241,144.287369265897,4626.65836130563,619.127436830075,77.1422138551819,1454.66666015745,125.469686920614,257.254170763051,94.0655340300544,180.559817558301,665.793571179121,435.475363831473,61.5154380268337,210.508998323423,2139.48020947178,230.946858136686,83.1775074884576,280.368485646581,38.6020380103293,734.270876090412,12.0701067972934,259.611883461855,158.17368365305,4490.85366410015,778.673063833096,110.549216320116,2412.90975041205,118.008246635029,54.2923185334175,556.024700460663,1547.39865359821,182.845418468607,783.966279725292,534.946347815237,139.312459064641,968.804442097272,25.7118709916636,7292.21451989405,59.819023337574,7971.71844111292,15076.6231579665,50.8383746971902,185.42649536651,102.72592912708,242.353184929969,10532.3483935007,10.6372120331929,25.2086857103198,217.034134021299,2006.54201674832,59.7143304786135,79.3373657265459,122.593537757594,93.1649996075607,85.1961150445005,970.696112536701,40.1159859921801,969.783988307489,68.0489323064635,3977.39155109648,97.50357523119,24.27844171774,91.0770216277687,428.640523836802,4822.09394122847,71.9434810145952,288.807293612096,294.720707176607,210.76003901224,640.935872157469,14130.4189548444,139.014579840268,57.2409381173413,60.4497345036146,137.508029521488,224.131665015686,91.9376179356058,281.399597250555,1023.67694163358,166.919100205865,41.2053524330894,78.9875698505771,"WC vs. CW","WC"
"LOC111119236",1407.35332937811,-2.98320594509734,2.02039748283976,3.17538673098538e-05,0.0130472543502988,1484.49477500418,895.344694781414,4954.48567535173,69.1018447557119,1263.66406964444,3159.51793684564,1369.57346393774,98.0225197860859,139.009028533952,323.338214672051,344.993857876821,229.162292363483,7384.41507825061,445.453573393801,46.0849589264723,1578.03440788467,374.906429780757,478.38703672718,110.504171045015,137.040271787839,739.531998954873,298.793315329624,60.5690466725748,180.776088955708,2596.18553602394,141.076135060872,87.2349468781384,382.915713859728,60.5113028270027,499.349591158858,55.7081852182771,187.187967474642,128.140705744243,5021.99263691385,557.810326463206,93.7036214522889,2085.15078520863,81.7628565971275,53.2679351648625,383.870898971881,1785.1601595667,142.557444907727,499.630024862805,489.359615566634,136.283927345844,1065.33597714418,49.3667923039942,14229.3263418851,44.077175090844,9025.54441951278,18075.0972423573,58.2330473804179,190.205528752245,80.9954441194283,301.303959642664,10334.5866987216,132.965150414912,36.8434637304675,152.687330467245,3394.33761884392,35.2857407373625,57.9773057232451,96.323493952395,69.1534017705605,81.6949048371923,1360.25883024713,63.3410305139686,577.894704599045,100.635744960263,4182.87316064161,161.34520187066,13.4880231765222,151.105058609707,409.769557378578,3060.64399350156,39.5182501347777,269.317230852998,344.59651916034,137.538241421133,476.975532768349,15578.2036787659,139.014579840268,171.722814352024,44.1119684215566,141.224462751798,136.296282779809,58.5057568681128,494.83853705192,1616.21066685842,342.681596449127,43.3740551927257,215.614717700224,"WC vs. CW","WC"
"LOC111126481",24.8125955313082,24.0882841004125,1.94461437994545,1.04650394454424e-35,2.66596879872645e-31,0,12.0315076566371,25.651220179194,5.24824137385154,10.4052851114364,0,3.92803096731665,19.6045039572172,5.51623129102983,3.99182981076607,2.01750794080012,2.12187307743965,0,2.65150936543929,6.01108159910508,0,20.2855182446502,0,0,7.40758225880209,0,5.29775381790113,318.933886385277,312.195548361009,0,4.18003363143324,2.02871969484043,4.3637118388573,26.0824581150874,0,7.42775802910361,0,6.00659558176141,19.9285422099756,376.898869231896,0,0,1.68583209478613,0,10.6927827011666,5.84659440906124,0,0,0,270.548833545825,2.32606108546764,295.172278984298,30.6710583601488,0,0,0,0,0,7.90199454823691,0,0,6.38232721991576,0,0,1.25252310658447,9.04762583009296,1.0171457144429,4.86482292688863,24.9720617504802,5.83535034551373,4.28090898582889,2.11136768379895,0.709944354544282,0,0,15.6702174478698,7.19361236081184,2.06993230972201,0,13.3023281137337,0,0.885911943595387,0,32.6529637906288,0,0,0,6.48010620196316,3.2675532164116,0,9.08641885198728,1.85732561486072,0,0,0,283.015710132535,11.741395518329,"WC vs. CW","CW"
"LOC111114510",424.430605826177,-1.3512120864783,1.05644204957994,3.07863644689586e-05,0.0128570923745364,234.195104453585,323.84808109115,410.419522867104,886.95279218091,78.6177097308527,361.519528461735,773.822100561381,989.511541840594,254.849885645578,279.428086753625,343.985103906421,99.7280346396637,475.872880841132,253.219144399452,622.146945507376,522.435592549173,79.6394419975156,478.38703672718,389.961000299352,235.190736716966,675.816270100097,85.8236118499983,242.276186690299,544.112241429188,556.086192232226,72.1055801422233,868.292029391704,375.279218141727,169.014328585766,228.111972324842,347.247687860594,46.7969918686606,153.168187334916,240.875423233618,838.223085171736,707.514984448743,282.476476589793,329.580174530689,254.047075401652,4.27711308046664,14.6164860226531,243.277378809926,1427.62041279521,348.878052922981,74.7037823969814,72.1078936494968,393.905863592287,352.376381604377,295.946747038524,225.665603981119,253.912355106225,1030.63250522486,728.324687985984,285.459553055058,80.2385544700572,508.027820365801,457.400117427296,439.212870260573,1049.18008506779,688.887708621459,179.142991435841,701.830542965598,173.187696197235,131.583556146761,942.99261583502,674.24316526805,604.9068414084,400.408615962975,883.677684317737,372.986419966421,351.128946517083,846.148653940493,309.109891585154,103.790315520232,167.387628764482,995.049272624402,423.465909038595,710.730320768202,157.327916445757,313.015193379229,353.435689864668,1590.84234413234,236.523876371655,281.009576611397,463.31534271204,503.791445237961,110.510874084213,211.315169256077,432.296005757425,500.757300617595,659.28563892943,177.188332367511,"WC vs. CW","WC"
"LOC111132942",223.695305368332,2.29400840982445,1.74044321151341,4.37493718518491e-05,0.0161523948974762,108.598536339364,619.622644316813,50.352395166566,511.703533950525,707.559387577674,919.491791039332,97.5461023550302,46.4317198986723,93.7759319475071,109.775319796067,787.836850882449,267.356007757396,205.44291771996,43.7499045297483,46.0849589264723,8.58210418971948,601.05239243408,294.256482996092,27.3977283582683,56.4828147233659,23.624933170872,24.3696675623452,31.2309146905464,20.2183783700463,79.281364756,89.8707230758146,43.6174734390692,22.9094871540008,604.069729945424,1114.45749663182,77.06298955195,890.257059596662,102.112124889944,59.7856266299268,55.7810326463206,37.9025884526113,89.4868227364611,87.6632689288789,1297.89372795925,1086.38672243853,190.01431829449,65.0805726752668,45.2859309311011,83.7307327015154,53.5040603654056,60.4775882221586,30.8542451899964,85.1973843337468,909.878828660994,75.5817812376953,31.1619708539459,1415.1554847527,21.9835535743801,106.676926401198,1131.52737017979,78.2257370459452,644.615049211492,27.1478153803444,27.2655947262938,72.6463401818993,41.6190788184276,4.06858285777158,42.81044175662,116.216133531081,30.3438217966714,455.916806990777,42.2273536759791,71.7043798089724,58.4645756435813,41.3675847599122,38.885354407677,70.1377205179155,46.2284882504583,998.813296110284,48.7752030836902,6.07973078996579,93.0207540775157,60.0776826167699,32.6529637906288,86.7228241396998,75.0925686681306,40.5075596885549,552.969062567523,35.9430853805276,59.4629316849677,30.2880628399576,127.22680461796,139.106970716312,95.6815159409766,140.388912093675,8.67481103854514,291.400088773075,"WC vs. CW","CW"
"LOC144627099",1674.27982849306,-1.78739538997732,2.04427614678607,0.000129225754756225,0.0325943178456914,9523.61946941293,137.359712413274,725.834526552008,84.8465688772666,263.600556156388,1319.37191255328,65.4671827886109,1290.80181318309,228.371975448635,3352.1390835908,213.855841724813,4488.82249532359,4086.84661321492,6.62877341359823,2026.7363458316,0,1129.97849777607,2618.35409420475,3813.76378747094,1837.08040018292,2730.46954890018,66.7516981055542,5.67834812555389,124.283561157049,2143.94676523268,814.061549721623,5273.65684673769,3374.2401793964,2.08659664920699,3014.25571390438,82.6338080737777,116.992479671651,223.245135788799,1433.12212240433,3276.00497136364,3080.6381614539,107.815449080074,1577.93884071982,261.217758981537,115.482053172599,3191.26611494593,555.509173906742,85.3751156897809,5033.14737683554,97.9225255744216,160.498214897267,176.897672422646,3816.16123907719,945.560351353582,2614.04989109229,2534.5069627876,86.8874040279252,162.487135114983,2105.88154710514,65.5008607918834,1399.27385817017,109.563283941887,59.1434549357504,2946.86547801783,752.766387057267,140.238200366441,2526.58995467615,193.619952490168,1105.49396441549,3.50121020730824,7469.11595302496,108.735435715646,57.5054927180868,3916.16813245366,74.5972839932843,117.816820071021,1434.22646443686,7435.19685652148,68.7442349549588,2112.85311539804,1500.68021665656,1268.62590322859,3831.36919329589,2383.6663567159,201.901574950239,51.0629466943288,6416.76570520973,91.8015045278115,2568.29682809952,3116.84866915373,3.02880628399576,885.944318288565,4900.60053325024,3567.88303418461,4448.2282068106,92.1698672845421,3.2021987777261,"WC vs. CW","WC"
"LOC144626783",75.030486946269,-22.8717106404484,4.15012569403458,1.00549503940229e-08,1.2197612442273e-05,1.88867019720633,0,0,0,0,333.620915332855,0,543.76703081334,0,0,0,36.0718423164741,322.838870702794,0,0,0,0,703.924939861909,0,0,0,0,0,0,359.557738752564,489.063934877689,0,0,0,0,0,0,0,0,0,0,0,0,0,0,0,0,0,468.892103128486,0,0,0,2.7263162986799,0,0,0,0,0,427.695454923323,0,217.977334689825,0,0,0,11.2727079592602,0.904762583009296,6.10287428665738,0,0,0,683.875210486165,0,0,579.853578104372,0,0,10.7904185412178,2.06993230972201,0,0,0,429.667292643763,0,0,0,0,0,0,2.4506649123087,0,0,0,454.486896691463,315.864281540092,497.441027103571,0,0,"WC vs. CW","WC"
"LOC111133438",60.2365351611263,1.80688005726148,1.48450292025198,5.07293342332831e-05,0.0174767235898194,8.4990158874285,158.414850812389,38.951852864702,40.2365171995285,45.0895688162243,12.7868643507366,58.2657926818637,472.571726968709,33.097387746179,131.73038375528,10.0875397040006,18.0359211582371,3.14453445489735,14.5833015099161,36.0664895946305,24.6735495454435,99.1736447516232,205.274732149968,16.438637014961,22.2227467764063,17.181769578816,18.0123629808638,289.595754403248,129.635484843238,17.8662230436056,19.8551597493079,41.5887537442288,27.2731989928581,38.6020380103293,12.4837397789715,12.0701067972934,8.91371273688773,25.0274815906725,9.53104192651007,30.9057072770154,29.4797910186976,18.3286263436125,17.7012369952544,7.17068357988534,314.367811414298,31.1818368483266,10.8467621125445,20.7869846896858,39.0743419273738,266.510791254096,25.586671940144,33.939669708996,22.4921094641091,108.094024627546,153.323041939325,26.5453825792872,12.016343110245,756.043081623246,9.87749318529613,14.7376936781738,7.910467791163,243.592155560118,43.6304175755536,66.5280511321569,30.0605545580273,28.0476400732882,40.6858285777158,19.4592917075545,77.7975769918806,26.8426115893632,5.35113623228612,32.7261990988838,17.748608863607,11.5012279954586,13.5631425442335,20.8936232638264,132.182627129918,21.3893005337942,226.451597498688,22.1705468562228,17.2259039049031,22.1477985898847,30.6056118991092,12.8632887660053,18.2930957169679,15.0185137336261,39.5869333319969,9.72015930294474,69.4355058487464,19.8209772283226,18.1728377039746,26.0025586080501,36.1040992698826,17.291840230297,16.581367570119,14.0965679376358,4.26959837030146,"WC vs. CW","CW"
"LOC144626483",132.501686264214,5.21266367947484,5.09511509371539,5.07665376112515e-05,0.0174767235898194,0,0,605.178787190614,463.594654690219,328.344552405326,333.620915332855,1100.50334267655,0,5.51623129102983,0.997957452691516,522.534556667232,47.7421442423922,1.04817815163245,0,0,0,1334.33631120366,0,0,0,0,0,5.67834812555389,0.594658187354303,1.11663894022535,0,0,0,15.6494748690524,529.991497889061,61.2790037401048,577.16289971348,1.0010992636269,0,53.5196394309292,0,20.484935325214,0,344.192811834496,327.199150655698,0,5.42338105627224,0,0,1.00951057293218,0,0,0,0,0,0,397.463656723487,0,0.987749318529613,615.708091443704,382.339276572878,376.55730597503,7.75651868009841,0,0,0,6.10287428665738,23.3511500490654,1805.67215734241,0,3.21068173937167,0,0,0,0,452.114792292244,0,0,2.69585235117486,0,0,990.449552939643,0,4.94741875615588,0.677522063591404,1.00123424890841,0,405.006637622698,0,0,1.00960209466525,9.28662807430361,0,0,0,5.42175689909071,10.6739959257537,"WC vs. CW","CW"
"LOC111106792",168.528140880932,6.7783016646309,3.12023566514859,6.57367763700041e-06,0.00364053125657795,448.559171836504,255.669537703539,0,14.8700172259127,17.342141852394,8.13709549592329,5.89204645097498,0,0,1.99591490538303,9.07878573360056,2.12187307743965,0,364.582537747903,9.01662239865762,347.575219683639,9.0157858865112,598.204047767504,3.6530304477691,0,11.454513052544,731.090026870356,1021.15627124544,657.097297026505,6.69983364135212,0,314.451552700266,0,780.387146803414,0,265.542349540454,7.79949864477676,0,0,633.190100309585,2.1056993584784,0,6.74332837914453,1.02438336855505,3.20783481034998,4.87216200755104,0.774768722324605,0,840.098351438538,846.9793706901,0,970.880248645219,530.95009916791,305.391855986562,1.07973973196708,6.92488241198797,8.31900676863113,5.73484006288177,12.840741140885,0,4.39470432842389,331.881015435619,888.121388871268,1118.9800075671,454.665887690163,10.8571509961115,0,496.211938542641,0,47.8498728332126,2.14045449291445,10.5568384189948,3.54972177272141,0,2.7126285088467,12.1879469038988,6.29441081571036,0.689977436574005,0,2.21705468562228,0,4.42955971797694,0,0,0,0,19.3331534877194,0,8.16888304102899,4.95524430708064,7.06721466265677,269.312214154805,3.18565581793082,662.853875494718,5.52712252337301,640.851665472522,413.083642326667,"WC vs. CW","CW"
"LOC111106995",32.7149035191562,3.36494208519384,0.859561147821307,8.9817546466735e-07,0.000653743427497164,5.666010591619,39.1023998840707,13.300632685508,50.7329999472316,8.09299953111719,2.32488442740666,13.0934365577222,8.25452798198618,108.118133304185,7.98365962153213,17.1488174968011,64.7171288619095,6.2890689097947,21.2120749235143,46.0849589264723,11.8003932608643,3.0052619621704,7.92906690708032,45.6628805971138,3.70379112940104,9.30679185519201,34.9651751981475,122.084484699409,49.9512877377615,20.0995009240563,66.8805381029318,4.05743938968086,15.2729914360005,106.416429109556,86.2512930183483,7.42775802910361,129.248834684872,125.137407953363,18.1956254960647,15.8297525077396,36.8497387733721,19.4067808344133,21.9158172322197,50.1947850591974,19.2470088620999,11.6931888181225,10.0719933902199,38.6044001379879,26.9799027593772,102.970078439083,51.1733438802881,29.8257703503298,5.45263259735979,29.384783393896,74.5020415057282,30.0078237852812,4.6216704270173,3.82322670858784,19.7549863705923,54.0382101533038,12.3051721195869,61.695829792519,63.9912791108119,1.09062378905175,36.3231700909497,12.6666761621301,96.6288428720751,85.62088351324,77.7975769918806,5.83535034551373,12.8427269574867,31.6705152569843,9.93922096361994,0,18.3102424347152,12.7683253278939,0,23.4592328435162,14.8271879314617,26.6046562274674,4.0531538599772,42.5237732925786,11.3354118144849,17.8107075221612,26.4233604800648,9.01110824017567,1.84125271311613,39.9606549121062,48.1964099420711,0,23.2208481773008,60.3630824829735,66.8987721765471,16.1390508816105,15.4759430654444,56.3862717505434,29.8871885921102,"WC vs. CW","CW"
"LOC111132635",21.9559628398625,20.1893853957846,2.78428308301268,1.88571019794007e-13,3.69526671480948e-10,0.944335098603166,0,0,0,0,159.254583277356,17.6761393529249,0,0,180.630298937164,4.03501588160025,20.1577942356767,76.5170050691688,21.2120749235143,191.352764238178,6.43657814228961,0,7.92906690708032,0,0,0,0,125.870050116444,0,97.1475877996057,3.13502522357493,0,2.18185591942865,0,0,3.71387901455181,16.7132113816645,0,0,7.53797738463791,0,0,2.5287481421792,1.02438336855505,0,0,0.774768722324605,0,8.37307327015154,2.01902114586436,0,0,1.36315814933995,1.049456549782,0,0,1.84866817080692,4.77903338573481,0,0,151.177828897782,0,0,0,0,0,0,0,0,0,92.0395431953212,0,0,0,0,0,1.79840309020296,0,0,59.8604765118017,0,0,0,0,0,0,0,0,0,0,0,179.23192183406,396.083206696065,0,173.551647233913,0,0,"WC vs. CW","CW"
"LOC144618101",9.47014204557011,21.0980756800362,2.86843699492902,8.12549457472031e-14,1.72497478575833e-10,0,19.0498871230088,33.25158171377,10.4964827477031,0,0,5.23737462308887,0,0,0,0,147.470178882056,23.0599193359139,2.65150936543929,0,0,6.7618394148834,0,0,1.85189556470052,0,0,0,0,2.2332778804507,0,0,5.45463979857162,37.5587396857258,0,0.928469753637951,5.57107046055483,2.0021985272538,17.3291671391092,0,0,0,0,0,27.8012350230331,0,4.64861233394763,0,0,37.3518911984907,25.586671940144,0,0,0,0,0,0,0,0,78.6010329502601,0,40.4214057261331,1.9391296700246,0,0,0,0,0,36.4976287122403,0,0,0,0,0,0,0,0,0,0,1.10852734281114,0,0,0,5.93690250738706,0,0,0,244.084000273946,0,0,0,0,0,20.7502082763564,0,0,25.6175902218088,"WC vs. CW","CW"
"LOC111100644",109.661875721819,22.892174999866,2.39047150965322,3.76271813718309e-22,3.19517481815797e-18,0,427.118521810619,0,15.7447241215546,0,215.051809535116,20.9494984923555,33.0181119279447,0,0,368.195199196023,0,230.599193359139,0,4.00738773273672,0,0,7.04805947296029,926.95647612141,0,4.29544239470401,1.05955076358023,0,546.490874178605,41.315640788338,1.04500840785831,1.01435984742021,0,0,28.3721358612988,10.2131672900175,8.91371273688773,8.00879410901521,3.46583342782184,0,7.36994775467441,0,7.5862444265376,31.7558844252065,13.9006175115166,145.190427825021,0,838.160918380544,344.226345550674,370.490380266111,0,0,1825.26876196619,83.95652398256,1.07973973196708,261.991384586878,5.54600451242075,0,173.843880061212,234.165577330983,3.51576346273911,0,0,23.9937233591386,1.25252310658447,218.95254508825,0,0,28.8139174044002,348.953950661721,0,48.5614567273759,0,0,0,8.70567635992768,0,872.131479829542,22.9147449849863,0,0,441.184147910503,0,0,0,0,0,0,26.1404257312928,0,0,95.6522691653272,0,4.61115739474586,282.988673196698,410.969172951076,2.13479918515073,"WC vs. CW","CW"
"LOC111100026",15.553668321312,18.518650500709,3.94690258512058,2.06513661382402e-07,0.000181411569783334,0.944335098603166,218.572389095575,0,0,0,19.7615176329566,0,0,0,0,75.6565477800047,0,10.4817815163245,0,0,0,0,0,144.29470268688,0,0,3.17865229074068,0,74.9269316066422,8.93311152180282,0,0,0,0,0,0,0,0,0,0,0,0,0,0,0,38.9772960604083,0,5.19674617242144,0,73.6942718240493,1.16303054273382,0,92.0131750804465,0,0,16.1580589613053,1.84866817080692,0,44.4487193338326,93.3387266284339,0,0,0,1.09062378905175,0,10.8571509961115,0,0,0,84.0290449753978,0,0,0,0,0,0,0,132.475667822209,0,0,0,174.524652888291,0,0,0,0,0,0,0,0,0,0,0,0,14.3705185607698,90.0011645249058,0,"WC vs. CW","CW"
"LOC144627151",21.939551300979,-21.1099329724232,2.99944349804396,8.25779938375747e-13,1.5026245664373e-09,0,0,0.950045191822,194.184930832507,0,1.16244221370333,0,0,0,0,179.558206731211,0,0,0,0,1.07276302371494,0,0,0,172.226287517148,2.147721197352,0,0,0,4.46655576090141,0,0,0,0,0,0,0,0,0,5.27658416924654,0,1.07815449080074,0,0,0,0,103.819008791497,0,0,0,0,0,107.689493797856,0,4.3189589278683,1.15414706866466,0,194.98456213798,0,0,0,0,203.608615352583,55.6218132416394,0,0,0,108.972033562305,0,0,1.07022724645722,81.2876558262597,0,0,0.678157127211675,0,0,136.615532441653,2.69585235117486,0,0,0,0,204.823136504853,0,85.1049111572146,0,0,0.816888304102899,0,1.00960209466525,8.35796526687325,13.8045085443669,1.15278934868647,0,134.45957109745,4.26959837030146,"WC vs. CW","WC"
"LOC144627833",38.3849432360524,2.08697011872729,1.45971341389686,3.24114503367982e-05,0.0131060586877767,27.3857178594918,12.0315076566371,24.701174987372,30.6147413474673,6.93685674095759,66.2592061810897,30.7695759106471,2.06363199549655,16.5486938730895,28.940766128054,29.2538651416018,12.7312384646379,14.6744941228543,9.28028277903752,42.0775711937356,71.8751225889006,23.2907802068206,18.5011561165208,20.0916674627301,11.1113733882031,17.181769578816,69.9303503962949,162.779312932545,95.7399681640428,32.3825292665352,19.8551597493079,20.2871969484043,24.0004151137151,320.292585653273,18.1581669512312,18.569395072759,32.312208671218,19.0208860089111,16.4627087821538,53.5196394309292,68.4352291505481,6.46892694480442,24.4445653743989,15.3657505283257,25.6626784827998,9.74432401510207,17.0449118911413,17.0750231379562,34.4226345550674,232.187431774402,3.48909162820146,103.875958806321,36.8052700321786,9.445108948038,17.2758357114732,11.5414706866466,46.216704270173,45.8787205030541,9.87749318529613,0,7.03152692547822,1.06372120331929,257.904246113272,8.72499031241402,25.0504621316894,43.4286039844462,39.6686828632729,111.890927318439,9.60463913480007,14.004840829233,17.1236359433156,16.8909414703916,14.9088314454299,7.66748533030575,6.78157127211675,26.117029079783,25.1776432628414,21.3893005337942,9.43548322911199,3.32558202843343,36.4783847397948,22.1477985898847,6.80124708869093,28.6950287857041,3.38761031795702,18.0222164803513,27.618790696742,3.24005310098158,27.7742023394986,12.3881107677016,21.2016439879703,38.0751751046448,13.8045085443669,19.5974189276699,2.21084900934921,127.953462818541,299.939285513678,"WC vs. CW","CW"
"LOC111105825",188.779278078391,2.05838562986213,3.5611643510427,0.000223160977219036,0.0433874772974772,270.079838200505,0,0.950045191822,0.874706895641923,1.1561427901596,3.48732664110998,0.654671827886109,0,0,0,1.00875397040006,886.942946369776,0,0,3.00554079955254,1.07276302371494,2.2539464716278,0.881007434120036,0,272.228648010977,2.147721197352,4.2382030543209,1710.12917714598,0.594658187354303,0,0,7.1005189319415,0,1501.30628910443,1.13488543445195,0,92.4797696452102,1.0010992636269,0,0,0,0,0,2.0487667371101,1109.91084438109,4.87216200755104,226.232466918785,1.48478462069184,84.6610741759767,1289.1450016344,0,7.19932387766582,6.13421167202977,0,0,1.15414706866466,1746.99142141254,1233.94642019673,2.96324795558884,0,0.878940865684777,0,3041.52488743359,2.18124757810351,1.25252310658447,1.80952516601859,92.5602600143035,979.775337475371,0,0,0,0,1072.72591971641,0,0,0.580378423995179,0,0,0,62.0775311974239,6.07973078996579,1.77182388719077,0,272.108031588573,0.677522063591404,8.00987399126726,3.68250542623227,0,0,0,0,0,2.12377054528721,0,0,1.08435137981814,1335.31689031178,"WC vs. CW","CW"
"LOC144627235",151.969511347622,4.2929899869658,1.38429352839237,2.878469339344e-06,0.00178851235170215,532.604995612186,17.0446358469026,13.300632685508,8.74706895641923,5.78071395079799,0,15.7121238692666,55.7180638784067,13.2389550984716,0.997957452691516,16.140063526401,341.621565467784,9.43360336469205,13.2575468271965,23.0424794632361,20.3824974505838,12.7723633392242,326.853758058533,16.438637014961,24.0746423411068,322.874086668584,43.4415813067893,754.273909344408,63.0337678595562,36.8490850274366,6.27005044714986,4.05743938968086,12.0002075568576,590.506851725578,17.0232815167793,21.3548043336729,23.3984959343303,31.0340771724339,244.34125666144,45.2278643078275,15.792745188588,34.5009437056236,52.2607949383701,23.5608174767661,528.22346543763,6.82102681057145,6.97291850092145,14.1054538965725,21.3978539126095,579.459068863072,5.8151527136691,56.56611618166,14.9947396427394,17.840761346294,458.889386086007,332.394355775422,611.90916453709,1647.81071140136,3.95099727411845,3.27504303959417,5.27364519410866,24.4655876763437,2140.79915570716,22.9030995700868,205.413789479853,25.3333523242603,13.2228942877576,1381.60971123637,22.0906700100402,16.3389809674385,245.082039438704,4.22273536759791,396.148949835709,8.62592099659397,34.5860134877954,6.96454108794214,227.497990910675,6.20979692916604,33.6981543896857,17.7364374849783,16.2126154399088,9.74503137954926,10.2018706330364,55.4110900689459,14.2279633354195,5.00617124454204,18.4125271311613,11.8801947035991,38.3937502928363,8.67167753739113,16.153633514644,22.2879073783287,9.55696745379245,16.1390508816105,6.63254702804762,24.9400817358173,739.707917654729,"WC vs. CW","CW"
"LOC111106656",120.708076225343,-18.6067873571954,2.00916460797889,1.05877100479093e-20,6.74304783676224e-17,16.0536966762538,6.01575382831857,0,0,2112.27287762159,2.32488442740666,0,1.03181599774827,3788.54765067929,0,0,0,1.04817815163245,0,21.0387855968678,151.259586343806,17.2802562824798,8.81007434120036,0,10.1854256058529,0,54.0370889425915,0,23.7863274941721,51.3653912503662,5.22504203929155,0,25.0913430734295,0,0,0,0,13.0142904271497,3107.11966804228,36.182291446262,25.2683923017408,2.15630898160147,16.8583209478613,0,0,0,0,0.742392310345921,0.930341474461282,0,16.2824275982735,39.0820439073287,47.0289561522282,8.395652398256,0,0,0,363.206537315845,18.7672370520627,81.8760759898543,9.66834952253255,37.2302421161753,0,51.2593180854324,25.0504621316894,36.1905033203718,8.13716571554317,34.0537604882204,19.2092782696001,15.1719108983357,0,2.11136768379895,20.5883862817842,10.5427923291704,4.74709989048173,540.912691163507,10.7904185412178,26.9091200263862,9.43548322911199,18.8449648277894,0,0,0,0,4.74265444513983,3.00370274672522,0,3.24005310098158,9.80265964923479,0,0,23.216570185759,8.49508218114884,3.4583680460594,89.5393848786428,6.50610827890885,0,"WC vs. CW","WC"
"LOC144618687",820.091169638048,2.74402007130085,1.69090210497978,2.47148540029354e-05,0.0108553604435307,343.737975891552,596.562254641592,418.969929593502,61.2294826949346,180.358275264897,693.978001580887,176.106721701363,210.490463540648,47.4395891028565,615.739748310666,32.280127052802,21.2187307743965,950.697583530632,615.150172781916,507.936395124379,305.737461758756,416.980097251143,165.629397614567,263.018192239375,703.720314586198,30.068096762928,581.693369205544,4268.225007708,248.567122314099,597.401833020564,14313.4801624353,122.737541537846,144.002490682291,2806.4724931834,318.902807080998,513.443773761787,105.850338750542,19.0208860089111,596.123349585357,385.190644354997,1018.10563982431,79.7834323192545,138.238231772463,3820.94996471033,213.855654023332,4.87216200755104,13379.4810658236,215.293770000317,5699.27187254981,317.995830473637,187.247917380145,161.470549827648,22.4921094641091,222.484788553784,83.1399593614648,165.043030819047,13.8650112810519,96.5364743918431,576.845602021294,81.8760759898543,488.691121320736,944.584428547532,372.312896644724,333.730879449836,141.535111044045,284.095451064919,473.989902930389,158.593227416569,331.360050150603,660.561659112155,606.818848741245,118.236590292741,824.955339980455,77.6332889693457,111.895925989926,796.279197721385,98.9121699611628,698.947143249467,68.7442349549588,303.736491930253,89.1693849194983,302.095972766027,199.503247934934,591.711283236243,29.1334487344304,177.218462056788,520.153891455308,447.127327935458,206.672740938034,126.358729830556,417.975267191415,805.150654042123,631.821737222945,600.603250665648,1033.57191187075,190.845842847993,2306.65051955537,"WC vs. CW","CW"
"LOC144618752",12.7713487004482,2.27628191830756,2.59479699469402,0.000109975219157187,0.0301206224893165,0,0,3.800180767288,0,1.1561427901596,0,1.30934365577222,0,2.20649251641193,6.98570216884062,2.01750794080012,20.1577942356767,2.0963563032649,2.65150936543929,0,4.29105209485974,0,0,7.30606089553821,4.6297389117513,3.57953532892001,0,975.729486241009,0.594658187354303,2.2332778804507,0,1.01435984742021,0,4.17319329841398,1.13488543445195,0,1.11421409211097,0,0,0.753797738463791,0,1.07815449080074,0,5.12191684277524,2.13855654023332,0,1.54953744464921,0,0,8.07608458345745,0,0,0,0,0,10.387323617982,1.84866817080692,0,0.987749318529613,3.27504303959417,0.878940865684777,0,0,0,0,0.904762583009296,0,0.972964585377727,0.960463913480007,0,1.07022724645722,2.11136768379895,0,4.79217833144109,2.7126285088467,0,1.79840309020296,0,0,2.21705468562228,10.132884649943,0,0,0,0,0,12.8887689918129,0,2.4506649123087,2.47762215354032,13.1248272306483,1.85732561486072,5.30942636321803,0,8.84339603739682,3.25305413945443,12.8087951109044,"WC vs. CW","CW"
"LOC111136795",25.1876241892091,4.46263583548995,1.72584499737863,5.43452215960637e-06,0.00314646481854482,7.55468078882533,8.02100510442476,93.104428798556,3.49882758256769,10.4052851114364,6.97465328221997,3.92803096731665,2.06363199549655,13.2389550984716,31.9346384861285,121.050476448007,25.4624769292759,4.1927126065298,26.5150936543929,4.00738773273672,4.29105209485974,13.5236788297668,1.76201486824007,21.9181826866146,3.70379112940104,2.863628263136,2.11910152716045,196.849401685868,20.2183783700463,11.1663894022535,4.18003363143324,0,2.18185591942865,83.4638659682796,4.5395417378078,12.0701067972934,8.91371273688773,18.0197867452842,34.6583342782184,14.322157030812,16.8455948678272,12.9378538896088,13.4866567582891,0,16.0391740517499,1.94886480302041,3.09907488929842,8.16631541380513,3.72136589784513,22.209232604508,13.9563665128058,2.05694967933309,5.45263259735979,25.186957194768,6.47843839180245,200.821589947651,22.184018049683,0,0,6.55008607918834,0,51.0586177593261,7.75651868009841,50.1686942963806,7.51513863950682,2.71428774902789,8.13716571554317,3.89185834151091,3.84185565392003,84.0290449753978,44.9495443512034,4.22273536759791,254.870023281397,0,5.4252570176934,13.9290821758843,3.59680618040592,33.8088943921262,21.5668188093988,6.65116405686685,0,15.946414984717,0,31.6634800393976,111.791140492582,2.00246849781681,1.84125271311613,6.48010620196316,1.6337766082058,0,26.2496544612966,18.5732561486072,19.1139349075849,66.861782223815,0,156.146598693812,46.9655820733161,"WC vs. CW","CW"
"LOC111136486",631.848171675973,1.23172706736142,0.562394965271851,9.93243632982948e-07,0.000702857820840017,535.438000907995,459.202542228318,494.973544939262,396.242223725791,460.14483048352,362.681970675438,536.176227038723,444.712695029506,642.089322275872,753.457876782095,441.834239035227,360.718423164741,604.798793491923,487.87772324083,560.032435649957,860.355945019378,504.884009644627,570.892817309783,686.769724180591,469.455525651582,468.919128088521,581.693369205544,7365.76391019765,686.83020639422,433.255908807437,611.329918597111,631.946184942794,382.915713859728,718.832545651808,427.851808788386,617.432386169238,608.360894292587,510.560624449719,435.828553548597,731.183806309878,518.002042185687,410.776860995081,695.40573909928,697.605073985988,676.853144983845,470.65084992943,512.896894178889,498.887632552459,570.299323844766,482.546053861583,523.363744230219,542.006240504269,556.168524930699,662.207082912442,550.667263303208,362.402179560704,671.066546002911,710.164361120192,488.935912672159,350.429605236576,380.581394841509,613.767134315232,756.260571309595,436.249515620701,437.13056419798,685.810037921046,699.796251536712,723.885651521029,467.745925864764,545.021722270983,525.481578010496,367.377976981018,509.740046562794,479.217833144109,1093.86744619243,704.579406730147,556.605756417816,497.473731769858,950.287953789137,405.721007468878,441.793770737514,523.573958664874,579.239543720178,512.552583137749,416.676069108714,538.664025912723,513.709506959401,465.48762884102,889.591363168057,520.300652243468,522.973885036601,537.695765502179,584.036899953983,536.047047139206,501.86272512227,632.176854433977,780.269102172593,"WC vs. CW","CW"
"LOC144619614",1310.79982447546,26.4227495439255,2.89668611355326,1.97006833464146e-20,1.00374981649982e-16,675.199595501264,678.777556961946,0,1144.11661949964,0,553.322493722784,1291.01284459141,17344.8269221485,0,0,1118.70815317367,3558.3811508663,385.729559800741,4860.21666685022,2488.5877820295,0,1118.70876541793,0,4949.85625672714,0,1443.98455168633,2139.23299166848,0,0,4358.24178369955,2498.61510318922,0,0,0,0,751.132030693103,3651.27957984763,4369.79828573142,1420.12524705,0,5063.15410746132,2887.29772636437,532.722941952418,1688.18379137872,519.669239276696,0,0,0,1371.32333335593,0,3597.2534686757,0,2290.78726996578,407.189141315416,4866.38697197561,2839.20178891507,686.78022545477,0,0,982.512911878252,471.991244872725,1300.9310316595,0,8954.02130811489,0,3543.95503764741,0,0,0,0,0,302.98126262515,2134.80267411466,0,0,3.48227054397107,0,0,2028.62889425908,0,0,1485.67432940946,0,0,539.307562618758,0,0,1932.15166588535,9339.48398080845,0,0,0,0,0,0,23.8557303559991,0,"WC vs. CW","CW"
"LOC111115253",123.271533729652,8.62644988838611,2.4159990245532,7.91220546196602e-07,0.000592833629834072,207.753721692697,524.373208701769,396.168844989774,115.461310224734,0,137.168181216993,0,184.695063596941,28.6844027133551,0,219.908365547214,59.4124461683103,159.323079048132,0,70.1292853228926,67.5840704940409,0,25.549215589481,347.037892538065,155.559227434844,0,0,0,8.32521462296025,29.0326124458592,47.0253783536239,461.533730576198,0,470.527544396176,95.3303764939639,472.591104601717,167.132113816645,283.311091606413,46.7887512755949,0,33.6911897356545,75.4708143560516,26.9733135165781,95.2676532756195,0,150.062589832572,0,0,138.620879694731,0,16.2824275982735,0,125.410549739275,0,96.0968361450697,53.0907651585744,0,322.106850198526,0,281.653701405099,81.7415005086843,421.23359651444,0,0,131.514926191369,0,87.474531442089,116.755750245327,1013.28942872141,538.019301856366,47.0899988441178,125.626377186038,283.267797463168,0,0,62.1004913674841,0,339.46889879441,0,37.6899296555788,0,0,0,75.2007650935694,80.6251255673771,0,0,4.32007080130877,235.263831581635,0,574.463591864529,269.312214154805,136.983200171025,36.8892591579669,195.660137327405,133.375219717631,118.481354775866,"WC vs. CW","CW"
"LOC111128777",425.718609218905,1.01772893845661,1.14589465275693,0.000112801367879049,0.0301206224893165,170.924652847173,237.622276218584,331.565771945878,144.326637780917,131.800278078194,119.731548011443,529.629508759862,482.889886946192,257.05637816199,254.479150436337,110.962936744007,3661.29199512212,427.656685866039,393.749140767735,248.458039429677,242.444443359575,1138.99428366258,104.839884660284,178.085234328744,167.596548605397,110.96559519652,147.277556137651,248.900926170112,291.977169990963,155.212812691324,291.557345792468,451.390132101995,561.827899252877,2478.8768192579,108.949001707387,191.264769249418,1678.00642271911,638.701330193963,670.638768283527,271.367185846965,186.354393225339,176.817336491321,289.120204255822,219.21804087078,2208.0596277909,746.415219556819,199.115561637424,76.4664079656298,44.6563907741415,926.730705951743,366.354620961153,127.530880118652,89.9684378564366,1546.89895437867,43.189589278683,155.809854269729,151.590790006167,268.581676278296,296.324795558884,268.553529246722,77.3467961802604,422.297317717759,429.51722191045,159.231073201556,115.232125805771,171.904890771766,223.772057177437,227.673712978388,797.185048188406,207.738472300289,94.1799976882356,596.461370673204,273.328576499548,620.107876088477,84.0914837742477,121.879469038988,321.91415314633,464.354814814305,881.543718834178,348.077585642699,194.551385278905,85.0475465851572,209.70511856797,420.53059427325,179.543346851722,128.157983860276,103.110151934503,1033.57693921312,537.512504099708,144.940895982109,294.803811642254,130.941455847681,298.389761612853,265.141550197887,332.732775907055,273.256547714172,1877.55588334007,"WC vs. CW","CW"
"LOC144617656",51.8653876295665,-1.9280881847875,2.3689747201864,0.000141537943975918,0.0341650095559227,0,0,0.950045191822,0,10.4052851114364,5.81221106851664,5.23737462308887,20.6363199549655,2.20649251641193,142.707915734887,14.1225555856009,143.226432727177,7.33724706142715,17.2348108753554,27.0498671959729,38.6194688537377,84.8986504313138,161.224360443967,53.8821991045943,38.8898068587109,759.577396796825,0,1.89278270851796,0.594658187354303,14.5163062229296,1.04500840785831,12.1723181690426,1.09092795971432,1.04329832460349,5.67442717225976,0,8.91371273688773,10.010992636269,66.7172934855705,0,2.1056993584784,35.5790981964243,4.21458023696533,0,4.27711308046664,15.5909184241633,16.2701431688167,4.45435386207552,1.86068294892256,0,18.6084886837411,18.5125471139978,2.7263162986799,7.346195848474,165.200178990963,71.557118257209,0,478.859145250627,16.7917384150034,31.1129088761446,9.66834952253255,0,500.295454866348,3.27187136715526,5.01009242633788,0.904762583009296,2.03429142888579,620.75140547099,93.1649996075607,0,4.28090898582889,32.7261990988838,38.3369951453912,121.721329618604,2.03447138163503,0,0.89920154510148,13.1095712949061,0,24.3876015418451,368.837001257925,0,3.40062354434547,8.90535376108059,3.38761031795702,92.1135508995735,12.8887689918129,1.08001770032719,39.2106385969392,4.95524430708064,52.4993089225932,1.85732561486072,2.12377054528721,63.4034141777556,87.3285358692936,0,4.26959837030146,"WC vs. CW","WC"
"LOC144621134",43.7750161451132,3.68917214347167,1.74300021469855,1.12074803639394e-05,0.00571021124542711,79.3241482826659,30.0787691415929,6.650316342754,15.7447241215546,23.122855803192,2.32488442740666,8.51073376251942,75.3225678356239,37.5103727790029,64.8672344249486,18.1575714672011,106.093653871983,3.14453445489735,33.1438670679911,32.0591018618938,7.50934116600455,90.157858865112,142.723204327446,92.2390188061699,74.0758225880209,1.431814131568,31.7865229074068,312.309146905464,0,89.3311152180282,67.9255465107901,26.3733560329256,5.45463979857162,76.1607776960551,9.07908347561561,13.9270463045693,8.91371273688773,60.065955817614,50.2545847034167,120.607638154207,124.236262150226,2.15630898160147,7.5862444265376,137.267371386376,0,5.84659440906124,67.4048788422406,23.7565539310695,106.989269563047,20.1902114586436,16.2824275982735,47.3098426246611,62.7052748696376,14.692391696948,0,10.387323617982,16.6380135372623,51.6135605659359,94.8239345788429,8.18760759898543,39.552338955815,0,15.5130373601968,118.877993006641,6.26261553292235,19.9047768262045,107.817445730947,19.4592917075545,36.4976287122403,4.66828027641099,5.35113623228612,9.50115457709529,5.67955483635425,3.83374266515287,2.7126285088467,31.3404348957397,8.9920154510148,78.6574277694366,0,80.9224960252133,0,74.4166032620125,0,4.94741875615588,25.068316352882,15.0185137336261,55.237581393484,3.24005310098158,66.1679526323348,0,62.5953298692457,2.78598842229108,109.374183082291,276.669443684752,42.0061311776349,0,59.7743771842205,"WC vs. CW","CW"
"LOC111118928",68.9573157329344,-3.37385367545588,3.1549550769687,5.6560281267089e-05,0.0189588574378828,1.88867019720633,3.00787691415929,2.850135575466,1.74941379128385,0,0,0.654671827886109,0,3.3097387746179,0.997957452691516,2.01750794080012,952.721011770405,1.04817815163245,0,1.00184693318418,0,0,0,0,2.77784334705078,0.715907065784001,1.05955076358023,0,2.37863274941721,1.11663894022535,1.04500840785831,1.01435984742021,2.18185591942865,6.25978994762097,6.80931260671171,0.928469753637951,0,0,0.866458356955461,0.753797738463791,3.1585490377176,0,0,1.02438336855505,0,2.92329720453062,3.87384361162303,1.48478462069184,0.930341474461282,0,0,0,2.7263162986799,4.197826199128,707.229524438434,1.15414706866466,4.6216704270173,0.955806677146961,8.88974386676652,0,4.39470432842389,2.12744240663859,0,1317.47353717452,776.564326082372,2.71428774902789,6.10287428665738,0,11.5255669617601,0,842.268842961834,1.05568384189948,0.709944354544282,4.79217833144109,0,2.90189211997589,5.39520927060888,4.82984205601803,249.366342483674,0,0,0,3.40062354434547,0,6.77522063591404,2.00246849781681,0,5.40008850163597,573.455589480235,765.585245443959,0,0.928662807430361,5.30942636321803,2.30557869737293,2.21084900934921,1.08435137981814,1.06739959257537,"WC vs. CW","WC"
"LOC111119892",24.2850850021593,-2.24615264912272,2.08712413046545,7.46405752949028e-05,0.0226365316147339,0,21.055138399115,121.605784553216,0,12.7175706917556,5.81221106851664,5.23737462308887,0,26.4779101969432,2.99387235807455,4.03501588160025,4.24374615487931,5.24089075816225,7.95452809631787,8.01477546547344,52.5653881620318,1.5026309810852,7.92906690708032,0,1.85189556470052,25.772654368224,14.8337106901232,5.67834812555389,0,11.1663894022535,6.27005044714986,4.05743938968086,1.09092795971432,3.12989497381048,5.67442717225976,9.28469753637951,12.2563550132206,137.150599116885,0,32.413302753943,14.7398955093488,5.39077245400368,1.68583209478613,6.14630021133029,10.6927827011666,9.74432401510207,3.09907488929842,28.210907793145,11.1640976935354,6.05706343759309,9.30424434187056,61.7084903799927,18.4026350160893,3.148369649346,0,6.92488241198797,5.54600451242075,132.857128123428,1.97549863705923,27.8378658365505,57.1311562695105,0,6.78695384508611,6.54374273431051,10.0201848526758,12.6666761621301,0,20.4322562929323,3.84185565392003,4.66828027641099,44.9495443512034,6.33410305139686,2.83977741817713,1.91687133257644,190.562152746481,18.5721095678457,0.89920154510148,5.51981949259204,1.34792617558743,34.3643476271454,16.2126154399088,19.4900627590985,7.93478827013942,11.8738050147741,18.2930957169679,679.838055008809,23.9362852705097,7.56012390229036,7.35199473692609,28.4926547657137,9.08641885198728,16.7159305337465,0,2.30557869737293,30.9518861308889,0,2.13479918515073,"WC vs. CW","WC"
"LOC111118775",4.93929173027756,-17.3997340666827,2.98564446802515,2.50516217032465e-09,3.52746821885911e-06,0,0,19.950949028262,3.49882758256769,15.0298562720748,0,0,0,218.442759124781,0,1.00875397040006,4.24374615487931,2.0963563032649,0,0,4.29105209485974,61.6078702244932,0,0,0,0,0,0,0,0,0,0,2.18185591942865,0,0,0,0,2.0021985272538,0,0,0,25.8757077792177,0,0,0,0,0,0,0.930341474461282,0,0,0,0,0,0,0,0,0,0,0,0,0,0,0,7.51513863950682,0,0,0,7.68371130784006,2.33414013820549,0,2.11136768379895,0,0,0,8.70567635992768,5.39520927060888,7.58975180231405,0,8.86821874248914,0,7.97320749235849,0,0,0,0,0,0,0,9.91048861416129,0,17.6445933411769,3.18565581793082,0,0,4.33740551927257,0,"WC vs. CW","WC"
"LOC144620607",682.987142251954,29.4852190694797,4.87635680309133,2.48200626411803e-10,3.95181934865043e-07,0,2.00525127610619,0,0,0,0,1.30934365577222,0,0,6526.64174060252,0,0,0,0,0,0,0,0,2479.49441642328,0,0,0,3566.00262284784,0,0,0,0,0,0,0,0,0,0,0,0,0,0,0,6779.36913309731,0,0,0,0,0,0,0,0,4073.11655022777,3847.30771150081,0,0,0,0,0,0,0,0,0,363.177721754234,0,3676.05037476677,0,0,0,5824.84671489181,0,0,0,0,0,0,7939.05044170097,6925.99350832986,664.527604564602,781.511776681855,0,1680.57495700045,0,0,0,0,0,0,0,0,0,7433.01711067261,0,269.752707592633,0,0,1.06739959257537,"WC vs. CW","CW"
"LOC111118378",19.9777963488867,23.5547404515001,2.93702302446603,3.68072490499473e-16,9.37664669547407e-13,0,8.02100510442476,5.700271150932,0,0,0,0,0,0,0,0,0,2.0963563032649,0,0,0,0,2.64302230236011,9.13257611942276,0,0,19.0719137444441,0,21.4076947447549,0,0,0,0,0,4.5395417378078,0,452.370921397052,0,0,0,0,0,69.9620319336245,0,2.13855654023332,0,0,0,0,49.4660180736769,0,2.05694967933309,0,0,0,0,0,0,0,0,0,807.364393319343,3.87825934004921,0,7.51513863950682,0,0,0,0,0,0,6.33410305139686,4.25966612726569,0,0,0,0,0.689977436574005,29.6543758629234,0,0,8.85911943595387,0,3.9579350049247,297.432185916627,0,2.7618790696742,2.16003540065439,0,0,0,0,2.12377054528721,6.91673609211879,1.1054245046746,4.33740551927257,0,"WC vs. CW","CW"
"LOC111121351",27.0086938476104,3.28373951979952,1.73484227562762,1.59241306913002e-05,0.00765409866718629,9.44335098603166,6.01575382831857,17.100813452796,3.49882758256769,15.0298562720748,24.4112864877699,13.7481083856083,26.8272159414551,14.3422013566776,1.99591490538303,4.03501588160025,12.7312384646379,14.6744941228543,11.9317921444768,13.0240101313943,13.9459193082942,17.2802562824798,4.40503717060018,6.39280328359593,31.4822245999089,17.181769578816,21.1910152716045,13.2494789596257,2.97329093677152,15.6329451631549,3.13502522357493,6.08615908452129,1.09092795971432,885.760277588367,6.80931260671171,3.71387901455181,12.2563550132206,11.0120918998959,37.2577093490848,28.6443140616241,11.5813464716312,35.5790981964243,5.0574962843584,4.09753347422019,5.3463913505833,3.89772960604083,3.87384361162303,17.0750231379562,0.930341474461282,6.05706343759309,1.16303054273382,70.9647639369916,1.36315814933995,13.642935147166,0,2.30829413732932,3.69733634161384,0,80.0076948008987,13.1001721583767,16.6998764480108,1.06372120331929,11.6347780201476,13.087485468621,17.5353234921826,69.6667188917158,19.325768574415,23.3511500490654,0,7.00242041461648,2.14045449291445,21.1136768379895,10.6491653181642,11.5012279954586,11.5286711625985,33.0815701677252,97.1137668709599,8.27972923888806,9.43548322911199,59.8604765118017,2.0265769299886,134.658615426499,6.80124708869093,12.8632887660053,12.1953971446453,9.01110824017567,0,8.64014160261755,3.2675532164116,4.95524430708064,163.555539335771,5.57197684458217,4.24754109057442,18.4446295789834,7.73797153272222,17.3496220770903,21.3479918515073,"WC vs. CW","CW"
"LOC144621682",80.4975891112219,-18.8766431065572,3.4994175691779,2.16212188468075e-08,2.39478500053227e-05,342.793640792949,0,0,0,0,0,872.677546572183,0,0,0,0,2.12187307743965,33.5417008522384,1.32575468271965,153.28258077718,0,4.5078929432556,0,0,12.0373211705534,2.863628263136,1024.58558838208,0,0,2.2332778804507,804.656474050898,297.207435294123,0,0,1247.23909246269,0,0,0,11.263958640421,0,0,760.098916014519,0,0,0,153.960319438613,1049.03685002752,0,0,0,0,0,0,0,0,0,0,0,13.8284904594146,0,66.7995057920431,0,0,0,0,47.9524168994927,0,0,0,0,0,0,0,0,0,0,0,1.37995487314801,0,0,13.1727500449259,38.980125518197,15.8695765402788,2.96845125369353,0,0,0,0,424.781918133508,0,0,0,0,4.61115739474586,0,0,0,"WC vs. CW","WC"
"LOC111111250",147.195997982538,24.0810861076374,3.2767933089369,6.54384218185439e-14,1.5154943598431e-10,3.77734039441266,1375.60237540885,282.163421971134,280.780913501057,0,22.0864020603632,1518.83864069577,0,0,1.99591490538303,0,22.2796673131164,677.123085954562,0,0,0,480.090598456721,0,0,0,0,0,0.946391354258981,0,0,0,0,1994.21631035778,1.04329832460349,0,0,85.7944850925444,319.350665096981,201.018338813667,0,0,0,2.5287481421792,0,1213.63083658241,362.488853361797,3.87384361162303,0,0,0,0,1.02847483966655,0,0,0,0,0,0,0,0,0,0,0.969564835012302,0,0,1.80952516601859,0,0,0.960463913480007,0,0,1703.87372082576,0,0,0,0,0,0,571.520698449069,130.806226451715,0,0,0,0,0,0,0,1347.86209000834,0,0,0,0.928662807430361,0,10.3751041381782,0,2.16870275963628,920.098448799966,"WC vs. CW","CW"
"LOC111115676",198.145993912484,-3.00402583445379,5.31325682720975,0.000220722941331829,0.0433874772974772,0,0,374.317805577868,0,0,0,0,0,0,0,14.1225555856009,1.06093653871983,8.3854252130596,3.97726404815894,0,0,0,0,230.140918209454,0,2.863628263136,0,0,0,0,0,15.2153977113032,0,1.04329832460349,0,0,0,20.021985272538,0,5.27658416924654,0,0,0,0,0,0,0,0,3.72136589784513,0,0,13.3701729156651,0,0,0,0,0,1.91161335429392,1.97549863705923,0,0,0,1.9391296700246,0,5.01009242633788,16.2857264941673,37.6343914343871,4.86482292688863,0,0,3598.10400258918,0,1537.02952758837,3097.66407344352,0,0,0,2533.59714709975,0,16.6279101421671,2.0265769299886,0,0,11.8738050147741,0.677522063591404,2871.53982586931,0,0,0,0,24.2304502719661,1683.66566987124,2074.9238227456,0,13.2650940560952,0,1.06739959257537,"WC vs. CW","WC"
"LOC144621767",43.2242960730942,1.63612653303374,2.37936541915651,0.000208259891683478,0.0424433659250928,0,0,88.354202839446,13.9953103302708,0,11.6244221370333,48.4457152635721,0,0,251.485278078262,7.06127779280044,7.42655577103879,0,3.97726404815894,8.01477546547344,17.164208379439,99.1736447516232,0,27.3977283582683,0,30.784003828712,38.1438274888881,202.527749811422,74.9269316066422,8.93311152180282,20.9001681571662,37.5313143545479,9.81835163742892,248.305001255632,9.07908347561561,2.78540926091385,8.91371273688773,0,30.3260424934411,79.1487625386981,0,80.8615868100553,5.90041233175147,86.048202958624,0,0,11.6215308348691,0,0,139.312459064641,11.6303054273382,167.641398865647,12.2684233440595,280.204898791794,64.7843839180245,42.7034415405925,0,3.82322670858784,1.97549863705923,0,1.75788173136955,0,184.217318652337,126.512359530003,0,4.52381291504648,4.06858285777158,97.2964585377727,0,91.0314653900143,4.28090898582889,6.33410305139686,3.54972177272141,0,9.49419978096345,2.32151369598072,81.8273406042347,15.8694810412021,10.7834094046994,4.43410937124457,0,54.926540502914,1.13354118144849,57.3900575714082,25.7458384164734,0,52.4757023238098,50.7608319153781,48.1964099420711,3.71643323031048,32.3072670292881,221.950410975856,160.344676169184,3.4583680460594,51.9549517197063,134.45957109745,134.492348664496,"WC vs. CW","CW"
"LOC111114123",12.7566755629906,3.66445951367796,1.43028382897136,6.1425769761192e-06,0.00347738107703637,21.7197072678728,1.0026256380531,41.801988440168,2.62412068692577,2.3122855803192,0,1.96401548365833,11.349975975231,2.20649251641193,5.9877447161491,21.1838333784013,2.12187307743965,7.33724706142715,2.65150936543929,22.040632530052,36.4739428063078,20.2855182446502,4.40503717060018,7.30606089553821,2.77784334705078,2.863628263136,21.1910152716045,79.4968737577544,47.5726549883443,2.2332778804507,5.22504203929155,15.2153977113032,9.81835163742892,25.0391597904839,29.5070212957507,13.9270463045693,12.2563550132206,32.0351764360608,4.3322917847773,32.413302753943,5.26424839619601,4.31261796320295,4.21458023696533,24.5852008453212,11.7620609712833,38.0028636588981,3.09907488929842,5.93913848276736,11.1640976935354,9.08559515638963,2.32606108546764,6.17084903799927,12.9500024187295,3.148369649346,24.8340138352427,35.7785591286045,11.0920090248415,7.64645341717569,21.7304850076515,13.1001721583767,1.75788173136955,0,0,6.54374273431051,3.75756931975341,18.0952516601859,29.497225718844,12.6485396099104,21.1302060965602,19.8401911747467,0,14.7795737865927,3.54972177272141,0,0,9.28605478392286,56.6496973413933,5.51981949259204,6.73963087793714,7.75969139967799,3.0398653949829,7.97320749235849,1.13354118144849,8.90535376108059,20.3256619077421,4.00493699563363,1.84125271311613,22.6803717068711,22.8728725148812,0,23.2208481773008,10.215290881734,4.24754109057442,6.91673609211879,1.1054245046746,1.08435137981814,9.6065963331783,"WC vs. CW","CW"
"LOC111114643",4.95673073247683,-16.3331019563296,2.93620136376821,9.81947148247895e-09,1.2197612442273e-05,364.513348060822,2.00525127610619,5.700271150932,0,0,0,0,0,0,0,0,8.48749230975862,0,0,0,6.43657814228961,0,1.76201486824007,0.913257611942276,1.85189556470052,2.863628263136,2.11910152716045,0,0,8.93311152180282,0,0,0,0,0,0,0,2.0021985272538,0,0,2.1056993584784,0,0,0,0,0,0,0,0,0,0,0,0,0,0,0,0,0,0,0,0,0,1.9391296700246,0,0,0,0,7.78371668302181,0,0,6.42136347874334,0,1.41988870908856,0,0,0,0,0,0,11.0852734281114,0,0,0,0.989483751231176,0,1.00123424890841,0.920626356558067,0,0,4.95524430708064,0,0.928662807430361,0,4.61115739474586,0,0,4.26959837030146,"WC vs. CW","WC"
"LOC144621318",21.3363923599477,43.5877472720102,4.57697184591851,3.85870686357798e-23,4.91502786748245e-19,0,117.307199652212,0,0,0,54.6347840440564,0,0,0,0,0,0,0,0,0,0,0,0,0,0,0,0,0,0,58.0652248917183,108.680874417264,0,0,0,155.479304519917,184.765480973952,0,70.0769484538831,0,0,108.443516961638,0,96.0924294028096,66.5849189560781,102.650713931199,0,0,0,0,0,70.944863106763,0,0,90.253263281252,0,0,0.924334085403459,0,0,157.20206590052,71.1942101204669,128.710265601634,0,0,0,0,0,0,91.2440717806007,0,0,0,0,0,0,93.4409262632238,0,0,0,0,0,0,0,0,0,0,136.252700770594,0,0,0,0,0,0,0,0,0,0,"WC vs. CW","CW"
