"Gene","baseMean","log2FoldChange","lfcSE","pvalue","padj","B1_B1_O01","B1_W5_O50","B2_B5_O51","B2_C4_O40","B3_B4_O41","B3_C3_O30","B3_C6_O66","B3_H4_O41","B3_W1_O06","B3_W4_O41","B4_B2_O19","B4_B3_O32","B4_C5_O56","B4_H1_O07","B4_H5_O55","B4_W2_O19","B4_W6_O67","B5_B6_O69","B5_H2_O21","B5_W3_O33","B6_C2_O24","B6_H3_O35","B6_H6_O72","C_W5_W52","C1_C4_W37","C1_H2_W13","C1_H6_W62","C2_B2_W16","C2_C1_W03","C2_H1_W04","C2_W2_W15","C3_B3_W30","C3_C2_W17","C3_W3_W29","C4_B1_W07","C4_B5_W56","C4_C6_W67","C4_H5_W56","C5_B4_W46","C5_C3_W33","C5_W1_W09","C5_W4_W45","C6_B6_W71","C6_C5_W59","C6_H3_W36","C6_H4_W48","C6_W6_W72","H1_B2_B13","H1_B6_B61","H1_C6_B62","H1_W4_B38","H1_W5_B49","H2_B5_B51","H2_C1_B04","H2_H1_B03","H2_W2_B16","H3_B4_B41","H3_C5_B54","H3_H4_B41","H3_H6_B66","H3_W3_B30","H3_W6_B66","H4_H2_B19","H4_W1_B07","H5_B1_B09","H5_B3_B34","H5_C2_B22","H5_C4_B46","H6_C3_B36","H6_H3_B35","W1_C1_G02","W1_C6_G61","W1_H5_G49","W1_W1_G01","W1_W6_G62","W2_B2_G04","W2_B6_G64","W2_C2_G15","W3_B5_G54","W3_C3_G29","W3_H2_G18","W3_H3_G30","W4_C5_G55","W4_H1_G08","W4_W5_G56","W5_B2_G21","W5_C4_G45","W5_H4_G46","W5_W2_G22","W6_B3_G35","W6_B4_G48","W6_H6_G71","W6_W3_G36","W6_W4_G48","pair","DEG_group"
"LOC111103782",142.876737898481,-2.90025375694453,2.93937687249664,0.000142204346849833,0.046440735076156,16.0536966762538,0,830.339497652428,12.2458965389869,0,8.13709549592329,40.5896533289388,0,6.6194775492358,2.99387235807455,55.4814683720034,18.0359211582371,1.04817815163245,0,10.6060374617572,1723.17672507679,3.21828907114481,103.681537694879,5.28604460472022,352.517438209718,0,5.72725652627201,115.491033230245,223.348359605119,51.0435177981311,2520.16139800754,1870.37022487747,18.8101513414496,0,5.45463979857162,8.34638659682796,88.5210638872522,7.42775802910361,1.11421409211097,237.260525479576,0.866458356955461,17.3373479846672,1825.64134380078,6.46892694480442,0,12.2926004226606,5.3463913505833,211.451831127715,216.935242250889,0,3.72136589784513,65.6181872405918,237.258230717699,81.2495123336571,15.6763187174094,1.049456549782,8.6379178557366,0,0,21.9835535743801,0.987749318529613,9.82512911878252,0,0,0,62.1655559759499,12.5252310658447,38.0000284863904,73.2344914398885,17.5133625367991,0,1114.55191599312,127.35704232841,64.3967143558681,3.54972177272141,0,90.1948979191528,2.32151369598072,6.29441081571036,3.44988718287002,76.8317920084834,28.8217109130897,0,181.611948437054,38.5404001692486,1.97896750246235,18.2930957169679,9.01110824017567,1.84125271311613,21.6003540065439,0,1.23881107677016,79.758565478555,25.0738958006198,2.12377054528721,0,227.717447962968,1.08435137981814,13.8761947034798,"CH vs. HH","CH"
"LOC111105472",128.081818398493,3.51472815537975,2.8914026915428,8.47511144074887e-05,0.032752068162774,1.88867019720633,5.01312819026548,27.551310562838,53.3571206341573,3.46842837047879,9.29953770962662,5.89204645097498,2.06363199549655,0,47.9019577291928,19.1663254376012,0,17.8190285777516,4.46868104374725,30.4923577025518,9.01662239865762,1386.0098266397,82.644703959686,4.40503717060018,42.923107761287,0,354.373997563081,1426.15532777898,945.444962904722,8.87713353010975,8.32521462296025,0,0,0,4.3637118388573,1248.82809455038,38.5861047713663,0,0,4.0043970545076,256.471673658816,5.27658416924654,8.42279743391361,288.945403534597,0,6.14630021133029,11.7620609712833,25.3352424392654,12.3962995571937,1.48478462069184,0,8.07608458345745,2.32606108546764,2.05694967933309,206.518459625002,7.346195848474,184.63549416637,345.089973530734,478.805056238992,1.91161335429392,0,32.7504303959417,2.63682259705433,0,1349.63425033712,5.45311894525876,0,161.952502358664,7.12002000110027,14.5944687806659,0,22.1743313129522,1.07022724645722,6.33410305139686,20.5883862817842,2.87530699886466,2.7126285088467,2.32151369598072,15.2864262667252,198.713501733313,9.43548322911199,2.21705468562228,0,6.20138360516771,29.4720707176607,93.0114726157306,0.677522063591404,19.0234507292597,0,42.1206903127606,8.16888304102899,8.67167753739113,10.0960209466525,2.78598842229108,4.24754109057442,4.61115739474586,3.31627351402381,1268.69111438723,1035.37760479811,"CH vs. HH","HH"
"LOC144620214",25.3888865730815,-19.052197964865,2.70912314149953,3.34417801277898e-13,7.75414555823061e-10,7.55468078882533,0,0,22.74237928669,72.8369957800547,4.64976885481331,41.2443251568249,0,0,0,14.1225555856009,0,29.3489882457086,0,0,0,0,0,0,31.9640164179797,99.0764127114779,0,104.895525594442,0,0,1.18931637470861,0,7.31505885500817,3.04307954226064,2.18185591942865,0,137.321137568686,0.928469753637951,0,0,0,1.50759547692758,1.0528496792392,0,0,69.6580690617433,0,0,29.441211448335,63.8457386897492,168.391806877492,1.00951057293218,0,0,81.7894889603969,0,0,48.4741768839158,0,0,0,0,6.15258605979344,0,0,0,0,0,199.360560030808,5.83778751226636,82.5998965592806,0,0,0,0,71.8826749716164,49.5054702864523,0,117.795402408294,2.75990974629602,32.3502282140983,191.775230306328,4.0531538599772,49.6110688413417,58.9441414353214,79.1587000984941,0,0,24.8569116270678,24.8404071075255,167.462102341094,29.7314658424839,0,0,142.292626534243,0,0,0,0,"CH vs. HH","CH"
"LOC111099415",1223.19244968534,-11.294336137062,3.41072609068599,6.48866262082912e-07,0.000716441048519832,0,0,0,9785.3460415462,42.7772832359051,0,39.2803096731665,13.4136079707276,27093.5216090221,0,15564.0650093026,1.06093653871983,0,0,33.1438670679911,4.00738773273672,10391.8554107266,51.0894533568968,2.64302230236011,0,0,1.431814131568,0,9.46391354258981,4.43856676505487,0,353.974544051437,15.6751261178746,4.05743938968086,7639.76850187941,0,6.80931260671171,0,8.91371273688773,12.0131911635228,27012.7057364434,47.4892575232189,0,200.536735288937,82.6057726445205,0,0,8.76989161359186,10.0719933902199,0,1.86068294892256,3.02853171879654,140.726695670792,6.17084903799927,0,2.098913099564,0,3.46244120599398,4.6216704270173,0,0,13.1001721583767,7.03152692547822,0,0,0,1.25252310658447,0,48.822994293259,290.91641102794,19.2092782696001,2.33414013820549,21.4045449291445,161.51962781062,0.709944354544282,0.958435666288219,38.6549562510655,15425.2977529439,0,31.0489846458302,0,55.4263671405571,0,162.121885677956,6.80124708869093,0,8.13026476309685,52.0641809432372,0,0,0,4.95524430708064,6.05761256799152,0,2.12377054528721,2.30557869737293,0,0,14.9435942960551,"CH vs. HH","CH"
"LOC111101985",692.513659535855,-5.63875033021215,2.08642737143474,7.52184164004535e-06,0.00545027944086661,109.542871437967,24.0630153132743,108.305151867708,7.87236206077731,16.1859990622344,2530.63669923214,17.6761393529249,34.049927925693,27.5811564551492,8721.15017907116,5.04376985200031,9.54842884847844,6908.54219740948,4.46868104374725,42.4241498470287,2213.07987540385,22.5280234980136,15.026309810852,5561.79993159979,4721.54185374157,51.8530758116146,2.863628263136,27.5483198530859,44.4803936501721,679.100715053396,66.601716983682,2405.24027724541,9.40507567072478,752.655006785799,4.3637118388573,387.063678427897,31.7767921646546,0,8.91371273688773,13.0142904271497,4.3322917847773,24.1215276308413,3199.61017520793,121.831457460483,8.42916047393067,7.17068357988534,145.421844735866,11.6931888181225,572.554085797883,654.790017725102,707.059520590574,102.970078439083,103.50971830331,4.11389935866618,2.7263162986799,22.038587545422,0,8.07902948065263,4.6216704270173,0.955806677146961,2032.78809753394,39.3005164751301,0,0,3.87825934004921,69.7999224993122,6415.42335192566,11.7619135791208,61.0287428665738,1.94592917075545,12.4860308752401,2245.44281295369,950.361794854014,2.11136768379895,32.657440309037,309.574720211095,19.6665566891386,13.3487037518891,47.6576818903785,895.590712673058,12.1313355802868,73.1628046255354,36.4783847397948,30.1210060822432,239.177189285631,38.5898662980159,21.0031839713335,15.0185137336261,33.1425488360904,3.24005310098158,87.4070485390102,8.67167753739113,494.705026385974,1102.32275241984,6995.70017617607,12.6806828355511,888.761301758381,42.2897038129075,504.880007288148,"CH vs. HH","CH"
"LOC111123231",45.5478195971987,3.38039735536437,0.741849933825703,6.90290967737501e-07,0.000727535303133156,84.0458237756818,25.0656409513274,423.720155552612,34.113568930035,16.1859990622344,33.7108241973965,28.8055604269888,56.749879876155,148.938244857805,12.9734468849897,43.3764207272027,54.1077634747112,20.963563032649,22.3434052187362,17.2348108753554,8.01477546547344,22.5280234980136,19.5342027541076,44.0503717060018,55.7087143284788,16.6670600823047,19.329490776168,29.6674213802463,16.0886530224027,32.1796090466478,19.0290619953377,16.7495841033803,17.7651429335913,27.3877158803458,22.9094871540008,14.6061765444489,4.5395417378078,15.7839858118452,28.9695663948851,19.0208860089111,80.5806271968579,64.0728077694223,20.0041439055448,30.1883257424206,31.1878937535435,15.3657505283257,18.1777305919832,24.3608100377552,17.8196806134659,38.6044001379879,30.7012686572223,11.104616302254,16.2824275982735,12.3416980759985,24.5368466881191,7.346195848474,22.6745343713086,33.4702649912752,14.7893453664553,10.5138734486166,20.7427356891219,14.7376936781738,11.4262312539021,18.083260456428,9.69564835012302,10.9062378905175,3.75756931975341,16.2857264941673,40.6858285777158,14.5944687806659,20.1697421830802,16.3389809674385,29.9663629008022,11.6125222608942,1365.9329381432,8.62592099659397,10.8505140353868,22.0543801118168,12.5888216314207,22.0792779703682,33.6981543896857,23.279074199034,26.3455000898518,28.3491821950524,44.208106076491,10.8843212635429,57.5893754052694,14.0172794847177,41.428186045113,25.9204248078526,54.7315163748943,59.4629316849677,9.08641885198728,32.5031982600626,29.7327876340209,59.9450461316962,19.8976410841428,17.3496220770903,14.9435942960551,"CH vs. HH","HH"
"LOC111126486",196.610544177774,-3.7645161649407,2.7834674945982,6.58431081437051e-05,0.0273083255734079,26.4413827608887,3.00787691415929,79.803796113048,8.74706895641923,26.5912841736708,0,2.61868731154444,126.913367723038,46.3363428446506,11.9754894322982,2.01750794080012,968.635059851202,0,29.0464267843571,3.97726404815894,4.00738773273672,2.14552604742987,141.998627712551,0,14.6121217910764,0,62.2839147232081,36.0247259617277,62.4618293810927,885.494069628447,0,3157.8549229573,0,85.206227183298,53.4554700260019,131.45558890004,9.07908347561561,11.1416370436554,66.8528455266579,189.207760825484,57.1862515590604,104.777885646467,0,87.3305137548597,0,0,21.3855654023332,37.0284312573879,63.5310352306176,4.45435386207552,26.9799027593772,3.02853171879654,55.8254660512233,323.969574494962,4.08947444801985,10.49456549782,0,86.5610301498496,0,11.4696801257635,1.97549863705923,22.9253012771592,10.5472903882173,19.1469816597473,3.87825934004921,194.131034451212,33.8181238777807,0,72.2173457254456,904.857064401286,17.2883504426401,154.053249121563,2.14045449291445,65.4523981977676,1.41988870908856,0,31.8733849789487,18.5721095678457,8.9920154510148,53.8182400527724,2.69585235117486,168.496156107294,0,6118.99379441334,10.2018706330364,7.91587000984941,12.1953971446453,2807.46083393917,74.5707348812034,8.64014160261755,0,3.71643323031048,26.2496544612966,35.2891866823537,4.24754109057442,212.11324015831,19.8976410841428,82.4107048661788,121.683553553592,"CH vs. HH","CH"
"LOC111113283",53.3060092393441,-5.06675463726501,3.65054119423991,3.74883565938569e-05,0.0188965766161252,2.8330052958095,3.00787691415929,26.601265371016,1.74941379128385,16.1859990622344,4.64976885481331,6.54671827886109,0,0,0,0,380.876217400418,4.1927126065298,0,0,13.0240101313943,9.65486721343441,30.052619621704,2.64302230236011,27.3977283582683,0,0,11.6550583993825,14.1958703138847,209.722279648843,0,1241.70250153059,0,39.5600340493884,0,51.1216179055712,1.13488543445195,0,17.8274254737755,20.021985272538,12.9968753543319,15.0759547692758,0,0,0,0,0,2.92329720453062,3.87384361162303,1.48478462069184,0,3.02853171879654,19.7715192264749,6.17084903799927,1.36315814933995,0,0,3.46244120599398,0,1.91161335429392,0,0,0,0,0,0,0,0,8.13716571554317,666.480740983743,1.92092782696001,11.6707006910275,10.7022724645722,25.3364122055874,0.709944354544282,25.8777629897819,15.5976139258685,21.4740016878216,0,4.13986461944403,17.5230402826366,26.6046562274674,0,1367.84804091128,0,5.93690250738706,8.13026476309685,433.53442977734,0,15.1202478045807,0,1.23881107677016,67.6433403425719,4.64331403715181,0,9.22231478949172,11.054245046746,10.8435137981814,30.9545881846856,"CH vs. HH","CH"
"LOC111126273",163.804990839356,-6.10470219546175,1.81618020026985,2.79365264337669e-06,0.00239912680896205,4.72167549301583,1.0026256380531,32.301536521948,30.6147413474673,50.8702827670223,6.97465328221997,1.30934365577222,0,0,3.99182981076607,4.03501588160025,485.908934733681,6.2890689097947,26.8120862624835,2.65150936543929,2.00369386636836,2.14552604742987,20.2855182446502,7.04805947296029,10.045833731365,1.85189556470052,1.431814131568,23.310116798765,16.0886530224027,480.47485231719,13.0824801217947,4775.86474734383,2.09001681571662,11.1579583216224,10.9092795971432,77.2040760206586,5.67442717225976,1.8569395072759,5.57107046055483,4.0043970545076,7.79812521259915,18.8449434615948,0,6.46892694480442,0,0,6.41566962069995,2.92329720453062,32.5402863376334,1.48478462069184,0,16.1521691669149,46.5212217093528,21.5979716329974,6.13421167202977,14.692391696948,10.7973973196708,20.7746472359639,0,0,0,85.1511190294485,5.27364519410866,0,3.87825934004921,4.36249515620701,11.2727079592602,14.4762013281487,23.3943514321866,1799.98448294879,19.2092782696001,14.004840829233,2.14045449291445,65.4523981977676,9.93922096361994,0,27.8044422156787,9.28605478392286,94.4161622356554,25.5291651532382,10.7834094046994,157.410882679182,0,4544.72827064434,15.8695765402788,5.93690250738706,12.8729192082367,1790.20683704823,0,25.9204248078526,0,9.91048861416129,52.4993089225932,35.2891866823537,2.12377054528721,36.8892591579669,15.4759430654444,44.4584065725438,78.9875698505771,"CH vs. HH","CH"
"LOC111127419",111.83581508131,-2.65213289683006,2.25361453681723,0.0001163416115954,0.0402628798218288,61.3817814092058,0,105.455016292242,34.9882758256769,2.3122855803192,6.97465328221997,8.51073376251942,2.06363199549655,3.3097387746179,33.9305533915116,13.1138016152008,482.726125117521,4.1927126065298,0,99.4316012039734,24.0443263964203,15.0186823320091,16.5289407919372,27.3112304577211,21.9181826866146,10.1854256058529,3.57953532892001,44.5011320703695,109.781397094042,257.436872373183,19.623720182692,2040.09934379172,14.6301177100163,51.7323522184309,5.45463979857162,70.9442860730377,11.3488543445195,7.42775802910361,41.2259214081057,25.0274815906725,0.866458356955461,24.1215276308413,23.1626929432624,39.8917161596273,0.842916047393067,5.12191684277524,19.2470088620999,72.1079977117553,34.8645925046072,19.3022000689939,14.8854635913805,28.2662960421011,66.2927409358277,8.22779871733236,12.2684233440595,2.098913099564,0,43.8575886092571,13.8650112810519,0,9.87749318529613,16.3752151979709,7.03152692547822,0,36.8434637304675,8.72499031241402,5.01009242633788,23.5238271582417,33.5658085766156,58.3778751226636,16.3278865291601,14.004840829233,37.4579536260028,59.1182951463707,8.51933225453138,32.5868126537994,58.9996700674158,18.5721095678457,5.39520927060888,37.2587815749963,40.4377852676228,79.8139686824022,1.0132884649943,4024.69795975385,13.6024941773819,17.8107075221612,12.8729192082367,1452.7908951661,7.36501085246453,36.7206018111246,3.2675532164116,21.0597883050927,28.2688586506271,13.0012793040251,1.06188527264361,34.583680460594,9.94882054207142,35.7835955339987,85.3919674060293,"CH vs. HH","CH"
"LOC144622698",26.9821898044959,1.91811004452101,1.2987988309761,6.31475153936584e-05,0.0271851176599282,10.3876860846348,45.1181537123893,50.352395166566,28.8653275561835,21.9667130130324,5.81221106851664,30.114904082761,207.395015547403,16.5486938730895,33.9305533915116,10.0875397040006,14.8531115420776,7.33724706142715,24.5777457406099,6.62877341359823,13.0240101313943,6.43657814228961,4.5078929432556,25.549215589481,35.6170468657488,6.48163447645182,10.022698920976,14.8337106901232,23.6597838564745,35.508534120439,26.1649602435893,5.58319470112676,13.585109302158,35.5025946597075,9.81835163742892,25.0391597904839,28.3721358612988,7.42775802910361,27.8553523027741,16.0175882180304,6.93166685564369,9.79937060002929,28.4269413394584,19.4067808344133,30.3449777061504,21.512050739656,12.8313392413999,27.2841072422858,20.9187555027643,11.1358846551888,22.3281953870708,12.1141268751862,15.1193970555397,10.2847483966655,8.86052797070966,28.335326844114,0,42.7034415405925,23.1083521350865,19.1161335429392,16.7917384150034,13.1001721583767,10.5472903882173,17.0195392531087,21.3304263702706,32.7187136715526,41.3332625172875,494.905132906085,20.3429142888579,8.75668126839954,10.5651030482801,23.3414013820549,68.4945437732623,13.7238899446932,17.0386645090628,11.5012279954586,16.9539281802919,13.9290821758843,21.5808370824355,6.20979692916604,33.6981543896857,12.1938007709226,20.265769299886,26.5773583078616,24.9379059918667,19.7896750246235,13.5504412718281,6.00740549345044,27.618790696742,24.8404071075255,26.1404257312928,24.7762215354032,21.2016439879703,15.7872677263161,37.1659845425262,18.4446295789834,11.054245046746,16.2652706972721,20.280592258932,"CH vs. HH","HH"
"LOC111124988",43.2222806597584,2.8798785678038,1.46442219939731,3.19569155710869e-05,0.0176425000320665,12.2763562818412,36.0945229699114,115.905513402284,27.1159137648996,6.93685674095759,24.4112864877699,58.9204645097498,1.03181599774827,16.5486938730895,23.9509788645964,34.2976349936021,39.2546519326336,9.43360336469205,0,2.65150936543929,11.020316265026,16.091445355724,30.8039351122466,25.549215589481,17.3518946269032,38.8898068587109,19.329490776168,52.9775381790113,71.9257429236825,7.76749183884603,14.2717964965033,2.2332778804507,3.13502522357493,4.05743938968086,45.8189743080016,20.8659664920699,14.7535106478754,28.7825623627765,3.3426422763329,22.0241837997918,6.93166685564369,20.3525389385224,23.1626929432624,14.0160083804096,49.7320467961909,49.1704016906423,5.3463913505833,3.89772960604083,48.8104295064501,26.7261231724531,5.58204884676769,14.1331480210505,4.65212217093528,7.19932387766582,26.581583912129,26.23641374455,101.495534804905,49.6283239525804,19.4110157934726,650.90434713708,31.6079781929476,21.2877797573621,31.641871164652,0,15.5130373601968,31.6280898825008,10.0201848526758,493.095607740066,30.5143714332869,15.5674333660436,25.9325256639602,18.673121105644,2.14045449291445,27.4477798893864,31.9474959544927,470.591912147515,3.39078563605838,9.86643320791804,41.3632710746681,156.624878102299,28.306449687336,28.8217109130897,14.1860385099202,99.2221376826834,10.2018706330364,27.7055450344729,16.2605295261937,123.151812615734,23.0156589139517,32.4005310098158,40.0275269010421,27.2538436889435,15.1440314199788,10.215290881734,7.43319690850524,19.5974189276699,14.3705185607698,15.180919317454,27.7523894069595,"CH vs. HH","HH"
"LOC111122980",772.054930064059,-25.8252152321716,2.42445729316714,6.17451101865686e-27,1.43168386989597e-22,1488.27211539859,0,270.76287966927,582.554792497521,2121.52201994286,1393.76821423029,0,2268.96337904845,4.41298503282386,3121.61091201906,579.024779009636,3333.4626046577,908.770457465334,0,0,0,537.454274881182,0,692.471843218348,1362.58035701788,2848.2153785094,0,563.68100622468,1054.2799686445,757.88527513312,0,0,0,1859.32160032125,648.011208070308,0,356.354026417913,0,0,0,2300.44693771675,1614.63475578944,1099.17506512573,0,0,1460.7706835595,1828.46584189949,2522.80548750993,1616.16755476913,659.244371587177,1415.97972413007,1.00951057293218,0,0,0.681579074669974,0,347.676193693398,839.064918919209,0,0,948.239345788429,1411.54355006509,1210.30157204794,0,0,5.45311894525876,1114.74556486018,0,1.0171457144429,0,0,274.261466239146,2045.20426797975,582.737480728511,0,792.626296020357,1057.246961323,0.580378423995179,1992.63062394488,1048.07572615591,718.444651588099,844.69783522209,494.484770917218,0,969.177710138458,3542.35182940761,0,0,1654.36556273485,0,1194.29070059844,2752.6382125833,0,924.94815620064,831.456168479943,1686.5308171283,1411.62709246947,603.983718558705,0,"CH vs. HH","CH"
"LOC111126484",24.2824191815813,-2.66223334922238,2.22163890887554,0.000111832005603883,0.0398278458187848,4.72167549301583,10.026256380531,26.601265371016,3.49882758256769,4.62457116063839,2.32488442740666,0.654671827886109,222.872255513627,0,0.997957452691516,12.1050476448007,28.6452865454353,4.1927126065298,13.4060431312417,7.95452809631787,13.0240101313943,5.36381511857468,17.2802562824798,7.04805947296029,24.6579555224414,11.1113733882031,2.863628263136,13.7741599265429,19.8742184394386,76.5652766971966,8.91987281031455,211.044759702592,38.6653110907574,2.02871969484043,24.0004151137151,11.4762815706384,4.5395417378078,5.57081852182771,6.68528455266579,10.010992636269,0,25.6291231077689,2.1056993584784,17.2504718528118,5.90041233175147,8.19506694844038,0,5.84659440906124,19.3692180581151,5.93913848276736,1.86068294892256,4.03804229172873,4.65212217093528,6.17084903799927,17.0394768667494,28.335326844114,0,12.6956177553113,8.31900676863113,0.955806677146961,7.90199454823691,9.82512911878252,17.5788173136955,2.12744240663859,2.9086945050369,1.09062378905175,27.5555083448584,2.71428774902789,8.13716571554317,17.5133625367991,6.72324739436005,8.16949048371923,34.2472718866311,46.450089043577,0,1.91687133257644,16.9539281802919,6.96454108794214,8.9920154510148,6.20979692916604,44.4815637943851,31.038765598712,3.0398653949829,374.740752140849,4.53416472579395,2.96845125369353,18.9706177805593,258.318436218369,0.920626356558067,3.24005310098158,5.7182181287203,0,44.4224921652711,11.1439536891643,9.55696745379245,9.22231478949172,11.054245046746,10.8435137981814,172.918733997209,"CH vs. HH","CH"
"LOC111124176",212.704605204555,-5.35792513698606,2.44702293942446,1.48136867838839e-05,0.00954124876271988,7.55468078882533,1.0026256380531,77.903705729404,12.2458965389869,46.2457116063839,11.6244221370333,1.96401548365833,0,2.20649251641193,3.99182981076607,0,724.619655945642,2.0963563032649,17.874724174989,3.97726404815894,10.0184693318418,0,35.3118280555022,4.40503717060018,1.82651522388455,5.55568669410156,10.022698920976,33.9056244345672,37.8556541703592,984.252180150918,0,4550.30368141831,4.18003363143324,0,2.18185591942865,199.269979999268,5.67442717225976,0,13.3705691053316,10.010992636269,0,73.8721783694515,1.0528496792392,6.46892694480442,5.90041233175147,12.2926004226606,9.62350443104993,1.94886480302041,82.1254845664081,2.96956924138368,7.44273179569026,8.07608458345745,9.30424434187056,7.19932387766582,6.81579074669974,0,72.342562041794,43.8575886092571,3.69733634161384,0.955806677146961,0,75.325989910666,6.15258605979344,4.25488481327717,3.87825934004921,1.09062378905175,38.8282163041186,16.2857264941673,61.0287428665738,1983.87478958518,24.9720617504802,12.8377707601302,0,92.900178087154,4.25966612726569,4.79217833144109,40.0112705054888,2.90189211997589,3.59680618040592,17.9394133509241,26.9585235117486,156.302355336371,0,7571.88938190978,6.80124708869093,1.97896750246235,16.9380515897851,2334.87826845441,5.5237581393484,11.8801947035991,0.816888304102899,2.47762215354032,63.6049319639109,3.71465122972145,0,28.8197337171616,13.2650940560952,63.9767314092704,112.076957220413,"CH vs. HH","CH"
"LOC111123514",99.1955885902715,-2.16238727993192,2.01297440085268,0.000151162463660301,0.0486806117346028,67.0477920008248,1.0026256380531,33.25158171377,15.7447241215546,45.0895688162243,30.2234975562865,56.9564490260915,48.4953518941688,63.988282975946,14.9693617903727,34.2976349936021,567.601048215108,36.6862353071357,1912.59548672382,68.9392435014216,13.0240101313943,17.164208379439,12.0210478486816,105.720892094404,14.6121217910764,59.2606580704167,657.918593455497,22.2505660351847,29.3381319820284,27.741042281593,806.356502052435,26.7993345654085,16.720134525733,48.6892726761703,66.5466055425738,15.6494748690524,17.0232815167793,0.928469753637951,13.3705691053316,0,237.409589805796,31.6595050154792,114.760615037073,473.309821461523,92.7207652132373,8.19506694844038,0,13.6420536211429,142.557444907727,15.5902385172643,10.2337562190741,16.1521691669149,44.1951606238851,26.7403458313302,14.9947396427394,14.692391696948,89.6183977532672,3.46244120599398,12.016343110245,0,70.1302016156025,62.2258177522893,32.5208120303368,0,13.5739076901722,25.0843471481903,489.736534674528,5.42857549805577,32.5486628621727,27.2430083905763,30.7348452313602,0,107.022724645722,14.7795737865927,32.657440309037,15.3349706606115,10.8505140353868,61.5201129434889,17.9840309020296,4.13986461944403,94.3548322911199,177.364374849783,47.624557854732,85.0475465851572,598.509743804802,48.4847038103276,27.7784046072476,156.192542829712,11.0475162786968,7.56012390229036,35.9430853805276,59.4629316849677,64.6145340585762,23.216570185759,23.3614759981593,458.810160777213,1.1054245046746,8.67481103854514,11.741395518329,"CH vs. HH","CH"
"LOC111125810",36.0422180233689,21.4265355565539,2.13595895365651,4.40968651524024e-24,3.21526392167273e-20,0,12.0315076566371,0,0,19.6544274327132,0,0,0,0,14.9693617903727,1.00875397040006,239.771657750681,4.1927126065298,0,14.5833015099161,2.00369386636836,0,6.7618394148834,2.64302230236011,6.39280328359593,5.55568669410156,1.431814131568,5.29775381790113,37.8556541703592,61.0302930195045,0,0,0,2.02871969484043,0,0,0,1.8569395072759,0,0,33.791875921263,13.5683592923482,0,1.07815449080074,0,0,32.0783481034998,0,3.87384361162303,0,0,49.4660180736769,0,2.05694967933309,0.681579074669974,0,0,2.30829413732932,14.7893453664553,46.8345271802011,0,1.63752151979709,4.39470432842389,0,10.6652131851353,0,3.75756931975341,10.8571509961115,16.2743314310863,44.7563709273754,1.92092782696001,0,0,0,19.1684975726956,18.2102776594762,0,23.2151369598072,0.89920154510148,1.37995487314801,48.5253423211474,4.43410937124457,0,541.292197536782,4.53416472579395,0,2.71008825436562,1892.33273043689,2.7618790696742,4.32007080130877,0,0,35.3360733132839,0,0,6.91673609211879,1.1054245046746,0,46.9655820733161,"CH vs. HH","HH"
"LOC111125681",249.482165672491,-4.38559349288166,4.49013331136891,6.72191514446055e-05,0.0273440432376503,0,613.606890488495,378.117986345156,494.209396037687,421.992118408253,0,713.592292395859,0,2.20649251641193,1.99591490538303,6.05252382240037,78.5093038652672,550.293529607036,0,0,5.0092346659209,0,155.522306542318,1.76201486824007,0,4.6297389117513,1.431814131568,0,0,1146.25986707542,0,37.965723967662,0,778.014002971304,1239.29416223547,179.447311831801,2.2697708689039,9.28469753637951,453.485135489163,407.447400296149,1049.28107027306,3.01519095385517,0,5.39077245400368,5.90041233175147,8.19506694844038,2092.5775746183,1132.29045055486,5.42338105627224,3.7119615517296,0,88.836930418032,19.7715192264749,0,1.36315814933995,911.977741760558,0,0,7.39467268322767,0,29.6324795558884,659.921172478226,14.9419947166412,0,0,2.18124757810351,0,0.904762583009296,10.171457144429,0,40.3394843661603,0,4.28090898582889,1260.48650722798,0,491.677496805856,0,435.283817996384,0,0,365.287993584193,445.627991810079,0,0.885911943595387,6.80124708869093,0,7.45274269950545,0,0,1643.78693989799,0,0,0,3.71465122972145,0,4523.54540424569,0,8.67481103854514,478.195017473764,"CH vs. HH","CH"
"LOC111126396",78.8374876183571,-23.7504712657021,2.36768681901865,4.455496531701e-24,3.21526392167273e-20,86.8788290714913,0,11.400542301864,214.303189432271,0,0,139.445099339741,76.3543838333722,0,33.9305533915116,282.451111712017,1.06093653871983,0,2.23434052187362,0,0,257.463125691584,57.8512927717802,103.077869792044,0,193.523086511204,0,5.29775381790113,167.51126970384,322.905732157742,0,0,0,0,237.822295217723,7.30308827222446,1.13488543445195,0,0,0,34.6583342782184,0,1.0528496792392,100.268367644469,0,0,17.1084523218665,0,77.4768722324605,6.68153079311328,267.938344644849,129.217353335319,13.9563665128058,0,26.581583912129,5.24728274891,99.3360553409709,16.1580589613053,58.2330473804179,0,4.93874659264807,296.391395083273,0,0,0,212.671638865092,12.5252310658447,0,0,0,28.8139174044002,8.16949048371923,7.49159072520056,191.078775383805,0,0,0,0,648.324314018167,0,66.048382603784,0,10.132884649943,11.51685526674,78.2143415199457,540.258128172222,0,1.00123424890841,841.452489894073,136.082230241226,173.180320469815,182.105228285214,51.4897068279279,0,632.883622495589,0,0,217.954627343447,2.13479918515073,"CH vs. HH","CH"
"LOC111126909",80.2040399640427,-1.80817415854829,1.6432421506771,0.000140019969090755,0.0463806146186762,101.043855550539,7.01837946637167,18.050858644618,52.4824137385154,23.122855803192,63.934321753683,62.1938236491804,79.449831826617,29.7876489715611,37.9223832022776,92.8053652768057,79.570240403987,47.1680168234602,140.763452878038,13.2575468271965,83.153295454287,80.4572267786201,9.7671013770538,60.7895129542825,133.335611343572,196.300929858255,40.0907956839041,107.014627121603,22.7133925022155,82.1134851535152,39.8420985527383,33.4991682067606,58.5204708400653,20.2871969484043,97.0925884145748,4.17319329841398,21.5628232545871,1.8569395072759,0,5.0054963181345,131.70167025723,75.3797738463791,161.086000923598,20.484935325214,29.5020616587573,41.999718110757,102.650713931199,8.76989161359186,155.728513187246,204.157885345128,151.645660337189,15.1426585939827,10.4672748846044,28.7972955106633,9.54210704537964,122.786416324494,345.516714229464,92.3317654931729,112.768758419222,18.1603268657923,67.1669536600137,165.389673499506,39.552338955815,13.8283756431508,5.81738901007381,167.95606351397,50.1009242633788,9.95238841310225,75.2687828687743,8.75668126839954,49.9441235009604,18.673121105644,29.9663629008022,46.450089043577,12.7789983817971,52.713961645852,10.1723569081751,20.3132448398313,445.104764825233,46.9184656870323,22.9147449849863,35.4728749699565,107.408577289396,93.9066660211111,166.630553672928,215.707457768396,9.48530889027966,39.0481357074279,576.31209920535,15.1202478045807,131.519016960567,312.180391346081,64.6145340585762,111.439536891643,321.751237611012,84.153622454112,35.3735841495873,57.4706231303615,17.0783934812059,"CH vs. HH","CH"
"LOC111114999",23.0806318637046,-3.43454170857003,2.08850519731708,4.87705913675246e-05,0.0230784428987509,5.666010591619,1.0026256380531,3.800180767288,12.2458965389869,8.09299953111719,10.46197992333,10.4747492461777,0,1.10324625820597,5.9877447161491,1.00875397040006,9.54842884847844,9.43360336469205,0,2.65150936543929,3.00554079955254,5.36381511857468,3.756577452713,10.5720892094404,0.913257611942276,26.8524856881576,10.022698920976,6.35730458148136,7.57113083407185,8.87713353010975,41.0314149274469,12.2830283424789,0,4.05743938968086,73.0921733008597,126.239097277023,2.2697708689039,3.71387901455181,17.8274254737755,5.0054963181345,9.53104192651007,1.50759547692758,10.528496792392,45.2824886136309,0.842916047393067,5.12191684277524,1.06927827011666,14.6164860226531,10.8467621125445,0.742392310345921,21.3978539126095,35.3328700526263,1.16303054273382,11.313223236332,1.36315814933995,168.962504514902,20.5150549073744,8.07902948065263,0.924334085403459,1.91161335429392,6.91424522970729,3.27504303959417,6.15258605979344,0,0.969564835012302,316.280898825008,0,1.80952516601859,7.12002000110027,3.89185834151091,9.60463913480007,94.5326755973225,73.8456800055484,5.27841920949739,0,7.66748533030575,2.03447138163503,11.0271900559084,192.429130651717,5.51981949259204,12.1313355802868,5.54263671405571,0,31.8928299694339,1.13354118144849,27.7055450344729,8.80778682668826,1.00123424890841,11.9681426352549,9.72015930294474,53.9146280707914,1.23881107677016,116.104240886504,109.582211276783,31.8565581793082,2.30557869737293,25.4247636075159,7.59045965872699,141.964145812524,"CH vs. HH","CH"
"LOC144623134",274.832972244593,23.5503124447856,3.83112819546662,2.07082376531776e-10,3.69355312664792e-07,0,0,870.241395708952,0,0,0,0,0,0,0.997957452691516,560.867207542435,4.24374615487931,0,0,275.756974005686,3313.10780804008,0,0,0.881007434120036,0,1080.58106200275,0,14.8337106901232,235.651447210486,418.334917606422,0,0,685.525515555051,18.2584772535639,0,0,391.535474885923,616.5039164156,851.259566372778,0,0,4.52278643078275,0,0,235.173577222666,2904.12684985356,1535.48359588752,0,0,0,0,0,0,0,0,0,0,0,1127.68758419222,38.2322670858784,2097.9795525569,404.46781538988,820.051827683897,887.14348356829,13.5739076901722,1502.87958131331,0,0,0,0,1317.75648929457,0,0,0,0,637.359718081665,1011.13227667261,0,0,0,0,177.364374849783,0,0,0,0,429.54898831695,129.159218109185,0,1179.3793287573,0,0,0,0,0,0,0,0,42.6959837030146,"CH vs. HH","HH"
"LOC111112191",253.121329762338,22.6902359053338,3.95025470639841,1.81903085310163e-09,2.8118578927245e-06,0,0,2577.47260541309,0,0,0,0,0,0,0,138.199293944809,0,0,0,762.308942563796,2804.16956598252,0,0.7513154905426,0,0,1582.4447600366,0,52.9775381790113,822.414086851054,641.372897550429,0,0,196.461580677362,76.0769885565161,0,0,72.6326678049249,107.702491422002,151.533116527091,0,0,8.2917751231017,0,0,66.5903677440523,2458.52008453212,977.320338886626,0,0,0,0,0,0,0,0,0,0,0,1128.61191827762,193.072948783686,2500.98127451698,73.6884683908689,1652.40882748738,206.361913443943,12.6043428551599,1506.15145268047,0,0,0,0,255.483400985682,0,0,0,0,1013.06649926665,798.869095855354,0,0,0,0,158.519410021993,0,0,0,0,130.761758273141,308.380148663789,0,241.923964873291,0,0,0,0,0,0,0,0,115.27915599814,"CH vs. HH","HH"
"LOC144624036",47.2894907891413,3.14284030225491,1.78593139087655,4.28535213684342e-05,0.0211413744674444,460.835528118345,9.02363074247786,21.851039411906,9.62177585206116,26.5912841736708,1.16244221370333,29.4602322548749,18.5726879594689,18.7551863895014,14.9693617903727,36.3151429344022,15.9140480807974,13.6263159712218,192.153284881132,190.908674311629,29.0535610623412,22.5280234980136,6.0105239243408,16.7391412482807,5.47954567165366,18.5189556470052,7.15907065784001,12.7146091629627,19.8742184394386,3.32892507379116,6.54124006089734,0,450.398623786931,24.3446363380851,16.3639193957149,3.12989497381048,18.1581669512312,3.71387901455181,16.7132113816645,51.0560624449719,29.4595841364857,25.6291231077689,2.1056993584784,17.2504718528118,15.1724888530752,40.9753347422019,8.55422616093327,7.79545921208166,28.6664427260104,0.742392310345921,2.79102442338385,23.2187431774402,22.0975803119426,66.8508645783254,64.7500120936476,6.296739298692,18.3555754434403,25.3912355106225,4.6216704270173,40.1438804401724,22.7182343261811,8.18760759898543,5.27364519410866,13.8283756431508,35.8738988954552,17.449980624828,37.5756931975341,22.6190645752324,11.1886028588719,10.702610439155,13.4464947887201,16.3389809674385,3.21068173937167,15.8352576284922,321.60479260856,24.9193273234937,8.1378855265401,20.8936232638264,31.4720540785518,0,5.39170470234971,27.7131835702785,410.381828322691,21.2618866462893,0,9.89483751231176,20.3256619077421,489.603547716211,25.7775379836259,3.24005310098158,53.0977397666885,30.970276919254,362.447151984826,16.7159305337465,8.49508218114884,24.2085763224158,6.63254702804762,31.4461900147261,13.8761947034798,"CH vs. HH","HH"
"LOC144624224",24.1124099485952,22.5534889080598,2.28450686585404,2.23098321693834e-23,1.03459615702299e-19,6.61034569022216,0,70.303344194828,0,20.8105702228728,0,0,0,62.8850367177401,2.99387235807455,0,119.88582887534,0,6.70302156562087,0,0,0,0,0.881007434120036,6.39280328359593,0,119.556479985928,5.29775381790113,1.89278270851796,0,0,0,13.585109302158,13.1866780164628,0,106.416429109556,0,0,47.9112059607715,0,64.1179184147041,12.0607638154207,0,90.5649772272619,0,31.7558844252065,0,0,12.3962995571937,0,0,0,0,0,0,91.302719831034,76.6615209696623,173.122060299699,15.7136794518588,101.315507777578,0,0,0,0,0,331.549631871733,12.5252310658447,50.6667046485206,6.10287428665738,92.431635610884,0,2.33414013820549,0,0,3.54972177272141,0,0,33.6619485917204,0,8.27972923888806,12.1313355802868,9.97674608530028,0,0,0,0,2.03256619077421,0,18.4125271311613,17.2802832052351,26.9573140353957,4.95524430708064,55.5281152065889,0,101.940986173786,31.1253124145346,0,1.08435137981814,169.716535219483,"CH vs. HH","HH"
"LOC144624705",19.6501721458271,-2.42465553085234,1.77107845548608,8.31922982717892e-05,0.0326945732208131,40.6064092399361,7.01837946637167,4.75022595911,30.6147413474673,12.7175706917556,5.81221106851664,6.54671827886109,0,16.5486938730895,10.9775319796067,2.01750794080012,1.06093653871983,4.1927126065298,67.0302156562087,3.97726404815894,53.0978874587615,1.07276302371494,25.5447266784484,29.0732453259612,21.9181826866146,3.70379112940104,18.613583710384,22.2505660351847,0.946391354258981,2.21928338252744,4.75726549883443,42.4322797285634,16.720134525733,13.1866780164628,20.7276312345722,38.6020380103293,17.0232815167793,13.9270463045693,57.9391327897702,19.0208860089111,1.73291671391092,15.8297525077396,31.5854903771761,2.15630898160147,16.0154049004683,13.3169837912156,5.3463913505833,15.5909184241633,0.774768722324605,17.8174154483021,173.043514249798,9.08559515638963,18.6084886837411,56.56611618166,15.6763187174094,26.23641374455,7.55817812376953,2.30829413732932,7.39467268322767,1.91161335429392,9.87749318529613,22.9253012771592,14.0630538509564,0,1.9391296700246,6.54374273431051,13.7777541724292,11.7619135791208,5.08572857221448,44.7563709273754,9.60463913480007,11.6707006910275,35.3174991330884,12.6682061027937,2.83977741817713,0,18.9883995619269,21.4740016878216,0,2.06993230972201,35.0460805652731,78.7054413395911,1.0132884649943,26.5773583078616,78.2143415199457,62.3374763275641,23.0357501621077,10.0123424890841,5.5237581393484,8.64014160261755,22.0559842107783,16.1045439980121,6.05761256799152,32.5031982600626,19.1139349075849,17.291840230297,51.9549517197063,21.6870275963628,10.6739959257537,"CH vs. HH","CH"
"LOC111117549",344.100821403846,-4.42436689611156,0.959530119729612,4.91578604874893e-07,0.000569911655561708,1014.2158958998,44.1155280743362,19.00090383644,439.102861612246,128.331849707715,51.1474574029464,209.494984923555,53.6544318829102,167.693431247307,39.9182981076607,52.4552064608032,545.321380901991,871.036044006566,116.185707137428,29.1666030198322,279.515294358386,86.8938049209097,197.595974012704,113.649959001485,15.5253794030187,218.523676634662,100.942896275544,31.7865229074068,162.779312932545,27.741042281593,247.37780593939,5041.62481511747,48.0703867614822,16.2297575587234,4395.34874968901,70.9442860730377,17.0232815167793,189.407829742142,99.1650541978759,12.0131911635228,141.23271218374,44.4740665693637,136.870458301096,3.23446347240221,37.931222132688,24.5852008453212,37.4247394540831,33.130701651347,20.1439867804397,157.387169793335,20.4675124381482,57.5421026571343,125.607298615253,41.1389935866618,3141.39795515391,104.9456549782,87.4589182893331,251.604060968896,213.521173728199,29.6300069915558,21.7304850076515,145.739415261941,274.229550093651,30.8479148962595,11.6347780201476,58.8936846087946,12.5252310658447,190.904905014961,267.509322898482,28.2159729759541,27.8534534909202,3938.86148322177,326.419310169453,222.74929064079,53.9557709453654,244.401094903496,15.5976139258685,240.276667534004,75.5329297885243,631.329354465215,21.5668188093988,21.0620195134117,45.5979809247435,2083.66489133635,57.8106002538729,1135.92734641339,314.370237506412,73.0901001703137,952.848279037599,16.2002655049079,65.351064328232,24.7762215354032,147.401905821127,76.1503502092896,44.5991814510314,345.83680460594,127.123818037579,82.4107048661788,27.7523894069595,"CH vs. HH","CH"
"LOC111117194",1080.43147062045,-4.07819028632595,2.28035240078585,3.49526314115346e-05,0.0184192423758921,64.2147867050153,1002.6256380531,0,103.215413685747,966.535372573424,2644.55603617507,2000.02243419206,151.676951668996,40.8201115536207,16.9652766957558,5726.69628996115,41.3765250100733,51.36072942999,504.960957943439,1.32575468271965,1190.19415662281,2827.80333051257,102.178906713794,119.817011040325,1540.66559134662,1751.89320420669,30.784003828712,2208.10379130119,2224.96607386286,2285.86188400326,1364.74053997813,299.259235980394,2421.2844810077,77.0913484039363,927.288765757175,0,2021.23095875892,1340.7103242532,73.5381300793237,1872.0556229823,2108.95964082959,1008.58137406455,1070.74812378627,130.456693386889,1300.6194611275,1965.79168425714,2046.59860900329,2.92329720453062,1258.99917377748,1279.14195072602,1498.78011535713,1682.85412507795,2441.20110919829,1034.64568870454,706.797500432763,50.373914389536,214.868206661448,196.205001672992,2176.80677112515,0,2386.40235356755,6016.25406373449,779.620547862397,65.9507146057962,0,2820.35311848783,83.9190481411595,42.5238414014369,0,0,1787.42334298629,1133.22503709877,32.1068173937167,126.682061027937,0.709944354544282,1420.40165743914,24.4136565796203,36.5638407116963,2640.05573641795,32.4289395189782,155.011510192554,2231.46554107883,595.813617416648,2054.4297971977,1558.61912449167,2341.11855541296,37.9412355611186,1521.87605834078,128.887689918129,51.8408496157053,2181.09177195474,506.673730398996,2258.47988576617,1548.08089998641,2275.62013927525,35.7364698092804,110.54245046746,2366.05471076319,1.06739959257537,"CH vs. HH","CH"
"LOC111117254",10.3290308176295,-19.3507263796128,2.0821967355514,4.17404347394785e-21,1.38262208614898e-17,0,1.0026256380531,1.900090383644,0,54.3387111375011,0,2.61868731154444,0,11.0324625820597,0,2.01750794080012,19.0968576969569,10.4817815163245,0,1.32575468271965,8.01477546547344,10.7276302371494,3.756577452713,0,0,9.25947782350261,0,0,0,106.525602361317,0,5.58319470112676,2.09001681571662,20.2871969484043,18.5457753151435,58.4247061777957,0,0.928469753637951,2.22842818422193,2.0021985272538,28.5931257795302,0,7.36994775467441,2.15630898160147,0,0,8.55422616093327,0.974432401510207,10.8467621125445,0,1.86068294892256,0,0,1.02847483966655,3.40789537334987,2.098913099564,0,0,0,0,3.95099727411845,44.2130810345213,0.878940865684777,0,0,2.18124757810351,1.25252310658447,0,2.03429142888579,3.89185834151091,0,2.33414013820549,3.21068173937167,0,0,6.70904966401753,0,49.3321660395902,16.1856278118266,6.20979692916604,0,0,0,0,4.53416472579395,0,0,0,0,70.2011505212676,0,0,0,13.0012793040251,8.49508218114884,278.975022382125,0,6.50610827890885,27.7523894069595,"CH vs. HH","CH"
"LOC144623253",66.2920557225308,-21.7722200368261,3.3734216124752,2.72467044991154e-11,5.26474447684158e-08,712.028664346787,0,0,225.674379075616,16.1859990622344,0,191.164173742744,104.213415772576,0,0,0,0,4.1927126065298,169.809879662395,53.0301873087858,0,274.627334071023,0,329.496780360893,0,0,0,8.47640610864181,0,88.7713353010975,83.2521462296025,4.46655576090141,0,2.02871969484043,157.093626198863,0,0,0,0,0,341.384592640452,19.5987412000586,0,95.9557496812656,122.222826871995,0,102.650713931199,342.025772930083,0,0,0,0,0,125.473930439319,0,0,573.341797674517,92.3317654931729,0,0,4.93874659264807,193.227539336056,0,0,0,0,0,0,383.463934344972,184.863271221768,0,0,324.278855676539,0,0,195.520875922797,0,210.096989486255,0,112.466322161563,148.271879314617,0,0,0,0,44.5267688054029,1.35504412718281,0,0,0,166.645214036991,0,0,0,22.2995907255157,0,0,0,0,"CH vs. HH","CH"
"LOC111137050",12.9387405193369,3.20316045729358,2.07984044539259,5.89813871004048e-05,0.0268157141705311,0,7.01837946637167,5.700271150932,2.62412068692577,10.4052851114364,9.29953770962662,5.89204645097498,63.9725918603929,4.41298503282386,5.9877447161491,9.07878573360056,12.7312384646379,9.43360336469205,0,0,7.01292853228926,7.50934116600455,0,0.881007434120036,0,5.55568669410156,10.73860598676,20.1314645080243,1.89278270851796,4.43856676505487,0,2.2332778804507,34.4852774593242,22.3159166432447,0,18.7793698428629,7.94419804116366,12.0701067972934,18.9416395658864,12.0131911635228,23.3943756377974,0,5.26424839619601,17.2504718528118,5.90041233175147,4.09753347422019,5.3463913505833,0,6.97291850092145,12.6206692758806,1.86068294892256,0,1.16303054273382,8.22779871733236,9.54210704537964,8.395652398256,0,20.7746472359639,5.54600451242075,424.378164653251,12.840741140885,8.18760759898543,15.820935582326,15.9558180497894,21.3304263702706,5.45311894525876,6.26261553292235,0.904762583009296,11.1886028588719,15.5674333660436,3.84185565392003,10.5036306219247,8.56181797165778,15.8352576284922,3.54972177272141,0,10.8505140353868,0.580378423995179,0,1.37995487314801,0,0,2.0265769299886,8.85911943595387,1.13354118144849,0.989483751231176,10.1628309538711,9.01110824017567,46.0313178279033,4.32007080130877,12.2533245615435,3.71643323031048,3.02880628399576,2.78598842229108,5.30942636321803,28.8197337171616,0,0,14.9435942960551,"CH vs. HH","HH"
"LOC111100718",77.3760054815294,2.43112612013603,1.41491983576751,4.52780468988327e-05,0.0218721265300674,23.6083774650792,16.0420102088495,16.150768260974,50.7329999472316,24.2789985933516,30.2234975562865,32.7335913943054,12.3817919729793,54.0590666520923,16.9652766957558,80.700317632005,42.4374615487931,16.7708504261192,40.2181293937252,15.9090561926357,78.1440607883661,51.4926251383169,36.0631435460448,15.8581338141606,39.2700773135179,12.9632689529036,20.761304907736,44.5011320703695,42.5876109416541,18.8639087514832,59.4658187354303,29.0326124458592,24.0351933807411,15.2153977113032,52.3645420662876,19.8226681674664,40.8558756402702,22.2832740873108,100.279268289987,1335.46641767829,97.0433359790116,21.8601344154499,13.6870458301096,67.9237329204464,10.1149925687168,16.3901338968808,29.9397915632665,15.5909184241633,61.9814977859684,18.559807758648,49.3080981464479,70.6657401052527,66.2927409358277,51.4237419833273,186.752666459573,18.890217896076,7.55817812376953,616.314534666929,9.24334085403459,1482.45615625494,17.779487733533,40.9380379949272,15.820935582326,76.5879266389891,30.0565098853813,46.8968229292254,17.5353234921826,31.6666904053253,15.2571857166434,87.5668126839954,26.8929895774402,4.66828027641099,40.6686353653745,26.3920960474869,85.9032668998581,10.5427923291704,11.5286711625985,24.3758938077975,32.3712556236533,87.6271344448986,16.1751141070491,29.9302382559008,20.265769299886,16.8323269283124,17.0031177217273,228.570746534402,75.8824711222373,77.0950371659474,219.10907286082,47.5207788143965,22.0559842107783,78.0450978365201,48.4609005439321,16.7159305337465,36.1040992698826,39.1948378553398,30.9518861308889,61.8080286496341,16.0109938886305,"CH vs. HH","HH"
"LOC111137128",13.6263155663929,-21.7458909610013,2.17241170769855,5.54666653154394e-24,3.21526392167273e-20,1.88867019720633,0,0,1.74941379128385,3.46842837047879,6.97465328221997,0,0,0,0,0,37.1327788551939,0,6.70302156562087,5.30301873087858,2.00369386636836,3.21828907114481,6.0105239243408,0,0,2.77784334705078,0,0,0,39.9471008854939,0,203.228287121014,1.04500840785831,0,2.18185591942865,13.5628782198454,2.2697708689039,0,0,1.0010992636269,0,0,0,0,0,0,6.41566962069995,1.94886480302041,4.64861233394763,0.742392310345921,0,4.03804229172873,3.48909162820146,2.05694967933309,10.2236861200496,0,25.9137535672098,0,0,0,0,0,0,0,0,17.449980624828,0,0,106.800300016504,67.1345563910631,0.960463913480007,1.16707006910275,0,6.33410305139686,0,0,3.39078563605838,0,4.4960077255074,3.44988718287002,0,5.54263671405571,2.0265769299886,326.015595243103,5.66770590724244,0,1.35504412718281,274.338184200904,0,2.16003540065439,1.6337766082058,0,2.01920418933051,16.7159305337465,4.24754109057442,2.30557869737293,0,6.50610827890885,19.2131926663566,"CH vs. HH","CH"
"LOC111126222",105.347429569501,3.62659280667563,0.646835218346048,1.08670336361321e-08,1.39985504956108e-05,74.6024727896501,1251.27679629026,38.00180767288,48.1088792603058,48.5579971867031,37.1981508385065,37.9709660173943,11.349975975231,67.2980217505639,48.8999151818843,45.3939286680028,42.4374615487931,72.324292462639,46.9211509593461,41.098395164309,45.0831119932881,36.4739428063078,32.3065660933318,44.0503717060018,57.5352295523634,47.2233368998633,45.8180522101761,59.3348427604927,41.6412195873952,28.8506839728567,59.4658187354303,26.7993345654085,32.3952606436076,28.402075727766,31.6369108317154,29.2123530888979,39.7209902058183,1157.80178278653,42.3401355002167,37.0406727541953,43.322917847773,44.4740665693637,56.8538826789169,35.5790981964243,42.1458023696533,35.8534178994267,60.9488613966496,61.3892412951431,61.2067290636438,57.9066002069818,61.4025373144446,60.5706343759309,66.2927409358277,39.0820439073287,40.2131654055285,50.373914389536,145.764863815555,53.0907651585744,36.0490293307349,50.6577538887889,39.5099727411845,32.7504303959417,48.3417476126627,1835.9827969291,56.2347604307135,55.6218132416394,50.1009242633788,1298.33430661834,52.8915771510306,75.8912376594627,52.8255152414004,24.5084714511577,44.9495443512034,51.7285082530744,39.0469394999355,60.3814469761578,34.5860134877954,71.386546151407,31.4720540785518,37.9487590115703,43.1336376187977,53.2093124549348,44.5846924597491,75.3025152056079,28.3385295362122,75.2007650935694,60.9769857232264,42.0518384541531,49.7138232541356,63.7210443193044,50.6470748543798,38.403143379875,43.4128900706059,75.2216874018593,42.4754109057442,55.3338887369503,33.1627351402381,33.6148927743624,61.9091763693712,"CH vs. HH","HH"
"LOC111126262",103.721243590582,1.69837583033191,0.661944580193929,1.08149437320282e-05,0.00737547353866285,101.988190649142,431.129024362831,77.903705729404,82.2224481903408,95.9598515832466,63.934321753683,74.6325883790164,96.9907037883377,81.6402231072415,103.787575079918,81.7090716024051,68.9608750167888,90.1433210403907,98.3109829624394,64.9619794532626,130.240101313943,75.0934116600454,121.713109467901,96.0298103190839,100.45833731365,68.5201358939193,75.1702419073201,67.8112488691345,53.9443071927619,57.7013679457134,96.3346263513971,45.7821965492395,73.1505885500817,39.5600340493884,97.0925884145748,85.5504626174866,71.4977823704729,370.459431701543,118.106693763762,59.0648565539871,131.70167025723,63.3190100309585,106.337817603159,130.456693386889,76.7053603127691,67.6093023246332,66.2952527472329,143.241563022,70.5039537315391,103.192531138083,84.6610741759767,75.7132929699136,151.193970555397,76.1071381353243,112.460547320546,69.264132285612,38.8706303508147,117.723001003795,61.9303837220318,72.641307463169,91.860686623254,65.5008607918834,62.4048014636192,594.620152655485,60.1130197707627,68.7092987102604,83.9190481411595,848.667302862719,85.4402400132033,81.729025171729,72.0347935110005,33.8450320039797,83.4777252236634,67.5637658815665,68.154658036251,97.7604379613983,63.7467699578975,128.84401012693,53.9520927060888,87.6271344448986,72.7880134817211,83.1395507108356,43.5714039947549,69.1011316004402,73.6801767941517,86.0850863571123,66.3971622319576,93.1147851484819,62.6025922459485,150.12246034548,68.6186175446436,92.9108307577621,106.008219939852,66.863722134986,119.993035808727,86.4592011514849,118.280422000182,66.1454341689067,86.4593669986047,"CH vs. HH","HH"
"LOC111123442",128.423611714436,-2.70244851664836,0.762011435700828,3.94324218915472e-06,0.00304773188799768,59.4931112119995,71.1864203017698,133.956372046902,178.440206710952,48.5579971867031,169.716563200686,155.811895036894,93.8952557950929,168.796677505513,73.8488514991722,265.302294215216,146.409242343336,35.6380571555033,49.1554914812197,112.68914803117,239.441417031019,116.931169584928,211.119652842471,80.1716765049233,465.761382090561,52.7790235939649,34.363539157632,59.3348427604927,32.1773060448053,113.183452508899,55.3032114239502,266.876706713859,227.811832913111,305.322314073485,396.0068493763,49.0350212563643,318.902807080998,126.271886494761,95.8224119215431,110.120918998959,45.9222929186394,70.1031896771326,109.496366640877,29.1101712516199,214.943592085232,69.6580690617433,149.698957816332,116.931888181225,61.9814977859684,116.55559272431,105.128586614125,80.7608458345745,51.1733438802881,104.904433645988,113.142126395216,71.363045385176,128.489028104082,144.268383583083,162.682799031009,40.1438804401724,217.304850076515,230.890534291389,30.7629302989672,0,27.1478153803444,162.502944568711,95.1917561004198,29.8571652393068,143.417545736448,28.2159729759541,288.139174044002,420.145224876989,83.4777252236634,140.40595097263,22.718219345417,287.530699886466,79.344383883766,76.6099519673636,19.7824339922326,111.086367288415,284.412423048947,165.17057407886,56.7441540396807,248.941256150304,231.242401015492,168.2122377093,88.0778682668826,38.0469014585195,49.7138232541356,62.6410266189772,422.331253221199,52.0300652243468,109.037026223847,63.1490709052646,145.478282352174,20.7502082763564,51.9549517197063,190.845842847993,22.4153914440827,"CH vs. HH","CH"
"LOC111125477",226.160825143067,-2.98184257961095,1.94941337490555,6.1656944090874e-05,0.0271851176599282,49.1054251273646,35.0918973318583,118.75564897775,50.7329999472316,63.5878534587779,32.5483819836932,24.8775294596721,0,61.7817904595341,16.9652766957558,6.05252382240037,888.003882908495,44.0234823685629,31.2807673062307,0,18.0332447973152,43.9832839723123,62.3591857150358,16.7391412482807,42.0098501493447,6.48163447645182,40.8067027496881,45.5606828339497,92.7463527173801,139.814853099229,17.2450874332748,4722.26607821302,14.6301177100163,31.4451552700266,36.0006226705727,197.183383350061,53.3396154192417,18.569395072759,67.9670596187689,21.0230845361649,34.6583342782184,159.805120554324,0,51.7514155584354,25.287481421792,14.3413671597707,41.7018525345497,48.7216200755104,46.4861233394763,17.8174154483021,26.0495612849159,48.4565075007447,53.4994049657557,99.7620594476549,21.8105303894392,24.137500644986,21.5947946393415,88.8693242871789,31.4273589037176,21.0277468972331,33.5834768300069,86.7886405492456,47.462806746978,80.8428114522663,60.1130197707627,34.8999612496561,101.454371633342,16.2857264941673,90.5259685854177,2073.38753143994,96.0463913480007,31.5108918657742,22.4747721756017,97.1229134547519,24.1381080545056,43.1296049829698,78.6662267565543,47.5910307676047,39.5648679844651,26.9091200263862,57.9608255502594,385.767515298277,12.1594615799316,6178.34989463423,45.3416472579395,15.8317400196988,75.8824711222373,2687.31272407017,20.2537798442775,12.9602124039263,18.7884309943667,83.0003421436008,123.171455549161,39.0038379120752,42.4754109057442,53.0283100395774,54.1658007290555,84.5794076258151,148.368543367976,"CH vs. HH","CH"
"LOC111131377",305.151688390251,-2.97590700533062,2.39760848908353,9.75821612534728e-05,0.0359148821108615,25.4970476622855,24.0630153132743,54.152575933854,1608.5859810855,1255.57107011332,9.29953770962662,47.1363716077999,21.6681359527137,540.590666520923,24.9489363172879,6.05252382240037,2.12187307743965,60.7943327946821,46.9211509593461,43.7499045297483,1470.71129791438,13.9459193082942,1997.74788935277,66.9565649931227,34.7037892538065,684.275411156843,21.47721197352,4.2382030543209,123.977267407926,26.6314005903292,10.7038473723775,42.4322797285634,54.3404372086321,47.6749128287501,19.6367032748578,28.1690547642944,46.53030281253,23.2117438409488,2119.23520319506,28.0307793815532,175.024588105003,12.0607638154207,2318.37499368472,76.5489688468523,6.74332837914453,5.12191684277524,11.7620609712833,37.0284312573879,725.958292818155,1302.89850465709,38.1440004529126,32.3043383338298,1199.08448955857,50.3952671436607,17.7210559414193,6.296739298692,125.249808908181,385.485120933997,1550.1082612216,21.9835535743801,42.4732206967734,4.91256455939126,16.6998764480108,28.7204724896209,26.1782505453321,16.3593568357763,12.5252310658447,7.23810066407436,51.8744314365877,37.9456188297313,1237.07752056225,92.198535459117,32.1068173937167,1012.4008043816,7.09944354544282,1123.28660088979,11.5286711625985,1196.15993185406,17.0848293569281,47.6084431236063,6.73963087793714,63.1860585402351,505.630944032155,1010.82552764234,17.0031177217273,1599.00574198958,23.0357501621077,165.203651069887,66.2850976721808,1222.58003677038,1.6337766082058,28.4926547657137,57.5473193959194,34.3605238749234,41.4135256331006,10.3751041381782,42.0061311776349,18.4339734569084,14.9435942960551,"CH vs. HH","CH"
"LOC111100849",375.28464142118,-4.14395888112885,1.67586551017837,1.47724613985281e-05,0.00954124876271988,42.4950794371425,51.1339075407079,205.209761433552,22.74237928669,119.082707386439,233.650884954369,145.991817618602,27.8590319392034,9.9292163238537,101.791660174535,18.1575714672011,1278.42852915739,30.397166397341,29.0464267843571,9.28028277903752,144.265958378522,60.0747293280364,106.686799657049,29.9542527600812,18.2651522388455,27.7784334705078,37.9430744865521,48.7393351246904,157.100964806991,3304.51295658335,11.8931637470861,5557.51200550158,20.9001681571662,20.2871969484043,36.0006226705727,439.228594658071,82.8466367149924,64.9928827546566,92.4797696452102,20.021985272538,32.058959207352,120.607638154207,178.984445470664,88.4086682456604,16.8583209478613,32.7802677937615,8.55422616093327,31.1818368483266,196.79125547045,74.981623344938,37.2136589784513,20.1902114586436,54.6624355084895,44.2244181056614,54.5263259735979,7.346195848474,58.3059455262221,83.0985889438556,15.7136794518588,25.8067802829679,40.4977220597141,188.314974776665,143.267361106619,34.0390785062174,60.1130197707627,37.0812088277596,111.474556486018,30.761927822316,295.989402902883,4786.98576005842,94.1254635210407,64.1888538006511,35.3174991330884,206.914033012297,7.09944354544282,11.5012279954586,86.8041122830944,52.2340581595661,16.1856278118266,80.7273600791586,125.357134329631,301.519437244631,13.1727500449259,10924.1801764747,57.8106002538729,91.0325051132682,52.8467209601295,2303.84000673825,15.6506480614871,37.8006195114518,36.7599736846305,13.6269218444718,211.006837785038,13.9299421114554,52.0323783595367,111.820566822587,75.168866317873,171.327518011266,495.27341095497,"CH vs. HH","CH"
"LOC111110267",2127.24044177154,1.40238352333379,1.09753807316112,7.9487965937616e-05,0.031777370106819,1535.48887032875,1578.13275429557,2022.64621338904,821.349775007766,1188.51478828407,2156.33030641967,2081.85641267783,1909.89141183205,3984.92548463995,1787.34179777051,1294.23134402328,2938.79421225392,1927.59962085207,399.946953415379,467.991403000035,1096.02054490349,2089.74237019669,3175.05926303303,969.10817753204,2356.20463881107,725.943061362604,853.361222414529,2848.07245250365,953.016093738794,2782.98136168941,1486.0508101984,1176.93744299752,1366.87099747867,1886.7093162016,1082.20053603661,2086.59664920699,1154.17848683763,1325.85480819499,9965.53083984048,2894.17797114537,2601.97444593725,1505.33408371219,1105.49216320116,964.948269266659,1616.7129788999,1515.06300209292,1736.50791066945,2467.26284062384,1564.25805037338,1786.93829100263,1281.08021033319,1951.38393747791,2977.35818939858,1660.98686606147,1348.16340969721,1660.24026175512,1642.28413232192,1462.30433599813,1315.32740352912,901.325696549584,904.778375773126,1221.59105376863,1660.31929527854,1454.10688493747,1897.43838211907,9000.91813104411,935.6347606186,24316.3991809578,1688.46188597521,1044.96396469568,1427.24937543129,1065.53497309081,1217.91860646832,991.287127543609,1148.68996565265,1327.43339780918,1449.22178085135,2253.60942037328,1231.90611678903,860.401863407784,4421.19785592676,11522.033201179,876.494522220069,906.287918298081,1194.75240524671,932.093693659768,1691.09507072415,719.887424965145,1565.98543250527,1763.66890463431,1342.96437194517,2416.92041077858,1646.66101639903,3508.4880864719,1053.39019046246,1769.53165023372,1490.11223230136,1432.42817273977,1174.1395518329,"CH vs. HH","HH"
"LOC111133984",70.4650819451183,2.24378090826708,1.89854947082957,0.000120044884357461,0.0409335401999477,13.2206913804443,3.00787691415929,25.651220179194,32.3641551387512,34.6842837047879,46.4976885481331,48.4457152635721,0,40.8201115536207,26.9448512226709,50.4376985200031,19.0968576969569,36.6862353071357,20.1090646968626,7.95452809631787,0,8.58210418971948,112.69732358139,45.8123865742419,86.7594731345162,3.70379112940104,23.624933170872,37.0842767253079,24.6061752107335,18.8639087514832,10.7038473723775,5.58319470112676,16.720134525733,25.3589961855054,77.455885139717,7.30308827222446,27.2372504268468,18.569395072759,490.254200528825,90.0989337264211,97.0433359790116,32.413302753943,35.7968890941329,19.4067808344133,19.3870690900405,10.2438336855505,52.3946352357163,15.5909184241633,44.1618171725025,2.96956924138368,7.44273179569026,14.1331480210505,51.1733438802881,24.6833961519971,16.3578977920794,36.73097924237,41.0301098147489,40.3951474032631,8.31900676863113,39.1880737630254,11.8529918223554,31.1129088761446,14.0630538509564,26.5930300829823,5.81738901007381,575.849360619325,36.3231700909497,1586.0488080153,26.4457885755153,42.81044175662,13.4464947887201,11.6707006910275,44.9495443512034,36.9489344664817,15.6187757999742,0.958435666288219,21.7010280707736,26.6974075037782,25.1776432628414,6.89977436574005,878.847866483003,748.255956397521,36.4783847397948,10.6309433231446,20.4037412660728,11.8738050147741,4.74265444513983,10.0123424890841,3.68250542623227,27.0004425081798,3.2675532164116,24.7762215354032,4.03840837866101,35.2891866823537,5.30942636321803,16.1390508816105,28.7410371215397,30.361838634908,17.0783934812059,"CH vs. HH","HH"
"LOC111136946",96.5156722825387,5.23523185332763,0.934626319540895,5.30739903459571e-09,7.23898008324534e-06,33.0517284511108,13.0341332946902,27.551310562838,21.8676723910481,48.5579971867031,33.7108241973965,31.4242477385332,0,31.994141487973,7.98365962153213,34.2976349936021,45.6202711649526,47.1680168234602,44.6868104374725,34.4696217507108,12.0221631982102,20.3824974505838,73.6289180731748,24.668208155361,20.0916674627301,3.70379112940104,25.05674730244,16.9528122172836,18.9278270851796,7.76749183884603,6.54124006089734,11.1663894022535,7.31505885500817,12.1723181690426,15.2729914360005,12.5195798952419,34.0465630335585,18.569395072759,362.119579936064,38.0417720178222,48.5216679895058,10.5531683384931,20.0041439055448,44.2043341228302,8.42916047393067,12.2926004226606,23.5241219425665,28.258539643796,58.88242289667,18.559807758648,1.86068294892256,8.07608458345745,10.4672748846044,17.4840722743313,19.0842140907593,37.780435792152,36.7111508868806,25.3912355106225,5.54600451242075,17.2045201886453,2.96324795558884,78.6010329502601,7.03152692547822,42.5488481327717,14.5434725251845,235.574738435179,31.3130776646118,2768.57350400844,20.3429142888579,46.7023000981309,13.4464947887201,4.66828027641099,16.0534086968583,19.0023091541906,15.6187757999742,5.75061399772931,10.8505140353868,35.9834622877011,8.9920154510148,1.37995487314801,2814.46985462655,975.504061673805,16.2126154399088,22.1477985898847,14.7360353588303,9.89483751231176,25.068316352882,32.039495965069,3.68250542623227,29.1604779088342,6.53510643282319,13.6269218444718,6.05761256799152,11.1439536891643,6.37131163586163,17.291840230297,21.0030655888175,14.0965679376358,4.26959837030146,"CH vs. HH","HH"
"LOC111134790",934.925266841039,-3.78963895096666,1.80659170897181,2.50369208617624e-05,0.0150454139294229,132.206913804443,23.0603896752212,270.76287966927,109.33836195524,363.028836110114,179.016100910312,38.6256378452804,326.053855288454,143.422013566776,73.8488514991722,226.969643340014,3759.95909322307,109.010527769775,118.420047659302,987.687238626136,26.0480202627887,34.3284167588779,1012.02196576088,95.1488028849639,415.532213433736,41.6676502057617,53.6930299338001,218.267457297527,320.826669093795,3883.74591942302,459.670778824877,16537.4227047375,109.725882825122,26.3733560329256,39.2734065497157,848.201537902641,158.883960823273,38.067259899156,159.332615171868,40.043970545076,139.499795469829,644.497066386542,31.5854903771761,66.8455784296457,419.772191601747,30.7315010566514,165.738131868082,120.829617787266,569.455010908585,23.0141616207235,11.1640976935354,305.881703598451,289.594605140721,71.9932387766582,8.17894889603969,24.137500644986,371.430467796674,147.730824789077,15.7136794518588,42.0554937944663,188.660119839156,170.302238058897,68.5573875234126,266.994022033143,55.2651955957012,63.2561797650016,326.908530818547,128.47628678732,266.492177184039,1858.36235807146,175.764896166841,96.866815735528,92.0395431953212,297.702843415653,31.2375515999484,86.2592099659397,585.249600783676,128.84401012693,67.440115882611,85.5572021351766,206.232704864876,1439.97701831167,7.09301925496009,27539.4586786062,107.686412237606,85.0956026058811,123.309015573636,15133.6556722506,15.6506480614871,333.725469401103,1262.90931814308,112.731807986085,229.179675489012,136.513432692263,28.6709023613773,138.334721842376,198.976410841428,303.61838634908,560.384786102067,"CH vs. HH","CH"
"LOC144626386",196.954337828119,-4.70571092012292,0.785499909149379,7.34109592848803e-10,1.21584279495609e-06,150.149280677903,64.1680408353981,59.852847084786,84.8465688772666,65.9001390390971,24.4112864877699,16.3667956971527,41.2726399099309,45.2330965864446,120.752851775673,128.111754240808,90.1796057911853,14.6744941228543,87.1392803530713,50.3786779433465,22.040632530052,20.3824974505838,148.760467127435,35.2402973648014,32.8772740299219,73.1498748056706,41.5226098154721,42.382030543209,40.6948282331362,196.406579353678,61.2497932974932,48.0154744296902,53.2954288007738,47.6749128287501,96.0016604548605,85.5504626174866,53.3396154192417,7.42775802910361,55.7107046055483,44.0483675995836,19.9285422099756,18.8449434615948,43.1668368488073,127.222229914487,46.3603826066187,38.9265680050918,83.4037050690994,15.5909184241633,58.1076541743454,11051.2519318094,400.977175492813,110.036652449608,32.564855196547,42.1674684263283,53.844746898928,54.571740588664,26.9934932991769,253.912355106225,28.6543566475072,101.315507777578,25.6814822817699,81.8760759898543,49.2206884783475,140.411198838147,20.3608615352583,32.7187136715526,83.9190481411595,34.3809781543532,17.2914771455292,71.0264147325741,142.148659195041,71.1912742152676,447.354989019119,80.2319719843602,27.687829827227,94.8851309625336,54.252570176934,19.7328664158361,23.3792401726385,47.6084431236063,109.182020222582,48.7752030836902,65.8637502246294,97.4503137954926,49.8758119837335,95.9799238694241,25.7458384164734,46.0567754497867,15.6506480614871,8.64014160261755,76.7875005856725,86.7167753739113,98.9410052771948,631.490709052646,37.1659845425262,99.139883987036,312.835134822913,90.0011645249058,94.9985637392076,"CH vs. HH","CH"
"LOC144618098",303.080872295821,21.2541443260537,2.98438661576306,2.99403274212372e-13,7.71362635462473e-10,320.129598426473,0,0,509.079413263599,0,0,1040.92820633891,699.571246473329,0,28.940766128054,259.249770392816,0,0,167.575539140522,110.037638665731,0,0,1283.9981733373,86.3387285437635,98.6318220897658,0,1136.14451339921,0,0,415.005992532631,0,0,0,0,0,690.663490887514,5.67442717225976,0,0,0,2928.62924650946,0,0,39.8917161596273,927.207652132373,1.02438336855505,1207.21516696171,0,0,0,0,0,55.8254660512233,0,0,0,1850.67390059157,281.611884754177,1660.10401738461,55.4367872745237,0,0,0,0,45.5695472455782,0,472.201211182346,28.9524026562975,4427.63529496993,33.0807959028427,0,1065.53497309081,82.4074979772062,412.772382182695,0,0,0,0,0,0,603.870926663168,0,39.5182501347777,15.0605030411216,0,0,0,116.143172873375,1690.26999064061,1676.1874709078,637.172877200261,571.091906391044,171.632356093093,48.2904659863788,13.8045085443669,8.06952544080526,64.1146212711269,406.631767431803,0,"CH vs. HH","HH"
"LOC144627235",154.273949086806,4.42088473632021,1.3434330299151,5.06460006780887e-06,0.0037881574765253,532.604995612186,17.0446358469026,13.300632685508,8.74706895641923,5.78071395079799,0,15.7121238692666,55.7180638784067,13.2389550984716,0.997957452691516,16.140063526401,341.621565467784,9.43360336469205,513.898320030933,13.2575468271965,23.0424794632361,20.3824974505838,12.7723633392242,326.853758058533,16.438637014961,24.0746423411068,322.874086668584,43.4415813067893,754.273909344408,6.65785014758231,63.0337678595562,36.8490850274366,6.27005044714986,4.05743938968086,12.0002075568576,590.506851725578,17.0232815167793,21.3548043336729,23.3984959343303,31.0340771724339,244.34125666144,45.2278643078275,15.792745188588,34.5009437056236,52.2607949383701,23.5608174767661,528.22346543763,6.82102681057145,6.97291850092145,14.1054538965725,21.3978539126095,579.459068863072,5.8151527136691,56.56611618166,14.9947396427394,17.840761346294,458.889386086007,332.394355775422,611.90916453709,1647.81071140136,3.95099727411845,3.27504303959417,5.27364519410866,24.4655876763437,2140.79915570716,22.9030995700868,205.413789479853,25.3333523242603,13.2228942877576,1381.60971123637,22.0906700100402,16.3389809674385,245.082039438704,4.22273536759791,396.148949835709,8.62592099659397,34.5860134877954,6.96454108794214,227.497990910675,6.20979692916604,33.6981543896857,17.7364374849783,16.2126154399088,9.74503137954926,10.2018706330364,55.4110900689459,14.2279633354195,5.00617124454204,18.4125271311613,11.8801947035991,38.3937502928363,8.67167753739113,16.153633514644,22.2879073783287,9.55696745379245,16.1390508816105,6.63254702804762,24.9400817358173,739.707917654729,"CH vs. HH","HH"
"LOC111117896",17.6163988464183,4.28404696403691,3.71341600221565,6.33111809909053e-05,0.0271851176599282,1.88867019720633,2.00525127610619,0,0,0,1.16244221370333,0,53.6544318829102,0,14.9693617903727,0,0,0,0,0,0,0,1.5026309810852,113.649959001485,3.6530304477691,3.70379112940104,0.715907065784001,90.0618149043192,2.83917406277694,0,0,0,2.09001681571662,98.3929051997608,0,0,0,0,1.11421409211097,4.0043970545076,3.46583342782184,201.263996169832,0,31.2664802332214,21.9158172322197,0,0,1.94886480302041,0,0,0,0,0,4.11389935866618,0,0,0,5.77073534332331,0.924334085403459,0,0.987749318529613,0,0,192.533537800792,81.4434461410333,10.9062378905175,127.757356871616,0,3.05143714332869,0,9.60463913480007,0,0,0,9.22927660907566,0,4.74709989048173,0,6.29441081571036,12.4195938583321,4.04377852676228,2.21705468562228,4.0531538599772,0,0,2.96845125369353,0,7.00863974235885,11.0475162786968,0,1.6337766082058,1.23881107677016,0,103.08157162477,105.126641991717,0,99.4882054207142,71.5671910679974,117.41395518329,"CH vs. HH","HH"
"LOC111109902",61.8853058212181,2.26279561184526,1.23600544455149,3.68591055645443e-05,0.0188965766161252,93.4891747617134,42.11027679823,105.455016292242,20.9929654954062,4.62457116063839,81.3709549592329,58.2657926818637,90.799807801848,36.4071265207969,27.9428086753625,44.3851746976027,21.2187307743965,29.3489882457086,49.1554914812197,46.4014138951876,53.0978874587615,41.8377579248825,111.946008090847,37.0023122330415,89.499245970343,2.77784334705078,27.920375565576,127.146091629627,88.0143959460852,32.1796090466478,24.3809856815264,20.0995009240563,45.9803699457656,102.450344589442,8.72742367771459,38.6020380103293,83.9815221494444,17.6409253191211,122.563550132206,118.129713107974,41.5900011338621,56.5348303847843,8.42279743391361,48.5169520860332,53.1037109857632,8.19506694844038,9.62350443104993,69.1847005072247,83.6750220110574,7.42392310345921,7.44273179569026,53.5040603654056,131.422451328922,51.4237419833273,29.9894792854789,53.522284038882,0,53.0907651585744,20.3353498788761,51.6135605659359,14.8162397779442,70.4134253512747,12.3051721195869,12.7646544398315,49.4478065856274,66.5280511321569,46.3433549436254,294.95260206103,91.5431142998606,31.1348667320873,35.5371647987603,50.1840129714181,154.11272348984,26.3920960474869,58.9253814271754,35.4621196526641,120.033811516467,20.8936232638264,46.758480345277,23.4592328435162,397.638221798291,198.426394363194,35.4650962748005,345.505658002201,72.5466356127033,10.8843212635429,35.231147306753,22.027153475985,49.7138232541356,69.1211328209404,34.3093087723218,60.7017427617379,74.7105550052287,105.867560047061,42.4754109057442,35.7364698092804,99.4882054207142,47.7114607119982,33.0893873698363,"CH vs. HH","HH"
"LOC111108097",194.152736702359,-6.59506766874088,1.81521402003543,1.53929385910648e-06,0.00148715027962925,271.968508397712,96.2520612530972,6.650316342754,158.321948111188,61.2755678784587,0,456.306264036618,646.948630588167,3.3097387746179,2914.03576185923,99.8666430696062,1.06093653871983,1135.17693821794,214.496690099868,6.62877341359823,81.1496015879186,6.43657814228961,108.189430638134,360.332040555095,222.834857313915,506.493436945593,4.29544239470401,220.386558824687,0,453.843451726861,2.97329093677152,2.2332778804507,0,205.915049026304,10.9092795971432,0,368.837766196884,105.845551914726,114.764051487429,174.191271871081,0,1.50759547692758,975.99165265474,0,354.867655952481,70.6824524302983,65.2259744771162,0,2.32430616697382,100.965354207045,936.853864782511,3.02853171879654,50.0103133375542,10.2847483966655,0.681579074669974,243.473919549424,58.3059455262221,2.30829413732932,89.6604062841355,0.955806677146961,24.6937329632403,65.5008607918834,58.8890380008801,0,5.81738901007381,99.2467648037095,350.706469843652,0.904762583009296,34.5829542910585,3.89185834151091,117.176597444561,0,234.379766974132,162.575311652519,0.709944354544282,25.8777629897819,2.7126285088467,66.1631403354504,224.80038627537,424.336123493013,504.124389669698,1.10852734281114,0,106.309433231446,63.4783061611153,32.6529637906288,62.3320298504092,2.00246849781681,1.84125271311613,151.202478045807,629.820882463335,411.285277487693,0,334.31861067493,384.402468696985,2.30557869737293,1658.1367570119,13.0122165578177,0,"CH vs. HH","CH"
"LOC111133291",78.5484464991964,-4.18230463514817,0.873121725395191,3.15797945728598e-07,0.000385389840400473,63.2704516064121,19.0498871230088,25.651220179194,55.9812413210831,10.4052851114364,382.443488308395,15.0574520413805,26.8272159414551,49.6460816192685,49.8978726345758,20.1750794080012,13.7921750033578,22.0117411842814,22.3434052187362,5.30301873087858,15.0277039977627,23.6007865217286,9.7671013770538,73.123617031963,11.8723489552496,462.97389117513,14.31814131568,9.53595687222203,628.403859227963,13.3157002951646,24.9756438688807,637.600834868676,13.585109302158,21.3015567958245,42.5461904288586,16.6927731936559,19.2930523856832,11.1416370436554,57.9391327897702,11.0120918998959,9.53104192651007,9.79937060002929,1165.5045949178,1.07815449080074,10.1149925687168,24.5852008453212,16.0391740517499,16.5653508256735,9.29722466789526,26.7261231724531,97.6858548184346,51.4850392195413,15.1193970555397,38.0535690676622,8.17894889603969,85.005980532342,249.419878084394,19.6205001672992,22.184018049683,2.86742003144088,621.294321355127,49.1256455939126,13.1841129852717,15.9558180497894,15.5130373601968,68.7092987102604,81.4140019279906,30.761927822316,28.4800800044011,21.40522087831,24.0115978370002,25.6755415202604,33.1770446401739,6.33410305139686,12.7789983817971,9.58435666288218,14.9194567986569,12.1879469038988,125.888216314207,31.0489846458302,41.7857114432103,45.4496210552568,21.2790577648803,23.9196224770755,29.4720707176607,922.198856147456,17.6155736533765,10.0123424890841,7.36501085246453,17.2802832052351,22.8728725148812,22.2985993818629,9.08641885198728,35.2891866823537,26.5471318160901,49.569941993518,36.4790086542619,18.4339734569084,6.4043975554522,"CH vs. HH","CH"
"LOC111134274",180.708847044941,4.66265815005386,2.67465578436343,3.07999659381809e-05,0.0174185075660634,258.747817017267,1294.38969872655,1.900090383644,0,3.46842837047879,9.29953770962662,7.2013901067472,10.3181599774827,0,979.994218543069,3.02626191120019,0,0,254.714819493593,5.30301873087858,1064.96328997478,31.1101276877331,3.0052619621704,358.570025686855,0.913257611942276,27.7784334705078,19.329490776168,0,137.226746367552,3.32892507379116,20.8130365574006,0,6.27005044714986,4.05743938968086,3.27278387914297,1098.59313580748,1.13488543445195,886.688614724244,440.114566383831,1110.21908336223,73.6489603412142,9.0455728615655,1.0528496792392,16.1723173620111,42.1458023696533,638.190838609795,0,2.92329720453062,2.32430616697382,6.68153079311328,1.86068294892256,2.01902114586436,239.584291803167,1096.35417908454,376.913228292496,2.098913099564,59.3856852581891,23.0829413732932,87.8117381133286,1081.97315853036,6.91424522970729,4.91256455939126,494.84370738053,531.860601659646,1263.34298002103,54.5311894525876,67.6362477555614,38.9047910693997,8.13716571554317,596.427290836546,220.906700100402,0,18.1938631897728,2.11136768379895,3.54972177272141,250.151708901225,6.10341414490508,0.580378423995179,4.4960077255074,6.89977436574005,10.7834094046994,0,38.5049616697834,13.2886791539308,0,94.0009563669617,195.126354314324,7.00863974235885,162.950865110778,2.16003540065439,10.6195479533377,38.403143379875,0,4.64331403715181,66.8987721765471,122.195670960765,0,5.42175689909071,825.099885060758,"CH vs. HH","HH"
"LOC144619219",229.53735464185,-4.80569204092992,2.56201185200508,2.53060397312069e-05,0.0150454139294229,302.187231553013,69.1811690256636,9.50045191822,6.99765516513539,8.09299953111719,1038.06089683707,6.54671827886109,0,2.20649251641193,13.9714043376812,3.02626191120019,12.7312384646379,13.6263159712218,2.23434052187362,11.9317921444768,872.608678803421,282.136675237028,468.820866098582,79.2906690708032,373.522363284391,250.00590123457,2.863628263136,1194.11371055491,384.234889829146,677.991073362132,367.49875978496,1951.88486751392,0,2.02871969484043,0,1080.85706428922,1207.51810225688,0.928469753637951,8.91371273688773,12.0131911635228,530.272514456742,8.2917751231017,413.769923941006,100.268367644469,6.74332837914453,0,1.06927827011666,76.0057273177962,18.5944493357905,6.68153079311328,57.6811714165995,294.777087296197,0,269.460407992635,7.49736982136972,14.692391696948,32.3921919590123,155.809854269729,8.31900676863113,4.77903338573481,9.87749318529613,1.63752151979709,8.78940865684777,1.06372120331929,7.75651868009841,2.18124757810351,61.3736322226391,9.04762583009296,3.05143714332869,351.240215321359,648.313141599005,101.535096011939,2.14045449291445,0,0.709944354544282,2652.94992428579,996.890977001163,7.54491951193732,20.681635537334,10.3496615486101,6.73963087793714,282.674472416841,2.0265769299886,470.419242049151,3.40062354434547,742.112813423382,27.7784046072476,848.045408825421,6.44438449590647,489.248018248219,57.9990695913059,1.23881107677016,774.364806608249,31.5745354526323,24.4233612708029,10.3751041381782,12.1596695514206,162.652706972721,1.06739959257537,"CH vs. HH","CH"
"LOC111134917",44.9975378760686,-18.9394932417046,2.71833816496398,5.02159171759974e-13,1.05850588323623e-09,4.72167549301583,0,283.113467162956,0,1.1561427901596,11.6244221370333,0,71.1953038446308,2.20649251641193,0,0,0,0,2.23434052187362,0,14.0258570645785,0,0,0,0,3.70379112940104,5.01134946048801,2.11910152716045,0,6.65785014758231,1.78397456206291,11.1663894022535,1.04500840785831,0,0,0,1.13488543445195,0,0,0,569.263140519738,0,12.6341961508704,140.160083804096,0,1.02438336855505,0,0,0,0,0,0,26.7497024828779,0,0,5.24728274891,196.512631218008,476.662739358505,0,0,4.93874659264807,0,7.03152692547822,0,0,22.9030995700868,12.5252310658447,0,713.01914582447,0,1.92092782696001,407.307454116859,2.14045449291445,0,0,0,0,0,4.4960077255074,1134.32290572766,0,1.10852734281114,0,1.77182388719077,0,16.82122377093,0,0,35.9044279057646,5.40008850163597,0,1.23881107677016,0,0,0,5.76394674343233,0,0,0,"CH vs. HH","CH"
"LOC111137503",69.8232075152589,4.91769368330432,1.39744851809182,3.31364451963691e-06,0.0026494301888559,0.944335098603166,9.02363074247786,64.603073043896,10.4964827477031,20.8105702228728,5.81221106851664,92.3087277319414,8.25452798198618,17.6519401312955,9.97957452691517,5.04376985200031,57.2905730908707,38.7825916104006,20.1090646968626,15.9090561926357,23.0424794632361,2.14552604742987,143.501258693637,7.92906690708032,87.6727307464585,2.77784334705078,4.29544239470401,46.6202335975299,24.6061752107335,39.9471008854939,0.594658187354303,24.5660566849578,31.3502522357493,20.2871969484043,29.4550549122867,62.5978994762097,5.67442717225976,6.49928827546566,460.170420041829,48.0527646540912,71.9160436273033,33.9208982308706,1.0528496792392,2.15630898160147,21.0729011848267,8.19506694844038,28.8705132931498,45.7983228709797,102.269471346848,5.19674617242144,0,6.05706343759309,22.0975803119426,11.313223236332,19.0842140907593,54.571740588664,0,17.3122060299699,0,7.64645341717569,8.88974386676652,27.8378658365505,5.27364519410866,51.0586177593261,2.9086945050369,328.277760504577,8.7676617460913,2249.23978136111,5.08572857221448,9.72964585377727,23.0511339235202,5.83535034551373,22.4747721756017,30.6148314150848,5.67955483635425,66.1320609738871,31.1952278517371,30.7600564717445,5.39520927060888,3.44988718287002,586.347886380531,777.07766731061,12.1594615799316,21.2618866462893,13.6024941773819,0.989483751231176,8.80778682668826,18.0222164803513,14.7300217049291,104.761716931738,0,2.47762215354032,17.1632356093093,28.7885470303412,0,41.5004165527128,4.42169801869841,5.42175689909071,76.8527706654264,"CH vs. HH","HH"
"LOC111134517",166.189333525542,-6.62182925443339,1.98915607171433,2.38767778725487e-06,0.0021293494174261,14.1650264790475,5.01312819026548,63.653027852074,0.874706895641923,6.93685674095759,11.6244221370333,2.61868731154444,17.5408719617206,1.10324625820597,0.997957452691516,1.00875397040006,1438.62994650409,0,0,6.62877341359823,4.00738773273672,1.07276302371494,29.3013041311614,8.81007434120036,5.47954567165366,0,0,16.9528122172836,16.0886530224027,1449.19204879042,9.51453099766885,4361.59170052023,4.18003363143324,2.02871969484043,6.54556775828594,217.006051517527,2.2697708689039,0.928469753637951,14.4847831974426,4.0043970545076,8.66458356955461,62.5652122924947,6.31709807543521,7.54708143560516,0,3.07315010566514,10.6927827011666,8.76989161359186,72.8282598985129,0,0,9.08559515638963,38.380007910216,10.2847483966655,7.49736982136972,19.939674445858,29.152972763111,8.07902948065263,0,5.73484006288177,0,0,2.63682259705433,0,8.72608351511071,5.45311894525876,5.01009242633788,0.904762583009296,75.2687828687743,1121.82816694052,13.4464947887201,21.0072612438494,4.28090898582889,12.6682061027937,0.709944354544282,5.75061399772931,11.5286711625985,4.64302739196143,6.29441081571036,3.44988718287002,16.1751141070491,189.558175620705,5.06644232497149,2302.48514140441,0,1.97896750246235,7.45274269950545,3409.20261753313,2.7618790696742,2.16003540065439,0,0,55.5281152065889,5.57197684458217,2.12377054528721,3.4583680460594,19.8976410841428,24.9400817358173,236.962709551731,"CH vs. HH","CH"
"LOC144618880",77.7635043799769,-6.86571867537012,2.2128765232496,2.94421147435482e-06,0.00243812255199519,104.821195944951,4.01050255221238,113.055377826818,138.203689511424,11.561427901596,0,15.0574520413805,0,11.0324625820597,123.746724133748,0,93.3624154073448,122.636843740997,310.573332540434,221.401032014181,0,328.26548525677,14.2749943203094,0,107.764398209189,0,0,93.2404671950599,312.309146905464,49.9338761068673,188.506645391314,3.34991682067606,93.0057482993895,0,265.095494210581,6.25978994762097,82.8466367149924,0,6.68528455266579,0,88.378752409457,0,0,210.240125706144,2.5287481421792,0,4.27711308046664,8.76989161359186,164.250969132816,0.742392310345921,8.37307327015154,51.4850392195413,3.48909162820146,195.410219536644,32.0342165094888,8.395652398256,23.7542741032757,87.7151772185142,0,0,147.174648460912,132.639243103564,138.872656778195,0,0.969564835012302,5.45311894525876,5.01009242633788,0,11.1886028588719,78.8101314155959,3.84185565392003,133.045987877713,293.242265529279,175.243517755313,0,230.982995575461,0.678157127211675,10.4468116319132,4.4960077255074,163.524652468039,119.965429627281,6.65116405686685,150.979981284151,156.806414016384,182.500130213207,0,96.2081330299794,34.0419644628859,185.045897668171,76.6812567232307,0,26.0150326121734,42.4032879759406,189.447212715794,339.803287245954,27.6669443684752,192.343863813381,190.845842847993,45.8981824807407,"CH vs. HH","CH"
"LOC111130451",170.682401068099,-6.08213302814563,1.50105509090416,9.29909899677585e-07,0.000937470471470616,579.821750542344,7.01837946637167,90.25429322309,15.7447241215546,20.8105702228728,5.81221106851664,5.23737462308887,68.099855851386,0,32.93259593882,9.07878573360056,762.813371339556,4.1927126065298,17.874724174989,2.65150936543929,9.01662239865762,28.9646016403032,22.539464716278,64.3135426907626,20.0916674627301,5.55568669410156,1.431814131568,43.4415813067893,13.2494789596257,306.261106788786,1.78397456206291,4316.92614291121,14.6301177100163,15.2153977113032,99.2744443340035,141.888572146075,1.13488543445195,3.71387901455181,62.3959891582141,0,93.5775025511898,34.6746959693344,4.21139871695681,8.62523592640589,1.68583209478613,0,24.5934002126832,9.74432401510207,34.0898237822826,5.93913848276736,3.72136589784513,37.3518911984907,15.1193970555397,23.6549213123305,8.17894889603969,15.74184824673,0,6.92488241198797,0,7.64645341717569,0.987749318529613,26.2003443167534,1.75788173136955,17.0195392531087,0,27.2655947262938,18.7878465987671,7.23810066407436,26.4457885755153,484.536363518108,8.64417522132007,0,4.28090898582889,169.965098545816,0,577.936706771796,37.9767991238538,6.96454108794214,3.59680618040592,6.89977436574005,146.92395313903,58.7519491689905,43.5714039947549,5367.74046624445,21.5372824475213,3.9579350049247,21.0031839713335,1434.76867868575,10.1268899221387,42.1206903127606,0,6.19405538385081,22.2112460826356,72.4356989795682,22.2995907255157,13.8334721842376,29.8464616262143,60.7236772698159,109.942158035263,"CH vs. HH","CH"
"LOC111128126",19.6528896714589,-19.3762592799108,3.535386772146,3.53098096769745e-09,5.11705348112505e-06,0,40.1050255221238,45.602169207456,7.87236206077731,11.561427901596,22.0864020603632,4.58270279520276,0,0,0,4.03501588160025,19.0968576969569,81.7578958273311,0,0,0,0,4.5078929432556,0,0,0,0,0,0,613.631855268836,0,0,0,0,36.0006226705727,2.08659664920699,0,0,104.736124658431,0,19.9285422099756,0,0,0,0,0,23.5241219425665,5.84659440906124,0,1.48478462069184,1.86068294892256,0,0,0,0,18.890217896076,0,0,0,0,0,111.351463346202,0,0,0,0,0,0,0,0,0,15.1719108983357,0,124.570693344138,0,17.2518419931879,0,4.64302739196143,0,0,41.7857114432103,6.65116405686685,0,0,0,0,0,0,0,123.1220178373,0,0,0,0,0,267.44712889526,0,0,66.1787747396727,"CH vs. HH","CH"
"LOC144617656",50.761868743831,3.19386333903656,2.62351753977051,9.49590527658952e-05,0.0355131541368195,0,0,0.950045191822,0,10.4052851114364,5.81221106851664,5.23737462308887,20.6363199549655,2.20649251641193,142.707915734887,14.1225555856009,143.226432727177,7.33724706142715,0,17.2348108753554,27.0498671959729,38.6194688537377,84.8986504313138,161.224360443967,53.8821991045943,38.8898068587109,759.577396796825,0,1.89278270851796,0,0.594658187354303,14.5163062229296,1.04500840785831,12.1723181690426,1.09092795971432,1.04329832460349,5.67442717225976,0,8.91371273688773,10.010992636269,66.7172934855705,0,2.1056993584784,35.5790981964243,4.21458023696533,0,4.27711308046664,15.5909184241633,16.2701431688167,4.45435386207552,1.86068294892256,0,18.6084886837411,18.5125471139978,2.7263162986799,7.346195848474,165.200178990963,71.557118257209,0,478.859145250627,16.7917384150034,31.1129088761446,9.66834952253255,0,500.295454866348,3.27187136715526,5.01009242633788,0.904762583009296,2.03429142888579,620.75140547099,93.1649996075607,0,4.28090898582889,32.7261990988838,38.3369951453912,121.721329618604,2.03447138163503,0,0.89920154510148,13.1095712949061,0,24.3876015418451,368.837001257925,0,3.40062354434547,8.90535376108059,3.38761031795702,92.1135508995735,12.8887689918129,1.08001770032719,39.2106385969392,4.95524430708064,52.4993089225932,1.85732561486072,2.12377054528721,63.4034141777556,87.3285358692936,0,4.26959837030146,"CH vs. HH","HH"
"LOC111118623",120.303852096156,2.16649385101498,1.9174765394427,0.000134069887362938,0.0450533112794846,23.6083774650792,48.1260306265486,1035.54925908598,12.2458965389869,32.3719981244687,46.4976885481331,47.791043435686,67.0680398536377,33.097387746179,13.9714043376812,62.5427461648039,374.510598168099,75.4688269175364,4.46868104374725,30.4923577025518,16.0295509309469,31.1101276877331,27.7986731500762,1.76201486824007,154.340536418245,22.2227467764063,11.454513052544,118.669685520985,1125.25932021393,24.4121172078018,16.0557710585662,35.7324460872113,2.09001681571662,36.5169545071277,74.183101260574,59.4680045023992,63.5535843293093,84.4907475810536,18.9416395658864,8.00879410901521,1.73291671391092,39.9512801385809,82.1222749806577,46.3606431044317,24.4445653743989,53.2679351648625,23.5241219425665,76.9801597193064,62.756266508293,41.5739693793715,25.1192198104546,17.1616797398471,13.9563665128058,16.4555974346647,5.45263259735979,139.577721121006,133.887726763917,161.580589613053,80.4170654301009,13.3812934800575,43.460970015303,76.963511430463,63.283742329304,57.4409449792418,19.391296700246,13.087485468621,22.5454159185205,499.428945821131,174.949062884178,2.91889375613318,61.4696904627205,283.598026791968,26.7556811614306,123.515009502239,2736.83548676821,43.1296049829698,10.1723569081751,32.50119174373,32.3712556236533,84.8672246986026,4.04377852676228,546.503980005893,10.132884649943,346.391569945797,15.8695765402788,15.8317400196988,65.7196401683662,260.320904716186,26.6981643401839,20.5203363062167,269.573140353957,39.6419544566452,254.419727855644,39.0038379120752,6.37131163586163,41.5004165527128,5.52712252337301,10.8435137981814,21.3479918515073,"CH vs. HH","HH"
"LOC111120583",345.797903587837,-5.98707032031447,2.41708854516956,8.63264166629415e-06,0.00606560794898068,40.6064092399361,4.01050255221238,169.108044144316,34.9882758256769,86.7107092619699,27.8986131288799,10.4747492461777,63.9725918603929,4.41298503282386,16.9652766957558,12.1050476448007,2714.93660258404,2.0963563032649,0,5.30301873087858,6.01108159910508,0,70.6236561110044,0,18.2651522388455,0,0,86.8831626135785,945.444962904722,1296.06149539602,8.32521462296025,7211.25427597533,12.5401008942997,0,8.72742367771459,219.092648166734,21.5628232545871,14.8555160582072,57.9391327897702,8.00879410901521,8.66458356955461,89.7019308771912,0,21.5630898160147,0,0,41.7018525345497,3.89772960604083,75.1525660654867,11.8782769655347,8.37307327015154,2.01902114586436,48.8472827948204,8.22779871733236,15.6763187174094,8.395652398256,100.415795072938,36.9327061972692,88.7360721987321,7.64645341717569,49.3874659264807,73.6884683908689,54.4943336724562,0,3.87825934004921,0,30.0605545580273,19.9047768262045,130.194651448691,2854.67809349825,66.2720100301205,37.3462422112879,0,174.187833913414,0,7.66748533030575,71.8846554844376,12.1879469038988,0,23.4592328435162,32.3502282140983,524.33343314967,0,10719.5345175042,15.8695765402788,43.5372850541717,48.7815885785811,3096.8175318737,0,25.9204248078526,3.2675532164116,9.91048861416129,119.1330471705,1.85732561486072,6.37131163586163,34.583680460594,9.94882054207142,156.146598693812,290.3326891805,"CH vs. HH","CH"
"LOC111121702",198.015093400509,-3.34353615068465,3.39581560371491,0.000113366879028757,0.0398278458187848,13.2206913804443,2.00525127610619,76.00361534576,2.62412068692577,34.6842837047879,4.64976885481331,2.61868731154444,0,0,1.99591490538303,2.01750794080012,1070.48496756831,0,0,0,4.00738773273672,0,30.8039351122466,3.52402973648014,0.913257611942276,37.0379112940104,2.863628263136,48.7393351246904,51.105133129985,952.072571104271,1.78397456206291,4328.09253231347,0,0,0,132.498887224644,6.80931260671171,0,6.68528455266579,0,8.66458356955461,29.3981118000879,0,25.8757077792177,0,0,17.1084523218665,15.5909184241633,100.719933902199,0.742392310345921,0,2.01902114586436,22.0975803119426,2.05694967933309,2.7263162986799,0,51.8275071344196,25.3912355106225,1.84866817080692,1.91161335429392,0,29.4753873563476,7.910467791163,6.38232721991576,1.9391296700246,0,7.51513863950682,9.04762583009296,42.7201200066016,1097.50405230608,21.1302060965602,0,0,80.2319719843602,0,0.958435666288219,30.5170707245254,1.16075684799036,0,6.89977436574005,21.5668188093988,168.496156107294,0,6216.44410820883,23.8043648104183,29.6845125369353,24.3907942892906,3225.97674998289,0,33.480548710143,8.98577134513189,9.91048861416129,31.2976649346228,0,0,57.6394674343233,63.0091967664524,108.435137981814,121.683553553592,"CH vs. HH","CH"
"LOC111118165",19.6755649254336,-21.8177508543175,2.31929230905276,1.9961887750556e-21,7.71427152120238e-18,2.8330052958095,0,7.600361534576,0,11.561427901596,0,0,0,0,0,0,85.935859636306,2.0963563032649,0,0,0,0,10.5184168675964,0,5.47954567165366,58.3347102880664,0,13.7741599265429,0,32.1796090466478,0,263.526789893183,172.426387296621,0,0,6.25978994762097,0,3.71387901455181,0,18.0197867452842,16.4627087821538,1.50759547692758,0,0,0,0,0,0,232.430616697382,0,0,4.03804229172873,1.16303054273382,2.05694967933309,2.7263162986799,0,0,10.387323617982,0,0,1.97549863705923,3.27504303959417,8.78940865684777,0,0,2.18124757810351,0,0,4.06858285777158,25.2970792198209,3.84185565392003,0,6.42136347874334,27.4477798893864,0,0.958435666288219,10.8505140353868,3.48227054397107,0,0,2.69585235117486,35.4728749699565,2.0265769299886,411.949053771855,11.3354118144849,22.7581262783171,8.13026476309685,245.30239098256,0,0,1.6337766082058,0,12.115225135983,0,0,0,8.84339603739682,8.67481103854514,14.9435942960551,"CH vs. HH","CH"
"LOC111120674",76.9209701359917,-5.70908166650365,1.50641453242116,1.71523230708999e-06,0.00159084366017982,170.924652847173,9.02363074247786,73.153479770294,6.12294826949346,9.24914232127678,3.48732664110998,3.27335913943055,0,1.10324625820597,40.9162555603522,14.1225555856009,342.682502006504,31.4453445489735,60.3271940905878,2.65150936543929,6.01108159910508,13.9459193082942,85.6499659218564,29.0732453259612,64.8412904479016,0.925947782350261,4.29544239470401,69.9303503962949,38.8020455246182,261.875439138238,0,1352.2497566129,29.2602354200327,9.12923862678193,0,47.9917229317608,3.40465630335585,0.928469753637951,5.57107046055483,63.0692536084948,5.19875014173276,24.1215276308413,10.528496792392,15.0941628712103,3.37166418957227,4.09753347422019,1.06927827011666,37.0284312573879,48.8104295064501,1.48478462069184,4.65170737230641,0,120.955176444317,12.3416980759985,0.681579074669974,2.098913099564,56.1464660622879,20.7746472359639,0.924334085403459,1.91161335429392,0,40.9380379949272,0,0,5.81738901007381,9.81561410146577,22.5454159185205,4.52381291504648,138.331817164234,98.2694231231504,7.68371130784006,2.33414013820549,7.49159072520056,47.5057728854765,0.709944354544282,1.91687133257644,73.2409697388609,4.64302739196143,3.59680618040592,7.58975180231405,124.009208154043,65.4031132258574,19.2524808348917,1975.58363421771,41.9410237135941,14.8422562684676,23.0357501621077,1046.28979010929,6.44438449590647,19.4403186058895,3.2675532164116,14.8657329212419,16.153633514644,11.1439536891643,18.0520496349413,26.5141550197887,56.3766497384047,32.5305413945443,11.741395518329,"CH vs. HH","CH"
"LOC111101722",63.8743319631271,-3.23206571005527,2.58128556506948,8.94529524135256e-05,0.0340023870100397,0.944335098603166,30.0787691415929,11.400542301864,151.324292946053,38.1527120752667,151.117487781433,22.9135139760138,120.722471736548,18.7551863895014,58.8794897087995,5.04376985200031,100.788971178384,35.6380571555033,58.0928535687142,5.30301873087858,187.345376505442,34.3284167588779,407.212995874089,0,32.8772740299219,80.5574570644727,0.715907065784001,0,7.57113083407185,17.7542670602195,8.32521462296025,184.245425137183,180.786454559488,0,177.821257433435,11.4762815706384,157.749075388821,194.97864826397,242.898672080191,19.0208860089111,118.704794902898,36.182291446262,200.041439055448,51.7514155584354,16.8583209478613,13.3169837912156,192.470088620999,0,44.9365858948271,0,0,20.1902114586436,11.6303054273382,0,0,48.275001289972,102.575274536872,113.106412729137,9.24334085403459,2.86742003144088,246.937329632403,114.626506385796,4.39470432842389,6.38232721991576,0,238.846609802334,8.7676617460913,0.904762583009296,63.0630342954595,0,14.4069587022001,9.33656055282198,31.0365901472595,203.746981486599,0,2.87530699886466,229.217108997546,134.067415942886,89.0209529650465,2.75990974629602,33.6981543896857,69.8372225971019,80.0497887345496,83.2757226979664,17.0031177217273,109.832696386661,37.9412355611186,4.00493699563363,12.8887689918129,355.325823407647,31.0417555559102,0,4.03840837866101,2.78598842229108,5.30942636321803,6.91673609211879,0,4.33740551927257,8.53919674060293,"CH vs. HH","CH"
"LOC111115962",124.229524045148,-2.18242099351998,1.15228459021755,3.2839482176365e-05,0.017708117981939,435.33848045606,65.1706664734512,14.25067787733,111.962482642166,100.584422743885,102.294914805893,345.012053295979,81.5134638221136,120.25384214445,146.699745545653,57.4989763128036,68.9608750167888,179.238463929149,8.93736208749449,257.196408447611,56.1034282583141,202.752211482123,295.266987783242,382.357226408096,94.9787916419967,206.486355464108,120.272387051712,80.5258580320972,48.265959067208,75.4556350059329,67.7910333583906,379.65723967662,169.291362073046,29.4164355751862,128.72949924629,30.2556514135014,146.400221044302,78.9199290592259,34.5406368554399,60.065955817614,164.627087821538,87.4405376617998,117.919164074791,29.1101712516199,59.8470393649077,95.2676532756195,82.3344267989828,265.045613210776,189.043568247204,276.912331759028,111.640976935354,23.2187431774402,83.738199076835,31.8827200296629,86.5605424830867,184.704352761632,136.047206227851,103.87323617982,2.77300225621038,16.2487135114983,58.2772097932472,129.36420006397,135.356893315456,56.3772237759225,27.1478153803444,138.509221209573,258.019759956401,23.5238271582417,79.3373657265459,105.080175220794,184.409071388161,68.8571340770621,249.362948424533,69.6751335653655,14.1988870908856,185.936519259914,75.275441120496,15.6702174478698,189.731526016412,104.876570359249,82.2234967108331,66.5116405686685,22.2923462298746,96.5644018518972,164.363471310031,179.096558972843,93.4980447756138,206.254255275132,85.6182511599002,183.603009055623,331.656651465777,42.1195766101855,19.1824397986398,65.0063965201253,256.976235979752,340.072857862507,256.458485084508,65.0610827890885,21.3479918515073,"CH vs. HH","CH"
"LOC111111550",233.687150497677,1.49470787675462,0.785684813393516,2.52163873841602e-05,0.0150454139294229,324.851273919489,193.506748144247,176.708405678892,167.069017067607,139.893277609311,87.1831660277496,85.7620094530803,311.608431319978,298.979735973817,173.644596768324,256.223508481616,222.796673131164,84.9024302822284,46.9211509593461,365.908292430622,275.50790662565,19.3097344268688,289.256463858901,274.874319445451,252.97235850801,184.263608687702,363.680789418273,111.252830175924,123.030876053667,159.788403541975,119.526295658215,88.2144762778028,215.271732018812,226.202245974708,86.1833088174316,395.410065024725,138.456023003138,167.124555654831,127.02040650065,201.220951989007,166.360004535448,108.546874338786,112.654915678595,371.963299326254,71.6478640284107,393.363213525138,235.241219425665,270.892207619838,79.0264096771097,172.235016000254,137.69053822027,416.927866620991,344.257040649211,119.303081401319,183.344771086223,154.270112817954,163.040699527028,155.809854269729,329.062934403631,467.389465124864,279.533057143881,42.5755595147242,80.8625596429995,156.367016887936,744.625793289448,426.433901519235,239.231913357634,483.143219326964,314.298025762855,448.536673859132,365.936751035883,151.719108983357,177.657722911899,125.626377186038,274.748465208637,346.953711196335,136.987739696758,91.1194125672431,151.065859577049,352.578470089317,187.361738406652,113.069788966736,403.288809067731,276.404526401761,151.894518314097,297.834609120584,243.230420829314,196.241912786048,331.425488360904,344.525646404375,320.220215208337,381.55381164521,317.015057724889,293.457447147994,244.233612708029,177.529559697716,434.431830337119,337.233279123442,318.085078587459,"CH vs. HH","HH"
"LOC111113984",22.5766980130224,-3.78371841308966,1.86822084107687,2.75097012360223e-05,0.0159466860639912,17.9423668734602,8.02100510442476,1.900090383644,62.9788964862185,1.1561427901596,106.944683660706,39.2803096731665,0,2.20649251641193,12.9734468849897,59.5164842536037,4.24374615487931,18.8672067293841,4.46868104374725,407.006687594931,2.00369386636836,17.164208379439,9.0157858865112,9.6910817753204,1.82651522388455,5.55568669410156,2.147721197352,3.17865229074068,17.9814357309206,3.32892507379116,14.8664546838576,90.4477541582536,17.7651429335913,7.1005189319415,3.27278387914297,21.9092648166734,7.94419804116366,1.8569395072759,6.68528455266579,7.00769484538831,9.53104192651007,23.3677298923775,213.728484885558,2.15630898160147,0.842916047393067,11.2682170541055,14.9698957816332,9.74432401510207,1.54953744464921,8.90870772415105,3.72136589784513,12.1141268751862,6.97818325640292,10.2847483966655,3.40789537334987,6.296739298692,5.39869865983538,1.15414706866466,9.24334085403459,1.91161335429392,7.90199454823691,0,10.5472903882173,0,3.87825934004921,8.72499031241402,18.7878465987671,1.80952516601859,5.08572857221448,4.86482292688863,2.88139174044002,10.5036306219247,4.28090898582889,51.7285082530744,2.12983306363284,2.87530699886466,4.06894276327005,4.06264896796625,5.39520927060888,0.689977436574005,5.39170470234971,1.10852734281114,3.0398653949829,18.6041508155031,2.26708236289698,96.9694076206552,4.74265444513983,375.462843340653,9.20626356558067,3.24005310098158,2.4506649123087,8.67167753739113,17.1632356093093,3.71465122972145,15.9282790896541,6.91673609211879,2.21084900934921,36.8679469138168,3.2021987777261,"CH vs. HH","CH"
"LOC144621788",15.1352323010887,-20.3316432848638,2.49507409258302,1.08623150643226e-16,3.1483062424556e-13,1.88867019720633,0,0,6.99765516513539,1.1561427901596,0,0,0,8.82597006564773,18.9611916011388,15.1313095560009,10.6093653871983,14.6744941228543,0,0,0,41.8377579248825,39.0684055082152,17.6201486824007,0,0,0.715907065784001,0,788.343998097731,1.10964169126372,24.3809856815264,0,0,14.201037863883,14.1820634762862,0,0,0,0,0,12.1304169973765,18.091145723131,0,23.7193987976162,10.1149925687168,0,0,0,13.1710682795183,20.7869846896858,9.30341474461282,0,11.6303054273382,6.17084903799927,0,0,6.47843839180245,9.23317654931729,0.924334085403459,0,0,0,0,0,0,0,8.7676617460913,0,0,0,0,30.3438217966714,12.8427269574867,28.5034637312859,0,41.2127336503934,20.3447138163503,0,0,0,0,0,0,0,7.93478827013942,0,0,25.0308562227102,0,35.6405841107974,8.16888304102899,6.19405538385081,0,0,0,0,25.4247636075159,10.8435137981814,0,"CH vs. HH","CH"
