"Gene","baseMean","log2FoldChange","lfcSE","pvalue","padj","B1_B1_O01","B1_W5_O50","B2_B5_O51","B2_C4_O40","B3_B4_O41","B3_C3_O30","B3_C6_O66","B3_H4_O41","B3_W1_O06","B3_W4_O41","B4_B2_O19","B4_B3_O32","B4_C5_O56","B4_H1_O07","B4_H5_O55","B4_W2_O19","B4_W6_O67","B5_B6_O69","B5_H2_O21","B5_W3_O33","B6_C2_O24","B6_H3_O35","B6_H6_O72","C_W5_W52","C1_C4_W37","C1_H2_W13","C1_H6_W62","C2_B2_W16","C2_C1_W03","C2_H1_W04","C2_W2_W15","C3_B3_W30","C3_C2_W17","C3_W3_W29","C4_B1_W07","C4_B5_W56","C4_C6_W67","C4_H5_W56","C5_B4_W46","C5_C3_W33","C5_W1_W09","C5_W4_W45","C6_B6_W71","C6_C5_W59","C6_H3_W36","C6_H4_W48","C6_W6_W72","H1_B2_B13","H1_B6_B61","H1_C6_B62","H1_W4_B38","H1_W5_B49","H2_B5_B51","H2_C1_B04","H2_H1_B03","H2_W2_B16","H3_B4_B41","H3_C5_B54","H3_H4_B41","H3_H6_B66","H3_W3_B30","H3_W6_B66","H4_H2_B19","H4_W1_B07","H5_B1_B09","H5_B3_B34","H5_C2_B22","H5_C4_B46","H6_C3_B36","H6_H3_B35","W1_C1_G02","W1_C6_G61","W1_H5_G49","W1_W1_G01","W1_W6_G62","W2_B2_G04","W2_B6_G64","W2_C2_G15","W3_B5_G54","W3_C3_G29","W3_H2_G18","W3_H3_G30","W4_C5_G55","W4_H1_G08","W4_W5_G56","W5_B2_G21","W5_C4_G45","W5_H4_G46","W5_W2_G22","W6_B3_G35","W6_B4_G48","W6_H6_G71","W6_W3_G36","W6_W4_G48","pair","DEG_group"
"LOC111117765",942.736007125617,-1.51726834363787,0.733289873165089,1.86834496084983e-05,0.0100747243272616,1023.65924688583,720.887833760176,989.947089878524,147.825465363485,845.140379606666,412.666985864681,305.077071794927,800.68921425266,1484.96946354523,932.092260813876,834.239533520852,1640.20788886085,323.887048854427,3277.7775455886,1167.98987547601,551.015813251299,981.578166699166,1483.09677833109,729.47415545139,3274.02853881306,417.602449839968,1521.302514791,1150.67212924813,598.119335891676,309.590031862577,651.745373340317,577.302332096507,715.830759382942,529.495840353352,388.370353658299,488.263615914436,961.247962980803,252.543772989523,1354.88433600693,1341.47301326005,1062.27794562739,542.73437169393,915.979220938105,3136.35141373934,244.445653743989,435.362931635895,482.244499822613,1524.98670836347,311.457026374491,1351.15400482958,1121.06147672584,1863.55651763281,1845.72947131857,1675.3855138168,1137.55547562419,575.102189280536,783.891045408097,1211.85442209789,479.729390324395,634.655633625582,494.862408583336,1349.3177323128,520.332992485388,1846.62000896229,634.095402098045,2622.95021266946,499.756719527204,809.76251179332,773.030742976601,1661.82351182516,689.613089878645,337.283249970694,394.913853942715,277.644850419562,1664.1095670518,168.684677266726,495.732859991735,418.452843700524,547.613740966802,743.105699190203,1707.82246446927,1436.65143628324,189.484942953934,1732.84376167258,537.298520006584,1124.05354139862,991.214779034225,618.762765825396,1162.75108833284,1365.14237321357,942.689102934746,351.822345802726,780.422419176241,620.346755363481,614.831572860647,1449.05621129889,604.667204057008,374.101226037259,543.306392620861,"BB vs. BC","BB"
"LOC111105325",548.765198701096,-1.66745040079947,0.954974587341278,3.92932923594667e-05,0.0165653376352537,886.730657588373,384.005619374336,1708.18125489596,330.639206552647,401.181548185381,184.828311978829,130.279693749336,671.712214534126,625.540628402783,520.933790304972,456.965548591228,710.827480942284,148.841297531808,348.557121412285,119.317921444768,362.668589812673,1000.88790112603,1634.8625074207,355.927003384495,240.186751940819,289.821655875632,1405.32557013399,343.294447399993,574.459552035201,193.077654279887,174.234848894811,352.857905111211,284.24228693746,378.35622308774,283.641269525724,536.255338846196,490.270507683243,308.2519582078,430.086639554833,584.64196995811,340.518134283496,260.060219770008,394.818629714701,451.746731645509,291.648952398001,1048.96856940037,119.759166253066,341.051340528572,258.772753256418,967.337180380734,837.307327015154,149.407564793963,698.981356183026,172.78377306398,552.079050482679,271.809246393538,495.600536972888,275.841149410854,329.062934403631,1682.21975177865,328.920523070361,407.742858429474,355.971050602335,650.997376431407,88.2303999861194,763.436652336227,418.342717599213,431.571752095434,1381.28388021345,144.971723221281,666.561955955125,1421.49134416715,280.399538571792,631.298937455887,730.532740826066,2386.50480905766,801.5817243642,384.210516684808,486.468035899901,640.299061140677,262.845604239548,971.06995230256,1911.06204497925,418.150437377023,783.276956380906,397.772467994933,255.425817973959,467.576394240226,153.744601545197,1272.26085098543,72.703059065158,455.882476251419,532.060303888588,391.895704735612,369.536074879975,313.558702842719,467.594565477357,581.212339582524,313.815480217158,"BB vs. BC","BB"
"LOC111105349",114.400299241261,-1.50503100951231,0.796588086371469,2.59839971403115e-05,0.0130976291672261,303.131566651616,53.1391588168141,95.0045191822,28.8653275561835,121.394992966758,67.421648394793,66.121854616497,104.213415772576,28.6844027133551,61.873362066874,274.381079948817,126.251448107659,48.2161949750927,384.306569762263,64.9619794532626,76.1403669219977,60.0747293280364,109.69206161922,316.281668849093,214.615538806435,23.1486945587565,189.71537243276,109.133728648763,115.459745219596,87.6616936098338,97.5239427261058,99.3808656800564,135.85109302158,181.570412688218,166.911977836292,90.766954240504,125.972283224167,64.9928827546566,47.9112059607715,72.0791469811369,120.437711616809,55.7810326463206,55.8010329996777,197.302271816535,44.6745505118325,54.2923185334175,64.1566962069996,127.650644597837,56.5581167296962,124.721908138115,107.919611037509,101.96056786615,112.81396264518,85.3634116923232,20.4473722400992,87.104893631906,95.0170964131026,65.7863829138857,67.4763882344525,92.7132476832552,66.1792043414841,145.739415261941,24.6103442391738,102.117235518652,60.1130197707627,145.052963943883,37.5756931975341,66.0476685596786,65.0973257243453,215.025173368478,62.4301543762005,105.036306219247,111.303633631551,66.508082039667,254.870023281397,52.713961645852,53.5744130497224,77.770708815354,49.4560849805814,144.205284243967,218.364040445163,141.891499879826,68.9036156196123,327.787419130293,69.1460120683578,114.780115142816,195.126354314324,146.180200340627,231.997841852633,66.961097420286,138.05412339339,65.6569870688185,99.95060737186,122.583490580808,92.3840187199936,380.420485066534,221.084900934921,117.109949020359,78.9875698505771,"BB vs. BC","BB"
"LOC111103087",114.894328839978,-6.48599190571843,4.53555422220016,2.80512478051983e-05,0.0132739649563088,864.066615221897,0,787.587464020438,0,0,0,1.30934365577222,0,0,0,477.14062799923,8.48749230975862,0,13.4060431312417,0,112.206856516628,0,651.390530300434,3.52402973648014,481.286761493579,0,0.715907065784001,919.690062787636,177.921574600688,4.43856676505487,4.75726549883443,0,2.09001681571662,2.02871969484043,0,8.34638659682796,408.558756402702,1.8569395072759,11.1421409211097,279.306694551905,0,0,0,2.15630898160147,0,4.09753347422019,2.13855654023332,0,584.950385355077,1.48478462069184,0,0,540.809202371226,85.3634116923232,0,0,0,0,1.84866817080692,3.82322670858784,0,0,0,0,0,37.0812088277596,2.50504621316894,38.0000284863904,136.297525735348,5.83778751226636,0,0,283.610220311164,122.459325660339,5.67955483635425,0,361.457748803823,352.289703365074,4.4960077255074,0,625.437745472566,155.19382799356,0,1521.11080715328,196.102624390588,2.96845125369353,0,108.133298882108,0,195.483203759222,0,2.47762215354032,110.046628318513,51.0764544086699,2.12377054528721,13.8334721842376,0,18.4339734569084,0,"BB vs. BC","BB"
"LOC144622389",52.4159233813578,-4.07138277501102,3.59414040026164,8.7186161803086e-05,0.0279114251303427,0,162.425353364601,22.801084603728,0,169.952990153461,0,0,4.12726399099309,141.215521050364,42.9121704657352,0,8.48749230975862,0,0,178.976882167152,65.1200506569717,48.2743360671721,88.6552278840268,0,56.6219719404211,0,0,19.0719137444441,135.333963659034,0,1.78397456206291,0,245.576975846703,63.9046703874735,1.09092795971432,134.585483873851,40.8558756402702,3.71387901455181,119.220907855873,36.0395734905684,45.055834561684,0,85.2808240183753,40.969870650428,53.9466270331563,96.2920366441745,0,0,58.88242289667,54.9370309655981,249.331515155624,5.04755286466091,138.400634585325,0,8.86052797070966,159.517395566864,0,0,71.1737245760663,0,60.2527084303064,57.313253192898,38.6733980901302,59.5683873858804,0,0,0,43.4286039844462,231.90922289298,0,39.3790204526803,64.1888538006511,0,67.5637658815665,0,225.232381577731,48.1491560320289,69.6454108794214,51.2544880707844,113.156299598137,26.9585235117486,75.3798593111576,0,163.893709565147,119.021824052091,0,69.7847725499146,0,0,36.7206018111246,0,0,283.698188600936,0,0,0,0,46.6271093321801,76.8527706654264,"BB vs. BC","BB"
"LOC111104211",479.409154643252,2.3784733745725,0.85723591562188,1.10759369713324e-05,0.00755346325159662,39.662074141333,931.439217751326,191.909128748044,165.319603276324,158.391562251865,909.029811116002,1470.3929254322,1373.34709300295,254.849885645578,395.191151265841,117.015460566407,71.0827480942284,529.329966574387,69.2645561780823,189.582919628909,566.043517249062,55.7836772331766,333.584077800914,728.59314801727,510.511005075732,1625.96430580706,214.056212669416,317.865229074068,111.67417980256,1135.16345016278,897.933862904998,999.391851501691,426.36343040619,930.167980084337,126.547643326862,160.667941988938,431.256465091741,100.274733392899,369.919078580841,242.26602179771,217.481047595821,287.196938354705,1120.23205871051,197.302271816535,374.254725042522,190.535306551239,140.075453385282,463.829823118859,213.836167361591,116.55559272431,1153.62342833199,367.461848547314,493.124950119139,132.673254316984,316.934269721538,564.607623782716,211.628987465547,248.141619762902,359.565959221946,119.47583464337,787.236206868102,186.677453256868,391.128685229726,175.513998547683,282.14336698858,1128.79562166856,761.534048803358,218.95254508825,959.168408719651,165.403979514214,204.578813571242,357.123441145441,745.948390780684,183.688988490509,197.36453056331,67.0904966401753,265.159436739765,255.366506557879,879.419111109248,714.126646854095,854.585195322429,833.612561793979,29.3853654848347,771.629302871582,316.257989624128,939.020079918386,300.142274170992,377.46531183847,810.151193771099,716.051735316929,1322.54216434259,92.9108307577621,262.496544612966,946.307400771538,1077.81355173326,531.435889744461,1312.13888704875,49.8801634716345,155.840340516003,"BB vs. BC","BC"
"LOC144619712",77.7994855497043,-23.003107496052,2.38362167105562,1.17141650465241e-22,1.28976097942575e-18,0,201.527753248672,0,0,320.251552874209,0,0,0,268.08884074405,0.997957452691516,3.02626191120019,48.8030807811121,0,0,68.9392435014216,167.308437841758,0,235.161748539834,0,0.913257611942276,0,98.7951750781921,0,0,0,9.51453099766885,0,154.66124436303,0,0,57.3814078531922,215.628232545871,0,368.80486448873,260.285808542994,0,0,172.667347395229,0,159.31113295729,132.145454543601,3.20783481034998,36.0539988558777,0,230.884008517581,0,16.1521691669149,188.410947922879,155.299700789648,0,119.638046675148,0,0,106.298419821398,78.3761475260508,645.000304999837,194.865060855853,181.940759196749,104.244677925291,46.5391120805905,145.052963943883,3.75756931975341,230.71445866737,0,152.755439904303,407.236699315523,0,11.7724997110295,174.187833913414,0.709944354544282,0,177.677167329459,326.17267428529,0,1.37995487314801,0,0,96.2624041744584,0,0,1.97896750246235,0,0,0,307.80504459325,0,0,64.6145340585762,141.156746729415,0,0,18.7922165794682,0,0,"BB vs. BC","BB"
"LOC144623030",584.627644889003,-5.84900625365928,2.49753296859711,1.23780223309578e-05,0.00793731705456496,8.4990158874285,1553.06711334424,0,1.74941379128385,1942.31988746812,1.16244221370333,5.89204645097498,2160.62269928488,1931.78419811865,15.9673192430643,3.02626191120019,11.6703019259181,5.24089075816225,0,54.3559419915055,1572.89968509916,2.14552604742987,1534.18623168799,10.5720892094404,5.47954567165366,0.925947782350261,4.29544239470401,170.587672936416,30.2845233362874,814.477001387569,10.1091891850232,2.2332778804507,1960.43577314219,1.01435984742021,42.5461904288586,6.25978994762097,2345.80819301218,6.49928827546566,1772.71462054855,1877.06111930044,7.79812521259915,4.52278643078275,2187.82163345906,11.8596993988081,3600.09443841579,1569.35532062633,6.41566962069995,104.264266961592,7.74768722324605,1757.98499089914,1225.25972186551,26.2472748962367,1778.27369984001,4.11389935866618,47.0289561522282,1224.71579359559,1.07973973196708,4.61658827465864,1432.71783237536,148.150034957779,1188.26243019112,1308.37969431787,1240.18556148122,1.06372120331929,2.9086945050369,14.1781092576728,10.0201848526758,1829.4299428448,5.08572857221448,1.94592917075545,1984.3184452497,1.16707006910275,1452.29837344245,1038.79290042909,1586.01568805193,3.83374266515287,1313.59035540902,1066.15516487914,7.19361236081184,1450.33257167856,0,16.6279101421671,18.2391923698974,0.885911943595387,0,2.96845125369353,14.2279633354195,915.128103502284,3.68250542623227,896.414691271571,0.816888304102899,1.23881107677016,29.2784607452923,1416.2107813313,8.49508218114884,0,1102.10823116058,5.42175689909071,2.13479918515073,"BB vs. BC","BB"
"LOC144623854",178.665868844794,-6.74327345880613,1.37492462759634,4.40751061991753e-08,5.37878677600146e-05,545.82568699263,6.01575382831857,1305.36209356343,3.49882758256769,2.3122855803192,0,9.16540559040553,56.749879876155,12.1357088402656,12.9734468849897,214.864595695213,63.6561923231896,0,172.044220184269,5.30301873087858,266.491284226992,13.9459193082942,680.691834431595,17.6201486824007,1708.704991944,0,7.15907065784001,727.911374579615,604.744075371489,65.4688597845594,13.677138309149,42.4322797285634,0,60.8615908452129,2.18185591942865,220.135946491337,166.828158864437,3.71387901455181,8.91371273688773,226.24843357968,71.9160436273033,7.53797738463791,2.1056993584784,34.5009437056236,38.7741381800811,8.19506694844038,19.2470088620999,31.1818368483266,680.246938201003,7.42392310345921,5.58204884676769,60.5706343759309,590.81951570878,335.282797731294,12.9500024187295,35.681522692588,18.3555754434403,6.92488241198797,9.24334085403459,7.64645341717569,38.5222234226549,0,1.75788173136955,21.2744240663859,24.2391208753075,297.740294411128,0,165.571552690701,264.457885755153,70.0534501471963,6.72324739436005,7.00242041461648,466.619079455349,31.6705152569843,39.0469394999355,81.4670316344986,128.171697043007,100.405467351166,8.09281390591332,8.96970667546206,18.870966458224,314.821765358364,1.0132884649943,4524.35229594164,69.1460120683578,42.5478013029406,6.77522063591404,104.128361886474,15.6506480614871,181.442973654969,4.9013298246174,80.5227199900605,135.286680685144,128.15546742539,4.24754109057442,87.6119905001714,16.581367570119,56.3862717505434,8.53919674060293,"BB vs. BC","BB"
"LOC111104577",130.255352145794,2.54471938877593,2.656935448358,0.000219862790219119,0.0456004184481469,8.4990158874285,6.01575382831857,11.400542301864,4.37353447820962,0,2.32488442740666,2552.56545692794,40.2408239121826,0,4.98978726345758,11.0962936744007,16.9749846195172,3.14453445489735,13.4060431312417,0,5.0092346659209,9.65486721343441,15.7776253013946,14.0961189459206,6.39280328359593,226.857206675814,1.431814131568,13.7741599265429,10.4103048968488,57.7013679457134,12.4878219344404,33.4991682067606,0,4.05743938968086,3.27278387914297,10.4329832460349,1.13488543445195,66.8498222619325,0,3.0032977908807,1.73291671391092,4.52278643078275,3.1585490377176,10.7815449080074,20.2299851374336,4276.80056371733,14.9698957816332,164.679075855225,3.87384361162303,0,6.51239032122897,12.1141268751862,4.65212217093528,6.17084903799927,3.40789537334987,4.197826199128,0,43.8575886092571,6.47033859782421,0.955806677146961,26.6692316002996,0,0,34.0390785062174,12.6043428551599,2.18124757810351,7.51513863950682,0,5.08572857221448,3.89185834151091,0,0,4.28090898582889,0,14.9088314454299,1.91687133257644,14.2412996714452,5.22340581595661,196.025936832123,0,13.4792617558743,100.875988195814,4.0531538599772,5.31547166157232,1.13354118144849,60.3585088251017,4.06513238154843,523.645512179097,5.5237581393484,6.48010620196316,3354.1433766465,0,8.07681675732202,0,12.7426232717233,11.5278934868647,0,17.3496220770903,26.6849898143842,"BB vs. BC","BC"
"LOC144625494",1635.3795443789,-26.560445289381,3.1366186974598,3.55508164545426e-18,8.24316781131479e-15,0,354.929475870796,0,0,373.43412122155,0,0,0,1423.1876730857,7009.65314770521,0,11422.0427758577,0,0,0,750.383352954951,16560.2427970875,395.191948025407,0,0,0,1526.31386425149,3931.99288364622,5436.07193886359,0,7426.6861018679,0,370.9779847897,10802.9323750253,0,3856.03060773452,256.484108186141,0,910.312913254659,1845.02594286438,3.46583342782184,0,692.775088939395,0,109.579086161099,293.998026775299,5761.27131938856,0,0,365.999409000539,0,12953.0301612928,817.610471541875,0,2555.9215300124,202.545114107926,0,0,206.126501044971,976.834424044194,358.55300262625,5233.51877727149,269.834845765227,0,5348.11962992786,5212.09108787833,0,427.047939180388,0,747.236801570094,749.161852514406,0,0,4628.11796288731,0,0,313.308592771794,243.758938077975,0,2102.36124924099,0,0,0,0,0,0,0,0,0,374.766142013536,0,0,0,1975.26579140438,0,8433.80687499018,0,13854.7575799364,3862.91912553025,"BB vs. BC","BB"
"LOC144625612",58.9759908067138,-2.98120089741454,1.70828147160353,5.54544708696585e-05,0.0196120892734761,76.4911429868564,4.01050255221238,242.26152391461,17.4941379128385,52.0264255571819,12.7868643507366,5.23737462308887,33.0181119279447,5.51623129102983,7.98365962153213,9.07878573360056,593.063525144383,3.14453445489735,35.749448349978,17.2348108753554,104.192081051155,19.3097344268688,50.3381378663542,7.92906690708032,150.687505970476,14.8151645176042,41.5226098154721,15.8932614537034,11.3566962511078,7.76749183884603,18.4344038079834,16.7495841033803,18.8101513414496,15.2153977113032,24.0004151137151,26.0824581150874,69.228011501569,76.134519798312,6.68528455266579,35.0384742269415,6.93166685564369,33.9208982308706,5.26424839619601,113.206221534077,7.5862444265376,103.46272022406,5.3463913505833,4.87216200755104,109.242389847769,56.42181558629,30.7012686572223,7.06657401052527,8.14121379913674,57.5945910213265,16.3578977920794,9.445108948038,3.23921919590123,131.572765827771,133.104108298098,13.3812934800575,19.7549863705923,8.18760759898543,7.03152692547822,0,1.9391296700246,183.224796560694,26.3029852382739,5.42857549805577,863.556711562019,62.2697334641745,90.2836078671207,176.227580434515,48.160226090575,15.8352576284922,22.0082749908727,119.804458286027,10.1723569081751,95.1820615352093,20.681635537334,36.5688041384223,136.14054373433,473.341175380358,57.757442504675,23.0337105334801,10.2018706330364,6.92638625861823,8.80778682668826,44.0543069519699,27.618790696742,82.0813452248667,17.1546543861609,16.1045439980121,72.6913508158982,13.0012793040251,11.6807379990797,3.4583680460594,8.84339603739682,4.33740551927257,11.741395518329,"BB vs. BC","BB"
"LOC144625661",101.808041714993,-21.8599272402694,3.36048151565498,1.77730075720987e-11,2.4241336857309e-08,57.6044410147931,251.659035151327,0,0,0,0,0,0,0,1.99591490538303,0,0,0,2106.98311212683,0,0,0,241.923587954717,0,0,0,71.5907065784001,0,0,2.21928338252744,363.930810660834,107.197338261634,0,99.407265047181,0,0,0,0,0,104.114323417198,0,370.114689585722,0,0,0,0,4.27711308046664,0,520.644581402135,0,80.9397082781315,272.567854691689,0,69.9362890973251,243.323729657181,0,453.490687426172,0,0,86.9784076203735,18.7672370520627,0,0,0,0,154.868578045349,765.291618123112,0,174.949062884178,134.269112782126,222.827627927362,0,0,0,0,42.1711693166816,0,4.64302739196143,78.2305344238288,231.832418688866,2.69585235117486,83.1395507108356,0,0,0,426.467496780637,0,0,86.5388775164583,367.206018111246,0,626.838404845701,278.65017812761,0,0,359.670276790177,0,0,0,"BB vs. BC","BB"
"LOC111099841",640.889469711164,-3.32357243273825,2.96837547207583,0.000127178446546741,0.0346927840009329,304.075901750219,20.0525127610619,4082.34418925913,13.9953103302708,109.833565065162,0,1.30934365577222,0,182.035632603984,24.9489363172879,251.179738629616,5.30468269359914,18.8672067293841,0,0,113.208703449812,0,347.859072121224,0,1480.39058895843,11.1113733882031,0.715907065784001,14259.4341762627,4041.09108268585,76.5652766971966,12.4878219344404,58.0652248917183,66.8805381029318,5.07179923710107,3.27278387914297,1181.01370345116,826.19659628102,0,60.1675609739922,1007.10585920866,3.46583342782184,40.7050778770447,87.3865233768537,3.23446347240221,150.039056435966,170.047639180138,2.13855654023332,49.6960524770206,1175.32415176643,157.387169793335,4.65170737230641,43.4089546360838,804.817135571803,106.961383325321,2.7263162986799,82.907067432778,0,50.7824710212451,238.478194034092,17.2045201886453,73.0934495711914,101.526334227419,108.988667344912,2.12744240663859,1.9391296700246,1062.26757053641,0,513.000384566271,267.509322898482,4.86482292688863,110.453350050201,36.1791721421852,4593.4153417944,92.900178087154,4.25966612726569,2.87530699886466,588.640386419734,215.320395302211,2.69760463530444,8.27972923888806,6203.15626005334,155.19382799356,14.1860385099202,8862.66308372826,1177.74928752498,269.13958033488,32.5210590523874,6.00740549345044,101.268899221387,680.411151206132,4.9013298246174,6.19405538385081,894.507455873414,987.168564298474,4.24754109057442,27.6669443684752,138.178063084325,1070.25481188051,61.9091763693712,"BB vs. BC","BB"
"LOC144627174",80.4944633128102,-2.82847127051115,3.01271175364529,0.000193701903042389,0.0423713776023007,2.8330052958095,2.00525127610619,7.600361534576,1.74941379128385,499.453685348946,2.32488442740666,3.92803096731665,0,248.230408096342,177.63642657909,4.03501588160025,126.251448107659,0,234.60575479673,10.6060374617572,141.260417578969,1.07276302371494,350.864334083394,3.52402973648014,27.3977283582683,0,4.29544239470401,1.05955076358023,0,2.21928338252744,0,1.11663894022535,412.778321104032,2.02871969484043,10.9092795971432,6.25978994762097,192.930523856832,0,583.848184266146,191.209959352738,0,6.78417964617412,134.764758942618,49.5951065768339,131.494903393318,55.3167019019726,201.024314781932,16.5653508256735,2.32430616697382,230.884008517581,0,2.01902114586436,436.136453525182,0,1.36315814933995,248.721202298334,0,4.61658827465864,75.7953950030836,1.91161335429392,210.390604846808,846.598625735093,137.99371591251,0,2.9086945050369,0,254.262190636648,0.904762583009296,9.15431142998606,0,262.206648380042,10.5036306219247,3.21068173937167,234.361812901684,2.12983306363284,0,147.160096604934,199.069799430346,0,13.7995487314801,12.1313355802868,0,0,3.54364777438155,0,0,182.930957169679,4.00493699563363,0,0,0,111.492996909314,1.00960209466525,6.50063965201253,1.06188527264361,6.91673609211879,4.42169801869841,44.4584065725438,0,"BB vs. BC","BB"
"LOC111100512",1209.52857600135,-1.82981487706437,1.13878802788954,5.6972090502761e-05,0.0196120892734761,1891.50320250214,337.884840023893,2530.92039101381,315.769189326734,2209.38887199499,388.255699376911,489.69452725881,1069.99318966496,1729.89013286696,102.789617627226,1208.48725653927,2922.88016417312,642.533206950692,1937.17323246443,1271.39874072814,493.910538059801,1110.30972954496,3051.84352258404,995.538400555641,1505.04854448087,229.635050022865,722.350229376057,589.110224550606,410.733847748398,796.72273432735,1401.01468940674,1151.25474737234,1143.23919819699,81.1487877936172,1878.57794662807,885.760277588367,1074.736506426,767.844486258586,1165.46794034807,2235.45465567887,1246.83357565891,976.921869049074,948.617560994521,1989.19503552736,611.957050407367,517.313601120299,705.723658276995,1096.23645169898,528.392268625381,2349.67166224484,595.41854365522,1398.17214351107,3132.04125158218,724.046287125248,1763.92664524589,784.993499236936,91.7778772172014,1345.73548206299,476.032053982781,348.869437158641,632.159563858953,6730.21344636602,737.431386309528,1238.17148066366,290.86945050369,4122.55792261562,164.080526962566,1182.52469599315,252.252137181838,713.183041081874,1964.14870306662,487.835288884948,1006.01361166979,516.229398688844,1023.73975925285,127.471943616333,1841.87475750691,582.699937691159,946.859226991859,1553.82918716466,2129.72335742814,4591.52025392375,133.754077379247,4104.43003467743,154.161600676994,838.092737292806,2810.36151977715,638.787450803564,1309.13067902557,1973.19233849778,499.935642110974,128.836351984097,1121.6679271731,741.072920329428,664.740180674897,927.995425692605,1490.11223230136,386.029091215259,567.856583250095,"BB vs. BC","BB"
"LOC111099828",63.1784704733403,-6.02067731025131,3.82505271065535,2.69859093099365e-05,0.0132739649563088,241.74978524241,0,173.858270103426,0,2.3122855803192,1.16244221370333,0,0,0,11.9754894322982,179.558206731211,5.30468269359914,0,0,7.95452809631787,120.221631982102,0,256.198582275026,0,339.731831642527,0,2.147721197352,524.477627972212,274.453492735104,9.98677522137347,0,4.46655576090141,3.13502522357493,0,1.09092795971432,10.4329832460349,232.65151406265,6.49928827546566,0,227.249532843306,0,9.79937060002929,3.1585490377176,0,5.0574962843584,0,0,0,390.483436051601,1.48478462069184,3.72136589784513,2.01902114586436,179.106703581008,99.7620594476549,1.36315814933995,0,0,0,5.54600451242075,1.91161335429392,0,0,0,23.4018664730244,0,222.487252966557,0,67.8571937256972,209.532017175237,7.78371668302181,5.76278348088004,0,120.935678849666,28.5034637312859,12.7789983817971,0,182.424267219941,26.6974075037782,1.79840309020296,0,351.808731828319,123.046535052037,0,599.762385814077,166.630553672928,1.97896750246235,9.48530889027966,47.0580096986951,0,138.242265641881,0,2.47762215354032,178.69957075575,43.647151949227,0,0,5.52712252337301,8.67481103854514,11.741395518329,"BB vs. BC","BB"
"LOC111124501",156.482302475821,-4.8181682758053,1.2262298146343,2.08609669952438e-06,0.00210305757269007,87.8231641700944,120.315076566371,868.341305325308,10.4964827477031,33.5281409146283,0,3.92803096731665,28.8908479369516,49.6460816192685,39.9182981076607,331.880056261621,525.163586666314,18.8672067293841,31.2807673062307,11.9317921444768,36.0664895946305,30.0373646640182,379.414322724013,0.881007434120036,143.381445074937,12.9632689529036,2.863628263136,42.382030543209,646.385294958884,287.397198037303,30.9222257424238,1583.39401723955,15.6751261178746,22.3159166432447,8.72742367771459,55.2948112039852,24.9674795579429,97.4893241319849,13.3705691053316,43.0472683359567,30.3260424934411,48.2430552616826,8.42279743391361,64.6892694480442,9.27207652132373,30.7315010566514,19.2470088620999,263.096748407756,270.394284091287,8.16631541380513,47.4474151975254,34.3233594796942,624.547401448061,8.22779871733236,32.7157955841588,47.22554474019,109.053712928675,20.7746472359639,22.184018049683,34.4090403772906,21.7304850076515,3.27504303959417,10.5472903882173,55.3135025726032,32.9652043904183,196.312282029315,38.8282163041186,10.8571509961115,284.800800044011,194.592917075545,20.1697421830802,19.8401911747467,147.691360011097,82.3433396681592,74.5441572271496,34.5036839863759,115.964868753196,34.8227054397107,14.3872247216237,42.7786010675883,434.032228539152,96.4418788245693,14.1860385099202,2358.29759385092,520.295402284856,23.7476100295482,24.3907942892906,1187.46381920537,7.36501085246453,275.404513583434,6.53510643282319,18.5821661515524,657.25096362708,36.2178494897841,5.30942636321803,16.1390508816105,46.4278291963333,41.2053524330894,131.29014988677,"BB vs. BC","BB"
"LOC111126486",196.610544177774,-4.32211336302374,2.67653081235347,4.91692257687118e-05,0.0190014472983187,26.4413827608887,3.00787691415929,79.803796113048,8.74706895641923,26.5912841736708,0,2.61868731154444,126.913367723038,46.3363428446506,11.9754894322982,2.01750794080012,968.635059851202,0,29.0464267843571,3.97726404815894,4.00738773273672,2.14552604742987,141.998627712551,0,14.6121217910764,0,62.2839147232081,36.0247259617277,62.4618293810927,885.494069628447,0,3157.8549229573,0,85.206227183298,53.4554700260019,131.45558890004,9.07908347561561,11.1416370436554,66.8528455266579,189.207760825484,57.1862515590604,104.777885646467,0,87.3305137548597,0,0,21.3855654023332,37.0284312573879,63.5310352306176,4.45435386207552,26.9799027593772,3.02853171879654,55.8254660512233,323.969574494962,4.08947444801985,10.49456549782,0,86.5610301498496,0,11.4696801257635,1.97549863705923,22.9253012771592,10.5472903882173,19.1469816597473,3.87825934004921,194.131034451212,33.8181238777807,0,72.2173457254456,904.857064401286,17.2883504426401,154.053249121563,2.14045449291445,65.4523981977676,1.41988870908856,0,31.8733849789487,18.5721095678457,8.9920154510148,53.8182400527724,2.69585235117486,168.496156107294,0,6118.99379441334,10.2018706330364,7.91587000984941,12.1953971446453,2807.46083393917,74.5707348812034,8.64014160261755,0,3.71643323031048,26.2496544612966,35.2891866823537,4.24754109057442,212.11324015831,19.8976410841428,82.4107048661788,121.683553553592,"BB vs. BC","BB"
"LOC111124409",172.430834256189,-4.71331878827449,1.74310897405286,1.19476828467283e-05,0.00791516920477396,123.707897917015,4.01050255221238,3377.41065692721,16.6194310171965,1.1561427901596,11.6244221370333,1.30934365577222,18.5726879594689,11.0324625820597,6.98570216884062,248.153476718415,35.0109057777543,14.6744941228543,2.23434052187362,2.65150936543929,553.019507117667,17.164208379439,187.82887263565,57.2654832178023,252.059100896068,22.2227467764063,55.1248440653681,201.314645080243,316.0947123225,25.5217588990655,36.2741494286125,17.8662230436056,5.22504203929155,23.3302764906649,13.0911355165719,17.7360715182594,300.744640129767,1.8569395072759,42.3401355002167,264.290205597502,4.3322917847773,155.282334123541,25.2683923017408,12.9378538896088,0,12.2926004226606,51.3253569655996,28.258539643796,21.6935242250889,11.8782769655347,13.9551221169192,75.7132929699136,574.537088110507,91.5342607303225,4.08947444801985,2.098913099564,77.7412607016294,80.7902948065263,96.1307448819597,21.9835535743801,16.7917384150034,3.27504303959417,11.4262312539021,6.38232721991576,27.1478153803444,1775.53552857625,32.5656007711962,157.428689443617,280.732217186239,18.4863271221768,1.92092782696001,0,765.212481216914,124.570693344138,7.8093878999871,4.79217833144109,450.974489595764,0,3.59680618040592,13.7995487314801,436.728080890327,1735.95381884225,6.07973078996579,1783.34074245751,168.897636035825,29.6845125369353,18.9706177805593,199.245615532773,12.8887689918129,59.4009735179957,14.7039894738522,44.5971987637258,84.8065759518812,172.731282182047,3.18565581793082,20.7502082763564,44.2169801869841,5.42175689909071,17.0783934812059,"BB vs. BC","BB"
"LOC111125805",438.434694603466,-2.89641864147055,3.18080949933344,0.000189843565966174,0.0419469771400385,1427.83466908799,0,566.226934325912,6.12294826949346,41.6211404457455,16.2741909918466,2.61868731154444,12.3817919729793,13.2389550984716,7.98365962153213,1115.68189126247,924.075725224969,4.1927126065298,49.1554914812197,0,613.130323108718,4.29105209485974,1496.62045716086,7.04805947296029,1234.72429134596,3.70379112940104,4.29544239470401,1902.95317139009,2198.46711594361,396.142083781148,0,1836.87105667071,0,0,4.3637118388573,73.0308827222446,551.554321143648,0,11.1421409211097,1360.49389926896,5.19875014173276,235.184894400703,0,8.62523592640589,1.68583209478613,0,18.1777305919832,5.84659440906124,1713.78841378203,5.93913848276736,9.30341474461282,14.1331480210505,1810.83855503656,419.61773458395,371.460595695136,2.098913099564,0,16.1580589613053,0,13.3812934800575,1.97549863705923,4.91256455939126,8.78940865684777,0,1.9391296700246,677.277373001138,7.51513863950682,514.809909732289,528.915771510306,407.672161273268,7.68371130784006,17.5060510365412,2421.9242587327,390.603021502806,0,1.91687133257644,977.902577439236,4.06264896796625,7.19361236081184,1.37995487314801,2338.65191464419,952.224987474771,8.10630771995439,4972.62373940091,1142.60951090008,3.9579350049247,26.4233604800648,2100.58945420984,0,394.206460619426,1.6337766082058,8.67167753739113,1727.42918397225,749.430885596302,0,27.6669443684752,39.7952821682857,49.8801634716345,147.301143775401,"BB vs. BC","BB"
"LOC111124468",83.3456335105509,-4.44620459286084,3.05855064587405,5.54678670143878e-05,0.0196120892734761,281.411859383743,3.00787691415929,249.861885449186,1.74941379128385,1.1561427901596,2.32488442740666,3.27335913943055,0,0,2.99387235807455,332.888810232021,28.6452865454353,0,13.4060431312417,7.95452809631787,40.0738773273672,4.29105209485974,457.551133740443,29.0732453259612,243.839782388588,0,21.47721197352,269.125893949377,481.713199317821,79.8942017709877,2.97329093677152,111.663894022535,2.09001681571662,3.04307954226064,4.3637118388573,4.17319329841398,140.725793872042,0,26.7411382106632,319.350665096981,0,30.1519095385517,0,19.4067808344133,15.1724888530752,2.0487667371101,3.20783481034998,0,452.464933837569,2.96956924138368,3.72136589784513,8.07608458345745,337.278857392808,46.2813677849945,1.36315814933995,0,0,4.61658827465864,1.84866817080692,1.91161335429392,0.987749318529613,0,4.39470432842389,0,0,280.2903137863,5.01009242633788,105.857222212088,196.309122887479,10.702610439155,2.88139174044002,2.33414013820549,770.563617449201,25.3364122055874,2.83977741817713,0,187.171367110422,2.32151369598072,0,0.689977436574005,423.248819134452,266.046562274674,2.0265769299886,485.479745090272,261.848012914601,0,8.13026476309685,142.175263344994,1.84125271311613,104.761716931738,1.6337766082058,8.67167753739113,218.074052447695,188.518549908363,0,3.4583680460594,2.21084900934921,15.180919317454,2.13479918515073,"BB vs. BC","BB"
"LOC111125328",230.431759463992,-2.77614778004736,2.28803111264183,0.000136765103961166,0.0357504424986098,293.688215665585,17.0446358469026,1332.91340412627,37.6123965126027,25.4351413835112,24.4112864877699,8.51073376251942,0,25.3746639387372,85.8243409314704,296.573667297618,140.043623111017,11.5299596679569,31.2807673062307,21.2120749235143,318.587324752569,33.255653735163,1412.47312222009,32.5972750624413,2315.10804627367,19.4449034293555,15.749955447248,1075.44402503393,686.133731837761,28.8506839728567,8.32521462296025,734.748422668282,21.9451765650245,28.402075727766,20.7276312345722,73.0308827222446,306.419067302027,15.7839858118452,83.5660569083224,260.285808542994,22.527917280842,20.3525389385224,49.4839349242425,11.8596993988081,38.7741381800811,9.21945031699543,22.4548436724498,12.6676212196327,413.726497721339,16.3326308276103,16.7461465403031,23.2187431774402,908.326853875113,141.929527873983,27.9447420614689,24.137500644986,34.5516714229464,13.8497648239759,46.216704270173,20.0719402200862,27.6569809188292,11.4626506385796,15.820935582326,11.7009332365122,11.6347780201476,821.23971315597,20.0403697053515,497.619420655113,148.503274308663,34.0537604882204,6.72324739436005,7.00242041461648,496.585442356151,31.6705152569843,22.0082749908727,29.7115056549348,406.894276327005,31.3404348957397,24.27844171774,8.27972923888806,249.366342483674,950.007932789149,20.265769299886,1467.95609053756,145.093271225407,28.6950287857041,46.0715003242155,191.235741541506,11.0475162786968,334.80548710143,8.16888304102899,1.23881107677016,3158.03535211291,143.942735151706,402.454518331926,51.8755206908909,19.8976410841428,23.8557303559991,25.6175902218088,"BB vs. BC","BB"
"LOC144622709",125.180490623989,-2.35544490180827,1.99687437424656,0.000155030483598476,0.0378388612968197,120.874892621205,19.0498871230088,416.119794018036,23.6170861823319,43.9334260260647,3.48732664110998,15.0574520413805,90.799807801848,17.6519401312955,2.99387235807455,273.372325978417,126.251448107659,15.7226722744867,67.0302156562087,27.8408483371126,315.581783953017,8.58210418971948,567.994510850205,3.52402973648014,239.273494328876,16.6670600823047,6.44316359205601,252.173081732094,133.441180950516,63.249576402032,4.75726549883443,802.863398022028,11.4950924864414,73.0339090142554,19.6367032748578,86.5937609420901,101.004803666224,39.9241994064319,23.3984959343303,831.913488073955,45.055834561684,34.6746959693344,33.6911897356545,10.7815449080074,16.8583209478613,78.8775193787387,413.810690535147,21.4375128332246,227.782004363434,13.3630615862266,8.37307327015154,21.1997220315758,77.9230463631659,134.730203996317,14.3131605680695,31.48369649346,19.4353151754074,8.07902948065263,27.7300225621038,27.7183936372619,23.7059836447107,6.55008607918834,17.5788173136955,8.50976962655434,15.5130373601968,431.887020464494,36.3231700909497,356.476457705662,141.383254307563,57.4049105372859,48.9836595874804,58.3535034551373,187.289768130014,36.9489344664817,24.1381080545056,9.58435666288218,119.355654389255,33.0815701677252,8.09281390591332,51.7483077430504,214.320261918401,279.348890388408,12.1594615799316,1017.0269112475,224.441153926801,42.5478013029406,13.5504412718281,793.978759384367,27.618790696742,51.8408496157053,27.7742023394986,9.91048861416129,1000.51567581327,76.1503502092896,37.1659845425262,53.0283100395774,23.2139145981667,14.0965679376358,42.6959837030146,"BB vs. BC","BB"
"LOC111124622",634.221996096077,-4.9042962538602,3.82707051438726,5.37538402225687e-05,0.0196120892734761,1011.38289060399,9.02363074247786,2918.53882927718,0,12.7175706917556,0,9.16540559040553,0,1.10324625820597,0,1651.3302495449,168.688909656453,6.2890689097947,0,0,1732.19334747545,6.43657814228961,3012.02380158528,0,2115.10462925831,0,13.602234249896,4189.46371919621,2295.94542543229,51.0435177981311,0,241.194011088676,0,0,6.54556775828594,35.4721430365188,1045.22948513025,0,22.2842818422193,4665.12256850136,1.73291671391092,82.1639534925532,0,14.0160083804096,1.68583209478613,0,1.06927827011666,15.5909184241633,3113.79549502259,15.5902385172643,7.44273179569026,0,4485.80880332434,1446.03562457116,0,12.593478597384,0,88.8693242871789,0.924334085403459,10.5138734486166,1.97549863705923,0,0,8.50976962655434,4.84782417506151,2749.46257219947,25.0504621316894,1152.66753075384,1111.74026588609,88.5397772693731,1.92092782696001,4.66828027641099,2465.80357583744,312.482417202245,3.54972177272141,1.91687133257644,1363.77398282268,186.881852526448,0,2.75990974629602,2341.34776699536,1487.64369405255,2.0265769299886,5468.73442781433,1020.18706330364,26.7160612832418,9.48530889027966,735.907172947679,3.68250542623227,858.614071760119,0,4.95524430708064,2452.3234879419,1015.02844852138,10.6188527264361,50.7227313422045,11.054245046746,93.2542186643602,20.280592258932,"BB vs. BC","BB"
"LOC111127506",13.0023850035032,16.4545806073575,2.33798492697754,3.60425975299686e-13,5.57146472618255e-10,0,0,0,17.4941379128385,0,17.4366332055499,0,92.8634397973446,0,8.98161707422365,0,0,5.24089075816225,0,0,0,0,0,0,0,0,0,23.310116798765,3.78556541703592,0,16.0557710585662,25.6826956251831,4.18003363143324,105.493424131702,0,25.0391597904839,6.80931260671171,4.64234876818976,1.11421409211097,0,0,181.665254969774,6.31709807543521,0,0,0,1.06927827011666,5.84659440906124,10.0719933902199,0,1.86068294892256,20.1902114586436,6.97818325640292,28.7972955106633,0,0,0,0,0,6.69064674002873,12.840741140885,1.63752151979709,0,31.9116360995788,26.1782505453321,0,0,0,61.0287428665738,25.2970792198209,0,0,0,2.11136768379895,39.0469394999355,0,10.8505140353868,0,3.59680618040592,0,0,8.86821874248914,0,0,21.5372824475213,0,0,18.0222164803513,135.332074414036,3.24005310098158,80.871942106187,91.6720196809919,0,0,0,0,3.31627351402381,10.8435137981814,6.4043975554522,"BB vs. BC","BC"
"LOC111125728",47.8876155993537,-3.30553139799289,2.11711842151576,7.10727645832265e-05,0.0232107632731165,215.308402481522,20.0525127610619,163.407772993384,3.49882758256769,4.62457116063839,2.32488442740666,5.23737462308887,8.25452798198618,2.20649251641193,18.9611916011388,96.840381158406,5.30468269359914,11.5299596679569,60.3271940905878,13.2575468271965,70.1292853228926,12.8731562845792,314.801190537349,9.6910817753204,91.3257611942276,0.925947782350261,14.31814131568,178.004528281478,218.616402833825,8.87713353010975,16.0557710585662,30.1492513860845,0,0,13.0911355165719,25.0391597904839,38.5861047713663,9.28469753637951,4.45685636844386,111.122018262586,32.9254175643075,5.27658416924654,2.1056993584784,16.1723173620111,8.42916047393067,27.6583509509863,4.27711308046664,6.82102681057145,172.773425078387,23.7565539310695,23.2585368615321,22.209232604508,50.0103133375542,24.6833961519971,1.36315814933995,1.049456549782,57.226205794255,21.9287943046286,11.0920090248415,0,0,6.55008607918834,4.39470432842389,17.0195392531087,14.5434725251845,23.9937233591386,16.2828003855981,33.4762155713439,53.9087228654735,45.7293355127532,4.80231956740004,54.8522932478291,296.452947268651,26.3920960474869,4.25966612726569,17.2518419931879,165.470339039649,77.770708815354,0,8.27972923888806,91.6589799399451,66.5116405686685,2.0265769299886,517.372575059706,241.444271648528,20.7791587758547,2.03256619077421,26.0320904716186,0,28.080460208507,0,22.2985993818629,225.141267110351,30.6458726452019,9.55696745379245,2.30557869737293,14.3705185607698,6.50610827890885,11.741395518329,"BB vs. BC","BB"
"LOC111127347",307.14597193726,-3.28329789483397,3.39690028735752,0.00014648580064358,0.0361336836119435,324.851273919489,9.02363074247786,1368.06507622368,2.62412068692577,1.1561427901596,0,5.23737462308887,0,3.3097387746179,0,775.731803237648,7.42655577103879,4.1927126065298,0,2.65150936543929,563.037976449509,2.14552604742987,1571.75200621512,4.40503717060018,809.146244180856,4.6297389117513,4.29544239470401,1293.71148233146,1473.53133858123,3.32892507379116,6.54124006089734,34.6158071469859,0,2.02871969484043,8.72742367771459,10.4329832460349,889.75018061033,0.928469753637951,21.1700677501083,964.058590872706,0,13.5683592923482,4.21139871695681,0,6.74332837914453,15.3657505283257,4.27711308046664,10.7187564166123,1536.36637636969,5.19674617242144,0.930341474461282,7.06657401052527,1615.44942385728,363.05161840229,0,14.692391696948,0,28.8536767166165,0,0,5.92649591117768,13.1001721583767,0,8.50976962655434,0.969564835012302,1080.80817495029,5.01009242633788,294.95260206103,966.288428720751,62.2697334641745,1.92092782696001,1.16707006910275,961.064067318586,702.029754863152,0,78.5917246356339,1763.20853075036,178.756554590515,17.0848293569281,4.82984205601803,1870.92153171535,861.325745364257,0,2450.43243598484,1479.27124179028,14.8422562684676,2.71008825436562,253.312264973827,0,854.29400095881,4.0844415205145,8.67167753739113,664.318178289736,387.252390698461,1.06188527264361,0,0,73.7358938276336,0,"BB vs. BC","BB"
"LOC111123321",85.5429045730402,1.68061223877219,1.3383362128095,0.000117453002440118,0.0332047454880787,35.8847337469203,53.1391588168141,19.00090383644,137.328982615782,32.3719981244687,74.396301677013,42.5536688125971,0,102.601902013155,125.742639039131,34.2976349936021,30.767159622875,83.854252130596,44.6868104374725,143.181505733722,43.0794181269197,17.164208379439,58.6026082623228,96.910817753204,32.8772740299219,800.018883950625,106.670152801816,114.431482466664,24.6061752107335,125.3895111128,258.081653311768,184.245425137183,42.8453447221907,52.7467120658511,159.275482118291,25.0391597904839,30.6419067302027,47.3519574355355,13.3705691053316,43.0472683359567,43.322917847773,162.820311508179,138.976157659575,15.0941628712103,48.0462147014048,186.437773077019,45.9789656150163,13.6420536211429,54.2338105627224,81.6631541380513,105.128586614125,68.6467189593883,55.8254660512233,129.587829797985,94.0579123044565,6.296739298692,58.3059455262221,63.4780887765564,73.9467268322767,88.8900209746674,15.8039890964738,3.27504303959417,28.1261077019129,318.052639792469,50.4173714206397,46.8968229292254,334.423669458054,162.857264941673,111.886028588719,76.8642022448404,76.8371130784006,33.8450320039797,398.124535682087,61.2296628301697,46.8563273999226,32.5868126537994,97.6546263184812,75.4491951193732,56.6496973413933,21.3893005337942,21.5668188093988,44.3410937124457,38.5049616697834,118.712200441782,96.3510004231215,87.0745701083435,112.468662556173,66.0814604279549,24.8569116270678,87.4814337265027,27.7742023394986,96.6272639880726,19.1824397986398,29.7172098377716,59.4655752680419,44.9587845987722,121.596695514206,109.519489361632,14.9435942960551,"BB vs. BC","BC"
"LOC111123314",3036.71306972079,-1.1574012120211,0.616464973785853,1.70186824495332e-05,0.00969882601416246,7663.27932516469,2025.30378886725,2966.04108886828,1478.25465363485,3896.20120283785,2725.9269911343,1618.34875853446,2581.60362636618,7359.755788492,1162.62043238562,3957.34182587944,3184.93148923692,909.818635616966,3907.86157275697,6791.84123957274,2249.14636499848,2844.96753889201,4644.63236253435,3576.00917509323,2305.0622125423,1199.10237814359,3533.00136964405,3163.81858005055,1941.99505893943,1284.96507848339,4881.54905999148,3726.224143532,4232.28405182615,1613.84651724556,2750.22938643981,1427.23210805758,5740.25052745797,1036.17224505995,2180.51697826116,4258.67626746884,5900.58141086669,2004.34818657522,3752.35625680851,6327.68870650952,1117.70667884321,1778.32952781156,2132.14087061262,4353.76396994761,1156.72970243064,4259.84707676489,2636.58773862327,6134.79575170887,3250.67036694103,7387.53477332479,2099.26354998352,1472.38753934415,2048.26627154154,2870.36375976901,1038.02717790808,3542.21954550664,2215.52172146192,5629.79898506238,1901.14909247617,3508.15252854703,1907.1340304692,2320.84742310213,1682.13853214294,4370.90803851791,1330.42659449131,3998.88444590246,4575.65008381875,1964.17892629992,1731.62768476779,1257.31945570228,3962.90938706618,1178.87586953451,2056.85056683301,2715.01026744945,1254.38615541657,1831.89009410398,8022.85659709637,2920.96954830736,973.770214859521,4317.93481308392,1360.24941773819,3089.16827134373,5923.57540197965,2566.16337995225,5679.34399360671,3902.10395128215,1150.17873217688,1231.37821030954,2869.28915303865,2330.94364665021,2717.36441269499,3545.98003655957,1973.18274084417,1759.90228944484,1640.59317378834,"BB vs. BC","BB"
"LOC111125217",383.860542781436,-2.28134009833759,1.63719921370262,9.99220191321185e-05,0.0304854191791636,1265.40903212824,97.2546868911503,1579.92515399999,90.96951714676,337.593694726603,40.6854774796165,197.710892021605,36.1135599211896,73.9174992997997,194.601703274846,1217.56604227288,177.176401966211,64.9870454012119,379.837888718516,79.5452809631787,498.919772725722,55.7836772331766,1634.11119193015,44.9313791401218,1582.67544149596,82.4093526291732,211.908491472064,2051.29027829132,706.954341631459,471.59771878708,35.6794912412582,33.4991682067606,54.3404372086321,109.550863521383,289.095909324296,94.940147538918,1198.43901878126,55.7081852182771,119.220907855873,1096.20369367146,152.496670824161,78.3949648002343,43.1668368488073,355.790981964243,74.1766121705899,43.024101479312,85.5422616093327,160.781346249184,906.479405119788,210.097023827895,141.411904118115,78.7418246887102,981.597778067344,386.706539714621,17.7210559414193,115.44022047602,212.708727197514,88.8693242871789,72.0980586614698,96.5364743918431,28.6447302373588,75.325989910666,94.0466726282712,246.783319170076,44.5999824105659,1145.15497850434,118.989695125525,446.952716006592,568.584454373579,195.565881660923,181.527679647721,57.1864333860346,1207.21633400375,315.649468727944,111.461263663452,103.511051959128,865.328494322098,268.715210309768,42.2624726197696,48.2984205601803,1989.53903516704,1402.28708865609,93.2225387794755,2517.76174369809,361.599636882068,147.433078933445,437.679253080047,448.552943510966,93.9038883689228,286.204690586706,125.800798831847,307.225147039,395.764021108779,198.733840790097,26.5471318160901,282.433390428184,26.5301881121905,139.88132799654,73.6505718877003,"BB vs. BC","BB"
"LOC144622968",47.198098138846,-2.58527427289668,3.30107146787134,0.000245744989742559,0.0491214575617302,5.666010591619,0,22.801084603728,0,17.342141852394,0,0,14.4454239684758,0,1.99591490538303,2.01750794080012,453.019902033366,2.0963563032649,0,0,5.0092346659209,0,6.0105239243408,5.28604460472022,0,0,0,21.1910152716045,4.7319567712949,73.2363516234054,2.37863274941721,1333.26689462907,0,0,6.54556775828594,57.3814078531922,18.1581669512312,0,5.57107046055483,0,0,44.4740665693637,0,0,0,0,4.27711308046664,3.89772960604083,6.97291850092145,4.45435386207552,0,2.01902114586436,16.2824275982735,2.05694967933309,9.54210704537964,1.049456549782,58.3059455262221,25.3912355106225,0,0,0,21.2877797573621,1.75788173136955,21.2744240663859,0.969564835012302,2.18124757810351,2.50504621316894,19.9047768262045,8.13716571554317,260.754508881231,17.2883504426401,0,0,14.7795737865927,0,0,14.9194567986569,0,0,5.51981949259204,12.1313355802868,109.744206938303,0,1137.51093557648,0,1.97896750246235,5.42017650873124,390.481357074279,0,4.32007080130877,0.816888304102899,2.47762215354032,30.2880628399576,0,0,5.76394674343233,35.3735841495873,41.2053524330894,30.9545881846856,"BB vs. BC","BB"
"LOC111127630",78.1304173078495,-4.71860968486244,3.57794432001701,5.60277801199455e-05,0.0196120892734761,4.72167549301583,2.00525127610619,467.422234376424,1.74941379128385,0,1.16244221370333,0,0,2.20649251641193,0,77.6740557208048,0,0,0,9.28028277903752,434.801569001934,0,568.745826340748,8.81007434120036,708.687906867206,0,0,1135.838418558,775.094519138105,4.43856676505487,3.56794912412582,17.8662230436056,4.18003363143324,5.07179923710107,4.3637118388573,1.04329832460349,163.423502561081,9.28469753637951,0,481.528745804539,3.46583342782184,10.5531683384931,2.1056993584784,1.07815449080074,1.68583209478613,3.07315010566514,4.27711308046664,4.87216200755104,0,4.45435386207552,0.930341474461282,8.07608458345745,369.843712589355,8.22779871733236,10.2236861200496,0,0,10.387323617982,7.39467268322767,0,11.8529918223554,0,3.51576346273911,0,1.9391296700246,314.099651246905,2.50504621316894,2.71428774902789,182.069082885278,30.1619021467095,0.960463913480007,28.0096816584659,27.8259084078878,190.023091541906,0.709944354544282,8.62592099659397,243.458408668991,0,0,0,0,0,7.09301925496009,830.099491148878,5.66770590724244,11.8738050147741,0.677522063591404,17.0209822314429,0,63.7210443193044,0,1.23881107677016,2.01920418933051,8.35796526687325,0,0,3.31627351402381,1.08435137981814,0,"BB vs. BC","BB"
"LOC111123458",439.828708759289,-2.42846727626565,1.69220465887652,9.33533991722818e-05,0.0288611368881027,118.986222423999,339.890091299999,2541.37088812385,45.48475857338,302.909411021815,6.97465328221997,106.05683611755,16.5090559639724,335.386862494614,135.722213566046,100.875397040006,291.757548147952,119.492309286099,138.529112356165,991.664502674295,80.1477546547344,493.47099090887,747.558913089887,96.910817753204,426.491304777043,2.77784334705078,309.271852418688,522.358526445051,223.348359605119,59.9206513282408,387.122479967652,33.4991682067606,189.146521822354,413.858817747448,100.365372293718,375.587396857258,137.321137568686,227.475089641298,490.254200528825,518.569418558735,331.853550713942,58.7962236001757,62.1181310751129,462.528276553516,21.0729011848267,216.144890765115,20.3162871322165,432.647986270532,122.413458127288,114.328415793272,435.39981004788,508.793328757819,366.354620961153,306.48550222063,754.508035659661,59.819023337574,19.4353151754074,348.552414736728,8.31900676863113,136.680354832015,59.2649591117768,88.4261620690426,35.1576346273911,213.807961867178,290.86945050369,13096.2104589334,259.272283062985,66.9524311426879,564.515871515807,162.48508575808,425.485513671643,242.750574373371,224.747721756017,67.5637658815665,308.825794226763,247.27640190236,156.654296385897,229.249477478096,139.376239490729,156.624878102299,350.460805652731,1268.15528017595,138.820519704219,80.6179868671803,95.217459241673,199.875717748698,333.340855286971,385.475185829737,21.1744062008355,200.883292260858,31.8586438600131,29.7314658424839,3476.06001193247,393.753030350473,118.931150536084,282.433390428184,142.599761103024,267.834790815081,277.523894069595,"BB vs. BC","BB"
"LOC144623075",59.8924519798482,-20.0570852504506,2.52197453584054,5.55900300704563e-16,1.17178729749425e-12,155.815291269522,0,0,0,84.3984236816507,0,0,35.0817439234413,76.1239918162117,143.705873187578,1.00875397040006,111.398336565582,0,44.6868104374725,0,0,0,72.1262870920896,153.295293536886,235.620463881107,0,0,190.719137444441,82.3360478205313,67.6881431670868,0,0,131.671059390147,0,40.36433450943,0,34.0465630335585,0,0,0,77.9812521259915,88.9481331387274,106.337817603159,29.1101712516199,0,0,93.0272095001494,123.752914991796,103.044240069172,251.670993207267,109.780293986431,215.025752034555,0,0,106.326335648516,0,205.150549073744,26.5453825792872,53.6113769534006,86.9784076203735,27.6569809188292,0,0,0,41.691287905529,295.559046833025,0,64.23814339366,0,0,65.3115461166405,0,171.236359433156,0,88.7430443180352,0,0,0,309.325331514909,0,0,36.5814023127677,157.059712074116,232.994841165587,0,125.664436406359,0,0,225.553457356726,0,0,287.404169810677,0,0,96.6315598105681,66.861782223815,0,0,0,"BB vs. BC","BB"
"LOC111116003",205.660521425461,3.89512339638778,3.25288626367291,9.00904179774078e-05,0.028228736778948,8.4990158874285,0,6.650316342754,2.62412068692577,9.24914232127678,2210.96509046373,1.30934365577222,2.06363199549655,31.994141487973,20.9571065065218,3.02626191120019,6.36561923231896,0,67.0302156562087,0,995.835851585075,7.50934116600455,2.2539464716278,11.4530966435605,0,2734.32380128032,17.181769578816,2.11910152716045,2.83917406277694,16.6446253689558,1.78397456206291,2107.09768020524,5.22504203929155,3151.61604593461,776.740707316599,3.12989497381048,0,0,4.45685636844386,20.021985272538,11.263958640421,0,1441.35121087847,1068.45110038353,0,0,0,14.6164860226531,1137.36048437252,0,10.2337562190741,2.01902114586436,30.2387941110793,12.3416980759985,16.3578977920794,0,0,0,0,11.4696801257635,0.987749318529613,6.55008607918834,0,0,2.9086945050369,0,25.0504621316894,16.2857264941673,33.5658085766156,0,12.4860308752401,8.16949048371923,4.28090898582889,6.33410305139686,1.41988870908856,0.958435666288219,1.35631425442335,17.9917311438505,688.788383547734,17.9394133509241,9.43548322911199,17.7364374849783,1.0132884649943,6.20138360516771,20.4037412660728,2354.9713279302,0,0,0,9.72015930294474,0,6.19405538385081,0,11.1439536891643,28.6709023613773,0,18.7922165794682,3.25305413945443,12.8087951109044,"BB vs. BC","BC"
"LOC111113813",103.861004334859,-2.35603624648875,1.89835267401731,0.000136725165879518,0.0357504424986098,264.413827608886,110.288820185841,276.463150820202,11.371189643345,4.62457116063839,5.81221106851664,0,0,137.905782275746,13.9714043376812,24.2100952896015,32.8890327003146,16.7708504261192,100.545323484313,82.196790328618,124.229019714838,5.36381511857468,9.7671013770538,66.9565649931227,10.9590913433073,0,209.760770274712,105.955076358023,5.67834812555389,7.76749183884603,148.664546838576,17.8662230436056,198.551597493079,23.3302764906649,348.006019148869,230.568929737372,93.06060562506,136.485053784779,319.779444435847,26.0285808542994,297.195216435723,381.421655662678,20.0041439055448,176.817336491321,75.862444265376,95.2676532756195,119.759166253066,93.5455105449799,107.69285240312,20.0445923793399,33.4922930806062,130.226863908251,77.9230463631659,0,62.0236957949677,258.166311246372,82.0602196294977,58.8615005018977,70.2493904906629,0,205.45185825416,103.163855747216,65.0416240606735,134.028871618231,267.599894463395,573.668113041222,53.8584935831322,14.4762013281487,14.2400400022005,49.6211938542641,124.860308752401,157.554459328871,3.21068173937167,12.6682061027937,123.530317690705,19.1687133257644,82.0570123926127,10.4468116319132,287.744494432474,25.5291651532382,55.2649731990845,212.837249819739,15.1993269749145,227.679369504015,73.6801767941517,5.93690250738706,125.34158176441,81.099974161581,11.0475162786968,114.481876234683,57.9990695913059,48.3136319940363,331.149487050203,119.797502158517,261.223777070327,35.7364698092804,49.7441027103571,6.50610827890885,271.119496514143,"BB vs. BC","BB"
"LOC144623871",81.2131759675265,-2.69773054494932,3.11196416421469,0.000220263374571633,0.0456004184481469,334.294624905521,2.00525127610619,126.356010512326,0.874706895641923,10.4052851114364,2.32488442740666,0,0,3.3097387746179,32.93259593882,0,2.12187307743965,0,62.5615346124614,0,371.685212211331,0,3.756577452713,73.123617031963,7.30606089553821,0,235.533424642936,64.6325965783938,3.78556541703592,83.2231268447789,2.97329093677152,2.2332778804507,296.78238783176,0,0,1.04329832460349,43.1256465091741,0,986.079471518205,14.0153896907766,0,1.50759547692758,14.7398955093488,1.07815449080074,196.399439042585,406.680197316354,165.738131868082,12.6676212196327,140.233138740754,20.7869846896858,11.1640976935354,3.02853171879654,13.9563665128058,0,398.723758681935,134.330438372096,17.2758357114732,9.23317654931729,291.16523690209,156.752295052102,452.389187886563,149.014458301535,19.3366990450651,185.087489377557,0,15.2687330467245,0,6.33333808106507,4.06858285777158,144.971723221281,461.983142383884,183.230000849131,150.902041750468,7.38978689329634,0,18.2102776594762,450.296332468552,5.80378423995179,215.808370824355,23.4592328435162,10.7834094046994,0,0,0.885911943595387,6.80124708869093,0,126.696625891593,1.00123424890841,6.44438449590647,207.363398462821,9.80265964923479,0,0,0,3.18565581793082,1.15278934868647,4.42169801869841,0,0,"BB vs. BC","BB"
"LOC111111632",79.277313805621,-7.23446371462531,3.24416535090865,8.738155731585e-06,0.00653585861123424,51.9384304231741,113.2966971,395.218799797952,1.74941379128385,0,0,0,0,1.10324625820597,2.99387235807455,1.00875397040006,1315.56130801259,0,207.793668534247,0,69.1274383897084,40.7649949011675,0.7513154905426,54.6224609154422,108.677655821131,0,50.1134946048801,0,1.89278270851796,322.905732157742,2.37863274941721,2.2332778804507,194.371563861646,0,7.63649571800027,159.624643664335,0,126.271886494761,621.731463397919,0,4.3322917847773,0,1.0528496792392,0,23.6016493270059,37.9021846365368,151.837514356566,0,51.1347356734239,0,3.72136589784513,218.054283753351,660.60134827281,11.313223236332,0,104.9456549782,0,1.15414706866466,17.5623476226657,67.8622740774342,183.721373246508,108.076420306608,0,136.15631402487,0,0,0,0,0,60.3238042934191,217.064844446482,0,12.8427269574867,0,9.93922096361994,0.958435666288219,58.3215129402041,0,246.381223357806,0,0,3.32558202843343,105.382000359407,124.027672103354,6.80124708869093,0,108.403530174625,2.00246849781681,4.60313178279033,666.370921101878,0,3.71643323031048,59.5665235852499,1.85732561486072,113.621724172866,0,0,9.75916241836328,0,"BB vs. BC","BB"
"LOC111106798",22.536222953848,-15.6206854677112,2.76837309988554,1.1180290282528e-09,1.44020772656098e-06,0,1.0026256380531,0,0,0,0,0,0,6.6194775492358,0,0,0,0,0,731.816584861244,1.00184693318418,0,3.756577452713,39.6453345354016,16.438637014961,0,0,8.47640610864181,0,0,0,0,0,0,4.3637118388573,28.1690547642944,0,0.928469753637951,2.22842818422193,0,8.66458356955461,21.1063366769862,0,6.46892694480442,0,2.0487667371101,1.06927827011666,0,0,0,39.0743419273738,0,0,0,23.1736885387791,0,0,25.3912355106225,0,0,10.8652425038257,0,23.731403373489,0,33.9347692254306,0,58.8685860094701,0,0,0,0,44.3486626259044,27.8259084078878,0,0.709944354544282,22.044020324629,0,0,0.89920154510148,24.1492102800902,137.488469909918,12.1938007709226,0,59.356100220891,0,0,0,0,65.3644713156228,2.16003540065439,129.885240352361,0,149.421110010457,38.0751751046448,28.6709023613773,237.474605829412,0,0,39.4937849252885,"BB vs. BC","BB"
"LOC111111326",1134.07464023281,-2.06121258484907,1.2661875739943,5.99523827995394e-05,0.0201466072459844,2257.90522076017,258.677414617699,6516.3599707071,92.7189309380439,2437.14900165643,560.297147005004,909.993840761692,307.481167328985,388.3426828885,128.736511397206,1896.45746435212,321.463771232108,574.401627094582,1396.46282617101,1152.08081928337,275.50790662565,382.976399466232,4746.81126924814,584.988936255704,705.034876419437,62.0385014174675,1730.34737799993,1442.04858923269,1435.67568441087,177.542670602195,512.595357499409,2052.3823721342,443.083564931923,86.2205870307182,1615.66430833691,186.750400104026,1858.9423416323,148.555160582072,281.896165304074,874.960756409911,4736.06137911855,297.750106693198,594.860068770149,3474.89192385077,148.35322434118,242.778858347546,180.708027649715,2737.18061584217,640.733733362448,1789.16546793367,755.437277262561,130.226863908251,1069.98809931511,1159.0911443042,477.105352268982,237.177180250732,307.725823610616,2465.25813866772,107.222753906801,868.828269526588,142.235901868264,1899.52496296462,638.111068487148,770.134151203168,142.526030746808,630.380550071913,324.403484605378,335.666918296449,545.190102941392,775.452774546048,291.020565784442,138.881338223227,1635.30723258664,396.937124554203,1741.49350169712,352.704325194064,1666.9102186863,535.68928534755,308.426129969808,84.1772472620286,4330.8868021624,3412.04716117269,119.568038869327,8859.11943595387,370.667966333656,421.520078024481,2581.35906228325,744.918281187855,1509.82722475523,868.334231063064,122.533245615435,195.732150129685,326.101476576877,199.662503597528,429.001650148016,6649.28896322353,646.673335234643,103.013381082723,134.492348664496,"BB vs. BC","BB"
"LOC111113029",2817.84448454106,-5.64074855095327,4.02723185342036,3.67278646628627e-05,0.0160680943007131,4253.28528410866,8.02100510442476,7607.96189611058,21.8676723910481,21.9667130130324,16.2741909918466,2.61868731154444,0,16.5486938730895,4.98978726345758,7118.77676911324,1252.96605222812,0,0,2.65150936543929,7574.96466180559,7.50934116600455,15805.4239745447,1.76201486824007,4710.58276239826,0,0,14597.4308698448,13986.7178245935,117.622019273954,2.37863274941721,1890.46972580152,0,2.02871969484043,5.45463979857162,86.5937609420901,8554.76640489881,0,27.8553523027741,16208.7981773832,0,488.460934524537,11.5813464716312,1.07815449080074,0,0,0,8.76989161359186,10059.5970906627,31.1804770345287,13.0247806424579,34.3233594796942,25701.8119638747,5987.78051653863,2.7263162986799,23.088044095204,0,18.4663530986346,1.84866817080692,0,4.93874659264807,4.91256455939126,45.7049250156084,93.6074658920978,1.9391296700246,4492.27938710417,17.5353234921826,10152.3409439473,6050.99985522079,568.211317860592,30.7348452313602,4.66828027641099,12711.0890061724,714.697960965946,5.67955483635425,15.3349706606115,10017.0589260437,6.96454108794214,0,8.96970667546206,14030.5635616895,8225.27288365867,0,15208.450335702,4665.65550284198,2.96845125369353,16.9380515897851,3006.70644947195,1.84125271311613,6299.74324600852,3.2675532164116,12.3881107677016,14316.1577023533,7700.47199921256,0,10.3751041381782,60.7983477571032,19.5183248367266,56.5721784064944,"BB vs. BC","BB"
"LOC111113025",14.2452393200642,-21.7790153169651,2.41384403517147,5.02933120944659e-20,1.66593003933483e-16,12.2763562818412,0,30.401446138304,0,6.93685674095759,0,0,0,0,0,3.02626191120019,58.3515096295905,0,0,0,13.0240101313943,0,13.5236788297668,0,42.0098501493447,0,2.147721197352,13.7741599265429,8.51752218833083,43.276025959285,0,149.629617990197,0,0,0,3.12989497381048,6.80931260671171,0,0,20.021985272538,3.46583342782184,28.6443140616241,0,0,0,0,0,1.94886480302041,42.6122797278533,1.48478462069184,0,0,23.2606108546764,10.2847483966655,0,0,8.6379178557366,0,0,0,0,0,0.878940865684777,8.50976962655434,0,7.63436652336227,0,3.61905033203718,30.5143714332869,62.2697334641745,0,4.66828027641099,18.1938631897728,13.7238899446932,0,0,14.2412996714452,0,0,2.06993230972201,13.4792617558743,25.4961288846563,0,465.103770387578,2.26708236289698,0,14.2279633354195,59.072820685596,0,0,0,0,10.0960209466525,17.6445933411769,0,0,0,0,18.1457930737812,"BB vs. BC","BB"
"LOC111113028",1491.57865625577,-3.57425067013828,3.34718464142674,0.00011708502627333,0.0332047454880787,3540.31228466327,17.0446358469026,3160.80035319179,26.2412068692577,158.391562251865,15.1117487781433,18.3308111808111,0,1.10324625820597,24.9489363172879,2802.31852977137,2512.29772368855,8.3854252130596,31.2807673062307,29.1666030198322,4218.77743563858,0,3202.8579361831,10.5720892094404,1739.75575075004,1.85189556470052,0,5803.1595321289,9796.09690793471,905.467620071194,0.594658187354303,5366.56674672304,4.18003363143324,0,32.7278387914297,237.872018009597,4353.42052655768,0,38.9974932238838,3576.92766893892,3.46583342782184,707.8160764175,0,17.2504718528118,0,0,53.463913505833,26.3096748407756,4330.95715779454,10.3934923448429,13.9551221169192,7.06657401052527,5870.97817972032,2877.67260138699,27.263162986799,8.395652398256,139.286425423753,144.268383583083,3.69733634161384,19.1161335429392,8.88974386676652,45.8506025543184,21.9735216421194,40.4214057261331,50.4173714206397,3270.78074336621,122.747264445278,3236.33575942425,2668.99035469816,1747.4443953384,80.6789687323206,21.0072612438494,5893.74144623993,636.577356665385,5.67955483635425,7.66748533030575,8603.77947293452,22.634758535812,0,49.6783754333284,9467.83345732609,3754.58211010134,0,17263.7660448433,3277.06755556758,13.8527725172365,121.276449382861,4524.57757081709,0,2518.60127716302,13.0702128656464,33.4478990727943,3038.90230494241,3220.60261616849,0,32.278101763221,203.398108860127,29.2774872550898,263.647699366115,"BB vs. BC","BB"
"LOC111113026",3925.31567866537,-6.25729839393554,3.57449451762779,2.06002143540598e-05,0.0106146037828352,5637.6805386609,20.0525127610619,7943.32784882374,20.1182585997642,183.826703635376,11.6244221370333,18.3308111808111,0,3.3097387746179,21.9550639592134,8931.50765392215,1660.36568309653,4.1927126065298,13.4060431312417,62.3104700878233,12573.1790114615,0,16386.9421642246,0.881007434120036,6072.24986180419,1.85189556470052,0,19755.3239869533,26300.2157348571,726.815307777736,1.78397456206291,4519.037791092,2.09001681571662,4.05743938968086,18.5457753151435,242.045211308011,15133.6972684168,0,71.3097018951018,17672.4053008057,12.1304169973765,826.916119094779,0,51.7514155584354,1.68583209478613,0,21.3855654023332,27.2841072422858,12373.8312642463,8.90870772415105,3.72136589784513,17.1616797398471,26589.2042679806,8481.83200273,6.81579074669974,0,4.3189589278683,213.517207702962,0,7.64645341717569,0,60.5882962324922,23.731403373489,340.390785062174,3.87825934004921,9462.251993813,60.1211091160546,14312.439300624,8559.28118703697,1309.61033191842,149.832370502881,22.1743313129522,21072.7744827427,545.78854626203,4.25966612726569,21.0855846583408,19747.2573872768,22.634758535812,11.6896200863192,33.8088943921262,29712.3366884737,8864.8931604607,0,24111.8653688357,6601.743840756,11.8738050147741,102.305831602302,4835.96142222761,0,7298.75961881117,1.6337766082058,16.1045439980121,9750.73703027701,8820.43934497357,0,59.9450461316962,133.756365065627,39.0366496734531,192.131926663566,"BB vs. BC","BB"
"LOC144624203",151.48668819524,3.15186822541215,2.41108411706945,0.000107328299911282,0.0319054011543962,28.330052958095,60.1575382831857,4.75022595911,103.215413685747,11.561427901596,2127.26925107709,14.4027802134944,0,15.4454476148835,1.99591490538303,59.5164842536037,4.24374615487931,0,0,6.62877341359823,1588.92923603011,2.14552604742987,26.296042168991,4.40503717060018,3.6530304477691,2050.97433790583,7.15907065784001,7.41685534506158,73.8185256322005,3.32892507379116,44.5993640515728,1813.42163892597,164.066320033755,5.07179923710107,4.3637118388573,0,31.7767921646546,18.569395072759,138.16254742176,46.0505661268374,3.46583342782184,17.3373479846672,1994.09729247905,3.23446347240221,45.5174665592256,99.3651867498397,38.4940177241997,8.76989161359186,6.97291850092145,3.7119615517296,15.8158050658418,26.2472748962367,141.889726213526,23.6549213123305,17.0394768667494,133.280981822314,0,4.61658827465864,77.6440631738906,19.1161335429392,0,167.027195019303,1.75788173136955,82.9702538589049,27.1478153803444,39.2624564058631,7.51513863950682,0.904762583009296,11.1886028588719,12.6485396099104,24.0115978370002,4.66828027641099,1.07022724645722,60.1739789882702,1.41988870908856,10.5427923291704,9.49419978096345,8.70567635992768,88.1217514199451,2.06993230972201,8.08755705352457,12.1938007709226,6.07973078996579,0,0,2243.15966404108,66.3971622319576,6.00740549345044,9.20626356558067,1.08001770032719,80.871942106187,2.47762215354032,9.08641885198728,6.50063965201253,10.6188527264361,4.61115739474586,4.42169801869841,47.7114607119982,8.53919674060293,"BB vs. BC","BC"
"LOC144624224",24.1124099485952,-21.4950554749168,2.29687496028287,2.30191600836633e-21,1.33436316214975e-17,6.61034569022216,0,70.303344194828,0,20.8105702228728,0,0,0,62.8850367177401,2.99387235807455,0,119.88582887534,0,6.70302156562087,0,0,0,0,0.881007434120036,6.39280328359593,0,119.556479985928,5.29775381790113,1.89278270851796,0,0,0,13.585109302158,13.1866780164628,0,106.416429109556,0,0,47.9112059607715,0,64.1179184147041,12.0607638154207,0,90.5649772272619,0,31.7558844252065,0,0,12.3962995571937,0,0,0,0,0,0,91.302719831034,76.6615209696623,173.122060299699,15.7136794518588,101.315507777578,0,0,0,0,0,331.549631871733,12.5252310658447,50.6667046485206,6.10287428665738,92.431635610884,0,2.33414013820549,0,0,3.54972177272141,0,0,33.6619485917204,0,8.27972923888806,12.1313355802868,9.97674608530028,0,0,0,0,2.03256619077421,0,18.4125271311613,17.2802832052351,26.9573140353957,4.95524430708064,55.5281152065889,0,101.940986173786,31.1253124145346,0,1.08435137981814,169.716535219483,"BB vs. BC","BB"
"LOC111116827",136.178045458117,-4.80463891014376,2.73849361543913,3.51060615636808e-05,0.0159608676368052,237.972444847998,4.01050255221238,732.484842894762,1.74941379128385,305.221696602134,0,7.2013901067472,56.749879876155,750.207455580057,1.99591490538303,47.4114366088029,70.0218115555086,0,194.387625403005,161.742071291797,0,671.549652845549,2.2539464716278,112.768951567365,6.39280328359593,0,298.533246431928,315.746127546907,158.993747515509,113.183452508899,434.100476768641,6.69983364135212,0,87.2349468781384,53.4554700260019,133.542185549247,69.228011501569,24.1402135945867,42.3401355002167,0,0,424.388126755115,6.31709807543521,25.8757077792177,5.0574962843584,0,3.20783481034998,439.469013081103,0,318.4863011384,124.665757577812,572.392494852547,2.32606108546764,465.899102368945,175.165822190183,0,709.389003902368,468.583709877852,0,25.8067802829679,0,63.8633392720864,0,0,224.939041722854,47.9874467182771,455.918410796747,72.3810066407436,0,198.484775417056,0,173.893440296309,18.1938631897728,2.11136768379895,63.8949919089853,9.58435666288218,200.056352527444,313.984727381392,0,205.613276099053,35.0460805652731,0,0,65.5574838260587,255.04676582591,0,21.0031839713335,115.141938624467,29.4600434098581,102.601681531083,31.8586438600131,0,178.69957075575,96.5809319727576,108.312297809648,474.949211658824,127.123818037579,132.290868337813,107.807358850112,"BB vs. BC","BB"
"LOC111116546",13.2317674780267,-20.9072678985087,2.70012781739332,2.7480200800528e-15,5.30986179968203e-12,30.2187231553013,0,19.00090383644,0,0,0,0,0,0,0,20.1750794080012,15.9140480807974,0,0,0,38.0701834609988,0,48.835506885269,1.76201486824007,31.9640164179797,0,0,157.873063773454,12.3030876053668,0,0,0,0,0,0,0,60.1489280259534,0,2.22842818422193,44.0483675995836,0,0,0,0,0,2.0487667371101,0,1.94886480302041,48.0356607841255,2.96956924138368,0,0,131.422451328922,33.939669708996,0,0,0,0,0,0,0,0,0,0,0,15.2687330467245,0,19.0000142431952,61.0287428665738,1.94592917075545,4.80231956740004,0,100.601361166979,21.1136768379895,0,0,30.5170707245254,1.74113527198554,0,0,78.1797181840708,14.4108554565448,0,105.423521287851,28.3385295362122,0,2.71008825436562,7.00863974235885,0,31.3205133094886,0,0,3.02880628399576,11.1439536891643,0,0,2.21084900934921,1.08435137981814,0,"BB vs. BC","BB"
"LOC111116715",153.924888825282,-5.09238879320317,3.1515694935856,3.61858158271153e-05,0.0160680943007131,212.475397185712,0,455.071646882738,3.49882758256769,0,0,0,0,0,20.9571065065218,434.772961242427,44.5593346262327,0,13.4060431312417,25.1893389716733,362.668589812673,10.7276302371494,581.518189679972,7.92906690708032,1058.4655722411,2.77784334705078,5.01134946048801,253.232632495674,481.713199317821,26.6314005903292,6.54124006089734,137.346589647718,0,0,0,40.6886346595363,505.024018331118,18.569395072759,0,483.530944331793,47.6552096325503,8.2917751231017,8.42279743391361,21.5630898160147,3.37166418957227,0,6.41566962069995,0.974432401510207,1013.39748880058,5.93913848276736,36.28331750399,12.1141268751862,566.39587431137,124.445455599652,55.8894841229379,16.791304796512,69.1033428458928,16.1580589613053,2.77300225621038,6.69064674002873,1.97549863705923,0,0,8.50976962655434,1.9391296700246,166.865439724918,5.01009242633788,143.857250698478,64.0801800099024,27.2430083905763,0.960463913480007,0,534.043395982154,283.978953470959,1.41988870908856,45.0464763155463,368.23932007594,29.0189211997589,0,19.3193682240721,688.790275725176,289.325636473708,0,3201.68576415373,295.854248358055,0,39.9738017518929,388.478888576462,1.84125271311613,262.444301179508,0,8.67167753739113,258.458136234305,28.7885470303412,0,0,0,39.0366496734531,49.1003812584668,"BB vs. BC","BB"
"LOC111113226",288.113614337329,4.37149728001397,1.60529436210043,1.26657493862468e-05,0.00793731705456496,29.2743880566981,360.945229699114,19.00090383644,425.982258177617,16.1859990622344,3712.84043056843,13.7481083856083,140.326975693765,7.72272380744176,30.936681033437,38.3326508752024,46.6812077036724,11.5299596679569,6.70302156562087,144.507260416441,99.1828463852338,28.9646016403032,33.0578815838744,1510.92774951586,19.1784098507878,1257.43708843165,6.44316359205601,41.3224797796288,6.62473947981287,768.981692045757,106.44381553642,122.830283424789,24.0351933807411,955.526976269842,18.5457753151435,32.3422480627083,14.7535106478754,253.472242743161,23.3984959343303,153.168187334916,12.1304169973765,35.4284937077982,3418.60290848969,3.23446347240221,18.5441530426475,32.7802677937615,48.1175221552497,14.6164860226531,13.1710682795183,1902.00909910625,537.737372238621,80.7608458345745,18.6084886837411,128.559354958318,47.7105352268982,49.324457839754,0,3.46244120599398,116.466094760836,49.701947211642,2719.27387391203,37.662994955333,804.230892101571,384.003354398265,150.282549426907,187.587291716901,41.3332625172875,171.000128188757,109.851737159833,38.9185834151091,473.508709345644,17.5060510365412,564.009758882956,387.435969977108,12.0690540272528,25.8777629897819,35.9423277422188,4.06264896796625,20.681635537334,32.4289395189782,13.4792617558743,220.596941219417,105.382000359407,20.3759747026939,23.8043648104183,162.275335201913,26.4233604800648,1026.26510513112,23.0156589139517,411.486743824661,18.7884309943667,16.1045439980121,17.1632356093093,276.741516614248,1385.7602807999,16.1390508816105,24.3193391028413,33.6148927743624,30.9545881846856,"BB vs. BC","BC"
"LOC144625090",30.309666055882,-4.46966545346446,1.70516364319787,1.40625396435955e-05,0.00836072068502688,17.9423668734602,7.01837946637167,0,10.4964827477031,1234.76049989045,4.64976885481331,5.89204645097498,0,759.033425645705,0.997957452691516,5.04376985200031,2.12187307743965,0,13.4060431312417,3.97726404815894,4.00738773273672,11.8003932608643,3.756577452713,0.881007434120036,10.045833731365,4.6297389117513,6.44316359205601,1.05955076358023,22.7133925022155,6.65785014758231,12.4878219344404,13.3996672827042,14.6301177100163,0,9.81835163742892,26.0824581150874,9.07908347561561,7.42775802910361,49.0254200528825,3.0032977908807,0,0.753797738463791,6.31709807543521,0,5.90041233175147,54.2923185334175,27.8012350230331,1.94886480302041,0,0,5.58204884676769,5.04755286466091,4.65212217093528,1.02847483966655,8.17894889603969,17.840761346294,0,5.77073534332331,2.77300225621038,44.9229138259072,5.92649591117768,18.0127367177679,2.63682259705433,8.50976962655434,36.8434637304675,0,11.2727079592602,0.904762583009296,10.171457144429,71.9993793179518,40.3394843661603,1.16707006910275,2.14045449291445,4.22273536759791,0.709944354544282,4.79217833144109,2.7126285088467,2.32151369598072,0.89920154510148,10.3496615486101,2.69585235117486,0,12.1594615799316,0.885911943595387,18.1366589031758,5.93690250738706,3.38761031795702,0,1.84125271311613,15.1202478045807,8.98577134513189,7.43286646062097,2.01920418933051,19.5019189560376,9.55696745379245,6.91673609211879,0,1.08435137981814,22.4153914440827,"BB vs. BC","BB"
"LOC111134528",2199.09285663418,-2.88071219060049,3.02153487249528,0.000185877989160839,0.0418442032492464,7149.56103152457,4.01050255221238,7821.72206427053,40.2365171995285,30.0597125441496,34.8732664110998,39.2803096731665,0,8.82597006564773,5.9877447161491,6473.1742280572,184.60295773725,10.4817815163245,31.2807673062307,42.4241498470287,2263.17222206306,6.43657814228961,14005.2720592046,19.3821635506408,4172.67402896426,163.892757475996,11.454513052544,4889.82677392274,15517.0326444303,231.915113474117,1.18931637470861,630.901001227324,4.18003363143324,6.08615908452129,6.54556775828594,45.9051262825538,6776.4009291126,5.57081852182771,17.8274254737755,6920.59920945277,6.93166685564369,392.728621739635,0,25.8757077792177,15.1724888530752,8.19506694844038,42.7711308046664,17.5397832271837,16673.7976731478,7.42392310345921,7.44273179569026,14.1331480210505,3136.69337375311,4649.73475013245,12.2684233440595,25.186957194768,21.5947946393415,30.0078237852812,96.1307448819597,11.4696801257635,1.97549863705923,45.8506025543184,21.0945807764347,114.881889958484,7.75651868009841,3917.52065027389,8.7676617460913,2587.62098740659,5980.81680092423,914.586710255063,9.60463913480007,24.5084714511577,18033.3291028042,1524.40746770284,35.4972177272141,11.5012279954586,11243.8451691696,34.8227054397107,118.694603953395,5.51981949259204,14314.9759847385,8553.39697713077,6.07973078996579,17867.9579903754,8309.99040119887,143.475143928521,68.4297284227318,4188.16286318387,1.84125271311613,2866.36697666837,4.9013298246174,54.5076873778871,1944.49363432528,836.725189494756,6.37131163586163,27.6669443684752,15.4759430654444,35.7835955339987,57.6395779990698,"BB vs. BC","BB"
"LOC111108205",36.1705429308939,-3.23997699054226,2.97856256203057,0.000136591886368549,0.0357504424986098,56.66010591619,38.0997742460176,793.28773517137,0,0,1.16244221370333,0.654671827886109,2.06363199549655,0,0,96.840381158406,0,6.2890689097947,0,7.95452809631787,37.0683365278147,0,65.3644476772062,1.76201486824007,127.856065671919,0.925947782350261,4.29544239470401,89.002264140739,35.0164801075823,12.2060586039009,0,8.93311152180282,4.18003363143324,3.04307954226064,0,0,54.4745008536936,12.0701067972934,0,151.165988807662,9.53104192651007,5.27658416924654,5.26424839619601,14.0160083804096,5.0574962843584,0,0,0,99.9451651798741,4.45435386207552,2.79102442338385,0,108.161840474245,32.9111948693294,40.8947444801985,3.148369649346,0,2.30829413732932,0.924334085403459,1.91161335429392,1.97549863705923,6.55008607918834,0.878940865684777,0,0,39.2624564058631,0,34.3809781543532,25.4286428610724,2.91889375613318,1.92092782696001,0,168.025677693784,8.44547073519582,0,10.5427923291704,139.700368205605,14.5094605998795,5.39520927060888,0,215.668188093988,32.1472929415231,0,558.124524465094,17.0031177217273,3.9579350049247,4.74265444513983,51.0629466943288,0,35.6405841107974,0,0,33.3168691239533,18.5732561486072,4.24754109057442,2.30557869737293,4.42169801869841,10.8435137981814,1.06739959257537,"BB vs. BC","BB"
"LOC111101935",142.804622070579,-4.6652006763374,2.84602226541167,4.19252187764291e-05,0.017054737680159,766.800100065771,0,409.469477675282,1.74941379128385,63.5878534587779,0,6.54671827886109,8.25452798198618,17.6519401312955,0.997957452691516,439.816731094427,27.5843500067155,0,0,0,851.569893206553,5.36381511857468,66.8670786582914,0.881007434120036,487.679564777175,2.77784334705078,5.01134946048801,968.429397912327,1023.99544530822,19.9735504427469,13.677138309149,0,10.4500840785831,174.469893756277,13.0911355165719,7.30308827222446,278.046931440728,0.928469753637951,6.68528455266579,427.469385568687,4.3322917847773,15.0759547692758,6.31709807543521,2.15630898160147,30.3449777061504,0,2.13855654023332,5.84659440906124,905.704636397463,8.90870772415105,0.930341474461282,31.2948277608976,272.149146999714,242.720062161305,0.681579074669974,15.74184824673,0,0,4.6216704270173,20.0719402200862,16.7917384150034,0,7.03152692547822,10.6372120331929,7.75651868009841,359.905850387078,0,22.6190645752324,487.212797218147,16.5403979514214,38.4185565392003,5.83535034551373,753.439981505885,0,4.96961048180997,2.87530699886466,389.262191019502,100.985845775161,0.89920154510148,0,248.018416308087,34.3643476271454,13.1727500449259,782.260246194727,920.435439336173,10.8843212635429,14.2279633354195,3.00370274672522,5.5237581393484,55.0809027166869,43.2950801174537,1.23881107677016,942.968356417346,401.182332809916,10.6188527264361,2.30557869737293,15.4759430654444,5.42175689909071,12.8087951109044,"BB vs. BC","BB"
"LOC111120760",100.146713899851,-2.90017175573047,0.814861810408086,4.30429280991716e-06,0.00356441562084104,49.1054251273646,40.1050255221238,1981.79427014069,28.8653275561835,48.5579971867031,23.2488442740666,39.2803096731665,57.7816958739033,167.693431247307,88.818213289545,76.6653017504047,70.0218115555086,107.962349618142,17.874724174989,49.0529232606269,44.0812650601039,49.347099090887,99.1736447516232,77.5286542025632,128.769323283861,28.7043812528581,64.4316359205601,81.5854087956774,194.010227623091,18.8639087514832,40.4367567400926,88.2144762778028,100.320807154398,68.9764696245746,20.7276312345722,47.9917229317608,60.1489280259534,50.1373666964494,119.220907855873,168.184676289319,136.033962042007,42.2126733539723,55.8010329996777,77.627123337653,38.7741381800811,41.999718110757,34.2169046437331,155.909184241633,94.5217841236018,39.3467924483338,126.526440526734,132.245885054116,115.140023730648,84.3349368526567,24.5368466881191,32.533153043242,28.073233031144,11.5414706866466,27.7300225621038,68.8180807545812,30.620228874418,149.014458301535,45.7049250156084,111.690726348526,34.9043340604429,70.8905462883639,43.8383087304565,137.523912617413,96.6288428720751,46.7023000981309,37.4580926257203,200.736051885672,40.6686353653745,21.1136768379895,47.5662717544669,37.3789909852405,59.6778271946274,10.4468116319132,108.803386957279,131.095712949061,25.6105973361611,450.062101181324,32.4252308798176,431.439116530954,11.3354118144849,37.6003825467847,186.318567487636,112.138235877742,90.2213829426906,54.0008850163597,114.364362574406,34.6867101495645,93.8929948038685,172.731282182047,77.5176249029832,103.751041381782,37.5844331589365,31.4461900147261,88.5941661837554,"BB vs. BC","BB"
"LOC111119645",538.304037761395,-5.92946053295826,2.23157240846148,8.33365224523827e-06,0.00653585861123424,1860.34014424824,30.0787691415929,2870.08652449426,19.2435517041223,0,6.97465328221997,7.85606193463331,0,2.20649251641193,1.99591490538303,382.317754781624,33.9499692390345,4.1927126065298,11.1717026093681,0,495.914231926169,23.6007865217286,2597.29765080577,8.81007434120036,2572.64669284139,0,0,1988.77678324008,2909.20702299211,37.7278175029664,7.13589824825164,68.1149753537465,10.4500840785831,4.05743938968086,8.72742367771459,29.2123530888979,820.522169108761,3.71387901455181,2.22842818422193,1748.9204135562,10.3975002834655,131.1608064927,6.31709807543521,10.7815449080074,18.5441530426475,16.3901338968808,0,0,6728.86635338919,20.0445923793399,18.6068294892256,52.4945497924734,837.38199076835,360.994668722957,12.2684233440595,16.791304796512,2.15947946393415,26.5453825792872,20.3353498788761,13.3812934800575,22.7182343261811,13.1001721583767,1.75788173136955,40.4214057261331,52.3565010906643,820.149089366918,53.8584935831322,225.285883169315,504.504274363676,64.21566263493,15.3674226156801,11.6707006910275,1004.94338442333,861.438014989973,22.718219345417,11.5012279954586,3609.83038814775,289.028455149599,9.89121699611628,1.37995487314801,3980.42599650967,1523.11656902251,4.0531538599772,7171.45718340466,1868.07586702711,37.6003825467847,16.2605295261937,683.842992004442,22.0950325573936,327.24536319914,14.7039894738522,12.3881107677016,192.834000081063,135.584769884833,4.24754109057442,6.91673609211879,16.581367570119,18.4339734569084,57.6395779990698,"BB vs. BC","BB"
"LOC111135725",193.446135878657,-6.29697109469029,2.57503844619256,9.27533223524098e-06,0.00672084776682915,278.578854087934,6.01575382831857,1215.10780034034,1.74941379128385,36.9965692851071,0,1.30934365577222,0,0,7.98365962153213,637.532509292839,49.8640173198319,0,24.5777457406099,2.65150936543929,142.262264512154,0,949.662780045846,9.6910817753204,555.260628060904,6.48163447645182,12.886327184112,1435.69128465121,557.42450765854,81.0038434622515,41.0314149274469,39.0823629078873,104.500840785831,2.02871969484043,29.4550549122867,25.0391597904839,662.773093719939,0,14.4847831974426,896.984940209703,46.7887512755949,50.504448477074,0,3.23446347240221,0,2.0487667371101,6.41566962069995,0,828.227764165003,3.7119615517296,0,83.7893775533711,1028.1189997767,283.859055747966,2.04473722400992,3.148369649346,0,4.61658827465864,0,0.955806677146961,1.97549863705923,1.63752151979709,5.27364519410866,0,6.78695384508611,480.965090971823,7.51513863950682,164.666790107692,622.493177239052,22.3781854636877,3.84185565392003,11.6707006910275,732.03543657674,100.28996498045,5.67955483635425,2.87530699886466,581.180658020406,85.8960067512865,1.79840309020296,13.7995487314801,1338.49069235832,532.093124549348,4.0531538599772,1382.9085439524,544.099767095274,13.8527725172365,12.1953971446453,241.297453986926,3.68250542623227,230.043770169692,0,0,760.230377282935,31.5745354526323,6.37131163586163,5.76394674343233,7.73797153272222,41.2053524330894,0,"BB vs. BC","BB"
"LOC111135856",968.325415972185,-1.03319323916979,0.381190790828629,1.74223591443196e-06,0.00183623746126972,1979.32636667224,813.129392461061,1542.87339151893,708.512585469958,1356.15549285721,559.134704791301,564.981787465712,1335.16990108627,922.313871860188,623.723407932198,1141.90949449287,930.441344457288,776.700010359645,1599.78781366151,1537.87543195479,792.460924148687,475.234019505716,1964.6900077689,1341.77432216481,644.759874031247,681.497567809792,1336.59849181873,675.993387164184,519.56885348818,1008.66429735872,991.295198319624,707.949088102873,877.80706260098,846.990472595879,1021.10857029261,1246.74149790118,1107.6481840251,708.422422025757,831.20371271478,935.026712227525,1282.35836829408,564.59450610938,860.178187938428,2202.66962470591,641.459112066124,680.190556720552,596.657274725096,1320.35590404633,660.102951420563,1328.8822355192,1218.74733154428,671.324530999901,1059.52082443051,918.428031822225,873.784373726907,938.214155505108,888.625799408903,737.499976876719,521.324424167551,929.999896863993,636.110561133071,1670.27195019303,685.573875234126,1575.37110211587,828.977933935518,743.805424133295,561.130351749843,818.810137623413,732.344914398885,1128.63891903816,1164.08226313777,667.564079526771,830.496343250805,752.702579274327,1686.82778639721,652.694688742277,632.720599688493,1195.57955343007,672.602755735907,718.266511473539,1230.65659831132,958.876151531638,585.680732766705,1921.5430056584,416.009613591595,763.881455950468,1400.43810544343,736.908407196588,981.387696090899,1463.42398394335,640.440430416673,573.569528544585,1336.71317333679,693.71111715048,954.634860106601,1626.5857709966,741.739842636658,540.006987149435,1099.42158035263,"BB vs. BC","BB"
"LOC111132523",428.285622168098,-3.05088279067646,4.13556143260874,0.000185410013495542,0.0418442032492464,1669.5844543304,4.01050255221238,2961.29086290917,0,0,0,0,0,0,0,1084.41051818007,8.48749230975862,4.1927126065298,4.46868104374725,0,841.551423874711,2.14552604742987,2090.15969468951,0,1161.66368239057,2.77784334705078,0,3616.24675609931,1160.27580032151,13.3157002951646,0,8.93311152180282,0,3.04307954226064,0,12.5195798952419,1434.49518914727,0,0,2188.40299028841,3.46583342782184,158.297525077396,5.26424839619601,0,1.68583209478613,0,2.13855654023332,0,3960.61770852338,10.3934923448429,0,0,1447.97302570361,343.510596448626,0,0,0,4.61658827465864,0,0,4.93874659264807,0,0.878940865684777,0,0,835.417822413642,0,262.381149072696,613.338865809066,5.83778751226636,7.68371130784006,0,2498.98062047762,850.881176570978,4.96961048180997,0,1574.0026922583,125.942118006954,1.79840309020296,0.689977436574005,1926.18650491443,553.15514406276,0,2675.45406965807,770.808003384972,19.7896750246235,14.2279633354195,1097.35273680361,0,739.812124724128,8.98577134513189,0,807.681675732202,504.263904434686,0,4.61115739474586,2.21084900934921,136.628273857086,0,"BB vs. BC","BB"
"LOC111138228",634.057338845452,-5.47582479652807,2.51531463693109,1.71497764514884e-05,0.00969882601416246,1923.61059585465,6.01575382831857,2418.81505837881,20.9929654954062,6.93685674095759,2.32488442740666,17.0214675250388,70.1634878468826,8.82597006564773,0,2355.44052088415,80.6311769427069,4.1927126065298,0,2.65150936543929,1959.61260130826,22.5280234980136,3022.54221845288,3.52402973648014,1401.85043433139,8.33353004115235,17.181769578816,3592.93663930055,3538.55727357433,16.6446253689558,0,115.013810843211,9.40507567072478,71.005189319415,17.4548473554292,17.7360715182594,2447.94788211286,18.569395072759,38.9974932238838,3490.833132267,9.53104192651007,31.6595050154792,16.8455948678272,38.8135616688265,10.1149925687168,6.14630021133029,16.0391740517499,3.89772960604083,2500.1786669415,66.8153079311328,9.30341474461282,13.1236374481184,2802.9036079885,1600.30685052114,6.13421167202977,20.98913099564,0,17.3122060299699,42.5193679285591,14.3371001572044,24.6937329632403,13.1001721583767,32.5208120303368,71.2693206223926,19.391296700246,1038.27384717727,7.51513863950682,1325.47718410862,2600.84159183048,48.6482292688863,57.6278348088004,12.8377707601302,2053.76608595141,553.178333155326,19.1684975726956,17.2518419931879,3259.22315337931,80.6726009353299,0,17.9394133509241,2008.41000162527,958.876151531638,4.0531538599772,4653.69543970657,1670.83970145507,27.7055450344729,19.6481398441507,264.32584171182,23.9362852705097,654.490726398279,3.2675532164116,30.970276919254,3208.51545684617,723.428326988251,2.12377054528721,11.5278934868647,11.054245046746,105.18208384236,10.6739959257537,"BB vs. BC","BB"
"LOC111099169",38.3797393523976,-2.72290362762216,2.40239826768363,0.000158204473456659,0.0382113242295786,117.097552226793,12.0315076566371,890.192344737214,6.99765516513539,2.3122855803192,11.6244221370333,0,18.5726879594689,0,54.8876598980334,3.02626191120019,11.6703019259181,5.24089075816225,0,2.65150936543929,7.01292853228926,27.8918386165883,8.2644703959686,105.720892094404,27.3977283582683,1.85189556470052,3.57953532892001,23.310116798765,190.224662206055,5.54820845631859,5.94658187354303,6.69983364135212,0,49.7036325235905,0,16.6927731936559,0,13.9270463045693,13.3705691053316,22.0241837997918,1.73291671391092,2.26139321539137,13.6870458301096,12.9378538896088,4.21458023696533,2.0487667371101,1.06927827011666,3.89772960604083,31.7655176153088,0,8.37307327015154,3.02853171879654,9.30424434187056,5.14237419833273,2.7263162986799,0,36.7111508868806,19.6205001672992,0,41.0996871173193,12.840741140885,0,0,58.5046661825611,3.87825934004921,6.54374273431051,129.009879978201,2.71428774902789,7.12002000110027,18.4863271221768,3.84185565392003,22.1743313129522,2.14045449291445,6.33410305139686,2.83977741817713,9.58435666288218,0,1.16075684799036,9.89121699611628,32.4289395189782,0,68.7286952542908,37.4916732047891,118.712200441782,2.26708236289698,3.9579350049247,2.71008825436562,79.0975056637642,3.68250542623227,1.08001770032719,8.98577134513189,7.43286646062097,2.01920418933051,16.7159305337465,2.12377054528721,11.5278934868647,13.2650940560952,4.33740551927257,1028.97320724265,"BB vs. BC","BB"
"LOC111099168",133.316728591822,-3.69204111656347,1.22664214747084,9.60970734126373e-06,0.00675212982187522,814.961190094532,34.0892716938053,80.75384130487,19.2435517041223,10.4052851114364,20.9239598466599,41.2443251568249,33.0181119279447,14.3422013566776,43.9101279184267,53.4639604312033,26.5234134679957,15.7226722744867,53.624172524967,42.4241498470287,27.0498671959729,34.3284167588779,1627.34935251527,1155.00074613137,120.55000477638,25.9265379058073,16.465862513032,64.6325965783938,182.653531371983,29.9603256641204,36.2741494286125,33.4991682067606,14.6301177100163,26.3733560329256,10.9092795971432,26.0824581150874,18.1581669512312,24.1402135945867,31.197994579107,54.0593602358526,1.73291671391092,131.1608064927,16.8455948678272,93.7994406996641,25.287481421792,9.21945031699543,59.8795831265329,41.9005932649389,32.5402863376334,106.904492689813,56.7508299421382,42.3994440631516,98.8575961323747,64.7939148989923,580.705371618818,33.582609593024,945.852005203158,424.726121268595,14.7893453664553,48.746140534495,28.6447302373588,49.1256455939126,28.1261077019129,48.9311753526875,56.2347604307135,20.7218519919833,797.857218894308,62.4286182276414,110.868882874276,74.918273074085,1467.58885979745,15.1719108983357,43.8793171047461,83.3990235100587,33.3673846635812,43.1296049829698,6.78157127211675,13.9290821758843,16.1856278118266,294.6203654171,76.8317920084834,105.310097567058,58.7707309696693,104.537609344256,31.7391530805577,133.580306416209,239.165288447766,163.20118257207,72.7294821680873,17.2802832052351,172.363432165712,55.7464984546572,7.06721466265677,45.5044775640877,56.2799194501111,41.5004165527128,17.6867920747936,83.4950562459969,58.7069775916451,"BB vs. BC","BB"
"LOC111133416",83.7712208767602,-2.48073756327152,2.16752312830857,0.000163778102460492,0.0386098993615841,733.74837161466,28.0735178654867,59.852847084786,0,36.9965692851071,0,17.0214675250388,87.7043598086032,29.7876489715611,33.9305533915116,10.0875397040006,71.0827480942284,16.7708504261192,634.552708212109,39.7726404815894,34.0627957282621,6.43657814228961,11.269732358139,74.004624466083,83.1064426867471,0,27.204468499792,1.05955076358023,32.1773060448053,8.87713353010975,0,81.5146426364507,426.36343040619,47.6749128287501,78.5468130994313,6.25978994762097,4.5395417378078,66.8498222619325,3.3426422763329,12.0131911635228,80.5806271968579,80.6563580156257,41.0611374903289,25.8757077792177,61.5328714596939,34.8290345308716,50.256078695483,10.7187564166123,28.6664427260104,28.210907793145,21.3978539126095,3.02853171879654,22.0975803119426,0,17.0394768667494,25.186957194768,50.7477674024525,15.0039118926406,60.0817155512248,680.534354128636,44.4487193338326,9.82512911878252,16.6998764480108,0,13.5739076901722,426.433901519235,938.139806831769,32.5714529883346,0,26.2700438051986,7.68371130784006,45.5157326950071,39.5984081189172,20.0579929960901,85.9032668998581,5.75061399772931,35.2641706150071,30.7600564717445,19.7824339922326,48.9883979967544,22.9147449849863,54.317839797746,137.807231239225,1.77182388719077,39.6739413506971,2.96845125369353,4.06513238154843,54.066649441054,23.9362852705097,9.72015930294474,24.506649123087,589.674072542597,28.2688586506271,78.0076758241504,36.1040992698826,760.840970133067,11.054245046746,0,5.33699796287683,"BB vs. BC","BB"
"LOC111136131",16.4821195529638,-3.47292964125756,1.12159261770781,8.62037655726275e-06,0.00653585861123424,4.72167549301583,6.01575382831857,22.801084603728,6.12294826949346,3.46842837047879,9.29953770962662,1.96401548365833,1.03181599774827,1.10324625820597,12.9734468849897,3.02626191120019,484.847998194961,4.1927126065298,2.23434052187362,2.65150936543929,11.020316265026,0,9.7671013770538,9.6910817753204,15.5253794030187,9.25947782350261,11.454513052544,11.6550583993825,24.6061752107335,8.87713353010975,17.2450874332748,14.5163062229296,8.36006726286648,73.0339090142554,4.3637118388573,16.6927731936559,12.4837397789715,6.49928827546566,1.11421409211097,8.00879410901521,19.0620838530201,12.8145615538845,7.36994775467441,12.9378538896088,5.90041233175147,7.17068357988534,1.06927827011666,19.4886480302041,3.09907488929842,7.42392310345921,23.2585368615321,4.03804229172873,11.6303054273382,9.25627355699891,2.04473722400992,6.296739298692,2.15947946393415,118.87714807246,11.0920090248415,2.86742003144088,7.90199454823691,22.9253012771592,13.1841129852717,2.12744240663859,19.391296700246,6.54374273431051,0,3.61905033203718,19.325768574415,12.6485396099104,9.60463913480007,10.5036306219247,4.28090898582889,3.16705152569843,1.41988870908856,11.5012279954586,9.49419978096345,17.4113527198554,5.39520927060888,15.8694810412021,8.08755705352457,11.0852734281114,18.2391923698974,8.85911943595387,4.53416472579395,46.5057363078653,13.5504412718281,6.00740549345044,6.44438449590647,7.56012390229036,12.2533245615435,3.71643323031048,24.2304502719661,3.71465122972145,8.49508218114884,2.30557869737293,12.1596695514206,5.42175689909071,21.3479918515073,"BB vs. BC","BB"
"LOC144626985",100.391282123703,3.44900446889009,2.00779563332309,5.52038036403053e-05,0.0196120892734761,25.4970476622855,254.666912065486,1.900090383644,25.3664999736158,5.78071395079799,270.849035792875,226.516452448594,280.65395138753,5.51623129102983,2.99387235807455,5.04376985200031,14.8531115420776,19.9153848810165,60.3271940905878,0,12.0221631982102,110.494591442638,4.5078929432556,43.1693642718818,180.825007164571,764.832868221315,9.30679185519201,2.11910152716045,200.634967102904,4.43856676505487,11.8931637470861,472.338271715324,221.541782465962,264.747920176676,6.54556775828594,116.849412355591,2.2697708689039,102.131672900175,15.5989972895535,19.0208860089111,8.66458356955461,159.05132281586,280.058014677628,57.142188012439,69.9620319336245,2.0487667371101,13.9006175115166,38.0028636588981,135.584526406806,55.679423275944,14.8854635913805,12.1141268751862,210.508528234821,6.17084903799927,345.560590857677,41.97826199128,0,12.6956177553113,11.0920090248415,53.5251739202298,351.638757396542,1.63752151979709,3.51576346273911,176.577719751003,153.191243931944,209.399767497936,3.75756931975341,0.904762583009296,191.223394315264,171.24176702648,26.8929895774402,45.5157326950071,67.424316526805,12.6682061027937,12.7789983817971,43.1296049829698,23.057342325197,12.1879469038988,80.9281390591332,425.716078366161,177.92625517754,138.565917851393,85.1162310595211,135.544527370094,210.838659749419,167.222753958069,4.74265444513983,3.00370274672522,344.314257352717,105.841734632065,210.757182458548,8.67167753739113,16.153633514644,1.85732561486072,285.64713834113,1.15278934868647,69.6417437945,22.771378976181,139.829346627373,"BB vs. BC","BC"
"LOC111134018",431.260141488773,-4.14139839759579,1.9399494753423,2.76721888632317e-05,0.0132739649563088,386.233055328695,2.00525127610619,595.678335272394,34.113568930035,68.2124246194163,2.32488442740666,11.78409290195,173.34508762171,36.4071265207969,86.8222983841619,293.547405386418,2867.71146415969,19.9153848810165,846.815057790103,66.2877341359823,319.589171685754,18.2369714031539,1003.00617987437,110.125929265005,405.48637970237,43.5195457704623,2.863628263136,623.015848985173,769.416171012551,490.461627538564,2.37863274941721,7399.96625687341,29.2602354200327,2.02871969484043,43.637118388573,109.546324083367,371.107537065788,17.6409253191211,51.2538482371044,293.322084242682,101.375627763789,48.9968530001464,3.1585490377176,15.0941628712103,16.8583209478613,10.2438336855505,35.2861829138498,10.7187564166123,704.264768593066,5.93913848276736,18.6068294892256,15.1426585939827,652.460134473673,118.274606561653,27.263162986799,3.148369649346,447.012249034369,54.2449122272391,11.0920090248415,42.0554937944663,82.9709427564875,45.8506025543184,13.1841129852717,21.2744240663859,36.8434637304675,119.968616795693,270.544991022246,136.619150034404,304.126568618426,102.161281464661,172.883504426401,46.6828027641099,703.139300922395,206.914033012297,26.9778854726827,30.669941321223,257.699708340437,9.86643320791804,16.1856278118266,33.8088943921262,180.622107528715,427.891554325101,18.2391923698974,10963.1603019929,391.071707599728,34.6319312930912,56.911853341678,3923.83702147205,16.5712744180452,302.404956091614,14.7039894738522,211.836694127698,584.559612811181,125.369479003099,75.393854357696,342.37843655988,30.9518861308889,50.9645148514527,210.277719737347,"BB vs. BC","BB"
"LOC111108634",260.762139887194,-6.02007820407745,2.74106774169298,1.36660930484258e-05,0.00833883419773285,236.083774650791,0,1396.56643197834,6.12294826949346,5.78071395079799,1.16244221370333,1.96401548365833,0,0,1.99591490538303,751.521707948046,2.12187307743965,0,15.6403836531154,2.65150936543929,565.041670315878,15.0186823320091,1117.20613443685,9.6910817753204,1405.50346477916,1.85189556470052,4.29544239470401,1837.26102404811,863.10891508419,4.43856676505487,0.594658187354303,6.69983364135212,6.27005044714986,3.04307954226064,9.81835163742892,16.6927731936559,781.936064337394,3.71387901455181,26.7411382106632,1505.65329249486,3.46583342782184,41.4588756155085,0,2.15630898160147,3.37166418957227,0,6.41566962069995,0,1428.67352396657,3.7119615517296,0,5.04755286466091,2427.24474268548,316.770250617296,0,4.197826199128,0,6.92488241198797,9.24334085403459,1.91161335429392,2.96324795558884,6.55008607918834,4.39470432842389,22.3381452697052,8.72608351511071,658.736768587258,0,463.238442500759,188.171957171936,5.83778751226636,3.84185565392003,4.66828027641099,1143.00269921631,219.582239115091,2.83977741817713,2.87530699886466,581.180658020406,77.770708815354,5.39520927060888,4.82984205601803,1306.14046414422,412.372171525745,0,2232.49809786038,559.969343635553,39.579350049247,14.9054853990109,227.280174502208,20.2537798442775,255.964194977545,17.9715426902638,2.47762215354032,846.046555329482,206.16314324954,6.37131163586163,18.4446295789834,2.21084900934921,60.7236772698159,8.53919674060293,"BB vs. BC","BB"
"LOC111109782",247.957413866749,21.7153372668208,2.85386340706597,7.20221773223498e-15,1.2845986350564e-11,0,51.1339075407079,0,69.1018447557119,0,46.4976885481331,1160.73315084207,0,25.3746639387372,184.622128747931,0,0,0,0,0,397.73323247412,0,0,118.054996172085,0,1280.58578299041,187.567651235408,0,1325.89428731683,158.678761850712,0,453.355409731493,0,3209.43455723756,56.7282539051449,0,161.153731692177,0,0,0,185.422088388469,6.78417964617412,0,0,30.3449777061504,236.632558136216,0,192.937615499021,1521.64577064552,60.8761694483655,126.526440526734,0,30.2387941110793,0,0,0,52.9072468663867,0,0,109.917767871901,273.606561232703,0,0,32.9753573028981,0,0,219.191543652282,0,259.372157182938,0,94.1254635210407,0,1115.17679080843,0,0,0,2505.11242791993,0,4002.34607724669,0.689977436574005,0,174.038792821349,89.1693849194983,71.7588674312264,17.0031177217273,761.902488448006,1390.27527448956,0,0,75.6012390229036,0,0,0,210.806457286692,286.709023613773,23.0557869737293,264.19645661723,0,0,"BB vs. BC","BC"
"LOC111110380",321.118217185825,22.740724367301,2.46052108110598,5.93041494147728e-21,2.75017062496067e-17,0,1150.0116068469,0,557.188292523905,0,905.542484474892,777.750131528698,1288.73818118759,509.699771291156,969.016686563462,0,0,1416.08868285544,0,0,467.862517797012,0,0,0,410.052667762082,975.948962597175,36.5112603549841,0,217.670011479566,0,0,2812.81349042766,0,1381.55811218633,0,91.8102525651075,1189.35993530564,235.83131742404,1.11421409211097,52.0571617085988,38.9906260629957,0,0,0,571.497080132499,905.554897802662,0,1035.82164280535,299.835495539622,688.940064001014,1669.03260518354,1.00951057293218,265.170963743311,1.02847483966655,0,0,83.1399593614648,0,0,2.86742003144088,767.48122049751,527.281929374662,0,1113.7160998753,83.3825758110579,0,0,116.714373208199,48.822994293259,88.5397772693731,652.154997252925,0,385.2818087246,0,0,0,457.077903740669,1.16075684799036,954.052839352671,0,0,47.6666757408791,107.408577289396,275.518614458165,141.692647681061,459.120460571266,977.664337762397,2.00246849781681,2.7618790696742,767.892584932635,653.51064328232,0,19.1824397986398,0,500.147963415138,25.3613656711022,0,0,0,"BB vs. BC","BC"
"LOC144618085",61.4322801935899,-20.3382170349667,2.30714927472727,3.73975214155614e-19,9.6348481006958e-16,50.994095324571,374.981988631858,0,0,23.122855803192,0,0,0,0,0.997957452691516,0,19.0968576969569,0,71.4988966999559,0,0,0,0.7513154905426,81.0526839390433,481.286761493579,0,24.340840236656,27.5483198530859,282.024623569176,0,281.86798080594,0,0,93.3211059626597,0,483.047124291418,15.8883960823273,352.818506382422,0,18.0197867452842,56.319793202105,0,1.0528496792392,38.8135616688265,66.5903677440523,0,0,86.7244837344084,0,0,9.30341474461282,242.282537503724,2.32606108546764,0,39.5315863308585,97.599459129726,69.1033428458928,23.0829413732932,0,3.82322670858784,0,0,0,206.361913443943,359.708553789564,30.5374660934491,0,0,38.65153714883,150.809510733548,0,0,0,0,38.3369951453912,32.5868126537994,24.4136565796203,41.7872465276529,0,176.634223762945,29.6543758629234,44.3410937124457,43.5714039947549,0,15.8695765402788,0,21.6807060349249,0,100.348272864829,0,0,188.299283669064,0,102.15290881734,80.703280720914,58.7922567830097,0,216.870275963628,353.309265142446,"BB vs. BC","BB"
"LOC111108758",287.915396564828,1.38728493020214,1.44740493429269,0.000243695508079024,0.0491214575617302,0,82.2153023203538,184.308767213468,196.809051519433,64.7439962489375,292.935437853239,125.042319126247,228.031335502368,185.345371378602,511.952173230748,79.6915636616049,119.88582887534,506.270047238473,46.9211509593461,90.1513184249359,58.1071221246825,529.944933715178,27.7986731500762,65.1945501248827,769.876166867339,1754.67104755374,65.1475429863441,189.65958668086,722.096603299602,267.423647594556,181.370747143063,761.54775723369,203.77663953237,444.289613170054,260.731782371723,71.9875843976411,37.4512193369144,91.9185056101572,447.914065028608,39.0428712814491,120.437711616809,258.55262429308,636.974055939717,108.893603570874,137.39531572507,17.4145172654358,343.238324707448,164.679075855225,141.782676185403,52.7098540345604,701.477471743807,151.426585939827,50.0103133375542,335.282797731294,102.236861200496,105.995111527982,44.2693290106501,754.812182906688,244.948532631917,558.191099453825,147.174648460912,243.990706449766,128.325366389977,39.3576845228138,111.499956026415,723.083572141312,73.8988632884838,129.381049370329,100.697425729847,181.944377465635,688.652625965165,424.8135051534,831.566570497262,86.5660750357571,79.5137677089595,236.73360957319,912.121336099703,81.252979359325,181.638712110499,174.564291453223,84.9193490620079,126.37211708047,54.7175771096921,182.49786038065,376.335672240898,1024.11568252427,29.1334487344304,1155.4243232403,927.991367410531,50.7608319153781,154.391889475448,1090.15374755774,175.670764471754,364.035820512702,385.464353969629,133.72356444763,120.491271009532,281.931358752717,34.1567869624117,"BB vs. BC","BC"
"LOC144618125",25.4240333592821,-21.3133679821005,2.81453678004615,9.88793217160011e-15,1.6376534518778e-11,167.14731245276,0,3.800180767288,0,0,0,0,0,0,0,0,0,0,96.0766424405658,0,4.00738773273672,0,0,164.748390180447,26.484470746326,0,0,2.11910152716045,0.946391354258981,51.0435177981311,0,1.11663894022535,0,180.556052840798,0,0,0,154.1259791039,0,0,1.73291671391092,10.5531683384931,0,0,0,11.2682170541055,1.06927827011666,78.9290245223268,2.32430616697382,0,83.7307327015154,2.01902114586436,1.16303054273382,0,0,0,167.359658454897,0,12.9406771956484,0,0,0,0,15.9558180497894,0,2.18124757810351,102.706894739927,0,0,0.972964585377727,0,152.88617905246,0,0,0,24.9193273234937,0,0,0,144.895261680541,0,333.666730186154,118.554750404333,109.853081005828,6.80124708869093,2.96845125369353,0,31.0382617161606,0.920626356558067,0,0,113.970619062855,0,0,0,2.30557869737293,0,0,0,"BB vs. BC","BB"
"LOC111107165",52.2644490533242,-5.45396331527775,4.21420641051249,4.36396145552483e-05,0.0174460645291818,135.984254198856,0,488.323228596508,0,4.62457116063839,0,0.654671827886109,0,0,9.97957452691517,49.4289445496031,0,0,0,0,59.1089690578666,0,107.438115147592,0,236.533721493049,0,32.21581796028,309.388822965426,136.280355013293,5.54820845631859,11.8931637470861,0,0,0,0,16.6927731936559,160.018846257725,0,0,117.128613844347,1.73291671391092,0.753797738463791,0,0,0,6.14630021133029,1.06927827011666,1.94886480302041,255.67367836712,1.48478462069184,11.1640976935354,5.04755286466091,316.344307623599,64.7939148989923,0,0,0,0,0,0,0,0,0,0,10.6652131851353,59.9843083978464,0,27.1428774902789,52.8915771510306,2.91889375613318,0,0,175.517268418985,73.8978689329634,0,0,144.447468096087,43.5283817996384,0,0,407.073705027403,110.852734281114,49.6511347847206,678.608548794067,79.3478827013942,0.989483751231176,0,62.0765234323213,80.0944930205518,64.8010620196316,15.5208777779551,68.1346092223589,77.7393612892245,49.2191287938091,0,0,6.63254702804762,15.180919317454,8.53919674060293,"BB vs. BC","BB"
"LOC144618073",95.0461079229658,20.7894260141,2.1566081130839,1.668729433854e-22,1.28976097942575e-18,0,251.659035151327,0,0,0,383.605930522098,428.155375437515,128.976999718534,289.050519649963,42.9121704657352,0,0,34.5898790038708,0,111.36339334845,182.336141839521,0,0,0,22.8314402985569,117.595368358483,70.1588924468321,258.530386313575,17.0350443766617,19.9735504427469,0,290.326124458592,281.107261713885,0,0,0,21.5628232545871,0,157.104186987646,26.0285808542994,6.93166685564369,150.759547692758,0,0,420.61510764914,0,0,0.974432401510207,121.638689404963,1.48478462069184,26.9799027593772,1.00951057293218,224.464894747627,25.7118709916636,69.5210656163374,218.286962354656,2.15947946393415,347.398267668063,0,0,1329.51058274086,88.4261620690426,203.035339973184,269.121464439781,3.87825934004921,19.6312282029315,0,41.6190788184276,44.7544114354874,0.972964585377727,0,0,14.9831814504011,0,178.905977345159,193.60400459022,149.194567986569,0,0,233.902350998588,105.138241695819,74.2713319683465,16.2126154399088,0,0,188.991396485155,63.687073977592,19.0234507292597,152.823975188639,0,355.346412284761,0,50.4801047332626,3.71465122972145,0,0,380.266029608063,0,0,"BB vs. BC","BC"
"LOC111106155",1429.07251170143,-2.78392702425819,3.49949080164468,0.000213859745054993,0.0454932652164232,2579.92348938385,2.00525127610619,11726.4078026589,1.74941379128385,17.342141852394,2.32488442740666,30.7695759106471,12.3817919729793,5.51623129102983,0,3353.09819760981,74.2655577103879,26.2044537908112,0,0,1169.15537102594,3.21828907114481,4310.29696924289,0,8214.75221942077,1.85189556470052,1.431814131568,7635.12280235911,6409.90864239608,73.2363516234054,0,2.2332778804507,0,7.1005189319415,62.1828937037165,205.529769946889,4883.41202444675,0,152.647330619202,7085.7805879512,6.93166685564369,93.4709195695101,0,0,1.68583209478613,0,29.9397915632665,25.3352424392654,7087.58427182549,14.1054538965725,4.65170737230641,18.1711903127793,3430.94010106477,2819.049535526,0,231.929897501822,0,2.30829413732932,0.924334085403459,0.955806677146961,27.6569809188292,42.5755595147242,3.51576346273911,77.6516478423084,1.9391296700246,6774.95497758949,5.01009242633788,2530.620944677,5167.10022936991,33.0807959028427,32.6557730583202,18.673121105644,9549.6377201378,381.101866925711,0,159.100320603844,3352.13067980731,89.9586557192527,0,0.689977436574005,4764.91903070156,3410.93863382988,0,12734.9841891837,3221.5240376766,487.81548935697,60.299463659635,465.573925742409,0,1843.59021445852,0,9.91048861416129,4670.41928992146,1939.97660472202,0,140.640300539749,0,391.450848114349,124.885752331318,"BB vs. BC","BB"
"LOC111134517",166.189333525542,-3.47869513410096,2.89996275591872,0.000109136534530209,0.0320322636221767,14.1650264790475,5.01312819026548,63.653027852074,0.874706895641923,6.93685674095759,11.6244221370333,2.61868731154444,17.5408719617206,1.10324625820597,0.997957452691516,1.00875397040006,1438.62994650409,0,0,6.62877341359823,4.00738773273672,1.07276302371494,29.3013041311614,8.81007434120036,5.47954567165366,0,0,16.9528122172836,16.0886530224027,1449.19204879042,9.51453099766885,4361.59170052023,4.18003363143324,2.02871969484043,6.54556775828594,217.006051517527,2.2697708689039,0.928469753637951,14.4847831974426,4.0043970545076,8.66458356955461,62.5652122924947,6.31709807543521,7.54708143560516,0,3.07315010566514,10.6927827011666,8.76989161359186,72.8282598985129,0,0,9.08559515638963,38.380007910216,10.2847483966655,7.49736982136972,19.939674445858,29.152972763111,8.07902948065263,0,5.73484006288177,0,0,2.63682259705433,0,8.72608351511071,5.45311894525876,5.01009242633788,0.904762583009296,75.2687828687743,1121.82816694052,13.4464947887201,21.0072612438494,4.28090898582889,12.6682061027937,0.709944354544282,5.75061399772931,11.5286711625985,4.64302739196143,6.29441081571036,3.44988718287002,16.1751141070491,189.558175620705,5.06644232497149,2302.48514140441,0,1.97896750246235,7.45274269950545,3409.20261753313,2.7618790696742,2.16003540065439,0,0,55.5281152065889,5.57197684458217,2.12377054528721,3.4583680460594,19.8976410841428,24.9400817358173,236.962709551731,"BB vs. BC","BB"
"LOC111100591",24.8111713312268,-18.9461169775616,1.74174782040995,5.39631585441117e-28,1.25124375716232e-23,41.5507443385393,0,85.50406726398,0,6.93685674095759,0,0,0,0,0,6.05252382240037,16.9749846195172,0,0,0,12.0221631982102,2.14552604742987,15.7776253013946,0,52.0556838807097,0,32.9317250260641,139.86070079259,40.6948282331362,0,1.78397456206291,0,0,0,2.18185591942865,9.38968492143145,153.209533651013,0,2.22842818422193,69.0758491902562,13.8633337112874,777.919266094633,0,10.7815449080074,10.9579086161099,18.4389006339909,0,1.94886480302041,48.8104295064501,4.45435386207552,13.0247806424579,7.06657401052527,36.0539468247484,19.5410219536644,3.40789537334987,14.692391696948,36.7111508868806,18.4663530986346,0,24.850973605821,1.97549863705923,0,1.75788173136955,0,16.4826021952091,15.2687330467245,6.26261553292235,10.8571509961115,7.12002000110027,19.4592917075545,0,4.66828027641099,69.5647710197195,13.7238899446932,0,2.87530699886466,21.7010280707736,4.64302739196143,116.896200863192,0,10.7834094046994,13.3023281137337,10.132884649943,62.0138360516771,5.66770590724244,7.91587000984941,0.677522063591404,4.00493699563363,22.0950325573936,12.9602124039263,8.98577134513189,16.1045439980121,29.2784607452923,35.2891866823537,2.12377054528721,23.0557869737293,0,2.16870275963628,1.06739959257537,"BB vs. BC","BB"
"LOC111100324",43.0932689634997,1.15705142731463,1.22055607479644,0.000226056274577263,0.0459786564791491,11.332021183238,24.0630153132743,18.050858644618,121.584258494227,20.8105702228728,68.5840906084963,9.16540559040553,8.25452798198618,28.6844027133551,151.689532809111,17.1488174968011,22.2796673131164,26.2044537908112,55.8585130468406,29.1666030198322,32.0591018618938,24.6735495454435,33.809197074417,22.0251858530009,17.3518946269032,319.45198491084,35.7953532892001,23.310116798765,17.0350443766617,15.5349836776921,82.6574880422482,46.8988354894648,12.5401008942997,12.1723181690426,60.0010377842878,27.1257564396909,24.9674795579429,42.7096086673458,13.3705691053316,22.0241837997918,15.5962504251983,229.908310231456,46.3253858865249,8.62523592640589,24.4445653743989,144.438054966262,22.4548436724498,18.5142156286939,20.9187555027643,63.1033463794032,22.3281953870708,25.2377643233045,23.2606108546764,29.8257703503298,28.6263211361389,16.791304796512,30.2327124950781,45.0117356779218,35.1246952453314,45.8787205030541,40.4977220597141,22.9253012771592,73.8310327175213,55.3135025726032,60.1130197707627,14.1781092576728,21.292892811936,55.190517563567,110.868882874276,34.0537604882204,43.2208761066003,122.542357255788,64.2136347874334,41.1716698340796,73.8342128726053,3.83374266515287,34.5860134877954,24.3758938077975,23.3792401726385,6.20979692916604,9.43548322911199,26.6046562274674,17.2259039049031,39.8660374617924,143.959730043958,26.7160612832418,83.3352138217427,26.0320904716186,16.5712744180452,64.8010620196316,16.337766082058,24.7762215354032,38.3648795972796,31.5745354526323,29.7327876340209,17.291840230297,60.7983477571032,6.50610827890885,50.1677808510422,"BB vs. BC","BC"
"LOC111129345",1077.04070643915,-1.33603283516838,0.695998956322968,2.02408754939663e-05,0.0106146037828352,4489.36905875945,333.874337471681,1369.96516660732,637.661326922962,983.877514425818,666.079388452007,449.104873929871,555.117006788571,347.522571334879,703.560004147519,2034.65675829693,791.458657884991,602.702437188659,1005.45323484313,890.907146787602,780.438760950476,340.065878517634,2214.12675062904,1291.55689841997,699.555330747783,776.870189391869,1559.96149634334,2013.14645080243,726.828560070897,864.410877494437,1565.73500730388,658.816974732958,1563.33257815603,549.783037301756,2282.22129172237,655.191347850995,1694.38395363676,497.659787949942,611.70353656892,782.859624156236,906.315441375412,578.916663140192,1093.91081672953,1923.42761158851,450.960085355291,439.460465110116,526.084908897396,1714.02659425645,1197.01767599151,2216.78343869292,1564.83436004388,462.355842402939,614.080126563457,1367.87153675651,596.381690336228,775.548390288898,463.208345013875,397.026591620643,525.946094594568,1470.03066945203,522.519389502165,2030.52668454839,642.505772815572,2710.36162605756,738.808404279374,959.748934365542,325.656007711962,559.143276299745,820.836591555417,2199.87292753904,485.994740220884,503.007199783284,955.7129310863,778.038991479915,2175.26950232368,631.609104083936,719.524711971588,1123.61262885467,639.332298567153,606.49016674855,3009.91915008673,798.139686824022,524.883424867047,3981.28827451767,710.730320768202,688.680690856899,2300.86492795641,688.849163248984,1284.2737673985,1315.46155899852,775.227000593651,386.50905595229,780.422419176241,585.057568681128,1405.93610098013,2403.56579201128,935.189130954714,634.345557193613,629.765759619466,"BB vs. BC","BB"
"LOC111128241",140.57285089892,-3.47450466838421,1.93201710419297,4.90364864862928e-05,0.0190014472983187,111.431541635174,78.2047997681415,1551.42379824533,8.74706895641923,18.4982846425536,17.4366332055499,5.23737462308887,0,8.82597006564773,43.9101279184267,55.4814683720034,10.6093653871983,26.2044537908112,26.8120862624835,3.97726404815894,14.0258570645785,19.3097344268688,107.438115147592,1.76201486824007,3.6530304477691,2.77784334705078,25.772654368224,4308.1334047172,88.9607873003442,188.639087514832,8.91987281031455,27.9159735056338,8.36006726286648,47.6749128287501,43.637118388573,1585.81345339731,39.7209902058183,7.42775802910361,6.68528455266579,39.0428712814491,22.527917280842,16.5835502462034,9.47564711315282,21.5630898160147,18.5441530426475,21.512050739656,51.3253569655996,6.82102681057145,795.687477827369,112.101238862234,33.4922930806062,17.1616797398471,79.0860769058997,98.7335846079883,9.54210704537964,26.23641374455,0,372.789503178686,12.9406771956484,25.8067802829679,1.97549863705923,6.55008607918834,22.8524625078042,21.2744240663859,14.5434725251845,91.6123982803472,13.7777541724292,42.5238414014369,15.2571857166434,54.4860167811527,11.5255669617601,46.6828027641099,13.9129542039439,91.8444942452545,16.3287201545185,19.1687133257644,57.6433558129924,341.262513309165,17.0848293569281,93.1469539374907,610.610557541105,27.7131835702785,32.4252308798176,132.000879595713,31.7391530805577,85.0956026058811,39.9738017518929,42.0518384541531,3.68250542623227,15.1202478045807,8.16888304102899,61.9405538385081,157.497926767779,28.7885470303412,13.8045085443669,199.432557322759,50.8495272150317,326.389765325261,58.7069775916451,"BB vs. BC","BB"
"LOC111131584",6.3337030546703,-20.4928436797661,2.31997789587944,3.14777558201238e-19,9.12343405251515e-16,16.0536966762538,3.00787691415929,17.100813452796,0,1.1561427901596,0,0,0,0,1.99591490538303,5.04376985200031,10.6093653871983,0,0,1.32575468271965,0,22.5280234980136,6.7618394148834,0,0,0,0,0,1.89278270851796,22.1928338252744,0,74.8148089950986,1.04500840785831,0,0,16.6927731936559,0,0,4.45685636844386,0,0.866458356955461,9.79937060002929,0,12.9378538896088,0,3.07315010566514,0,0,3.09907488929842,0,0.930341474461282,9.08559515638963,0,21.5979716329974,5.45263259735979,2.098913099564,0,0,6.47033859782421,0,0,0,0,0,0,3.27187136715526,0,7.23810066407436,0,17.5133625367991,0,0,0,1.05568384189948,0,5.75061399772931,1.35631425442335,2.90189211997589,10.7904185412178,0,0,2.21705468562228,0,213.504778406488,0,0,1.35504412718281,29.0357932183438,0,0,0,0,0,0,0,2.30557869737293,1.1054245046746,0,13.8761947034798,"BB vs. BC","BB"
"LOC111130578",81.1495542398913,-2.96720301665828,2.61647448004621,0.000145807377894774,0.0361336836119435,166.202977354157,4.01050255221238,481.672912253754,9.62177585206116,5.78071395079799,1.16244221370333,3.92803096731665,0,4.41298503282386,3.99182981076607,192.672008346412,66.8390019393491,7.33724706142715,0,0,145.267805311706,6.43657814228961,455.297187268815,5.28604460472022,314.160618508143,0.925947782350261,3.57953532892001,526.596729499372,172.243226475135,34.3988924291753,6.54124006089734,91.5643930984789,5.22504203929155,6.08615908452129,2.18185591942865,0,212.223576242515,6.49928827546566,13.3705691053316,287.315488660921,13.8633337112874,6.78417964617412,3.1585490377176,7.54708143560516,12.643740710896,4.09753347422019,8.55422616093327,11.6931888181225,344.772081434449,7.42392310345921,0.930341474461282,18.1711903127793,375.658865303024,70.9647639369916,1.36315814933995,29.384783393896,0,5.77073534332331,8.31900676863113,6.69064674002873,9.87749318529613,8.18760759898543,0,0,1.9391296700246,181.043548982591,1.25252310658447,57.9048053125949,62.0458885810166,30.1619021467095,1.92092782696001,0,360.666582056084,60.1739789882702,18.4585532181513,6.70904966401753,185.136895728787,55.135950279542,1.79840309020296,2.75990974629602,528.387060830272,126.37211708047,4.0531538599772,1097.64489811469,123.555988777885,17.8107075221612,11.5178750810539,91.1123166506651,3.68250542623227,108.001770032719,0,1.23881107677016,147.401905821127,93.7949435504665,4.24754109057442,13.8334721842376,19.8976410841428,6.50610827890885,3.2021987777261,"BB vs. BC","BB"
"LOC111130610",27.4306543417924,-2.94930803920718,2.34620933770918,0.000122245799784091,0.03374420666183,62.326116507809,0,104.50497110042,0,10.4052851114364,0,1.30934365577222,0,16.5486938730895,0,61.5339921944038,23.3406038518362,3.14453445489735,8.93736208749449,6.62877341359823,17.0313978641311,0,58.6026082623228,3.52402973648014,51.1424262687675,3.70379112940104,17.181769578816,150.456208428392,77.6040910492364,37.7278175029664,15.4611128712119,117.247088723662,0,0,8.72742367771459,12.5195798952419,89.6559493217041,12.9985765509313,0,103.113224153571,6.93166685564369,9.0455728615655,5.26424839619601,3.23446347240221,15.1724888530752,4.09753347422019,9.62350443104993,11.6931888181225,68.9544162868899,6.68153079311328,7.44273179569026,1.00951057293218,93.0424434187056,24.6833961519971,0,9.445108948038,0,31.1619708539459,8.31900676863113,13.3812934800575,20.7427356891219,9.82512911878252,6.15258605979344,0,16.4826021952091,40.3530801949148,1.25252310658447,83.2381576368552,42.7201200066016,17.5133625367991,11.5255669617601,2.33414013820549,39.5984081189172,28.5034637312859,22.0082749908727,11.5012279954586,59.6778271946274,27.8581643517686,51.2544880707844,6.89977436574005,84.9193490620079,62.0775311974239,4.0531538599772,225.907545616824,37.4068589878001,31.6634800393976,6.09769857232264,52.0641809432372,0.920626356558067,47.5207788143965,0,0,54.5185131119237,31.5745354526323,4.24754109057442,18.4446295789834,4.42169801869841,6.50610827890885,2.13479918515073,"BB vs. BC","BB"
"LOC111128165",2490.69052668494,-3.55698185921808,3.33387219556115,0.000118219175962509,0.0332047454880787,4176.7941411218,4.01050255221238,1400.36661274563,3.49882758256769,127.175706917556,0,67.4311982722692,24.7635839459586,105.911640787773,1.99591490538303,7399.21037288446,7.42655577103879,31.4453445489735,31.2807673062307,182.954146215311,6715.37999313356,26.8190755928734,11250.9494708754,32.5972750624413,708.687906867206,11.1113733882031,1.431814131568,15263.8883001367,9656.97737885864,3.32892507379116,0,13.3996672827042,14.6301177100163,127.809340774947,43.637118388573,58.4247061777957,2660.17145835537,14.8555160582072,17.8274254737755,11770.9251417251,12.1304169973765,18.091145723131,8.42279743391361,9.70339041720663,53.9466270331563,80.9262861158488,12.8313392413999,56.517079287592,8822.29144111028,123.979515827769,29.770927182761,70.6657401052527,12636.3268468029,14188.8388880397,103.600019349836,12.593478597384,0,19.6205001672992,240.326862204899,5.73484006288177,70.1302016156025,19.650258237565,56.2522154038257,4.25488481327717,0,8510.13742597082,5.01009242633788,11134.0083465124,11662.5927618022,9.72964585377727,11.5255669617601,64.1888538006511,8608.9079705019,14.7795737865927,0,44.0880406492581,5006.8340702038,79.5118440873395,20.681635537334,2.75990974629602,12465.6212718325,10302.6531240868,35.4650962748005,15997.7978774455,7561.85322144287,20.7791587758547,45.3939782606241,48.0592439476035,0,3384.77547282542,113.547474270303,47.0748209172661,20755.3998621283,9397.13894838783,8.49508218114884,13.8334721842376,86.223111364619,1.08435137981814,51.2351804436176,"BB vs. BC","BB"
"LOC111129659",288.027178908786,-2.90473776735061,0.552620288469238,7.19818169347918e-08,8.34521194633508e-05,485.388240682027,174.456861021239,205.209761433552,184.563154980446,86.7107092619699,105.782241447003,115.222241707955,201.204119560913,80.5369768490355,427.125789751969,151.313095560009,6263.76932460186,141.504050470381,176.512901228016,160.416316609077,150.277039977627,205.970500553268,148.760467127435,323.329728322053,1459.38566388376,230.560997805215,214.056212669416,125.026990102467,201.581358457163,277.41042281593,208.72502376136,127.29683918569,172.426387296621,269.819719413777,200.730744587436,252.478194554046,147.535106478754,185.69395072759,727.581802148461,154.169286598543,114.372503118121,236.69248987763,193.724340980013,132.613002368491,212.414843943053,299.119943618074,161.461018787616,203.656371915633,144.106982352377,95.0262157242778,203.744782907021,252.377643233045,226.790955833095,262.261084114969,174.484243115513,156.369025917518,268.855193259802,400.489032826637,119.239097017046,207.410048940891,125.444163453261,112.988984865999,76.4678553145756,334.008457842258,115.378215366464,151.596706678194,253.009667530063,284.095451064919,101.71457144429,275.348977661897,296.783349265322,232.246943751447,193.711131608757,206.914033012297,91.5828217362123,362.288681856947,141.73483958724,124.781361158963,254.474037263719,210.443118155072,132.096765207568,532.093124549348,258.388558573546,652.031190486205,137.158482955267,256.276291568875,112.468662556173,149.183903087353,141.776458909942,165.242708150061,122.533245615435,116.448241216395,208.987633595707,199.662503597528,476.786487416979,191.363031881953,217.768627420897,112.772543501087,138.761947034798,"BB vs. BC","BB"
"LOC111131665",375.595724718869,-25.7391213602568,2.85533512187326,3.23280593811743e-20,1.24931785478548e-16,75.5468078882533,43.1129024362831,0,0,6063.96893438709,0,0,136.199711702772,1573.22916420171,27.9428086753625,0,16.9749846195172,0,437.93074228723,147.158769781881,0,0,12.7723633392242,153.295293536886,0,0,96.6474538808401,208.731500425305,363.414280035449,0,260.460286061185,0,1.04500840785831,0,0,196.140085025457,3969.82924971292,178.266192698487,0,0,42.4564594908176,250.260849169979,0,0,0,83.9994362215139,0,0,0,2029.70057648575,0,0,0,121.360031080652,430.757975191424,0,165.200178990963,38.0868532659338,0.924334085403459,149.105841634926,2087.11431005307,0,4291.86824713877,114.881889958484,368.434637304675,63.2561797650016,0,1522.71542720464,0,384.321011224202,0,0,0,0,163.997145899729,0,3289.74022410384,2864.7479008402,72.8353251532199,0,86.2672752375954,24.3876015418451,0,0,95.217459241673,0,0,98.1209563930239,46.9519441844614,1938.63177208731,0,35.9255212263347,65.6241361532414,0,94.5077892652809,144.098668585808,0,177.833626290175,0,"BB vs. BC","BB"
"LOC111118928",69.5341625018272,-3.48159710916676,3.13920992304005,0.000118859441735047,0.0332047454880787,1.88867019720633,3.00787691415929,2.850135575466,1.74941379128385,0,0,0.654671827886109,0,3.3097387746179,0.997957452691516,2.01750794080012,952.721011770405,1.04817815163245,189.918944359258,0,1.00184693318418,0,0,0,0,2.77784334705078,0.715907065784001,1.05955076358023,0,2.21928338252744,2.37863274941721,1.11663894022535,1.04500840785831,1.01435984742021,2.18185591942865,6.25978994762097,6.80931260671171,0.928469753637951,0,0,0.866458356955461,0.753797738463791,3.1585490377176,0,0,1.02438336855505,0,2.92329720453062,3.87384361162303,1.48478462069184,0.930341474461282,0,0,0,2.7263162986799,4.197826199128,707.229524438434,1.15414706866466,4.6216704270173,0.955806677146961,8.88974386676652,0,4.39470432842389,2.12744240663859,0,1317.47353717452,776.564326082372,2.71428774902789,6.10287428665738,0,11.5255669617601,0,842.268842961834,1.05568384189948,0.709944354544282,4.79217833144109,0,2.90189211997589,5.39520927060888,4.82984205601803,249.366342483674,0,0,0,3.40062354434547,0,6.77522063591404,2.00246849781681,0,5.40008850163597,573.455589480235,765.585245443959,0,0.928662807430361,5.30942636321803,2.30557869737293,2.21084900934921,1.08435137981814,1.06739959257537,"BB vs. BC","BB"
"LOC111122187",7.69081430762908,3.60910176330862,1.89204638779321,4.12760610944639e-05,0.017054737680159,0,3.00787691415929,4.75022595911,1.74941379128385,0,1.16244221370333,214.732359546644,0,1.10324625820597,3.99182981076607,0,2.12187307743965,4.1927126065298,0,11.9317921444768,11.020316265026,5.36381511857468,3.0052619621704,2.64302230236011,13.6988641791341,1.85189556470052,0.715907065784001,1.05955076358023,10.4103048968488,5.54820845631859,14.8664546838576,0,9.40507567072478,13.1866780164628,56.7282539051449,12.5195798952419,1.13488543445195,3.71387901455181,5.57107046055483,0,2.59937507086638,47.4892575232189,3.1585490377176,14.0160083804096,5.90041233175147,3.07315010566514,6.41566962069995,0,5.42338105627224,1.48478462069184,3.72136589784513,10.0951057293218,1.16303054273382,1.02847483966655,8.86052797070966,3.148369649346,2.15947946393415,1.15414706866466,7.39467268322767,0,1.97549863705923,8.18760759898543,1.75788173136955,0,0,14.1781092576728,5.01009242633788,3.61905033203718,0,10.702610439155,0,5.83535034551373,10.7022724645722,5.27841920949739,2.12983306363284,0.958435666288219,1.35631425442335,2.90189211997589,4.4960077255074,0,5.39170470234971,1.10852734281114,18.2391923698974,3.54364777438155,0,13.8527725172365,1.35504412718281,11.0135767379925,1.84125271311613,2.16003540065439,2.4506649123087,1.23881107677016,4.03840837866101,5.57197684458217,3.18565581793082,1.15278934868647,0,5.42175689909071,12.8087951109044,"BB vs. BC","BC"
"LOC111118265",6304.6197888294,1.006933290261,0.954643687733452,0.000138764817564794,0.0357504424986098,1599.70365703376,2425.35141845044,1752.83337891159,8978.86628376434,882.136948891773,8235.90308408808,4682.21291304145,6426.15003397624,6288.50367177401,2144.61056583407,2453.28965601295,7481.72447105222,4143.44823340307,20676.5871894185,25188.0132169905,3529.50674560787,3908.07569539351,2981.21986647304,18230.6868342459,3794.58537762016,26905.2647117515,2541.4700835332,9544.43327833067,3740.13863203149,5935.47340656963,15396.8897869776,21150.2581668084,2502.79513682065,6392.49575844219,11298.7408787613,3867.50688930516,2282.25460868287,3104.80285616531,2154.89005414261,3648.00571665643,1976.39151221541,8008.34717343932,11851.9288391957,1946.06885589533,4165.69110621654,6651.32121202793,1612.47163133592,1420.72244140188,3304.38860071444,3544.18088959142,4761.48766629284,5725.94396967133,4539.3082082901,4534.5455680898,7112.95922325585,1618.26199976384,1092.69660875068,5292.91845689614,4541.25336158719,6624.69607930559,5336.8095680155,5818.11395983905,4146.84300430078,3857.05308323576,9538.57884685102,6533.92712020905,13767.7339875765,9249.38788610403,5257.62619795533,3755.64329955803,4164.57152884931,6523.92168628436,12940.1176369143,4755.85570775714,2876.69452461343,4082.93593838781,11764.6698428681,6875.74318907088,6015.6583367289,903.870441911947,2722.8108746866,2387.7678964152,3955.87816733774,6168.60486325468,7660.47130422888,10929.8375160996,2998.03513139196,6038.4437551666,10325.7452151553,4766.11811154391,2012.81278130954,5552.35124608386,6028.33410724623,8509.3373044844,5908.32965698902,2131.50750572127,24838.8886200383,3343.05530397933,1595.76239090017,"BB vs. BC","BC"
"LOC111107588",50.8289043330691,4.08641276275355,1.14057859308873,4.21449644315351e-06,0.00356441562084104,26.4413827608887,23.0603896752212,2.850135575466,43.7353447820962,1.1561427901596,473.113980977254,79.2152911742192,68.099855851386,13.2389550984716,95.8039154583856,1.00875397040006,4.24374615487931,129.974090802424,91.6079613968186,19.8863202407947,61.112662924235,80.4572267786201,10.5184168675964,61.6705203884025,42.0098501493447,142.59595848194,5.01134946048801,3.17865229074068,3.78556541703592,26.6314005903292,8.32521462296025,137.346589647718,1.04500840785831,17.2441174061436,2.18185591942865,22.9525631412769,9.07908347561561,18.569395072759,11.1421409211097,64.0703528721216,6.93166685564369,126.638020061917,134.764758942618,87.3305137548597,7.5862444265376,4.09753347422019,8.55422616093327,32.1562692498368,0,9.65110003449697,50.2384396209092,22.209232604508,12.793335970072,47.3098426246611,61.3421167202977,6.296739298692,184.63549416637,33.4702649912752,1.84866817080692,5.73484006288177,162.978637557386,58.9507747126951,200.398517376129,12.7646544398315,51.386936255652,187.587291716901,40.0807394107031,38.0000284863904,123.07463144759,15.5674333660436,50.9045874144404,17.5060510365412,9.63204521811501,104.512700348048,25.5579967635941,2.87530699886466,0,4.06264896796625,151.065859577049,51.0583303064764,0,230.573687304718,32.4252308798176,11.51685526674,12.4689529959334,87.0745701083435,62.3320298504092,3.00370274672522,35.9044279057646,19.4403186058895,82.5057187143928,3.71643323031048,4.03840837866101,69.6497105572771,10.6188527264361,41.5004165527128,81.8014133459206,13.0122165578177,22.4153914440827,"BB vs. BC","BC"
"LOC144620495",2954.60577761929,2.56793620154721,0.671265146726772,2.63275270699688e-06,0.00254356820904737,596.819782317201,2976.79551937964,1008.94799371496,2631.11834209091,2200.13972967372,4850.87135778399,1352.5519964127,1623.04656445803,1392.29677785593,995.961537786133,1444.53568561289,1866.18737160818,1297.64455172097,3105.73332540434,1930.2988180398,1339.46934966725,1881.626343596,1697.22169313573,1761.13386080595,1475.82430089872,37263.8425529039,4333.38546919056,3373.60963123944,3435.4006159601,1934.10546787266,1829.76324248919,6283.32731664806,1766.06420928054,2685.01051612131,4663.71702777874,3333.33814710817,503.889132896666,4232.89360683542,742.066585345903,1496.64339912222,984.296693501404,1885.24814389794,5868.58411207931,769.802306431726,472.87590258751,2222.91190976445,2023.07448706072,238.735938370001,3669.30466892933,14317.0357050211,3135.25076893452,967.11112886903,628.036493076263,1932.50422373344,4961.89566359741,1727.40548094117,742.860935593348,1636.58054336649,1119.36857742359,4319.29037402712,2201.69323100251,740.159726948283,3570.25779641156,3228.39385207405,2825.31192922585,700.180472571225,7220.79570945947,1706.38223155553,1490.11847165884,4170.12621292894,1061.31262439541,6092.10576071634,13019.3144531521,5364.98528453314,1540.57924936109,1022.65085592953,6374.67699578975,2983.14509933522,840.753444669884,216.652915084238,682.050644847238,415.697753554178,4490.89447685473,1840.03910684762,4007.06807642041,3746.18548216123,2672.1470188045,2796.44725720118,4340.75327117128,1531.46509906396,610.215563164866,4510.51113052016,2644.1478859283,825.581235805591,1724.50168277321,1661.1694514572,958.403045552881,1060.49564946214,1918.11706785793,"BB vs. BC","BC"
"LOC111111873",2694.36401736873,-7.60224249143968,2.15499587743034,1.20043568291267e-06,0.00132545248474743,11736.1966054401,10.026256380531,13288.2820980143,27.1159137648996,4.62457116063839,0,25.5322012875583,0,0,33.9305533915116,7746.22173870208,276.904436605875,19.9153848810165,49.1554914812197,5.30301873087858,4877.99271767377,6.43657814228961,14994.0032447587,13.2151115118005,11065.0292262926,8.33353004115235,6.44316359205601,16360.5233404423,9008.69930119124,55.4820845631859,9.51453099766885,270.226623534535,31.3502522357493,14.201037863883,24.0004151137151,73.0308827222446,10129.9873879181,9.28469753637951,52.3680623292154,9014.89886896024,14.7297920682428,621.883134232628,8.42279743391361,3.23446347240221,22.7587332796128,1.02438336855505,33.1476263736164,58.4659440906124,12468.3530483699,22.2717693103776,22.3281953870708,22.209232604508,7700.42522344062,4639.45000173579,24.5368466881191,12.593478597384,21.5947946393415,96.9483537678315,25.8813543912969,22.9393602515271,3.95099727411845,9.82512911878252,5.27364519410866,159.558180497894,19.391296700246,7007.25784465751,11.2727079592602,4193.57457224809,9914.11927867491,187.782164977901,13.4464947887201,19.8401911747467,16034.1446064221,1996.29814503191,10.6491653181642,27.7946343223583,7833.39297642206,70.2257893034166,3.59680618040592,23.4592328435162,5732.73002477333,7500.29600146019,36.4783847397948,30219.3423079823,7870.17642279686,39.579350049247,14.2279633354195,3716.58153194801,11.9681426352549,3993.90545580996,9.80265964923479,44.5971987637258,7050.05142704746,4193.84123835551,16.9901643622977,24.2085763224158,30.9518861308889,75.9045965872699,52.3025800361929,"BB vs. BC","BB"
"LOC111115102",22.5217315830023,-1.7354090031811,1.65078979758968,0.000203559071005649,0.0441114409290465,7.55468078882533,13.0341332946902,29.451400946482,8.74706895641923,21.9667130130324,12.7868643507366,19.6401548365833,2.06363199549655,46.3363428446506,5.9877447161491,11.0962936744007,544.260444363271,0,29.0464267843571,5.30301873087858,7.01292853228926,0,11.269732358139,0.881007434120036,5.47954567165366,12.0373211705534,38.6589815523361,12.7146091629627,5.67834812555389,5.54820845631859,23.1916693068178,5.58319470112676,20.9001681571662,8.11487877936172,4.3637118388573,20.8659664920699,5.67442717225976,21.3548043336729,46.7969918686606,47.0516653904643,15.5962504251983,12.0607638154207,17.8984445470664,3.23446347240221,0,9.21945031699543,16.0391740517499,17.5397832271837,10.8467621125445,11.1358846551888,9.30341474461282,26.2472748962367,20.9345497692088,20.5694967933309,11.5868442693896,17.840761346294,57.226205794255,2.30829413732932,17.5623476226657,13.3812934800575,2.96324795558884,3.27504303959417,21.9735216421194,11.7009332365122,28.1173802153567,7.63436652336227,0,22.6190645752324,12.2057485733148,8.75668126839954,3.84185565392003,40.8474524185961,7.49159072520056,8.44547073519582,4.96961048180997,17.2518419931879,6.78157127211675,51.0733013115757,20.681635537334,4.13986461944403,16.1751141070491,49.8837304265014,27.3587885548461,20.3759747026939,12.4689529959334,9.89483751231176,27.7784046072476,54.066649441054,28.5394170533001,10.8001770032719,11.4364362574406,8.67167753739113,31.2976649346228,48.2904659863788,73.2700838124088,13.8334721842376,0,4.33740551927257,12.8087951109044,"BB vs. BC","BB"
"LOC144621807",24.747536529772,18.3735476917618,2.71763546284208,3.40629768552567e-12,4.93636402714273e-09,0,71.1864203017698,0,98.8418792075373,0,0,9.16540559040553,31.9862959301965,0,0,0,0,0,0,0,49.0904997260248,0,0,0,0,70.3720314586198,0,0,0,4.43856676505487,40.4367567400926,142.929784348845,74.19559695794,0,9.81835163742892,0,87.3861784528002,40.8526691600699,0,81.089040353779,0,0,116.866314395551,0,101.149925687168,52.2435517963074,113.343496632366,0,0,0,0,53.5040603654056,83.738199076835,0,0,59.819023337574,0,0,16.6380135372623,0,179.77037597239,65.5008607918834,54.4943336724562,128.710265601634,0,0,0,28.9524026562975,0,0,135.425411800681,0,0,0,13.4889427363414,0,0,88.2175204472672,0,0,8.08755705352457,0,0,0,0,48.4847038103276,0,22.027153475985,39.5869333319969,0,2.4506649123087,0,11.1056230413178,0,76.4557396303396,1.15278934868647,13.2650940560952,0,0,"BB vs. BC","BC"
"LOC111114113",39.5840368204814,-4.76738078745504,1.26345407641651,2.74417461171807e-06,0.00254516706887627,2.8330052958095,1.0026256380531,1309.16227433072,3.49882758256769,5.78071395079799,5.81221106851664,15.0574520413805,0,7.72272380744176,18.9611916011388,11.0962936744007,3.18280961615948,3.14453445489735,17.874724174989,5.30301873087858,24.0443263964203,7.50934116600455,23.2907802068206,5.28604460472022,21.0049250746723,0.925947782350261,21.47721197352,8.47640610864181,333.129756699161,7.76749183884603,8.32521462296025,5.58319470112676,2.09001681571662,10.1435984742021,34.9096947108584,18.7793698428629,32.9116775991066,13.9270463045693,35.6548509475509,288.316587924547,3.46583342782184,36.182291446262,16.8455948678272,10.7815449080074,4.21458023696533,6.14630021133029,23.5241219425665,11.6931888181225,27.1169052813612,3.7119615517296,16.7461465403031,12.1141268751862,22.0975803119426,3.08542451899964,23.8552676134491,27.285870294332,6.47843839180245,10.387323617982,15.7136794518588,7.64645341717569,8.88974386676652,3.27504303959417,9.66834952253255,0,8.72608351511071,14.1781092576728,6.26261553292235,6.33333808106507,8.13716571554317,274.376013076519,9.60463913480007,42.0145224876989,13.9129542039439,21.1136768379895,33.3673846635812,18.2102776594762,6.78157127211675,12.7683253278939,19.7824339922326,64.1679016013825,2.69585235117486,70.9457499399131,33.4385193448119,177.182388719077,2.26708236289698,5.93690250738706,6.77522063591404,99.1221906419323,8.2856372090226,0,15.5208777779551,4.95524430708064,67.6433403425719,11.1439536891643,1.06188527264361,19.5974189276699,1.1054245046746,2.16870275963628,6.4043975554522,"BB vs. BC","BB"
"LOC111118721",92.2077929636372,-2.28875939258759,2.03997688129764,0.000175515228507676,0.0402937782515593,16.998031774857,51.1339075407079,366.717444043292,2.62412068692577,172.26527573378,3.48732664110998,30.114904082761,0,210.72003531734,4.98978726345758,557.840945631234,41.3765250100733,14.6744941228543,138.529112356165,2.65150936543929,33.0609487950779,350.793508754784,21.7881492257354,20.2631709847608,28.3109859702106,2.77784334705078,12.886327184112,10.5955076358023,750.488343927372,5.54820845631859,7.13589824825164,20.0995009240563,391.878152946866,12.1723181690426,478.917374314588,12.5195798952419,41.9907610747222,30.6395018700524,27.8553523027741,4.0043970545076,375.176468561715,6.03038190771033,37.9025884526113,125.065920932885,27.8162295639712,45.0728682164221,12.8313392413999,277.713234430409,4.64861233394763,436.526678483401,3.72136589784513,14.1331480210505,43.0321300811513,9.25627355699891,191.523719982263,36.73097924237,38.8706303508147,45.0117356779218,42.5193679285591,7.64645341717569,15.8039890964738,11.4626506385796,52.7364519410866,70.2055994190733,8.72608351511071,6.54374273431051,11.2727079592602,551.90517563567,34.5829542910585,15.5674333660436,10.5651030482801,347.786880592619,7.49159072520056,326.206307146938,26.9778854726827,16.2934063268997,17.6320853075036,66.7435187594456,8.9920154510148,24.8391877166642,22.9147449849863,305.953546615875,9.11959618494869,110.738992949423,349.130683886134,32.6529637906288,6.77522063591404,39.0481357074279,48.7931968975775,41.0406726124334,22.0559842107783,4.95524430708064,50.4801047332626,3.71465122972145,10.6188527264361,23.0557869737293,6.63254702804762,288.437467031626,0,"BB vs. BC","BB"
