"Gene","baseMean","log2FoldChange","lfcSE","pvalue","padj","B1_B1_O01","B1_W5_O50","B2_B5_O51","B2_C4_O40","B3_B4_O41","B3_C3_O30","B3_C6_O66","B3_H4_O41","B3_W1_O06","B3_W4_O41","B4_B2_O19","B4_B3_O32","B4_C5_O56","B4_H5_O55","B4_W2_O19","B4_W6_O67","B5_B6_O69","B5_H2_O21","B5_W3_O33","B6_C2_O24","B6_H3_O35","B6_H6_O72","C_W5_W52","C1_H2_W13","C1_H6_W62","C2_B2_W16","C2_C1_W03","C2_H1_W04","C2_W2_W15","C3_B3_W30","C3_C2_W17","C3_W3_W29","C4_B1_W07","C4_B5_W56","C4_C6_W67","C4_H5_W56","C5_B4_W46","C5_C3_W33","C5_W1_W09","C5_W4_W45","C6_B6_W71","C6_C5_W59","C6_H3_W36","C6_H4_W48","C6_W6_W72","H1_B2_B13","H1_B6_B61","H1_C6_B62","H1_W4_B38","H1_W5_B49","H2_B5_B51","H2_C1_B04","H2_H1_B03","H2_W2_B16","H3_B4_B41","H3_C5_B54","H3_H4_B41","H3_H6_B66","H3_W3_B30","H3_W6_B66","H4_H2_B19","H4_W1_B07","H5_B1_B09","H5_B3_B34","H5_C2_B22","H5_C4_B46","H6_C3_B36","H6_H3_B35","W1_C1_G02","W1_C6_G61","W1_H5_G49","W1_W1_G01","W1_W6_G62","W2_B2_G04","W2_B6_G64","W2_C2_G15","W3_B5_G54","W3_C3_G29","W3_H2_G18","W3_H3_G30","W4_C5_G55","W4_H1_G08","W4_W5_G56","W5_B2_G21","W5_C4_G45","W5_H4_G46","W5_W2_G22","W6_B3_G35","W6_B4_G48","W6_H6_G71","W6_W3_G36","W6_W4_G48","pair","DEG_group"
"LOC144618596",119.072491497485,1.96287317631638,1.31982476121253,4.55422253278377e-05,0.0060168749546884,113.32021183238,45.1181537123893,167.207953760672,154.82312052862,20.8105702228728,374.306392812472,318.170508352649,125.881551725289,176.519401312955,253.481192983645,102.892904980806,183.54202119853,208.587452174857,145.833015099161,179.330601039968,63.2930183991812,40.5710364893004,214.965813925289,97.7185644778235,292.599499222682,51.5453087364481,77.3472057413565,41.6412195873952,13.677138309149,202.111648180789,54.3404372086321,26.3733560329256,113.45650781029,59.4680045023992,19.2930523856832,75.2060500446741,314.208373975292,41.0450698087029,53.7204181312386,27.8905163231603,177.931595791425,348.243900528638,46.3603826066187,137.267371386376,136.867618574932,45.7983228709797,30.9907488929842,37.8620078276419,143.272587067037,55.52308151127,381.474018016693,66.8508645783254,54.5263259735979,79.758697783432,55.0667263303208,94.6400596305022,46.216704270173,49.701947211642,29.6324795558884,22.9253012771592,461.443954484508,54.2497813692839,48.4782417506151,150.506082889142,179.110804241579,75.0952943897715,120.023194304262,28.2159729759541,39.3790204526803,85.1961150445005,115.58454261738,27.4477798893864,75.9640459362381,125.555072283757,70.5283412300142,96.9231968071949,60.2465035217992,110.396389851841,78.1797181840708,69.8372225971019,47.624557854732,173.638740944696,130.357235866576,364.130020453073,63.687073977592,201.24808403059,43.2694387582291,44.2807257134149,446.837902344286,132.552785214407,112.065832507843,119.797502158517,218.748366164583,34.583680460594,90.6448093833174,71.5671910679974,96.0659633317829,"CC vs. BC","BC"
"LOC111105564",859.274753735932,2.0255628695189,2.78222793027424,0.000484945979348402,0.0425966134507042,1496.77113128602,16.0420102088495,11.400542301864,6.99765516513539,21.9667130130324,318.509166554712,1660.24775551917,131.040631714031,161.073953698071,30.936681033437,1816.76590069051,18.0359211582371,3043.90935234063,788.824036218189,977.80260678776,15.0186823320091,3.756577452713,998.181422858001,9699.70909643891,54.6309191586654,7.87497772362401,853.997915445662,1.89278270851796,11.8931637470861,910.060736283662,27.170218604316,2.02871969484043,16.3639193957149,1193.5332833464,455.089059215232,65.9213525082946,8.91371273688773,1272.39716406979,69.3166685564369,8.2917751231017,1091.80511737105,2.15630898160147,3.37166418957227,9.21945031699543,2020.93593052049,22.4119452347348,30.9907488929842,11.1358846551888,1944.41368162408,17.1616797398471,13.9563665128058,2495.07996103104,3525.80855326778,14.692391696948,2845.11419373324,8.07902948065263,1693.38004445914,4.77903338573481,4.93874659264807,1.63752151979709,9.66834952253255,2.12744240663859,1146.99519981955,724.174195930364,2105.4913421685,11.7619135791208,23.3943514321866,12.6485396099104,1727.87458035053,1379.47682167945,1673.8354134591,2.11136768379895,1686.82778639721,1084.94917423826,11.5286711625985,15.0898390238746,486.468035899901,2.06993230972201,834.366302688618,2056.31822091467,9.11959618494869,345.505658002201,1503.0756066007,54.4216063177147,2266.98882477684,1782.19696305696,1850.45897668171,7.56012390229036,2382.04629476405,2923.59414117758,2474.53473402453,1793.24788114803,6.37131163586163,2079.63198503038,1365.19926327313,15.180919317454,1259.53151923893,"CC vs. BC","BC"
"LOC144622036",59.1519538283439,23.5772564188161,3.90782564306119,5.32710111497568e-10,1.30409524353865e-07,0,203.533004524778,0,0,201.16884548777,0,767.930054110406,0,0,0,0,190.968576969569,12.5781378195894,0,0,0,116.453901034103,0,0,1.85189556470052,0,0,1.89278270851796,0,0,0,0,49.0917581871446,16.6927731936559,0,0,275.210880751409,20.021985272538,9.53104192651007,0,0,2.15630898160147,0,0,0,44.8238904694695,0,0,0,37.3518911984907,160.498214897267,0,0,1088.28644212393,0,0,0,0,137.297155275616,846.598625735093,0,0,0,0,0,0,0,0,50.9045874144404,0,0,301.92557878325,0,127.471943616333,0,224.606450086134,0,0,62.0046040770217,17.7364374849783,0,0,0,0,0,0,0,397.446513720407,0,0,0,0.928662807430361,0,18.4446295789834,0,0,56.5721784064944,"CC vs. BC","BC"
"LOC144619234",20.2683200946651,19.7017018233818,3.37650372892787,2.42095132073322e-09,5.34965968838129e-07,0,19.0498871230088,0.950045191822,1.74941379128385,17.342141852394,0,0.654671827886109,0,0,0,0,83.8139865588663,35.6380571555033,0,0,0,21.7881492257354,0,0,0,0,1.05955076358023,0.946391354258981,0,0,0,0,4.3637118388573,250.391597904839,0,0,17.8274254737755,1.0010992636269,7.79812521259915,0,0,0,0,0,5.3463913505833,0,0,0,0,1.00951057293218,9.30424434187056,0,0,75.560871584304,0,0,0,0,50.3752152450103,58.9507747126951,0,0,0,3.27187136715526,0,0,0,9.72964585377727,0,0,0,23.2250445217885,0,124.596636617468,0,23.2151369598072,0,0,0,0,0,0,0,0,0,0,0,17.2802832052351,0,0,0,0,0,5.76394674343233,0,0,992.68162109509,"CC vs. BC","BC"
"LOC144622060",65.280372874253,17.4547803528768,3.45770332320486,1.7007373334524e-07,3.16920979226168e-05,2.8330052958095,18.0472614849557,330.615726754056,0,0,8.13709549592329,0,121.754287734296,0,0,0,40.3155884713534,1.04817815163245,0,0,0,26.296042168991,0,0,1.85189556470052,0,0,0,0,39.0823629078873,0,0,0,51.1216179055712,0,0,443.457208660164,504.554028867958,264.269798871416,0,0,0,0,0,189.262253810649,3069.46206475715,0,0,0,142.340990783438,1.16303054273382,0,0,2.098913099564,0,0,0,0.955806677146961,69.1424522970729,0,0,22.3381452697052,0,5.45311894525876,0,0,0,1.94592917075545,0,0,0,0,1.41988870908856,0,0,0,0,0,0,287.108581788086,0,0,0,0,0,0,0,120.961982436646,0,2.47762215354032,0,0,0,77.2368863619932,0,0,159.04253929373,"CC vs. BC","BC"
"LOC144619349",52.4617887645281,-12.823898314015,7.63958181267757,0.000105832095614349,0.0128908654999526,0,0,440.820969005408,0,126.019564127396,0,0,0,122.460334660862,0,0,0,0,0,0,0,0,0,446.582972239773,0,0,0,342.593670241751,0,0,7.31505885500817,1.01435984742021,1.09092795971432,0,0,0,0,129.14180500787,0,0,0,210.240125706144,0,0,0,0,2.32430616697382,0,286.545174134075,0,273.312177542448,194.381744696977,0,0,0,42.7034415405925,0,0,0,0,0,0,85.3217054810825,0,0,0,0,165.403979514214,0,0,272.907947846592,0,0,540.557715786555,4.06894276327005,125.942118006954,0,0,0,0,0,303.867796653218,0,0,0,0,0.920626356558067,0,0,2.47762215354032,0,355.677855245828,0,56.4866780856368,286.304946710722,0,0,"CC vs. BC","CC"
"LOC111138240",15.4424170168498,21.0589376427639,2.62135243319192,4.0772863285301e-16,2.99440704774696e-13,0,0,0,80.4730343990569,1.1561427901596,0,0.654671827886109,0,0,0,0,2.12187307743965,0,0,0,129.804325869507,1.5026309810852,0.881007434120036,0.913257611942276,0,0.715907065784001,129.265193156788,37.8556541703592,0.594658187354303,0,1.04500840785831,0,40.36433450943,101.199937486539,0,0,1.11421409211097,2.0021985272538,0,0,0,0,0,0,3.20783481034998,2.92329720453062,0,0,0,85.8083986992354,2.32606108546764,0,0,155.319569367736,20.5150549073744,1.15414706866466,0,0,0,55.6757316731009,0,1.06372120331929,0,2.18124757810351,0,0,0,0.972964585377727,0,1.16707006910275,0,58.0626113044712,17.0386645090628,1.91687133257644,0.678157127211675,0.580378423995179,0,0,0,0,0,1.77182388719077,0,0,0,1.00123424890841,0,0,4.9013298246174,0,1.00960209466525,304.601400837159,0,2.30557869737293,0,107.350786601996,55.504778813919,"CC vs. BC","BC"
"LOC111137262",329.619112655488,2.90945840628912,3.62777029344599,0.000461308736667994,0.0411388541235707,4.72167549301583,8.02100510442476,33.25158171377,2155.2777908617,6.93685674095759,2.32488442740666,6.54671827886109,0,5.51623129102983,4.98978726345758,53.4639604312033,6.36561923231896,0,2.65150936543929,0,4722.30283039314,6.0105239243408,5.28604460472022,10.045833731365,0.925947782350261,0.715907065784001,1962.28801415058,1667.54156620432,2.97329093677152,0,11.4950924864414,8.11487877936172,1564.39069423034,1874.80708931248,4.5395417378078,2.78540926091385,7.79949864477676,6.00659558176141,0,1.50759547692758,0,4.31261796320295,0,1.02438336855505,2.13855654023332,1.94886480302041,3.87384361162303,1.48478462069184,1.86068294892256,2652.99378566577,10.4672748846044,0,0.681579074669974,1790.37287392809,0,9.23317654931729,3.69733634161384,1.91161335429392,1.97549863705923,2341.65577330983,1.75788173136955,0,2.9086945050369,14.1781092576728,8.7676617460913,11.7619135791208,4.06858285777158,10.702610439155,4.80231956740004,0,7.49159072520056,1656.36794794028,6.38949919089853,10.5427923291704,6.10341414490508,5.22340581595661,8.9920154510148,8.96970667546206,2.69585235117486,11.0852734281114,1.0132884649943,0,6.80124708869093,0,12.1953971446453,0,10.1268899221387,1.08001770032719,77.6043888897754,2.47762215354032,5.04801047332626,2418.23795054866,2.12377054528721,0,12.1596695514206,3375.58584537388,1638.45837460319,"CC vs. BC","BC"
"LOC111105307",321.260020332642,-24.3723328129079,4.24732493409233,2.87203921535447e-09,6.29077361468431e-07,0,0,111.155287443174,0,0,0,0,0,0,0,0,0,0,0,0,0,12.7723633392242,0,0,0,0,0,0,1.18931637470861,0,0,0,0,3.12989497381048,0,0,0,6.00659558176141,24.2608339947529,1218.89094309595,0,0,0,0,0,1.94886480302041,0,0,0,128.207842762387,0,0,0,0,0,0,0,0,0,0,0,0,12.6043428551599,55.6218132416394,0,0,0,0,0,10.5036306219247,1450.15791894954,1.05568384189948,0,0,0,0,230.195595545979,0,0,4.43410937124457,0,226.793457560419,0,0,186.996089551228,0,22093.1913046805,5.40008850163597,0,7.43286646062097,143.363497442466,0,3598.72918898918,0,15.4759430654444,0,6.4043975554522,"CC vs. BC","CC"
"LOC111104701",1680.51849620641,2.49254640041026,3.12721867211845,0.000420136786426909,0.0389683710219486,16.0536966762538,1116.92496079115,2253.50719500178,365.627482378324,906.415947485125,877.643871346012,3220.98539319966,258.985815434817,11.0324625820597,8.98161707422365,1.00875397040006,2272.52606593787,10449.2879936239,5.30301873087858,24664.4696480613,458.069811126277,2247.93594770346,19.3821635506408,2.73977283582683,18.5189556470052,1.431814131568,48.7393351246904,137.226746367552,52.924578674533,244.543927909352,11.4950924864414,39.5600340493884,3290.2387264984,2085.55335088239,9.07908347561561,68.7067617692084,8335.43562308213,1343.4752117873,4833.10471509756,46.7354597847551,3.1585490377176,9.70339041720663,56.4753751753355,3.07315010566514,3251.67521942476,1614.63448930241,9.29722466789526,12.6206692758806,0,1019.6056786615,12211.8206987051,78.1640878146574,13.6315814933995,4915.65447917889,0,9.23317654931729,51.7627087825937,0,986.761569211084,20477.2066050626,330.481765497476,471.228493070447,2.9086945050369,258.477838005265,18.7878465987671,342.905018960523,11.1886028588719,31.1348667320873,487.915668047844,16.3389809674385,7.49159072520056,5693.30295936388,10.6491653181642,1960.00093755941,1616.72659127263,901.908070888508,36.8672633491607,35.8788267018483,1521.80865223821,1439.97701831167,1.0132884649943,17.7182388719077,44.208106076491,10.8843212635429,10.1628309538711,82.1012084104894,28.5394170533001,8145.49349586769,4.9013298246174,4.95524430708064,135.286680685144,123.512153388238,1971.92095129917,6267.71568880831,25.4247636075159,200.605005266356,7889.15038872453,"CC vs. BC","BC"
"LOC144619423",37.8365893557028,22.7148491173865,2.9500215306847,5.09686066274332e-15,2.82819134997113e-12,0,4.01050255221238,33.25158171377,5.24824137385154,31.2158553343091,261.549498083249,79.8699630021053,0,0,1.99591490538303,3.02626191120019,4.24374615487931,18.8672067293841,0,8.01477546547344,21.4552604742987,215.627545785726,0,0,0.925947782350261,0,19.0719137444441,4.7319567712949,0,4.46655576090141,0,0,27.2731989928581,50.0783195809678,0,0,41.2259214081057,14.0153896907766,31.1925008503966,0,0,0,0,1.02438336855505,38.4940177241997,3.89772960604083,0,0,0,10.0951057293218,0,0,0,146.92391696948,0,8.07902948065263,0,0,0,104.801377267014,0,87.225138672182,0,0,0,98.6191215480132,0,0,0.960463913480007,0,0,196.357194593303,0,107.34479462428,0,26.6974075037782,0,0,16.1751141070491,0,0,0,0,0,0,0,0,442.807257134149,0,0,0,0,0,346.989593954626,0,20.6026762165447,942.513840244048,"CC vs. BC","BC"
"LOC144619428",12.8529061157167,20.3209957567474,3.04429765323559,1.1004763495824e-11,3.29069827358208e-09,0,51.1339075407079,1.900090383644,0,36.9965692851071,0,0.654671827886109,0,0,0,0,0,52.4089075816225,0,2.00369386636836,0,87.1525969029416,0,1.82651522388455,0,0,0,0,0,0,0,0,33.818766751144,6.25978994762097,2.2697708689039,0,262.954525738188,18.0197867452842,2.59937507086638,0,0,0,0,0,16.0391740517499,0.974432401510207,0,0,0,0,2.32606108546764,1.02847483966655,0,112.291850826674,0,0,0,0,1.97549863705923,45.8506025543184,0,0,0,4.36249515620701,0,0,1.0171457144429,0,1.92092782696001,0,0,116.125222608942,0.709944354544282,0.958435666288219,0,35.4030838637059,0,0,0,2.21705468562228,4.0531538599772,1.77182388719077,0,0,2.03256619077421,0,0,262.444301179508,0,0,0,0,0,5.76394674343233,0,0,3.2021987777261,"CC vs. BC","BC"
"LOC111105070",9.16792581885865,-19.4398018742246,3.01779770907216,5.56062597310793e-11,1.54276478387228e-08,0,0,58.902801892964,0,0,0,0,0,0,0.997957452691516,0,0,0,0,4.00738773273672,0,0,1.76201486824007,0,0,10.73860598676,0,393.698803371736,10.1091891850232,15.6329451631549,0,8.11487877936172,0,0,0,0,0,0,0,5.27658416924654,12.6341961508704,0,0,0,0,0,1.54953744464921,0,0,0,1.16303054273382,0,23.8552676134491,4.197826199128,0,0,0,17.2045201886453,0,0,0,0,0,13.087485468621,2.50504621316894,0.904762583009296,10.171457144429,0,0,39.6803823494934,2.14045449291445,0,0,0,0,0,16.1856278118266,12.4195938583321,0,0,7.09301925496009,7.97320749235849,0,0,0,0,0,0,153.575001171345,0,1.00960209466525,4.64331403715181,1.06188527264361,1.15278934868647,0,0,0,"CC vs. BC","CC"
"LOC111102869",389.958162851433,3.70591677180544,2.76415796892832,0.00010930315120488,0.0131850226356805,14.1650264790475,203.533004524778,383.818257496088,180.189620502236,328.344552405326,11.6244221370333,2084.47509998937,170.249639628465,19.8584326477074,17.9632341484473,24.2100952896015,1662.48755617397,1991.53848810165,18.560565558075,4.00738773273672,20.3824974505838,890.308856292981,16.7391412482807,26.484470746326,17.593007864655,25.772654368224,49.7988858882706,1.89278270851796,19.0290619953377,104.964060381183,8.36006726286648,13.1866780164628,1171.65662873318,1318.72908229882,4.5395417378078,22.2832740873108,2026.75543354985,456.501264213867,807.539188682489,27.1367185846965,7.36994775467441,17.2504718528118,7.5862444265376,4.09753347422019,960.21188656476,1280.40417558441,24.0178303920628,1.48478462069184,31.6316101316836,613.782428342766,521.037683144751,31.8827200296629,11.5868442693896,1255.15003353927,64.7843839180245,45.0117356779218,21.2596839642796,10.5138734486166,420.781209693615,1079.12668154628,13.1841129852717,564.835958962545,7.75651868009841,46.8968229292254,18.7878465987671,12.6666761621301,64.0801800099024,31.1348667320873,253.562473158722,94.5326755973225,26.7556811614306,1342.82984689613,7.09944354544282,1484.61684708045,31.8733849789487,451.534413868249,5.39520927060888,17.9394133509241,771.013772436009,260.503925560618,10.132884649943,7.97320749235849,27.2049883547637,24.7370937807794,12.1953971446453,28.0345589694354,12.8887689918129,3649.37980940559,51.4639631584827,23.5374104586331,57.5473193959194,15.7872677263161,35.042213997239,2533.83098841285,17.6867920747936,11.9278651779996,3296.12994187273,"CC vs. BC","BC"
"LOC111104604",153.217591418722,-23.2464628571595,4.93381460197944,4.27690836742278e-07,7.68305049888826e-05,0,0,167.207953760672,0,0,0,0,391.058263146595,0,978.996261090378,0,0,0,1092.42185856099,0,0,0,0,1308.69815791328,0,445.294194917649,0,0,0,0,0,1075.22143826543,0,375.587396857258,0,0,0,0,0,0,0,181.129954454524,0,0,0,544.707712444206,0,0,0,281.653449848079,0,0,0,0,250.499617816361,213.517207702962,1191.46663608506,0,0,0,0,0,0,0,405.817486533369,0,665.213297245654,1.94592917075545,0,284.76509686107,0,0,653.858750535283,975.687508281406,0,0,0,617.529805733734,0,0,0,0,0,3.9579350049247,614.512511677404,0,0,0,0,0,1185.27285913701,0,0,0,0,0,189.997127478415,"CC vs. BC","CC"
"LOC111104521",18.159721576554,-17.730991939988,3.08830140721818,4.70317453061681e-09,1.01239886232329e-06,0,0,3.800180767288,0,4.62457116063839,0,0,0,0,0,0,125.19051156894,0,0,8.01477546547344,0,4.5078929432556,0,0,0,0,0,0,0,297.025958099944,0,0,0,22.9525631412769,9.07908347561561,0,2.22842818422193,0,0,9.0455728615655,0,0,0,6.14630021133029,0,1.94886480302041,1.54953744464921,0,0,0,0,2.05694967933309,0,0,0,0,0,1.91161335429392,0,45.8506025543184,5.27364519410866,0,0,0,7.51513863950682,0,8.13716571554317,200.430704587812,0,0,0,14.7795737865927,0,0,0,0,0,0,5.39170470234971,28.8217109130897,0,496.110688413417,4.53416472579395,0,1.35504412718281,306.377680165973,5.5237581393484,4.32007080130877,0,0,12.115225135983,0,0,0,13.2650940560952,8.67481103854514,2.13479918515073,"CC vs. BC","CC"
"LOC144618975",12.6656229958938,-16.9182156053899,3.27483874034474,1.02463067311473e-07,1.93825968997536e-05,0,0,0,0,2.3122855803192,0,0,0,0,0,0,72.1436846329483,0,0,0,0,0,0,0,0,0,2.11910152716045,1.89278270851796,0,297.025958099944,0,0,0,6.25978994762097,2.2697708689039,0,0,0,0,5.27658416924654,0,2.15630898160147,0,0,0,0,0,0,0,0,2.32606108546764,0,1.36315814933995,0,0,0,0,0,1.97549863705923,0,0,0,3.87825934004921,0,0,0,15.2571857166434,69.0804855618186,1.92092782696001,0,0,4.22273536759791,0,0,2.7126285088467,0,0,4.13986461944403,8.08755705352457,28.8217109130897,0,300.324148878836,4.53416472579395,0,0,292.360400681255,0,0,0,0,4.03840837866101,0,2.12377054528721,9.22231478949172,2.21084900934921,15.180919317454,0,"CC vs. BC","CC"
"LOC111102609",145.427207579388,1.90414248794166,2.79807240777254,0.000582212138632152,0.0495856436150784,5.666010591619,243.638030046902,199.50949028262,48.9835861559477,139.893277609311,180.178543124016,699.844184010251,28.8908479369516,5.51623129102983,2.99387235807455,4.03501588160025,588.819778989504,1064.94900205857,0,125.230866648023,26.8190755928734,305.785404650838,43.1693642718818,23.7446979104992,2.77784334705078,4.29544239470401,3.17865229074068,0,1.78397456206291,54.7153080710423,0,11.1579583216224,384.006641819442,721.962440625618,11.3488543445195,12.0701067972934,1076.33081297919,222.244036525172,234.81021473493,0.753797738463791,0,15.0941628712103,5.0574962843584,5.12191684277524,630.874179368829,457.983228709797,10.0719933902199,8.16631541380513,0,218.054283753351,416.364934298707,10.2847483966655,12.9500024187295,435.52446815953,0,11.5414706866466,3.69733634161384,0,89.8851879861948,178.489845657882,7.03152692547822,141.474920041466,0,76.3436652336227,0,19.9047768262045,0,3.89185834151091,158.476545724201,7.00242041461648,0,251.252754372076,2.83977741817713,348.870582528912,160.723239149167,153.800282358722,5.39520927060888,0,253.410121010436,181.798484221027,0,180.726036493459,19.2702000846243,13.8527725172365,6.09769857232264,6.00740549345044,7.36501085246453,853.213983258483,0.816888304102899,0,15.1440314199788,6.50063965201253,2.12377054528721,616.742301547259,1.1054245046746,45.542757952362,844.313077727115,"CC vs. BC","BC"
"LOC144622389",53.5553999766047,-4.21911913139702,4.047380913349,0.000259626524233449,0.0265691570086443,0,162.425353364601,22.801084603728,0,169.952990153461,0,0,4.12726399099309,141.215521050364,42.9121704657352,0,8.48749230975862,0,178.976882167152,65.1200506569717,48.2743360671721,88.6552278840268,0,56.6219719404211,0,0,19.0719137444441,135.333963659034,1.78397456206291,0,245.576975846703,63.9046703874735,1.09092795971432,134.585483873851,40.8558756402702,3.71387901455181,119.220907855873,36.0395734905684,45.055834561684,0,85.2808240183753,40.969870650428,53.9466270331563,96.2920366441745,0,0,58.88242289667,54.9370309655981,249.331515155624,5.04755286466091,138.400634585325,0,8.86052797070966,159.517395566864,0,0,71.1737245760663,0,60.2527084303064,57.313253192898,38.6733980901302,59.5683873858804,0,0,0,43.4286039844462,231.90922289298,0,39.3790204526803,64.1888538006511,0,67.5637658815665,0,225.232381577731,48.1491560320289,69.6454108794214,51.2544880707844,113.156299598137,26.9585235117486,75.3798593111576,0,163.893709565147,119.021824052091,0,69.7847725499146,0,0,36.7206018111246,0,0,283.698188600936,0,0,0,0,46.6271093321801,76.8527706654264,"CC vs. BC","CC"
"LOC144619712",79.4907787138283,-21.7196783332052,2.45429270714761,3.61729475843158e-19,6.45170357985975e-16,0,201.527753248672,0,0,320.251552874209,0,0,0,268.08884074405,0.997957452691516,3.02626191120019,48.8030807811121,0,68.9392435014216,167.308437841758,0,235.161748539834,0,0.913257611942276,0,98.7951750781921,0,0,9.51453099766885,0,154.66124436303,0,0,57.3814078531922,215.628232545871,0,368.80486448873,260.285808542994,0,0,172.667347395229,0,159.31113295729,132.145454543601,3.20783481034998,36.0539988558777,0,230.884008517581,0,16.1521691669149,188.410947922879,155.299700789648,0,119.638046675148,0,0,106.298419821398,78.3761475260508,645.000304999837,194.865060855853,181.940759196749,104.244677925291,46.5391120805905,145.052963943883,3.75756931975341,230.71445866737,0,152.755439904303,407.236699315523,0,11.7724997110295,174.187833913414,0.709944354544282,0,177.677167329459,326.17267428529,0,1.37995487314801,0,0,96.2624041744584,0,0,1.97896750246235,0,0,0,307.80504459325,0,0,64.6145340585762,141.156746729415,0,0,18.7922165794682,0,0,"CC vs. BC","CC"
"LOC111102724",35.1324746261437,-5.61147997410692,1.44598135507858,3.15558966425476e-06,0.000518388644187113,12.2763562818412,9.02363074247786,7.600361534576,6.99765516513539,5.78071395079799,1.16244221370333,1.96401548365833,427.171823067785,13.2389550984716,11.9754894322982,10.0875397040006,0,0,369.885556478781,3.00554079955254,10.7276302371494,9.0157858865112,181.487531428727,0.913257611942276,0,0,11.6550583993825,8.51752218833083,17.8397456206291,4.46655576090141,6.27005044714986,5.07179923710107,1.09092795971432,5.21649162301747,2.2697708689039,318.465125497817,20.0558536579974,2.0021985272538,1.73291671391092,5.27658416924654,1.0528496792392,12.9378538896088,238.545241412238,26.6339675824312,7.48494789081661,40.9261608634287,6.19814977859684,6.68153079311328,20.4675124381482,25.2377643233045,8.14121379913674,10.2847483966655,241.278992433171,12.593478597384,14.036616515572,0,2.77300225621038,25.8067802829679,3.95099727411845,19.650258237565,0.878940865684777,252.101925186672,1.9391296700246,18.5406044138798,278.060129661753,2.71428774902789,33.5658085766156,4.86482292688863,13.4464947887201,5.83535034551373,8.56181797165778,5.27841920949739,11.3591096727085,0,2.7126285088467,3.48227054397107,12.5888216314207,18.6293907874981,1.34792617558743,7.75969139967799,3.0398653949829,12.4027672103354,10.2018706330364,9.89483751231176,10.8403530174625,13.0160452358093,104.030778291062,3.24005310098158,35.1261970764247,64.4181759920484,21.2016439879703,14.8586049188858,8.49508218114884,1.15278934868647,9.94882054207142,7.59045965872699,2.13479918515073,"CC vs. BC","CC"
"LOC144619748",27.9434354202801,-20.802751140492,2.67477705728293,3.24316103316088e-15,1.97516417068359e-12,56.66010591619,89.2336817867255,0,0,95.9598515832466,0,0,46.4317198986723,81.6402231072415,0,0,0,0,0,54.0997343919457,0,78.888126506973,0,16.438637014961,0,0,30.7269721438266,0,4.75726549883443,0,93.0057482993895,0,0,0,82.8466367149924,0,82.4518428162115,68.0747499266293,0,0,160.033151244359,0,99.4640935923819,46.0972515849772,0,59.4403764921226,0,120.267554276039,43.7260492996803,1.00951057293218,93.0424434187056,0,23.8552676134491,58.769566787792,0,0,51.7627087825937,86.9784076203735,52.3507138820695,83.5135975096514,81.7415005086843,0,0,82.8874079679332,0,84.1429202198645,0,0,73.9557213379606,0,27.8259084078878,36.9489344664817,1.41988870908856,0,54.9307273041457,107.950386863103,0,43.4685785041623,0,0,0,0,1.13354118144849,0,0,0,0,44.2807257134149,0,0,0,28.7885470303412,0,0,39.7952821682857,0,0,"CC vs. BC","CC"
"LOC144623030",588.483930632378,-7.38439208912638,2.38891018496296,1.12873444716364e-05,0.0016776487586712,8.4990158874285,1553.06711334424,0,1.74941379128385,1942.31988746812,1.16244221370333,5.89204645097498,2160.62269928488,1931.78419811865,15.9673192430643,3.02626191120019,11.6703019259181,5.24089075816225,54.3559419915055,1572.89968509916,2.14552604742987,1534.18623168799,10.5720892094404,5.47954567165366,0.925947782350261,4.29544239470401,170.587672936416,30.2845233362874,10.1091891850232,2.2332778804507,1960.43577314219,1.01435984742021,42.5461904288586,6.25978994762097,2345.80819301218,6.49928827546566,1772.71462054855,1877.06111930044,7.79812521259915,4.52278643078275,2187.82163345906,11.8596993988081,3600.09443841579,1569.35532062633,6.41566962069995,104.264266961592,7.74768722324605,1757.98499089914,1225.25972186551,26.2472748962367,1778.27369984001,4.11389935866618,47.0289561522282,1224.71579359559,1.07973973196708,4.61658827465864,1432.71783237536,148.150034957779,1188.26243019112,1308.37969431787,1240.18556148122,1.06372120331929,2.9086945050369,14.1781092576728,10.0201848526758,1829.4299428448,5.08572857221448,1.94592917075545,1984.3184452497,1.16707006910275,1452.29837344245,1038.79290042909,1586.01568805193,3.83374266515287,1313.59035540902,1066.15516487914,7.19361236081184,1450.33257167856,0,16.6279101421671,18.2391923698974,0.885911943595387,0,2.96845125369353,14.2279633354195,915.128103502284,3.68250542623227,896.414691271571,0.816888304102899,1.23881107677016,29.2784607452923,1416.2107813313,8.49508218114884,0,1102.10823116058,5.42175689909071,2.13479918515073,"CC vs. BC","CC"
"LOC144619749",54.1378423679546,-21.2800541476498,3.57329262713853,1.04800679377923e-09,2.40080088446489e-07,0,191.501496868141,0,0,163.016133412503,0,0,38.1771919166861,127.976565951892,0,0,0,0,0,156.288121576732,0,148.760467127435,0,0,0,0,0,0,0,0,215.271732018812,0,0,0,145.26533560985,0,250.698170724967,188.206661561857,0,0,202.147138413927,0,169.426125526006,115.75532064672,0,0,0,244.247070103808,133.969172322425,0,182.59579520921,0,0,124.885329424058,0,0,90.584740369539,0,130.382910045909,86.7886405492456,180.182877465379,0,0,0,0,177.333466269822,0,0,161.357937464641,0,224.747721756017,67.5637658815665,209.433584590563,0,117.32118300762,88.2175204472672,0,139.375442187949,0,0,0,0,0,0,0,91.1123166506651,0,88.5614514268299,0,0,0,220.093085360996,0,0,109.437025962786,0,0,"CC vs. BC","CC"
"LOC111103218",856.336152285967,3.60020595775394,3.13595296811551,0.000172247030769732,0.0192870329969516,53.8271006203805,443.160532019468,1.900090383644,93.5936378336858,10.4052851114364,2916.56751418165,2410.50167027665,61.9089598648964,8.82597006564773,39.9182981076607,112.980444684807,1771.76401966211,14.6744941228543,54.3559419915055,4863.96686060919,451.633232983988,28.5499886406188,18.5011561165208,21.9181826866146,4363.06595043443,2194.25515662796,2535.50497724748,574.459552035201,60.6551351101389,77.0480868755493,55.3854456164904,8.11487877936172,14.1820634762862,247.261702931028,1084.95047533607,33.4249111309663,12.2563550132206,535.588106040392,3.46583342782184,22.6139321539137,6072.83694985171,8.62523592640589,33.7166418957227,10.2438336855505,258.765341368232,2093.08079844392,51.1347356734239,20.0445923793399,4474.01215068431,8.07608458345745,17.4454581410073,33.939669708996,52.481588749588,9.445108948038,12.9568767836049,12.6956177553113,3.69733634161384,1947.93400802551,16.7917384150034,32.7504303959417,3758.35114166811,42.5488481327717,1285.64297122631,11.9968616795693,13.7777541724292,4.52381291504648,4623.9444178574,1836.95713719315,69.1534017705605,11.6707006910275,3713.68854520656,46.450089043577,24.1381080545056,83.383902967075,2.03447138163503,4.06264896796625,12.5888216314207,1630.41668262437,444.815637943851,1774.75227584064,7.09301925496009,3.54364777438155,44.208106076491,23.7476100295482,52.1691988965381,426.525790034982,4999.0011161103,95.041557628793,2569.11371640362,2205.08371665089,78.7489633838897,1906.54474365453,24.4233612708029,12.6806828355511,5584.60459761609,445.668417105256,537.969394657984,"CC vs. BC","BC"
"LOC111104894",38.4699413180299,-1.82051668683474,1.67359002728718,0.000114633082901616,0.0137614811541027,33.0517284511108,578.514993156636,23.75112979555,19.2435517041223,17.342141852394,10.46197992333,6.54671827886109,8.25452798198618,8.82597006564773,38.9203406549691,23.2013413192014,15.9140480807974,10.4817815163245,15.9090561926357,26.0480202627887,45.0560469960273,15.7776253013946,17.6201486824007,352.517438209718,3.70379112940104,18.613583710384,85.8236118499983,99.371092197193,6.54124006089734,24.5660566849578,7.31505885500817,384.442382172261,27.2731989928581,49.0350212563643,17.0232815167793,17.6409253191211,22.2842818422193,18.0197867452842,9.53104192651007,6.03038190771033,23.1626929432624,14.0160083804096,36.2453900379019,18.4389006339909,5.3463913505833,17.5397832271837,11.6215308348691,16.3326308276103,2.79102442338385,3.02853171879654,27.9127330256117,12.3416980759985,13.6315814933995,14.692391696948,1.07973973196708,17.3122060299699,38.8220315869453,25.8067802829679,22.7182343261811,18.0127367177679,15.820935582326,47.8674541493682,51.386936255652,16.3593568357763,7.51513863950682,8.14286324708366,4.06858285777158,20.4322562929323,19.2092782696001,21.0072612438494,9.63204521811501,13.7238899446932,14.9088314454299,18.2102776594762,12.2068282898102,20.8936232638264,23.3792401726385,242.182080237476,2.69585235117486,13.3023281137337,13.1727500449259,77.9602510363941,18.1366589031758,26.7160612832418,27.1008825436562,53.0654151921456,33.1425488360904,3.24005310098158,14.7039894738522,9.91048861416129,36.3456754079491,12.0726164965947,24.4233612708029,33.4308911119075,8.84339603739682,103.013381082723,55.504778813919,"CC vs. BC","CC"
"LOC111102521",351.608799147325,10.8628699747234,3.17393572825145,8.50199090085711e-06,0.00129447995606343,1.88867019720633,109.286194547787,1155.25495325555,514.327654637451,2.3122855803192,2020.32456741638,2968.9367394635,1.03181599774827,0,13.9714043376812,0,996.219409857918,257.851825301583,0,2.00369386636836,1.07276302371494,2199.85175630873,2.64302230236011,7.30606089553821,0,0,0,0,0,0,10.4500840785831,2.02871969484043,28.3641269525724,245.175106281821,6.80931260671171,0,620.617249305808,115.126415317094,13.8633337112874,0,0,0,0,0,2367.38209003828,151.037022234082,0,4.45435386207552,0,2.01902114586436,9.30424434187056,0,0,77.659784683868,0,0,0,0,1.97549863705923,26.2003443167534,0,1336.03383136903,1.9391296700246,3.27187136715526,0,1020.57219363449,0,0,171.923040512921,0,0,828.711815891089,1.41988870908856,54.6308329784285,2.7126285088467,4.64302739196143,0,0,113.225798749344,223.922523247851,0,0,2.26708236289698,0,0.677522063591404,0,0,6571.90770649097,6.53510643282319,2.47762215354032,15.1440314199788,0,55.2180341774675,43.8059952500857,6.63254702804762,0,7943.58776794587,"CC vs. BC","BC"
"LOC111104845",522.088782698443,4.1544132201043,4.2995107673262,0.000325181621052822,0.0318422944223097,0,215.564512181416,1435.51828484304,83.9718619816246,338.749837516762,1677.4041143739,3461.24995403386,0,0,11.9754894322982,0,237.649784673241,3584.76927858298,0,0,39.6922318774526,1338.84420414691,29.0732453259612,0,1.85189556470052,0,0,0,4.75726549883443,11.1663894022535,0,0,4301.52894515358,398.539959998535,6.80931260671171,0,1059.61760159753,665.731010311889,924.511066871477,0,0,26.9538622700184,10.1149925687168,0,3859.02527685102,1396.36163136413,19.3692180581151,0,1.86068294892256,96.9130150014894,6.97818325640292,3.08542451899964,1.36315814933995,348.419574527624,0,16.1580589613053,0,1.91161335429392,78.0321961638395,681.208952235588,8.78940865684777,2063.61913443943,0,189.768539295005,5.01009242633788,18.0952516601859,2.03429142888579,0,46.1022678470404,0,4.28090898582889,1752.43517755313,2.83977741817713,938.308517296166,55.6088844313574,2.32151369598072,17.9840309020296,4.82984205601803,349.112879477144,156.302355336371,4.0531538599772,3.54364777438155,11.3354118144849,7.91587000984941,2.71008825436562,12.0148109869009,0.920626356558067,3980.94524340604,0.816888304102899,0,0,0,1.06188527264361,4860.15989406214,24.3193391028413,6.50610827890885,7121.69008166284,"CC vs. BC","BC"
"LOC144623854",179.96824555915,-4.94023409445137,2.4545141620581,3.92188898659021e-05,0.00523687529385869,545.82568699263,6.01575382831857,1305.36209356343,3.49882758256769,2.3122855803192,0,9.16540559040553,56.749879876155,12.1357088402656,12.9734468849897,214.864595695213,63.6561923231896,0,5.30301873087858,266.491284226992,13.9459193082942,680.691834431595,17.6201486824007,1708.704991944,0,7.15907065784001,727.911374579615,604.744075371489,13.677138309149,42.4322797285634,0,60.8615908452129,2.18185591942865,220.135946491337,166.828158864437,3.71387901455181,8.91371273688773,226.24843357968,71.9160436273033,7.53797738463791,2.1056993584784,34.5009437056236,38.7741381800811,8.19506694844038,19.2470088620999,31.1818368483266,680.246938201003,7.42392310345921,5.58204884676769,60.5706343759309,590.81951570878,335.282797731294,12.9500024187295,35.681522692588,18.3555754434403,6.92488241198797,9.24334085403459,7.64645341717569,38.5222234226549,0,1.75788173136955,21.2744240663859,24.2391208753075,297.740294411128,0,165.571552690701,264.457885755153,70.0534501471963,6.72324739436005,7.00242041461648,466.619079455349,31.6705152569843,39.0469394999355,81.4670316344986,128.171697043007,100.405467351166,8.09281390591332,8.96970667546206,18.870966458224,314.821765358364,1.0132884649943,4524.35229594164,69.1460120683578,42.5478013029406,6.77522063591404,104.128361886474,15.6506480614871,181.442973654969,4.9013298246174,80.5227199900605,135.286680685144,128.15546742539,4.24754109057442,87.6119905001714,16.581367570119,56.3862717505434,8.53919674060293,"CC vs. BC","CC"
"LOC144624325",4.44621431677936,-17.2943701057516,4.41596997195592,4.0288518857274e-06,0.000644874561452649,0,0,156.75745665063,0,0,0,0,0,0,0,0,2.12187307743965,0,0,0,8.58210418971948,0,0,1.82651522388455,0,0,0,79.4968737577544,0,0,0,0,9.81835163742892,0,0,0,2.22842818422193,0,5.19875014173276,0,0,0,0,0,0,0,10.8467621125445,0,0,0,0,1.02847483966655,0,2.098913099564,0,0,0,0,0,0,0,0,0,0,0,0,1.0171457144429,7.78371668302181,0,17.5060510365412,0,12.6682061027937,0,0,0,1.16075684799036,0,5.51981949259204,0,27.7131835702785,2.0265769299886,30.1210060822432,0,0,0,8.00987399126726,0,0,15.5208777779551,0,0,0,0,0,0,0,0,"CC vs. BC","CC"
"LOC111102614",423.592902053687,10.8175886799033,3.08335782870688,7.47569231081675e-06,0.00115227183334009,0,532.394213806194,1107.75269366445,999.789981718718,383.839406332987,0,1129.30890310354,24.7635839459586,13.2389550984716,1.99591490538303,2.01750794080012,5633.57302060228,2925.46522120617,0,0,111.567354466353,1262.21002411157,0,212.78902358255,0,5.01134946048801,0,115.459745219596,0,138.463228587944,37.6203026828991,0,876.015151650602,205.529769946889,0,1.8569395072759,2028.98386173407,528.580411195004,2858.44611959607,0,0,0,0,0,2370.58992484863,967.611374699636,0,1.48478462069184,9.30341474461282,164.550223387946,498.940102832809,0,0,449.167403306696,0,2.30829413732932,0,0,109.640174356787,240.715663410172,1.75788173136955,2110.42286738548,0,327.187136715526,18.7878465987671,1.80952516601859,0,2.91889375613318,361.134431468483,11.6707006910275,0,920.556310136344,0,1050.44549025189,4.06894276327005,427.738898484447,1.79840309020296,1.37995487314801,266.889382766311,287.108581788086,0,1.77182388719077,0,0,0.677522063591404,30.0370274672522,1.84125271311613,3277.85372049303,0,4.95524430708064,0,3.71465122972145,8.49508218114884,1181.60908240363,2.21084900934921,106.266435222178,2604.45500588389,"CC vs. BC","BC"
"LOC144625309",92.2423460841923,4.46968893178006,3.00992596128462,9.20649215013923e-05,0.0114371198501978,9.44335098603166,216.567137819469,388.568483455198,110.213068850882,16.1859990622344,16.2741909918466,390.184409420121,80.4816478243653,17.6519401312955,0,0,524.102650127595,893.047785190847,10.6060374617572,12.0221631982102,13.9459193082942,247.934111879058,12.3341040776805,1.82651522388455,3.70379112940104,15.749955447248,2.11910152716045,3.78556541703592,11.2985055597318,13.3996672827042,2.09001681571662,2.02871969484043,594.555738044307,198.226681674664,10.2139689100676,11.1416370436554,424.515569094278,82.0901396174059,223.546256094509,0,2.1056993584784,17.2504718528118,5.0574962843584,6.14630021133029,485.452334632963,308.895071278736,0.774768722324605,2.96956924138368,14.8854635913805,58.5516132300665,403.571598328635,0,25.900004837459,27.285870294332,8.6379178557366,4.61658827465864,0,3.82322670858784,21.7304850076515,19.650258237565,17.5788173136955,214.871683070497,1.9391296700246,27.2655947262938,5.01009242633788,5.42857549805577,0,3.89185834151091,197.855566176882,0,3.21068173937167,270.255063526266,7.09944354544282,23.0024559909172,78.6662267565543,4.64302739196143,0,0,421.900892958865,208.403140448495,0,8.85911943595387,15.8695765402788,1.97896750246235,5.42017650873124,36.0444329607027,18.4125271311613,588.609646678321,1.6337766082058,0,8.07681675732202,2.78598842229108,0,20.7502082763564,2.21084900934921,3.25305413945443,304.208883883979,"CC vs. BC","BC"
"LOC111101181",8.67116075112085,-16.7314503216202,2.66436715658617,1.83516835651334e-10,4.77334936063937e-08,0.944335098603166,0,13.300632685508,0,0,0,0,0,0,0,0,37.1327788551939,0,0,0,0,2.2539464716278,0.881007434120036,0,0,0,3.17865229074068,0,0,357.324460872113,0,0,0,2.08659664920699,0,0,0,0,0,2.26139321539137,2.1056993584784,0,0,0,3.20783481034998,0.974432401510207,1.54953744464921,0,2.79102442338385,0,0,0,0,0,1.07973973196708,2.30829413732932,0,0,0,1.63752151979709,0,0,0,2.18124757810351,0,0.904762583009296,1.0171457144429,57.4049105372859,3.84185565392003,0,0,4.22273536759791,0,0,2.03447138163503,0,0,0,0,5.54263671405571,0,195.786539534581,0,3.9579350049247,0.677522063591404,62.0765234323213,0,1.08001770032719,0,0,0,0.928662807430361,0,6.91673609211879,6.63254702804762,3.25305413945443,4.26959837030146,"CC vs. BC","CC"
"LOC144620003",67.5503098392274,-22.9190606476697,3.82150609200572,7.05572085660424e-10,1.66208820556045e-07,0,273.716799188495,0,0,246.258414303994,0,0,0,268.08884074405,0,0,0,0,0,190.350917304994,0,274.981469538591,0,0,0,0,0,0,0,0,303.05243827891,306.336673920905,0,0,226.97708689039,0,162.675257448201,191.209959352738,0,0,222.151282319472,0,329.580174530689,320.63199435773,0,93.5455105449799,0,132.88822355192,0,0,200.041253350217,0,0,199.39674445858,0,0,249.570203058934,0,335.834768300069,203.052668454839,217.09839382414,0,0,1.09062378905175,0,190.000142431952,0,0.972964585377727,268.929895774402,0,1.07022724645722,270.255063526266,0,0,211.585023690043,204.873583670298,0,0.689977436574005,0,0,0,0,0,0,0,0,0,117.721929335664,0,0,0,0,0,0,0,0,0,"CC vs. BC","CC"
"LOC144625494",1670.93127360453,-27.2115118936142,3.22416677098283,7.75719026377253e-18,9.2236686136381e-15,0,354.929475870796,0,0,373.43412122155,0,0,0,1423.1876730857,7009.65314770521,0,11422.0427758577,0,0,750.383352954951,16560.2427970875,395.191948025407,0,0,0,1526.31386425149,3931.99288364622,5436.07193886359,7426.6861018679,0,370.9779847897,10802.9323750253,0,3856.03060773452,256.484108186141,0,910.312913254659,1845.02594286438,3.46583342782184,0,692.775088939395,0,109.579086161099,293.998026775299,5761.27131938856,0,0,365.999409000539,0,12953.0301612928,817.610471541875,0,2555.9215300124,202.545114107926,0,0,206.126501044971,976.834424044194,358.55300262625,5233.51877727149,269.834845765227,0,5348.11962992786,5212.09108787833,0,427.047939180388,0,747.236801570094,749.161852514406,0,0,4628.11796288731,0,0,313.308592771794,243.758938077975,0,2102.36124924099,0,0,0,0,0,0,0,0,0,374.766142013536,0,0,0,1975.26579140438,0,8433.80687499018,0,13854.7575799364,3862.91912553025,"CC vs. BC","CC"
"LOC144625541",129.526284461098,-2.95223984266092,3.25485700328742,0.000312717179573127,0.0307423148580353,14.1650264790475,1.0026256380531,1382.31575410101,2.62412068692577,24.2789985933516,2.32488442740666,2.61868731154444,24.7635839459586,0,2.99387235807455,2.01750794080012,22.2796673131164,3.14453445489735,0,0,2.14552604742987,0.7513154905426,16.7391412482807,1.82651522388455,12.9632689529036,4.29544239470401,21.1910152716045,6.62473947981287,1.78397456206291,17.8662230436056,121.220975311564,1613.84651724556,2.18185591942865,2.08659664920699,7.94419804116366,10.2131672900175,6.68528455266579,0,12.1304169973765,6.03038190771033,5.26424839619601,0,0.842916047393067,11.2682170541055,2.13855654023332,13.6420536211429,128.611607905884,4.45435386207552,4.65170737230641,3.02853171879654,5.8151527136691,1.02847483966655,59.2973794962878,1.049456549782,51.8275071344196,5.77073534332331,1.84866817080692,319.239430167085,3.95099727411845,8.18760759898543,0,0,4.84782417506151,2.18124757810351,2.50504621316894,3.61905033203718,3.05143714332869,4.86482292688863,0.960463913480007,1461.17172651664,3.21068173937167,0,2.83977741817713,1315.93216981372,1.35631425442335,13.9290821758843,0.89920154510148,0,664.527604564602,3.32558202843343,2.0265769299886,0.885911943595387,1386.3208649115,33.64244754186,5.42017650873124,13.0160452358093,8.2856372090226,3.24005310098158,0.816888304102899,13.6269218444718,1717.3331630256,0,4.24754109057442,1.15278934868647,3.31627351402381,2.16870275963628,1246.72272412803,"CC vs. BC","CC"
"LOC111099865",196.555348779615,5.54975633764789,3.49480678839059,8.72316408701799e-05,0.010890870362642,1.88867019720633,3.00787691415929,246.061704681898,35.8629827213189,241.633843143356,2.32488442740666,1780.70737185022,22.699951950462,0,0,0,916.649169453931,1108.97248442713,5.30301873087858,0,0,429.001145099824,0,10.9590913433073,13.8892167352539,0.715907065784001,4.2382030543209,5.67834812555389,1.78397456206291,42.4322797285634,4.18003363143324,0,208.367240305436,590.506851725578,6.80931260671171,0,1603.35407854768,162.178080707558,208.816464026266,10.5531683384931,6.31709807543521,6.46892694480442,0,0,905.67869478881,349.821232142164,6.19814977859684,5.93913848276736,4.65170737230641,213.00673088869,97.6945655896408,2.05694967933309,51.1184306002481,794.438608184974,2.15947946393415,0,1.84866817080692,4.77903338573481,228.170092580341,263.640964687331,6.15258605979344,245.719597966757,1.9391296700246,4.36249515620701,0,5.42857549805577,7.12002000110027,2.91889375613318,229.550875321722,0,8.56181797165778,128.793428711736,9.22927660907566,962.269408953371,0,515.376040507719,8.09281390591332,2.75990974629602,527.039134654684,212.837249819739,5.06644232497149,3.54364777438155,0,0,0,2.00246849781681,2.7618790696742,1580.06589557868,6.53510643282319,2.47762215354032,7.06721466265677,13.9299421114554,1.06188527264361,380.420485066534,0,4.33740551927257,2583.10701403239,"CC vs. BC","BC"
"LOC144625661",81.0951470184786,-23.7026051982194,3.54695143075641,7.87959503640835e-12,2.39943278120874e-09,57.6044410147931,251.659035151327,0,0,0,0,0,0,0,1.99591490538303,0,0,0,0,0,0,241.923587954717,0,0,0,71.5907065784001,0,0,363.930810660834,107.197338261634,0,99.407265047181,0,0,0,0,0,104.114323417198,0,370.114689585722,0,0,0,0,4.27711308046664,0,520.644581402135,0,80.9397082781315,272.567854691689,0,69.9362890973251,243.323729657181,0,453.490687426172,0,0,86.9784076203735,18.7672370520627,0,0,0,0,154.868578045349,765.291618123112,0,174.949062884178,134.269112782126,222.827627927362,0,0,0,0,42.1711693166816,0,4.64302739196143,78.2305344238288,231.832418688866,2.69585235117486,83.1395507108356,0,0,0,426.467496780637,0,0,86.5388775164583,367.206018111246,0,626.838404845701,278.65017812761,0,0,359.670276790177,0,0,0,"CC vs. BC","CC"
"LOC144620089",12.3742034625046,-18.7723824689884,4.60839630367617,2.86837845487555e-06,0.000474327218663858,0,0,0,0,0,0,0,0,0,0,0,0,0,0,0,0,7.513154905426,0,0,0,0,0,0,9.51453099766885,2.2332778804507,0,0,0,0,0,0,0,0,0,17.3373479846672,0,0,0,0,0,0,6.19814977859684,0,0,15.1426585939827,0,1.02847483966655,4.77105352268982,0,943.692525739224,0,0,0,0,0,0,0,0,2.18124757810351,40.0807394107031,0,8.13716571554317,5.83778751226636,0,0,0,0,0,0.958435666288219,0,0,0,0,0,0,0,0,0,15.8317400196988,0,0,0.920626356558067,6.48010620196316,0,30.970276919254,0,0,0,19.5974189276699,0,0,0,"CC vs. BC","CC"
"LOC111102028",8.07196524572278,16.5815314909046,4.20898234701738,3.91960911108156e-06,0.000635536620153938,0,3.00787691415929,5.700271150932,0,27.7474269638304,0,3.92803096731665,0,0,0,0,0,0,0,0,0,24.7934111879058,0,0,0,0,125.026990102467,0,0,0,0,0,1.09092795971432,5.21649162301747,48.8000736814339,0,4.45685636844386,0,0,0,0,0,0,12.2926004226606,0,0,0,37.119615517296,50.2384396209092,0,0,2.05694967933309,0,0,0,0,0,0,0,0,0,0,0,0,0,4.52381291504648,91.5431142998606,0,77.7975769918806,5.83535034551373,0,0,0,0,0,0,0,13.7995487314801,0,93.1162967961359,0,2.65773583078616,24.9379059918667,0,0,0,0,59.4009735179957,12.2533245615435,0,1.00960209466525,0,0,0,0,0,4.26959837030146,"CC vs. BC","BC"
"LOC144620154",16.346553642172,-22.6767842714942,3.04807495397296,3.77408931116293e-14,1.77809453018374e-11,0,0,0,0,10.4052851114364,0,0,0,17.6519401312955,0,0,0,0,0,31.0572549287096,0,17.2802562824798,0,0,0,0,0,0,0,0,20.9001681571662,231.274045211809,0,0,27.2372504268468,0,8.91371273688773,20.021985272538,0,0,23.1626929432624,0,9.27207652132373,19.4632840025459,75.9187571782828,0,0,6.68153079311328,0.930341474461282,0,12.793335970072,0,0,30.434239943678,0,0,12.9406771956484,0,19.7549863705923,26.2003443167534,9.66834952253255,0,0,0,0,9.04762583009296,9.15431142998606,0,24.0115978370002,0,529.762486996325,29.5591475731854,20.5883862817842,0,17.6320853075036,9.86643320791804,0,0,0,4.43410937124457,0,0,0,0,205.966707331787,0,0,7.56012390229036,0,0,0,0,0,0,0,4.33740551927257,0,"CC vs. BC","CC"
"LOC111100157",20.6913524852592,-15.8343040348074,10.2903917534989,0.000116743403160306,0.0139477644828366,0,0,352.466766165962,0,0,0,0,0,0,0,0,0,0,0,0,0,79.6394419975156,0,0,0,0,0,13.2494789596257,7.13589824825164,0,0,496.021965388485,0,0,0,0,25.6269241185522,0,0,3.76898869231896,0,0,3.37166418957227,0,0,0,0,0,0,9.08559515638963,0,7.19932387766582,0,0,0,0,0,0,0,0,0,0,0,0,20.0403697053515,0,0,14.5944687806659,0,585.869174689579,0,0,0,0,0,0,0,0,128.052986680806,0,0,0,145.093271225407,0,0,0,0,0,0,12.3881107677016,0,0,0,0,0,0,0,"CC vs. BC","CC"
"LOC111099586",162.606759342343,-23.6758368711328,3.33010252678967,3.95284872223659e-13,1.49549443324618e-10,0,0,1245.50924647864,0,0,0,0,0,344.212832560261,0,0,0,0,9.28028277903752,0,0,22.539464716278,0,0,0,376.567116602385,1.05955076358023,0,0,0,852.72686081238,51.7323522184309,0,1371.9372968536,0,0,0,0,520.741472530232,0,0,293.2580214978,0,154.681888651812,1.06927827011666,0,785.61548443715,1.48478462069184,0,0,10.4672748846044,0,0,0,258.057795940131,146.576677720412,349.398284282508,0.955806677146961,0,417.567987548257,0,0,2.9086945050369,34.8999612496561,0,0,0,0,0,2252.4452333683,323.208628430081,689.361548760358,6.38949919089853,991.980914608306,0,493.321660395902,0.89920154510148,0,5.39170470234971,0,46.6112693897377,21.2618866462893,0,0,0,15.0185137336261,27.618790696742,0,66.1679526323348,14.8657329212419,20.1920418933051,0,0,0,0,910.855159047239,1820.98370493357,"CC vs. BC","CC"
"LOC144627192",2160.55525955957,-24.8323432910958,5.77724463370953,1.19590551054999e-06,0.000208823500688344,0,36274.995584761,14477.7386781755,0,0,0,0,0,0,0,0,20524.8782780738,0,0,0,0,0,0,0,0,0,7.41685534506158,12170.5928157705,0,0,0,0,0,4854.46710438006,3.40465630335585,9881.70358796872,0,0,0,0,0,0,0,0,0,0,0,0,0,0,0,0,0,0,0,0,0,0,0,0,6.15258605979344,15096.3313175074,0,12739.5764799135,0,0,6916.59085821169,0,0,8938.58965925794,0,4.22273536759791,3448.19973002158,0,7233.22391883973,0,2783.92798363418,0,5508.97427962582,0,0,0.885911943595387,10352.631610169,0,0,16375.186140897,0,0,0,0,0,0,2.12377054528721,0,0,0,11169.2693367086,"CC vs. BC","CC"
"LOC144620391",11.4263363553459,21.8778244817812,3.17172566517232,2.09378002879303e-12,7.06509288094081e-10,0,0,0,149.574879154769,1.1561427901596,0,0,0,0,9.97957452691517,219.908365547214,13.7921750033578,1.04817815163245,0,0,95.4759091106292,0,11.4530966435605,32.8772740299219,1.85189556470052,0,1.05955076358023,0,0,0,0,0,117.820219649147,0,0,0,0,2.0021985272538,0,0,0,0,0,0,0,0,0,0,70.7059520590574,0,1.16303054273382,0,0,1.049456549782,0,0,0,12.4254868029105,0,0,0,0,0,0,1.25252310658447,0,0,0,0,0,59.9327258016045,0,0,0,0,0,0.89920154510148,0,6.73963087793714,1.10852734281114,0,17.7182388719077,1.13354118144849,0,16.2605295261937,0,0,0,44.1119684215566,0,4.03840837866101,86.3656410910236,5.30942636321803,0,63.0091967664524,0,0,"CC vs. BC","BC"
"LOC111137438",2806.38692598035,5.29616106881908,5.32940599759673,0.000346565219341217,0.0335416028176364,0,1350.53673445752,738.185114045694,42.8606378864542,767.678812665973,4.64976885481331,1698.87339336445,82.5452798198618,2.20649251641193,0,0,773.422736726754,2998.83769182044,2.65150936543929,77234.3837730348,0,682.945780903223,0,0,1.85189556470052,1.431814131568,0,0.946391354258981,0,66.9983364135212,0,0,1532.75378339863,1317.68578397421,0,0,6355.47718140095,854.938771137373,1605.54733543847,0,4.21139871695681,0,0,0,1502.33596951391,1919.63183097511,3.87384361162303,0.742392310345921,0,435.09905693377,131994.662355947,0,0,953.956003751838,0,0,0,0,211.378354165337,2569.27126456163,1.75788173136955,487.184311120236,0,0,7.51513863950682,9.04762583009296,0,4.86482292688863,157.516081810721,9.33656055282198,0,764.315101535221,0,968.020022951101,98.3327834456929,690.650324554263,0,4.13986461944403,417.857114432103,436.75977306759,0,57.5842763337002,0,0,1.35504412718281,15.0185137336261,6.44438449590647,3237.89306558093,2.4506649123087,0,16.153633514644,594.344196755431,0,3019.15530420985,0,377.354280176713,9089.97493037182,"CC vs. BC","BC"
"LOC111119622",3184.58731846912,9.86537922309434,4.61726935316881,4.88841638452381e-05,0.00639077262416542,0,1936.07010708053,917.743655300052,58.6053620080089,954.973944671828,30.2234975562865,1938.48328237077,15.4772399662241,0,3.99182981076607,2.01750794080012,1011.0725214,3312.24295915854,0,93681.7048751195,0,565.740564378578,0,0,1.85189556470052,0,2.11910152716045,1.89278270851796,0,49.1321133699155,0,0,1675.6653461212,1411.58263318853,0,0,5144.32646327633,994.091568781512,2146.21735017868,0,0,6.46892694480442,0,0,2276.49343707837,2345.45879043507,1.54953744464921,17.8174154483021,0,452.260736673617,143671.489004994,0,4.77105352268982,1058.90165873004,0,0,0,0,231.13334053593,3232.46748007945,1.75788173136955,624.404346348425,0,0,0,1.80952516601859,0,1.94592917075545,195.934638349921,9.33656055282198,0,823.433396681592,0,819.462494676427,157.332453513109,791.055791905429,0,4.13986461944403,403.029926500641,447.845046495701,0,44.2955971797694,29.4720707176607,0,3.38761031795702,13.0160452358093,0,3867.54338487168,0,0,14.1344293253135,744.78757155915,0,3285.44964375643,4.42169801869841,431.57184916762,11108.4275599318,"CC vs. BC","BC"
"LOC111099828",64.4433635790501,-5.2145144619473,4.44137382087464,0.000207293545044939,0.0223108612921212,241.74978524241,0,173.858270103426,0,2.3122855803192,1.16244221370333,0,0,0,11.9754894322982,179.558206731211,5.30468269359914,0,7.95452809631787,120.221631982102,0,256.198582275026,0,339.731831642527,0,2.147721197352,524.477627972212,274.453492735104,0,4.46655576090141,3.13502522357493,0,1.09092795971432,10.4329832460349,232.65151406265,6.49928827546566,0,227.249532843306,0,9.79937060002929,3.1585490377176,0,5.0574962843584,0,0,0,390.483436051601,1.48478462069184,3.72136589784513,2.01902114586436,179.106703581008,99.7620594476549,1.36315814933995,0,0,0,5.54600451242075,1.91161335429392,0,0,0,23.4018664730244,0,222.487252966557,0,67.8571937256972,209.532017175237,7.78371668302181,5.76278348088004,0,120.935678849666,28.5034637312859,12.7789983817971,0,182.424267219941,26.6974075037782,1.79840309020296,0,351.808731828319,123.046535052037,0,599.762385814077,166.630553672928,1.97896750246235,9.48530889027966,47.0580096986951,0,138.242265641881,0,2.47762215354032,178.69957075575,43.647151949227,0,0,5.52712252337301,8.67481103854514,11.741395518329,"CC vs. BC","CC"
"LOC111127541",154.257561365038,24.6645327862247,3.69503369114876,7.55451900936372e-12,2.32884369955323e-09,0,249.653783875221,171.00813452796,99.7165861031793,84.3984236816507,0,831.433221415359,13.4136079707276,0,0,0,426.49648856537,1223.22390295507,0,0,0,258.452528746654,0,0,5.55568669410156,0,0,0,0,13.3996672827042,0,0,692.739254418596,142.931870470679,0,0,1660.17899724534,339.372650369519,705.297102561745,0,0,0,0,0,592.380161644629,478.446309141512,0,0.742392310345921,0,236.22547406613,272.149146999714,0,0,428.178272311056,0,0,0,0,50.3752152450103,1033.27607899196,0,382.939633194945,0,0,0,0,0,0,82.5998965592806,0,0,759.036682325724,0,236.73360957319,0,253.044992861898,0.89920154510148,0,355.852510355081,289.325636473708,0,0,0,0,0,0,0,895.334673571244,0,0,3.02880628399576,0,0,338.920068513821,0,0,584.934976731301,"CC vs. BC","BC"
"LOC111124714",6.5988903758913,-19.2438668766555,2.32550068129626,6.31197503686008e-17,5.72894568044879e-14,17.9423668734602,2.00525127610619,24.701174987372,0,0,0,0,0,0,0,0,0,0,14.5833015099161,0,2.14552604742987,0.7513154905426,6.16705203884025,244.75304000053,0,0,26.4887690895056,5.67834812555389,1.18931637470861,1.11663894022535,19.8551597493079,4.05743938968086,0,0,4.5395417378078,0,0,6.00659558176141,0,6.78417964617412,0,0,0,0,0,0,11.6215308348691,0,0.930341474461282,0,2.32606108546764,0,0,0,0,0,0,0.955806677146961,1.97549863705923,8.18760759898543,2.63682259705433,0,0,2.18124757810351,0,0,0,0.972964585377727,5.76278348088004,0,19.26409043623,9.50115457709529,0,0,4.06894276327005,0.580378423995179,0.89920154510148,0,14.8271879314617,12.1938007709226,0,34.5505658002201,40.8074825321456,0,6.77522063591404,28.0345589694354,0,3.24005310098158,0,4.95524430708064,0,0,0,0,0,1.08435137981814,0,"CC vs. BC","CC"
"LOC111125213",432.704003464159,6.66127250835276,4.97219945569935,0.000161957274459962,0.018216545690384,0,153.401722622124,281.213376779312,8.74706895641923,2820.98840798942,0,229.135139760138,8.25452798198618,0,0,0,309.79346930619,1496.79840053114,0,1.00184693318418,0,48.0841913947264,0,0,1.85189556470052,2.863628263136,0,0,0,101.614143560507,6.27005044714986,0,488.735725952017,2004.17608156331,2.2697708689039,0,5294.74536571131,483.530944331793,493.014805107657,0,2.1056993584784,35.5790981964243,1.68583209478613,0,188.192975540532,765.903867587023,0,1.48478462069184,0,52.4945497924734,104.672748846044,0,0,2144.03973120463,47.5085482065513,0,0,1.91161335429392,234.096588491518,3381.48193838098,0,387.194518008223,0,13.087485468621,0,5.42857549805577,2.03429142888579,3.89185834151091,153.674226156801,7.00242041461648,0,490.892986483257,2.83977741817713,3445.57622030615,8.1378855265401,1407.41767818831,0,6.89977436574005,230.49537602545,68.7286952542908,0,7.0872955487631,6.80124708869093,0,5.42017650873124,2.00246849781681,3.68250542623227,2226.99649807467,6.53510643282319,4.95524430708064,48.4609005439321,0,0,6655.05290996696,11.054245046746,6.50610827890885,3393.26330479709,"CC vs. BC","BC"
"LOC111127237",262.165563795445,1.09188826690278,1.71797812329336,0.000458290590748582,0.0410161865626957,24.5527125636823,133.349209861062,188.108947980756,327.140378970079,338.749837516762,405.692332582461,544.686960801243,103.181599774827,13.2389550984716,162.667064788717,178.549452760811,744.777450181319,1623.62795687866,68.9392435014216,24.0443263964203,243.51720638329,595.793184000281,21.1441784188809,14.6121217910764,33.3341201646094,100.942896275544,26.4887690895056,128.709224179221,32.1115421171324,46.8988354894648,86.7356978522397,57.8185113029522,545.463979857162,416.276031516794,40.8558756402702,33.4249111309663,559.335474239705,198.217654198126,505.145222105034,24.1215276308413,6.31709807543521,52.8295700492361,63.21870355448,67.6093023246332,433.057699397247,647.023114602778,71.2787224538637,48.9978924828308,9.30341474461282,248.339600941317,398.9194761577,18.5125471139978,206.518459625002,527.876644540346,4.3189589278683,108.489824454478,61.0060496366283,156.752295052102,38.5222234226549,1490.14458301535,99.3203178223798,433.998250954272,87.2608351511071,271.565323473886,37.5756931975341,73.285769223753,50.8572857221448,99.2423877085281,47.0627317605204,64.1888538006511,42.8090898582889,1455.78801797938,114.301041081629,433.212921162275,197.343724018598,280.903157213667,50.3552865256829,25.5291651532382,671.267235442539,207.294613105684,355.664251212999,173.638740944696,123.555988777885,17.8107075221612,126.019103828001,70.0863974235885,27.618790696742,1006.57649670494,26.1404257312928,58.2241206081976,10.0960209466525,16.7159305337465,45.661066723675,2481.95546772196,116.069572990833,286.268764271989,1182.67874857351,"CC vs. BC","BC"
"LOC111122988",243.960054991581,1.30264596955038,2.10488782168063,0.000593414236482725,0.0498907524746587,9.44335098603166,460.205167866371,335.365952713166,58.6053620080089,220.823272920483,204.589829611786,921.777933663642,81.5134638221136,12.1357088402656,21.9550639592134,8.0700317632005,1139.44584258509,1011.49191632531,2.65150936543929,1039.91711664518,99.766961205489,622.089226169272,60.7895129542825,24.6579555224414,7.40758225880209,20.761304907736,8.47640610864181,3.78556541703592,10.7038473723775,92.6810320387043,8.36006726286648,28.402075727766,588.010170286021,692.750087536721,22.697708689039,9.28469753637951,1409.48082652037,404.444102505268,479.15147139637,10.5531683384931,6.31709807543521,34.5009437056236,21.9158172322197,23.5608174767661,668.298918822912,303.048476869674,33.315055059958,14.1054538965725,16.7461465403031,399.766186881144,1093.24871016979,47.3098426246611,40.8947444801985,550.96468863555,58.3059455262221,48.4741768839158,12.016343110245,9.55806677146961,167.917384150034,309.491567241649,101.078199553749,281.886118879613,11.6347780201476,129.784230897159,53.8584935831322,47.0476543164834,0,17.5133625367991,414.920410623363,12.8377707601302,17.1236359433156,334.651777882134,10.6491653181642,340.244661532318,882.960579629601,205.453962094293,17.0848293569281,15.8694810412021,504.124389669698,417.9148082398,2.0265769299886,23.9196224770755,82.7485062457396,3.9579350049247,4.74265444513983,14.0172794847177,11.0475162786968,2241.03672817893,11.4364362574406,12.3881107677016,45.4320942599364,21.3592445708983,44.5991814510314,907.245217416248,2.21084900934921,18.4339734569084,1189.08314612896,"CC vs. BC","BC"
"LOC111127247",12.3272604141733,22.9622159708262,2.2821888453675,3.06193232672875e-24,1.27427416997361e-20,0.944335098603166,1.0026256380531,0.950045191822,6.99765516513539,2.3122855803192,6.97465328221997,0,0,0,0,2.01750794080012,0,224.310124449344,0,4.00738773273672,0,4.5078929432556,0,0,4.6297389117513,6.44316359205601,8.47640610864181,5.67834812555389,1.18931637470861,0,2.09001681571662,0,0,0,2.2697708689039,0,2.22842818422193,0,0,0,2.1056993584784,0,0,0,0,6.82102681057145,0,0,314.455418367913,0,0,5.14237419833273,0,0,0,2.30829413732932,0.924334085403459,5.73484006288177,3.95099727411845,1.63752151979709,3.51576346273911,126.582823194996,11.6347780201476,0,0,0,0,1.94592917075545,161.357937464641,0,1.07022724645722,0,0,0.958435666288219,0,1.16075684799036,2.69760463530444,0.689977436574005,0,0,12.1594615799316,0,3.40062354434547,0,0,0,0,171.722814352024,0.816888304102899,0,1.00960209466525,0,0,0,1.1054245046746,2.16870275963628,0,"CC vs. BC","BC"
"LOC111126403",469.927316418358,10.1841806307719,3.06301664894681,9.5321953688236e-06,0.00143384890578027,0,305.800819606194,911.093338957298,102.340706790105,1250.94649895269,20.9239598466599,3424.58833167224,498.367126912416,2.20649251641193,1.99591490538303,0,9626.93815234371,2221.08950330916,0,82.1514485211028,22.5280234980136,834.711509992828,4.40503717060018,7.30606089553821,11.1113733882031,5.72725652627201,12.7146091629627,0,4.16260731148012,260.176873072507,0,0,2707.68319601095,627.0222930867,2.2697708689039,0,1340.39955280949,683.750797057173,1305.75274393188,0,0,0,0,0,179.638749379599,1822.18859082409,3.09907488929842,0,0,1489.02809507497,2031.81435815598,6.17084903799927,0,1306.57340447859,0,0,0,1.91161335429392,65.1914550229545,1305.10465127828,21.0945807764347,720.139254647161,0,85.0686555460367,0,7.23810066407436,0,1.94592917075545,700.178192926925,0,2.14045449291445,270.255063526266,0,711.159264385858,62.3904557034741,875.21066338473,8.9920154510148,16.5594584777761,994.769517583522,363.596968442055,4.0531538599772,8.85911943595387,2.26708236289698,0.989483751231176,5.42017650873124,38.0469014585195,0,843.493823955538,39.2106385969392,0,109.037026223847,0,0,1512.45962547664,7.73797153272222,0,1332.11469153406,"CC vs. BC","BC"
"LOC111127339",54.0269484333847,1.50111149138703,2.15173535318728,0.000437543666222892,0.0397221738024329,20.7753721692697,80.2100510442476,99.75474514131,23.6170861823319,46.2457116063839,104.6197992333,341.084022328663,23.7317679482103,6.6194775492358,0.997957452691516,3.02626191120019,40.3155884713534,486.354662357457,10.6060374617572,463.855130064275,9.65486721343441,45.078929432556,13.2151115118005,6.39280328359593,2.77784334705078,4.29544239470401,33.9056244345672,7.57113083407185,6.54124006089734,13.3996672827042,8.36006726286648,6.08615908452129,198.548888668007,74.0741810468481,27.2372504268468,11.1416370436554,131.477262869094,64.0703528721216,110.040211333344,11.3069660769569,3.1585490377176,2.15630898160147,13.4866567582891,3.07315010566514,176.430914569249,211.451831127715,6.19814977859684,5.19674617242144,2.79102442338385,23.2187431774402,287.268544055253,2.05694967933309,1.36315814933995,73.46195848474,0,11.5414706866466,3.69733634161384,0,8.88974386676652,73.6884683908689,64.1626831949887,79.779090248947,5.81738901007381,6.54374273431051,6.26261553292235,7.23810066407436,2.03429142888579,7.78371668302181,5.76278348088004,10.5036306219247,8.56181797165778,80.2319719843602,3.54972177272141,132.264121947774,153.94166787705,37.7245975596866,12.5888216314207,6.89977436574005,82.2234967108331,60.9690038546128,0,30.1210060822432,21.5372824475213,11.8738050147741,5.42017650873124,43.0530727030615,5.5237581393484,141.482318742862,1.6337766082058,11.1492996909314,5.04801047332626,12.0726164965947,13.8045085443669,277.822233033438,1.1054245046746,18.4339734569084,149.435942960551,"CC vs. BC","BC"
"LOC111127517",43.6505879018797,-23.427224124023,2.68850602546188,1.04504645778718e-18,1.48903517026465e-15,68.9364621980311,165.433230278761,123.50587493686,0,0,0,0,0,2.20649251641193,0,0,0,0,2.65150936543929,1.00184693318418,46.1288100197422,0,0,2.73977283582683,0,0,74.1685534506158,45.4267850044311,221.807503883155,1.11663894022535,0,191.714011162421,86.1833088174316,118.936009004798,1.13488543445195,230.260498902212,0,0,1.73291671391092,81.4101557540895,0,0,0.842916047393067,0,0,232.889343960939,0,0.742392310345921,0,28.2662960421011,0,43.1959432659949,40.8947444801985,0,0,0,241.251196290303,0,0,0,0,37.2302421161753,37.8130285654798,0,6.26261553292235,0,0,112.863891903816,52.8255152414004,4.66828027641099,0,0,231.441859581436,0,0,2.90189211997589,2.69760463530444,262.881403334696,0,164.062046736049,37.4916732047891,63.7856599388679,0,0,0,126.155515362459,0,0,0,0,155.478722578449,1.85732561486072,3.18565581793082,259.377603454455,267.512730131254,104.097732462542,26.6849898143842,"CC vs. BC","CC"
"LOC144622731",17.1946693090377,1.60260782941272,2.26827174372495,0.000442967432248184,0.0399310353185457,1.88867019720633,7.01837946637167,3.800180767288,19.2435517041223,19.6544274327132,13.9493065644399,246.156607285177,0,9.9292163238537,13.9714043376812,9.07878573360056,0,3.14453445489735,72.9165075495805,11.020316265026,3.21828907114481,27.0473576595336,0,21.9181826866146,2.77784334705078,1.431814131568,5.29775381790113,0.946391354258981,2.37863274941721,4.46655576090141,6.27005044714986,1.01435984742021,3.27278387914297,11.4762815706384,17.0232815167793,8.35622778274156,57.9391327897702,63.0692536084948,0.866458356955461,0.753797738463791,5.26424839619601,9.70339041720663,0,10.2438336855505,27.8012350230331,3.89772960604083,2.32430616697382,3.7119615517296,2.79102442338385,1.00951057293218,1.16303054273382,87.4203613716563,6.13421167202977,3.148369649346,4.3189589278683,0,24.9570203058934,26.7625869601149,3.95099727411845,29.4753873563476,20.2156399107499,4.25488481327717,92.1086593261686,5.45311894525876,1.25252310658447,0,2.03429142888579,1.94592917075545,52.8255152414004,0,31.0365901472595,3.16705152569843,1.41988870908856,6.70904966401753,6.10341414490508,20.3132448398313,1.79840309020296,10.3496615486101,8.08755705352457,9.97674608530028,0,19.4900627590985,31.7391530805577,3.9579350049247,0,3.00370274672522,4.60313178279033,18.3603009055623,260.587369008825,9.91048861416129,2.01920418933051,2.78598842229108,1.06188527264361,3.4583680460594,14.3705185607698,0,2.13479918515073,"CC vs. BC","BC"
"LOC111125415",74.8204922952409,-22.7232340322018,4.07358071067923,8.35366804707834e-09,1.75286631206341e-06,139.761594593269,0,313.51491330126,0,0,0,0,0,0,0,52.4552064608032,0,0,0,246.454345563308,0,239.669641483089,0,757.090560300147,0,0,255.351734022834,67.1937861523876,0,0,0,0,0,0,175.907242340052,0,0,311.341870987966,0,70.8569874155964,0,0,0,0,0,0,397.456354552522,0,0,0,289.594605140721,12.3416980759985,0,0,0,2.30829413732932,0,0,0,0,0,0,0,83.9780317569849,0,63.3333808106507,82.3888028698746,0,0,0,225.817949002474,209.025400696096,0,0,294.998350337079,0,0,0,155.011510192554,412.372171525745,0,1364.3043931369,95.217459241673,0,0,352.434455615759,0,104.761716931738,0,0,56.5377173012542,52.0051172161002,0,0,0,0,0,"CC vs. BC","CC"
"LOC111125416",64.5998662762549,-22.1637892312405,3.97358944140796,8.79382655216139e-09,1.82984874172892e-06,137.872924396062,0,353.416811357784,0,0,0,0,0,0,0,49.4289445496031,0,0,0,237.437723164651,0,81.8933884691434,0,233.793948657223,0,0,380.378724125301,70.0329602151646,0,0,0,0,0,0,129.376939527522,0,0,260.285808542994,0,6.03038190771033,0,0,0,0,0,0,326.952400820983,0,0,0,167.47639815367,8.22779871733236,0,0,0,0,0,0,0,0,0,0,0,42.5343277730183,0,0,17.2914771455292,0,0,0,61.0029530480617,222.74929064079,0,0,149.194567986569,113.754171103055,0,0,207.580631040464,66.5116405686685,0,1894.07973540694,31.7391530805577,0,0,560.691179388708,0,127.442088638609,0,0,2.01920418933051,1.85732561486072,0,0,0,0,2.13479918515073,"CC vs. BC","CC"
"LOC111125424",14.0729859556626,-17.4690951889823,2.45530586912986,5.9989405349471e-13,2.17696014580878e-10,0,3.00787691415929,31.351491330126,0,6.93685674095759,0,0,0,1.10324625820597,0,4.03501588160025,0,0,523.67309967426,5.0092346659209,7.50934116600455,0,0,1.82651522388455,0,0,0,14.1958703138847,0,0,0,3.04307954226064,0,0,9.07908347561561,0,0,10.010992636269,0,0,0,0,3.37166418957227,202.8279069739,0,222.170587544327,1.54953744464921,5.19674617242144,5.58204884676769,1.00951057293218,0,0,17.0394768667494,7.346195848474,0,0,3.69733634161384,41.0996871173193,1.97549863705923,0,1.75788173136955,0,0,2.18124757810351,0,1.80952516601859,27.4629342899582,0,14.4069587022001,1.16707006910275,0,0,9.93922096361994,0,6.10341414490508,8.70567635992768,0,0.689977436574005,2.69585235117486,8.86821874248914,6.07973078996579,18.6041508155031,0,0,3.38761031795702,25.0308562227102,1.84125271311613,0,0,0,19.1824397986398,0,0,1.15278934868647,0,0,0,"CC vs. BC","CC"
"LOC111126527",81.9560600628856,-23.2174800951458,2.81904336296152,6.42412811584165e-17,5.72894568044879e-14,171.868987945776,0,443.671104580874,0,0,0,0,0,0,0.997957452691516,129.120508211208,2.12187307743965,0,0,144.265958378522,2.14552604742987,378.66300723347,15.8581338141606,692.249269852245,0,0,706.720359308011,193.063836268832,0,8.93311152180282,0,0,2.18185591942865,6.25978994762097,214.493347111419,0,0,454.499065686613,10.3975002834655,43.7202688308999,0,0,0,0,0,0,478.807070396606,0,1.86068294892256,0,534.994049657557,46.2813677849945,0,0,0,0,0,0,0,0,0,0,0,146.143587732935,2.50504621316894,90.4762583009296,131.211797163134,8.75668126839954,0,2.33414013820549,219.396585523731,144.628686340228,1.41988870908856,1.91687133257644,254.308922704378,41.2068681036577,0,0,256.105973361611,108.635679595492,0,837.186786697641,90.6832945158791,0,2.71008825436562,169.208588065521,0,95.041557628793,0,0,155.478722578449,65.0063965201253,6.37131163586163,0,6.63254702804762,13.0122165578177,6.4043975554522,"CC vs. BC","CC"
"LOC111123269",259.295881725376,1.84419637979492,2.39762270910227,0.000371865555703614,0.0356047358634481,51.9384304231741,159.417476450442,237.5112979555,106.714241268315,142.205563189631,111.594452515519,969.568977099328,154.772399662241,120.25384214445,11.9754894322982,13.1138016152008,2266.16044670555,1426.57046437176,5.30301873087858,14.0258570645785,55.7836772331766,293.764356802156,201.750702413488,29.2242435821528,24.0746423411068,7.15907065784001,26.4887690895056,16.0886530224027,6.54124006089734,320.475375844676,36.5752942750408,10.1435984742021,1051.65455316461,774.127356855793,17.0232815167793,39.9241994064319,1357.11276419116,6.00659558176141,1101.26857169039,13.5683592923482,35.7968890941329,53.9077245400368,16.0154049004683,8.19506694844038,1249.98629776637,1210.24504267568,23.2430616697382,12.6206692758806,18.6068294892256,99.941546720286,373.332804217556,30.8542451899964,4.08947444801985,658.009256713314,43.189589278683,24.2370884419579,1.84866817080692,22.9393602515271,593.637340436298,758.172463666051,0,127.646544398315,5.81738901007381,318.462146403112,71.3938170753148,93.1905460499574,0,6.81075209764409,90.2836078671207,7.00242041461648,34.2472718866311,310.371049518446,118.560707208895,1015.94180626551,52.218098795299,279.162021941681,43.1616741648711,8.27972923888806,509.516094372048,32.1472929415231,2.0265769299886,20.3759747026939,46.475188439388,71.2428300886447,123.986537637227,8.00987399126726,74.5707348812034,1841.43017905787,17.9715426902638,12.3881107677016,100.960209466525,27.8598842229108,19.1139349075849,985.634893126928,43.1115556823095,81.3263534863606,835.773880986512,"CC vs. BC","BC"
"LOC111125235",13.4290863512632,-17.9391530325564,2.94638473682703,5.78893163450152e-10,1.40339439721848e-07,0,2.00525127610619,7.600361534576,0,2.3122855803192,0,0,0,0,0,0,53.0468269359914,0,0,0,0,4.5078929432556,0,0,0,0,1.05955076358023,3.78556541703592,0,255.710317311606,0,0,0,25.0391597904839,6.80931260671171,0,6.68528455266579,2.0021985272538,0,4.52278643078275,0,0,0,0,0,3.89772960604083,6.19814977859684,0,0,1.00951057293218,0,0,0,0,0,4.61658827465864,0.924334085403459,0,0,6.55008607918834,0,0,0,0,0,0,0,100.215352293906,0,0,0,2.11136768379895,0,0,2.7126285088467,2.32151369598072,0,0,0,11.0852734281114,0,512.943015341729,0,0,0,179.220930554605,0,1.08001770032719,0,0,8.07681675732202,0,0,1.15278934868647,6.63254702804762,2.16870275963628,7.47179714802756,"CC vs. BC","CC"
"LOC111123359",281.103953331255,6.43847568435146,4.15392874137458,0.00010298591459065,0.0126677748144263,3.77734039441266,191.501496868141,323.01536521948,34.9882758256769,277.474269638304,0,2403.30028016991,212.554095536144,2.20649251641193,0,1.00875397040006,3197.66272770156,458.05385226338,3.97726404815894,3.00554079955254,1.07276302371494,190.83413459782,0,4.56628805971138,18.5189556470052,1.431814131568,16.9528122172836,41.6412195873952,0,178.662230436056,0,0,765.831427719456,1352.11462868613,10.2139689100676,1.8569395072759,2307.53738476181,148.162691016781,1196.57899095549,1.50759547692758,1.0528496792392,0,1.68583209478613,8.19506694844038,11.7620609712833,1027.05175119176,1.54953744464921,0.742392310345921,0.930341474461282,290.739045004468,1743.382783558,0,1.36315814933995,1907.91200750368,0,0,0.924334085403459,0,355.589754670661,121.176592464984,0,405.277778464651,0.969564835012302,10.9062378905175,11.2727079592602,0,2.03429142888579,4.86482292688863,236.274122716082,14.004840829233,0,131.960480237435,4.96961048180997,1328.39183347547,2.03447138163503,276.260129821705,0,2.06993230972201,1032.51145049997,188.449648277894,0,0,1.13354118144849,2.96845125369353,0,14.0172794847177,0,65.8810797199588,2.4506649123087,2.47762215354032,12.115225135983,0,1.06188527264361,1091.69151320608,2.21084900934921,0,2189.23656437208,"CC vs. BC","BC"
"LOC111124819",107.352111153988,4.28706607893522,3.63516325745644,0.000179673637726566,0.0199397810401438,0,199.522501972566,128.25610089597,67.3524309644281,64.7439962489375,47.6601307618364,547.305648112787,0,0,0,6.05252382240037,378.754344322978,579.642517852745,1.32575468271965,207.382315169125,0,254.695951293941,14.0961189459206,7.30606089553821,20.3708512117057,0,8.47640610864181,0,0,26.7993345654085,4.18003363143324,4.05743938968086,408.007056933157,350.548237066774,9.07908347561561,0,881.343346859774,390.428712814491,181.956254960647,1.50759547692758,0,4.31261796320295,1.68583209478613,2.0487667371101,316.506367954531,317.664962892328,2.32430616697382,5.93913848276736,5.58204884676769,85.8083986992354,264.007933200577,4.11389935866618,4.08947444801985,316.935878034164,0,0,3.69733634161384,0,78.0321961638395,270.191050766519,21.0945807764347,92.5437446887785,0,4.36249515620701,0,14.4762013281487,8.13716571554317,1.94592917075545,141.188195281561,2.33414013820549,0,337.818829407833,0,568.352350108914,38.6549562510655,106.209251591118,1.79840309020296,5.51981949259204,214.320261918401,103.093042881436,2.0265769299886,1.77182388719077,4.53416472579395,68.2743788349512,2.71008825436562,8.00987399126726,0,774.372691134598,33.4924204682189,0,4.03840837866101,5.57197684458217,0,360.823066138864,0,8.67481103854514,466.453621955435,"CC vs. BC","BC"
"LOC111122756",12.0482904661936,21.8010211055808,2.80859275193533,3.37629439948892e-15,2.00728740845806e-12,0,15.0393845707964,96.904609565844,5.24824137385154,69.3685674095759,0,1.30934365577222,7.22271198423791,0,0,0,11.6703019259181,85.9506084338609,0,0,0,12.7723633392242,0,0,0,0,0,3.78556541703592,0,3.34991682067606,0,0,25.0913430734295,18.7793698428629,0,0,96.936626013654,2.0021985272538,32.058959207352,0,0,0,0,0,41.7018525345497,26.3096748407756,0,0,1.86068294892256,28.2662960421011,8.14121379913674,0,0,13.642935147166,0,0,0,0,13.8284904594146,21.2877797573621,0,0,0,11.9968616795693,0,1.80952516601859,0,0,19.2092782696001,0,0,31.6705152569843,0,9.58435666288218,0,1.16075684799036,0,0,0,8.86821874248914,1.0132884649943,0,3.40062354434547,0,0,0,0,31.3205133094886,0,0,0,0,0,216.724397553055,0,0,129.155350701619,"CC vs. BC","BC"
"LOC111123157",62.1960151526748,23.9172194367318,3.4288089413133,1.01029668095554e-12,3.5531138202056e-10,0,2.00525127610619,129.206146087792,0.874706895641923,152.610848301067,5.81221106851664,860.893453670233,114.531575750058,1.10324625820597,0.997957452691516,0,733.107148255401,0,0,0,0,0.7513154905426,0,0,2.77784334705078,0,0,0,0,6.69983364135212,0,0,661.10234358688,8.34638659682796,0,0,4.45685636844386,0,17.3291671391092,0,0,3.23446347240221,0,0,2.13855654023332,485.267335952083,0,0,0,2.01902114586436,0,0,0,183.65489621185,0,26.5453825792872,0,0,15.8039890964738,6.55008607918834,0,474.419656680405,0,0,0,0,0,0,98.9277830884408,0,0,1.05568384189948,0,540.557715786555,0,199.069799430346,0,0,0,257.178343532185,0,0,0,0,0,0,0,2.16003540065439,0,2.47762215354032,0,0,0,705.507081396117,0,3.25305413945443,9.6065963331783,"CC vs. BC","BC"
"LOC144623075",59.972994918491,-20.2726055087995,2.69145850821346,2.26556967892078e-14,1.15451581393167e-11,155.815291269522,0,0,0,84.3984236816507,0,0,35.0817439234413,76.1239918162117,143.705873187578,1.00875397040006,111.398336565582,0,0,0,0,72.1262870920896,153.295293536886,235.620463881107,0,0,190.719137444441,82.3360478205313,0,0,131.671059390147,0,40.36433450943,0,34.0465630335585,0,0,0,77.9812521259915,88.9481331387274,106.337817603159,29.1101712516199,0,0,93.0272095001494,123.752914991796,103.044240069172,251.670993207267,109.780293986431,215.025752034555,0,0,106.326335648516,0,205.150549073744,26.5453825792872,53.6113769534006,86.9784076203735,27.6569809188292,0,0,0,41.691287905529,295.559046833025,0,64.23814339366,0,0,65.3115461166405,0,171.236359433156,0,88.7430443180352,0,0,0,309.325331514909,0,0,36.5814023127677,157.059712074116,232.994841165587,0,125.664436406359,0,0,225.553457356726,0,0,287.404169810677,0,0,96.6315598105681,66.861782223815,0,0,0,"CC vs. BC","CC"
"LOC111127544",75.0935923590154,23.3826647699893,4.15587018102931,5.99858818310772e-09,1.26936226213729e-06,0,36.0945229699114,122.555829745038,6.99765516513539,100.584422743885,1.16244221370333,39.9349815010527,0,0,0,0,2.12187307743965,827.012561638003,0,0,0,33.809197074417,0,0,0,0,0,0,0,1.11663894022535,0,0,572.73717885002,648.931557903374,0,0,138.16254742176,7.00769484538831,162.894171107627,0,0,0,0,0,66.2952527472329,597.327062125757,0,0,0,0,0,0,0,415.584793713672,0,0,0,0,18.7672370520627,1018.53838531379,0,0,0,0,2.50504621316894,0,0,0,0,0,0,482.447515748061,1.41988870908856,0,0,51.6536797355709,0,0,2.69585235117486,0,0,0,0,0,0,0,0,168.482761251042,0,0,0,0,0,194.821399928013,0,0,1186.94834694381,"CC vs. BC","BC"
"LOC144623312",38.3018156319993,15.2881238807058,3.59082707183427,2.11375302185919e-06,0.000356624411863676,0,0,0,0,0,0,0.654671827886109,0,0,0,0,1.06093653871983,0,0,0,0,0,0,0,0,194.726721893248,2.11910152716045,49.212350421467,3.56794912412582,0,4.18003363143324,0,6.54556775828594,0,0,0,0,253.278113697606,0.866458356955461,0,0,0,0,0,0,0.974432401510207,0,1.48478462069184,63.2632202633672,0,0,431.959432659949,228.328990014441,0,18.3555754434403,8.07902948065263,0,502.754312179302,0,0,0,0,669.9693009935,1.09062378905175,0,0,1.0171457144429,252.970792198209,0,0,6.42136347874334,0,0,0,0,0,0,15.1795036046281,5.39170470234971,0,494.484770917218,1.77182388719077,10.2018706330364,0,0,234.288814244567,0,0,0,0,0,58.5057568681128,1.06188527264361,0,0,0,0,"CC vs. BC","BC"
"LOC111113813",104.941539045147,-3.6701629692494,1.87324220683272,3.4096458610251e-05,0.00462711180161939,264.413827608886,110.288820185841,276.463150820202,11.371189643345,4.62457116063839,5.81221106851664,0,0,137.905782275746,13.9714043376812,24.2100952896015,32.8890327003146,16.7708504261192,82.196790328618,124.229019714838,5.36381511857468,9.7671013770538,66.9565649931227,10.9590913433073,0,209.760770274712,105.955076358023,5.67834812555389,148.664546838576,17.8662230436056,198.551597493079,23.3302764906649,348.006019148869,230.568929737372,93.06060562506,136.485053784779,319.779444435847,26.0285808542994,297.195216435723,381.421655662678,20.0041439055448,176.817336491321,75.862444265376,95.2676532756195,119.759166253066,93.5455105449799,107.69285240312,20.0445923793399,33.4922930806062,130.226863908251,77.9230463631659,0,62.0236957949677,258.166311246372,82.0602196294977,58.8615005018977,70.2493904906629,0,205.45185825416,103.163855747216,65.0416240606735,134.028871618231,267.599894463395,573.668113041222,53.8584935831322,14.4762013281487,14.2400400022005,49.6211938542641,124.860308752401,157.554459328871,3.21068173937167,12.6682061027937,123.530317690705,19.1687133257644,82.0570123926127,10.4468116319132,287.744494432474,25.5291651532382,55.2649731990845,212.837249819739,15.1993269749145,227.679369504015,73.6801767941517,5.93690250738706,125.34158176441,81.099974161581,11.0475162786968,114.481876234683,57.9990695913059,48.3136319940363,331.149487050203,119.797502158517,261.223777070327,35.7364698092804,49.7441027103571,6.50610827890885,271.119496514143,"CC vs. BC","CC"
"LOC111111167",158.219289185114,24.3714006350537,2.69209055459667,4.5554778155257e-20,1.03409346412433e-16,0,196.514625058407,168.157998952494,17.4941379128385,181.514418055057,30.2234975562865,432.083406404832,0,0,0,0,244.01540390556,525.137253967857,0,1570.89599123279,2.14552604742987,93.914436317825,3.52402973648014,0,0,0,3.17865229074068,0,0,16.7495841033803,2.09001681571662,0,196.367032748578,155.451450365921,0,0,1776.05726282488,104.114323417198,285.064799438347,0,0,4.31261796320295,0,0,415.94924707538,357.616691354246,0,0,0,178.683371408996,3325.10432167599,2.05694967933309,0,194.14946170967,0,0,0,0,19.7549863705923,275.10361532591,4.39470432842389,148.920968464701,0,15.2687330467245,0,7.23810066407436,0,1.94592917075545,46.1022678470404,0,0,119.292274134641,2.83977741817713,204.146796919391,433.342404288261,171.792013502573,0,0,52.5691208479097,178.472902192594,0,1.77182388719077,0,0,0,4.00493699563363,3.68250542623227,437.407168632513,0,0,4.03840837866101,3.71465122972145,2.12377054528721,624.811826988064,0,6.50610827890885,1304.3623021271,"CC vs. BC","BC"
"LOC111115595",2832.89833210079,5.49163429366044,3.32411642105499,7.69334363767926e-05,0.00965340656446488,18.8867019720633,2881.5460837646,3709.92647406491,403.239878890927,2030.18673952025,46.4976885481331,6261.93603373063,420.980927081295,8.82597006564773,1.99591490538303,16.140063526401,11936.5969971368,14700.6985766451,18.560565558075,7443.72271355846,19.3097344268688,2525.92267920422,1.76201486824007,30.1375011940951,15.7411122999544,22.909026105088,21.1910152716045,30.2845233362874,8.32521462296025,1368.99934071628,281.107261713885,4.05743938968086,7807.77140767542,6162.76320343284,24.9674795579429,0,23171.1962595396,13027.3047175769,8506.02169023176,118.346244938815,10.528496792392,355.790981964243,13.4866567582891,4.09753347422019,3058.13585253365,8654.90859021366,8.52245594557066,12.6206692758806,40.9350248762964,1880.71819737265,22062.6893956606,30.8542451899964,70.2026446910074,6197.04092646271,23.7542741032757,163.888883750382,0,42.0554937944663,1939.93966159216,10018.3566581186,14.0630538509564,12490.2143693751,9.69564835012302,69.7999224993122,190.38351220084,85.0476828028738,11.1886028588719,21.40522087831,1444.53772587393,64.1888538006511,52.4411350764039,4753.74434007334,2.83977741817713,12469.2480184097,48.8273131592406,2322.67445282871,16.1856278118266,41.3986461944403,7006.52026070345,1754.79878367004,23.3056346948689,283.491821950524,38.5404001692486,23.7476100295482,31.1660149252046,428.528258532798,14.7300217049291,22897.4552646368,0,32.2090879960242,246.342911098322,26.0025586080501,72.2081985397651,15372.445964734,11.054245046746,17.3496220770903,10602.4801530511,"CC vs. BC","BC"
"LOC111113358",4230.87506001615,7.7861163126074,2.55929656422503,1.23962929750914e-05,0.00183157062478126,15.1093615776507,5005.10718516105,5625.21758077806,488.086447768193,3192.11024363065,47.6601307618364,9023.99647558213,707.825774455315,13.2389550984716,0.997957452691516,12.1050476448007,13865.3796245294,28869.9708304126,13.2575468271965,7622.05146766524,12.8731562845792,2986.47907490683,0.881007434120036,7.30606089553821,74.0758225880209,15.034048381464,19.0719137444441,47.319567712949,11.8931637470861,979.292350577634,238.261916991695,0,13901.6949906396,8114.77436876598,29.5070212957507,0,29228.0640642549,19939.8951329206,16481.7708660068,94.2247173079739,17.8984445470664,411.855015485881,11.8008246635029,5.12191684277524,5014.91508684713,17307.8683156243,10.0719933902199,17.8174154483021,13.0247806424579,2324.90284946281,20229.7532603121,38.0535690676622,54.5263259735979,10193.3714680326,0,150.039118926406,9.24334085403459,35.3648470544376,1871.78495861362,12255.2110541614,16.6998764480108,23026.3728882527,17.4521670302214,103.609259959916,100.201848526758,76.0000569727808,2.03429142888579,31.1348667320873,1150.63576834905,46.6828027641099,38.52818087246,6585.35580576894,4.25966612726569,19192.6742174216,67.1375555939559,4547.26495200223,3.59680618040592,39.3287138847183,12930.6558024102,2742.49664611477,53.7042886446978,306.525532484004,53.276435528079,15.8317400196988,61.6545077868178,303.373977419247,16.5712744180452,34057.2781621177,1.6337766082058,33.4478990727943,218.074052447695,24.1452329931894,59.4655752680419,28372.4514498713,22.1084900934921,39.0366496734531,18222.6458444466,"CC vs. BC","BC"
"LOC111111959",23.8222861379693,22.5599893564994,3.05651193064814,5.93181263585074e-14,2.69304293667623e-11,0.944335098603166,64.1680408353981,0,0,0,0,249.429966424608,36.1135599211896,0,0,0,51.9858903972715,3.14453445489735,0,8.01477546547344,0,67.618394148834,0,0,2.77784334705078,0,0,2.83917406277694,0,20.0995009240563,0,0,52.3645420662876,5.21649162301747,0,0,94.7081978294321,3.0032977908807,96.1768776220562,0,0,0,0,0,4.27711308046664,1.94886480302041,0,10.3934923448429,0,19.1807008857114,9.30424434187056,0,0,0,0,0,0,0,33.5834768300069,0,0,647.806212821449,0,1.09062378905175,0,0,0,0,251.641545331762,0,0,0,2.12983306363284,3.83374266515287,0,1.74113527198554,6.29441081571036,0,0,19.9534921706006,0,0,2.26708236289698,1.97896750246235,0,0,0,366.126000410919,0,0,22.2112460826356,0,0,8.06952544080526,0,0,19.2131926663566,"CC vs. BC","BC"
"LOC111113712",30.1280486705011,20.7656227292858,3.47409223460534,9.54703078884118e-10,2.22793793268565e-07,0,185.485743039823,0,0,0,2.32488442740666,51.0644025751165,0,0,0,0,40.3155884713534,48.2161949750927,0,8.01477546547344,0,0,0,0,5.55568669410156,0,0,1.89278270851796,0,29.0326124458592,0,0,1.09092795971432,0,0,0,0,5.0054963181345,1196.57899095549,0,0,2.15630898160147,0,0,4.27711308046664,0,0,0,0,2.01902114586436,0,0,0,0,0,0,0,0,0,0,0,1055.21143369274,0,0,0,5.42857549805577,0,0,0,0,0,0,0,0,5.4252570176934,0,0.89920154510148,4.13986461944403,2.69585235117486,101.984515538625,0,0,0,0,0,0,0,2.16003540065439,0,6.19405538385081,0,0,0,4.61115739474586,0,0,0,"CC vs. BC","BC"
"LOC111113755",32.6569394138918,24.4578285516937,2.37616806264464,2.48665301710045e-25,1.55229314592495e-21,0,0,19.950949028262,0,0,0,927.01530828673,33.0181119279447,0,0,0,143.226432727177,77.5651832208013,0,2.00369386636836,0,175.807824786968,0,0,0,0,8.47640610864181,3.78556541703592,0,1.11663894022535,0,0,216.003736023436,6.25978994762097,0,0,209.472249316862,170.186874816573,116.105419832032,0,0,0,0,0,10.6927827011666,32.1562692498368,0,8.16631541380513,0,26.2472748962367,277.964299713383,1.02847483966655,0,3.148369649346,0,0,3.69733634161384,1.91161335429392,9.87749318529613,1.63752151979709,0,96.7986295020557,3.87825934004921,8.72499031241402,0,14.4762013281487,1.0171457144429,0,46.1022678470404,0,0,0,2.12983306363284,11.5012279954586,0.678157127211675,37.1442191356914,13.4880231765222,0,4.04377852676228,49.8837304265014,0,0,1.13354118144849,5.93690250738706,0,2.00246849781681,0,95.041557628793,1.6337766082058,1.23881107677016,10.0960209466525,3.71465122972145,0,6.91673609211879,0,0,100.335561702084,"CC vs. BC","BC"
"LOC144623827",13.6399286043601,39.5977768023465,3.18710322159352,9.97153106138123e-37,1.24494565301345e-32,0,0,0,0,0,0,0,0,0,0,0,0,1.04817815163245,0,0,0,0,78.4096616366832,0,0,15.749955447248,0,0,0,0,0,0,28.3641269525724,0,0,0,2.22842818422193,94.1033307809287,0,0,2.1056993584784,44.2043341228302,0,0,0,2.92329720453062,0,0,219.560587972863,0,0,56.56611618166,0.681579074669974,0,0,21.9287943046286,0,31.5416203458497,0.987749318529613,1.63752151979709,0,0,90.169529656144,0,71.3938170753148,0.904762583009296,0,10.702610439155,4.80231956740004,0,131.637951314238,0,0,29.7115056549348,0.678157127211675,0,0.89920154510148,0.689977436574005,0,0,27.3587885548461,40.7519494053878,0,0,0,0,0.920626356558067,0,0,0,0,80.7936642464414,159.282790896541,0,0,0,2.13479918515073,"CC vs. BC","BC"
"LOC111113785",25.1939454781554,-7.1521575077386,7.46177492923105,0.000439059670383319,0.0397221738024329,130.318243607237,0,75.053570153938,0,0,0,0,0,0,0,0,0,0,0,1.00184693318418,0,53.3433998285246,0,0,0,0,0,0,27.9489348056523,0,0,0,0,0,0,0,0,179.196768189215,0.866458356955461,0,0,0,0,1.02438336855505,0,0,0.774768722324605,0,155.367026235034,28.2662960421011,0,226.26446472664,188.115824608913,0,0,0,0,177.780041949335,0,1.63752151979709,0.878940865684777,0,246.269468093125,0,0,0,146.468982879777,0,0,0,0,0,2.83977741817713,64.2151896413106,0,0,0,70.3776985305485,0,187.341120935083,125.647769659293,0,0,0,0,0,122.443305422223,0,6.53510643282319,97.8660750648427,0,0,0,0,0,0,0,"CC vs. BC","CC"
"LOC144624511",45.7774870107914,-2.89871910543379,3.09978993458141,0.000279559361524202,0.0280345271375876,0,32.0840204176991,10.450497110042,6.99765516513539,3.46842837047879,1.16244221370333,4.58270279520276,0,3.3097387746179,0,3.02626191120019,0,1.04817815163245,10.6060374617572,168.310284774942,0,1.5026309810852,4.40503717060018,21.9181826866146,0.925947782350261,10.022698920976,0,0,16.0557710585662,7.81647258157747,290.51233738461,334.738749648671,1.09092795971432,3.12989497381048,194.065409291284,318.465125497817,173.817398369311,7.00769484538831,157.695420965894,4.52278643078275,11.5813464716312,31.2664802332214,224.215668606556,235.608174767661,157.183905707149,3.89772960604083,6.97291850092145,4.45435386207552,0,22.209232604508,1.16303054273382,0,0,2.098913099564,0,0,202.429164703358,1.91161335429392,212.366103483867,119.539070945187,3.51576346273911,207.425634647262,5.81738901007381,0,1.25252310658447,4.52381291504648,5.08572857221448,7.78371668302181,98.9277830884408,11.6707006910275,11.7724997110295,3.16705152569843,8.51933225453138,11.5012279954586,218.366594962159,6.96454108794214,6.29441081571036,1.37995487314801,4.04377852676228,3.32558202843343,9.11959618494869,0,28.3385295362122,8.90535376108059,138.214500972647,183.225867550239,10.1268899221387,172.802832052351,3.2675532164116,1.23881107677016,2.01920418933051,0,0,0,2.21084900934921,1.08435137981814,0,"CC vs. BC","CC"
"LOC144623338",54.261950040114,-21.1100796578764,3.81108278277545,1.18755768421578e-08,2.41083864836326e-06,0,0,198.559445090798,0,0,0,0,0,1.10324625820597,0,0,14.8531115420776,0,0,89.164377053392,0,0,0,0,0,248.419751827048,0,0,0,0,285.287295345318,15.2153977113032,0,0,0,0,37.8832791317728,0,2.59937507086638,0,0,0,159.31113295729,377.997462996813,204.232149592282,0,63.5310352306176,0,0,0,0,0,911.271222833756,0,0,0,300.408577756124,272.404902986884,44.4487193338326,155.564544380723,0,2.12744240663859,0,7.63436652336227,0,0,0,503.995655225662,264.127576207002,43.1815925568016,75.9861344984628,0,0,0,307.883335754101,0,0,1.37995487314801,0,6.65116405686685,0,0,0,1.97896750246235,120.59892731927,0,0,272.164460482453,0,0,0,0,0,0,0,0,2.13479918515073,"CC vs. BC","CC"
"LOC144623881",529.89321077841,-4.4950729153975,2.62153594707227,5.98875265232967e-05,0.00766867455018829,133.151248903046,9.02363074247786,0,10.4964827477031,5.78071395079799,19.7615176329566,3.27335913943055,11.349975975231,11.0324625820597,800.361877058596,9.07878573360056,4.24374615487931,12.5781378195894,83.5225450113377,278.513447425202,5096.69712566966,47.3328759041838,21.1441784188809,9.13257611942276,15.7411122999544,1.431814131568,93.2404671950599,2705.73288182643,2819.86912443411,11.1663894022535,181.831462967346,3039.02210287096,14.1820634762862,2429.84179800154,139.59090843759,30.6395018700524,422.287140910056,17.0186874816573,20.7950005669311,10.5531683384931,6.31709807543521,16.1723173620111,294.17770054018,405.655813947799,287.635854661381,28.258539643796,6.19814977859684,587.232317483623,7.44273179569026,2818.55351962665,2.32606108546764,1866.68183399478,177.210559414193,439.722294358658,45.3490687426172,23.0829413732932,365.111963734366,5.73484006288177,224.219095306222,486.343891379735,11.4262312539021,226.572616307009,41.691287905529,1652.2950404134,18.7878465987671,5.42857549805577,687.590502963398,1329.06962362597,1867.14184780513,2.33414013820549,5.35113623228612,9.50115457709529,53.2458265908211,11.5012279954586,234.64236601524,5.22340581595661,1918.89609724656,67.6177887842525,20.2188926338114,1087.46532329773,10.132884649943,62.0138360516771,1115.40452254531,300.803060374277,249.328119401637,2533.12264973827,455.710046496243,2354.43858671328,8.98577134513189,1055.46703740818,149.421110010457,22.2879073783287,13.8045085443669,4.61115739474586,2456.25324938697,2089.54510890956,0,"CC vs. BC","CC"
"LOC144623341",39.0407679487386,-2.70028706660046,3.21035553065012,0.000373781338760304,0.0356047358634481,15.1093615776507,33.0866460557522,1.900090383644,0,0,0,1.30934365577222,2.06363199549655,4.41298503282386,0,0,21.2187307743965,0,137.878487002843,37.0683365278147,2.14552604742987,6.0105239243408,14.0961189459206,34.7037892538065,0,0,6.35730458148136,0.946391354258981,2.97329093677152,4.46655576090141,25.0802017885994,0,25.0913430734295,47.9917229317608,0,99.3462636392608,23.3984959343303,0,0.866458356955461,17.3373479846672,2.1056993584784,3.23446347240221,14.3295728056821,89.1213530642892,66.2952527472329,0,0.774768722324605,48.9978924828308,87.4520985993605,2.01902114586436,0,4.11389935866618,16.3578977920794,0,2.15947946393415,48.4741768839158,74.8710609176802,1.91161335429392,54.3262125191287,65.5008607918834,36.0365754930759,0,26.1782505453321,17.449980624828,118.989695125525,0,2.03429142888579,0,44.1813400200803,37.3462422112879,61.0029530480617,2.11136768379895,219.372805554183,20.1271489920526,39.3331133782772,1.74113527198554,96.2145653258584,24.8391877166642,301.935463331584,28.8217109130897,0,82.389810754371,72.5466356127033,28.6950287857041,16.2605295261937,78.0962714148558,69.9676030984131,25.9204248078526,133.969681872875,0,457.34974888336,69.6497105572771,50.9704930868931,223.641133645174,0,2.16870275963628,55.504778813919,"CC vs. BC","CC"
"LOC111106798",23.0261408441491,-15.1323168415407,2.63198553229039,4.91586625048608e-09,1.04913829294562e-06,0,1.0026256380531,0,0,0,0,0,0,6.6194775492358,0,0,0,0,731.816584861244,1.00184693318418,0,3.756577452713,39.6453345354016,16.438637014961,0,0,8.47640610864181,0,0,0,0,0,4.3637118388573,28.1690547642944,0,0.928469753637951,2.22842818422193,0,8.66458356955461,21.1063366769862,0,6.46892694480442,0,2.0487667371101,1.06927827011666,0,0,0,39.0743419273738,0,0,0,23.1736885387791,0,0,25.3912355106225,0,0,10.8652425038257,0,23.731403373489,0,33.9347692254306,0,58.8685860094701,0,0,0,0,44.3486626259044,27.8259084078878,0,0.709944354544282,22.044020324629,0,0,0.89920154510148,24.1492102800902,137.488469909918,12.1938007709226,0,59.356100220891,0,0,0,0,65.3644713156228,2.16003540065439,129.885240352361,0,149.421110010457,38.0751751046448,28.6709023613773,237.474605829412,0,0,39.4937849252885,"CC vs. BC","CC"
"LOC111111604",20.3357987632644,20.122480836727,2.7712207170943,1.75332441107318e-13,7.1771328761471e-11,0,11.0288820185841,10.450497110042,0.874706895641923,0,12.7868643507366,24.8775294596721,0,0,0,0,83.8139865588663,2.0963563032649,0,210.387855968678,10.7276302371494,8.2644703959686,0,0,0,0,0,0,0,0,0,0,70.9103173814311,10.4329832460349,1.13488543445195,0,570.477615160814,3.0032977908807,5.19875014173276,0,0,0,0,0,35.2861829138498,4.87216200755104,0,0,0,10.0951057293218,94.2054739614394,0,0,9.445108948038,0,0,0.924334085403459,0,5.92649591117768,311.129088761446,0,12.7646544398315,0,2.18124757810351,0,0,0,0,0,0,7.49159072520056,5.27841920949739,0,28.7530699886466,12.8849854170218,2.90189211997589,0,0,5.39170470234971,5.54263671405571,0,0,0,1.97896750246235,0,0,0,245.164017974273,0,0,0,0,0,2.30557869737293,0,1.08435137981814,28.8197889995349,"CC vs. BC","BC"
"LOC111114652",14.974522651544,20.2144437760453,3.15988844299824,7.05223151664682e-11,1.93510132934803e-08,0,62.1627895592919,28.50135575466,0.874706895641923,17.342141852394,0,96.8914305271441,0,0,0.997957452691516,0,138.982686572297,143.600406773646,0,0,0,33.0578815838744,0,0,0.925947782350261,0,1.05955076358023,0,0,0,0,0,25.0913430734295,2.08659664920699,0,0,130.363048776983,25.0274815906725,77.114793769036,0,0,0,0,0,17.1084523218665,56.517079287592,0,0,0,7.06657401052527,1.16303054273382,0,0,124.885329424058,0,0,0,0,0.987749318529613,36.0254734355359,0,3.19116360995788,0,0,0,0,0,0,9.60463913480007,0,0,41.1716698340796,0,56.5477043110049,0.678157127211675,19.7328664158361,0,0,29.6543758629234,21.0620195134117,0,0,0,0,0,0,0,95.041557628793,0,0,0,0,0,50.7227313422045,0,0,22.4153914440827,"CC vs. BC","BC"
"LOC111113025",14.0845268492038,-19.9999402139115,2.53899917547429,1.55876092667261e-15,1.02427000892145e-12,12.2763562818412,0,30.401446138304,0,6.93685674095759,0,0,0,0,0,3.02626191120019,58.3515096295905,0,0,13.0240101313943,0,13.5236788297668,0,42.0098501493447,0,2.147721197352,13.7741599265429,8.51752218833083,0,149.629617990197,0,0,0,3.12989497381048,6.80931260671171,0,0,20.021985272538,3.46583342782184,28.6443140616241,0,0,0,0,0,1.94886480302041,42.6122797278533,1.48478462069184,0,0,23.2606108546764,10.2847483966655,0,0,8.6379178557366,0,0,0,0,0,0.878940865684777,8.50976962655434,0,7.63436652336227,0,3.61905033203718,30.5143714332869,62.2697334641745,0,4.66828027641099,18.1938631897728,13.7238899446932,0,0,14.2412996714452,0,0,2.06993230972201,13.4792617558743,25.4961288846563,0,465.103770387578,2.26708236289698,0,14.2279633354195,59.072820685596,0,0,0,0,10.0960209466525,17.6445933411769,0,0,0,0,18.1457930737812,"CC vs. BC","CC"
"LOC111113026",4002.60274395256,-3.09302413010945,4.00744260782177,0.000545586730354746,0.0468276209013485,5637.6805386609,20.0525127610619,7943.32784882374,20.1182585997642,183.826703635376,11.6244221370333,18.3308111808111,0,3.3097387746179,21.9550639592134,8931.50765392215,1660.36568309653,4.1927126065298,62.3104700878233,12573.1790114615,0,16386.9421642246,0.881007434120036,6072.24986180419,1.85189556470052,0,19755.3239869533,26300.2157348571,1.78397456206291,4519.037791092,2.09001681571662,4.05743938968086,18.5457753151435,242.045211308011,15133.6972684168,0,71.3097018951018,17672.4053008057,12.1304169973765,826.916119094779,0,51.7514155584354,1.68583209478613,0,21.3855654023332,27.2841072422858,12373.8312642463,8.90870772415105,3.72136589784513,17.1616797398471,26589.2042679806,8481.83200273,6.81579074669974,0,4.3189589278683,213.517207702962,0,7.64645341717569,0,60.5882962324922,23.731403373489,340.390785062174,3.87825934004921,9462.251993813,60.1211091160546,14312.439300624,8559.28118703697,1309.61033191842,149.832370502881,22.1743313129522,21072.7744827427,545.78854626203,4.25966612726569,21.0855846583408,19747.2573872768,22.634758535812,11.6896200863192,33.8088943921262,29712.3366884737,8864.8931604607,0,24111.8653688357,6601.743840756,11.8738050147741,102.305831602302,4835.96142222761,0,7298.75961881117,1.6337766082058,16.1045439980121,9750.73703027701,8820.43934497357,0,59.9450461316962,133.756365065627,39.0366496734531,192.131926663566,"CC vs. BC","CC"
"LOC111116096",24.2593393999544,-22.1825418343786,2.72358722418066,1.49903262150308e-16,1.24769481863107e-13,0,6.01575382831857,0,0,0,0,0,57.7816958739033,0,0.997957452691516,25.2188492600016,1.06093653871983,0,0,52.0960405255774,0,2.2539464716278,0,1.82651522388455,0,0,0,0,0,0,16.720134525733,51.7323522184309,6.54556775828594,1.04329832460349,48.8000736814339,6.49928827546566,10.0279268289987,0,0,13.5683592923482,0,3.23446347240221,0,0,0,0,443.167709169674,0,0,3.02853171879654,547.787385627629,0,6.81579074669974,9.445108948038,0,13.8497648239759,0,0,1.97549863705923,3.27504303959417,0,0,0,275.927818630093,0,15.380963911158,1.0171457144429,0.972964585377727,1.92092782696001,0,0,0,0,0,14.9194567986569,5.22340581595661,8.9920154510148,0.689977436574005,249.366342483674,0,0,0,219.906989201007,0,2.71008825436562,67.0826946768633,1.84125271311613,20.5203363062167,0,0,0,0,10.6188527264361,0,0,0,0,"CC vs. BC","CC"
"LOC144623985",108.670580257741,-1.92875213892533,1.92624370706251,0.000158859840194609,0.0181033876388098,96.3221800575229,49.1286562646017,1196.1068965039,41.9859309908123,3.46842837047879,38.3605930522098,18.3308111808111,24.7635839459586,24.2714176805313,35.9264682968946,20.1750794080012,46.6812077036724,31.4453445489735,41.098395164309,29.0535610623412,30.0373646640182,68.3697096393766,56.3844757836823,74.8871241792666,48.1492846822136,1145.4513052544,54.0370889425915,1.89278270851796,35.6794912412582,53.5986691308169,32.3952606436076,2105.81104324437,44.7280463482873,31.2989497381048,73.7675532393768,48.2804271891735,94.7081978294321,38.0417720178222,14.7297920682428,36.9360891847258,38.9554381318505,21.5630898160147,10.9579086161099,10.2438336855505,16.0391740517499,32.1562692498368,22.4682929474135,26.7261231724531,19.5371709636869,41.3899334902194,24.4236413974102,21.5979716329974,42.2579026295384,15.74184824673,1541.86833724898,830.985889438556,33.2760270745245,17.2045201886453,28.6447302373588,14.7376936781738,24.6103442391738,36.166520912856,34.9043340604429,57.8030608197429,42.585785623872,23.5238271582417,36.6172457199443,27.2430083905763,46.1022678470404,84.0290449753978,87.7586342094923,49.6171405692754,43.3066056272012,28.7530699886466,25.091813706832,19.7328664158361,23.3792401726385,20.6993230972201,4.04377852676228,56.5348944833682,21.2790577648803,19.4900627590985,35.1397766249031,67.28489508372,63.0095519140006,68.0839289257717,39.5869333319969,18.3603009055623,8.98577134513189,18.5821661515524,63.6049319639109,31.5745354526323,37.1659845425262,17.291840230297,50.8495272150317,36.8679469138168,30.9545881846856,"CC vs. BC","CC"
"LOC111114880",77.5195035153091,23.1749137804873,3.04275193809513,9.36007319630132e-15,4.972787823652e-12,0,78.2047997681415,112.105332634996,14.8700172259127,84.3984236816507,0,218.66039051396,41.2726399099309,0,0,4.03501588160025,414.826186639452,298.730773215248,0,986.819229186417,0,202.855182446502,0,0,0,0,0,0,0,53.5986691308169,0,0,366.551794464013,86.5937609420901,1.13488543445195,0,405.573929528392,204.224249779888,204.484172241489,0,1.0528496792392,0,0,1.02438336855505,160.391740517499,81.8523217268574,0,0.742392310345921,0,105.998610157879,383.80007910216,6.17084903799927,0,178.40761346294,0,2.30829413732932,0,0,71.1179509341322,129.36420006397,0,123.391659585038,0,0,0,3.61905033203718,0,0,115.255669617601,0,0,138.294583288831,0,225.232381577731,2.7126285088467,161.34520187066,0,0,156.359436368142,128.589171766092,0,4.42955971797694,0,0,0,0,0,721.451823818565,0,0,2.01920418933051,0,0,182.140717092462,0,0,265.782498551266,"CC vs. BC","BC"
"LOC111111516",10.689863504193,-19.2614148550247,2.95781483853849,3.53747927335848e-11,9.92481544446755e-09,0,0,0,0,1.1561427901596,0,0,0,0,0,0,21.2187307743965,0,0,0,0,9.7671013770538,9.6910817753204,0,0,0,10.5955076358023,3.78556541703592,0,255.710317311606,0,1.01435984742021,6.54556775828594,8.34638659682796,0,0,4.45685636844386,0,2.59937507086638,0.753797738463791,0,0,0,1.02438336855505,2.13855654023332,1.94886480302041,8.52245594557066,0,5.58204884676769,0,0,0,1.36315814933995,0,0,0,0,1.91161335429392,0,0,0.878940865684777,0,0,0,12.5252310658447,0,0,41.8374771712423,0,0,0,4.22273536759791,0,0,3.39078563605838,0,0,0,0,2.21705468562228,0,329.559243017484,0,0,0,204.251786777315,0,2.16003540065439,0,0,4.03840837866101,3.71465122972145,0,0,14.3705185607698,2.16870275963628,0,"CC vs. BC","CC"
"LOC144623989",8.8985809300437,-20.5497198356789,2.25984245086994,4.33924164320368e-20,1.03409346412433e-16,50.994095324571,0,0.950045191822,0,0,0,0,0,0,0,5.04376985200031,22.2796673131164,0,0,1.00184693318418,1.07276302371494,0,0,189.957583283993,0,52.9771228680161,15.8932614537034,0,1.78397456206291,6.69983364135212,0,10.1435984742021,92.7288765757175,0,0,0,0,1.0010992636269,1.73291671391092,42.2126733539723,0,0,5.0574962843584,0,2.13855654023332,1.94886480302041,0,3.7119615517296,1.86068294892256,0,0,2.05694967933309,6.13421167202977,0,0,11.5414706866466,0,70.7296941088751,1.97549863705923,0,5.27364519410866,0,37.8130285654798,4.36249515620701,2.50504621316894,3.61905033203718,2.03429142888579,25.2970792198209,0.960463913480007,0,1.07022724645722,2.11136768379895,0,2.87530699886466,3.39078563605838,0,0,0,2.69585235117486,0,0,16.8323269283124,0,0,2.71008825436562,52.0641809432372,2.7618790696742,4.32007080130877,0,0,0,0.928662807430361,0,11.5278934868647,0,0,29.8871885921102,"CC vs. BC","CC"
"LOC111111464",281.035769063787,24.4217705281389,3.32221830398801,6.25674876619221e-14,2.78983958378249e-11,0,25.0656409513274,862.641034174376,12.2458965389869,157.235419461705,0,434.702093716376,76.3543838333722,0,0,0,1281.61133877355,1481.07572825665,0,2.00369386636836,0,21.0368337351928,0,9.13257611942276,0.925947782350261,0,0,0,0,2.2332778804507,1.04500840785831,0,124.365787407433,254.564791203253,2.2697708689039,0,3684.70600261096,568.62438174008,257.338132015772,0,0,0,0,0,94.096487770266,60.4148088936328,0,0,0,403.804229172873,2.32606108546764,5.14237419833273,0,100.747828779072,0,0,0,0,172.856130742682,1205.21583857066,0,5287.75810170021,0,0,0,0,0,0,457.180822816483,0,0,130.904796395535,0,174.435291264456,5.4252570176934,171.792013502573,0,2.75990974629602,504.124389669698,88.6821874248914,0,0,4.53416472579395,0,0,0,0,3406.37582683197,0,0,3.02880628399576,0,0,3574.79977027673,0,0,739.707917654729,"CC vs. BC","BC"
"LOC111111335",234.116995253718,4.20567719160207,3.67270375937484,0.000194020639779213,0.021155875001253,0,244.640655684955,605.178787190614,36.7376896169608,219.667130130324,34.8732664110998,337.155991361346,45.399903900924,0,0,7.06127779280044,585.636969373345,3004.0785825786,1.32575468271965,40.0738773273672,4.29105209485974,666.416840111286,5.28604460472022,0.913257611942276,0,2.863628263136,2.11910152716045,10.4103048968488,4.16260731148012,8.93311152180282,4.18003363143324,2.02871969484043,604.374089681736,202.399874973078,0,9.28469753637951,2777.73573163264,237.260525479576,532.871889527608,0.753797738463791,0,4.31261796320295,8.42916047393067,16.3901338968808,816.928598369128,891.60564738184,4.64861233394763,12.6206692758806,0,405.823250318737,664.090439901011,4.11389935866618,1.36315814933995,189.951635510542,0,0,3.69733634161384,3.82322670858784,22.7182343261811,286.56626596449,0,427.615923734356,4.84782417506151,31.6280898825008,0,24.428589741251,4.06858285777158,20.4322562929323,93.1649996075607,0,3.21068173937167,422.273536759791,9.22927660907566,463.882862483498,42.0457418871239,69.6454108794214,0.89920154510148,0.689977436574005,477.165866157949,474.449702723169,18.2391923698974,4.42955971797694,23.8043648104183,0,0.677522063591404,6.00740549345044,1.84125271311613,2596.36255158657,0,0,11.1056230413178,3.71465122972145,5.30942636321803,1158.5532954299,0,6.50610827890885,1557.33600556746,"CC vs. BC","BC"
"LOC111099641",32.4663391910607,22.1197923341563,4.60960379590616,3.45780186723419e-07,6.28287336373778e-05,0,0,148.207049924232,0,0,0,47.1363716077999,24.7635839459586,0,0,0,256.746642370198,156.178544593235,0,0,0,0,0,0,0,0,0,0,0,0,0,0,2.18185591942865,2.08659664920699,0,0,700.840663937797,282.309992342786,8.66458356955461,0,0,0,0,0,6.41566962069995,11.6931888181225,0,0,0,0,0,0,0,0,0,0,0,0,1.97549863705923,22.9253012771592,0,142.538641244785,0,0,0,0,0,0,9.60463913480007,0,0,0,0,581.770449436949,0,0,0,1.37995487314801,0,0,0,3.54364777438155,0,0,0,0,0,523.808584658689,0,0,0,0,0,26.5141550197887,0,0,25.6175902218088,"CC vs. BC","BC"
"LOC111099907",8.37520574382336,18.4926935010221,4.62486806579727,3.34701954188459e-06,0.000546242339613453,0,0,8.550406726398,0,4.62457116063839,0,0,0,0,0,0,24.401540390556,18.8672067293841,0,0,0,6.0105239243408,0,0,0,0,0,0,0,0,0,0,13.0911355165719,77.2040760206586,0,0,62.3959891582141,167.183577025692,25.9937507086638,0,0,0,0,0,0,0,0,0,0,2.01902114586436,0,0,0,0,0,0,0,0,18.7672370520627,0,0,36.166520912856,0,0,0,0,0,0,0,0,0,0,0,20.1271489920526,0,1.16075684799036,0,0,75.483865832896,0,0,0,0,0,0,2.00246849781681,0,117.721929335664,0,0,4.03840837866101,0,0,19.5974189276699,0,0,65.1113751470973,"CC vs. BC","BC"
"LOC111099988",34.8952869495476,24.1777840957859,6.68899733249054,4.58484218888678e-06,0.000729194327748426,0,0,0,0,0,0,0,0,0,0,0,0,336.465186674016,0,0,0,0,0,0,0,0,0,0,0,0,0,0,113.45650781029,201.356576648475,2.2697708689039,0,0,750.824447720176,56.319793202105,0,0,0,0,0,21.3855654023332,15.5909184241633,0,0,0,0,2.32606108546764,0,0,0,0,0,0,0,96.7994332159021,235.80309885078,0,69.141878215754,0,0,0,0,0,5.83778751226636,0,0,0,0,0,0,0,0,0,0,21.5668188093988,2.21705468562228,0,0,0,0,0,0,0,1206.37977126548,0,0,0,0,0,72.6257289672473,0,0,0,"CC vs. BC","BC"
"LOC111126010",27.1838890591867,-20.1326709555781,2.30322440325334,1.07339339466415e-18,1.48903517026465e-15,0,39.1023998840707,36.101717289236,0,9.24914232127678,0,0,0,8.82597006564773,16.9652766957558,4.03501588160025,2.12187307743965,0,0,76.1403669219977,0,18.782887263565,0,0,0,55.1248440653681,342.234896636413,0,0,0,0,10.1435984742021,13.0911355165719,0,349.544713811201,0,4.45685636844386,16.0175882180304,1.73291671391092,6.78417964617412,0,35.5790981964243,13.4866567582891,1.02438336855505,10.6927827011666,5.84659440906124,3.09907488929842,9.65110003449697,275.381076440539,0,0,25.7118709916636,0,9.445108948038,2.15947946393415,0,8.31900676863113,0,9.87749318529613,0,13.1841129852717,0,0,0,0,52.4762298145391,269.543614327367,37.9456188297313,23.0511339235202,28.0096816584659,7.49159072520056,21.1136768379895,0,0,0,20.3132448398313,0,51.7483077430504,31.0023020385108,249.418652132507,39.5182501347777,23.0337105334801,0,0,8.80778682668826,57.0703521877792,0,6.48010620196316,0,0,0,18.5732561486072,113.621724172866,1.15278934868647,6.63254702804762,0,0,"CC vs. BC","CC"
"LOC144624203",154.743693100856,3.81512150273978,2.73771705568495,9.9330669287411e-05,0.0122786475846864,28.330052958095,60.1575382831857,4.75022595911,103.215413685747,11.561427901596,2127.26925107709,14.4027802134944,0,15.4454476148835,1.99591490538303,59.5164842536037,4.24374615487931,0,6.62877341359823,1588.92923603011,2.14552604742987,26.296042168991,4.40503717060018,3.6530304477691,2050.97433790583,7.15907065784001,7.41685534506158,73.8185256322005,44.5993640515728,1813.42163892597,164.066320033755,5.07179923710107,4.3637118388573,0,31.7767921646546,18.569395072759,138.16254742176,46.0505661268374,3.46583342782184,17.3373479846672,1994.09729247905,3.23446347240221,45.5174665592256,99.3651867498397,38.4940177241997,8.76989161359186,6.97291850092145,3.7119615517296,15.8158050658418,26.2472748962367,141.889726213526,23.6549213123305,17.0394768667494,133.280981822314,0,4.61658827465864,77.6440631738906,19.1161335429392,0,167.027195019303,1.75788173136955,82.9702538589049,27.1478153803444,39.2624564058631,7.51513863950682,0.904762583009296,11.1886028588719,12.6485396099104,24.0115978370002,4.66828027641099,1.07022724645722,60.1739789882702,1.41988870908856,10.5427923291704,9.49419978096345,8.70567635992768,88.1217514199451,2.06993230972201,8.08755705352457,12.1938007709226,6.07973078996579,0,0,2243.15966404108,66.3971622319576,6.00740549345044,9.20626356558067,1.08001770032719,80.871942106187,2.47762215354032,9.08641885198728,6.50063965201253,10.6188527264361,4.61115739474586,4.42169801869841,47.7114607119982,8.53919674060293,"CC vs. BC","BC"
"LOC111110832",10.0927556041637,18.5622675396918,2.77409602576638,1.10700302355184e-11,3.29069827358208e-09,67.0477920008248,0,0,18.3688448084804,0,0,0,0,0,1.99591490538303,0,3.18280961615948,0,5.30301873087858,2.00369386636836,0,3.0052619621704,0,1.82651522388455,0,1.431814131568,0,26.4989579192515,0,0,0,0,501.826861468589,9.38968492143145,0,0,0,32.0351764360608,17.3291671391092,0,0,0,0,0,9.62350443104993,0,0,1.48478462069184,0,2.01902114586436,0,2.05694967933309,0,0,0,15.0039118926406,1.84866817080692,0,1.97549863705923,19.650258237565,0,28.7204724896209,0,0,0,0,3.05143714332869,0,2.88139174044002,0,0,22.169360679889,0,0,0.678157127211675,0,5.39520927060888,0,5.39170470234971,0,0,6.20138360516771,4.53416472579395,0,0,14.0172794847177,0,35.6405841107974,0,33.4478990727943,0,13.0012793040251,8.49508218114884,0,0,0,0,"CC vs. BC","BC"
"LOC144624224",24.5637338435036,-17.8620366460807,2.40906569457377,6.44344940087796e-14,2.82268300947233e-11,6.61034569022216,0,70.303344194828,0,20.8105702228728,0,0,0,62.8850367177401,2.99387235807455,0,119.88582887534,0,0,0,0,0,0.881007434120036,6.39280328359593,0,119.556479985928,5.29775381790113,1.89278270851796,0,0,13.585109302158,13.1866780164628,0,106.416429109556,0,0,47.9112059607715,0,64.1179184147041,12.0607638154207,0,90.5649772272619,0,31.7558844252065,0,0,12.3962995571937,0,0,0,0,0,0,91.302719831034,76.6615209696623,173.122060299699,15.7136794518588,101.315507777578,0,0,0,0,0,331.549631871733,12.5252310658447,50.6667046485206,6.10287428665738,92.431635610884,0,2.33414013820549,0,0,3.54972177272141,0,0,33.6619485917204,0,8.27972923888806,12.1313355802868,9.97674608530028,0,0,0,0,2.03256619077421,0,18.4125271311613,17.2802832052351,26.9573140353957,4.95524430708064,55.5281152065889,0,101.940986173786,31.1253124145346,0,1.08435137981814,169.716535219483,"CC vs. BC","CC"
"LOC111113307",99.8964696144811,19.4926475492335,2.16796701067134,1.19098441240984e-19,2.2876062136826e-16,495.775926766662,98.2573125292034,119.705694169572,0,172.26527573378,0,0.654671827886109,0,195.274587702456,529.915407379195,146.269325708009,67.8999384780689,20.963563032649,39.7726404815894,0,348.647982707354,0,123.341040776805,0,1.85189556470052,186.13583710384,3.17865229074068,88.0143959460852,0,0,0,0,66.5466055425738,0,24.9674795579429,0,42.3401355002167,0,202.751255527578,0,0,286.789094552996,0,0,270.527402339515,422.90366225543,0,0,40.9350248762964,0,0,0,259.00004837459,251.86957194768,562.544400354846,0,0,133.812934800575,0,112.988984865999,0,19.1469816597473,6.78695384508611,679.458620579242,190.38351220084,0,211.566308604122,230.592606734521,0,82.861974906295,0,129.849112553636,28.3977741817713,231.941431241749,0,136.969308062862,0,91.7669990643427,79.5276443596582,126.37211708047,200.631116068871,22.1477985898847,6.80124708869093,0,43.3614120698499,85.1049111572146,299.203565881372,0,117.631915790818,267.583192582355,0,69.6497105572771,52.0323783595367,184.446295789834,91.750233887992,184.339734569084,4.26959837030146,"CC vs. BC","BC"
"LOC111116648",28.3605980345507,8.9383793673564,2.5535978841433,6.97534736856146e-06,0.0010954366276288,7.55468078882533,4.01050255221238,15.200723069152,13.1206034346288,2.3122855803192,2.32488442740666,49.7550589193443,0,0,11.9754894322982,0,368.14497893578,472.728346386235,0,7.01292853228926,1.07276302371494,21.0368337351928,0,0,0,0.715907065784001,2.11910152716045,0.946391354258981,0,0,0,0,209.45816826515,3.12989497381048,1.13488543445195,0,10.0279268289987,57.0626580267333,56.319793202105,0,2.1056993584784,14.0160083804096,0,1.02438336855505,68.4338092874662,139.34383341596,0,0,1.86068294892256,31.2948277608976,98.8575961323747,0,0,2.098913099564,0,2.30829413732932,0,0,9.87749318529613,131.001721583767,3.51576346273911,8.50976962655434,1.9391296700246,16.3593568357763,5.01009242633788,2.71428774902789,4.06858285777158,3.89185834151091,25.9325256639602,0,0,123.515009502239,2.83977741817713,117.887586953451,3.39078563605838,9.28605478392286,0,4.82984205601803,16.1751141070491,8.86821874248914,0,1.77182388719077,0,12.8632887660053,1.35504412718281,4.00493699563363,0,186.843062156605,0,0,2.01920418933051,0.928662807430361,0,191.363031881953,0,1.08435137981814,28.8197889995349,"CC vs. BC","BC"
"LOC144623427",21.0309321720107,-21.6569230836994,5.68010318915477,4.00719089010655e-06,0.000644874561452649,0,0,15.200723069152,0,0,0,0,0,0,0,0,0,0,0,0,6.43657814228961,0,0,0,0,0,0,10.4103048968488,26.7596184309437,0,0,460.519370728777,0,5.21649162301747,0,0,0,0,22.527917280842,0,0,0,0,0,174.292358029015,0,0,0,0,31.2948277608976,0,65.8223897386589,0,0,0,2.30829413732932,0,0,0,0,0,0,0,0,0,0,0,36.9726542443536,0,25.6755415202604,0,0,0,0,0,0,523.335299249062,0,0,0,0,0,1.13354118144849,0,0,0,0,1.08001770032719,0,183.344039361984,0,319.460005756044,0,23.0557869737293,0,0,0,"CC vs. BC","CC"
"LOC111113516",35.0228267878998,-22.2660208486853,3.54455785017247,1.26341818729309e-10,3.3207949617588e-08,212.475397185712,0,57.952756701142,0,0,0,0,0,0,0,89.7791033656056,0,0,0,213.39339676823,0,0,0,104.111367761419,0,0,295.614663038883,93.6927440716391,0.594658187354303,1.11663894022535,0,0,0,0,0,0,0,0,0,2.26139321539137,0,0,0,0,1.06927827011666,0,287.439195982428,0,0,0,0,17.4840722743313,0,0,2.15947946393415,0,0,0.955806677146961,0,0,0,0,0,0,0,66.0476685596786,331.589502908384,6.81075209764409,0,0,194.781358855215,10.5568384189948,0,0,2.7126285088467,6.38416266394697,0,0,63.3525302526091,331.449675500531,0,512.943015341729,91.8168356973276,1.97896750246235,0.677522063591404,0,0,0,0,0,52.4993089225932,166.230642530035,0,0,0,2.16870275963628,0,"CC vs. BC","CC"
"LOC111117049",17.0889528363085,-18.467985886822,3.08446508652247,1.04682490739096e-09,2.40080088446489e-07,120.874892621205,0,63.653027852074,0,0,0,0,0,0,7.98365962153213,79.6915636616049,2.12187307743965,0,0,54.0997343919457,0,109.69206161922,0,27.3977283582683,0,0,148.337106901232,22.7133925022155,0,4.46655576090141,0,0,0,0,56.7442717225976,0,0,79.0868418265252,0,6.03038190771033,0,0,0,0,0,0,158.052819354219,0,0,0,91.8794128759718,27.7688206709967,1.36315814933995,0,0,0,0,4.77903338573481,0,0,0,0,0,19.6312282029315,0,26.2381149072696,29.497225718844,0,0,0,13.9129542039439,11.6125222608942,0,0,64.4249270851092,3.48227054397107,4.4960077255074,0,59.3087517258468,24.3876015418451,0,65.5574838260587,17.0031177217273,0,0,12.0148109869009,0,64.8010620196316,0,0,45.4320942599364,43.647151949227,0,0,0,0,0,"CC vs. BC","CC"
"LOC111116546",13.5194145971143,-19.9705961701791,2.77908865586685,3.07819690183202e-13,1.2009777599804e-10,30.2187231553013,0,19.00090383644,0,0,0,0,0,0,0,20.1750794080012,15.9140480807974,0,0,38.0701834609988,0,48.835506885269,1.76201486824007,31.9640164179797,0,0,157.873063773454,12.3030876053668,0,0,0,0,0,0,60.1489280259534,0,2.22842818422193,44.0483675995836,0,0,0,0,0,2.0487667371101,0,1.94886480302041,48.0356607841255,2.96956924138368,0,0,131.422451328922,33.939669708996,0,0,0,0,0,0,0,0,0,0,0,15.2687330467245,0,19.0000142431952,61.0287428665738,1.94592917075545,4.80231956740004,0,100.601361166979,21.1136768379895,0,0,30.5170707245254,1.74113527198554,0,0,78.1797181840708,14.4108554565448,0,105.423521287851,28.3385295362122,0,2.71008825436562,7.00863974235885,0,31.3205133094886,0,0,3.02880628399576,11.1439536891643,0,0,2.21084900934921,1.08435137981814,0,"CC vs. BC","CC"
"LOC111117488",2731.90189336367,8.34072452167849,4.17450404593637,5.54729185570046e-05,0.00713999369262064,4.72167549301583,5207.63756404778,5373.45560494523,789.860326764657,3757.46406801869,22.0864020603632,13735.6696208785,538.607950824599,13.2389550984716,0,2.01750794080012,10361.1062371378,16566.4556865509,0,6.01108159910508,2.14552604742987,4156.27729368166,0,10.045833731365,20.3708512117057,7.15907065784001,12.7146091629627,1.89278270851796,5.94658187354303,685.616309298366,4.18003363143324,10.1435984742021,13411.8683367279,6466.36301589246,9.07908347561561,0,8736.55269624208,8487.31955702886,11430.3186449564,1.50759547692758,0,12.9378538896088,13.4866567582891,10.2438336855505,7153.47162708045,6844.41318820769,3.09907488929842,1.48478462069184,0,2780.19211785523,6496.68861171112,1.02847483966655,0,8695.79697149365,0,0,3.69733634161384,0,1159.61769995377,20506.6819924189,0,4478.26626597422,2.9086945050369,40.3530801949148,0,12.6666761621301,2.03429142888579,0,1026.73592351013,2.33414013820549,2.14045449291445,9572.94107834446,1.41988870908856,3773.36121817672,4.06894276327005,5232.11149231654,0,4.13986461944403,5820.34522618651,2857.78348976712,4.0531538599772,10.6309433231446,2.26708236289698,3.9579350049247,18.9706177805593,2.00246849781681,0,14386.9157860585,0,0,106.008219939852,0,1.06188527264361,24798.8044689432,33.1627351402381,0,15612.8538405999,"CC vs. BC","BC"
"LOC111117679",311.312571452335,4.83160752080757,5.49245797183345,0.000476973579284495,0.0422341499104036,0,294.77193758761,327.76559117859,122.458965389869,292.504125910378,0,2076.61903805474,88.7361758063515,0,0,0,897.552311756974,497.884622025414,0,2.00369386636836,0,1107.43903305979,0,67.5810632837284,2.77784334705078,2.863628263136,0,3.78556541703592,0,36.8490850274366,0,0,2420.76914260609,527.908952249368,1.13488543445195,0,646.24417342436,1130.24106863477,756.418145622117,0,0,20.484935325214,1.68583209478613,0,1028.64569585223,50.6704848785308,0,0,0,167.578755106742,15.1193970555397,0,0,404.04077166607,70.1830825778599,9.23317654931729,1.84866817080692,0,162.978637557386,4331.24441986329,0,70.2055994190733,0,0,0,1.80952516601859,0,0,155.595153983761,0,0,1358.66510452463,2.83977741817713,913.389189972672,6.78157127211675,500.286201483844,0,0,1192.91466539487,506.596995664692,0,33.6646538566247,0,0,10.1628309538711,7.00863974235885,0,1987.23256860204,0,0,2.01920418933051,0,0,2140.72982051077,0,0,2182.83216681662,"CC vs. BC","BC"
"LOC111116829",61.9088900151691,24.3142391865941,2.84842775576061,4.54738940555626e-18,5.67741567283699e-15,0,52.136533178761,199.50949028262,46.3594654690219,30.0597125441496,0,587.895301441726,0,2.20649251641193,0,0,214.309180821405,403.548588378493,1.32575468271965,0,0,72.1262870920896,0,0,0,15.034048381464,0,0,0,3.34991682067606,0,0,1310.2044796169,280.64724931834,0,0,47.9112059607715,90.0989337264211,114.372503118121,0,14.7398955093488,0,0,1.02438336855505,58.8103048564163,111.085293772164,0,5.93913848276736,0,17.1616797398471,4.65212217093528,0,0,50.373914389536,0,0,0,0,21.7304850076515,14.7376936781738,0,4.25488481327717,0,2.18124757810351,0,6.33333808106507,0,0,58.5882987222804,0,13.9129542039439,414.883749866494,0,227.149252910308,0,34.8227054397107,0,2.75990974629602,32.3502282140983,62.0775311974239,0,0,0,0,0,1.00123424890841,0,210.603451563803,0,0,1.00960209466525,0,0,252.460867362336,0,0,599.878571027356,"CC vs. BC","BC"
"LOC111116831",11.6212075974027,21.2189450827689,2.86290009238935,5.26130355146868e-14,2.43286573481802e-11,0,21.055138399115,33.25158171377,34.113568930035,8.09299953111719,0,26.8415449433305,56.749879876155,0,0,0,37.1327788551939,37.7344134587682,0,2.00369386636836,0,17.2802562824798,1.76201486824007,0,0,7.87497772362401,2.11910152716045,1.89278270851796,0,0,0,0,146.184346601719,0,0,0,76.8807723556566,1.0010992636269,19.9285422099756,0,0,0,0,0,18.1777305919832,2.92329720453062,0,0,0,0,61.6406187648924,1.02847483966655,0,5.24728274891,0,0,0,0,0,3.27504303959417,0,8.50976962655434,0,8.72499031241402,0,0,0,0,0,0,2.14045449291445,186.856040016207,0,1.91687133257644,0,11.0271900559084,0,0,115.921651100519,5.54263671405571,0,1.77182388719077,0,0,0,0,0.920626356558067,90.7214868274843,0.816888304102899,0,2.01920418933051,0,0,8.06952544080526,0,0,0,"CC vs. BC","BC"
"LOC111116863",35.3221227057151,7.16700706262304,4.8315471692686,0.000124913500587172,0.014852810046008,3.77734039441266,145.380717517699,71.25338938665,9.62177585206116,61.2755678784587,0,360.724177165246,0,0,0,2.01750794080012,38.1937153939138,474.8247026895,0,4.00738773273672,1.07276302371494,33.0578815838744,0,0.913257611942276,0,0,0,0.946391354258981,0,0,0,0,42.5461904288586,34.4288447119153,1.13488543445195,0,421.172926817945,34.0373749633146,135.167503685052,0,0,0,0,0,51.3253569655996,289.406423248531,0,0,0,22.209232604508,86.0642601623026,1.02847483966655,0,44.077175090844,0,0,0,0,0.987749318529613,9.82512911878252,0.878940865684777,112.754447551845,0,0,0,2.71428774902789,0,0,37.4580926257203,0,0,44.338721359778,0,55.5892686447167,10.8505140353868,96.9231968071949,0.89920154510148,1.37995487314801,37.741932916448,27.7131835702785,0,0.885911943595387,2.26708236289698,0.989483751231176,0,0,0,186.843062156605,0,0,2.01920418933051,0,0,91.0703585462308,0,0,155.840340516003,"CC vs. BC","BC"
"LOC111116698",19.6618771928286,5.93907358745142,1.82856652525822,8.11182620556727e-06,0.001242652149405,11.332021183238,16.0420102088495,20.900994220084,16.6194310171965,13.8737134819152,27.8986131288799,1.30934365577222,0,20.9616789059134,35.9264682968946,12.1050476448007,66.8390019393491,44.0234823685629,15.9090561926357,5.0092346659209,19.3097344268688,141.247312222009,42.2883568377617,26.484470746326,2.77784334705078,4.29544239470401,40.2629290160486,27.4453492735104,15.4611128712119,13.3996672827042,0,0,41.4552624691443,56.3381095285887,10.2139689100676,0,93.5939837373211,20.021985272538,6.06520849868823,0,16.8455948678272,22.6412443068155,0,3.07315010566514,25.6626784827998,36.0539988558777,0.774768722324605,5.93913848276736,0,32.3043383338298,38.380007910216,39.0820439073287,0,31.48369649346,0,0,0,35.3648470544376,38.5222234226549,29.4753873563476,38.6733980901302,21.2744240663859,1.9391296700246,11.9968616795693,22.5454159185205,28.0476400732882,0,26.2700438051986,1.92092782696001,3.50121020730824,21.4045449291445,19.0023091541906,2.83977741817713,1.91687133257644,40.0112705054888,11.0271900559084,7.19361236081184,5.51981949259204,33.6981543896857,28.8217109130897,0,35.4364777438155,13.6024941773819,12.8632887660053,4.06513238154843,30.0370274672522,4.60313178279033,28.080460208507,0,0,15.1440314199788,9.28662807430361,21.2377054528721,13.8334721842376,6.63254702804762,39.0366496734531,22.4153914440827,"CC vs. BC","BC"
"LOC111117277",13.7800111707298,-19.176397366701,3.17224937822322,7.04891029447053e-10,1.66208820556045e-07,3.77734039441266,0,28.50135575466,0,0,0,0,0,0,0,7.06127779280044,1.06093653871983,0,0,4.00738773273672,0,4.5078929432556,0,0,0,0,11.6550583993825,144.797877201624,0,4.46655576090141,0,0,0,31.2989497381048,41.9907610747222,0,0,8.00879410901521,25.1272923517084,0,0,0,0,0,0,0,28.6664427260104,0,0,0,0,6.17084903799927,0,0,0,0,0,1.91161335429392,0,0,2.63682259705433,0,0,221.396629177506,0,0.904762583009296,0,0,0,0,114.514315370923,49.6171405692754,0,1.91687133257644,0,5.80378423995179,0,0,59.3087517258468,218.379886533795,0,0,155.295141858443,0,0,8.00987399126726,0,6.48010620196316,0,0,42.4032879759406,0.928662807430361,0,20.7502082763564,0,0,6.4043975554522,"CC vs. BC","CC"
"LOC111116266",7.14069283414212,44.85555215953,2.4900904760554,3.6457556016521e-74,9.10345173732528e-70,0,2.00525127610619,0,2.62412068692577,0,16.2741909918466,0,0,1.10324625820597,0,0,0,0,0,18.0332447973152,0,0,7.04805947296029,3.6530304477691,0.925947782350261,71.5907065784001,2.11910152716045,4.7319567712949,24.3809856815264,24.5660566849578,0,0,0,0,0,0,2.22842818422193,0,0,0,30.5326406979368,1.07815449080074,0,0,0,0,0,0.742392310345921,7.44273179569026,25.2377643233045,0,1.02847483966655,8.17894889603969,0,0,0,0,87.9342142975204,1.97549863705923,0,0,0,1.9391296700246,2.18124757810351,3.75756931975341,0,146.468982879777,106.053139806172,0,0,2.14045449291445,0,0,0,1.35631425442335,2.32151369598072,0,0,0,0,1.0132884649943,0,6.80124708869093,15.8317400196988,0,0,3.68250542623227,0,0.816888304102899,0,0,7.42930245944289,5.30942636321803,1.15278934868647,0,3.25305413945443,0,"CC vs. BC","BC"
"LOC111117428",57.0689245820342,21.7959666675145,2.81505050022431,3.94065009676695e-15,2.26129661900516e-12,0,2.00525127610619,15.200723069152,0,58.9632822981395,0,7.85606193463331,0,0,1.99591490538303,4.03501588160025,13.7921750033578,244.225509330361,5.30301873087858,0,0,9.7671013770538,0,0,0,0,0,0,0,4.46655576090141,4.18003363143324,0,10.9092795971432,188.836996753233,0,0,670.756883450801,0,25.9937507086638,0,0,0,0,0,42.7711308046664,3.89772960604083,0,1.48478462069184,0,0,31.4018246538131,0,0,38.829892341934,0,0,0,0,0,1259.25404872396,0,358.474045518602,1.9391296700246,6.54374273431051,0,0,4.06858285777158,1.94592917075545,0,0,2.14045449291445,2.11136768379895,0,204.146796919391,26.4481279612553,43.5283817996384,0,0,18.870966458224,11.0852734281114,2.0265769299886,0,0,0,1.35504412718281,2.00246849781681,0,191.163132957913,0,0,4.03840837866101,0,0,572.936306297173,0,0,1149.58936120367,"CC vs. BC","BC"
"LOC111116715",156.835892454945,-4.68364305765766,3.75716402586672,0.000161243808623693,0.018216545690384,212.475397185712,0,455.071646882738,3.49882758256769,0,0,0,0,0,20.9571065065218,434.772961242427,44.5593346262327,0,25.1893389716733,362.668589812673,10.7276302371494,581.518189679972,7.92906690708032,1058.4655722411,2.77784334705078,5.01134946048801,253.232632495674,481.713199317821,6.54124006089734,137.346589647718,0,0,0,40.6886346595363,505.024018331118,18.569395072759,0,483.530944331793,47.6552096325503,8.2917751231017,8.42279743391361,21.5630898160147,3.37166418957227,0,6.41566962069995,0.974432401510207,1013.39748880058,5.93913848276736,36.28331750399,12.1141268751862,566.39587431137,124.445455599652,55.8894841229379,16.791304796512,69.1033428458928,16.1580589613053,2.77300225621038,6.69064674002873,1.97549863705923,0,0,8.50976962655434,1.9391296700246,166.865439724918,5.01009242633788,143.857250698478,64.0801800099024,27.2430083905763,0.960463913480007,0,534.043395982154,283.978953470959,1.41988870908856,45.0464763155463,368.23932007594,29.0189211997589,0,19.3193682240721,688.790275725176,289.325636473708,0,3201.68576415373,295.854248358055,0,39.9738017518929,388.478888576462,1.84125271311613,262.444301179508,0,8.67167753739113,258.458136234305,28.7885470303412,0,0,0,39.0366496734531,49.1003812584668,"CC vs. BC","CC"
"LOC111112764",257.081219400562,24.0040975301477,3.15050384457586,8.49588418142764e-15,4.61178756544018e-12,5.666010591619,2.00525127610619,373.367760386046,3.49882758256769,321.407695664368,0,61.5391518212942,63.9725918603929,0,0,0,653.536907851414,1002.05831296062,0,0,0,14.2749943203094,0,0,0,0,0,0,0,0,0,0,12.0002075568576,185.707101779422,0,0,7301.44494560316,100.10992636269,99.642711049878,0,0,0,0,4.09753347422019,38.4940177241997,38.0028636588981,0,0,0,171.616797398471,157.009123269066,0,0,701.036975254376,0,0,0,0,55.3139618376583,4748.81240741155,0,1288.16637721966,0,28.3562185153456,0,18.0952516601859,0,3.89185834151091,187.290463128601,0,0,52.7841920949738,0,807.00283101468,4.06894276327005,91.6997909912382,0,5.51981949259204,320.806429789808,17.7364374849783,0,0,2.26708236289698,0,0,8.00987399126726,0,2808.0460208507,0,0,1.00960209466525,0,0,498.004998632553,2.21084900934921,0,1391.88906871828,"CC vs. BC","BC"
"LOC144625169",30.4015628285701,-23.9273060265601,2.1268183973938,7.99140495769243e-30,6.65151272645266e-26,167.14731245276,1.0026256380531,1.900090383644,0,0,0,0,0,2.20649251641193,1.99591490538303,45.3939286680028,2.12187307743965,0,0,64.1182037237875,1.07276302371494,36.8144590365874,0,61.1882600001325,0,0,60.3943935240729,149.529833972919,0,15.6329451631549,0,0,0,12.5195798952419,21.5628232545871,0,4.45685636844386,41.0450698087029,4.3322917847773,0,13.6870458301096,2.15630898160147,0.842916047393067,0,4.27711308046664,0,641.508502084773,2.96956924138368,2.79102442338385,0,39.5430384529499,12.3416980759985,0,1.049456549782,4.3189589278683,1.15414706866466,1.84866817080692,0,5.92649591117768,0,0,0,5.81738901007381,20.7218519919833,5.01009242633788,30.761927822316,160.709022881978,9.72964585377727,0,9.33656055282198,294.312492775736,35.8932506245822,12.7789983817971,0,137.66589682397,10.4468116319132,0,0.689977436574005,48.5253423211474,128.589171766092,0,137.316351257285,201.770330297831,9.89483751231176,2.03256619077421,19.0234507292597,5.5237581393484,7.56012390229036,1.6337766082058,0,8.07681675732202,49.2191287938091,0,0,2.21084900934921,2.16870275963628,10.6739959257537,"CC vs. BC","CC"
"LOC111106312",36.8810370859003,-8.10356013404123,1.76311660519215,8.23212781675274e-07,0.000146825879703083,147.316275382094,6.01575382831857,4.75022595911,0,2.3122855803192,2.32488442740666,1.30934365577222,0,8.82597006564773,1.99591490538303,18.1575714672011,14.8531115420776,1.04817815163245,0,66.1218975901559,6.43657814228961,14.2749943203094,6.16705203884025,23.7446979104992,0,0.715907065784001,32.846073670987,49.212350421467,3.56794912412582,13.3996672827042,1.04500840785831,5.07179923710107,6.54556775828594,0,2.2697708689039,0,0,250.274815906725,0,4.52278643078275,4.21139871695681,9.70339041720663,0,1.02438336855505,3.20783481034998,0,1431.77259885587,1.48478462069184,13.0247806424579,8.07608458345745,18.6084886837411,4.11389935866618,2.7263162986799,5.24728274891,31.3124522270452,2.30829413732932,18.4866817080692,4.77903338573481,8.88974386676652,9.82512911878252,0,0,3.87825934004921,21.812475781035,1.25252310658447,85.0476828028738,242.080680037409,4.86482292688863,0,1.16707006910275,73.8456800055484,3.16705152569843,14.1988870908856,0,26.4481279612553,0,4.4960077255074,1.37995487314801,18.870966458224,386.876042641089,3.0398653949829,77.0743390927987,72.5466356127033,9.89483751231176,0.677522063591404,16.0197479825345,6.44438449590647,10.8001770032719,1.6337766082058,2.47762215354032,2.01920418933051,19.5019189560376,1.06188527264361,0,2.21084900934921,4.33740551927257,0,"CC vs. BC","CC"
"LOC111122693",31.2516324266427,19.3477867360592,3.74038277226843,8.82933107261278e-08,1.69591074525493e-05,0,0,19.950949028262,0,0,0,1.30934365577222,0,0,0,0,57.2905730908707,19.9153848810165,0,0,0,11.269732358139,0,0,0,0,0,0,0,3.34991682067606,0,0,2.18185591942865,5.21649162301747,5.67442717225976,0,1245.69135498006,110.120918998959,0,0,0,0,0,0,0,1.94886480302041,0,0,0,1.00951057293218,15.1193970555397,0,0,11.544022047602,0,0,0,0,26.6692316002996,117.90154942539,0,263.802858423185,0,0,0,0,0,0,0,0,0,6.33410305139686,0,183.06121226105,1.35631425442335,0,0,0,70.0921611305462,0,0,14.1745910975262,0,0,0,0,0,111.241823133701,0,0,0,0,0,201.738136020131,0,0,367.185459845926,"CC vs. BC","BC"
"LOC111101430",79.1393582719752,23.6830759580088,3.47934624115722,3.36594727510902e-12,1.07753465973683e-09,0,62.1627895592919,168.157998952494,0,30.0597125441496,0,181.344096324452,0,0,0,0,86.9967961750258,572.305270791318,0,0,0,8.2644703959686,0,0,0,0,0,2.83917406277694,0,16.7495841033803,0,0,135.275067004576,277.51735434453,2.2697708689039,0,986.079471518205,245.269319588591,176.757504818914,0,0,4.31261796320295,0,0,11.7620609712833,258.224586400205,0,0,0,4.03804229172873,223.301864204893,0,0,168.962504514902,0,0,0,0,23.7059836447107,183.402410217274,0,230.827501120287,0,0,0,0,0,0,9.60463913480007,9.33656055282198,0,65.4523981977676,0,1775.02285396578,0,187.462230950443,0,0,130.74883903198,78.7054413395911,0,0,0,0,1.35504412718281,0,0,315.365168495541,0,0,20.1920418933051,0,0,380.420485066534,0,0,246.56930588491,"CC vs. BC","BC"
"LOC144624833",19.157700804802,20.9240127077913,3.76896432021077,1.12422223579456e-08,2.30096960883526e-06,0,32.0840204176991,34.201626905592,10.4964827477031,4.62457116063839,0,6.54671827886109,0,0,0,0,41.3765250100733,81.7578958273311,0,0,0,9.0157858865112,0,0,0,0,0,0,0,2.2332778804507,0,0,28.3641269525724,0,0,0,89.1371273688773,102.112124889944,0,0,0,0,0,0,10.6927827011666,0,0,0,0,9.08559515638963,37.2169773674822,0,0,10.49456549782,0,0,0,0,0,112.988984865999,0,570.154564979141,0,0,0,0,0,0,1.92092782696001,0,0,66.508082039667,0,38.3374266515287,0,2.32151369598072,0,0,0,19.9534921706006,0,0,0,0,0,0,0,114.481876234683,0,0,0,0,0,313.558702842719,0,2.16870275963628,10.6739959257537,"CC vs. BC","BC"
"LOC111119089",286.531778432347,2.05687732669252,2.17691824371839,0.000203965795246653,0.0220477312004716,82.1571535784754,216.567137819469,1015.59831005772,63.8536033818604,354.935836578997,130.193527934773,720.13901067472,197.07685556992,24.2714176805313,28.940766128054,20.1750794080012,1084.27714257166,2171.82513018244,43.7499045297483,179.330601039968,61.1474923517513,464.312973155327,125.103055645045,62.1015176120748,9.25947782350261,237.681145840288,70.9899011598751,19.8742184394386,102.28120822494,156.329451631549,48.0703867614822,90.2780264203991,541.100268018305,937.925193818542,53.3396154192417,25.0686833482247,1402.79554196771,235.258326952322,687.967935422636,19.5987412000586,4.21139871695681,630.720377118431,11.8008246635029,27.6583509509863,883.22385111636,852.628351321431,30.9907488929842,236.080754690003,41.8653663507577,349.290658234535,182.59579520921,51.4237419833273,2.04473722400992,521.579905241654,0,160.426442544388,12.016343110245,132.857128123428,333.859269663009,245.628227969563,72.0731509861517,722.2666970538,16.4826021952091,535.49628042441,23.7979390251049,89.5714957179203,19.325768574415,220.862960880744,140.227731368081,15.1719108983357,23.5449994220589,448.665632807278,584.994148144488,411.168900837646,83.4133266470361,134.067415942886,31.4720540785518,8.96970667546206,679.354792496064,795.9226321384,15.1993269749145,7.97320749235849,68.0124708869093,77.1797325960317,209.354317649744,37.0456672096111,66.2850976721808,1135.09860304388,35.1261970764247,4.95524430708064,77.7393612892245,21.3592445708983,42.4754109057442,2002.39509866839,44.2169801869841,62.8923800294522,1002.28821742827,"CC vs. BC","BC"
"LOC111132880",1445.58271587433,2.64532447032003,3.46671734165645,0.000507334552296193,0.0439906852157791,28.330052958095,1520.98309292655,821.78909092603,111.962482642166,2704.2179861833,13.9493065644399,2695.938587235,66.0362238558895,22.0649251641193,5.9877447161491,32.280127052802,1763.27652735235,5068.98954129453,3.97726404815894,19516.980105361,1.07276302371494,816.679938219806,11.4530966435605,7.30606089553821,6.48163447645182,13.602234249896,13.7741599265429,7.57113083407185,14.2717964965033,139.579867528169,2.09001681571662,13.1866780164628,2146.94622471779,1615.02580648621,35.1814484680105,10.2131672900175,17892.0498911179,1768.94239882873,1438.32087254606,6.03038190771033,6.31709807543521,2.15630898160147,13.4866567582891,2.0487667371101,1953.57139950314,1781.26242996066,27.1169052813612,17.8174154483021,0,456.298778965346,9786.90201710509,8.22779871733236,6.81579074669974,4393.02511738745,0,4.61658827465864,4.6216704270173,0,538.323378598639,5911.45268646748,7.03152692547822,1543.45946601629,1.9391296700246,13.087485468621,10.0201848526758,14.4762013281487,27.4629342899582,2.91889375613318,141.188195281561,8.16949048371923,55.6518168157756,1584.58144669111,14.1988870908856,3800.19741683279,40.6894276327005,5319.74863433981,1.79840309020296,10.3496615486101,757.534510680134,626.317948688295,2.0265769299886,56.6983643901048,6.80124708869093,21.7686425270859,27.1008825436562,23.0283877248934,0,8429.53815105375,0,2.47762215354032,31.2976649346228,10.215290881734,0,11152.0841591929,17.6867920747936,42.2897038129075,13939.1712794417,"CC vs. BC","BC"
"LOC111105578",16.505581558806,-14.645911383375,4.7287286093014,1.44963596700318e-05,0.00211680760795728,5.666010591619,0,9.50045191822,0,6.93685674095759,0,0,0,0,0,0,51.9858903972715,0,0,0,0,1.5026309810852,0,3.6530304477691,0,0,2.11910152716045,12.3030876053668,0,271.343262474761,0,0,0,10.4329832460349,0,0,2.22842818422193,0,0,2.26139321539137,0,0,0,0,0,0,0,0,0,0,0,0,0,0,0,0,0,0,0,0,0,0,0.969564835012302,0,0,0,2.03429142888579,186.809200392524,3.84185565392003,0,4.28090898582889,8.44547073519582,2.12983306363284,0,0,0,0,0,0,14.4108554565448,0,676.836724906876,0,0,0,227.280174502208,0,0,0,0,7.06721466265677,0,0,2.30557869737293,0,2.16870275963628,0,"CC vs. BC","CC"
"LOC111103632",1905.70268927781,2.47464154228677,3.41716019107553,0.000575146990770601,0.0491829464367874,18.8867019720633,516.352203597344,1989.39463167527,74.3500861295635,3867.29763308386,70.908975035903,1268.75400244328,244.540391466341,2.20649251641193,0,4.03501588160025,968.635059851202,8783.73291067993,2.65150936543929,4861.96316674283,62.2202553754662,1463.56257557698,50.2174237448421,10.9590913433073,37.9638590763607,21.47721197352,25.4292183259254,5.67834812555389,1.18931637470861,327.175209486028,8.36006726286648,39.5600340493884,5709.91694114477,3907.15222564009,34.0465630335585,13.9270463045693,15922.1193762657,2152.36341679784,3506.55697059875,7.53797738463791,0,32.3446347240221,7.5862444265376,24.5852008453212,911.025086139394,4057.5365198885,22.4682929474135,5.93913848276736,0,449.232204954821,13057.3439032726,20.5694967933309,5.45263259735979,4292.27728860838,0,6.92488241198797,0,3.82322670858784,535.36013064305,13887.8200093991,32.5208120303368,4460.1830055178,0,73.0717938664674,2.50504621316894,39.809553652409,0,21.40522087831,257.404328812642,32.6779619348769,2.14045449291445,1603.58375584531,7.09944354544282,7408.70770040793,75.275441120496,2887.96303780001,25.1776432628414,38.6387364481443,3078.66338504168,906.775366419514,2.0265769299886,125.799495990545,81.6149650642912,74.2112813423382,35.231147306753,138.17032634936,5.5237581393484,16540.471080511,0,9.91048861416129,92.8833927092033,9.28662807430361,23.3614759981593,32695.4115074455,7.73797153272222,69.3984883083611,11158.5953407829,"CC vs. BC","BC"
"LOC144625401",2152.45567580826,8.67625090152512,2.66218767316954,9.72003361698785e-06,0.00145334873901908,3.77734039441266,1084.84094037345,4121.29604212384,160.946068798114,699.466388046557,10.46197992333,3962.07390236673,146.517871680255,14.3422013566776,54.8876598980334,3.02626191120019,2020.02316972255,22065.1982700147,2.65150936543929,140.258570645785,0,574.756350265089,14.0961189459206,25.5712131343837,133.336480658438,43.6703310128241,2.11910152716045,13.2494789596257,7.13589824825164,432.139269867211,38.6653110907574,0,2283.31221968208,7641.116929396,51.0698445503378,0.928469753637951,11380.5827368214,2839.11751164589,5737.68723975906,37.6898869231896,4.21139871695681,29.1101712516199,5.0574962843584,2.0487667371101,1270.30258489859,3527.44529346695,0,4.45435386207552,0,235.215963493198,2248.13803910447,20.5694967933309,5.45263259735979,22617.8875609017,0,25.3912355106225,15.7136794518588,0,769.456719134569,3853.08813608254,1.75788173136955,2058.30052842283,4.84782417506151,0,42.585785623872,4.52381291504648,0,3.89185834151091,215.143916619522,9.33656055282198,21.4045449291445,3154.38331959564,5.67955483635425,6397.55807247386,14.9194567986569,1385.36329807649,5.39520927060888,14.4895261680541,7138.61702591102,1622.88402987551,0,7.0872955487631,0,6.92638625861823,70.4622946135061,33.0407302139774,7.36501085246453,11890.9948806024,1.6337766082058,4.95524430708064,104.998617845186,0,25.4852465434465,43297.615147315,114.964148486159,10.8435137981814,19968.9115778999,"CC vs. BC","BC"
"LOC111107575",688.277167068679,8.34378681506621,2.96712406278901,1.75282214617258e-05,0.00250102679942453,28.330052958095,1117.9275864292,394.26875460613,80.4730343990569,1160.76736132024,9.29953770962662,2875.97333990368,68.099855851386,2.20649251641193,1.99591490538303,7.06127779280044,607.916636686461,2372.02715714423,0,12.0221631982102,4.29105209485974,338.843286234712,7.04805947296029,0,26.8524856881576,3.57953532892001,33.9056244345672,0,0,56.948585951493,0,0,2990.23353757696,693.793385861324,20.4279378201351,0,2262.96882107737,3040.3384636349,774.613771118182,0,12.6341961508704,4.31261796320295,3.37166418957227,3.07315010566514,466.205325770863,2815.13520796299,6.19814977859684,0,0,328.090936202959,2581.92780486908,0,6.81579074669974,3082.25388670973,1.07973973196708,4.61658827465864,10.167674939438,33.4532337001436,116.554419586494,9522.18763762006,8.78940865684777,950.966755767448,5.81738901007381,30.5374660934491,2.50504621316894,9.95238841310225,3.05143714332869,15.5674333660436,89.3231439536407,2.33414013820549,4.28090898582889,1463.17780487268,19.8784419272399,1784.60721062866,4.74709989048173,2172.35644101395,8.9920154510148,8.96970667546206,1552.81095427672,158.519410021993,0,1.77182388719077,2.26708236289698,27.7055450344729,4.06513238154843,0,9.20626356558067,6673.42937032173,17.1546543861609,3.71643323031048,6.05761256799152,5.57197684458217,0,5965.68487945246,22.1084900934921,4.33740551927257,4290.94636215297,"CC vs. BC","BC"
"LOC111119246",28738.7712262495,9.17366721459538,2.02328222939515,9.9218840330224e-07,0.000174471439651105,107.654201240761,25110.7591050398,38914.8011022209,11671.2141085502,81392.4524272357,13715.6556794856,107152.102085603,3267.76126486878,77.2272380744176,141.709958282195,121.050476448007,90514.8617374208,127457.415060354,5.30301873087858,611.12662924235,90.1120939920545,69489.169720285,13.2151115118005,44.7496229851715,443.528987745775,123.851922380632,146.218005374071,40.6948282331362,46.3833386136357,1534.26190386963,131.671059390147,30.4307954226064,61897.0705782713,40645.8594282276,397.209902058183,64.0644130010187,181431.937474797,71937.9919849655,55728.0021443044,58.0424258617119,7.36994775467441,217.787207141749,177.012369952544,18.4389006339909,109707.950513969,37989.2216052769,54.2338105627224,82.4055464483972,7.44273179569026,22183.9948401847,8997.20427858883,59.6515407006596,92.6947541551165,125024.907145179,51.8275071344196,83.0985889438556,7.39467268322767,42.0554937944663,5260.75287048872,128733.754278848,27.2471668362281,24332.6225259288,5.81738901007381,4025.49240539002,113.979602699187,8065.05366494486,34.5829542910585,128.43132526986,41786.9034837747,299.937007759406,73.8456800055484,57959.1542879651,95.1325435089337,86365.5963248977,202.090823909079,53523.6590176834,33.2704571687548,1055.66547795823,28396.7607411003,19133.1819369203,57.757442504675,63.7856599388679,188.167836120449,152.380497689601,538.630040555166,96.1184878952071,46.9519441844614,302352.035224298,137.237235089287,9.91048861416129,498.743434764635,40.8611635269359,54.1561489048239,354964.590668839,496.335602598897,79.1576507267244,235176.950033353,"CC vs. BC","BC"
"LOC111102114",98.9082508033497,24.0923372361511,3.12262227878745,3.98466364582407e-15,2.26129661900516e-12,0.944335098603166,143.375466241593,204.25971624173,24.4917930779739,179.202132474738,0,330.609273082485,59.8453278693998,0,0,0,442.410536646168,584.883408610907,0,0,0,374.155114290215,0,0,0,0,0,0,0,6.69983364135212,0,0,109.092795971432,647.88825957877,2.2697708689039,0,1448.47831974426,194.213257143619,229.611464593197,0,0,0,0,0,303.675028713131,105.238699363102,0,0,0,420.96590891272,94.2054739614394,0,0,130.132612172968,0,0,7.39467268322767,0,87.9096893491356,137.551807662955,0,272.312628049739,0,2.18124757810351,0,0,0,0,195.934638349921,0,0,116.125222608942,0,82.4254673007868,0,112.593414255065,20.681635537334,0,150.967731665792,95.3333514817582,0,23.0337105334801,0,3.9579350049247,6.77522063591404,0,0,1318.7016120995,0,0,0,9.28662807430361,0,147.557036631868,0,0,272.186896106718,"CC vs. BC","BC"
"LOC144625605",508.716788855359,4.36120984112189,3.07488186345793,0.000103901573865728,0.0127177563697414,1.88867019720633,705.848449189379,802.78818708959,685.770206183268,1168.86036085135,19.7615176329566,2524.41456832884,14.4454239684758,12.1357088402656,5.9877447161491,34.2976349936021,943.172582921926,3972.59519468698,3.97726404815894,27.0498671959729,18.2369714031539,967.694351818868,3.52402973648014,5.47954567165366,11.1113733882031,29.352189697144,4.2382030543209,32.1773060448053,4.16260731148012,77.0480868755493,11.4950924864414,6.08615908452129,1310.2044796169,889.933470886781,13.6186252134234,9.28469753637951,2151.54741186627,510.560624449719,983.430235144448,23.3677298923775,21.056993584784,21.5630898160147,11.8008246635029,10.2438336855505,1218.97722793299,2593.93905282017,44.1618171725025,11.8782769655347,5.58204884676769,317.995830473637,965.31535046907,10.2847483966655,66.1131702429875,2158.73212290157,0,4.61658827465864,21.2596839642796,22.9393602515271,269.655563958584,1219.95353224883,6.15258605979344,863.741617095266,13.5739076901722,114.515497850434,2.50504621316894,31.6666904053253,18.3086228599721,16.5403979514214,736.675821639166,9.33656055282198,36.3877263795456,1017.6792235911,2.83977741817713,1708.89079299189,1.35631425442335,755.072329617728,40.4640695295666,13.1095712949061,539.170470234971,386.876042641089,17.2259039049031,8.85911943595387,10.2018706330364,1.97896750246235,5.42017650873124,19.0234507292597,7.36501085246453,4101.90722584268,16.337766082058,52.0300652243468,4.03840837866101,0.928662807430361,1.06188527264361,6432.56456567048,26.5301881121905,13.0122165578177,2786.98033621428,"CC vs. BC","BC"
"LOC144625757",20.3689040819068,-21.6734756096127,4.09966302550947,4.30615814513795e-08,8.60198151072757e-06,0,0,0,0,0,0,0,0,0,4.98978726345758,131.138016152008,0,0,0,0,0,183.320979692394,2.64302230236011,60.2750023881902,0,0,0,267.828753255292,0,0,0,0,0,0,0,0,0,0,0,1.50759547692758,0,0,0,1.02438336855505,0,9.74432401510207,262.646596868041,0,0,0,0,77.1356129749909,0,0,0,0,0,0,0,0,0,0,0,52.3499418744841,0,87.7619705519017,0,0,0,2.33414013820549,402.405444667916,0,0,3.83374266515287,0,0,0,0,36.3940067408605,94.2248241389471,0,27.463270251457,0,0,0,45.0555412008783,0,70.2011505212676,1.6337766082058,1.23881107677016,40.3840837866101,0,0,0,0,0,6.4043975554522,"CC vs. BC","CC"
"LOC111111108",103.389114833816,1.13492457104703,1.8934391027013,0.00058962061709668,0.0497392797598112,18.8867019720633,24.0630153132743,198.559445090798,80.4730343990569,52.0264255571819,161.579467704763,790.84356808642,86.6725438108549,2.20649251641193,7.98365962153213,18.1575714672011,1193.55360605981,568.112558184788,18.560565558075,67.1237445233401,19.3097344268688,208.1143908803,18.5011561165208,7.30606089553821,8.33353004115235,7.15907065784001,11.6550583993825,20.8206097936976,21.4076947447549,40.1990018481127,10.4500840785831,39.5600340493884,401.461489174871,183.620505130215,4.5395417378078,10.2131672900175,788.863577214564,225.247334316053,181.089796603691,16.5835502462034,11.5813464716312,17.2504718528118,4.21458023696533,18.4389006339909,621.250674937779,410.236041035797,28.6664427260104,0.742392310345921,6.51239032122897,63.5991660947274,9.30424434187056,14.3986477553316,3.40789537334987,29.384783393896,0,12.6956177553113,13.8650112810519,10.5138734486166,85.9341907120764,49.1256455939126,33.3997528960215,170.195392531087,11.6347780201476,40.3530801949148,0,61.5238556446321,14.2400400022005,26.2700438051986,83.5603604727606,7.00242041461648,6.42136347874334,231.194761375985,6.38949919089853,98.7188736276865,95.6201549368462,15.0898390238746,13.4880231765222,7.58975180231405,190.057590757827,22.1705468562228,7.09301925496009,8.85911943595387,37.4068589878001,11.8738050147741,8.13026476309685,15.0185137336261,23.9362852705097,322.925292397831,19.6053192984696,11.1492996909314,166.584345619767,7.42930245944289,13.8045085443669,403.476272040263,4.42169801869841,76.9889479670881,313.815480217158,"CC vs. BC","BC"
"LOC111108296",45.3854580010983,7.77447746389335,3.43858499795317,3.60597064608478e-05,0.00484091865767403,0,50.1312819026548,33.25158171377,29.7400344518254,39.3088548654263,0,210.149656751441,69.1316718491343,0,0,0,326.768453925707,159.323079048132,0,0,7.50934116600455,178.813086749139,15.8581338141606,0,3.70379112940104,0,10.5955076358023,7.57113083407185,1.78397456206291,24.5660566849578,0,0,87.2742367771459,129.368992250833,4.5395417378078,0,471.312560962939,86.0945366719135,38.9906260629957,0,0,0,0,4.09753347422019,178.569471109482,113.034158575184,0,0,4.65170737230641,105.998610157879,9.30424434187056,8.22779871733236,0,57.72011023801,0,0,3.69733634161384,5.73484006288177,32.5957275114772,19.650258237565,1.75788173136955,105.30839912861,1.9391296700246,14.1781092576728,0,9.04762583009296,0,0,45.1418039335603,4.66828027641099,0,114.013854925144,0,114.053844288298,8.1378855265401,44.1087602236336,0,0,99.7465369934696,26.6046562274674,2.0265769299886,5.31547166157232,4.53416472579395,4.94741875615588,0,0,2.7618790696742,344.525646404375,0,0,6.05761256799152,0,190.077463803205,142.945879237122,0,7.59045965872699,346.904867586994,"CC vs. BC","BC"
"LOC111101935",145.691966567301,-3.95076744633881,3.44479726720308,0.000184830955896902,0.0202422323190598,766.800100065771,0,409.469477675282,1.74941379128385,63.5878534587779,0,6.54671827886109,8.25452798198618,17.6519401312955,0.997957452691516,439.816731094427,27.5843500067155,0,0,851.569893206553,5.36381511857468,66.8670786582914,0.881007434120036,487.679564777175,2.77784334705078,5.01134946048801,968.429397912327,1023.99544530822,13.677138309149,0,10.4500840785831,174.469893756277,13.0911355165719,7.30308827222446,278.046931440728,0.928469753637951,6.68528455266579,427.469385568687,4.3322917847773,15.0759547692758,6.31709807543521,2.15630898160147,30.3449777061504,0,2.13855654023332,5.84659440906124,905.704636397463,8.90870772415105,0.930341474461282,31.2948277608976,272.149146999714,242.720062161305,0.681579074669974,15.74184824673,0,0,4.6216704270173,20.0719402200862,16.7917384150034,0,7.03152692547822,10.6372120331929,7.75651868009841,359.905850387078,0,22.6190645752324,487.212797218147,16.5403979514214,38.4185565392003,5.83535034551373,753.439981505885,0,4.96961048180997,2.87530699886466,389.262191019502,100.985845775161,0.89920154510148,0,248.018416308087,34.3643476271454,13.1727500449259,782.260246194727,920.435439336173,10.8843212635429,14.2279633354195,3.00370274672522,5.5237581393484,55.0809027166869,43.2950801174537,1.23881107677016,942.968356417346,401.182332809916,10.6188527264361,2.30557869737293,15.4759430654444,5.42175689909071,12.8087951109044,"CC vs. BC","CC"
"LOC111108502",7.1771335698452,15.910679143577,3.16050617041619,1.89622839058617e-07,3.50732021577309e-05,0,0,0,0,0,0,0,0,3.3097387746179,13.9714043376812,34.2976349936021,2.12187307743965,2.0963563032649,0,0,10.7276302371494,0,1.76201486824007,0,0,0,0,0,5.94658187354303,0,2.09001681571662,0,0,8.34638659682796,0,0,4.45685636844386,0,5.19875014173276,0,0,0,0,0,0,0,0,0,0,4.03804229172873,0,4.11389935866618,2.04473722400992,5.24728274891,0,388.947562139991,0,0,0,0,0,0,9.69564835012302,4.36249515620701,0,0,0,0,0,0,0,9.50115457709529,6.38949919089853,12.4596636617468,0,0,0,2.75990974629602,0,2.21705468562228,0,0,0,90.043021362037,11.5178750810539,0,0,0,0,0,6.05761256799152,0,3.18565581793082,2.30557869737293,0,1.08435137981814,0,"CC vs. BC","BC"
"LOC144624951",22.2509971621245,25.5232087639258,2.96677852268081,2.26340897864934e-18,2.97459590509863e-15,0,0,7.600361534576,0,11.561427901596,0,0,0,0,0,0,0,2.0963563032649,1.32575468271965,4.00738773273672,0,11.269732358139,0,0,0,0,3.17865229074068,0,2.37863274941721,12.2830283424789,0,0,0,9.38968492143145,0,0,477.997845515604,0,64.1179184147041,0,0,0,0,0,0,0,0,0,0,1.00951057293218,291.920666226189,0,1.36315814933995,31.48369649346,0,1.15414706866466,1.84866817080692,0,3.95099727411845,6.55008607918834,0,0,0,0,0,0,0,0,0,0,0,7.38978689329634,3.54972177272141,22.044020324629,6.78157127211675,76.0295735433684,2.69760463530444,0,4.04377852676228,11.0852734281114,4.0531538599772,0.885911943595387,0,5.93690250738706,0,0,1.84125271311613,52.9208673160325,1.6337766082058,0,0,1.85732561486072,0,175.223981000343,0,0,722.629524173523,"CC vs. BC","BC"
"LOC111120685",587.198192724503,5.00187272424222,2.38030131664258,3.45741183710953e-05,0.00466657154446621,50.994095324571,707.853700465485,880.691892818994,502.081758098464,545.69939695533,29.0610553425832,3217.05736223234,137.23152770052,54.0590666520923,32.93259593882,6.05252382240037,3902.12458941152,3632.98547355807,13.2575468271965,69.1274383897084,17.164208379439,884.29833236864,69.5995872954828,104.111367761419,12.9632689529036,61.5680076574241,79.4663072685169,30.2845233362874,15.4611128712119,94.914309919155,154.66124436303,63.9046703874735,1010.19929069546,936.881895493938,32.9116775991066,12.9985765509313,5400.59570446185,880.967351991673,966.967526362294,21.1063366769862,48.4310852450033,7.54708143560516,15.1724888530752,36.8778012679817,2560.9214569294,737.645327943227,10.8467621125445,54.9370309655981,29.770927182761,502.736265320226,5312.72351920809,28.7972955106633,15.6763187174094,1120.81959516718,0,9.23317654931729,5.54600451242075,9.55806677146961,389.173231500668,1239.60379048639,3.51576346273911,1334.97011016571,22.2999912052829,169.046687303022,96.4442792070043,15.380963911158,84.4230942987604,5.83778751226636,840.405924295006,5.83535034551373,11.7724997110295,1650.03384488888,1.41988870908856,1163.5408988739,70.5283412300142,894.943529800566,15.2864262667252,2.06993230972201,936.808692033262,676.201679114797,62.8238848296465,209.075218688511,73.6801767941517,8.90535376108059,41.3288458790757,77.0950371659474,48.7931968975775,3210.89262307275,46.5626333338653,123.881107677016,29.2784607452923,63.1490709052646,84.9508218114884,2485.41383576802,16.581367570119,79.1576507267244,2591.64621077299,"CC vs. BC","BC"
"LOC144624971",19.3796904718163,18.7305301063394,3.13487249646623,1.11255650503147e-09,2.52550326642144e-07,1.88867019720633,4.01050255221238,0,0,11.561427901596,2.32488442740666,10.4747492461777,0,0,0,0,36.0718423164741,7.33724706142715,0,0,6.43657814228961,0,0,0,3.70379112940104,0,4.2382030543209,0,0,0,0,0,74.183101260574,9.38968492143145,0,0,289.695663948851,5.0054963181345,3.46583342782184,0,0,0,0,0,34.2169046437331,0,0,0,0,0,0,4.11389935866618,0,11.544022047602,0,0,0,0,11.8529918223554,330.779346999011,1.75788173136955,1.06372120331929,0,4.36249515620701,0,0,0,0,4.80231956740004,0,0,7.38978689329634,0,9.58435666288218,9.49419978096345,13.9290821758843,0,0,95.7027584667074,0,0,0,0,0,0,0,0,698.771452111694,0,0,0,0,0,16.1390508816105,0,0,57.6395779990698,"CC vs. BC","BC"
"LOC111113650",7.23890832766605,-18.409278357535,2.58289445295578,5.21257289666653e-13,1.94265589895169e-10,0,0,1.900090383644,0,0,0,0,0,0,0,4.03501588160025,0,0,21.2120749235143,0,0,1.5026309810852,0,0,0,0,6.35730458148136,5.67834812555389,0,207.694842881916,6.27005044714986,0,4.3637118388573,0,9.07908347561561,0,0,0,0,6.03038190771033,0,0,0,0,0,1.94886480302041,4.64861233394763,0,3.72136589784513,0,0,2.05694967933309,0,0,0,0,7.39467268322767,0,0.987749318529613,6.55008607918834,0,0,0,0,0,1.80952516601859,2.03429142888579,39.8915480004868,0,3.50121020730824,6.42136347874334,2.11136768379895,0,1.91687133257644,4.06894276327005,0,1.79840309020296,0,0,2.21705468562228,0,163.893709565147,0,1.97896750246235,4.06513238154843,109.134533131016,3.68250542623227,0,0,0,2.01920418933051,0,0,0,2.21084900934921,3.25305413945443,8.53919674060293,"CC vs. BC","CC"
"LOC144625005",918.395552453479,9.91172408830995,2.76547027109878,6.43444487257525e-06,0.00101688663587471,29.2743880566981,0,2077.74883451471,5638.36064930784,2.3122855803192,0,24.222857631786,14.4454239684758,0,1411.1118381058,5190.03917770832,5.30468269359914,1886.72067293841,2538.82021740812,3433.32944002219,12.8731562845792,3.756577452713,2019.26903900312,2022.86561045214,0,3.57953532892001,7.41685534506158,3.78556541703592,0,4.46655576090141,0,0,998.199083138607,3.12989497381048,2985.88357804308,0,882.457560951885,4.0043970545076,0,0,2354.17188277885,25.8757077792177,0,2.0487667371101,2.13855654023332,0.974432401510207,5.42338105627224,1493.69332841599,2407.7237359058,0,2508.65688067685,0,308.755320825498,0,0,5.77073534332331,3940.43620607495,6.69064674002873,1798.69150904243,0,0.878940865684777,0,0,4.36249515620701,2419.8746419212,2447.38278704014,24.4114971466295,4.86482292688863,4118.46926100227,958.164526733355,1168.68815313129,1185.53295445311,38.3369951453912,629.69223275136,0,1193.83841815808,3936.70436445428,454.005153265695,8.08755705352457,4.43410937124457,468.139270827366,4158.47066323675,9.06832945158791,0,2155.87520634785,1891.33149618798,11.0475162786968,2421.39968413357,1866.58977487513,42.1195766101855,145.382701631796,0.928662807430361,1251.96273644681,2156.86887139238,2283.80702665773,967.241430797783,0,"CC vs. BC","BC"
"LOC111132696",127.011984322587,4.36995004069391,2.37989047778837,4.76321428838476e-05,0.00625986635689302,1.88867019720633,163.427979002655,228.960891229102,63.8536033818604,87.8668520521295,53.4723418303531,646.815765951476,35.0817439234413,13.2389550984716,18.9611916011388,9.07878573360056,364.962169319621,754.688269175364,5.30301873087858,36.0664895946305,46.1288100197422,174.305193805883,81.9336913731633,1.82651522388455,7.40758225880209,10.022698920976,16.9528122172836,11.3566962511078,16.6504292459205,20.0995009240563,2.09001681571662,12.1723181690426,492.00850983116,196.140085025457,35.1814484680105,9.28469753637951,466.855704594495,377.414422387342,389.906260629957,4.52278643078275,14.7398955093488,10.7815449080074,1.68583209478613,2.0487667371101,313.298533144181,297.201882460613,7.74768722324605,10.3934923448429,47.4474151975254,118.112737033065,133.748512414389,6.17084903799927,2.7263162986799,324.282073882638,0,23.0829413732932,20.3353498788761,0,63.2159563858953,406.105336909677,3.51576346273911,136.15631402487,1.9391296700246,43.6249515620701,40.0807394107031,28.0476400732882,2.03429142888579,5.83778751226636,97.9673191749607,7.00242041461648,8.56181797165778,517.285082530744,10.6491653181642,322.034383872841,39.3331133782772,116.075684799036,13.4880231765222,1.37995487314801,419.20504060769,160.736464707616,10.132884649943,24.8055344206708,30.6056118991092,7.91587000984941,9.48530889027966,37.0456672096111,1.84125271311613,1253.90055007987,0,22.2985993818629,1.00960209466525,158.801340070592,18.0520496349413,745.854708600143,15.4759430654444,54.2175689909071,659.652948211576,"CC vs. BC","BC"
"LOC111119645",549.4747829289,-6.88490957251468,2.42177229454316,1.51504611421855e-05,0.00219945938790915,1860.34014424824,30.0787691415929,2870.08652449426,19.2435517041223,0,6.97465328221997,7.85606193463331,0,2.20649251641193,1.99591490538303,382.317754781624,33.9499692390345,4.1927126065298,0,495.914231926169,23.6007865217286,2597.29765080577,8.81007434120036,2572.64669284139,0,0,1988.77678324008,2909.20702299211,7.13589824825164,68.1149753537465,10.4500840785831,4.05743938968086,8.72742367771459,29.2123530888979,820.522169108761,3.71387901455181,2.22842818422193,1748.9204135562,10.3975002834655,131.1608064927,6.31709807543521,10.7815449080074,18.5441530426475,16.3901338968808,0,0,6728.86635338919,20.0445923793399,18.6068294892256,52.4945497924734,837.38199076835,360.994668722957,12.2684233440595,16.791304796512,2.15947946393415,26.5453825792872,20.3353498788761,13.3812934800575,22.7182343261811,13.1001721583767,1.75788173136955,40.4214057261331,52.3565010906643,820.149089366918,53.8584935831322,225.285883169315,504.504274363676,64.21566263493,15.3674226156801,11.6707006910275,1004.94338442333,861.438014989973,22.718219345417,11.5012279954586,3609.83038814775,289.028455149599,9.89121699611628,1.37995487314801,3980.42599650967,1523.11656902251,4.0531538599772,7171.45718340466,1868.07586702711,37.6003825467847,16.2605295261937,683.842992004442,22.0950325573936,327.24536319914,14.7039894738522,12.3881107677016,192.834000081063,135.584769884833,4.24754109057442,6.91673609211879,16.581367570119,18.4339734569084,57.6395779990698,"CC vs. BC","CC"
"LOC111135614",162.738271355253,2.21393431355343,2.45056781788707,0.00025214419098107,0.0261246491651341,72.7138025924438,137.359712413274,190.959083556222,316.643896222376,126.019564127396,2.32488442740666,901.483106999172,6.19089598648964,23.1681714223253,29.9387235807455,16.140063526401,811.616452120668,608.991506098453,0,8.01477546547344,63.2930183991812,201.352551465417,9.6910817753204,17.3518946269032,12.0373211705534,12.170420118328,51.9179874154311,22.7133925022155,63.6284260469105,46.8988354894648,48.0703867614822,8.11487877936172,540.00934005859,405.84304827076,61.2838134604054,17.6409253191211,777.721436293454,344.378146687654,231.344381307108,20.3525389385224,12.6341961508704,51.7514155584354,12.643740710896,13.3169837912156,332.545542006281,718.156679913023,13.9458370018429,4.45435386207552,12.0944391679967,156.474138804488,465.212217093528,9.25627355699891,10.2236861200496,548.865775535986,0,24.2370884419579,16.6380135372623,9.55806677146961,52.3507138820695,622.258177522893,7.910467791163,111.690726348526,38.7825934004921,25.0843471481903,21.292892811936,24.428589741251,9.15431142998606,43.7834063419977,78.7580409053606,5.83535034551373,25.6854539149734,564.79085541622,2.83977741817713,675.697144733194,12.8849854170218,219.963422694173,5.39520927060888,3.44988718287002,435.380154714739,168.496156107294,7.09301925496009,39.8660374617924,11.3354118144849,9.89483751231176,2.03256619077421,33.0407302139774,9.20626356558067,759.252443330017,12.2533245615435,35.9255212263347,28.2688586506271,13.9299421114554,13.8045085443669,1069.78851558104,32.0573106355635,15.180919317454,1103.69117872293,"CC vs. BC","BC"
"LOC144626817",8.97934457039019,16.2385009199584,5.76877998488016,2.09252195147416e-05,0.0029519928321079,0.944335098603166,0,0,0,0,0,6.54671827886109,0,0,0,0,0,0,0,7.01292853228926,0,0,0,0,0,0,2.11910152716045,8.51752218833083,0,0,0,0,0,0,0,0,0,31.0340771724339,0,0,0,0,0,0,0,0,0,0,0,0,24.4236413974102,7.19932387766582,0,0,0,0,0,1.91161335429392,0,0,0,0,0,9.81561410146577,0,11.7619135791208,0,0,0,0,1.07022724645722,1.05568384189948,0,0,46.1146846503939,0,0,0,16.1751141070491,0,0,0.885911943595387,634.783061611153,0,0,11.0135767379925,0,0,0,0,0,3.71465122972145,0,0,0,0,0,"CC vs. BC","BC"
"LOC144626867",350.035449633726,-18.3825048985074,5.85295328826092,1.28184245121056e-05,0.00188280035333693,0,0,5.700271150932,0,0,0,0,0,0,0.997957452691516,0,0,0,0,1103.03347343578,0,0,0,0,0,0,2549.27913717402,2954.63380799654,0,62.5317806526197,0,0,0,0,0,0,0,3762.13103270989,0,31.6595050154792,0,0,6.74332837914453,0,0,0,4.64861233394763,0,0,0,3137.85640429585,2044.60798125709,0,0,0,6.92488241198797,0,0,1.97549863705923,0,0,0,0,2393.9192169686,0,2026.66818594082,6.10287428665738,0,0,0,1805.47336477334,27.4477798893864,0,0,4997.33987042284,0,0,1.37995487314801,28.306449687336,32.1472929415231,0,6.20138360516771,2216.07300973179,0,0,69.0851631746801,0,0,0,0,4.03840837866101,2914.14388971647,0,0,2.21084900934921,0,0,"CC vs. BC","CC"
"LOC111137988",175.50849730584,1.10702722511537,1.23257969980817,0.000133956775594099,0.0155576776120217,61.3817814092058,65.1706664734512,249.861885449186,130.331327450647,139.893277609311,458.002232199111,96.236758699258,165.090559639724,97.085670722125,271.444427132092,99.8666430696062,122.00770195278,266.237250514642,62.3104700878233,346.639038881726,138.386430059227,249.436742860143,501.2932300143,263.931449851318,428.713823228171,154.635926209344,97.4786702493808,76.6576996949774,92.172019039917,450.005492910817,43.890353130049,33.4738749648671,86.1833088174316,193.010190051647,93.06060562506,35.2818506382422,129.248834684872,85.0934374082866,187.15500510238,57.2886281232481,335.859047677305,88.4086682456604,87.6632689288789,110.633403803945,48.1175221552497,216.323993135266,59.6571916189946,37.119615517296,322.828491638065,94.8939938556251,50.0103133375542,139.87257819465,201.065827027642,99.69837222929,153.323041939325,85.4068830811849,27.7300225621038,96.5364743918431,437.572948108619,139.189329182752,398.160212155204,92.5437446887785,117.317345036488,420.980782573976,263.029852382739,183.666804350887,72.2173457254456,150.809510733548,102.769638742361,295.268727482995,591.835667290844,87.6217588776566,51.8259378817326,100.635744960263,65.1030842123208,127.102874854944,116.896200863192,64.1679016013825,59.3087517258468,123.046535052037,120.581327334322,60.2420121644863,24.9379059918667,330.487572911213,75.8824711222373,39.0481357074279,246.727863557562,181.442973654969,481.147211116608,179.627606131673,195.862806365059,429.970879840257,580.851244136052,101.445462684409,507.389847645643,93.2542186643602,153.705541330853,"CC vs. BC","BC"
"LOC111136755",101.564408386128,2.99406025612602,0.713949228395832,1.3081834879291e-06,0.000226842650649927,32.1073933525076,179.469989211504,95.954564374022,176.690792919669,220.823272920483,127.868643507366,164.322628799413,55.7180638784067,150.041491116011,146.699745545653,168.46191305681,282.209119299474,670.834017044768,15.9090561926357,61.112662924235,172.714846818105,89.4065433745694,114.530966435605,72.1473513434398,58.3347102880664,72.3066136441841,51.9179874154311,121.13809334515,35.0848330539039,22.3327788045071,34.4852774593242,9.12923862678193,141.820634762862,57.3814078531922,144.130450175398,53.8512457110012,160.446829263979,76.0835440356445,32.9254175643075,13.5683592923482,37.9025884526113,62.5329604664427,34.5595579431157,137.267371386376,125.105557603649,105.238699363102,33.315055059958,24.4989462414154,37.2136589784513,50.4755286466091,176.780642495541,61.7084903799927,292.397423033419,99.69837222929,77.7412607016294,72.7112653258737,82.2657336009079,137.636161509162,16.7917384150034,306.216524202055,41.3102206871845,62.7595509958383,59.1434549357504,56.7124370306911,318.140869072456,32.5714529883346,26.4457885755153,105.080175220794,48.9836595874804,68.8571340770621,149.831814504011,88.6774427195561,31.9474959544927,34.5036839863759,34.5860134877954,30.7600564717445,39.5648679844651,24.8391877166642,164.446993421666,128.589171766092,139.833808169213,70.872955487631,14.7360353588303,66.2954113324888,65.7196401683662,160.197479825345,34.9838015492065,176.042885153333,59.6328461995117,123.881107677016,18.1728377039746,62.2204080978342,144.41639707953,274.363864987379,124.91296902823,127.953462818541,77.9201702580017,"CC vs. BC","BC"
"LOC111134685",749.948944087588,11.1643077413388,4.04504127742485,2.15576498414586e-05,0.00301154837398241,0,1048.74641740354,713.483939058322,146.950758467843,973.472229314382,0,5019.3689044028,63.9725918603929,0,0,0,2391.35095827449,3716.83972568867,0,0,1.07276302371494,1233.66003547095,0,0.913257611942276,7.40758225880209,2.863628263136,3.17865229074068,0,0.594658187354303,41.315640788338,2.09001681571662,0,2781.86629727153,666.667629421633,0,0,2704.19760155331,2658.91964419305,2100.29505726004,0,0,10.7815449080074,1.68583209478613,0,960.21188656476,2952.53017657593,0,2.22717693103776,0,508.793328757819,2991.31455591138,0,27.263162986799,4726.75230021813,0,2.30829413732932,0,4.77903338573481,82.9709427564875,5688.74975977508,0,1025.4272399998,0,5.45311894525876,1.25252310658447,1.80952516601859,0,3.89185834151091,133.504483973721,0,0,2420.6830494755,3.54972177272141,2637.61495362518,0,1410.89994873228,5.39520927060888,5.51981949259204,2458.61734427147,696.155171285397,0,3.54364777438155,9.06832945158791,0,1.35504412718281,0,0,5370.92802372713,0,0,0,1.85732561486072,2.12377054528721,3539.06330046745,3.31627351402381,2.16870275963628,5012.50848673392,"CC vs. BC","BC"
"LOC111133828",5010.16793341473,9.16369585783338,2.64670340457183,7.45896912042318e-06,0.00115227183334009,13.2206913804443,4128.81237750265,6771.92212730722,864.21041289422,5468.5553974549,18.5990754192532,26567.8921192741,1531.21494065844,25.3746639387372,7.98365962153213,10.0875397040006,23622.8129711357,29170.7979599311,10.6060374617572,9.01662239865762,16.091445355724,8673.18602282377,8.81007434120036,1.82651522388455,47.2233368998633,5.72725652627201,7.41685534506158,11.3566962511078,22.0023529321092,801.746759081803,6.27005044714986,24.3446363380851,10860.1878389561,14186.7706179583,9.07908347561561,3.71387901455181,18385.646733923,13223.5201732477,19036.9565606684,17.3373479846672,6.31709807543521,44.2043341228302,21.0729011848267,0,8961.62118184772,16975.5868667093,3.09907488929842,7.42392310345921,0.930341474461282,6783.91105010426,14414.600546643,9.25627355699891,7.49736982136972,41315.0054518178,0,8.07902948065263,0,1.91161335429392,2224.41146532869,6821.91465147466,12.3051721195869,5722.8200738578,5.81738901007381,198.493529607419,3.75756931975341,11.7619135791208,2.03429142888579,7.78371668302181,2563.47818507814,15.1719108983357,1.07022724645722,15282.0792953368,14.9088314454299,23217.1455801658,6.78157127211675,12075.9338680677,5.39520927060888,6.89977436574005,19806.4272240817,5993.80734257984,29.3853654848347,11.51685526674,5.66770590724244,13.8527725172365,12.1953971446453,2.00246849781681,1.84125271311613,37715.2981131259,10.6195479533377,0,32.3072670292881,3.71465122972145,11.6807379990797,24292.7299448699,5.52712252337301,3.25305413945443,32652.820936473,"CC vs. BC","BC"
"LOC111132804",169.732509052614,25.2784605914483,2.8735297047717,4.20596998043067e-19,7.00153802742359e-16,0,266.698419722123,174.808315295248,65.6030171731443,250.882985464633,2.32488442740666,1289.70350093563,0,0,0,14.1225555856009,488.03080781112,802.904464150456,0,2.00369386636836,8.58210418971948,256.198582275026,0,5.47954567165366,1.85189556470052,0,5.29775381790113,1.89278270851796,146.880572276513,29.0326124458592,0,0,330.55117179344,360.981220312809,0,0,1027.30539292631,390.428712814491,543.269389811074,0,0,10.7815449080074,0,0,347.515437787914,520.346902406451,0,0,1.86068294892256,457.308289538278,737.361364093242,0,0,738.817411046528,0,4.61658827465864,0,0,86.921940030606,224.340448212201,5.27364519410866,242.528434356799,0,11.9968616795693,1.25252310658447,0,0,0,49.9441235009604,0,0,499.338457218453,0,450.464763155463,0,273.938616125724,0,0,265.541456590723,401.286898097633,0,1.77182388719077,0,0,1.35504412718281,6.00740549345044,0,1068.13750562359,0,0,0,0,0,1249.62365397613,0,0,1492.22463042036,"CC vs. BC","BC"
"LOC111133591",21.9185332533553,22.2863263841196,2.64646602801994,1.46008460717309e-17,1.65719602914146e-14,0,4.01050255221238,15.200723069152,20.1182585997642,15.0298562720748,0,87.0713531088525,0,0,0,3.02626191120019,80.6311769427069,86.9987865854933,0,61.112662924235,0,50.3381378663542,0,0,0,0,4.2382030543209,1.89278270851796,1.18931637470861,2.2332778804507,8.36006726286648,0,103.638156172861,26.0824581150874,0,0,103.62191056632,96.1055293081825,67.5837518425259,0,2.1056993584784,4.31261796320295,0,0,51.3253569655996,52.6193496815512,0,0,0,33.313848906762,44.1951606238851,1.02847483966655,0,101.797285328854,0,48.4741768839158,0,0,11.8529918223554,22.9253012771592,0,12.7646544398315,0,0,0,0,0,5.83778751226636,13.4464947887201,0,0,76.0092366167623,0,161.017191936421,0,64.4220050634648,0,0,31.0023020385108,11.0852734281114,0,0,0,11.8738050147741,0,2.00246849781681,0,178.202920553987,0,0,0,0,0,93.3759372436037,0,0,143.031545405099,"CC vs. BC","BC"
"LOC111133640",9.02396997085555,3.93064035639756,3.7283462011106,0.000238884841077218,0.02495796854267,0,0,9.50045191822,9.62177585206116,1.1561427901596,1.16244221370333,12.4387647298361,0,0,0,1.00875397040006,0,453.861139656851,0,0,0,3.0052619621704,0,0,0,1.431814131568,2.11910152716045,4.7319567712949,1.78397456206291,0,0,0,37.091550630287,4.17319329841398,27.2372504268468,1.8569395072759,20.0558536579974,0,13.8633337112874,0,0,2.15630898160147,0,0,13.9006175115166,30.2074044468164,1.54953744464921,2.96956924138368,0,5.04755286466091,0,0,1.36315814933995,6.296739298692,1.07973973196708,2.30829413732932,0,1.91161335429392,0,13.1001721583767,0,0,0,0,0,0,0,0,0,9.33656055282198,0,16.8909414703916,0,13.4180993280351,4.06894276327005,4.06264896796625,1.79840309020296,0.689977436574005,17.5230402826366,1.10852734281114,0,0.885911943595387,12.4689529959334,10.8843212635429,1.35504412718281,0,1.84125271311613,36.7206018111246,0,0,0,3.71465122972145,0,0,2.21084900934921,2.16870275963628,1.06739959257537,"CC vs. BC","BC"
"LOC144626783",75.030486946269,23.6491679687754,4.50777268816508,4.42909980359386e-08,8.77735095997926e-06,1.88867019720633,0,0,0,0,333.620915332855,0,543.76703081334,0,0,0,36.0718423164741,322.838870702794,0,0,0,0,703.924939861909,0,0,0,0,0,0,359.557738752564,489.063934877689,0,0,0,0,0,0,0,0,0,0,0,0,0,0,0,0,0,468.892103128486,0,0,0,2.7263162986799,0,0,0,0,0,427.695454923323,0,217.977334689825,0,0,0,11.2727079592602,0.904762583009296,6.10287428665738,0,0,0,683.875210486165,0,0,579.853578104372,0,0,10.7904185412178,2.06993230972201,0,0,0,429.667292643763,0,0,0,0,0,0,2.4506649123087,0,0,0,454.486896691463,315.864281540092,497.441027103571,0,0,"CC vs. BC","BC"
"LOC111134485",171.264695344708,2.12013762574065,2.14510182601982,0.000180542088413578,0.0199475041933055,12.2763562818412,137.359712413274,402.819161332528,185.437861876088,94.803708793087,181.340985337719,504.75197930019,0,18.7551863895014,26.9448512226709,48.420190579203,554.86980975047,1328.04171811831,27.8408483371126,63.1163567906034,75.0934116600454,276.484100519677,114.530966435605,15.5253794030187,24.0746423411068,32.9317250260641,23.310116798765,35.9628714618413,64.2230842342648,70.3482532341972,41.8003363143324,44.6318332864894,701.46667809631,913.929332352662,37.4512193369144,14.8555160582072,863.515921385998,129.14180500787,367.378343349115,12.8145615538845,2.1056993584784,16.1723173620111,17.7012369952544,39.9509513736469,503.630065224946,433.622418672042,43.3870484501779,1.48478462069184,12.0944391679967,124.169800470658,134.911542957123,58.6230658609931,19.0842140907593,470.156534302336,65.8641236499916,19.6205001672992,22.184018049683,28.6742003144088,229.15784189887,116.264027905593,104.593963016488,611.639691908593,3.87825934004921,63.2561797650016,48.8484011567944,50.6667046485206,15.2571857166434,34.0537604882204,120.057989185001,38.5133122803907,28.896135654345,344.152932459229,34.7872733726698,452.381634488039,390.618505273925,37.1442191356914,63.8433097022051,17.9394133509241,381.463107691242,304.845019273064,35.4650962748005,66.4433957696541,46.475188439388,44.5267688054029,0,20.0246849781681,29.4600434098581,789.492938939179,15.5208777779551,27.2538436889435,122.161853454496,75.2216874018593,75.393854357696,749.313076646202,32.0573106355635,63.9767314092704,611.619966545685,"CC vs. BC","BC"
"LOC111133141",250.206610551176,5.52367168710118,5.96780720728139,0.000439058465103361,0.0397221738024329,0,167.438481554867,228.01084603728,150.449586050411,293.660268700538,0,1431.11261575903,59.8453278693998,0,0,0,1622.17196770262,965.372077653486,0,0,13.9459193082942,580.015558698887,0,0,1.85189556470052,0,2.11910152716045,0,0,44.6655576090141,0,0,901.106494724032,535.212040521593,0,0,1461.84888884959,645.709025039351,729.557936556498,0,0,0,0.842916047393067,0,557.093978730779,683.077113458655,0,0,7.44273179569026,409.861292610466,676.883775871083,0,0,1191.13318400257,0,0,1.84866817080692,0,127.41966209032,579.682618008168,0,361.66520912856,0,14.1781092576728,0,0.904762583009296,0,1.94592917075545,212.262524879082,0,0,614.407995985496,0,849.174000331362,2.7126285088467,446.891386476288,1.79840309020296,0,665.875530740189,335.883784871776,0,0,0,0,0,0,1.84125271311613,2194.59596706486,0,2.47762215354032,0,0,0,1357.98585275266,0,0,1885.0276804881,"CC vs. BC","BC"
"LOC111099090",2936.40901931069,10.6521523868125,2.41399894424175,1.3978585526765e-06,0.000240720883174705,0.944335098603166,2692.04983817256,3135.1491330126,963.052292101758,3870.76606145433,12.7868643507366,15111.1351312672,569.562430757047,24.2714176805313,5.9877447161491,6.05252382240037,13207.5989705231,12122.1803236293,0,6.01108159910508,19.3097344268688,6172.05675480746,0,9.13257611942276,12.0373211705534,4.29544239470401,18.0123629808638,0.946391354258981,1.78397456206291,477.921466416451,2.09001681571662,2.02871969484043,8534.32942884516,7593.12520646424,26.1023649923949,0,12474.7409752744,6207.81653375041,8911.52420128691,4.52278643078275,3.1585490377176,4.31261796320295,5.90041233175147,0,4459.95966465659,7607.39375859019,1.54953744464921,3.7119615517296,9.30341474461282,3951.22438245656,9026.28004215717,0,9.54210704537964,15833.150966561,10.7973973196708,8.07902948065263,21.2596839642796,0,995.65131307785,8005.84271028795,5.27364519410866,3883.64611331874,3.87825934004921,91.6123982803472,0,0,6.10287428665738,5.83778751226636,1704.82344642701,3.50121020730824,0,7231.43431701142,4.96961048180997,12758.6955896288,16.2757710530802,4843.83832666376,7.19361236081184,5.51981949259204,9273.7320880415,3185.90758323922,9.11959618494869,9.74503137954926,4.53416472579395,1.97896750246235,2.71008825436562,12.0148109869009,9.20626356558067,19891.7660046263,10.6195479533377,0,4.03840837866101,24.1452329931894,6.37131163586163,21331.2141080944,3.31627351402381,0,33640.1655596052,"CC vs. BC","BC"
"LOC111132086",142.821360992243,-24.3437660389892,3.13443636831973,2.60453142921643e-15,1.66756794327011e-12,560.935048570281,0,705.883577523746,0,0,0,0,0,2.20649251641193,0,307.669960972019,1.06093653871983,0,0,187.345376505442,0,906.837797084918,0,685.856466568649,0,0,726.851823816035,161.832921578286,1.18931637470861,11.1663894022535,0,0,0,2.08659664920699,828.466367149924,0,2.22842818422193,603.662855967021,0,154.528536385077,0,0,0,0,0,0,1307.03483456161,0,0,0,397.756445614966,123.416980759985,1.36315814933995,0,10.7973973196708,0,1.84866817080692,0,2.96324795558884,0,0,0,0,88.340526913192,0,182.762041767878,416.012597207144,4.86482292688863,0,0,537.254077721526,117.180906450842,0,0,287.53862193775,0,0,6.89977436574005,285.760349224535,433.434191039156,6.07973078996579,1809.91810076538,365.000260426413,1.97896750246235,0,417.514681794806,0,210.603451563803,0,0,148.411507915792,116.082850928795,0,2.30557869737293,6.63254702804762,0,0,"CC vs. BC","CC"
"LOC111133940",77.5571294926573,5.93480065048398,5.64220314585541,0.00031123048350614,0.0307170955460408,0,19.0498871230088,6.650316342754,75.2247930252054,3.46842837047879,3.48732664110998,1065.80573579859,0,0,0,0,651.415034773974,576.497983397847,0,0,0,690.458935808649,0,1.82651522388455,0,0,0,0,0,4.46655576090141,1.04500840785831,0,280.368485646581,0,0,0.928469753637951,152.647330619202,43.0472683359567,45.055834561684,0,0,0,0,0,399.910073023631,23.386377636245,0,3.7119615517296,0,12.1141268751862,34.8909162820146,0,5.45263259735979,32.533153043242,0,0,1.84866817080692,0,5.92649591117768,887.536663730021,0.878940865684777,285.077282489571,0,0,0,0,0,0.972964585377727,135.425411800681,0,0,26.3920960474869,0,11.5012279954586,0,199.650177854342,0,0,421.900892958865,126.37211708047,0,0,4.53416472579395,0,0,0,2.7618790696742,610.210000684864,0,0,2.01920418933051,0,0,103.751041381782,0,0,175.05353318236,"CC vs. BC","BC"
"LOC144626533",38.7625331217171,21.3234002849449,2.92612599066362,1.32119040911895e-13,5.59154652808478e-11,0,0,11.400542301864,0,45.0895688162243,6.97465328221997,130.934365577222,8.25452798198618,4.41298503282386,0,0,247.19821352172,14.6744941228543,0,205.378621302757,0,54.8460308096098,0.881007434120036,0,0,0,0,0,0,13.3996672827042,0,0,6.54556775828594,56.3381095285887,0,0,313.094159883181,20.021985272538,63.2514600577486,0,0,0,0,0,23.5241219425665,18.5142156286939,0,0,0,94.8939938556251,548.950416170363,0,0,77.659784683868,0,0,0,0,27.6569809188292,47.4881240741155,0,351.027997095367,0,13.087485468621,0,5.42857549805577,0,0,19.2092782696001,0,0,14.7795737865927,0,42.1711693166816,9.49419978096345,39.4657328316722,0,0,5.39170470234971,2.21705468562228,0,0,0,0,0,0,0,150.12246034548,1.6337766082058,0,0,3.71465122972145,0,478.407579704883,0,5.42175689909071,383.196453734556,"CC vs. BC","BC"
"LOC111133553",540.167390044183,2.11739419921962,2.75587184316319,0.000418343017705342,0.0389683710219486,17.9423668734602,885.318438400883,1272.11051184966,259.787948005651,351.467408208518,274.336362433985,3125.40330632828,251.763103450579,27.5811564551492,4.98978726345758,10.0875397040006,3935.01362211184,3354.17008522384,6.62877341359823,264.487590360624,96.5486721343441,1078.13772892863,83.6957062414034,19.1784098507878,7.40758225880209,4.29544239470401,22.2505660351847,4.7319567712949,8.32521462296025,154.096173751099,53.2954288007738,68.9764696245746,1726.93896022777,1732.91851716641,63.5535843293093,7.42775802910361,5203.37981015821,839.92228218297,793.675854971202,9.79937060002929,4.21139871695681,12.9378538896088,53.9466270331563,27.6583509509863,2436.88517759587,1773.46697074858,27.1169052813612,7.42392310345921,7.44273179569026,1111.47114079833,945.543831242595,127.530880118652,4.08947444801985,701.036975254376,0,9.23317654931729,0,0,374.356991722723,641.908435760458,77.3467961802604,1332.84266775907,4.84782417506151,235.574738435179,6.26261553292235,333.85739313043,5.08572857221448,49.6211938542641,438.932008460363,17.5060510365412,1.07022724645722,1158.08517456373,13.4889427363414,1216.25486051975,323.480949679969,174.113527198554,57.5488988864947,11.7296164217581,893.675054414465,431.217136353534,0,25.6914463642662,143.959730043958,67.28489508372,23.0357501621077,77.0950371659474,26.6981643401839,3589.97883588759,22.0559842107783,4.95524430708064,155.478722578449,19.5019189560376,24.4233612708029,1980.49210104335,8.84339603739682,87.8324617652695,2369.62709551731,"CC vs. BC","BC"
"LOC111136642",29.177506520194,15.1283698105798,2.85878494124211,5.88728822624881e-08,1.13957819387157e-05,0,0,0,3.49882758256769,11.561427901596,0,17.0214675250388,0,0,0,0,56.2296365521508,0,0,0,0,1.5026309810852,0,3.6530304477691,0,337.192227984264,0,1.89278270851796,0,73.6981700548733,0,0,0,43.8185296333468,0,0,38.9974932238838,111.122018262586,0,0,2.1056993584784,0,0,0,2.13855654023332,1.94886480302041,0,0,0,0,1.16303054273382,422.70315910295,0,3.148369649346,0,2.30829413732932,0,0,122.480915497672,22.9253012771592,0,0,78.5347516359964,0,0,4.52381291504648,0,1087.7744064523,0,0,0,2.11136768379895,0.709944354544282,3.83374266515287,4.06894276327005,18.5721095678457,0,5.51981949259204,8.08755705352457,8.86821874248914,0,7.0872955487631,2.26708236289698,0,0,10.0123424890841,0,89.6414691271571,0,0,42.4032879759406,0,0,19.5974189276699,0,0,9.6065963331783,"CC vs. BC","BC"
"LOC111134504",463.912834764147,7.1677109228719,1.34872057139483,5.69316265972942e-08,1.11061149698003e-05,106.709866142158,1045.73854048938,291.663873889354,54.2318275297992,1441.71005932902,316.184282127305,751.563258413253,740.84388638326,1924.06147431121,25.9468937699794,101.884151010406,392.546519326336,80.7097176756986,286.363011467443,702.29470016211,17.164208379439,0.7513154905426,132.151115118005,1282.21368716696,763.906920438965,373.703488339249,87.9427133771588,46.3731763586901,101.686550037586,906.710819462986,150.481210731597,4.05743938968086,1803.30391740778,0,1.13488543445195,6.49928827546566,5.57107046055483,285.313290133667,986.029610215314,0,942.300462919085,1618.30989069191,0,4.09753347422019,9.62350443104993,8.76989161359186,2.32430616697382,10.3934923448429,137.69053822027,58.5516132300665,1654.99246231023,492.639448200275,2836.05052970176,1108.22611656979,1.07973973196708,233.137707870262,3.69733634161384,331.664916969995,474.119672894214,108.076420306608,641.626831949887,1498.78317547688,338.378127419293,1665.38252588203,82.6665250345751,3.61905033203718,168.846188597521,342.48353405296,0,100.368025942836,585.414303812101,35.8932506245822,273.328576499548,1242.13262350953,16.9539281802919,1562.95909581902,1371.28235627976,1930.55686753407,483.905497035887,1131.80641701018,21.2790577648803,29.2350941386478,134.89140059237,367.098471706766,1037.96380142203,15.0185137336261,786.214908500589,77.7612744235579,289.178459652426,479.419886710052,125.190659738491,3.71465122972145,135.921314898381,83.0008331054255,105.015327944087,144.218733515813,115.27915599814,"CC vs. BC","BC"
"LOC111138022",44.7500650001178,-21.9429342368805,2.92581644476518,2.54756701928657e-14,1.2473087935605e-11,50.0497602259678,3.00787691415929,248.911840257364,0,0,0,0,0,0,0,85.7440874840053,2.12187307743965,0,0,66.1218975901559,0,150.26309810852,0,255.712131343837,0,5.72725652627201,347.532650454314,63.4082207353517,0,0,0,0,0,0,112.353658010743,0,0,232.255029161441,0,0,0,0,0,0,0,0,255.67367836712,0,0,0,112.81396264518,5.14237419833273,0,108.094024627546,0,0,0,0.955806677146961,0,0,0,0,0,63.2561797650016,0,23.5238271582417,101.71457144429,14.5944687806659,0,0,87.7586342094923,68.619449723466,0.709944354544282,0,176.320853075036,77.770708815354,110.601790047482,0,308.675094209521,104.201570224247,0,506.741631736562,66.8789297054608,5.93690250738706,0,47.0580096986951,1.84125271311613,147.962424944826,0,2.47762215354032,54.5185131119237,13.9299421114554,0,0,0,26.0244331156354,0,"CC vs. BC","CC"
"LOC144627119",6086.35610740788,1.04712833949096,1.77907233153012,0.000585813570943057,0.0495856436150784,513.718293640122,1267.31880649911,1085.90165425255,5626.11475276885,1378.12220587024,76595.6423453397,150.574520413805,2472.23113060486,2338.88206739665,24190.4886532424,1538.3498048601,93533.2261900787,1524.05103247358,4158.89243969153,3468.39408268363,569.63716559263,376.409060761842,1855.4016562568,255.712131343837,1515.77651970738,284.215105116248,5411.12574960421,5088.74631185054,824.196247673064,450.005492910817,11845.1703030739,1229.4041350733,929.470621676604,7334.38722196257,26858.1986917399,3758.44556272643,35661.5362321036,505.555128131585,314.524383574832,220.108939631427,1052.8496792392,1709.95302240997,424.829687886106,17996.3670187751,368.901003190247,294.278585256083,470.284614451035,234.595970069311,858.705180927763,3325.32782723861,2490.04839199311,5361.4393391817,800.85541273722,1884.82396340847,1659.55996803339,2745.71587635323,1580.61128603992,1083.88477188465,929.472108736366,4743.89984285216,159.967237554629,510.586177593261,2436.51643038591,407.893297105355,984.483161775394,2197.66831412958,4248.61764922798,1576.20262831192,11582.2343326554,9218.6864758426,349.964309591512,10137.7319337607,241.381080545056,3888.3734981313,351.963549022859,546.136096979463,328.20856396204,414.676439380977,6544.18158247696,1129.58936232455,36057.8700268221,2769.36073567918,12157.229171035,628.322182031797,350.956428940347,16864.7896886132,1399.35206196826,1588.7060371813,7110.19579891164,20338.8002584125,1019.69811561191,1264.83874372015,4600.0870010921,514.144049514164,952.875923029507,19044.463283746,881.672063467252,"CC vs. BC","BC"
"LOC111108580",147.664654440554,23.964107189038,3.20140728354241,2.37460284796597e-14,1.18587666227421e-11,0,243.638030046902,38.951852864702,71.7259654426377,20.8105702228728,1.16244221370333,1916.22444022264,68.099855851386,0,0,0,2678.86476026756,807.097176756986,0,0,2.14552604742987,163.035461447744,0.881007434120036,0,0,0,0,0,0,137.346589647718,0,0,855.28752041603,169.014328585766,0,0,539.279620581707,323.355062151489,634.247517291397,0,0,0,0,0,301.536472172898,585.633873307635,0,0,0,472.450948132261,301.224910568059,0,0,122.786416324494,0,0,0,0,177.79487733533,188.314974776665,0,296.778215726083,0,3.27187136715526,0,3.61905033203718,0,0,239.155514456522,0,4.28090898582889,181.57762080671,1.41988870908856,239.608916572055,0,135.228172790877,0,1.37995487314801,149.619805490204,307.062073958686,0,0,0,0,0,2.00246849781681,0,902.894797473534,0,0,11.1056230413178,0,0,29.9725230658481,4.42169801869841,0,250.838904255211,"CC vs. BC","BC"
"LOC111108576",212.323672972207,25.9600788899685,3.23865824830216,3.02696365169322e-16,2.36197757446187e-13,0,411.076511601769,1.900090383644,0,17.342141852394,5.81221106851664,5725.75980669191,451.935407013744,0,0,0,75.3264942491077,1473.73848119522,0,8.01477546547344,0,49.5868223758116,3.52402973648014,0,3.70379112940104,0,14.8337106901232,0,0,139.579867528169,0,0,2383.6775919758,10.4329832460349,0,0,140.390975605982,8.00879410901521,3163.43946124439,0,0,0,0,0,31.0090698333831,1724.74535067307,0,0,0,1.00951057293218,3.48909162820146,0,0,328.479900081766,0,2.30829413732932,0,0,10.8652425038257,1.63752151979709,0,1169.0296024479,0,19.6312282029315,0,0,0,0,6.72324739436005,0,0,28.5034637312859,0,72.8411106379046,0,54.5555718555468,0,0,1327.70728295362,394.635734040767,2.0265769299886,0,0,0,0,0,0,6.48010620196316,0,0,8.07681675732202,0,0,215.571608204369,2.21084900934921,0,34.1567869624117,"CC vs. BC","BC"
"LOC111108581",14.198469479027,22.5195156748271,2.89362779896078,2.71082755671862e-15,1.6922341022816e-12,0,17.0446358469026,0,0.874706895641923,0,0,235.681858038999,0,3.3097387746179,0,0,25.4624769292759,0,0,4.00738773273672,0,30.052619621704,0,1.82651522388455,0,0,0,0,0,8.93311152180282,0,0,42.5461904288586,0,6.80931260671171,0,67.9670596187689,21.0230845361649,117.838336545943,0,0,0,0,13.3169837912156,20.3162871322165,21.4375128332246,0,0.742392310345921,0,0,25.586671940144,0,0,18.890217896076,0,0,0,0,3.95099727411845,9.82512911878252,0,346.77311228209,0,0,5.01009242633788,0,2.03429142888579,0,33.6162369718003,2.33414013820549,0,16.8909414703916,0,8.62592099659397,0,33.6619485917204,0,0,2.69585235117486,0,2.0265769299886,3.54364777438155,0,0,0,0,0,138.242265641881,6.53510643282319,0,0,0,1.06188527264361,5.76394674343233,0,0,0,"CC vs. BC","BC"
"LOC111106020",21.0463099059691,23.1937876623115,2.85871938181298,1.77681768350501e-16,1.43119798571355e-13,0,10.026256380531,0,0,0,34.8732664110998,358.760161681588,12.3817919729793,0,0,0,496.518300120879,2.0963563032649,0,2.00369386636836,0,97.671013770538,0,0,0,0,4.2382030543209,0,0,11.1663894022535,0,0,2.18185591942865,27.1257564396909,0,0,241.78445798808,22.0241837997918,0,0,0,0,0,0,36.3554611839664,27.2841072422858,0,3.7119615517296,0,149.407564793963,9.30424434187056,0,0,4.197826199128,0,0,0,0,9.87749318529613,0,0,12.7646544398315,0,28.3562185153456,0,0,0,3.89185834151091,32.6557730583202,0,0,0,0,0,0,0,5.39520927060888,0,88.9631275887702,33.2558202843343,6.07973078996579,4.42955971797694,4.53416472579395,0,0,0,0,81.0013275245395,0,0,0,0,0,5.76394674343233,0,0,66.1787747396727,"CC vs. BC","BC"
"LOC111108634",266.212632597588,-3.78056720383682,3.69490329799113,0.000255170357850874,0.0263289414691583,236.083774650791,0,1396.56643197834,6.12294826949346,5.78071395079799,1.16244221370333,1.96401548365833,0,0,1.99591490538303,751.521707948046,2.12187307743965,0,2.65150936543929,565.041670315878,15.0186823320091,1117.20613443685,9.6910817753204,1405.50346477916,1.85189556470052,4.29544239470401,1837.26102404811,863.10891508419,0.594658187354303,6.69983364135212,6.27005044714986,3.04307954226064,9.81835163742892,16.6927731936559,781.936064337394,3.71387901455181,26.7411382106632,1505.65329249486,3.46583342782184,41.4588756155085,0,2.15630898160147,3.37166418957227,0,6.41566962069995,0,1428.67352396657,3.7119615517296,0,5.04755286466091,2427.24474268548,316.770250617296,0,4.197826199128,0,6.92488241198797,9.24334085403459,1.91161335429392,2.96324795558884,6.55008607918834,4.39470432842389,22.3381452697052,8.72608351511071,658.736768587258,0,463.238442500759,188.171957171936,5.83778751226636,3.84185565392003,4.66828027641099,1143.00269921631,219.582239115091,2.83977741817713,2.87530699886466,581.180658020406,77.770708815354,5.39520927060888,4.82984205601803,1306.14046414422,412.372171525745,0,2232.49809786038,559.969343635553,39.579350049247,14.9054853990109,227.280174502208,20.2537798442775,255.964194977545,17.9715426902638,2.47762215354032,846.046555329482,206.16314324954,6.37131163586163,18.4446295789834,2.21084900934921,60.7236772698159,8.53919674060293,"CC vs. BC","CC"
"LOC144627635",211.931124770355,25.3692937998908,2.91164940317326,8.76797739685585e-19,1.36835247249682e-15,0,151.396471346017,196.659354707154,0.874706895641923,181.514418055057,2.32488442740666,1741.42706217705,151.676951668996,0,0,0,3683.57166243524,963.275721350221,0,0,1.07276302371494,45.078929432556,0,0,5.55568669410156,0,6.35730458148136,0,3.56794912412582,17.8662230436056,0,0,1910.21485745978,526.865653924765,1.13488543445195,0,889.142845504551,43.0472683359567,630.781683863575,0,0,2.15630898160147,0,0,45.9789656150163,1365.1797945158,0,0,0,669.305509854036,347.746132277412,0,0,88.154350181688,0,3.46244120599398,0,0,102.72592912708,1165.91532209553,0,6.38232721991576,13.5739076901722,0,2.50504621316894,1.80952516601859,0,13.6215041952882,50.9045874144404,0,0,386.380286135209,0,408.293593838781,1.35631425442335,589.664478779102,1.79840309020296,2.06993230972201,428.640523836802,13.3023281137337,0,0,0,0,0.677522063591404,2.00246849781681,0,637.210443193044,1.6337766082058,0,6.05761256799152,0,0,336.614489816448,0,0,1649.13237052894,"CC vs. BC","BC"
"LOC144617825",26.2701935877455,3.23639262780303,4.00841541359075,0.000486184815116167,0.0425966134507042,0,38.0997742460176,83.603976880336,17.4941379128385,5.78071395079799,9.29953770962662,96.8914305271441,0,0,0,10.0875397040006,112.459273104302,251.562756391788,0,6.01108159910508,0,24.7934111879058,0,0,3.70379112940104,0,0,5.67834812555389,0,0,0,0,272.731989928581,66.7710927746237,0,0,177.160040645644,67.0736506630024,70.1831269133923,0,0,2.15630898160147,1.68583209478613,0,71.6416440978162,83.8011865298778,0,0,0,18.1711903127793,65.1297103930939,0,0,110.19293772711,0,12.6956177553113,0,0,4.93874659264807,18.0127367177679,0.878940865684777,48.9311753526875,1.9391296700246,4.36249515620701,8.7676617460913,0,0,0,38.4185565392003,0,1.07022724645722,103.457016506149,0,56.5477043110049,1.35631425442335,22.0543801118168,5.39520927060888,1.37995487314801,17.5230402826366,15.519382799356,0,6.20138360516771,2.26708236289698,3.9579350049247,0,4.00493699563363,0,143.642354143517,51.4639631584827,0,8.07681675732202,13.0012793040251,0,63.4034141777556,0,2.16870275963628,83.2571682208786,"CC vs. BC","BC"
"LOC144618085",61.9906026249728,-22.075919864198,2.39593152799684,1.26212711632358e-20,3.93941426182498e-17,50.994095324571,374.981988631858,0,0,23.122855803192,0,0,0,0,0.997957452691516,0,19.0968576969569,0,0,0,0,0.7513154905426,81.0526839390433,481.286761493579,0,24.340840236656,27.5483198530859,282.024623569176,281.86798080594,0,0,93.3211059626597,0,483.047124291418,15.8883960823273,352.818506382422,0,18.0197867452842,56.319793202105,0,1.0528496792392,38.8135616688265,66.5903677440523,0,0,86.7244837344084,0,0,9.30341474461282,242.282537503724,2.32606108546764,0,39.5315863308585,97.599459129726,69.1033428458928,23.0829413732932,0,3.82322670858784,0,0,0,206.361913443943,359.708553789564,30.5374660934491,0,0,38.65153714883,150.809510733548,0,0,0,0,38.3369951453912,32.5868126537994,24.4136565796203,41.7872465276529,0,176.634223762945,29.6543758629234,44.3410937124457,43.5714039947549,0,15.8695765402788,0,21.6807060349249,0,100.348272864829,0,0,188.299283669064,0,102.15290881734,80.703280720914,58.7922567830097,0,216.870275963628,353.309265142446,"CC vs. BC","CC"
"LOC111110645",252.426303958904,1.50854258053045,2.24967863006986,0.000505658901587343,0.0439906852157791,28.330052958095,211.554009629203,445.571194964518,83.9718619816246,754.961241974218,234.813327168072,659.254530681312,60.8771438671481,16.5486938730895,9.97957452691517,28.2451111712017,749.021196336198,1294.50001726608,27.8408483371126,2.00369386636836,16.091445355724,297.520934254869,13.2151115118005,31.0507588060374,5.55568669410156,12.170420118328,61.4539442876531,161.832921578286,85.6307789790197,45.7821965492395,4.18003363143324,18.2584772535639,183.275897232006,719.875843976411,22.697708689039,0.928469753637951,1952.10308937841,300.32977908807,293.729383007901,29.3981118000879,12.6341961508704,12.9378538896088,45.5174665592256,0,568.856039702063,696.719167079798,1.54953744464921,285.078647172833,36.28331750399,180.70239255486,174.454581410073,37.0250942279956,2.7263162986799,691.591866306338,0,18.4663530986346,76.7197290884871,15.2929068343514,81.9831934379579,1300.19208671889,5.27364519410866,497.821523153429,398.491147190056,41.4437039839666,18.7878465987671,217.143019922231,6.10287428665738,127.458360684482,158.476545724201,2.33414013820549,21.4045449291445,240.695915953081,23.4281636999613,860.67522832682,37.2986419966421,395.237706740717,16.1856278118266,11.7296164217581,75.483865832896,185.124066249461,12.1594615799316,27.463270251457,187.034294939001,7.91587000984941,20.3256619077421,8.00987399126726,3.68250542623227,1464.50400164367,52.2808514625856,28.4926547657137,11.1056230413178,27.8598842229108,47.7848372689622,2664.09618481442,2.21084900934921,99.760326943269,2116.65339207695,"CC vs. BC","BC"
"LOC111107750",56.6408133679735,6.43668103956892,2.37169957227726,1.73089819777721e-05,0.00248393839071821,9.44335098603166,23.0603896752212,60.802892276608,9.62177585206116,33.5281409146283,25.5737287014732,175.452049873477,4.12726399099309,0,5.9877447161491,1.00875397040006,624.891621305978,918.204060830026,11.9317921444768,1.00184693318418,7.50934116600455,60.105239243408,5.28604460472022,2.73977283582683,0,0,6.35730458148136,0,32.7062003044867,49.1321133699155,10.4500840785831,1.01435984742021,49.0917581871446,21.9092648166734,7.94419804116366,1.8569395072759,79.1092005398786,5.0054963181345,26.8602090656193,1.50759547692758,0,8.62523592640589,1.68583209478613,10.2438336855505,131.521227224349,100.366537355551,2.32430616697382,0.742392310345921,0,72.6847612511171,102.346687760576,4.11389935866618,0,841.664152925164,0,0,0,2.86742003144088,23.7059836447107,286.56626596449,1.75788173136955,41.4851269294524,7.75651868009841,41.4437039839666,6.26261553292235,2.71428774902789,4.06858285777158,5.83778751226636,35.5371647987603,21.0072612438494,0,97.1229134547519,0.709944354544282,538.640844453979,7.45972839932843,29.0189211997589,0,0.689977436574005,132.096765207568,8.86821874248914,2.0265769299886,0.885911943595387,3.40062354434547,8.90535376108059,1.35504412718281,17.0209822314429,2.7618790696742,230.043770169692,1.6337766082058,0,14.1344293253135,1.85732561486072,1.06188527264361,63.4034141777556,6.63254702804762,0,10.6739959257537,"CC vs. BC","BC"
"LOC111106004",15.2523393653897,23.5457971239144,3.11002157222806,1.28503018099858e-14,6.68483408740304e-12,0,0,6.650316342754,24.4917930779739,53.1825683473415,0,60.8844799934081,0,0,1.99591490538303,0,68.9608750167888,84.9024302822284,21.2120749235143,3.00554079955254,0,7.513154905426,0,7.30606089553821,0,0,2.11910152716045,0,0,8.93311152180282,0,0,90.5470206562889,23.9958614658804,0,0,153.761544711313,0,20.7950005669311,0,0,0,0,0,41.7018525345497,0,0,0,0,13.1236374481184,2.32606108546764,0,0,77.659784683868,0,0,0,0,9.87749318529613,145.739415261941,0,0,0,2.18124757810351,0,0,0,0,13.4464947887201,2.33414013820549,0,114.013854925144,6.38949919089853,17.2518419931879,0,95.1820615352093,0,0,9.43548322911199,3.32558202843343,0,0,0,0,0,0,0,103.681699231411,0,0,0,0,0,38.0420485066534,0,0,67.2461743322481,"CC vs. BC","BC"
"LOC111106292",745.255983309149,6.60117423453418,2.57768666507712,2.15885926689167e-05,0.00301154837398241,1.88867019720633,778.037495129202,1105.85260328081,282.530327292341,573.446823919161,20.9239598466599,2383.66012533332,142.390607689262,2.20649251641193,5.9877447161491,17.1488174968011,3640.07326434773,5278.62517162102,6.62877341359823,7266.39580638486,12.8731562845792,987.228554572976,3.52402973648014,18.2651522388455,3.70379112940104,9.30679185519201,31.7865229074068,16.0886530224027,20.2183783700463,219.977871224394,0,6.08615908452129,2599.68132799923,1081.90036261382,15.8883960823273,7.42775802910361,6842.38873965344,1456.59942857714,1273.69378472453,22.6139321539137,10.528496792392,10.7815449080074,1.68583209478613,59.4142353761928,1888.34542502602,2133.03252690584,10.8467621125445,20.0445923793399,18.6068294892256,696.562295323205,4953.34708150334,6.17084903799927,4.08947444801985,1654.99297900621,1.07973973196708,15.0039118926406,1.84866817080692,3.82322670858784,392.136479456256,836.773496616311,7.03152692547822,1731.73811900381,9.69564835012302,21.812475781035,46.3433549436254,12.6666761621301,16.2743314310863,35.0267250735982,590.685306790205,2.33414013820549,1.07022724645722,1476.90169481737,10.6491653181642,2413.34100771373,40.6894276327005,765.519141249641,7.19361236081184,0,885.58749736094,798.139686824022,4.0531538599772,4.42955971797694,15.8695765402788,15.8317400196988,10.1628309538711,16.0197479825345,7.36501085246453,5285.60662540129,54.7315163748943,17.3433550747823,93.8929948038685,22.2879073783287,14.8663938170105,2302.12032932687,11.054245046746,73.7358938276336,2887.31589791637,"CC vs. BC","BC"
"LOC111115404",32.8718923259291,19.500857386801,2.96200762345582,2.16008111281433e-11,6.12923015761066e-09,0,50.1312819026548,4.75022595911,0,82.0861381013315,0,4.58270279520276,11.349975975231,0,0,0,130.495194262539,27.2526319424437,0,0,0,45.078929432556,0,0.913257611942276,0,0,4.2382030543209,0,0,16.7495841033803,0,0,30.5459828720011,4.17319329841398,0,0,296.380948501517,180.197867452842,71.0495852703478,0,0,0,0,0,74.8494789081661,5.84659440906124,0,0,0,48.4565075007447,53.4994049657557,0,0,28.335326844114,0,6.92488241198797,0,0,4.93874659264807,9.82512911878252,0,46.8037329460489,0,26.1749709372421,0,0,0,0,229.550875321722,0,0,61.2296628301697,0,5.75061399772931,0,22.0543801118168,0,0,32.3502282140983,161.844992050427,0,0,0,0,0,0,3.68250542623227,886.694531968626,0,0,4.03840837866101,3.71465122972145,0,327.392175026956,0,0,20.280592258932,"CC vs. BC","BC"
"LOC144627704",28.053754015916,21.3351931351633,3.15569523882213,5.66606065784546e-12,1.79090550160001e-09,0,28.0735178654867,0,1.74941379128385,11.561427901596,0,7.2013901067472,24.7635839459586,0,0,0,56.2296365521508,127.877734499159,0,0,0,18.0315717730224,0,7.30606089553821,0,0,0,0,0,4.46655576090141,0,0,31.6369108317154,1.04329832460349,0,0,123.677764224317,219.240738734291,38.9906260629957,0,0,3.23446347240221,0,0,36.3554611839664,2.92329720453062,0,0,0,20.1902114586436,15.1193970555397,0,0,20.98913099564,0,35.7785591286045,0,0,0,0,0,0,0,33.8093374606043,0,0.904762583009296,0,0,68.1929378570805,0,0,22.169360679889,0,18.2102776594762,0,18.5721095678457,0,0,26.9585235117486,125.263589737659,0,0,0,0,0,0,0,452.527416437094,0,0,0,0.928662807430361,0,969.495842245317,0,0,7.47179714802756,"CC vs. BC","BC"
"LOC111107536",56.4357060779385,5.87266096708086,2.63712558815426,3.19987561403595e-05,0.00439015901552075,17.9423668734602,22.0577640371681,54.152575933854,54.2318275297992,63.5878534587779,23.2488442740666,332.573288566143,0,6.6194775492358,15.9673192430643,0,404.216821252254,270.429963121172,54.3559419915055,4.00738773273672,0,145.755205165264,0.881007434120036,0,10.1854256058529,0,141.97980231975,0,8.32521462296025,3.34991682067606,2.09001681571662,2.02871969484043,102.547228213146,82.4205676436761,4.5395417378078,0.928469753637951,470.198346870828,124.136308689736,78.8477104829469,0.753797738463791,0,7.54708143560516,2.5287481421792,2.0487667371101,259.834619638348,136.420536211429,0,11.1358846551888,2.79102442338385,39.3709123443551,54.6624355084895,5.14237419833273,31.3526374348188,96.550002579944,0,1.15414706866466,0,0,44.4487193338326,86.7886405492456,17.5788173136955,48.9311753526875,2.9086945050369,49.0780705073289,7.51513863950682,4.52381291504648,5.08572857221448,2.91889375613318,43.2208761066003,43.1815925568016,17.1236359433156,117.180906450842,43.3066056272012,250.151708901225,1.35631425442335,142.192713878819,53.9520927060888,31.7389620824042,51.2211946723223,74.2713319683465,2.0265769299886,3.54364777438155,3.40062354434547,3.9579350049247,1.35504412718281,6.00740549345044,0,352.085770306665,0,0,6.05761256799152,4.64331403715181,0,217.877186901742,19.8976410841428,0,279.658693254746,"CC vs. BC","BC"
"LOC111107102",40.9206089177866,22.9498619012294,3.72566528921757,2.57348354870441e-10,6.55713104195399e-08,0,336.88221438584,69.353299003006,11.371189643345,4.62457116063839,0,165.631972455186,0,0,0,0,12.7312384646379,335.417008522384,0,0,0,99.1736447516232,0,0,0,0,0,0,0,0,0,0,672.011623184024,4.17319329841398,0,0,266.297168014521,36.0395734905684,86.6458356955461,0,0,0,0,0,272.665958879748,321.562692498368,0,0,0,0,55.8254660512233,0,0,0,0,1.15414706866466,0,0,0,13.1001721583767,0,0,0,5.45311894525876,0,0,0,0,0,0,0,300.869894941351,0,2.87530699886466,1.35631425442335,2.32151369598072,0,0,63.3525302526091,131.914753794526,0,0,0,0,0,1.00123424890841,0,352.085770306665,0,0,0,0,0,14.9862615329241,0,0,123.818352738742,"CC vs. BC","BC"
"LOC111106396",22.239537232836,-19.4465159277508,2.35635313099677,7.50918027939386e-17,6.46566315780913e-14,0,0,1.900090383644,0,4.62457116063839,0,0,0,0,0,0,143.226432727177,0,0,0,0,9.0157858865112,0,0,0,0,2.11910152716045,5.67834812555389,0,573.952415275831,4.18003363143324,2.02871969484043,8.72742367771459,12.5195798952419,4.5395417378078,0,0,2.0021985272538,3.46583342782184,12.8145615538845,0,2.15630898160147,0,0,2.13855654023332,1.94886480302041,10.8467621125445,2.96956924138368,0,0,0,8.22779871733236,2.7263162986799,0,0,2.30829413732932,0,0,0,6.55008607918834,0,37.2302421161753,0,0,0,3.61905033203718,3.05143714332869,29.1889375613318,0,0,0,8.44547073519582,0,0,6.10341414490508,1.16075684799036,0,0,64.7004564281965,32.1472929415231,0,652.917102429801,0,0,1.35504412718281,333.4110048865,0,4.32007080130877,0.816888304102899,1.23881107677016,4.03840837866101,0,0,3.4583680460594,2.21084900934921,21.6870275963628,4.26959837030146,"CC vs. BC","CC"
"LOC144618125",24.3775975601503,-22.2714403111624,3.03309288371381,8.08695334982971e-14,3.48157284733186e-11,167.14731245276,0,3.800180767288,0,0,0,0,0,0,0,0,0,0,0,4.00738773273672,0,0,164.748390180447,26.484470746326,0,0,2.11910152716045,0.946391354258981,0,1.11663894022535,0,180.556052840798,0,0,0,154.1259791039,0,0,1.73291671391092,10.5531683384931,0,0,0,11.2682170541055,1.06927827011666,78.9290245223268,2.32430616697382,0,83.7307327015154,2.01902114586436,1.16303054273382,0,0,0,167.359658454897,0,12.9406771956484,0,0,0,0,15.9558180497894,0,2.18124757810351,102.706894739927,0,0,0.972964585377727,0,152.88617905246,0,0,0,24.9193273234937,0,0,0,144.895261680541,0,333.666730186154,118.554750404333,109.853081005828,6.80124708869093,2.96845125369353,0,31.0382617161606,0.920626356558067,0,0,113.970619062855,0,0,0,2.30557869737293,0,0,0,"CC vs. BC","CC"
"LOC111100026",15.553668321312,17.08156584088,4.77353905130067,7.07723645352157e-06,0.00110449121402771,0.944335098603166,218.572389095575,0,0,0,19.7615176329566,0,0,0,0,75.6565477800047,0,10.4817815163245,0,0,0,0,0,144.29470268688,0,0,3.17865229074068,0,74.9269316066422,8.93311152180282,0,0,0,0,0,0,0,0,0,0,0,0,0,0,0,38.9772960604083,0,5.19674617242144,0,73.6942718240493,1.16303054273382,0,92.0131750804465,0,0,16.1580589613053,1.84866817080692,0,44.4487193338326,93.3387266284339,0,0,0,1.09062378905175,0,10.8571509961115,0,0,0,84.0290449753978,0,0,0,0,0,0,0,132.475667822209,0,0,0,174.524652888291,0,0,0,0,0,0,0,0,0,0,0,0,14.3705185607698,90.0011645249058,0,"CC vs. BC","BC"
"LOC111106424",288.928329193139,-31.0819853523181,4.79926770852149,1.3393450649829e-11,3.88877282239804e-09,0,0,0,0,0,0,0,0,0,0,0,0,0,0,0,0,0,532.128490208502,0,0,0,0,617.047162976855,0,0,524.594220744871,1184.77230178681,1191.29333200804,1386.54347339804,0,0,1537.61544711313,0,0,1.50759547692758,0,0,0,0,0,0,426.897566000857,0,657.751422444126,0,0,0,0,834.31795707669,0,0,0,0,0,0,0,0,0,2031.83211900341,562.382874856427,0,1007.99140301291,0,0,1583.71408377243,0,0,0,0,344.503820623531,0,0,0,0,765.992393882499,1944.50056432406,1595.52741041529,0,0,0,0,2476.4848991412,0,0,1679.82782010034,0,2204.64550483968,688.101656673056,0,801.432765889087,0,0,"CC vs. BC","CC"
"LOC111106829",41.033977718388,-13.9813226127893,2.85161114289435,3.28726167714727e-07,6.03550912340937e-05,8.4990158874285,0,0.950045191822,0,0,0,0,0,0,4.98978726345758,0,0,0,0,0,5.36381511857468,0,195.583650374648,5.47954567165366,0,0.715907065784001,40.2629290160486,300.006059300097,0,0,0,2.02871969484043,2.18185591942865,0,330.251661425518,1.8569395072759,0,2.0021985272538,2.59937507086638,0,0,173.582873018919,0,0,0,0.974432401510207,0,72.7544464139002,3.72136589784513,0,293.083696768923,0,3.40789537334987,0,0,1.15414706866466,1.84866817080692,2.86742003144088,0,1.63752151979709,0,0,0,439.521386987856,338.181238777807,0.904762583009296,155.623294309763,0,1.92092782696001,0,6.42136347874334,0,2.12983306363284,3.83374266515287,209.550552308408,0,0.89920154510148,2.06993230972201,171.186624299603,1.10852734281114,0,0,0,1.97896750246235,2.03256619077421,2.00246849781681,2.7618790696742,0,0,0,1.00960209466525,286.956807495982,358.917222153539,0,328.311077888357,0,0,"CC vs. BC","CC"
"LOC111107803",27.1808045205664,-22.9615743249544,3.34038037172274,2.25318591217126e-12,7.50160696358885e-10,4.72167549301583,0,7.600361534576,0,0,0,0,0,0,0,204.777055991213,0,0,0,131.241948247128,0,109.69206161922,1.76201486824007,24.6579555224414,0,0,0,7.57113083407185,0,0,0,0,0,0,78.3070949771846,0,2.22842818422193,142.15609543502,0,6.03038190771033,0,0,0,0,0,0,462.536927227789,0,0,0,5.8151527136691,0,0,0,0,0,0,0,0,0,0,0,0,136.327973631469,2.50504621316894,13.5714387451394,8.13716571554317,0,0,0,6.42136347874334,60.1739789882702,0,0,144.447468096087,0,0,0,31.0023020385108,805.8993782237,0,51.3828927285325,1.13354118144849,0,0,23.0283877248934,0,15.1202478045807,0,4.95524430708064,0,7.42930245944289,0,0,0,0,0,"CC vs. BC","CC"
"LOC111110589",38.0823883855549,22.6612538927022,2.72501941305693,3.44793090377608e-17,3.44379338669155e-14,0,0,0.950045191822,5.24824137385154,5.78071395079799,9.29953770962662,26.1868731154444,0,0,0,0,471.055823191603,266.237250514642,0,740.364883623109,0,17.2802562824798,5.28604460472022,0,0,0,0,0,0,0,4.18003363143324,0,6.54556775828594,30.2556514135014,0,0,139.276761513871,20.021985272538,49.3881263464613,0,0,0,0,0,73.7802006380495,82.8267541283676,0,0,0,68.6467189593883,1143.25902350734,4.11389935866618,0,1.049456549782,0,0,0,0,8.88974386676652,4.91256455939126,2.63682259705433,0,0,18.5406044138798,0,0,0,0,2.88139174044002,1.16707006910275,0,21.1136768379895,0,67.0904966401753,1.35631425442335,7.54491951193732,0,0.689977436574005,1.34792617558743,6.65116405686685,0,1.77182388719077,0,0,0,0,0,35.6405841107974,0,0,0,4.64331403715181,2.12377054528721,93.3759372436037,0,0,50.1677808510422,"CC vs. BC","BC"
"LOC144627196",10.0934994485486,21.2160652415227,3.49387306446726,5.14583856257154e-10,1.27219394957833e-07,0,4.01050255221238,19.950949028262,6.99765516513539,20.8105702228728,0,58.2657926818637,0,0,0,0,0,50.3125512783576,0,0,0,12.7723633392242,0,0,0,0,0,0,0,0,0,0,13.0911355165719,25.0391597904839,0,0,56.8249186976592,20.021985272538,9.53104192651007,0,0,0,0,2.0487667371101,6.41566962069995,12.6676212196327,0,0,0,0,0,0,0,11.544022047602,0,0,0,0,0,183.402410217274,0,0,0,0,0,0,0,0,5.76278348088004,0,0,16.8909414703916,0,29.7115056549348,0,22.0543801118168,0,0,18.870966458224,21.0620195134117,0,0,1.13354118144849,0,0,0,0,126.362070938282,0,0,0,0,0,102.598252033095,0,0,70.4483731099742,"CC vs. BC","BC"
"LOC144627767",18.7589686329851,-20.40596296492,3.19791628334081,7.72723389376097e-11,2.07472075620657e-08,0,0,107.355106675886,0,0,0,0,172.313271623962,0,0,0,0,0,0,0,0,0.7513154905426,0,0,0,61.5680076574241,1.05955076358023,11.3566962511078,0,0,0,0,91.6379486160032,0,0,0,0,10.010992636269,6.93166685564369,2.26139321539137,0,4.31261796320295,97.7782614975958,0,0,3.89772960604083,0,0,0,0,9.30424434187056,9.25627355699891,74.2921191390272,0,26.9934932991769,0,0,21.0277468972331,0,0,0,0,0,58.8936846087946,0,0,0,2.91889375613318,7.68371130784006,126.043567463097,0,0,0,95.8435666288218,13.5631425442335,0,71.9361236081184,115.916209344433,94.3548322911199,0,96.2624041744584,116.940376554591,2.26708236289698,0,0,0,0,0,209.940294154445,0,0,0,0,1.15278934868647,0,0,0,"CC vs. BC","CC"
"LOC144617815",47.8860159338648,2.51003124976218,2.57138263609601,0.000217150731705784,0.0230734203008231,38.7177390427298,10.026256380531,12.350587493686,6.12294826949346,4.62457116063839,11.6244221370333,20.2948266644694,6.19089598648964,11.0324625820597,0.997957452691516,9.07878573360056,1147.93333489485,1139.36965082447,0,15.0277039977627,8.58210418971948,5.2592084337982,31.7162676283213,5.47954567165366,0,21.47721197352,7.41685534506158,0,5.35192368618873,7.81647258157747,17.7651429335913,5.07179923710107,7.63649571800027,6.25978994762097,14.7535106478754,10.2131672900175,7.79949864477676,9.00989337264211,317.990217002654,6.03038190771033,22.1098432640232,19.4067808344133,10.9579086161099,1.02438336855505,2.13855654023332,2.92329720453062,7.74768722324605,0,5.58204884676769,55.52308151127,19.7715192264749,25.7118709916636,1.36315814933995,45.126631640626,0,0,12.016343110245,9.55806677146961,16.7917384150034,6.55008607918834,23.731403373489,0,6.78695384508611,6.54374273431051,10.0201848526758,8.14286324708366,20.3429142888579,35.9996896589759,14.4069587022001,0,31.0365901472595,1.05568384189948,12.7789983817971,721.702056715029,6.10341414490508,2.32151369598072,44.960077255074,51.0583303064764,18.870966458224,8.86821874248914,0,6.20138360516771,0,17.8107075221612,8.13026476309685,21.0259192270766,7.36501085246453,16.2002655049079,11.4364362574406,29.7314658424839,13.1248272306483,13.9299421114554,1.06188527264361,25.3613656711022,0,4.33740551927257,11.741395518329,"CC vs. BC","BC"
"LOC144627481",42.0155044313969,-17.9357347932064,7.90555717220589,4.02889242554976e-05,0.00535114063116901,0,0,220.410484502704,0,0,0,0,0,0,0,0,0,0,0,0,301.446409663897,0,0,67.5810632837284,0,0,0,277.292666797881,0,0,0,0,0,290.036934239772,0,207.048755061263,0,0,0,0,0,0,0,0,0,0,0,0,156.297367709495,203.921135732301,0,0,0,0,0,137.343501171095,0,0,0,0,0.878940865684777,0,278.265107648531,162.502944568711,0,0,200.37770574525,0,0,190.232421263748,0,0,0,0,0,0,445.104764825233,0,0,100.875988195814,0,0,0,0,0,120.148109869009,0,0,0,0,0,0,1.06188527264361,97.9870946383496,0,200.605005266356,206.008121367046,"CC vs. BC","CC"
"LOC144627224",8.92822014241586,4.34549558706025,3.28947261251834,0.000128470086152781,0.0150605542311499,1.88867019720633,3.00787691415929,2.850135575466,18.3688448084804,0,44.1728041207265,0.654671827886109,0,1.10324625820597,0,11.0962936744007,18.0359211582371,10.4817815163245,0,18.0332447973152,8.58210418971948,16.5289407919372,0,23.7446979104992,0,13.602234249896,0,0.946391354258981,0,14.5163062229296,3.13502522357493,0,7.63649571800027,1.04329832460349,4.5395417378078,0,30.0837804869961,21.0230845361649,0,0,4.21139871695681,11.8596993988081,0,14.3413671597707,5.3463913505833,1.94886480302041,0,29.6956924138368,0,2.01902114586436,0,25.7118709916636,2.04473722400992,3.148369649346,0,0,4.6216704270173,0,29.6324795558884,3.27504303959417,36.0365754930759,0,0,6.54374273431051,5.01009242633788,8.14286324708366,0,0,21.1302060965602,7.00242041461648,0,9.50115457709529,4.96961048180997,62.2983183087342,6.78157127211675,0,1.79840309020296,7.58975180231405,0,1.10852734281114,59.7840194346636,0.885911943595387,0,1.97896750246235,1.35504412718281,16.0197479825345,45.1106914713453,22.6803717068711,0.816888304102899,14.8657329212419,8.07681675732202,9.28662807430361,13.8045085443669,17.291840230297,11.054245046746,4.33740551927257,3.2021987777261,"CC vs. BC","BC"
"LOC111106204",46.9979040948593,23.0730080791056,2.32433702499764,1.18092430850263e-23,4.21252571190151e-20,1.88867019720633,90.2363074247786,8.550406726398,0,46.2457116063839,2.32488442740666,128.315678265677,48.4953518941688,2.20649251641193,1.99591490538303,0,51.9858903972715,209.63563032649,0,0,0,33.809197074417,5.28604460472022,0,0,0,0,3.78556541703592,0,0,1.04500840785831,0,151.638986400291,7.30308827222446,1.13488543445195,0,162.675257448201,0,245.207715018395,0,0,15.0941628712103,0,0,8.55422616093327,1381.74514534147,0,0,0,23.2187431774402,3.48909162820146,2.05694967933309,17.7210559414193,18.890217896076,21.5947946393415,20.7746472359639,0.924334085403459,7.64645341717569,7.90199454823691,157.20206590052,0,0,15.5130373601968,3.27187136715526,0,0,0,0,7.68371130784006,0,2.14045449291445,71.7865012491644,0,18.2102776594762,12.2068282898102,73.7080598473877,3.59680618040592,4.13986461944403,334.285691545682,341.426421585832,0,2.65773583078616,0,0,11.5178750810539,1.00123424890841,0.920626356558067,96.1215753291202,0,0,0,0,4.24754109057442,312.405913494032,1.1054245046746,0,115.27915599814,"CC vs. BC","BC"
"LOC144627840",36.2129426741475,-10.6741926082494,13.0809932218756,0.000425219147064813,0.039044312252856,0,0,0,0,0,0,0,0,0,0,0,0,0,0,0,0,0,0,0,0,0,0,359.628714618413,0,0,0,346.911067817713,0,218.04934984213,0,0,0,0,0,0,0,0,0,0,0,0,0,0,0,387.652060005958,0,0,0,0,0,0,0,323.062656875673,0,0,0,0,665.121476818439,0,0,0,0,402.807338346379,0,0,0,0,0,284.655392887601,0,0,0,0,0,0,0,0,0,0,0,0,0,0,0,0,0,0,0,0,0,0,343.702668809268,"CC vs. BC","CC"
"LOC144627502",419.53475088254,2.49807433109277,3.14414895279736,0.000425312492301836,0.039044312252856,19.8310370706665,2.00525127610619,33.25158171377,3405.23394473401,1654.44033271838,48.8225729755398,1.30934365577222,0,2081.82568923466,5.9877447161491,2669.16300567857,10.6093653871983,34.5898790038708,2036.35919265738,28.051714129157,1571.59782974238,5.2592084337982,9.6910817753204,396.353803582948,3.70379112940104,100.22698920976,0,8.51752218833083,3.56794912412582,70.3482532341972,1.04500840785831,9.12923862678193,1587.30018138434,13.5628782198454,28.3721358612988,2.78540926091385,14.4847831974426,11.0120918998959,2217.26693544902,30.9057072770154,9.47564711315282,1341.22418655612,5.90041233175147,5.12191684277524,3.20783481034998,3196.13827695348,1.54953744464921,28.9533001034909,39.0743419273738,0,1399.12574290879,2.05694967933309,44.3026398535483,107.044568077764,0,5.77073534332331,4.6216704270173,24.850973605821,5.92649591117768,713.95938263153,18.4577581793803,4.25488481327717,40.7217230705167,7.63436652336227,450.908318370409,4.52381291504648,43.7372657210445,30.1619021467095,2.88139174044002,24.5084714511577,0,1998.40951271571,2.83977741817713,34.5036839863759,3.39078563605838,1162.49798326234,4163.30315381985,17.9394133509241,0,29.9302382559008,306.013116428278,113.39672878021,145.093271225407,1654.41683205853,44.7164561970327,8.00987399126726,0,5.40008850163597,0.816888304102899,6.19405538385081,2.01920418933051,743.858908751719,397.145091968708,50.7227313422045,716.315079029143,1296.8842502625,10.6739959257537,"CC vs. BC","BC"
"LOC111133291",79.8684224501148,3.50793317829536,1.44194774507896,1.64783499640981e-05,0.0023784069283441,63.2704516064121,19.0498871230088,25.651220179194,55.9812413210831,10.4052851114364,382.443488308395,15.0574520413805,26.8272159414551,49.6460816192685,49.8978726345758,20.1750794080012,13.7921750033578,22.0117411842814,5.30301873087858,15.0277039977627,23.6007865217286,9.7671013770538,73.123617031963,11.8723489552496,462.97389117513,14.31814131568,9.53595687222203,628.403859227963,24.9756438688807,637.600834868676,13.585109302158,21.3015567958245,42.5461904288586,16.6927731936559,19.2930523856832,11.1416370436554,57.9391327897702,11.0120918998959,9.53104192651007,9.79937060002929,1165.5045949178,1.07815449080074,10.1149925687168,24.5852008453212,16.0391740517499,16.5653508256735,9.29722466789526,26.7261231724531,97.6858548184346,51.4850392195413,15.1193970555397,38.0535690676622,8.17894889603969,85.005980532342,249.419878084394,19.6205001672992,22.184018049683,2.86742003144088,621.294321355127,49.1256455939126,13.1841129852717,15.9558180497894,15.5130373601968,68.7092987102604,81.4140019279906,30.761927822316,28.4800800044011,21.40522087831,24.0115978370002,25.6755415202604,33.1770446401739,6.33410305139686,12.7789983817971,9.58435666288218,14.9194567986569,12.1879469038988,125.888216314207,31.0489846458302,41.7857114432103,45.4496210552568,21.2790577648803,23.9196224770755,29.4720707176607,922.198856147456,17.6155736533765,10.0123424890841,7.36501085246453,17.2802832052351,22.8728725148812,22.2985993818629,9.08641885198728,35.2891866823537,26.5471318160901,49.569941993518,36.4790086542619,18.4339734569084,6.4043975554522,"CC vs. BC","BC"
"LOC144619178",347.119554585091,24.770767387019,3.43443994747767,1.68480929491427e-13,7.01161468233488e-11,72.7138025924438,101.265189443363,0,0,0,1255.43759079959,0,0,0,0,0,13.7921750033578,0,0,2596.7872508134,202.752211482123,624.3431726409,86.3387285437635,1031.98110149477,562.050303886608,0,2119.10152716045,331.236973990643,412.098123836532,2944.57688537425,0,0,0,1597.28973496795,2144.93347111419,0,0,2.0021985272538,1731.18379719701,0,1516.10353810445,112.128067043277,0,0,0,0,0,0,90.2431230227444,226.130368336809,0,502.924196596941,0,0,0,577.073534332331,0,0,0,3.27504303959417,0,0,0,0,105.211940953096,0,0,497.184903128018,1120.86138703117,60.6876435933428,0,0,0,2862.84733520291,1047.75276154204,0,0,0,0,178.472902192594,0,1095.87307422749,0,1201.23327399465,0,743.917046938947,0,633.970390092063,182.982980119049,0,1134.79275440374,0,0,0,0,211.448519064538,0,"CC vs. BC","BC"
"LOC144617513",12.0066710183237,-19.5397536366558,2.15825312180689,6.72527083961414e-20,1.39941677387638e-16,2.8330052958095,6.01575382831857,0.950045191822,0,5.78071395079799,0,0,0,22.0649251641193,5.9877447161491,0,27.5843500067155,0,0,5.0092346659209,0,3.756577452713,3.52402973648014,0,0,0,11.6550583993825,23.6597838564745,0.594658187354303,185.362064077409,4.18003363143324,0,1.09092795971432,22.9525631412769,3.40465630335585,0,1.11421409211097,0,0,5.27658416924654,9.47564711315282,0,0.842916047393067,0,1.06927827011666,0.974432401510207,2.32430616697382,5.93913848276736,2.79102442338385,28.2662960421011,1.16303054273382,0,1.36315814933995,17.840761346294,0,0,0,0,0.987749318529613,1.63752151979709,0,0,10.6652131851353,7.63436652336227,0,1.80952516601859,2.03429142888579,142.052829465148,0.960463913480007,0,0,20.0579929960901,0,0,2.7126285088467,4.64302739196143,3.59680618040592,0,0,2.21705468562228,0,271.974966683784,1.13354118144849,0,4.06513238154843,181.223399052422,0,1.08001770032719,1.6337766082058,2.47762215354032,1.00960209466525,10.215290881734,0,0,0,4.33740551927257,9.6065963331783,"CC vs. BC","CC"
"LOC144619223",153.61540694433,25.1112735281996,3.99083298703768,9.02350361655134e-11,2.39698814154561e-08,379.622709638473,0,262.212472942872,0,143.36170597979,0,341.084022328663,511.780734883143,260.366116936608,0,0,533.651078976073,0,513.067062212503,0,0,0,353.283981082134,0,406.491076451764,699.441203270969,591.229326077766,0,372.256025283794,0,0,0,0,0,707.033625663566,0,0,0,212.282297454088,0,0,0,0,0,0,916.940889821105,0,0,413.071614660809,645.077256103664,0,1159.0911443042,0,0,0,146.576677720412,0,0,0,0,0,0,0,0,0,608.000455782247,0,0,0,0,0,0,0,0,0,0,0,0,0,0,841.029425945268,0,0,370.06692296046,0,179.220930554605,327.742982934672,0,0,334.478990727943,518.93547665794,0,0,267.44712889526,688.679466412278,0,429.094636215297,"CC vs. BC","BC"
"LOC111138182",1400.78507108843,7.1921040657741,1.69381055920255,1.81337568408719e-06,0.000308027148514674,137.872924396062,2340.12823921593,1721.48188758146,407.613413369136,1107.5847929729,11.6244221370333,4421.65352554278,249.699471455082,59.5752979431222,72.8508940464807,61.5339921944038,3472.44529122999,12284.6479371323,17.2348108753554,18.0332447973152,215.625367766702,1355.37314493885,93.3867880167238,31.0507588060374,12.0373211705534,68.0111712494801,63.5730458148136,87.0680045918262,200.994467325755,236.727455327775,207.956673163804,1.01435984742021,5777.55447464706,2380.80677674518,175.907242340052,3.71387901455181,7426.23692391959,5729.29108573675,5604.25265278792,6.78417964617412,20.0041439055448,57.142188012439,26.1303974691851,34.8290345308716,2628.28598794675,6295.80774615745,64.3058039529422,16.3326308276103,93.0341474461282,1049.89099584947,2750.56723356548,171.755298224313,17.0394768667494,4401.42076978571,2.15947946393415,60.0156475705624,35.1246952453314,5.73484006288177,568.943607473057,5308.84476718215,6.15258605979344,7692.83174240513,17.4521670302214,119.968616795693,22.5454159185205,18.0952516601859,110.868882874276,113.836856489194,485.994740220884,305.77235810492,12.8427269574867,2002.63224808331,19.8784419272399,4556.40315753419,153.263510749839,1772.47570688128,64.7425112473066,37.9487590115703,3739.14721107952,860.217218021446,29.3853654848347,15.946414984717,38.5404001692486,23.7476100295482,127.374147955184,17.0209822314429,2.7618790696742,11436.3074287647,223.010507020092,29.7314658424839,551.242743687228,50.1477916012395,29.7327876340209,9168.13369010346,15.4759430654444,150.724841794722,5181.15762236083,"CC vs. BC","BC"
"LOC111133339",1434.52188699132,6.89861343961385,5.0888112889514,0.000159501212676739,0.0181033876388098,0,2482.50107981946,1963.74341149607,321.892137596228,1500.67334162716,4.64976885481331,3894.64270409446,62.9407758626447,0,0,2.01750794080012,3868.17462017249,12279.4070463741,0,4.00738773273672,2.14552604742987,1466.56783753915,0,0,5.55568669410156,0,0,0,5.94658187354303,322.708653725127,0,0,5054.26923735646,2097.02963245302,11.3488543445195,1.8569395072759,7215.65046051061,7968.75013847013,4586.16408336525,8.2917751231017,0,4.31261796320295,0,2.0487667371101,2664.64144913071,6305.55207017255,3.09907488929842,3.7119615517296,2.79102442338385,686.467189593883,2362.11503229239,0,0,4916.70393572867,0,2.30829413732932,1.84866817080692,0.955806677146961,517.580642909517,5855.77695479438,1.75788173136955,8361.91237929296,9.69564835012302,45.8061991401736,1.25252310658447,1.80952516601859,0,0,402.434379748123,0,0,3983.09513548673,1.41988870908856,4475.89456156598,6.10341414490508,2125.92616709434,0,0,3096.18642532432,624.100894002673,0,0,2.26708236289698,13.8527725172365,8.80778682668826,6.00740549345044,0,13637.3835020315,1.6337766082058,0,51.4897068279279,0.928662807430361,0,10339.3676683689,6.63254702804762,0,6309.39899171299,"CC vs. BC","BC"
"LOC111135652",108.985443051387,1.81331478517366,2.17315251572145,0.00027729583002161,0.0280326999013749,3.77734039441266,25.0656409513274,22.801084603728,181.064327397878,24.2789985933516,180.178543124016,151.229192241691,3.09544799324482,35.3038802625909,11.9754894322982,41.3589127864026,88.0577327137457,4.1927126065298,1.32575468271965,120.221631982102,190.951818221258,33.809197074417,16.7391412482807,5.47954567165366,105.55804718793,2694.67419561098,31.7865229074068,35.0164801075823,44.5993640515728,169.729118914254,19.8551597493079,6.08615908452129,156.002698239148,34.4288447119153,15.8883960823273,4.64234876818976,17.8274254737755,34.0373749633146,1.73291671391092,7.53797738463791,23.1626929432624,11.8596993988081,10.1149925687168,14.3413671597707,2.13855654023332,5.84659440906124,6.19814977859684,25.2413385517613,13.0247806424579,44.418465209016,2.32606108546764,2373.71992995039,78.381593587047,4.197826199128,4.3189589278683,41.5492944719278,9.24334085403459,3.82322670858784,18.7672370520627,126.089157024376,80.8625596429995,9.57349082987364,24.2391208753075,5.45311894525876,12.5252310658447,42.5238414014369,25.4286428610724,44.7563709273754,28.8139174044002,3.50121020730824,3.21068173937167,24.280728363688,118.560707208895,32.5868126537994,27.8044422156787,20.8936232638264,15.2864262667252,4.82984205601803,43.1336376187977,14.4108554565448,1623.28812092087,11.51685526674,0,192.949331490079,12.8729192082367,52.0641809432372,9.20626356558067,20.5203363062167,8.98577134513189,21.0597883050927,17.1632356093093,18.5732561486072,30.7946729066645,24.2085763224158,9.94882054207142,33.6148927743624,18.1457930737812,"CC vs. BC","BC"
"LOC144619016",70.171160920778,42.0788950221288,5.57497131997323,1.13387081534791e-15,7.86465396089925e-13,0,0,0,0,0,0,0,299.226639346999,0,235.517958835198,0,0,58.6979764914172,0,0,0,0,0,252.059100896068,0,793.940935954457,0,0,0,1.11663894022535,264.387127188152,0,0,0,0,0,0,0,0,0,1.0528496792392,0,0,0,188.192975540532,0,0,0,0,0,0,747.701208437578,0,0,385.467084312246,0,0,0,0,0,0,0,0,0,0,0,1393.48962878677,0,0,0,286.820902050536,0,0,0,0,0,0,0,0,230.573687304718,172.259039049031,246.283520319518,0,0,0.677522063591404,0,0,0,0,0,0,378.894425431587,300.51353215814,0,218.874051925571,0,0,"CC vs. BC","BC"
"LOC111134466",134.737138296065,3.09371346853532,2.4154338203265,0.000109090091594535,0.0131850226356805,152.03795087511,9.02363074247786,51.302440358388,9.62177585206116,4.62457116063839,2.32488442740666,2943.40453817595,8.25452798198618,46.3363428446506,29.9387235807455,50.4376985200031,31.8280961615948,34.5898790038708,0,49.0904997260248,160.91445355724,35.3118280555022,64.3135426907626,236.533721493049,43.5195457704623,1.431814131568,101.716873303702,136.280355013293,73.1429570445793,41.315640788338,43.890353130049,20.2871969484043,24.0004151137151,94.940147538918,36.3163339024624,23.2117438409488,74.6523441714347,47.0516653904643,0,9.0455728615655,7.36994775467441,0,34.5595579431157,83.9994362215139,7.48494789081661,1.94886480302041,26.3421365590366,2.22717693103776,1.86068294892256,95.9035044285572,54.6624355084895,119.303081401319,2.7263162986799,3.148369649346,0,2.30829413732932,153.439458176974,5.73484006288177,0.987749318529613,39.3005164751301,10.5472903882173,0,44.5999824105659,43.6249515620701,47.5958780502099,1.80952516601859,97.645988586518,198.484775417056,0,68.8571340770621,46.0197715976606,8.44547073519582,9.93922096361994,15.3349706606115,87.4822694103061,94.021304687219,1.79840309020296,13.1095712949061,88.9631275887702,65.4031132258574,21.2790577648803,296.780501104455,32.8726942620062,51.4531550640212,31.1660149252046,30.0370274672522,30.3806697664162,21.6003540065439,4974.84977198666,99.1048861416129,136.296282779809,26.9312214154805,29.7327876340209,102.598252033095,18.7922165794682,49.8801634716345,164.379537256606,"CC vs. BC","BC"
"LOC111137249",282.125660836727,2.41575128167211,1.77312629203801,7.27215688272868e-05,0.00921755113511346,169.035982649967,287.753558121238,442.721059389052,310.520947952883,173.42141852394,242.950422663996,1513.60126607268,313.672063315475,67.2980217505639,65.8651918776401,216.882103636013,1186.12705028877,1791.33646113986,53.0301873087858,163.301050109021,207.043263576982,584.523451642143,289.851445825492,52.0556838807097,54.6309191586654,22.193119039304,178.004528281478,141.012311784588,33.8955166791953,193.178536658986,36.5752942750408,51.7323522184309,1161.83827709576,729.265528897843,47.6651882469819,16.7124555654831,1452.9351761127,265.291304861129,569.263140519738,126.638020061917,72.6466278675049,36.6572526872251,67.4332837914453,73.7556025359634,1566.49266572091,685.025978261676,75.9273347878113,92.7990387932401,28.8405857082997,445.194162663092,222.13883366216,186.153945979645,51.800009674918,711.531540752196,131.728247299983,46.1658827465864,51.7627087825937,24.850973605821,170.880632105623,111.351463346202,83.4993822400538,457.400117427296,35.8738988954552,186.49666792785,311.878253539533,214.428732173203,286.835091472897,118.701679416083,241.076442283482,21.0072612438494,54.5815895693184,669.303555764268,26.9778854726827,336.410918867165,302.458078736407,102.146602623151,189.731526016412,33.1189169555522,311.370946560696,404.612480126067,38.5049616697834,42.5237732925786,120.15536523354,83.1166351034188,56.2343312780866,78.0962714148558,24.8569116270678,739.812124724128,43.2950801174537,30.970276919254,56.5377173012542,39.9325007195055,200.696316529641,667.465032889463,5.52712252337301,99.760326943269,1175.20695142548,"CC vs. BC","BC"
"LOC111134820",10.9410328455202,-18.7341430420389,1.85073411591957,2.26150043797888e-24,1.12939331872665e-20,2.8330052958095,0,13.300632685508,0,0,0,0,0,5.51623129102983,2.99387235807455,4.03501588160025,72.1436846329483,0,0,1.00184693318418,0,0,3.52402973648014,1.82651522388455,0,0,0,1.89278270851796,6.54124006089734,0,7.31505885500817,6.08615908452129,18.5457753151435,56.3381095285887,3.40465630335585,0,12.2563550132206,14.0153896907766,16.4627087821538,3.76898869231896,9.47564711315282,0,11.8008246635029,0,3.20783481034998,0,0,1.48478462069184,11.1640976935354,0,4.65212217093528,1.02847483966655,2.04473722400992,6.296739298692,0,0,0,0,0,0,3.51576346273911,0,0,0,0,11.7619135791208,0,1.94592917075545,19.2092782696001,2.33414013820549,0,8.44547073519582,372.010841781204,1.91687133257644,3.39078563605838,6.38416266394697,0,0,66.048382603784,3.32558202843343,4.0531538599772,6.20138360516771,6.80124708869093,0.989483751231176,13.5504412718281,3.00370274672522,2.7618790696742,1.08001770032719,41.6613035092479,0,12.115225135983,0.928662807430361,0,104.903830730468,2.21084900934921,0,1.06739959257537,"CC vs. BC","CC"
"LOC144619248",5.46678019890038,-18.6720328860471,2.75373418875778,5.96154529287264e-12,1.86074732453787e-09,0,4.01050255221238,0,0,0,0,0,2.06363199549655,1.10324625820597,0,0,28.6452865454353,0,15.9090561926357,0,0,0,0,0,0,0,0,102.21026625997,2.37863274941721,2.2332778804507,5.22504203929155,0,0,6.25978994762097,0,1.8569395072759,31.197994579107,0,0,6.03038190771033,0,0,1.68583209478613,0,0,3.89772960604083,5.42338105627224,0,1.86068294892256,0,0,2.05694967933309,0,0,0,10.387323617982,0,0,0,0,0,0,0,0,0,0,3.05143714332869,0,1.92092782696001,16.3389809674385,8.56181797165778,0,115.720929790718,0,35.2641706150071,12.7683253278939,0,0,16.1751141070491,15.519382799356,0,0,11.3354118144849,3.9579350049247,1.35504412718281,0,0,0,16.337766082058,0,8.07681675732202,0,2.12377054528721,0,0,0,0,"CC vs. BC","CC"
"LOC144619070",138.253483893737,5.25905273635993,4.42162230302394,0.000200417319823452,0.0217583498956156,0,222.582891647787,139.656643197834,55.9812413210831,260.13212778591,0,1082.17253149574,41.2726399099309,0,0.997957452691516,6.05252382240037,538.955761669672,965.372077653486,2.65150936543929,0,1.07276302371494,257.701213256112,4.40503717060018,0,2.77784334705078,0.715907065784001,4.2382030543209,0,0,7.81647258157747,0,0,302.187044840868,181.533908481008,6.80931260671171,4.64234876818976,426.7439972785,162.178080707558,401.170219270378,0,0,2.15630898160147,0,0,212.786375753215,360.539988558777,0.774768722324605,0.742392310345921,0,237.234984639063,283.779452427052,0,12.2684233440595,379.903271021084,4.3189589278683,4.61658827465864,0,63.0832406916994,98.7749318529613,486.343891379735,0,112.754447551845,0,14.1781092576728,7.51513863950682,0,0,1.94592917075545,79.7185048188406,2.33414013820549,9.63204521811501,378.990499241912,0.709944354544282,462.92442681721,1.35631425442335,144.5142275748,3.59680618040592,85.5572021351766,386.854812393592,85.3566053964579,4.0531538599772,0,0,0,0,0,0,1618.94653279046,1.6337766082058,0,0,1.85732561486072,3.18565581793082,978.718157034809,0,1.08435137981814,1104.7585783155,"CC vs. BC","BC"
"LOC111132320",43.4993330580378,-22.8722688762212,4.36763947513216,4.98459756634003e-08,9.80042529381974e-06,0,2.00525127610619,304.01446138304,0,0,0,0,0,0,0,0,0,0,0,0,1.07276302371494,0,0,0,0,1.431814131568,19.0719137444441,19.8742184394386,18.4344038079834,1.11663894022535,0,0,0,0,0,0,0,0,0,289.458331570096,0,0,0,0,0,0,0,902.749049380639,499.593371785708,12.1141268751862,0,0,0,1.049456549782,0,0,1.84866817080692,0,0.987749318529613,0,0,0,11.6347780201476,0,0,1578.81070735122,0,16.5403979514214,0,306.939428174022,0,0,0,6.70904966401753,0,0,0,0,0,0,0,0,0,0,5.42017650873124,0,0,0,0,0,0,0,1.06188527264361,0,0,0,0,"CC vs. BC","CC"
"LOC111136443",133.609118404689,-22.7508848800277,3.58162678420125,7.6997755142514e-11,2.07472075620657e-08,277.634518989331,0,966.195960082974,0,0,0,0,0,0,0,159.38312732321,0,0,0,318.587324752569,0,320.81171446169,0,613.709115225209,0,0,1216.3642765901,200.634967102904,0,0,0,0,0,0,624.186988948573,0,0,818.899197646805,0,82.1639534925532,0,0,0,0,0,0,687.219856701925,2.96956924138368,4.65170737230641,1.00951057293218,621.05830981986,214.951241490308,1.36315814933995,0,0,0,0,0,0,0,0,0,0,57.8030608197429,0,107.666747378106,301.075131475097,1.94592917075545,0,1.16707006910275,504.077033081352,307.203997992748,0,0,525.571773589048,55.135950279542,0,0,756.186584504547,185.124066249461,0,1298.74690931084,159.829306584237,4.94741875615588,0,277.341886947629,0,155.522548847116,0,0,343.264712186186,113.296862506504,0,0,0,4.33740551927257,0,"CC vs. BC","CC"
"LOC111134917",45.8790909747934,18.6716504045434,2.79922603576961,1.26867489296349e-11,3.72691906791745e-09,4.72167549301583,0,283.113467162956,0,1.1561427901596,11.6244221370333,0,71.1953038446308,2.20649251641193,0,0,0,0,0,14.0258570645785,0,0,0,0,3.70379112940104,5.01134946048801,2.11910152716045,0,1.78397456206291,11.1663894022535,1.04500840785831,0,0,0,1.13488543445195,0,0,0,569.263140519738,0,12.6341961508704,140.160083804096,0,1.02438336855505,0,0,0,0,0,0,26.7497024828779,0,0,5.24728274891,196.512631218008,476.662739358505,0,0,4.93874659264807,0,7.03152692547822,0,0,22.9030995700868,12.5252310658447,0,713.01914582447,0,1.92092782696001,407.307454116859,2.14045449291445,0,0,0,0,0,4.4960077255074,1134.32290572766,0,1.10852734281114,0,1.77182388719077,0,16.82122377093,0,0,35.9044279057646,5.40008850163597,0,1.23881107677016,0,0,0,5.76394674343233,0,0,0,"CC vs. BC","BC"
"LOC144619165",247.601596554956,-5.34797997025733,3.07085173323533,6.44785907497845e-05,0.00821444087256183,550.547362485646,15.0393845707964,0.950045191822,14.8700172259127,2.3122855803192,1.16244221370333,1.30934365577222,0,0,2.99387235807455,11.0962936744007,31.8280961615948,0,0,2.00369386636836,107.276302371494,9.0157858865112,125.984063079165,0,2.77784334705078,9.30679185519201,91.1213656678994,42.5876109416541,55.8978696113045,7.81647258157747,7.31505885500817,11.1579583216224,0,7.30308827222446,2.2697708689039,8.35622778274156,1096.38666663719,27.0296801179263,669.772309926571,61.0576168155671,2.1056993584784,605.922823830014,2218.55503673855,0,25.6626784827998,25.3352424392654,4.64861233394763,2.96956924138368,1.86068294892256,59.5611238029987,32.564855196547,13.3701729156651,1894.78982758253,4.197826199128,658.641236499916,429.342709543254,0,66.9064674002873,0.987749318529613,9.82512911878252,1.75788173136955,20.2107028630666,69.8086681208857,0,12.5252310658447,8.14286324708366,2560.15576325277,71.9993793179518,23.0511339235202,5.83535034551373,8.56181797165778,7.38978689329634,0,0.958435666288219,2.7126285088467,0.580378423995179,1.79840309020296,13.1095712949061,1787.35010882893,1.10852734281114,3.0398653949829,10.6309433231446,10.2018706330364,2.96845125369353,8.13026476309685,3.00370274672522,1.84125271311613,6.48010620196316,7577.45590885849,7.43286646062097,2.01920418933051,0,1481.32995533783,9.22231478949172,1.1054245046746,9.75916241836328,13.8761947034798,"CC vs. BC","CC"
"LOC111137429",316.576490002557,7.44871812330914,5.01577500672592,0.000127162923967791,0.0149776330729987,0,940.462848493804,1141.95432057004,345.50922377856,438.178117470488,8.13709549592329,1546.98952929488,0,3.3097387746179,0,0,127.312384646379,2896.11623296046,0,22.040632530052,2.14552604742987,196.093343031619,2.64302230236011,1.82651522388455,25.000590123457,0,5.29775381790113,0.946391354258981,7.13589824825164,25.6826956251831,0,0,2606.22689575752,85.5504626174866,0,1.8569395072759,410.030785896835,824.905793228566,908.048358089323,0,16.8455948678272,8.62523592640589,0,0,1516.23658702542,1370.05195652335,1.54953744464921,0,0,83.7893775533711,17.4454581410073,2.05694967933309,0,625.476103670072,0,1.15414706866466,0,0,11.8529918223554,951.400003002107,0,0,5.81738901007381,0,0,0,6.10287428665738,0,66.2720100301205,0,1.07022724645722,1766.15906749782,0,610.523519425595,0,399.300355708683,0,0,393.594443271529,1121.82967092488,0,12.4027672103354,0,23.7476100295482,0,4.00493699563363,3.68250542623227,1731.26837362449,0,0,0,8.35796526687325,8.49508218114884,3809.96879740877,0,0,1972.55444707928,"CC vs. BC","BC"
"LOC111101009",319.741600051168,1.35993571466761,1.91254775228685,0.000374067497557339,0.0356047358634481,62.326116507809,436.142152553097,494.973544939262,259.787948005651,247.414557094154,169.716563200686,1810.16760410509,112.467943754562,22.0649251641193,44.9080853711182,53.4639604312033,991.975663703038,2451.6886966683,14.5833015099161,503.929007391643,77.2389377074753,1190.83505251002,128.627085381525,31.0507588060374,33.3341201646094,15.034048381464,33.9056244345672,38.8020455246182,17.8397456206291,82.6312815766761,35.5302858671825,61.8759506926331,999.290011098321,759.521180311344,108.949001707387,55.7081852182771,2091.37985089228,445.489172313971,430.629803406864,64.0728077694223,6.31709807543521,38.8135616688265,66.5903677440523,45.0728682164221,1409.30876001376,1197.57742145604,89.8731717896542,16.3326308276103,26.0495612849159,432.070525214974,86.0642601623026,38.0535690676622,65.4315911683175,515.283165942962,30.2327124950781,62.3239417078917,41.5950338431557,31.5416203458497,151.125645735031,284.928744444693,49.2206884783475,453.145232614019,7.75651868009841,115.606121639486,48.8484011567944,106.761984795097,32.5486628621727,35.9996896589759,332.320514064083,37.3462422112879,20.3343176826872,738.978689329634,24.1381080545056,544.391458451708,359.423277422188,184.560338830467,111.500991592584,33.1189169555522,908.502242345926,447.845046495701,32.4252308798176,35.4364777438155,37.4068589878001,74.2112813423382,58.9444195324522,73.0901001703137,11.9681426352549,3254.09333108583,52.2808514625856,90.4332086042217,123.171455549161,35.2891866823537,73.2700838124088,518.755206908909,54.1658007290555,118.194300400177,1168.80255387003,"CC vs. BC","BC"
"LOC111100591",25.3505446210361,-9.80053023023619,1.76688215945831,1.55260739056227e-08,3.12650052760805e-06,41.5507443385393,0,85.50406726398,0,6.93685674095759,0,0,0,0,0,6.05252382240037,16.9749846195172,0,0,12.0221631982102,2.14552604742987,15.7776253013946,0,52.0556838807097,0,32.9317250260641,139.86070079259,40.6948282331362,1.78397456206291,0,0,0,2.18185591942865,9.38968492143145,153.209533651013,0,2.22842818422193,69.0758491902562,13.8633337112874,777.919266094633,0,10.7815449080074,10.9579086161099,18.4389006339909,0,1.94886480302041,48.8104295064501,4.45435386207552,13.0247806424579,7.06657401052527,36.0539468247484,19.5410219536644,3.40789537334987,14.692391696948,36.7111508868806,18.4663530986346,0,24.850973605821,1.97549863705923,0,1.75788173136955,0,16.4826021952091,15.2687330467245,6.26261553292235,10.8571509961115,7.12002000110027,19.4592917075545,0,4.66828027641099,69.5647710197195,13.7238899446932,0,2.87530699886466,21.7010280707736,4.64302739196143,116.896200863192,0,10.7834094046994,13.3023281137337,10.132884649943,62.0138360516771,5.66770590724244,7.91587000984941,0.677522063591404,4.00493699563363,22.0950325573936,12.9602124039263,8.98577134513189,16.1045439980121,29.2784607452923,35.2891866823537,2.12377054528721,23.0557869737293,0,2.16870275963628,1.06739959257537,"CC vs. BC","CC"
"LOC111101279",1010.28904124314,11.3862290112856,4.35273233529942,2.64067779220581e-05,0.00366320691507661,2.8330052958095,2514.58510023716,698.28321598917,189.811396354297,490.20454302767,3.48732664110998,3833.75822410105,168.186007632969,4.41298503282386,0.997957452691516,0,6958.68275746335,7910.6005103701,0,35.0646426614463,0,1013.52459674197,0,0,24.0746423411068,7.15907065784001,0,0,8.32521462296025,283.62629081724,2.09001681571662,0,4747.71848067674,4687.5393724435,2.2697708689039,0,3618.96737117642,4276.69605421412,3745.69947711846,0,0,10.7815449080074,1.68583209478613,0,2308.57178518187,2309.40479157919,0,0,0,1318.42080824943,1043.23839683224,0,0,5335.43709909169,0,0,0,0,500.788904494514,1966.6633452763,1.75788173136955,6116.39691908594,1.9391296700246,4.36249515620701,0,0,12.2057485733148,0,680.968914657325,0,2.14045449291445,1707.04077235145,0,4717.42034947061,4.74709989048173,1248.39399001363,0,6.89977436574005,2492.31549866115,762.666811854066,0,6.20138360516771,4.53416472579395,0,4.74265444513983,0,0,5894.73660838582,0,0,56.5377173012542,0,0,6011.79645339992,2.21084900934921,0,3182.98558505974,"CC vs. BC","BC"
"LOC144618865",21.800745446747,-17.2472514008152,3.9557957590222,1.61711200732487e-06,0.00027657045769111,16.0536966762538,0,0,0,0,0,0,0,1.10324625820597,0,0,0,0,0,0,0,0,0,0,0,46.5339592759601,0,49.212350421467,0,0,4.18003363143324,0,13.0911355165719,0,0,0,0,187.20556229823,0,0,0,0,0,0,0,0,7.74768722324605,1.48478462069184,64.1935617378285,2.01902114586436,0,162.499024667314,81.7894889603969,0,0,2.30829413732932,0,389.96912427596,0,0,0,0,395.582452685019,0,0,0,0,201.403669173189,0,0,4.28090898582889,1.05568384189948,0,0,0,0,0,4.13986461944403,2.69585235117486,0,284.734058663398,0,5.66770590724244,0,0,59.072820685596,0,0,0,0,0,17.6445933411769,0,0,0,0,0,"CC vs. BC","CC"
"LOC111102174",11.7603832839891,21.8338397771391,2.77529355670294,1.46549829428329e-15,9.89013308331183e-13,0,5.01312819026548,20.900994220084,18.3688448084804,5.78071395079799,0,27.4962167712166,0,4.41298503282386,0,0,44.5593346262327,118.444131134467,0,0,1.07276302371494,5.2592084337982,0,0,0,0,2.11910152716045,0.946391354258981,0,0,0,0,44.7280463482873,8.34638659682796,0,0,57.9391327897702,15.0164889544035,2.59937507086638,0,0,0,0,0,20.3162871322165,8.76989161359186,0,0.742392310345921,0,9.08559515638963,432.647361896981,0,0,9.445108948038,0,0,0.924334085403459,0,2.96324795558884,22.9253012771592,0,20.2107028630666,0,0,0,0,0,0,8.64417522132007,0,0,8.44547073519582,0,10.5427923291704,0,8.1252979359325,0,0,17.5230402826366,2.21705468562228,0,0,0,0,0,0,0,74.5212213225764,0,0,0,0,0,4.61115739474586,0,0,36.2915861475624,"CC vs. BC","BC"
"LOC111099953",24.0150859375909,-6.68422074553056,2.95091347454414,3.28215346463832e-05,0.00447843562907207,5.666010591619,2.00525127610619,0,0,0,0,1.30934365577222,55.7180638784067,0,31.9346384861285,0,95.4842884847844,5.24089075816225,3.97726404815894,2.00369386636836,0,0,36.1213047989215,0,0,15.034048381464,4.2382030543209,0,2.37863274941721,4.46655576090141,0,1.01435984742021,3.27278387914297,3.12989497381048,14.7535106478754,1.8569395072759,8.91371273688773,8.00879410901521,13.8633337112874,1361.35871566561,2.1056993584784,0,1.68583209478613,1.02438336855505,5.3463913505833,0,0,19.3022000689939,0,0,13.9563665128058,26.7403458313302,0,2.098913099564,0,3.46244120599398,5.54600451242075,9.55806677146961,45.4364686523622,0,9.66834952253255,17.0195392531087,4.84782417506151,4.36249515620701,0,0,2.03429142888579,14.5944687806659,2.88139174044002,0,28.896135654345,4.22273536759791,8.51933225453138,11.5012279954586,0,3.48227054397107,0,1.37995487314801,0,13.3023281137337,22.2923462298746,1.77182388719077,0,11.8738050147741,0,7.00863974235885,174.919007746033,6.48010620196316,4.0844415205145,0,0,8.35796526687325,22.2995907255157,1.15278934868647,4.42169801869841,0,0,"CC vs. BC","CC"
"LOC111132484",13.7220484286343,1.43455684150446,2.04127599370314,0.000409422881374198,0.0384334186011795,28.330052958095,17.0446358469026,20.900994220084,1.74941379128385,1.1561427901596,4.64976885481331,81.8339784857636,1.03181599774827,18.7551863895014,55.8856173507249,2.01750794080012,0,39.8307697620331,3.97726404815894,5.0092346659209,19.3097344268688,1.5026309810852,26.4302230236011,3.6530304477691,25.000590123457,1.431814131568,10.5955076358023,34.0700887533233,0,8.93311152180282,7.31505885500817,0,4.3637118388573,31.2989497381048,13.6186252134234,1.8569395072759,6.68528455266579,14.0153896907766,10.3975002834655,2.26139321539137,6.31709807543521,19.4067808344133,2.5287481421792,4.09753347422019,19.2470088620999,0,2.32430616697382,31.1804770345287,0,31.2948277608976,10.4672748846044,30.8542451899964,1.36315814933995,14.692391696948,28.073233031144,12.6956177553113,35.1246952453314,36.3206537315845,7.90199454823691,3.27504303959417,5.27364519410866,0,12.6043428551599,17.449980624828,43.8383087304565,9.95238841310225,37.6343914343871,0.972964585377727,57.6278348088004,0,17.1236359433156,2.11136768379895,5.67955483635425,20.1271489920526,25.091813706832,16.250595871865,8.9920154510148,9.65968411203607,0,3.32558202843343,0,7.97320749235849,15.8695765402788,14.8422562684676,5.42017650873124,0,0,24.8404071075255,28.5910906436015,2.47762215354032,24.2304502719661,3.71465122972145,22.2995907255157,3.4583680460594,2.21084900934921,2.16870275963628,8.53919674060293,"CC vs. BC","BC"
"LOC144619537",100.072611934844,21.6121618953497,3.11550409585449,1.62414587765747e-12,5.5554688445352e-10,0,0,570.977160285022,6.99765516513539,233.540843612239,0,13.0934365577222,0,202.997311509898,473.031832575779,0,335.255946235465,340.657899280546,338.06744409351,0,16.091445355724,441.773508439049,117.173988737965,223.748114925858,0,0,0,350.164801075823,0,0,0,0,132.002283125433,0,103.274574535128,0,0,0,357.847301422605,0,0,0,0,0,217.063488833682,381.977501392001,0,164.811092896794,66.9845861612123,0,0,0,0,0,0,4.61658827465864,0,0,141.248152549735,29.4753873563476,0,0,0,0,366.98927022925,0,0,0,137.346339627641,0,138.059314792982,0,320.894848254015,0,0,226.34758535812,0,0,253.410121010436,0,203.670981463854,0,213.105742112316,0,249.328119401637,304.375211668156,303.806697664162,118.801947035991,32.675532164116,292.359414117758,0,261.882911695362,208.129513438147,0,301.780889776167,10.8435137981814,0,"CC vs. BC","BC"
"LOC111131584",6.23016579688842,-16.158697596845,2.44493987901511,2.15774656863618e-11,6.12923015761066e-09,16.0536966762538,3.00787691415929,17.100813452796,0,1.1561427901596,0,0,0,0,1.99591490538303,5.04376985200031,10.6093653871983,0,1.32575468271965,0,22.5280234980136,6.7618394148834,0,0,0,0,0,1.89278270851796,0,74.8148089950986,1.04500840785831,0,0,16.6927731936559,0,0,4.45685636844386,0,0.866458356955461,9.79937060002929,0,12.9378538896088,0,3.07315010566514,0,0,3.09907488929842,0,0.930341474461282,9.08559515638963,0,21.5979716329974,5.45263259735979,2.098913099564,0,0,6.47033859782421,0,0,0,0,0,0,3.27187136715526,0,7.23810066407436,0,17.5133625367991,0,0,0,1.05568384189948,0,5.75061399772931,1.35631425442335,2.90189211997589,10.7904185412178,0,0,2.21705468562228,0,213.504778406488,0,0,1.35504412718281,29.0357932183438,0,0,0,0,0,0,0,2.30557869737293,1.1054245046746,0,13.8761947034798,"CC vs. BC","CC"
"LOC111131288",461.546666485446,11.7874982932491,2.28732170200797,1.14760712392757e-07,2.15456766048658e-05,7.55468078882533,12.0315076566371,1383.26579929283,3.49882758256769,6.93685674095759,4518.41288466483,3137.18739923023,10.3181599774827,0,43.9101279184267,0,381.937153939138,49.2643731267251,0,0,0,3075.13430279086,5.28604460472022,1.82651522388455,0,0,0,0,1.78397456206291,8.93311152180282,44.9353615379073,0,45.8189743080016,29.2123530888979,0,1.8569395072759,472.426775055049,542.59580088578,34.6583342782184,0,0,0,0,0,476.89810847203,42.8750256664491,0,4.45435386207552,4.65170737230641,61.5801449488631,20.9345497692088,0,5.45263259735979,11.544022047602,0,0,0,0,15.8039890964738,9.82512911878252,3.51576346273911,1658.34135597478,0,4.36249515620701,0,2796.62114408173,1.0171457144429,1.94592917075545,72.9952574244806,0,2.14045449291445,1109.52371783635,0,9.58435666288218,56.9651986857807,13.9290821758843,0,2.75990974629602,202.188926338114,9.97674608530028,10.132884649943,3.54364777438155,18.1366589031758,0,1.35504412718281,8.00987399126726,1.84125271311613,14349.1151665471,20.4222076025725,2.47762215354032,6.05761256799152,3.71465122972145,2.12377054528721,110.667777473901,0,4.33740551927257,7501.68433661967,"CC vs. BC","BC"
"LOC111131071",2742.39805337563,4.07447141196076,3.50926331043641,0.000181904097576695,0.0200094507334364,13.2206913804443,1842.82592274159,784.737328444972,97.9671723118954,5962.22836885305,15.1117487781433,3300.85535620176,39.2090079144344,27.5811564551492,27.9428086753625,2.01750794080012,2059.27782165518,9995.42685396704,2.65150936543929,166.306590908574,9.65486721343441,1181.06795113297,38.7643271012816,10.045833731365,59.2606580704167,52.9771228680161,75.228104214196,8.51752218833083,4.75726549883443,249.010483670254,14.6301177100163,18.2584772535639,4914.63045851303,4814.82176804513,36.3163339024624,15.7839858118452,27972.3447824458,3187.50005538805,4157.2671966723,42.2126733539723,0,100.268367644469,44.6745505118325,9.21945031699543,1664.86626657164,3743.76928660222,1.54953744464921,20.7869846896858,4.65170737230641,411.88031375633,26719.4636887668,59.6515407006596,14.9947396427394,15491.0281313321,0,28.8536767166165,9.24334085403459,18.1603268657923,649.939051592486,32224.7859880869,7.910467791163,821.192768962494,19.391296700246,25.0843471481903,106.46446405968,25.3333523242603,19.325768574415,18.4863271221768,414.920410623363,45.5157326950071,44.9495443512034,3476.36689137498,9.22927660907566,11977.5705216039,141.73483958724,7207.13926917213,3.59680618040592,60.0280369819384,3204.02051937132,427.891554325101,34.4518078098062,137.316351257285,27.2049883547637,28.6950287857041,58.9444195324522,100.123424890841,30.3806697664162,27242.3664730531,17.1546543861609,9.91048861416129,69.6625445319025,17.6445933411769,63.7131163586163,24108.2836490801,90.6448093833174,11.9278651779996,19777.847050829,"CC vs. BC","BC"
"LOC111128875",67.911046425417,23.3423732989534,3.99258164334112,1.68289739454333e-09,3.75195963765598e-07,0,96.2520612530972,3.800180767288,1.74941379128385,73.9931385702143,0,12.4387647298361,0,0,0,0,42.4374615487931,463.294743021543,0,0,0,75.13154905426,0,0,0,0,0,0,0,22.3327788045071,0,0,164.730121916863,304.64311078422,0,0,992.76475607087,322.353962887862,72.7825019842587,0,0,0,0,0,87.6808181495661,153.960319438613,0,0,0,4.03804229172873,0,0,0,153.220656268172,0,0,0,0,17.779487733533,85.1511190294485,3.51576346273911,80.8428114522663,0,0,0,0,0,0,0,0,0,97.1229134547519,0,954.601923623066,0,66.1631403354504,0,0,156.359436368142,13.3023281137337,0,0,0,0,0,0,0,1361.90232011259,0,0,0,0,0,137.181932493689,0,0,226.288713625978,"CC vs. BC","BC"
"LOC111128455",263.114686045915,4.29242347947216,3.62821491115131,0.000178100955381881,0.0198534859637749,0,320.840204176991,58.902801892964,44.6100516777381,195.388131536972,4.64976885481331,324.062554803624,33.0181119279447,0,3.99182981076607,6.05252382240037,832.835182895064,1997.82755701145,0,2.00369386636836,8.58210418971948,356.874858007735,4.40503717060018,5.47954567165366,5.55568669410156,1.431814131568,4.2382030543209,11.3566962511078,4.75726549883443,84.8645594571268,2.09001681571662,4.05743938968086,604.374089681736,2077.20696428556,4.5395417378078,0,2724.25345521131,1148.26085538006,456.623554115528,7.53797738463791,2.1056993584784,0,3.37166418957227,12.2926004226606,259.834619638348,670.409492239022,3.09907488929842,0,0,102.970078439083,23.2606108546764,14.3986477553316,5.45263259735979,586.646211328138,0,23.0829413732932,1.84866817080692,3.82322670858784,172.856130742682,429.030638186837,5.27364519410866,12.7646544398315,0,2.18124757810351,1.25252310658447,5.42857549805577,10.171457144429,3.89185834151091,9.60463913480007,2.33414013820549,0,308.259681834647,0,4005.30264941847,1.35631425442335,343.584027005146,5.39520927060888,15.1795036046281,633.525302526091,221.705468562228,32.4252308798176,5.31547166157232,2.26708236289698,18.8001912733923,1.35504412718281,9.01110824017567,7.36501085246453,2992.72904760665,0,2.47762215354032,12.115225135983,5.57197684458217,0,507.227313422045,4.42169801869841,2.16870275963628,1360.93448053359,"CC vs. BC","BC"
"LOC144619917",8.74852000742048,20.5231035684074,2.94254803106691,1.3547332870506e-12,4.69829030245188e-10,0,5.01312819026548,2.850135575466,0,2.3122855803192,0,59.5751363376359,0,0,0,0,2.12187307743965,16.7708504261192,0,18.0332447973152,0,82.644703959686,2.64302230236011,0,0,0,0,0,0,0,2.09001681571662,0,26.1822710331438,2.08659664920699,0,0,85.7944850925444,10.010992636269,0,0,0,0,0,0,45.9789656150163,13.6420536211429,0,0,0,2.01902114586436,4.65212217093528,0,0,2.098913099564,0,0,1.84866817080692,0,0,16.3752151979709,0,237.209828340202,0,0,0,0,0,0,0,0,0,19.0023091541906,0,5.75061399772931,2.7126285088467,2.32151369598072,0,0,9.43548322911199,1.10852734281114,0,0,0,0,0.677522063591404,6.00740549345044,0,20.5203363062167,0,0,0,0,0,33.4308911119075,0,2.16870275963628,59.7743771842205,"CC vs. BC","BC"
"LOC111130898",362.241824474419,1.81812684227652,2.40080020706723,0.000387611842436278,0.036661620097098,20.7753721692697,606.588511022123,470.27236995189,174.941379128385,258.97598499575,258.062171442139,1711.96682992218,160.963295648731,22.0649251641193,13.9714043376812,3.02626191120019,1596.70949077334,2104.74172847796,11.9317921444768,387.714763142278,98.694198181774,528.174789851448,51.9794386130821,50.2291686568252,5.55568669410156,17.8976766446,14.8337106901232,11.3566962511078,13.0824801217947,85.9811983973521,20.9001681571662,59.8472309977926,967.653100266605,1003.65298826856,27.2372504268468,13.9270463045693,1738.17398369311,282.309992342786,1483.37670710775,6.78417964617412,6.31709807543521,17.2504718528118,35.4024739905088,37.9021846365368,1485.22751719204,986.12559032833,47.2608920618009,21.5293770000317,51.1687810953705,492.641159590905,628.036493076263,86.3918865319898,12.2684233440595,779.746216488026,0,13.8497648239759,5.54600451242075,24.850973605821,308.177787381239,453.593460983793,54.4943336724562,316.988918589149,11.6347780201476,78.5249128117262,13.7777541724292,126.666761621301,4.06858285777158,36.9726542443536,264.127576207002,43.1815925568016,14.9831814504011,372.656396190515,53.2458265908211,729.369542045334,1209.83231494563,693.552216674239,16.1856278118266,12.4195938583321,562.085215219957,601.93034714645,44.5846924597491,78.8461629799895,66.8789297054608,24.7370937807794,11.5178750810539,32.039495965069,29.4600434098581,2500.24097625745,6.53510643282319,4.95524430708064,37.3552775026144,8.35796526687325,11.6807379990797,2041.58993652373,8.84339603739682,72.6515424478155,3351.63472068665,"CC vs. BC","BC"
"LOC111131323",1580.13525213468,6.61125008791357,5.40856565627375,0.00021140268566136,0.0225586541066845,0,2476.48532599115,1501.07140307876,245.79263767538,2328.47157938143,18.5990754192532,15035.1931992324,480.826254950695,14.3422013566776,3.99182981076607,0,2637.48823525749,8456.7013273706,0,4.00738773273672,4.29105209485974,2328.32670519152,0.881007434120036,3.6530304477691,16.6670600823047,2.863628263136,0,0,0,334.991682067606,0,2.02871969484043,2451.31512547809,2885.76316585327,2.2697708689039,5.57081852182771,7000.6071407332,5111.61284007896,5600.7868193601,1.50759547692758,0,0,3.37166418957227,0,2241.20725416452,4861.44325113442,2.32430616697382,0,0,3417.19328937543,4391.6033293629,4.11389935866618,0,7158.34312606302,0,4.61658827465864,0,0,594.625089754827,7352.47162388892,0,1070.10353053921,0,16.3593568357763,0,1.80952516601859,2.03429142888579,0,752.043244254846,3.50121020730824,1.07022724645722,3190.27657022022,2.12983306363284,4228.61815966362,2.7126285088467,2697.0185363056,0,0,8967.75284618316,1482.1010573385,0,3.54364777438155,0,0,2.71008825436562,0,0,14013.2296617453,0,0,2.01920418933051,0,0,9545.09580712393,4.42169801869841,0,10396.4720316841,"CC vs. BC","BC"
"LOC111131412",691.043191903412,8.33960343419825,4.03297653557867,4.98383596003328e-05,0.00648158249593912,0,657.722418562831,918.693700491874,143.451930885275,743.399814072622,4.64976885481331,4786.96040550323,175.408719617206,2.20649251641193,1.99591490538303,0,2417.87437174249,2315.42553695608,0,0,7.50934116600455,1477.08625440675,7.92906690708032,0,1.85189556470052,4.29544239470401,0,1.89278270851796,0,53.5986691308169,0,0,2637.86380658924,1867.50400104026,0,5.57081852182771,2582.74826551322,1605.76321885755,2544.78819437819,0,6.31709807543521,0,1.68583209478613,3.07315010566514,700.377266926412,2118.41604088319,0,0,37.2136589784513,1009.51057293218,1315.38754383195,8.22779871733236,2.7263162986799,3189.2984547875,21.5947946393415,0,1.84866817080692,0,417.817961738026,3805.60001200843,7.03152692547822,530.796880456327,0,22.9030995700868,15.0302772790136,5.42857549805577,13.2228942877576,0,453.338967162563,2.33414013820549,14.9831814504011,1665.86910251737,1.41988870908856,2750.71036224719,2.7126285088467,1264.64458588549,0,3.44988718287002,3380.59884837327,850.240471936146,0,3.54364777438155,2.26708236289698,0,0,6.00740549345044,3.68250542623227,6352.66411332455,0,7.43286646062097,0,5.57197684458217,15.9282790896541,4017.47088017233,23.2139145981667,0,4548.18966396364,"CC vs. BC","BC"
"LOC111128984",495.508820455165,3.01843070841649,2.60851470230651,0.00014669930827811,0.0168805609571631,10.3876860846348,1185.10350417876,648.880866014426,145.201344676559,329.500695195485,397.555237086538,1725.71493830778,63.9725918603929,125.77007343548,37.9223832022776,47.4114366088029,641.866605925495,3090.02919101246,26.5150936543929,5155.50431816579,109.421828418923,706.987876600586,83.6957062414034,29.2242435821528,51.8530758116146,28.63628263136,8.47640610864181,5.67834812555389,1.18931637470861,53.5986691308169,124.356000535139,76.0769885565161,682.920902781167,451.748174553313,69.228011501569,16.7124555654831,3439.57890234655,739.81235582028,2609.77257114985,1.50759547692758,56.8538826789169,67.9237329204464,40.4599702748672,18.4389006339909,1299.17309819174,909.145430609023,32.5402863376334,43.0587540000634,20.4675124381482,371.499890839043,3620.51407953038,32.9111948693294,2.7263162986799,613.93208162247,60.4654249901562,4.61658827465864,36.9733634161384,42.0554937944663,142.235901868264,630.445785121878,356.84999146802,457.400117427296,8.72608351511071,145.052963943883,25.0504621316894,80.5238698878273,20.3429142888579,72.9723439033295,199.776494003842,16.3389809674385,40.6686353653745,685.138813392761,1.41988870908856,636.401282415377,3295.16548112153,601.272047259005,26.9760463530444,16.5594584777761,678.006866320476,942.248241389471,6.07973078996579,42.5237732925786,61.2112237982184,88.0640538595747,12.1953971446453,29.0357932183438,96.665767438597,2262.63708218547,65.351064328232,32.2090879960242,53.5089110172584,93.7949435504665,76.4557396303396,1233.48460309452,72.9580173085238,55.3019203707252,2030.19402507835,"CC vs. BC","BC"
"LOC111128193",50.4777974965165,-15.2624893493037,5.23999065603188,1.85820785527905e-05,0.00263633239467715,0,0,0,0,2.3122855803192,0,0,0,0,0,0,0,0,0,7.01292853228926,0,18.782887263565,0,0,0,0,0,0,0,3.34991682067606,1.04500840785831,0,15.2729914360005,1.04329832460349,0,0,127.02040650065,18.0197867452842,52.8539597742831,0,0,0,1.68583209478613,0,0,5.84659440906124,0,0,0,0,3890.33716544463,0,0,0,0,0,0,1.91161335429392,0,129.36420006397,0,4.25488481327717,0,0,0,0,0,0,0,0,0,6.33410305139686,0,23.0024559909172,0,5.22340581595661,0,0,0,0,6.07973078996579,14.1745910975262,0,0,0,14.0172794847177,0,287.284708287033,0,0,0,0,0,2.30557869737293,0,5.42175689909071,0,"CC vs. BC","CC"
"LOC111130715",207.367033599363,21.9799621813623,2.65290666749009,4.7298384044633e-17,4.54246403690187e-14,0,3.00787691415929,63.653027852074,0,27.7474269638304,0,3.92803096731665,0,0,3.99182981076607,0,19.0968576969569,156.178544593235,0,282.520835157939,0,9.7671013770538,0,0.913257611942276,0,0,5.29775381790113,0,0,5.58319470112676,0,0,216.003736023436,40.6886346595363,0,0,937.054051465322,37.0406727541953,51.1210430603722,0,0,5.39077245400368,0,0,1.06927827011666,28.258539643796,0,0,0,3.02853171879654,15296.1776980352,0,8.17894889603969,2.098913099564,5.39869865983538,2.30829413732932,0,1.91161335429392,7.90199454823691,653.371086399037,0,142.538641244785,0,2.18124757810351,0,0,0,0,0,9.33656055282198,0,29.5591475731854,0,110.220101623145,0,0.580378423995179,0,0,25.6105973361611,8.86821874248914,1.0132884649943,32.7787419130293,1.13354118144849,0,0,58.0715864366876,0,281.884619785398,0,0,2.01920418933051,5.57197684458217,6.37131163586163,386.184431809966,1.1054245046746,7.59045965872699,86.4593669986047,"CC vs. BC","BC"
"LOC111130714",207.960034446252,21.9081397400122,3.53980596469771,2.34642539013634e-10,6.04023113316541e-08,0,6.01575382831857,22.801084603728,0,35.8404264949475,0,9.16540559040553,0,0,0,0,0,205.44291771996,0,1435.64665525293,0,0.7513154905426,0,0,0,0,0,0,0,0,0,0,278.186629727153,8.34638659682796,0,0,420.058712725834,75.0824447720176,21.6614589238865,0,0,0,0,0,26.7319567529165,38.0028636588981,0,0,0,0,14587.8920975103,0,0.681579074669974,2.098913099564,0,0,0,0,0,307.854045721852,0,53.1860601659646,0.969564835012302,0,0,0,0,0,0,3.50121020730824,0,16.8909414703916,0,130.347250615198,0,20.8936232638264,0,0,59.3087517258468,1.10852734281114,0,9.74503137954926,0,0,0,16.0197479825345,0,369.3660535119,0,2.47762215354032,0,8.35796526687325,0,911.856374810994,0,8.67481103854514,37.3589857401378,"CC vs. BC","BC"
"LOC111129282",11.0379925192392,-17.1897743069624,4.11815618150042,2.45479996506866e-06,0.000411384933743385,3.77734039441266,0,1.900090383644,0,0,0,0,0,0,0,0,31.8280961615948,0,0,0,0,0.7513154905426,0,0,0,0,0,17.0350443766617,0,60.298502772169,6.27005044714986,0,0,6.25978994762097,0,0,45.6827777765496,0,0,3.01519095385517,0,0,0,0,0,0,4.64861233394763,0,9.30341474461282,0,0,0,0,0,0,0,0,0,0,0,0,0,0,4.36249515620701,0,0,0,107.999068976928,0,0,0,19.0023091541906,4.25966612726569,0,0,0,0,0,0,1.10852734281114,0,503.19798396218,0,0,2.71008825436562,168.207353816612,0,0,0,0,0,2.78598842229108,0,4.61115739474586,2.21084900934921,0,4.26959837030146,"CC vs. BC","CC"
"LOC111130504",143.73616115742,5.10111072036459,1.63089954203432,8.688341203415e-06,0.00131483563545014,3.77734039441266,72.1890459398229,408.51943248346,43.7353447820962,159.547705042025,36.0357086248032,1289.04882910775,45.399903900924,7.72272380744176,0.997957452691516,6.05252382240037,1184.00517721133,1756.74658213599,19.8863202407947,3.00554079955254,50.4198621146019,126.972317901699,4.40503717060018,16.438637014961,33.3341201646094,16.465862513032,10.5955076358023,12.3030876053668,19.0290619953377,20.0995009240563,4.18003363143324,12.1723181690426,100.365372293718,60.5113028270027,29.5070212957507,9.28469753637951,743.180799438014,33.0362756996877,254.738756944905,19.5987412000586,10.528496792392,28.0320167608192,15.1724888530752,0,296.190080822315,494.037227565675,17.0449118911413,8.90870772415105,51.1687810953705,125.179311043591,282.616421884318,40.1105187469953,98.1473867524763,187.852722410978,8.6379178557366,61.169794639227,48.9897065263833,7.64645341717569,63.2159563858953,519.094321775676,59.7679788665649,419.106154107801,6.78695384508611,28.3562185153456,95.1917561004198,21.7143019922231,4.06858285777158,3.89185834151091,116.216133531081,26.8426115893632,24.6152266685161,96.0672296128524,26.9778854726827,220.44020324629,31.8733849789487,207.195097366279,3.59680618040592,5.51981949259204,522.995356127922,146.325609251071,14.1860385099202,32.7787419130293,26.0714471733152,13.8527725172365,18.2930957169679,50.0617124454204,0,936.375346183677,13.8871011697493,35.9255212263347,20.1920418933051,5.57197684458217,2.12377054528721,470.338054264078,6.63254702804762,13.0122165578177,519.823601584203,"CC vs. BC","BC"
"LOC111131665",379.000732405287,-21.2068666763954,2.99494595930633,6.01562875694055e-13,2.17696014580878e-10,75.5468078882533,43.1129024362831,0,0,6063.96893438709,0,0,136.199711702772,1573.22916420171,27.9428086753625,0,16.9749846195172,0,147.158769781881,0,0,12.7723633392242,153.295293536886,0,0,96.6474538808401,208.731500425305,363.414280035449,260.460286061185,0,1.04500840785831,0,0,196.140085025457,3969.82924971292,178.266192698487,0,0,42.4564594908176,250.260849169979,0,0,0,83.9994362215139,0,0,0,2029.70057648575,0,0,0,121.360031080652,430.757975191424,0,165.200178990963,38.0868532659338,0.924334085403459,149.105841634926,2087.11431005307,0,4291.86824713877,114.881889958484,368.434637304675,63.2561797650016,0,1522.71542720464,0,384.321011224202,0,0,0,0,163.997145899729,0,3289.74022410384,2864.7479008402,72.8353251532199,0,86.2672752375954,24.3876015418451,0,0,95.217459241673,0,0,98.1209563930239,46.9519441844614,1938.63177208731,0,35.9255212263347,65.6241361532414,0,94.5077892652809,144.098668585808,0,177.833626290175,0,"CC vs. BC","CC"
"LOC144619904",26.6500245875775,22.5422552352324,3.02654135497629,3.58126714753071e-14,1.71969693603542e-11,0,441.155280743362,15.200723069152,6.12294826949346,23.122855803192,4.64976885481331,45.1723561241415,0,0,0,3.02626191120019,0,241.080974875463,0,4.00738773273672,0,158.527568504489,0,0,0,5.72725652627201,0,0,0,0,0,0,109.092795971432,17.7360715182594,0,0,244.012886172302,19.0208860089111,26.8602090656193,0,0,0,0,0,178.569471109482,89.6477809389391,0,0,0,5.04755286466091,30.2387941110793,0,0,73.46195848474,0,0,0,0,0,81.8760759898543,0,34.0390785062174,0,0,2.50504621316894,3.61905033203718,0,0,11.5255669617601,0,0,144.628686340228,1.41988870908856,9.58435666288218,5.4252570176934,13.9290821758843,0,0,2.69585235117486,90.8992421105136,0,1.77182388719077,0,0,0,0,0,48.6007965147237,0,4.95524430708064,0,0,0,99.139883987036,0,0,153.705541330853,"CC vs. BC","BC"
"LOC111131677",40.8664248341189,2.24692767459033,2.49638020214886,0.000258466082232563,0.0265592513306465,1.88867019720633,40.1050255221238,108.305151867708,23.6170861823319,32.3719981244687,27.8986131288799,75.9419320347886,0,1.10324625820597,7.98365962153213,0,283.270055838194,449.668427050321,47.7271685779072,48.0886527928406,23.6007865217286,55.5973463001524,17.6201486824007,3.6530304477691,0.925947782350261,1.431814131568,24.3696675623452,8.51752218833083,17.2450874332748,27.9159735056338,4.18003363143324,1.01435984742021,141.820634762862,80.3339709944691,0,5.57081852182771,245.127100264412,24.0263823270456,89.2452107664125,7.53797738463791,2.1056993584784,5.39077245400368,3.37166418957227,3.07315010566514,175.361636299132,115.957455779715,3.87384361162303,2.22717693103776,2.79102442338385,99.941546720286,60.4775882221586,5.14237419833273,16.3578977920794,58.769566787792,0,0,0,18.1603268657923,42.4732206967734,62.2258177522893,7.910467791163,36.166520912856,5.81738901007381,7.63436652336227,0,16.2857264941673,1.0171457144429,5.83778751226636,20.1697421830802,12.8377707601302,9.63204521811501,146.740054024027,6.38949919089853,135.139428946639,27.8044422156787,13.9290821758843,1.79840309020296,3.44988718287002,45.8294899699725,28.8217109130897,3.0398653949829,16.8323269283124,1.13354118144849,19.7896750246235,18.2930957169679,12.0148109869009,2.7618790696742,88.5614514268299,13.0702128656464,4.95524430708064,19.1824397986398,1.85732561486072,4.24754109057442,207.502082763564,8.84339603739682,30.361838634908,168.649135626908,"CC vs. BC","BC"
"LOC111130134",3779.57263028681,4.55049736281805,3.99649499501437,0.000208269499550515,0.0223196970119157,6.61034569022216,755.979731092034,1287.31123491881,38.4871034082446,9030.63133393662,29.0610553425832,2366.63865780828,48.4953518941688,18.7551863895014,15.9673192430643,24.2100952896015,269.477880834836,13203.900176114,15.9090561926357,5969.00402791135,0,72.1262870920896,0,12.7856065671919,48.1492846822136,39.3748886181201,21.1910152716045,0.946391354258981,6.54124006089734,353.974544051437,9.40507567072478,20.2871969484043,5264.81833358133,14253.5417107329,18.1581669512312,0,9085.30170707281,2576.82950457564,8245.21772478816,9.0455728615655,0,12.9378538896088,33.7166418957227,9.21945031699543,397.771516483397,8189.12990229178,11.6215308348691,8.16631541380513,5.58204884676769,709.685932771324,9905.53113246394,6.17084903799927,3.40789537334987,13439.3405765083,0,12.6956177553113,1.84866817080692,0.955806677146961,2948.4317158109,44368.645578902,3.51576346273911,82.9702538589049,5.81738901007381,56.7124370306911,10.0201848526758,45.2381291504648,3.05143714332869,47.6752646835086,89.3231439536407,53.6852231787264,23.5449994220589,5987.83875125383,20.5883862817842,13653.874501942,4.74709989048173,1089.37030183895,0,106.946502668971,1023.07596727086,104.201570224247,5.06644232497149,50.4969807849371,23.8043648104183,14.8422562684676,50.8141547693553,43.0530727030615,1.84125271311613,23003.2969992689,0,0,174.661162377089,0.928662807430361,39.2897550878134,124178.468640506,132.650940560952,11.9278651779996,24394.3502887174,"CC vs. BC","BC"
"LOC111130132",492.052342525204,22.0927395918546,2.75225381896438,3.9544116554988e-16,2.99217148599409e-13,0,34.0892716938053,220.410484502704,0,49.7141399768627,0,7.2013901067472,20.6363199549655,0,0,0,131.556130801259,244.225509330361,0,6887.69766564124,0,23.2907802068206,0,1.82651522388455,7.40758225880209,0,7.41685534506158,6.62473947981287,0,4.46655576090141,0,0,146.184346601719,212.832858219113,0,0,4330.95017603532,73.0802462447638,124.770003401586,0,2.1056993584784,11.8596993988081,0,0,24.5934002126832,15.5909184241633,0,0,0,26.2472748962367,27576.6171987616,0,0,22.038587545422,0,3.46244120599398,0,0,74.081198889721,2700.27298614539,0,320.180082199107,0,0,2.50504621316894,5.42857549805577,0,0,3.84185565392003,10.5036306219247,0,25.3364122055874,0,436.088228161139,10.1723569081751,16.250595871865,0,0.689977436574005,88.9631275887702,38.79845699839,0,33.6646538566247,0,2.96845125369353,0.677522063591404,52.0641809432372,0,540.008850163597,0,0,17.1632356093093,0,8.49508218114884,365.43422353361,0,33.6148927743624,264.715098958691,"CC vs. BC","BC"
"LOC111119937",13.6313959895784,-18.5082034800072,4.50561594404798,2.70496482073592e-06,0.000450286477158506,0,0,0,0,9.24914232127678,0,0,0,0,0,0,56.2296365521508,0,0,0,0,3.0052619621704,0,0,0,0,3.17865229074068,0,0,273.576540355211,0,0,0,21.9092648166734,0,0,0,0,0,13.5683592923482,0,2.15630898160147,0,0,0,0,13.9458370018429,0,0,0,2.32606108546764,0,0,0,0,0,0,0,0,0,0,8.50976962655434,0,0,0,0,8.13716571554317,85.62088351324,0,0,0,3.16705152569843,0,0,13.5631425442335,0,0,0,0,4.43410937124457,0,533.318990044423,0,3.9579350049247,0,169.208588065521,0,0,0,0,12.115225135983,0,0,0,0,6.50610827890885,6.4043975554522,"CC vs. BC","CC"
"LOC111118783",119.467175473845,2.93729664158175,3.30872904747897,0.000333920109035629,0.0325702543852331,0.944335098603166,245.643281323008,139.656643197834,61.2294826949346,0,2.32488442740666,881.188280334703,59.8453278693998,0,0.997957452691516,6.05252382240037,1430.14245419433,662.448591831708,1.32575468271965,13.0240101313943,0,81.1420729786008,2.64302230236011,5.47954567165366,9.25947782350261,15.034048381464,10.5955076358023,23.6597838564745,8.32521462296025,25.6826956251831,10.4500840785831,8.11487877936172,547.645835776591,266.041072773891,6.80931260671171,7.42775802910361,3.3426422763329,334.367154051385,315.390841931788,1.50759547692758,8.42279743391361,11.8596993988081,0,1.02438336855505,4.27711308046664,292.329720453062,3.09907488929842,1.48478462069184,3.72136589784513,157.48364937742,13.9563665128058,8.22779871733236,8.17894889603969,540.47012313773,0,6.92488241198797,12.9406771956484,0,126.431912771791,103.163855747216,11.4262312539021,218.062846680455,2.9086945050369,29.4468423043973,2.50504621316894,3.61905033203718,2.03429142888579,7.78371668302181,359.213503641523,15.1719108983357,2.14045449291445,589.071583779908,4.96961048180997,335.452483200876,0,7.54491951193732,9.89121699611628,3.44988718287002,297.891684804822,119.720953023603,3.0398653949829,2.65773583078616,0,1.97896750246235,6.77522063591404,5.00617124454204,0,1566.02566547443,0,2.47762215354032,2.01920418933051,7.42930245944289,2.12377054528721,0,0,0,877.402465096951,"CC vs. BC","BC"
"LOC111118775",4.93929173027756,17.0345870005157,3.28260671849517,9.15252927620229e-08,1.74456989333413e-05,0,0,19.950949028262,3.49882758256769,15.0298562720748,0,0,0,218.442759124781,0,1.00875397040006,4.24374615487931,2.0963563032649,0,0,4.29105209485974,61.6078702244932,0,0,0,0,0,0,0,0,0,0,2.18185591942865,0,0,0,0,2.0021985272538,0,0,0,25.8757077792177,0,0,0,0,0,0,0.930341474461282,0,0,0,0,0,0,0,0,0,0,0,0,0,0,0,7.51513863950682,0,0,0,7.68371130784006,2.33414013820549,0,2.11136768379895,0,0,0,8.70567635992768,5.39520927060888,7.58975180231405,0,8.86821874248914,0,7.97320749235849,0,0,0,0,0,0,0,9.91048861416129,0,17.6445933411769,3.18565581793082,0,0,4.33740551927257,0,"CC vs. BC","BC"
"LOC111119747",17.1039875693238,2.81056068839939,3.46974792997594,0.000435554885585014,0.0397221738024329,7.55468078882533,5.01312819026548,32.301536521948,0,47.4018543965435,2.32488442740666,95.5820868713719,1.03181599774827,0,3.99182981076607,0,128.373321185099,86.9987865854933,0,2.00369386636836,7.50934116600455,26.296042168991,0.881007434120036,1.82651522388455,1.85189556470052,0,6.35730458148136,10.4103048968488,0,0,0,0,67.6375335022881,29.2123530888979,3.40465630335585,0,94.7081978294321,30.032977908807,29.4595841364857,1.50759547692758,1.0528496792392,8.62523592640589,0,0,19.2470088620999,48.7216200755104,0,1.48478462069184,6.51239032122897,41.3899334902194,6.97818325640292,0,0,35.681522692588,0,10.387323617982,0,0,14.8162397779442,8.18760759898543,4.39470432842389,4.25488481327717,1.9391296700246,17.449980624828,2.50504621316894,0,0,0,34.5767008852803,0,5.35113623228612,22.169360679889,1.41988870908856,15.3349706606115,2.7126285088467,9.86643320791804,0,0.689977436574005,39.0898590920354,41.0155116840122,32.4252308798176,6.20138360516771,0,0,5.42017650873124,2.00246849781681,0,124.202035537627,0,0,0,1.85732561486072,0,169.46003425691,0,0,102.470360887235,"CC vs. BC","BC"
"LOC111120163",346.862917259591,4.34737689810444,3.26619377228606,0.000125611513361917,0.0148650212732089,4.72167549301583,617.617393040707,467.422234376424,348.133344465485,797.738525210123,453.352463344298,2242.25101050992,0,1.10324625820597,5.9877447161491,216.882103636013,440.288663568728,2433.86966809055,0,5.0092346659209,0,475.582705513466,0,0.913257611942276,14.8151645176042,17.8976766446,4.2382030543209,88.0143959460852,2.37863274941721,6.69983364135212,8.36006726286648,18.2584772535639,1298.20427206005,521.649162301747,131.646710396426,24.1402135945867,545.964905134373,769.845333729087,863.858981884594,0,265.318119168279,6.46892694480442,2.5287481421792,19.4632840025459,834.037050690994,1524.98670836347,15.4953744464921,19.3022000689939,15.8158050658418,170.607286825539,471.027369807197,22.626446472664,8.86052797070966,1742.09787263812,0,5.77073534332331,56.384379209611,31.5416203458497,312.128784655358,628.808263602081,170.514527942847,571.21828618246,23.2695560402952,53.4405656635359,5.01009242633788,238.857321914454,0,1.94592917075545,360.173967555003,3.50121020730824,16.0534086968583,1158.08517456373,11.3591096727085,1263.21820816787,163.435867658014,1064.99440803115,8.9920154510148,9.65968411203607,463.686604402075,425.674499639478,36.4783847397948,9.74503137954926,29.4720707176607,126.653920157591,21.0031839713335,6.00740549345044,1.84125271311613,1558.46554157214,10.6195479533377,16.1045439980121,0,0,0,2465.81641684035,15.4759430654444,2.16870275963628,2618.33120058737,"CC vs. BC","BC"
"LOC144620607",682.987142251954,11.4465592672523,9.90230944629751,0.000268334046246867,0.0273481678970787,0,2.00525127610619,0,0,0,0,1.30934365577222,0,0,6526.64174060252,0,0,0,0,0,0,0,0,2479.49441642328,0,0,0,3566.00262284784,0,0,0,0,0,0,0,0,0,0,0,0,0,0,0,6779.36913309731,0,0,0,0,0,0,0,0,4073.11655022777,3847.30771150081,0,0,0,0,0,0,0,0,0,363.177721754234,0,3676.05037476677,0,0,0,5824.84671489181,0,0,0,0,0,0,7939.05044170097,6925.99350832986,664.527604564602,781.511776681855,0,1680.57495700045,0,0,0,0,0,0,0,0,0,7433.01711067261,0,269.752707592633,0,0,1.06739959257537,"CC vs. BC","BC"
"LOC111122019",44.1903966475867,6.01534202614118,4.47880503691673,0.000151381881434188,0.0173394751349159,0,28.0735178654867,18.050858644618,0,0,25.5737287014732,53.0284180587748,8.25452798198618,0,0,0,206.882625050366,519.896363209695,0,225.415559966441,0,14.2749943203094,0,0,0.925947782350261,0.715907065784001,0,0,0,0,0,0,6.54556775828594,4.17319329841398,1.13488543445195,0,322.007872620069,40.043970545076,187.15500510238,0,1.0528496792392,0,0,0,3.20783481034998,58.4659440906124,0.774768722324605,0,5.58204884676769,95.9035044285572,295.40975785439,0,0,5.24728274891,0,5.77073534332331,0,0,1.97549863705923,122.814113984781,1.75788173136955,0,0,62.1655559759499,16.2828003855981,4.52381291504648,1.0171457144429,0,14.4069587022001,0,3.21068173937167,8.44547073519582,0,5.75061399772931,21.7010280707736,11.6075684799036,3.59680618040592,3.44988718287002,16.1751141070491,5.54263671405571,0,0,0,0,0,0,7.36501085246453,1046.53715161705,0,6.19405538385081,0,30.6458726452019,8.49508218114884,307.794756099286,108.331601458111,5.42175689909071,106.739959257537,"CC vs. BC","BC"
"LOC144621022",117.916568808095,1.50928909699913,2.06828156305148,0.000375011835486057,0.0356047358634481,16.0536966762538,110.288820185841,210.910032584484,93.5936378336858,135.268706448673,25.5737287014732,737.160478199759,50.5589838896654,14.3422013566776,57.881532256108,8.0700317632005,300.245040457711,564.96802372989,2.65150936543929,29.0535610623412,25.7463125691584,221.638069710067,29.9542527600812,5.47954567165366,15.7411122999544,25.05674730244,6.35730458148136,9.46391354258981,14.2717964965033,26.7993345654085,4.18003363143324,18.2584772535639,436.37118388573,181.533908481008,4.5395417378078,23.2117438409488,613.931964753142,304.334176142578,426.297511622087,13.5683592923482,23.1626929432624,6.46892694480442,11.8008246635029,20.487667371101,323.991315845348,270.892207619838,17.8196806134659,14.1054538965725,51.1687810953705,124.169800470658,261.681872115109,15.4271225949982,21.1289513147692,334.776639380458,53.9869865983538,68.094677051215,28.6543566475072,19.1161335429392,85.9341907120764,196.50258237565,10.5472903882173,313.797754979191,20.3608615352583,10.9062378905175,43.8383087304565,17.1904890771766,48.822994293259,29.1889375613318,72.0347935110005,31.5108918657742,25.6854539149734,292.424424206155,4.25966612726569,392.000187511881,8.81604265375178,177.01541931853,5.39520927060888,11.0396389851841,215.668188093988,99.7674608530028,0,1.77182388719077,29.4720707176607,40.5688338004782,20.3256619077421,18.0222164803513,18.4125271311613,930.975257682041,16.337766082058,24.7762215354032,6.05761256799152,51.0764544086699,35.042213997239,501.463366678612,17.6867920747936,59.6393258899978,533.699796287683,"CC vs. BC","BC"
"LOC144620556",299.768382436295,3.94819815366712,2.55682813503622,7.46755872007531e-05,0.00941742127476164,47.2167549301583,310.81394779646,364.817353659648,69.1018447557119,174.577561314099,105.782241447003,1183.64666481809,127.945183720786,29.7876489715611,17.9632341484473,4.03501588160025,1333.59722917082,2423.38788657422,10.6060374617572,271.500518892913,24.6735495454435,480.841913947264,76.6476467684431,65.7545480598439,4.6297389117513,8.59088478940801,6.35730458148136,3.78556541703592,4.75726549883443,65.8816974732958,19.8551597493079,40.5743938968086,780.013491195742,451.748174553313,9.07908347561561,11.1416370436554,2180.51697826116,584.64196995811,864.72544024155,3.76898869231896,27.3740916602192,16.1723173620111,5.0574962843584,10.2438336855505,734.594171570145,1361.28206490976,31.7655176153088,16.3326308276103,22.3281953870708,489.612627872108,1168.84569544749,27.7688206709967,17.0394768667494,653.811430514186,49.6680276704855,15.0039118926406,16.6380135372623,20.0719402200862,173.843880061212,574.770053448777,24.6103442391738,978.62350705375,11.6347780201476,33.8093374606043,33.8181238777807,107.666747378106,16.2743314310863,27.2430083905763,190.171854869041,2.33414013820549,53.5113623228611,598.572738357003,11.3591096727085,1160.66559187503,124.780911406948,355.771973909045,8.9920154510148,4.13986461944403,761.578289206897,805.8993782237,0,17.7182388719077,29.4720707176607,56.400573820177,1.35504412718281,12.0148109869009,22.0950325573936,1937.55175438699,37.5768619887334,43.3583876869556,51.4897068279279,47.3618031789484,54.1561489048239,1015.60741619278,16.581367570119,37.952298293635,1291.55350701619,"CC vs. BC","BC"
"LOC111115339",29.4246930032698,-18.3092223173846,3.01846101624444,6.53371947223329e-10,1.56872091559294e-07,0,0,27.551310562838,0,25.4351413835112,0,0,0,180.932386345778,1.99591490538303,0,0,0,47.7271685779072,166.306590908574,67.5840704940409,67.618394148834,0,2.73977283582683,0,0,107.014627121603,168.457661058099,210.508998323423,0,0,0,0,136.672080523058,0,0,0,0,0,121.36143589267,0,43.1261796320295,0,0,120.828444523182,0,1.54953744464921,0,0,98.9320361473538,32.564855196547,0,40.8947444801985,0,0,0,68.400722319856,0,0,0,108.109726479228,0,142.526030746808,145.052963943883,0,0,0,122.593537757594,121.018453098481,51.3510830405209,1.07022724645722,0,0,106.386358957992,0,1.16075684799036,0,2.75990974629602,1.34792617558743,0,0,7.0872955487631,0,0,0,4.00493699563363,0,54.0008850163597,0,0,0,1.85732561486072,0,33.4308911119075,0,0,65.1113751470973,"CC vs. BC","CC"
"LOC111115329",442.015928981878,23.8204831312407,2.84929299905777,2.14229121898087e-17,2.22887548908134e-14,1.88867019720633,15.0393845707964,792.337689979548,12.2458965389869,427.772832359051,77.883628318123,674.311982722692,0,0,0,0,550.62606359559,115.299596679569,0,545.004731652194,0,7.513154905426,5.28604460472022,0,1.85189556470052,0,0,19.8742184394386,0,66.9983364135212,0,0,18.5457753151435,285.863740941358,0,0,7691.419877842,12.0131911635228,597.856266299268,0,0,4.31261796320295,0,0,60.9488613966496,17.5397832271837,0,0,0,65.6181872405918,11423.2859907316,0,0.681579074669974,487.99729564863,0,4.61658827465864,0,0,85.9341907120764,3117.84097369365,1.75788173136955,855.231847468712,0,4.36249515620701,2.50504621316894,34.3809781543532,0,0,7.68371130784006,7.00242041461648,0,50.6728244111749,0,515.638388463062,15.5976139258685,10.4468116319132,0,0,145.576026963442,5.54263671405571,0,0,2.26708236289698,0,0,2.00246849781681,0,3007.84929541123,0,0,14.1344293253135,4.64331403715181,0,4967.36930348998,0,2.16870275963628,3820.22314182723,"CC vs. BC","BC"
"LOC111115337",257.331391660764,4.26735371039507,5.18481500315141,0.000545728381349316,0.0468276209013485,0,281.73780429292,302.114370999396,170.567844650175,198.856559907451,4.64976885481331,1533.89609273715,164.058743641975,1.10324625820597,0,0,364.962169319621,1111.0688407304,0,0,0,669.422102073456,4.40503717060018,1.82651522388455,3.70379112940104,2.147721197352,2.11910152716045,0.946391354258981,0,29.0326124458592,0,0,738.558228726597,471.57084272078,0,0,1760.45826553533,727.799164656757,564.93084873496,0,0,2.15630898160147,2.5287481421792,0,943.103434242893,574.915116891022,0,0,0,204.930646305233,298.898849482592,0,0,926.670133457506,0,4.61658827465864,0,0,105.689177082669,1958.47573767732,0,235.082385933564,0,6.54374273431051,0,5.42857549805577,0,0,291.981029697922,0,0,1056.73952574138,2.12983306363284,379.540523850135,5.4252570176934,491.000146699921,0.89920154510148,5.51981949259204,695.529906603113,251.635706818129,0,0,0,0,9.48530889027966,0,0,2825.32630405594,0,0,13.1248272306483,0,0,1520.52915091745,11.054245046746,0,1735.59173752755,"CC vs. BC","BC"
"LOC111111873",2751.79978322409,-4.8813498823968,3.68342371446732,0.000137842132961517,0.0159348058335605,11736.1966054401,10.026256380531,13288.2820980143,27.1159137648996,4.62457116063839,0,25.5322012875583,0,0,33.9305533915116,7746.22173870208,276.904436605875,19.9153848810165,5.30301873087858,4877.99271767377,6.43657814228961,14994.0032447587,13.2151115118005,11065.0292262926,8.33353004115235,6.44316359205601,16360.5233404423,9008.69930119124,9.51453099766885,270.226623534535,31.3502522357493,14.201037863883,24.0004151137151,73.0308827222446,10129.9873879181,9.28469753637951,52.3680623292154,9014.89886896024,14.7297920682428,621.883134232628,8.42279743391361,3.23446347240221,22.7587332796128,1.02438336855505,33.1476263736164,58.4659440906124,12468.3530483699,22.2717693103776,22.3281953870708,22.209232604508,7700.42522344062,4639.45000173579,24.5368466881191,12.593478597384,21.5947946393415,96.9483537678315,25.8813543912969,22.9393602515271,3.95099727411845,9.82512911878252,5.27364519410866,159.558180497894,19.391296700246,7007.25784465751,11.2727079592602,4193.57457224809,9914.11927867491,187.782164977901,13.4464947887201,19.8401911747467,16034.1446064221,1996.29814503191,10.6491653181642,27.7946343223583,7833.39297642206,70.2257893034166,3.59680618040592,23.4592328435162,5732.73002477333,7500.29600146019,36.4783847397948,30219.3423079823,7870.17642279686,39.579350049247,14.2279633354195,3716.58153194801,11.9681426352549,3993.90545580996,9.80265964923479,44.5971987637258,7050.05142704746,4193.84123835551,16.9901643622977,24.2085763224158,30.9518861308889,75.9045965872699,52.3025800361929,"CC vs. BC","CC"
"LOC144621477",14.3891700601336,34.3022443395784,3.8021404840946,1.9092670865373e-20,5.29715546120404e-17,0,0,0,0,0,0,0,0,0,0,0,0,2.0963563032649,0,0,0,0,2.64302230236011,0,0,1.431814131568,0,0,0,0,0,0,0,441.315191307278,0,0,28.9695663948851,2.0021985272538,160.29479603676,0,0,0,0,0,0,105.238699363102,0,0,0,190.797498284182,0,9.25627355699891,0,0,0,0,0,3.82322670858784,0,0,0,0,0,0,0,0,0,0,25.9325256639602,0,0,0,0,6.70904966401753,0.678157127211675,4.64302739196143,0,0.689977436574005,4.04377852676228,0,10.132884649943,0,0,0,0,0,0,0,0,0,0,0,0,9.22231478949172,0,4.33740551927257,309.545881846856,"CC vs. BC","BC"
"LOC111116007",265.459171906605,4.02732091650767,4.722629904087,0.000471391606753737,0.0418884285432057,0,88.2310561486724,34.201626905592,16.6194310171965,9.24914232127678,217.376693962522,115.876913535841,50.5589838896654,0,0,0,2149.45742744637,1081.71985248469,2.65150936543929,2137.94135541504,4.29105209485974,0,6.16705203884025,10.9590913433073,0,0,0,0,0,22.3327788045071,0,0,159.275482118291,3.12989497381048,6.80931260671171,0,22.2842818422193,4.0043970545076,329.254175643075,0,0,2.15630898160147,2.5287481421792,10.2438336855505,41.7018525345497,204.630804317143,0,0,0,1.00951057293218,12914.2911465163,0,1.36315814933995,113.341307376456,0,0,0,0,98.7749318529613,345.517040677185,36.9155163587606,30.8479148962595,0,521.318171166738,0,1.80952516601859,0,3.89185834151091,40.3394843661603,1.16707006910275,0,60.1739789882702,0,90.0929526310925,2351.17076004288,17.4113527198554,0,0,10.7834094046994,56.5348944833682,0,0,36.2733178063516,12.8632887660053,2.71008825436562,4.00493699563363,0,2.16003540065439,0,0,10.0960209466525,24.1452329931894,0,872.661536955654,0,15.180919317454,11.741395518329,"CC vs. BC","BC"
"LOC111114618",127.894260009919,24.5057682627445,3.59106931858246,2.75878983795353e-12,9.0640766123289e-10,0,56.1470357309734,211.860077776306,42.8606378864542,127.175706917556,0,660.563874337084,20.6363199549655,0,0,0,15.9140480807974,749.447378417201,0,0,0,438.768246476878,0,0,0,0,4.2382030543209,0,1.18931637470861,0,0,0,1389.84222067605,28.1690547642944,0,0,182.731111106198,936.027811491152,389.039802273002,0,0,0,0,0,320.783481034998,562.24749567139,0,0,0,2.01902114586436,0,0,0,209.8913099564,0,1.15414706866466,0,0,3.95099727411845,191.590017816259,1.75788173136955,0,1.9391296700246,0,0,0,0,0,50.9045874144404,0,2.14045449291445,465.556574277669,0,302.865670547077,0.678157127211675,88.7978988712623,0,0,686.094423374001,31.038765598712,0,0,0,0,0,0,0,2850.16671116346,0,0,0,0,0,583.311410435351,0,0,154.772940923428,"CC vs. BC","BC"
"LOC111111450",40.3950352800303,23.0553620451218,2.89392281271935,5.9359722828554e-16,4.23489222579712e-13,0,23.0603896752212,115.905513402284,31.4894482431092,75.1492813603739,22.0864020603632,276.926183195824,0,0,0,0,141.104559649737,316.549801793,0,0,0,150.26309810852,0.881007434120036,0,0.925947782350261,0,0,0,0,0,0,0,76.3649571800027,31.2989497381048,0,0,584.962398358257,39.0428712814491,8.66458356955461,0,0,0,0,0,163.599575327849,94.5199429464901,0,0,0,107.008120730811,17.4454581410073,0,0.681579074669974,28.335326844114,0,0,0,0,9.87749318529613,73.6884683908689,0,55.3135025726032,0,6.54374273431051,0,2.71428774902789,0,0,16.3278865291601,0,0,51.7285082530744,0,38.3374266515287,6.78157127211675,29.0189211997589,0,0,17.5230402826366,113.069788966736,0,0,0,0,0,0,0,436.327150932186,0,0,0,0,0,140.640300539749,0,10.8435137981814,401.342246808338,"CC vs. BC","BC"
"LOC144621397",772.481598008496,8.29165847272417,3.3354555599672,2.72229745134787e-05,0.0037555672574672,5.666010591619,141.370214965486,198.559445090798,147.825465363485,302.909411021815,310.372071058788,2540.1266921981,287.876663371768,11.0324625820597,0,0,7064.77641133533,1785.04739223006,1.32575468271965,3038.60174834762,77.2389377074753,1286.25211980893,0,9.13257611942276,1.85189556470052,0,2.11910152716045,1.89278270851796,0,231.144260626648,0,5.07179923710107,841.105456939744,1324.98887224644,1.13488543445195,0,5073.01676138123,458.503462741121,1834.29234167471,0.753797738463791,4.21139871695681,29.1101712516199,0.842916047393067,2.0487667371101,669.368197093029,883.810188169758,0.774768722324605,5.19674617242144,0.930341474461282,1319.43031882236,24605.0741620767,10.2847483966655,7.49736982136972,573.003276180972,0,0,0,0,469.180926301566,302.941481162461,46.5838658812932,362.728930331879,2.9086945050369,50.1686942963806,11.2727079592602,5.42857549805577,0,0,819.275718198446,0,0,756.925314641925,0,1473.11561908499,802.938038618624,403.363004676649,1.79840309020296,4.13986461944403,997.465369934696,460.038847266624,2.0265769299886,8.85911943595387,28.3385295362122,13.8527725172365,0,0,0,4156.98812855937,0,8.67167753739113,50.4801047332626,18.5732561486072,10.6188527264361,426.532059013992,2.21084900934921,92.1698672845421,4183.13900330286,"CC vs. BC","BC"
"LOC144621845",19.0999807150145,18.2894488512544,2.5518998852673,3.9361096053484e-13,1.49549443324618e-10,4.72167549301583,0,0,0,71.6808529898951,76.7211861044196,9.16540559040553,0,90.4661931728892,0,23.2013413192014,0,0,0,84.1551423874711,0,50.3381378663542,0,9.13257611942276,0,10.022698920976,1.05955076358023,2.83917406277694,0,0,0,0,0,0,0,0,28.9695663948851,0,62.3850017007932,0,0,19.4067808344133,0,4.09753347422019,0,0,0,15.5902385172643,12.0944391679967,1.00951057293218,3.48909162820146,30.8542451899964,2.7263162986799,0,17.2758357114732,805.594653927933,47.1410383555764,4.77903338573481,10.8652425038257,0,0,0,26.1782505453321,2.18124757810351,0,30.761927822316,10.171457144429,0,1.92092782696001,0,5.35113623228612,6.33410305139686,0,0,35.2641706150071,2.32151369598072,0,0,0,7.75969139967799,4.0531538599772,5.31547166157232,0,0,23.7132722256992,0,38.6663069754388,43.2007080130877,11.4364362574406,0,0,2.78598842229108,0,0,0,0,0,"CC vs. BC","BC"
"LOC111118401",160.956600918462,1.15723558627394,1.79337787323783,0.00045771408491187,0.0410161865626957,40.6064092399361,229.601271114159,326.815545986768,48.1088792603058,31.2158553343091,119.731548011443,829.4692059317,245.572207464089,18.7551863895014,41.9142130130437,37.3238969048023,929.380407918569,570.208914488053,2.65150936543929,101.186540251602,37.5467058300227,640.872113432838,91.6247731484837,87.6727307464585,15.7411122999544,45.1021451443921,29.6674213802463,49.212350421467,10.7038473723775,50.2487523101409,24.0351933807411,65.9333900823139,345.824163229441,454.878069527124,20.4279378201351,3.71387901455181,755.437154451235,391.429812078118,369.977718419982,9.79937060002929,0,25.8757077792177,21.0729011848267,51.2191684277524,905.67869478881,193.912047900531,22.4682929474135,5.19674617242144,24.1888783359933,410.870803183398,193.063070093814,106.961383325321,49.7552724509081,115.44022047602,32.3921919590123,17.3122060299699,15.7136794518588,9.55806677146961,94.8239345788429,32.7504303959417,55.373274538141,255.29308879663,44.5999824105659,34.8999612496561,88.9291405674974,143.857250698478,19.325768574415,17.5133625367991,188.250927042081,15.1719108983357,84.5479524701206,347.319983984928,4.25966612726569,333.5356118683,265.837593866977,45.8498954956191,6.29441081571036,27.5990974629602,574.216550800244,193.99228499195,41.5448270647663,109.853081005828,139.425565318164,146.443595182214,22.3582280985163,49.060478196512,30.3806697664162,835.933700053248,35.1261970764247,23.5374104586331,173.651560282424,17.6445933411769,25.4852465434465,149.86261532924,48.6386782056825,33.6148927743624,778.134302987442,"CC vs. BC","BC"
"LOC111114163",42.2394893582824,19.6827509861657,4.35686092976999,9.8133523208943e-07,0.000173786813796263,0,0,11.400542301864,29.7400344518254,70.5247101997355,0,10.4747492461777,0,0,0,0,0,0,0,0,0,0,0,0,0,1.431814131568,0,1.89278270851796,0,0,0,0,5.45463979857162,35.4721430365188,0,0,95.8224119215431,0,116.105419832032,0,0,3.23446347240221,0,0,25.6626784827998,1.94886480302041,0,0,0,2.01902114586436,0,0,0,243.473919549424,0,0,0,0,0,158.839587420317,0,0,0,0,0,0,0,0,0,0,0,86.5660750357571,0,43.1296049829698,0,8.70567635992768,0,0,0,1.10852734281114,0,0,0,0,0,1.00123424890841,0,32.4005310098158,0,0,0,0,0,2643.34597653807,0,6.50610827890885,249.771504662636,"CC vs. BC","BC"
"LOC111115093",10.3462107542193,-18.1456631785135,2.95316935254934,4.04145323796006e-10,1.01934431668548e-07,0,0,9.50045191822,0,6.93685674095759,0,0,0,0,0,0,65.7780654006293,0,0,0,0,1.5026309810852,0,0,0,0,2.11910152716045,3.78556541703592,0,183.128786196958,1.04500840785831,0,2.18185591942865,7.30308827222446,0,0,0,2.0021985272538,0,3.01519095385517,0,0,0,0,8.55422616093327,0,9.29722466789526,0,0,0,1.16303054273382,0,0,0,0,0,0,0,0,0,0,0,0,0,0,0,1.0171457144429,32.107831317465,11.5255669617601,0,0,2.11136768379895,0,0,2.7126285088467,0,0,0,0,7.75969139967799,0,437.640500136121,1.13354118144849,0,2.71008825436562,123.151812615734,0,4.32007080130877,0,0,3.02880628399576,0,0,4.61115739474586,0,2.16870275963628,8.53919674060293,"CC vs. BC","CC"
"LOC111115355",885.403858891693,2.21210633942848,2.71082409378922,0.000353747552906774,0.0341045420698152,80.2684833812691,640.677782715928,1226.5083426422,621.041895905766,1157.29893294976,306.884744417679,3111.00052611479,76.3543838333722,8.82597006564773,423.133959941203,20.1750794080012,1248.72230607324,11165.1936711889,25.1893389716733,20.0369386636836,108.349065395208,839.970718426626,0,3.6530304477691,27.7784334705078,57.9884723285041,26.4887690895056,128.709224179221,3.56794912412582,20.0995009240563,47.0253783536239,40.5743938968086,2818.95784790181,1162.23433360829,30.6419067302027,36.2103203918801,1583.29822488968,679.746400002666,1839.49109181644,133.422199708091,4.21139871695681,43.1261796320295,100.307009639775,24.5852008453212,2010.24314781932,2475.05829983593,93.7470154012772,97.9957849656615,9.30341474461282,316.986319900705,330.300674136405,71.9932387766582,92.6947541551165,2378.06854180601,53.9869865983538,235.446002007591,175.623476226657,15.2929068343514,132.358408682968,5593.77351162685,75.5889144488908,838.212308215603,4.84782417506151,320.643393981215,214.181451225944,74.1905318067622,20.3429142888579,139.133935709015,103.730102655841,30.3438217966714,86.6884069630351,4980.71636608173,146.958481390666,3023.86452713933,99.6890977001163,438.766088540355,30.5728525334503,20.6993230972201,9338.4325444697,659.573768972629,105.382000359407,108.967169062233,182.500130213207,1.97896750246235,275.751479881702,67.0826946768633,0,2229.15653347533,8.16888304102899,56.9853095314274,0,176.445933411769,25.4852465434465,9059.77149132693,75.168866317873,254.822574257263,4207.68919393209,"CC vs. BC","BC"
"LOC111110895",14.8292729000991,-20.2734912807481,3.62527949369197,9.41372244895947e-09,1.94264999628527e-06,23.6083774650792,0,0,0,0,0,0,67.0680398536377,0,0,0,0,0,55.6816966742251,0,0,0,52.8604460472022,0,0,0,16.9528122172836,5.67834812555389,0,0,0,0,0,0,7.94419804116366,0,0,0,0,0,0,2.15630898160147,47.2032986540117,0,54.5331917759496,0,66.630110119916,106.904492689813,0,0,9.30424434187056,0,0,0,57.226205794255,0,49.9140406117868,0,0,0,0,0,1.9391296700246,0,131.514926191369,0,0,3.89185834151091,0,0,0,0,0,0,40.6894276327005,0,0,0,16.1751141070491,0,0,0,99.751623967467,67.28489508372,0,0,220.029699217378,0,102.927926316965,28.4926547657137,0,0,0,13.8334721842376,0,14.0965679376358,0,"CC vs. BC","CC"
"LOC111111120",90.7888716462105,23.5975942392844,3.35615198885206,6.99870799358959e-13,2.49653912285617e-10,3.77734039441266,70.1837946637167,62.702982660252,41.9859309908123,139.893277609311,0,535.521555210837,0,0,0,0,628.074430922138,241.080974875463,0,0,0,175.056509296426,0.881007434120036,0,2.77784334705078,0,0,0,0,4.46655576090141,0,0,190.912392950007,302.556514135014,0,0,793.320433583008,196.215455670873,191.487296887157,0,0,0,0,0,187.123697270415,277.713234430409,0,0,0,84.7988881263032,205.856406063886,0,0,307.490769086126,0,0,0,0,51.3629645635399,237.440620370577,0,264.866579626504,0.969564835012302,4.36249515620701,0,0,0,0,28.8139174044002,0,2.14045449291445,190.023091541906,0,285.613828553889,0,146.255362846785,0,0,305.979241858346,66.5116405686685,0,0,0,0,0,0,0,745.212213225764,0,0,4.03840837866101,0,0,537.199836487893,0,0,837.908680171662,"CC vs. BC","BC"
"LOC111111524",187.371915666357,24.994144694073,3.4868654886186,2.27858156441787e-13,9.03113994658957e-11,0,158.414850812389,437.970833429942,104.964827477031,157.235419461705,0,1639.29825702682,312.640247317727,0,0,0,2151.57930052381,683.412154864357,0,2.00369386636836,0,804.658890371124,0,0,1.85189556470052,0,8.47640610864181,0,0,26.7993345654085,0,0,148.366202521148,440.271892982675,0,0,2179.40276416905,404.444102505268,203.617713884533,0,0,0,0,0,642.636240340112,457.983228709797,0,1.48478462069184,0,412.889824329262,47.6842522520866,0,0,215.13859270531,0,0,0,0,110.627923675317,175.214802618288,0,272.312628049739,0,0,0,0,0,0,293.901957524882,0,0,338.874513249732,0,683.3646300635,0,279.162021941681,0,0,686.094423374001,109.744206938303,0,0,0,3.9579350049247,0,0,0,2141.67509974882,0,0,5.04801047332626,0,0,96.8343052896631,1.1054245046746,0,397.072648438036,"CC vs. BC","BC"
"LOC111111511",639.155990385539,25.5623950065038,3.56473068135677,2.10729403991301e-13,8.4869568026819e-11,0,561.470357309733,784.737328444972,223.924965284332,226.603986871281,0,5079.59871256832,125.881551725289,0,0,0,2291.62292363483,2252.53484785813,0,9.01662239865762,3.21828907114481,1552.21780346101,0,0,1.85189556470052,0,0,1.89278270851796,0,70.3482532341972,0,0,2103.30910632922,2084.51005255778,0,0,3319.24378039857,1541.69286598543,594.390432871446,0,0,0,0,0,1763.23986742237,1582.47822005258,0,0,0,1281.06891705094,1144.42205405008,0,0,2782.10931347208,0,0,0,0,221.255847350633,1883.14974776665,0,991.388161493581,0,30.5374660934491,0,0,0,0,730.913038158286,0,0,1330.16164079334,0,2635.6980822926,1.35631425442335,705.740163578137,0,0,2555.66802891376,662.899351001063,0,2.65773583078616,0,0,0,6.00740549345044,0,4986.44172241065,0,0,6.05761256799152,0,0,3489.49335847393,2.21084900934921,0,7179.32965966191,"CC vs. BC","BC"
"LOC144621684",22.8451890924496,19.5661946656252,2.84879618166824,3.06561675620784e-12,9.94135719513115e-10,0,11.0288820185841,60.802892276608,6.12294826949346,12.7175706917556,2.32488442740666,77.905947518447,6.19089598648964,2.20649251641193,0,0,42.4374615487931,185.527532838944,0,0,2.14552604742987,122.464424958444,0,1.82651522388455,0,8.59088478940801,0,0,0,4.46655576090141,0,0,6.54556775828594,5.21649162301747,0,0,369.919078580841,18.0197867452842,25.9937507086638,0,0,0,0,0,48.1175221552497,44.8238904694695,0,0,0,20.1902114586436,6.97818325640292,0,0,97.599459129726,0,0,0,0,35.5589754670661,189.952496296462,0,27.6567512863016,0,0,0,0,1.0171457144429,0,4.80231956740004,0,0,61.2296628301697,1.41988870908856,65.1736253075989,0,24.9562722317927,0,0,60.6566779014343,0,0,1.77182388719077,0,0,0,0,0,328.325380899467,0,0,1.00960209466525,0,0,61.0978354803827,0,0,46.9655820733161,"CC vs. BC","BC"
"LOC144621324",33.9334023861543,22.1406290355379,3.63876020647534,4.41861029487608e-10,1.10332699063056e-07,0,16.0420102088495,0,182.813741189162,147.986277140429,0,0,0,139.009028533952,0,117.015460566407,0,0,0,128.236407447575,0,121.713109467901,0,0.913257611942276,112.039681664382,0,0,0,0,0,77.3306221815149,0,1.09092795971432,0,0,0,119.220907855873,0,0,0,94.7564711315281,0,0,0,0,0,0,147.736069758838,0,0,0,0,0,133.280981822314,0,0,172.850473970447,0,170.880632105623,0,0,0,0,88.340526913192,0,103.14293446306,0,0,0,1.16707006910275,0,219.582239115091,0,0,122.746440025313,0,169.049890479078,0.689977436574005,0,0,0,185.155596211436,0,98.9483751231176,143.634677481378,0,0.920626356558067,104.761716931738,0.816888304102899,0,0,0,0,0,0,0,0,"CC vs. BC","BC"
"LOC111114643",4.95673073247683,16.0597505800186,3.29006277250414,3.47231287222993e-07,6.28287336373778e-05,364.513348060822,2.00525127610619,5.700271150932,0,0,0,0,0,0,0,0,8.48749230975862,0,0,0,6.43657814228961,0,1.76201486824007,0.913257611942276,1.85189556470052,2.863628263136,2.11910152716045,0,0,8.93311152180282,0,0,0,0,0,0,0,2.0021985272538,0,0,2.1056993584784,0,0,0,0,0,0,0,0,0,0,0,0,0,0,0,0,0,0,0,0,0,1.9391296700246,0,0,0,0,7.78371668302181,0,0,6.42136347874334,0,1.41988870908856,0,0,0,0,0,0,11.0852734281114,0,0,0,0.989483751231176,0,1.00123424890841,0.920626356558067,0,0,4.95524430708064,0,0.928662807430361,0,4.61115739474586,0,0,4.26959837030146,"CC vs. BC","BC"
"LOC111111646",877.481653684916,2.95520640905564,3.20695395186995,0.000297393821138198,0.0295853534415171,7.55468078882533,1569.10912355309,1302.51195798796,488.086447768193,857.857950298422,427.778734642825,2761.40577002361,582.976038727774,4.41298503282386,19.9591490538303,2.01750794080012,5152.9687685622,4992.47253622536,2.65150936543929,264.487590360624,39.6922318774526,2148.01098746129,178.844509126367,6.39280328359593,1.85189556470052,0,12.7146091629627,3.78556541703592,18.4344038079834,198.761731360113,35.5302858671825,50.7179923710107,2080.39961917522,2707.35915234607,59.0140425915015,3.71387901455181,9145.46926804681,2393.62833933192,1266.76211786888,10.5531683384931,2.1056993584784,2.15630898160147,15.1724888530752,33.8046511623166,3156.50945338438,2661.17488852438,44.9365858948271,11.1358846551888,6.51239032122897,1726.26307971403,1558.46092726332,119.303081401319,30.6710583601488,1815.55983112286,0,13.8497648239759,1.84866817080692,55.4367872745237,456.340185160681,1396.80585638691,53.6153928067714,1453.04316373415,1.9391296700246,235.574738435179,42.585785623872,172.809653354775,2.03429142888579,51.5671230250195,607.013193319365,4.66828027641099,14.9831814504011,2075.47443317437,4.25966612726569,2475.63932602247,328.906206697663,1182.81122810217,45.8592788001755,4.13986461944403,1265.70267887659,1177.25603806543,1.0132884649943,23.9196224770755,83.8820474271881,65.3059275812576,6.09769857232264,60.0740549345044,46.0313178279033,7619.52487580835,0,0,156.488324673114,18.5732561486072,50.9704930868931,3079.10035034155,22.1084900934921,201.689356646174,6187.7154381594,"CC vs. BC","BC"
"LOC111118024",17.2159470460964,-24.240197269048,4.15117044416088,1.60941508148934e-09,3.6204589716026e-07,0,92.2415587008848,0.950045191822,0,0,0,0,0,0,0,0,0,0,0,0,1.07276302371494,0,0,0,0,93.7838256177041,32.846073670987,1.89278270851796,0,0,0,0,0,0,0,1075.16797471275,0,0,8.66458356955461,0,0,1.07815449080074,96.9353454502027,0,0,0,0,0.742392310345921,0,0,0,0,3.40789537334987,0,0,109.643971523143,0,0,0,0,0,53.1860601659646,0,0,0,0,0,0,0,0,0,0,0,0,0,0,0,0,1.34792617558743,0,1.0132884649943,3.54364777438155,0,0,5.42017650873124,0,0,0,0,0,0,0.928662807430361,0,0,0,0,0,"CC vs. BC","CC"
"LOC111114546",11.1766298230317,1.94145104354211,2.57503300376625,0.000415748778097603,0.0388810748655324,1.88867019720633,4.01050255221238,66.50316342754,5.24824137385154,3.46842837047879,4.64976885481331,12.4387647298361,0,11.0324625820597,5.9877447161491,4.03501588160025,16.9749846195172,22.0117411842814,0,4.00738773273672,6.43657814228961,9.7671013770538,12.3341040776805,1.82651522388455,88.890987105625,0,8.47640610864181,11.3566962511078,4.75726549883443,0,2.09001681571662,0,3.27278387914297,57.3814078531922,1.13488543445195,0,5.57107046055483,8.00879410901521,0,3.01519095385517,0,3.23446347240221,0.842916047393067,2.0487667371101,6.41566962069995,18.5142156286939,0,1.48478462069184,3.72136589784513,3.02853171879654,2.32606108546764,1.02847483966655,1.36315814933995,10.49456549782,0,5.77073534332331,0,3.82322670858784,2.96324795558884,0,4.39470432842389,0,0,5.45311894525876,3.75756931975341,9.04762583009296,10.171457144429,3.89185834151091,5.76278348088004,71.1912742152676,0,4.22273536759791,8.51933225453138,0,6.78157127211675,24.9562722317927,0,2.75990974629602,14.8271879314617,2.21705468562228,0,4.42955971797694,2.26708236289698,130.611855162515,4.06513238154843,4.00493699563363,0,9.72015930294474,4.9013298246174,2.47762215354032,126.200261833157,25.0738958006198,0,9.22231478949172,0,2.16870275963628,71.5157727025495,"CC vs. BC","BC"
"LOC111112083",439.439484897021,4.20922078730086,4.13489094819202,0.000278972212778845,0.0280345271375876,3.77734039441266,0,2.850135575466,1455.51227434816,5.78071395079799,1850.6080042157,877.260249367386,1.03181599774827,8.82597006564773,0,1819.79216260171,31.8280961615948,2547.07290846685,17.2348108753554,1179.17384035778,2560.68533760755,0.7513154905426,5.28604460472022,3.6530304477691,1.85189556470052,0,0,2629.07518213145,1.78397456206291,1681.65824397938,6.27005044714986,6.08615908452129,794.195554672028,0,5.67442717225976,0,0,2.0021985272538,2.59937507086638,8.2917751231017,1372.91598172792,0,6.74332837914453,6.14630021133029,5.3463913505833,3058.74330834054,6.97291850092145,270.973193276261,4.65170737230641,2.01902114586436,2.32606108546764,0,2.7263162986799,803.883717133012,46.4288084745842,1806.24016246019,9.24334085403459,2.86742003144088,1513.23195598737,78.6010329502601,4.39470432842389,0,4.84782417506151,887.767764288127,8.7676617460913,1708.19175672155,1332.46088592019,0,2.88139174044002,0,7.49159072520056,1267.87629412127,97.2623765725666,0,2475.27351432262,6.96454108794214,751.732491704838,26.9091200263862,2.69585235117486,0,2.0265769299886,0.885911943595387,586.040790808868,0.989483751231176,7.45274269950545,4.00493699563363,8.2856372090226,0,0,2.47762215354032,8.07681675732202,14.8586049188858,560.675423955823,11.5278934868647,2280.49075314371,1842.31299431102,2.13479918515073,"CC vs. BC","BC"
"LOC111111853",191.345832696437,24.1992436686521,2.88421844142044,1.60262620872334e-17,1.73989462747051e-14,0,0,3.800180767288,0,0,1128.73138950593,0,0,0,0.997957452691516,0,16.9749846195172,447.572070747056,0,1691.1176232149,0,0,12.3341040776805,1093.1693614949,0,833.315824572577,22.2505660351847,52.0515244842439,0,985.992184218986,0,0,0,49.0350212563643,0,0,73.5381300793237,14.0153896907766,0,0,1991.99159312057,0,0,0,0,559.324198466859,0,6.68153079311328,33.4922930806062,26.2472748962367,0,30.8542451899964,0,1.049456549782,0,1.15414706866466,1643.46600384735,929.999896863993,1166.53194518347,21.2877797573621,0,0,63.9912791108119,0,5.01009242633788,22.6190645752324,1.0171457144429,1174.36825455092,0,3.50121020730824,2.14045449291445,0,35.4972177272141,0,4.74709989048173,0,0.89920154510148,1.37995487314801,0,0,791.378291160547,54.0406285593186,6.80124708869093,0,0.677522063591404,24.0296219738018,0,0,0.816888304102899,572.330717467814,23.2208481773008,56.648431253252,58.4036899953983,975.25978898875,810.276161926484,59.6393258899978,18.1457930737812,"CC vs. BC","BC"
"LOC144621941",278.537500941637,22.8365588477542,3.99550674537506,3.79194688963508e-09,8.23347076819026e-07,0,0,2255.40728538543,0,1.1561427901596,0,0,2516.59921850804,0,1.99591490538303,0,0,637.292316192529,0,0,0,1.5026309810852,0,0.913257611942276,0,0,0,4171.69308957359,420.423338459493,0,0,0,0,1692.22988250687,0,0,0,0,506.011680461989,0,2.1056993584784,377.354071780258,0,0,0,1015.35856237364,0,0,3.72136589784513,465.384374121736,0,0,21.1289513147692,0,531.231948127801,660.172123276186,0.924334085403459,0,0,0,0,0,0,0,0,0.904762583009296,1.0171457144429,0,0,1424.99255437445,0,1.05568384189948,0,0,2182.30963536717,0,0,1.37995487314801,0,3126.04710672742,0,0,0,3.9579350049247,212.741927967701,0,0,1.08001770032719,4.0844415205145,0,1581.03688024579,0,0,0,540.552582785881,1.08435137981814,1260.59891883151,"CC vs. BC","BC"
