"Gene","baseMean","log2FoldChange","lfcSE","pvalue","padj","B1_B1_O01","B1_W5_O50","B2_B5_O51","B2_C4_O40","B3_B4_O41","B3_C3_O30","B3_C6_O66","B3_H4_O41","B3_W1_O06","B3_W4_O41","B4_B2_O19","B4_B3_O32","B4_C5_O56","B4_H5_O55","B4_W2_O19","B4_W6_O67","B5_B6_O69","B5_H2_O21","B5_W3_O33","B6_C2_O24","B6_H3_O35","B6_H6_O72","C_W5_W52","C1_C4_W37","C1_H2_W13","C1_H6_W62","C2_B2_W16","C2_C1_W03","C2_H1_W04","C2_W2_W15","C3_B3_W30","C3_C2_W17","C3_W3_W29","C4_B1_W07","C4_B5_W56","C4_C6_W67","C4_H5_W56","C5_B4_W46","C5_C3_W33","C5_W1_W09","C5_W4_W45","C6_B6_W71","C6_C5_W59","C6_H3_W36","C6_H4_W48","C6_W6_W72","H1_B2_B13","H1_B6_B61","H1_C6_B62","H1_W4_B38","H1_W5_B49","H2_B5_B51","H2_C1_B04","H2_H1_B03","H2_W2_B16","H3_B4_B41","H3_C5_B54","H3_H4_B41","H3_H6_B66","H3_W3_B30","H3_W6_B66","H4_H2_B19","H4_W1_B07","H5_B1_B09","H5_B3_B34","H5_C2_B22","H5_C4_B46","H6_C3_B36","H6_H3_B35","W1_C1_G02","W1_C6_G61","W1_H5_G49","W1_W1_G01","W1_W6_G62","W2_B2_G04","W2_B6_G64","W2_C2_G15","W3_B5_G54","W3_C3_G29","W3_H2_G18","W3_H3_G30","W4_C5_G55","W4_H1_G08","W4_W5_G56","W5_B2_G21","W5_C4_G45","W5_H4_G46","W5_W2_G22","W6_B3_G35","W6_B4_G48","W6_H6_G71","W6_W3_G36","W6_W4_G48","pair","DEG_group"
"LOC144622036",59.4346469079026,21.9205796002479,3.78680409043746,2.73018538312331e-09,1.26646474459633e-06,0,203.533004524778,0,0,201.16884548777,0,767.930054110406,0,0,0,0,190.968576969569,12.5781378195894,0,0,0,116.453901034103,0,0,1.85189556470052,0,0,1.89278270851796,85.4424102273063,0,0,0,0,49.0917581871446,16.6927731936559,0,0,275.210880751409,20.021985272538,9.53104192651007,0,0,2.15630898160147,0,0,0,44.8238904694695,0,0,0,37.3518911984907,160.498214897267,0,0,1088.28644212393,0,0,0,0,137.297155275616,846.598625735093,0,0,0,0,0,0,0,0,50.9045874144404,0,0,301.92557878325,0,127.471943616333,0,224.606450086134,0,0,62.0046040770217,17.7364374849783,0,0,0,0,0,0,0,397.446513720407,0,0,0,0.928662807430361,0,18.4446295789834,0,0,56.5721784064944,"HH vs. HC","HC"
"LOC144619234",20.0861760621826,18.6826380617482,3.21563046466948,3.0294997634231e-09,1.38065465534109e-06,0,19.0498871230088,0.950045191822,1.74941379128385,17.342141852394,0,0.654671827886109,0,0,0,0,83.8139865588663,35.6380571555033,0,0,0,21.7881492257354,0,0,0,0,1.05955076358023,0.946391354258981,3.32892507379116,0,0,0,0,4.3637118388573,250.391597904839,0,0,17.8274254737755,1.0010992636269,7.79812521259915,0,0,0,0,0,5.3463913505833,0,0,0,0,1.00951057293218,9.30424434187056,0,0,75.560871584304,0,0,0,0,50.3752152450103,58.9507747126951,0,0,0,3.27187136715526,0,0,0,9.72964585377727,0,0,0,23.2250445217885,0,124.596636617468,0,23.2151369598072,0,0,0,0,0,0,0,0,0,0,0,17.2802832052351,0,0,0,0,0,5.76394674343233,0,0,992.68162109509,"HH vs. HC","HC"
"LOC111102792",8.17190354514448,13.9275340718765,3.69308819087474,2.68848439032705e-06,0.00078470515738793,1.88867019720633,0,14.25067787733,3.49882758256769,2.3122855803192,0,0,0,0,0,0,45.6202711649526,10.4817815163245,0,4.00738773273672,0,3.0052619621704,0,0,0,0,3.17865229074068,1.89278270851796,44.3856676505487,0,188.711980898085,0,0,0,2.08659664920699,0,0,3.3426422763329,0,0,24.8753253693051,0,0,0,0,0,1.94886480302041,4.64861233394763,0,0,0,10.4672748846044,0,0,2.098913099564,0,0,0,0,0,0,0,0,0,0,0,0,2.03429142888579,35.9996896589759,0,0,0,4.22273536759791,0,0,0,0,0,0,0,6.65116405686685,0,218.820250068061,0,3.9579350049247,0,97.1197221441155,0,4.32007080130877,0,0,1.00960209466525,0,0,2.30557869737293,0,10.8435137981814,0,"HH vs. HC","HC"
"LOC144622060",87.3559171296098,-18.890352408109,3.42477688492539,1.53295007584763e-08,6.3208641460784e-06,2.8330052958095,18.0472614849557,330.615726754056,0,0,8.13709549592329,0,121.754287734296,0,0,0,40.3155884713534,1.04817815163245,0,0,0,26.296042168991,0,0,1.85189556470052,0,0,0,2118.30598862244,0,39.0823629078873,0,0,0,51.1216179055712,0,0,443.457208660164,504.554028867958,264.269798871416,0,0,0,0,0,189.262253810649,3069.46206475715,0,0,0,142.340990783438,1.16303054273382,0,0,2.098913099564,0,0,0,0.955806677146961,69.1424522970729,0,0,22.3381452697052,0,5.45311894525876,0,0,0,1.94592917075545,0,0,0,0,1.41988870908856,0,0,0,0,0,0,287.108581788086,0,0,0,0,0,0,0,120.961982436646,0,2.47762215354032,0,0,0,77.2368863619932,0,0,159.04253929373,"HH vs. HC","HH"
"LOC111104261",74.1909000119572,1.37752087712629,1.7954645483755,0.000289017761400019,0.0416391463607844,8.4990158874285,55.1444100929203,53.202530742032,15.7447241215546,132.956420868354,4.64976885481331,221.933749653391,22.699951950462,7.72272380744176,26.9448512226709,19.1663254376012,92.301478868625,177.142107625884,7.95452809631787,12.0221631982102,39.6922318774526,106.686799657049,6.16705203884025,19.1784098507878,312.970350434388,14.31814131568,55.0966397061718,17.0350443766617,236.353680239172,7.13589824825164,56.948585951493,25.0802017885994,19.2728371009841,187.639609070864,84.5071642928831,15.8883960823273,9.28469753637951,261.840311646077,60.065955817614,69.3166685564369,45.2278643078275,5.26424839619601,5.39077245400368,8.42916047393067,9.21945031699543,50.256078695483,64.3125384996737,25.567367836712,23.0141616207235,19.5371709636869,51.4850392195413,19.7715192264749,9.25627355699891,4.77105352268982,104.9456549782,0,145.422530651747,9.24334085403459,1.91161335429392,572.894604747176,232.528055811186,578.343089620583,5.31860601659647,9.69564835012302,9.81561410146577,23.7979390251049,20.8095394092138,17.2914771455292,25.2970792198209,29.7743813178802,14.004840829233,23.5449994220589,58.0626113044712,6.38949919089853,41.2127336503934,29.160756470102,41.7872465276529,19.7824339922326,25.5291651532382,186.013812231065,17.7364374849783,20.265769299886,46.9533330105555,12.4689529959334,300.803060374277,29.8109707980218,76.093802917039,230.156589139517,212.763486964457,25.3235374271899,17.3433550747823,16.153633514644,11.1439536891643,37.1659845425262,187.904663835894,8.84339603739682,35.7835955339987,576.395779990698,"HH vs. HC","HC"
"LOC144619421",142.17570470691,12.7444159531129,6.86120444083432,3.71461005568206e-05,0.00824738678773102,0,0,0,338.511568613424,0,0,0,0,0,851.257707145864,0,1.06093653871983,475.872880841132,0,0,644.730577252676,0.7513154905426,445.789761664738,0,0,636.441381481977,0,0,301.822540023731,0,8.93311152180282,892.437180310996,0,226.913015620579,0,0,0,0,0,0,4.52278643078275,4.21139871695681,796.756168701745,0,0,0,0,527.617499903056,0,456.797663960489,0,0,0,0,0,728.824319077776,635.935034834228,0,0,0,311.129088761446,0,0,0,0,951.917561004198,0,564.515871515807,11.6755750245327,0,0,0,2.11136768379895,0,0,0,0,0,0,0,1811.33367815341,0,0,0,0,0,0,0,0,722.946149131066,0,0,0,561.737309228467,0,0,305.787089108716,0,"HH vs. HC","HC"
"LOC144623974",81.8116045099637,15.365196628526,9.00179953386807,4.46036314371803e-05,0.00953117627852283,0,0,0.950045191822,0,0,0,0,0,0,998.955410144208,0,0,984.23928438287,1.32575468271965,0,0,0,1291.55689841997,0,242.598318975768,0,24.3696675623452,0,0,0,0,0,0,0,26.0824581150874,12.4837397789715,0,0,0,0,0,0,0,0,0,0,0,220.809085862512,0,0,0,0,0,7.49736982136972,0,0,0,0,0,0,0,0,0,0,22.9030995700868,1286.34123046225,0,0,0,0,33.8450320039797,0,0,0,0,0,0,347.091796409171,22.7692554069422,0,0,0,0,0,303.771511627971,0,15.0185137336261,0,0,0,0,66.6337382479067,0,1656.54102532402,0,0,0,42.6959837030146,"HH vs. HC","HC"
"LOC111102542",15.2044818067012,20.2345007719327,3.42576853177347,1.55431921607349e-09,7.61821703319641e-07,0,0,8.550406726398,0,0,44.1728041207265,0,0,0,0,10.0875397040006,0,1.04817815163245,0,0,2.14552604742987,0.7513154905426,0,1.82651522388455,38.8898068587109,0,1.05955076358023,0,0,0,0,0,0,13.0911355165719,0,0,0,0,2.0021985272538,0,0,0,0,0,0,0,0,4.64861233394763,0,0,1.00951057293218,0,0,3.40789537334987,0,0,0,0,0,35.5589754670661,9.82512911878252,35.1576346273911,0,0,0,0,0,0,0,0,0,0,6.33410305139686,0,3.83374266515287,0,0,0,0,355.852510355081,1.10852734281114,0,6.20138360516771,779.87633283656,40.5688338004782,0,7.00863974235885,0,0,0,0,0,0,0,0,0,0,0,"HH vs. HC","HC"
"LOC111104290",12.1558964728622,19.457121657333,3.18963475877339,5.05960602708138e-10,2.62866771530986e-07,38.7177390427298,0,124.455920128682,0,0,13.9493065644399,0,0,0,0,0,0,0,0,0,0,0,0,69.407578507613,8.33353004115235,0.715907065784001,1.05955076358023,2.83917406277694,8.87713353010975,0,31.2658903263099,0,0,2.18185591942865,0,0,0,0,1.0010992636269,0,0,0,0,0,0,0,0,83.6750220110574,0,0,0,0,0,0,0,0,2.30829413732932,0,0,5.92649591117768,0,1.75788173136955,0,0,0,0,0,3.05143714332869,0.972964585377727,0,0,38.52818087246,4.22273536759791,0,0,0,0,0,0,138.836396085505,8.86821874248914,0,360.566161043323,52.1428943466305,3.9579350049247,0,95.1172536462987,0,0,0,0,13.1248272306483,10.215290881734,0,0,4.42169801869841,0,0,"HH vs. HC","HC"
"LOC111104947",6.16258619974877,17.6783920081585,2.60675995084467,6.4959015943625e-12,5.62480119055849e-09,0,0,188.108947980756,0,0,0,3.27335913943055,0,0,0,0,0,11.5299596679569,0,0,4.29105209485974,6.0105239243408,0,4.56628805971138,0,0,0,4.7319567712949,0,0.594658187354303,0,0,0,0,1.04329832460349,0,0,2.22842818422193,0,0,1.50759547692758,0,0,0,0,0,0,18.5944493357905,1.48478462069184,3.72136589784513,0,2.32606108546764,0,0,0,0,2.30829413732932,0,0,0,6.55008607918834,3.51576346273911,0,0,8.72499031241402,12.5252310658447,0,2.03429142888579,0,0,5.83535034551373,0,0,0,0,4.06894276327005,0,0,1.37995487314801,44.4815637943851,84.2480780536468,10.132884649943,75.3025152056079,20.4037412660728,0,0,16.0197479825345,0,0,17.1546543861609,0,0,0,0,0,4.42169801869841,0,0,"HH vs. HC","HC"
"LOC111103523",66.2317781330561,2.46756500628952,1.49094332478765,4.03545679134772e-05,0.00880916479570082,9.44335098603166,43.1129024362831,55.102621125676,28.8653275561835,25.4351413835112,195.290291902159,159.085254176324,10.3181599774827,98.188916980331,30.936681033437,17.1488174968011,0,156.178544593235,22.537829606234,62.1145098574192,69.7295965414708,21.7881492257354,30.8352601942013,52.0556838807097,212.04204215821,30.784003828712,27.5483198530859,147.637051264401,13.3157002951646,33.8955166791953,41.315640788338,190.191530230212,79.1200680987767,54.5463979857162,27.1257564396909,22.697708689039,199.62099703216,34.5406368554399,36.0395734905684,186.288546745424,248.753253693051,80.0165756221793,19.4067808344133,68.2761998388384,32.7802677937615,19.2470088620999,30.2074044468164,211.511861194617,100.222961896699,22.3281953870708,20.1902114586436,2.32606108546764,58.6230658609931,299.894792854789,28.335326844114,0,0,314.273589037176,25.8067802829679,27.6569809188292,39.3005164751301,238.192974600575,21.2744240663859,13.5739076901722,54.5311894525876,15.0302772790136,7.23810066407436,27.4629342899582,13.6215041952882,16.3278865291601,331.44789962518,12.8427269574867,38.0046183083812,34.7872733726698,58.4645756435813,166.826653294072,66.1631403354504,139.376239490729,38.6387364481443,5.39170470234971,31.038765598712,33.4385193448119,24.8055344206708,39.6739413506971,259.244742822568,87.4003462032912,58.0715864366876,3.68250542623227,10.8001770032719,11.4364362574406,32.2090879960242,38.3648795972796,0,41.4135256331006,26.5141550197887,2.21084900934921,40.1210010532713,45.8981824807407,"HH vs. HC","HC"
"LOC144624325",4.39840556068496,18.55212980628,3.96396798016551,4.40014583385192e-07,0.000144686820665787,0,0,156.75745665063,0,0,0,0,0,0,0,0,2.12187307743965,0,0,0,8.58210418971948,0,0,1.82651522388455,0,0,0,79.4968737577544,0,0,0,0,0,9.81835163742892,0,0,0,2.22842818422193,0,5.19875014173276,0,0,0,0,0,0,0,10.8467621125445,0,0,0,0,1.02847483966655,0,2.098913099564,0,0,0,0,0,0,0,0,0,0,0,0,1.0171457144429,7.78371668302181,0,17.5060510365412,0,12.6682061027937,0,0,0,1.16075684799036,0,5.51981949259204,0,27.7131835702785,2.0265769299886,30.1210060822432,0,0,0,8.00987399126726,0,0,15.5208777779551,0,0,0,0,0,0,0,0,"HH vs. HC","HC"
"LOC111101613",46.6567167819964,-3.79769818515278,2.97309832211562,8.02957166318206e-05,0.0153370722863589,0.944335098603166,0,14.25067787733,1.74941379128385,2.3122855803192,1.16244221370333,203.60293847258,24.7635839459586,1.10324625820597,109.775319796067,7.06127779280044,8.48749230975862,54.5052638848874,57.0074513569448,0,8.58210418971948,8.2644703959686,118.054996172085,52.968941492652,12.0373211705534,0,8.47640610864181,12.3030876053668,21.0831921340107,297.923751864506,136.229950707493,1.04500840785831,3.04307954226064,7.63649571800027,4.17319329841398,3.40465630335585,31.5679716236904,11.1421409211097,1.0010992636269,0,2.26139321539137,4.21139871695681,20.484935325214,8.42916047393067,263.266525718647,0,282.58539643796,0.774768722324605,0.742392310345921,3.72136589784513,261.463238389435,2.32606108546764,32.9111948693294,4.08947444801985,0,0,48.4741768839158,0.924334085403459,15.2929068343514,124.456414134731,6.55008607918834,0,0,29.086945050369,3.27187136715526,73.8988632884838,0,3.05143714332869,1.94592917075545,22.0906700100402,0,3.21068173937167,0,457.914108681062,6.70904966401753,6.78157127211675,1.74113527198554,16.1856278118266,11.0396389851841,0,419.023335582612,34.4518078098062,0.885911943595387,0,169.201721460531,2.03256619077421,115.141938624467,41.428186045113,0,245.06649123087,32.2090879960242,108.027424129182,21.3592445708983,119.993035808727,58.7922567830097,4.42169801869841,8.67481103854514,12.8087951109044,"HH vs. HC","HH"
"LOC144625490",219.257044390423,-2.28290532494642,3.12707433053978,0.000320141599866406,0.0444722905867895,18.8867019720633,0,46.552214399278,1.74941379128385,8.09299953111719,2.32488442740666,3.92803096731665,0,4.41298503282386,0,1.00875397040006,2.12187307743965,1.04817815163245,5.30301873087858,11.020316265026,2940.44344800264,2.2539464716278,2.64302230236011,10.045833731365,0.925947782350261,4.29544239470401,3254.93994571845,2107.61354593475,14.4253419864283,6.54124006089734,3.34991682067606,8.36006726286648,7.1005189319415,1.09092795971432,3023.47854470093,0,2.78540926091385,2.22842818422193,1.0010992636269,1.73291671391092,4.52278643078275,5.26424839619601,0,0.842916047393067,9.21945031699543,2.13855654023332,648.971979405798,12.3962995571937,0,2.79102442338385,1.00951057293218,1.16303054273382,2.05694967933309,2.04473722400992,2.098913099564,0,0,5.54600451242075,7.64645341717569,4.93874659264807,0,9.66834952253255,0,2583.89028530778,0,0,0.904762583009296,4.06858285777158,11.6755750245327,1.92092782696001,12.8377707601302,2.14045449291445,0,2.83977741817713,1.91687133257644,0.678157127211675,2.32151369598072,0.89920154510148,8.96970667546206,5.39170470234971,1.10852734281114,2.0265769299886,647.601630768228,1.13354118144849,1.97896750246235,1.35504412718281,2.00246849781681,0,2.16003540065439,3.2675532164116,0,20.1920418933051,1.85732561486072,1.06188527264361,0,589.191260991563,2255.45087002174,1996.03723811593,"HH vs. HC","HH"
"LOC144620089",12.2411475112948,13.6122397964412,7.2301383376266,3.58437813438568e-05,0.00802684403421869,0,0,0,0,0,0,0,0,0,0,0,0,0,0,0,0,7.513154905426,0,0,0,0,0,0,0,9.51453099766885,2.2332778804507,0,0,0,0,0,0,0,0,0,17.3373479846672,0,0,0,0,0,0,6.19814977859684,0,0,15.1426585939827,0,1.02847483966655,4.77105352268982,0,943.692525739224,0,0,0,0,0,0,0,0,2.18124757810351,40.0807394107031,0,8.13716571554317,5.83778751226636,0,0,0,0,0,0.958435666288219,0,0,0,0,0,0,0,0,0,15.8317400196988,0,0,0.920626356558067,6.48010620196316,0,30.970276919254,0,0,0,19.5974189276699,0,0,0,"HH vs. HC","HC"
"LOC144625915",5.41311059694081,-20.8125171904582,6.1622684689005,4.32131523714551e-06,0.00120704092382074,0,0,0.950045191822,4.37353447820962,0,0,0.654671827886109,0,0,0,0,0,0,0,0,0,0,0,0,0,0,2.11910152716045,0,41.0567425767576,2.97329093677152,0,0,0,0,1.04329832460349,0,137.413523538417,0,0,0,3.76898869231896,0,0,0,0,0,0,0,0,0,3.02853171879654,0,3.08542451899964,0,0,0,0,0,0,0,0,0,190.406095394153,0,0,0,0,0,0,0,0,0,0,0,111.178537289433,0,0,0,0.689977436574005,0,0,0,0,0,0,0.677522063591404,0,0,0,0,0,0,0,0,0,0,0,0,"HH vs. HC","HH"
"LOC144620214",25.6618853534372,20.7368242670695,2.63912100930948,1.77420681032016e-15,2.7110923712757e-12,7.55468078882533,0,0,22.74237928669,72.8369957800547,4.64976885481331,41.2443251568249,0,0,0,14.1225555856009,0,29.3489882457086,0,0,0,0,0,31.9640164179797,99.0764127114779,0,104.895525594442,0,0,1.18931637470861,0,7.31505885500817,3.04307954226064,2.18185591942865,0,137.321137568686,0.928469753637951,0,0,0,1.50759547692758,1.0528496792392,0,0,69.6580690617433,0,0,29.441211448335,63.8457386897492,168.391806877492,1.00951057293218,0,0,81.7894889603969,0,0,48.4741768839158,0,0,0,0,6.15258605979344,0,0,0,0,0,199.360560030808,5.83778751226636,82.5998965592806,0,0,0,0,71.8826749716164,49.5054702864523,0,117.795402408294,2.75990974629602,32.3502282140983,191.775230306328,4.0531538599772,49.6110688413417,58.9441414353214,79.1587000984941,0,0,24.8569116270678,24.8404071075255,167.462102341094,29.7314658424839,0,0,142.292626534243,0,0,0,0,"HH vs. HC","HC"
"LOC111100157",20.4688648241274,15.2369825903712,10.6828486718251,6.60660236159271e-05,0.0132953613740431,0,0,352.466766165962,0,0,0,0,0,0,0,0,0,0,0,0,0,79.6394419975156,0,0,0,0,0,13.2494789596257,0,7.13589824825164,0,0,496.021965388485,0,0,0,0,25.6269241185522,0,0,3.76898869231896,0,0,3.37166418957227,0,0,0,0,0,0,9.08559515638963,0,7.19932387766582,0,0,0,0,0,0,0,0,0,0,0,0,20.0403697053515,0,0,14.5944687806659,0,585.869174689579,0,0,0,0,0,0,0,0,128.052986680806,0,0,0,145.093271225407,0,0,0,0,0,0,12.3881107677016,0,0,0,0,0,0,0,"HH vs. HC","HC"
"LOC144620359",10.001649587352,-21.0892005715347,3.29956239742708,7.05449267864016e-11,4.58136390782589e-08,0,20.0525127610619,0,61.2294826949346,0,31.3859397699899,0,4.12726399099309,0,19.9591490538303,45.3939286680028,20.1577942356767,60.7943327946821,0,0,16.091445355724,17.2802562824798,37.8833196671616,0,0,0,0,7.57113083407185,0,0,36.8490850274366,0,0,2.18185591942865,0,1.13488543445195,124.414946987486,0,0,0,0,0,0,0,0,27.8012350230331,0,0,0,0,0,0,0,0,0,0,0,0,0,0,0,0,55.3135025726032,0,0,101.454371633342,45.2381291504648,0,0,0,0,0,0,0,5.75061399772931,10.1723569081751,0,0,0,0,0,27.3587885548461,7.0872955487631,0,0,31.1660149252046,0,0,38.880637211779,0,13.6269218444718,0,0,28.6709023613773,31.1253124145346,0,0,0,"HH vs. HC","HH"
"LOC144627036",58.6169633027112,-1.41168793826012,1.44192673988549,0.000143633538376253,0.0243867217411761,27.3857178594918,24.0630153132743,265.062608518338,153.948413632979,19.6544274327132,63.934321753683,38.6256378452804,6.19089598648964,9.9292163238537,43.9101279184267,31.2713730824019,10.6093653871983,16.7708504261192,14.5833015099161,84.1551423874711,52.5653881620318,36.8144590365874,58.1464906519224,34.7037892538065,14.8151645176042,364.396696484057,85.8236118499983,66.2473947981287,36.6181758117027,75.5215897939965,59.1818638319437,210.04668997952,14.201037863883,54.5463979857162,53.2082145547782,121.432741486359,63.1359432473807,67.9670596187689,282.309992342786,21.6614589238865,25.6291231077689,63.1709807543521,53.9077245400368,8.42916047393067,19.4632840025459,69.5030875575828,30.2074044468164,151.079900853298,10.3934923448429,23.2585368615321,71.6752506781849,39.5430384529499,27.7688206709967,23.8552676134491,25.186957194768,14.036616515572,61.169794639227,7.39467268322767,229.393602515271,44.4487193338326,31.1129088761446,11.4262312539021,51.0586177593261,47.5086769156028,49.0780705073289,18.7878465987671,5.42857549805577,39.6686828632729,298.700127710962,16.3278865291601,32.6779619348769,9.63204521811501,27.4477798893864,331.544013572179,14.3765349943233,63.0686128306858,31.9208133197348,26.0768448079429,55.1981949259204,53.9170470234971,37.6899296555788,34.4518078098062,62.8997479952725,7.93478827013942,28.6950287857041,16.2605295261937,26.0320904716186,13.809395348371,37.8006195114518,108.646144445686,23.5374104586331,33.3168691239533,8.35796526687325,37.1659845425262,11.5278934868647,21.0030655888175,83.4950562459969,60.8417767767959,"HH vs. HC","HH"
"LOC144627283",50.6190362720761,-20.4065436610301,2.5704889122404,9.48625389541671e-16,1.76017441029457e-12,150.149280677903,1.0026256380531,0,0.874706895641923,8.09299953111719,0,1188.22936761329,942.048005944173,0,0,0,427.55742510409,0,0,0,1.07276302371494,0,1.76201486824007,6.39280328359593,94.4466737997266,17.8976766446,10.5955076358023,31.2309146905464,5.54820845631859,0,0,124.356000535139,2.02871969484043,0,1.04329832460349,21.5628232545871,48.2804271891735,0,0,9.53104192651007,1.50759547692758,0,3.23446347240221,1057.01672343091,72.7312191674084,0,0,127.83683918356,0,3.72136589784513,0,0,0,0,0,63.7046441860574,6.92488241198797,0,0,0,0,0,41.4851269294524,0,3.27187136715526,5.01009242633788,0,1.0171457144429,0,0,0,0,0,0,9.58435666288218,34.5860134877954,0,65.6417127924081,0,0,7.75969139967799,0,16.8323269283124,1.13354118144849,83.1166351034188,0,0,0,0,0,0,0,0,2.12377054528721,3.4583680460594,0,2.16870275963628,0,"HH vs. HC","HH"
"LOC111101236",167.386579274158,-3.51288806925342,3.5446998098196,0.000150461301479035,0.0252163434098122,16.0536966762538,2.00525127610619,3.800180767288,4.37353447820962,1.1561427901596,3.48732664110998,5.89204645097498,8.25452798198618,6.6194775492358,9.97957452691517,0,2.12187307743965,0,0,5.0092346659209,12.8731562845792,0,7.92906690708032,1723.31711373507,25.000590123457,1393.87105708145,3.17865229074068,15.1422616681437,0,3.56794912412582,0,0,1.01435984742021,464.735310838302,12.5195798952419,0,944.253739449797,316.436802159514,1205.32351340679,3.46583342782184,18.091145723131,2.1056993584784,5.39077245400368,0.842916047393067,2.0487667371101,1.06927827011666,0,0.774768722324605,1.48478462069184,0,3.02853171879654,1.16303054273382,16.4555974346647,8.86052797070966,22.038587545422,2.15947946393415,1441.52968876216,2.77300225621038,1246.37190699964,0,0,3.51576346273911,1217.96077780059,11.6347780201476,4.36249515620701,8.7676617460913,0,8.13716571554317,1409.82568421233,0,1.16707006910275,4.28090898582889,1.05568384189948,2.83977741817713,428.420742830834,2.7126285088467,0.580378423995179,8.09281390591332,0.689977436574005,649.70041663314,1.10852734281114,5.06644232497149,509.399367567348,1021.32060448509,19.7896750246235,1.35504412718281,0,5.5237581393484,3.24005310098158,6.53510643282319,1.23881107677016,5.04801047332626,16.7159305337465,1188.24962008819,17.291840230297,0,17.3496220770903,6.4043975554522,"HH vs. HC","HH"
"LOC111120951",52.7548443447088,2.45242838647751,3.42445978162704,0.000334533458189722,0.0459797653089652,285.189199778156,0,41.801988440168,0,62.4317106686183,0,3.92803096731665,0,94.8791782057131,0,181.575714672011,6.36561923231896,0,0,102.188387184786,15.0186823320091,522.164265927107,0,158.906824477956,35.1860157293099,0,242.637124859872,81.3896564662724,0,0,0,16.720134525733,0,2.18185591942865,4.17319329841398,501.619362027762,0,73.5381300793237,303.333076878951,0,21.8601344154499,40.0082878110897,2.15630898160147,17.7012369952544,77.8531360101836,1.06927827011666,5.84659440906124,3.87384361162303,74.2392310345921,0,0,200.041253350217,7.19932387766582,0.681579074669974,22.038587545422,0,0,21.2596839642796,0,55.3139618376583,3.27504303959417,51.8575110754019,0,0,136.327973631469,0,1.80952516601859,165.794751454192,18.4863271221768,119.097525271521,4.66828027641099,18.1938631897728,230.139077534086,0,1.91687133257644,347.894606259589,53.3948150075564,5.39520927060888,0.689977436574005,5.39170470234971,42.1240390268234,1.0132884649943,276.404526401761,26.0714471733152,13.8527725172365,38.61875762471,49.060478196512,0,1.08001770032719,0,1.23881107677016,1.00960209466525,2.78598842229108,0,1.15278934868647,0,1.08435137981814,0,"HH vs. HC","HC"
"LOC111108847",10.8280656012953,2.09067835618241,2.28635156356452,0.00019126438036459,0.0308600919796954,3.77734039441266,3.00787691415929,4.75022595911,0,5.78071395079799,13.9493065644399,13.7481083856083,18.5726879594689,6.6194775492358,1.99591490538303,2.01750794080012,4.24374615487931,2.0963563032649,1.32575468271965,4.00738773273672,0,3.756577452713,3.52402973648014,0,45.3714413351628,1.431814131568,8.47640610864181,10.4103048968488,4.43856676505487,0,4.46655576090141,0,0,13.0911355165719,7.30308827222446,9.07908347561561,1.8569395072759,12.2563550132206,4.0043970545076,4.3322917847773,4.52278643078275,3.1585490377176,0,11.8008246635029,5.12191684277524,4.27711308046664,1.94886480302041,3.09907488929842,5.19674617242144,1.86068294892256,0,3.48909162820146,0,26.581583912129,5.24728274891,0,1.15414706866466,14.7893453664553,0,0.987749318529613,21.2877797573621,0.878940865684777,0,1.9391296700246,8.72499031241402,2.50504621316894,7.23810066407436,2.03429142888579,2.91889375613318,10.5651030482801,0,244.011812192247,48.5614567273759,2.12983306363284,11.5012279954586,11.5286711625985,0,33.2704571687548,0,8.08755705352457,2.21705468562228,4.0531538599772,0,4.53416472579395,35.6214150443223,13.5504412718281,0,68.1263503852969,10.8001770032719,3.2675532164116,0,0,15.7872677263161,19.1139349075849,73.7785183159338,2.21084900934921,22.771378976181,1.06739959257537,"HH vs. HC","HC"
"LOC111101985",699.911992637921,2.73382063438267,2.85087237771985,0.000166445542042376,0.0271934329914138,109.542871437967,24.0630153132743,108.305151867708,7.87236206077731,16.1859990622344,2530.63669923214,17.6761393529249,34.049927925693,27.5811564551492,8721.15017907116,5.04376985200031,9.54842884847844,6908.54219740948,42.4241498470287,2213.07987540385,22.5280234980136,15.026309810852,5561.79993159979,4721.54185374157,51.8530758116146,2.863628263136,27.5483198530859,44.4803936501721,679.100715053396,66.601716983682,2405.24027724541,9.40507567072478,752.655006785799,4.3637118388573,387.063678427897,31.7767921646546,0,8.91371273688773,13.0142904271497,4.3322917847773,24.1215276308413,3199.61017520793,121.831457460483,8.42916047393067,7.17068357988534,145.421844735866,11.6931888181225,572.554085797883,654.790017725102,707.059520590574,102.970078439083,103.50971830331,4.11389935866618,2.7263162986799,22.038587545422,0,8.07902948065263,4.6216704270173,0.955806677146961,2032.78809753394,39.3005164751301,0,0,3.87825934004921,69.7999224993122,6415.42335192566,11.7619135791208,61.0287428665738,1.94592917075545,12.4860308752401,2245.44281295369,950.361794854014,2.11136768379895,32.657440309037,309.574720211095,19.6665566891386,13.3487037518891,47.6576818903785,895.590712673058,12.1313355802868,73.1628046255354,36.4783847397948,30.1210060822432,239.177189285631,38.5898662980159,21.0031839713335,15.0185137336261,33.1425488360904,3.24005310098158,87.4070485390102,8.67167753739113,494.705026385974,1102.32275241984,6995.70017617607,12.6806828355511,888.761301758381,42.2897038129075,504.880007288148,"HH vs. HC","HC"
"LOC111123231",45.7973294292252,-3.84510834825561,0.716397593451094,2.90792184183455e-08,1.1621397797744e-05,84.0458237756818,25.0656409513274,423.720155552612,34.113568930035,16.1859990622344,33.7108241973965,28.8055604269888,56.749879876155,148.938244857805,12.9734468849897,43.3764207272027,54.1077634747112,20.963563032649,17.2348108753554,8.01477546547344,22.5280234980136,19.5342027541076,44.0503717060018,55.7087143284788,16.6670600823047,19.329490776168,29.6674213802463,16.0886530224027,32.1796090466478,19.0290619953377,16.7495841033803,17.7651429335913,27.3877158803458,22.9094871540008,14.6061765444489,4.5395417378078,15.7839858118452,28.9695663948851,19.0208860089111,80.5806271968579,64.0728077694223,20.0041439055448,30.1883257424206,31.1878937535435,15.3657505283257,18.1777305919832,24.3608100377552,17.8196806134659,38.6044001379879,30.7012686572223,11.104616302254,16.2824275982735,12.3416980759985,24.5368466881191,7.346195848474,22.6745343713086,33.4702649912752,14.7893453664553,10.5138734486166,20.7427356891219,14.7376936781738,11.4262312539021,18.083260456428,9.69564835012302,10.9062378905175,3.75756931975341,16.2857264941673,40.6858285777158,14.5944687806659,20.1697421830802,16.3389809674385,29.9663629008022,11.6125222608942,1365.9329381432,8.62592099659397,10.8505140353868,22.0543801118168,12.5888216314207,22.0792779703682,33.6981543896857,23.279074199034,26.3455000898518,28.3491821950524,44.208106076491,10.8843212635429,57.5893754052694,14.0172794847177,41.428186045113,25.9204248078526,54.7315163748943,59.4629316849677,9.08641885198728,32.5031982600626,29.7327876340209,59.9450461316962,19.8976410841428,17.3496220770903,14.9435942960551,"HH vs. HC","HH"
"LOC144622284",7.67246276219288,-42.0302868714121,5.5685854963139,1.25575528697273e-15,2.17471700597937e-12,0,0,0,0,0,0,9.82007741829164,0,0,0,0,0,0,0,0,0,0,0,0,0,98.0792680124081,0,0,0,0,24.5660566849578,0,0,0,0,0,0,3.3426422763329,0,66.7172934855705,0,0,0,0,0,0,0,5.42338105627224,0,0,0,0,0,0,0,0,88.8693242871789,0,0,0,0,0,0,0,0,0,0,0,0,0,0,0,0,68.154658036251,0,0,0,30.5728525334503,0,0,0,0,27.463270251457,0,0,0,52.0641809432372,35.9044279057646,0,4.9013298246174,0,120.142649265165,0,77.5176249029832,0,0,0,0,"HH vs. HC","HH"
"LOC111124700",22.963519368991,19.423478074682,2.46702641048524,1.7245670753504e-15,2.7110923712757e-12,5.666010591619,2.00525127610619,20.900994220084,0,2.3122855803192,0,0,0,0,0,0,75.3264942491077,0,0,3.00554079955254,2.14552604742987,0,0,3.6530304477691,3.70379112940104,0,6.35730458148136,7.57113083407185,77.6749183884603,0,438.839103508564,2.09001681571662,0,0,14.6061765444489,2.2697708689039,0.928469753637951,4.45685636844386,0,10.3975002834655,3.01519095385517,8.42279743391361,8.62523592640589,0,0,2.13855654023332,0,13.9458370018429,0,0,0,9.30424434187056,0,0,2.098913099564,0,0,0,0,19.7549863705923,4.91256455939126,0,0,0,0,2.50504621316894,0,0,217.944067124611,7.68371130784006,4.66828027641099,4.28090898582889,14.7795737865927,0,0,1.35631425442335,3.48227054397107,0,0,0,13.3023281137337,0,763.656095379224,0,9.89483751231176,2.71008825436562,322.397428148507,0,0,0,0,0,0,0,0,2.21084900934921,4.33740551927257,4.26959837030146,"HH vs. HC","HC"
"LOC111126871",22.0651253412749,5.78808191375078,1.75763358997794,3.87514669515878e-06,0.00110620533736417,3.77734039441266,18.0472614849557,503.52395166566,6.12294826949346,13.8737134819152,3.48732664110998,0,0,11.0324625820597,2.99387235807455,6.05252382240037,6.36561923231896,48.2161949750927,19.8863202407947,21.0387855968678,36.4739428063078,21.0368337351928,1.76201486824007,19.1784098507878,2.77784334705078,17.181769578816,10.5955076358023,16.0886530224027,12.2060586039009,1.18931637470861,6.69983364135212,7.31505885500817,0,4.3637118388573,7.30308827222446,12.4837397789715,1.8569395072759,23.3984959343303,16.0175882180304,0,3.01519095385517,9.47564711315282,17.2504718528118,0,2.0487667371101,23.5241219425665,9.74432401510207,39.5132048385549,7.42392310345921,10.2337562190741,6.05706343759309,20.9345497692088,1.02847483966655,6.13421167202977,0,8.6379178557366,9.23317654931729,504.686410630289,0,11.8529918223554,26.2003443167534,5.27364519410866,0,0,9.81561410146577,20.0403697053515,0,16.2743314310863,0,12.4860308752401,29.1767517275687,48.160226090575,1.05568384189948,5.67955483635425,1.91687133257644,8.1378855265401,4.64302739196143,0,5.51981949259204,0,135.240335822959,0,71.7588674312264,12.4689529959334,1.97896750246235,7.45274269950545,26.0320904716186,0,3.24005310098158,0.816888304102899,0,0,0,7.43319690850524,10.3751041381782,7.73797153272222,0,0,"HH vs. HC","HC"
"LOC111127291",20.6408687267762,19.9409441524293,2.78240746871251,3.65975664241284e-13,3.80277993199834e-10,0,0,0,0,2.3122855803192,0,24.8775294596721,13.4136079707276,0,0,0,347.987184700103,114.251418527937,0,0,0,34.5605125649596,0,0,0.925947782350261,0,1.05955076358023,0,26.6314005903292,0,5.58319470112676,3.13502522357493,0,87.2742367771459,65.7277944500202,0,0,115.87826557954,22.0241837997918,6.93166685564369,2.26139321539137,0,0,0,0,51.3253569655996,2.92329720453062,3.09907488929842,0,0,23.2187431774402,76.7600158204321,2.05694967933309,0,45.126631640626,0,0,0,0,31.6079781929476,54.0382101533038,0,0,0,0,0,0,4.06858285777158,6.81075209764409,24.9720617504802,0,0,59.1182951463707,0,179.227469595897,0,4.64302739196143,0,0,12.1313355802868,22.1705468562228,0,0,0,0,0,0,0,363.965965010264,0,0,0,0,0,36.8892591579669,0,3.25305413945443,37.3589857401378,"HH vs. HC","HC"
"LOC111125971",882.548112384873,3.39944977961706,1.76174350348922,2.78106209482437e-05,0.00650843694029303,138.817259494665,113.2966971,72.203434578472,99.7165861031793,175.733704104259,689.328232726073,136.171740200311,30.9544799324482,175.416155054749,183.624171295239,111.971690714407,134.738940417418,156.178544593235,152.461788512759,193.356458104547,19547.8878181335,229.151224615493,154.176300971006,149.774248358533,664.830507727487,112.397409328088,105.955076358023,204.42053251994,367.291399808291,140.339332215616,141.81314540862,96.1407735229645,2713.41259184907,109.092795971432,69.9009877484342,96.4652619284158,77.06298955195,167.132113816645,207.227547570768,71.0495852703478,122.869031369598,779.108762637009,111.049912552476,111.264918255885,166.974489074473,125.105557603649,181.244426680899,148.755594686324,125.464300448461,216.769563549479,147.388543648099,154.683062183598,99.7620594476549,139.723710307345,293.84783393896,113.372671856543,66.9405299825503,169.153137628833,60.2158206602585,826.746179609286,12640.0286113137,636.353186755779,141.474920041466,141.556465911796,176.681053826384,191.636035307424,133.000099702366,157.657585738649,38.9185834151091,204.578813571242,94.5326755973225,212.975222044987,13564.4816845664,144.828648327033,148.557528274674,162.07955340359,150.318011814751,123.190611678903,145.585239117115,233.191228376625,88.6821874248914,102.342134964424,139.088175144476,94.0839180602245,723.31262214999,134.826890654689,176.21722780788,82.856372090226,163.082672749406,42.4781918133508,52.0300652243468,185.766785418407,234.023027472451,172.025414168264,221.335554947801,205.608957869476,17414.6831598794,252.973703440362,"HH vs. HC","HC"
"LOC111124988",43.6870363657773,-2.61442145133533,1.55650784437741,3.9484220002412e-05,0.00869221680510726,12.2763562818412,36.0945229699114,115.905513402284,27.1159137648996,6.93685674095759,24.4112864877699,58.9204645097498,1.03181599774827,16.5486938730895,23.9509788645964,34.2976349936021,39.2546519326336,9.43360336469205,2.65150936543929,11.020316265026,16.091445355724,30.8039351122466,25.549215589481,17.3518946269032,38.8898068587109,19.329490776168,52.9775381790113,71.9257429236825,7.76749183884603,14.2717964965033,2.2332778804507,3.13502522357493,4.05743938968086,45.8189743080016,20.8659664920699,14.7535106478754,28.7825623627765,3.3426422763329,22.0241837997918,6.93166685564369,20.3525389385224,23.1626929432624,14.0160083804096,49.7320467961909,49.1704016906423,5.3463913505833,3.89772960604083,48.8104295064501,26.7261231724531,5.58204884676769,14.1331480210505,4.65212217093528,7.19932387766582,26.581583912129,26.23641374455,101.495534804905,49.6283239525804,19.4110157934726,650.90434713708,31.6079781929476,21.2877797573621,31.641871164652,0,15.5130373601968,31.6280898825008,10.0201848526758,493.095607740066,30.5143714332869,15.5674333660436,25.9325256639602,18.673121105644,2.14045449291445,27.4477798893864,31.9474959544927,470.591912147515,3.39078563605838,9.86643320791804,41.3632710746681,156.624878102299,28.306449687336,28.8217109130897,14.1860385099202,99.2221376826834,10.2018706330364,27.7055450344729,16.2605295261937,123.151812615734,23.0156589139517,32.4005310098158,40.0275269010421,27.2538436889435,15.1440314199788,10.215290881734,7.43319690850524,19.5974189276699,14.3705185607698,15.180919317454,27.7523894069595,"HH vs. HC","HH"
"LOC111122980",780.356595978726,24.1399577325429,2.3954516660154,2.40576488717604e-24,2.08315181580574e-20,1488.27211539859,0,270.76287966927,582.554792497521,2121.52201994286,1393.76821423029,0,2268.96337904845,4.41298503282386,3121.61091201906,579.024779009636,3333.4626046577,908.770457465334,0,0,537.454274881182,0,692.471843218348,1362.58035701788,2848.2153785094,0,563.68100622468,1054.2799686445,757.88527513312,0,0,0,1859.32160032125,648.011208070308,0,356.354026417913,0,0,0,2300.44693771675,1614.63475578944,1099.17506512573,0,0,1460.7706835595,1828.46584189949,2522.80548750993,1616.16755476913,659.244371587177,1415.97972413007,1.00951057293218,0,0,0.681579074669974,0,347.676193693398,839.064918919209,0,0,948.239345788429,1411.54355006509,1210.30157204794,0,0,5.45311894525876,1114.74556486018,0,1.0171457144429,0,0,274.261466239146,2045.20426797975,582.737480728511,0,792.626296020357,1057.246961323,0.580378423995179,1992.63062394488,1048.07572615591,718.444651588099,844.69783522209,494.484770917218,0,969.177710138458,3542.35182940761,0,0,1654.36556273485,0,1194.29070059844,2752.6382125833,0,924.94815620064,831.456168479943,1686.5308171283,1411.62709246947,603.983718558705,0,"HH vs. HC","HC"
"LOC111122505",31.1941806432,-15.7715893472309,3.08302509540677,1.06662613507568e-07,3.84829820984179e-05,2.8330052958095,0,5.700271150932,0,0,0,0,0,0,0,0,5.30468269359914,0,35.7953764334304,0,0,0,3.52402973648014,3.6530304477691,75.0017703703711,7.15907065784001,6.35730458148136,14.1958703138847,2.21928338252744,0,1.11663894022535,0,0,2.18185591942865,8.34638659682796,13.6186252134234,0,4.45685636844386,2.0021985272538,0,34.6746959693344,0,2.15630898160147,0,0,0,0,0,0.742392310345921,0,4.03804229172873,11.6303054273382,0,0,765.053824791078,0,0,0,0,0,0,0,0,0,1292.38919002633,0,1.80952516601859,0,0,0,0,0,0,0,0,0,0,458.592788001755,5.51981949259204,0,0,3.0398653949829,0,0,100.92734262558,1.35504412718281,24.0296219738018,0,0,1.6337766082058,0,0,0,0,0,0,0,0,"HH vs. HC","HH"
"LOC111125416",63.9291073204084,21.82238358953,3.74845822976267,2.27061994935064e-09,1.07243444407785e-06,137.872924396062,0,353.416811357784,0,0,0,0,0,0,0,49.4289445496031,0,0,0,237.437723164651,0,81.8933884691434,0,233.793948657223,0,0,380.378724125301,70.0329602151646,2.21928338252744,0,0,0,0,0,0,129.376939527522,0,0,260.285808542994,0,6.03038190771033,0,0,0,0,0,0,326.952400820983,0,0,0,167.47639815367,8.22779871733236,0,0,0,0,0,0,0,0,0,0,0,42.5343277730183,0,0,17.2914771455292,0,0,0,61.0029530480617,222.74929064079,0,0,149.194567986569,113.754171103055,0,0,207.580631040464,66.5116405686685,0,1894.07973540694,31.7391530805577,0,0,560.691179388708,0,127.442088638609,0,0,2.01920418933051,1.85732561486072,0,0,0,0,2.13479918515073,"HH vs. HC","HC"
"LOC111126885",18.4650261112774,-6.77735012674125,2.41632551856017,7.50508157790356e-06,0.00200989179535258,1.88867019720633,0,0,17.4941379128385,0,11.6244221370333,0,1.03181599774827,1.10324625820597,1.99591490538303,0,16.9749846195172,0,7.95452809631787,0,10.7276302371494,7.513154905426,0,0,0.925947782350261,0.715907065784001,0,5.67834812555389,6.65785014758231,1.18931637470861,22.3327788045071,0,3.04307954226064,1.09092795971432,0,2.2697708689039,0.928469753637951,4.45685636844386,3.0032977908807,0,1.50759547692758,2.1056993584784,74.3926598652508,3.37166418957227,0,2.13855654023332,1.94886480302041,2.32430616697382,0,7.44273179569026,0,4.65212217093528,425.78858362195,0.681579074669974,1.049456549782,0,2.30829413732932,0,367.98557070158,0.987749318529613,4.91256455939126,1.75788173136955,0,264.691199958358,9.81561410146577,2.50504621316894,0.904762583009296,1.0171457144429,3.89185834151091,7.68371130784006,0,0,3.16705152569843,285.397630526801,4.79217833144109,0,5.80378423995179,4.4960077255074,2.06993230972201,0,0,0,23.0337105334801,0,0,0,12.0148109869009,0,0,0,3.71643323031048,0,0,26.5471318160901,6.91673609211879,0,1.08435137981814,11.741395518329,"HH vs. HC","HH"
"LOC111123578",63.0757357228676,-18.2374980277403,2.7612597595031,2.09899430970734e-11,1.51459931064632e-08,1.88867019720633,2.00525127610619,0,0,2.3122855803192,0,3.92803096731665,0,0,0,0,0,2.0963563032649,0,0,0,1.5026309810852,0,0,0,1489.08669683072,2.11910152716045,0.946391354258981,0,0,0,2.09001681571662,0,0,0,0,5.57081852182771,0,744.817852138414,0,0,0,1100.79573510755,3.37166418957227,0,0,2.92329720453062,1.54953744464921,0,0,0,495.451011204607,0,0,0,0,0,0,3.82322670858784,0,0,0,0,0,0,0,0,14.2400400022005,611.99472420259,0,0,0,0,5.67955483635425,0,11.5286711625985,0,0.89920154510148,0,4.04377852676228,53.2093124549348,1198.72025408826,5.31547166157232,74.8137179756002,0,0,6.00740549345044,0,0,8.16888304102899,0,4.03840837866101,0,0,0,1.1054245046746,0,0,"HH vs. HC","HH"
"LOC111125681",252.164769604454,6.9545857798247,4.89538343052299,6.48301567308532e-05,0.013156976417167,0,613.606890488495,378.117986345156,494.209396037687,421.992118408253,0,713.592292395859,0,2.20649251641193,1.99591490538303,6.05252382240037,78.5093038652672,550.293529607036,0,5.0092346659209,0,155.522306542318,1.76201486824007,0,4.6297389117513,1.431814131568,0,0,1146.25986707542,0,37.965723967662,0,778.014002971304,1239.29416223547,179.447311831801,2.2697708689039,9.28469753637951,453.485135489163,407.447400296149,1049.28107027306,3.01519095385517,0,5.39077245400368,5.90041233175147,8.19506694844038,2092.5775746183,1132.29045055486,5.42338105627224,3.7119615517296,0,88.836930418032,19.7715192264749,0,1.36315814933995,911.977741760558,0,0,7.39467268322767,0,29.6324795558884,659.921172478226,14.9419947166412,0,0,2.18124757810351,0,0.904762583009296,10.171457144429,0,40.3394843661603,0,4.28090898582889,1260.48650722798,0,491.677496805856,0,435.283817996384,0,0,365.287993584193,445.627991810079,0,0.885911943595387,6.80124708869093,0,7.45274269950545,0,0,1643.78693989799,0,0,0,3.71465122972145,0,4523.54540424569,0,8.67481103854514,478.195017473764,"HH vs. HC","HC"
"LOC144622228",8.02343639069471,-17.0889814825607,5.2707057619117,5.8257702816492e-06,0.0015930108905937,0,0,0,0,0,0,9.82007741829164,2.06363199549655,0,0,0,8.48749230975862,0,0,0,0,0,0,0,0,0,7.41685534506158,94.6391354258981,0,0,0,5.22504203929155,1.01435984742021,0,0,69.228011501569,0,0,0,0,0,0,10.7815449080074,0,0,0,0,17.8196806134659,6.68153079311328,0,0,0,0,0,0,0,123.493736347119,0,1.91161335429392,0,0,0,1.06372120331929,0,123.240488162848,0,0,0,0,0,0,0,0,7.09944354544282,25.8777629897819,0,0,98.0129684160614,0,0,0,0,0,0,0,0,0,0,0,10.6195479533377,0,0,95.6522691653272,19.1139349075849,6.91673609211879,0,0,0,"HH vs. HC","HH"
"LOC111123678",82.1165256084458,-22.2724453405163,3.51122891811191,8.75156850641547e-11,5.5448657339306e-08,1027.43658728024,0,0,0,0,0,9.82007741829164,0,0,10.9775319796067,0,75.3264942491077,0,0,0,0,0,1295.08092815645,0,56.4828147233659,0,0,0,0,0,0,0,0,2.18185591942865,0,0,0,0,0,0,0,21.056993584784,0,0,90.1457364328442,0,0,103.044240069172,0,0,35.3328700526263,0,0,0,0,1528.91146046538,0,0,0,37.5344741041253,0,0,0,0,8.72499031241402,48.8484011567944,155.619164277599,104.766008587618,0,0,0,0,0,102.941931408921,71.8826749716164,0,0,152.864262667252,1.37995487314801,43.1336376187977,0,13.1727500449259,7.0872955487631,103.152247511812,70.2533463374135,0.677522063591404,1.00123424890841,0,0,0.816888304102899,2332.68125755821,0,0,0,124.501249658138,0,0,0,"HH vs. HC","HH"
"LOC144623061",751.811488803957,5.60372442938337,2.07805520059844,8.91103976468963e-06,0.00236206204048309,516.551298935932,165.433230278761,941.494785095602,51.6077068428735,3.46842837047879,569.596684714631,44.5176842962554,36.1135599211896,1.10324625820597,0.997957452691516,6.05252382240037,125.19051156894,0,17.2348108753554,847.562505473816,25.7463125691584,93.914436317825,33.4782824965614,3.6530304477691,741.684173662559,1098.20143891266,558.383252406779,48.265959067208,3.32892507379116,121.904928407632,471.221632775099,82.5556642208064,1.01435984742021,7.63649571800027,2402.71604156185,130.511824961974,176.409253191211,2561.57819776311,2932.21974316319,1758.04400626263,932.44780247971,85.2808240183753,31.2664802332214,149.196140388573,929.115715279429,1724.74584969817,9.74432401510207,19.3692180581151,1231.62884286388,69.7756105845962,0,165.150337068202,4374.10349310182,591.610636813538,1590.97612946951,1593.6958443834,1678.12983783842,1649.93634244517,23.895166928674,42.4732206967734,49.1256455939126,511.54358382854,1.06372120331929,0,4070.20798074114,21.292892811936,87.7619705519017,6902.35081820949,2623.11252217835,9.60463913480007,1147.229877928,8890.37773632015,77.0649204586618,13.4889427363414,1.91687133257644,71.2064983572259,55.7163287035372,2026.80028265874,6.89977436574005,45.8294899699725,75.3798593111576,1477.37458196169,13.2886791539308,17.0031177217273,586.763864480087,106.37096398385,23.0283877248934,517.392012385634,154.442531146789,77.6043888897754,422.434577178625,859.17138256013,1438.49868870963,2440.212356535,21.9029976250428,0,740.611992415791,862.458870800896,"HH vs. HC","HC"
"LOC111125743",759.908454553,1.32024942906065,1.72661128106256,0.000288909250241268,0.0416391463607844,902.784354264627,740.940346521238,596.628380464216,32.3641551387512,156.079276671546,1054.33508782892,65.4671827886109,87.7043598086032,163.280446214483,164.6629796941,101.884151010406,144.287369265897,13.6263159712218,53.0301873087858,1062.95959610842,10.7276302371494,99.9249602421658,599.966062635744,101.371594925593,1314.84585093737,720.918415244489,1545.88456406355,2091.52489291235,379.497458412192,941.343910581862,912.294014164113,373.068001605416,128.823700622367,219.276519902579,3274.91344093037,107.814116272935,845.835945564174,460.170420041829,854.938771137373,850.862106530263,3109.41567116314,931.771966126693,36.6572526872251,47.2032986540117,4370.01945025583,869.323233604844,38.9772960604083,261.097059423392,783.223887414946,1946.274364573,100.951057293218,91.8794128759718,2809.793261969,892.187008742996,4117.01804479479,1385.30607611376,660.172123276186,1106.42790022794,151.01745498922,501.776653813044,54.0382101533038,732.157741115419,78.7153690456277,75.6260571309595,137.418597420521,116.484648912356,57.0000427295856,3816.33072058975,2716.51712237461,204.578813571242,738.755353742039,2227.14289987748,27.4477798893864,44.0165499817455,241.525787904631,25.091813706832,168.890121382597,149.267456486846,139.375442187949,106.486167871407,979.938171045049,833.936406690308,302.095972766027,133.757859410922,1235.86520528774,1668.05932056204,79.0975056637642,61.6819658893905,49.6808142150509,88.2239368431131,559.942606700113,774.364806608249,3525.20401700565,598.903293770993,116.431724217333,39.7952821682857,1818.45726395502,564.654384472369,"HH vs. HC","HC"
"LOC111124856",3.01167882102146,-12.2953671096843,6.91664666286804,4.18360657291673e-05,0.0090564623287215,0,0,0,0,11.561427901596,6.97465328221997,0.654671827886109,0,3.3097387746179,0,0,0,0,0,0,0,3.0052619621704,0,23.7446979104992,0,0,141.97980231975,0,0,0,0,0,5.07179923710107,0,0,0,0,0,0,0,9.0455728615655,0,0,5.0574962843584,0,0,0,13.9458370018429,2.96956924138368,0,0,0,0,0,5.24728274891,0,2.30829413732932,0,0,0,0,0,0,0,5.45311894525876,0,0,0,0,5.76278348088004,0,0,0,1.41988870908856,1.91687133257644,0,0,2.69760463530444,0,26.9585235117486,0,0,0,0,0,0,1.00123424890841,0,0,0,0,0,0,0,0,0,0,0,"HH vs. HC","HH"
"LOC111126396",79.6611773720827,21.7328735616843,2.37940927657523,2.79531586638963e-20,1.45227840522407e-16,86.8788290714913,0,11.400542301864,214.303189432271,0,0,139.445099339741,76.3543838333722,0,33.9305533915116,282.451111712017,1.06093653871983,0,0,0,257.463125691584,57.8512927717802,103.077869792044,0,193.523086511204,0,5.29775381790113,167.51126970384,322.905732157742,0,0,0,0,237.822295217723,7.30308827222446,1.13488543445195,0,0,0,34.6583342782184,0,1.0528496792392,100.268367644469,0,0,17.1084523218665,0,77.4768722324605,6.68153079311328,267.938344644849,129.217353335319,13.9563665128058,0,26.581583912129,5.24728274891,99.3360553409709,16.1580589613053,58.2330473804179,0,4.93874659264807,296.391395083273,0,0,0,212.671638865092,12.5252310658447,0,0,0,28.8139174044002,8.16949048371923,7.49159072520056,191.078775383805,0,0,0,0,648.324314018167,0,66.048382603784,0,10.132884649943,11.51685526674,78.2143415199457,540.258128172222,0,1.00123424890841,841.452489894073,136.082230241226,173.180320469815,182.105228285214,51.4897068279279,0,632.883622495589,0,0,217.954627343447,2.13479918515073,"HH vs. HC","HC"
"LOC144617782",4.58542158248659,17.4027298656193,2.34791420902313,7.01725560142889e-14,8.28578403446901e-11,0,1.0026256380531,0,0,32.3719981244687,9.29953770962662,0,0,28.6844027133551,4.98978726345758,0,1.06093653871983,0,0,0,0,6.7618394148834,0,4.56628805971138,1.85189556470052,0,190.719137444441,35.9628714618413,6.65785014758231,0,0,0,8.11487877936172,3.27278387914297,0,1.13488543445195,0,0,0,3.46583342782184,0,0,0,4.21458023696533,0,4.27711308046664,0,17.8196806134659,8.90870772415105,3.72136589784513,1.00951057293218,0,0,0,2.098913099564,0,0,4.6216704270173,0,0,0,0,0,0,3.27187136715526,1.25252310658447,0,1.0171457144429,0,4.80231956740004,4.66828027641099,0,0,0,0,0,4.64302739196143,0,2.75990974629602,1.34792617558743,2.21705468562228,0,3.54364777438155,0,0,0,4.00493699563363,0.920626356558067,0,0,0,0,0,3.18565581793082,1.15278934868647,0,0,1.06739959257537,"HH vs. HC","HC"
"LOC111123690",83.5240836847402,20.6401906865276,3.65400938501381,6.68663115527143e-09,2.80159060516913e-06,0,36.0945229699114,16.150768260974,0,77.4615669406931,1.16244221370333,26.8415449433305,0,0,0,0,0,10.4817815163245,0,0,4.29105209485974,160.781514976116,0,0,0,0,0,0,61.0302930195045,0,1.11663894022535,0,0,259.640854412009,480.960527642211,0,0,227.299674790637,9.00989337264211,127.369378472453,0,0,0,0,0,62.0181396667662,74.0568625147757,1.54953744464921,0,0,65.6181872405918,4.65212217093528,0,0,343.172291778714,0,0,0,0,30.620228874418,302.941481162461,0,0,0,3.27187136715526,0,0,0,0,0,0,0,117.180906450842,0,80.5085959682104,0,45.8498954956191,0,0,9.43548322911199,18.8449648277894,0,0,0,0,0,0,0,1068.13750562359,0,0,0,0,0,1874.43548096419,0,0,2165.75377333542,"HH vs. HC","HC"
"LOC144623744",18.3334668805592,-45.8941811903249,3.26286898802645,1.26705384610428e-46,3.29142577602509e-42,0,7.01837946637167,0,0,0,0,17.0214675250388,0,0,0,0,0,35.6380571555033,0,0,40.7649949011675,0,0,0,0,0,14.8337106901232,59.6226553183158,0,60.6551351101389,0,0,0,0,36.5154413611223,0,0,0,0,0,14.322157030812,0,0,5.0574962843584,0,0,0,0,0,362.8331750399,117.103226460133,0,115.189182042653,0,0,0,30.0078237852812,0,0,0,0,0,0,22.2999912052829,0,27.5555083448584,0,260.389302897381,66.1615918056854,5.76278348088004,0,0,0,98.6822652816551,0,0,0,0,12.4195938583321,0,124.155062394848,43.5714039947549,0,0,0,0,0,0,0,53.0977397666885,9.91048861416129,0,0,0,11.5278934868647,0,37.952298293635,14.9435942960551,"HH vs. HC","HH"
"LOC111114999",23.3288107009487,4.068462117586,1.94383888704738,2.16808849013568e-05,0.00514390752397186,5.666010591619,1.0026256380531,3.800180767288,12.2458965389869,8.09299953111719,10.46197992333,10.4747492461777,0,1.10324625820597,5.9877447161491,1.00875397040006,9.54842884847844,9.43360336469205,2.65150936543929,3.00554079955254,5.36381511857468,3.756577452713,10.5720892094404,0.913257611942276,26.8524856881576,10.022698920976,6.35730458148136,7.57113083407185,8.87713353010975,41.0314149274469,12.2830283424789,0,4.05743938968086,73.0921733008597,126.239097277023,2.2697708689039,3.71387901455181,17.8274254737755,5.0054963181345,9.53104192651007,1.50759547692758,10.528496792392,45.2824886136309,0.842916047393067,5.12191684277524,1.06927827011666,14.6164860226531,10.8467621125445,0.742392310345921,21.3978539126095,35.3328700526263,1.16303054273382,11.313223236332,1.36315814933995,168.962504514902,20.5150549073744,8.07902948065263,0.924334085403459,1.91161335429392,6.91424522970729,3.27504303959417,6.15258605979344,0,0.969564835012302,316.280898825008,0,1.80952516601859,7.12002000110027,3.89185834151091,9.60463913480007,94.5326755973225,73.8456800055484,5.27841920949739,0,7.66748533030575,2.03447138163503,11.0271900559084,192.429130651717,5.51981949259204,12.1313355802868,5.54263671405571,0,31.8928299694339,1.13354118144849,27.7055450344729,8.80778682668826,1.00123424890841,11.9681426352549,9.72015930294474,53.9146280707914,1.23881107677016,116.104240886504,109.582211276783,31.8565581793082,2.30557869737293,25.4247636075159,7.59045965872699,141.964145812524,"HH vs. HC","HC"
"LOC111111959",23.7212437277376,-23.2377266373854,2.93320754120736,8.58149800040321e-16,1.7147813350498e-12,0.944335098603166,64.1680408353981,0,0,0,0,249.429966424608,36.1135599211896,0,0,0,51.9858903972715,3.14453445489735,0,8.01477546547344,0,67.618394148834,0,0,2.77784334705078,0,0,2.83917406277694,14.4253419864283,0,20.0995009240563,0,0,52.3645420662876,5.21649162301747,0,0,94.7081978294321,3.0032977908807,96.1768776220562,0,0,0,0,0,4.27711308046664,1.94886480302041,0,10.3934923448429,0,19.1807008857114,9.30424434187056,0,0,0,0,0,0,0,33.5834768300069,0,0,647.806212821449,0,1.09062378905175,0,0,0,0,251.641545331762,0,0,0,2.12983306363284,3.83374266515287,0,1.74113527198554,6.29441081571036,0,0,19.9534921706006,0,0,2.26708236289698,1.97896750246235,0,0,0,366.126000410919,0,0,22.2112460826356,0,0,8.06952544080526,0,0,19.2131926663566,"HH vs. HC","HH"
"LOC111113712",30.7824849072014,-24.1014800442272,3.38033007378925,3.37523257760138e-13,3.6532673611813e-10,0,185.485743039823,0,0,0,2.32488442740666,51.0644025751165,0,0,0,0,40.3155884713534,48.2161949750927,0,8.01477546547344,0,0,0,0,5.55568669410156,0,0,1.89278270851796,90.9906186836249,0,29.0326124458592,0,0,1.09092795971432,0,0,0,0,5.0054963181345,1196.57899095549,0,0,2.15630898160147,0,0,4.27711308046664,0,0,0,0,2.01902114586436,0,0,0,0,0,0,0,0,0,0,0,1055.21143369274,0,0,0,5.42857549805577,0,0,0,0,0,0,0,0,5.4252570176934,0,0.89920154510148,4.13986461944403,2.69585235117486,101.984515538625,0,0,0,0,0,0,0,2.16003540065439,0,6.19405538385081,0,0,0,4.61115739474586,0,0,0,"HH vs. HC","HH"
"LOC111111964",5.19555953385409,-19.2053450615934,4.39690892162576,9.14738565990446e-07,0.000276304229403881,5.666010591619,0,0,0,0,0,0,0,0,0,0,16.9749846195172,15.7226722744867,0,0,0,11.269732358139,0,0,0,0,0,0,236.353680239172,0,0,0,0,3.27278387914297,0,0,0,56.8249186976592,15.0164889544035,0,0,0,0,0,0,21.3855654023332,11.6931888181225,0,0.742392310345921,9.30341474461282,0,0,0,0,2.098913099564,0,0,0,0,6.91424522970729,0,0,34.0390785062174,0,0,1.25252310658447,0,0,0,0,0,0,0,0,8.62592099659397,0,0,0,0,0,0,0,0,3.40062354434547,0,0,0,0,18.3603009055623,0,0,0,0,0,0,0,0,4.26959837030146,"HH vs. HC","HH"
"LOC144623155",23.6967202993423,1.92150112259043,2.55689078703878,0.000305118225276898,0.0428435466919891,5.666010591619,8.02100510442476,0,1.74941379128385,2.3122855803192,4.64976885481331,3.27335913943055,4.12726399099309,4.41298503282386,264.458724963252,6.05252382240037,1.06093653871983,214.876521084652,0,38.0701834609988,1.07276302371494,3.0052619621704,5.28604460472022,9.13257611942276,2.77784334705078,14.31814131568,2.11910152716045,3.78556541703592,7.76749183884603,19.623720182692,17.8662230436056,5.22504203929155,4.05743938968086,2.18185591942865,0,4.5395417378078,3.71387901455181,7.79949864477676,2.0021985272538,15.5962504251983,2.26139321539137,40.0082878110897,11.8596993988081,5.90041233175147,0,6.41566962069995,2.92329720453062,0,0,11.1640976935354,23.2187431774402,6.97818325640292,3.08542451899964,4.08947444801985,11.544022047602,2.15947946393415,10.387323617982,8.31900676863113,0,9.87749318529613,0,0.878940865684777,4.25488481327717,0,6.54374273431051,13.7777541724292,0.904762583009296,0,0,8.64417522132007,4.66828027641099,219.396585523731,10.5568384189948,0,7.66748533030575,0,1.16075684799036,3.59680618040592,2.75990974629602,2.69585235117486,5.54263671405571,2.0265769299886,0,1.13354118144849,19.7896750246235,2.03256619077421,1.00123424890841,6.44438449590647,4.32007080130877,1.6337766082058,2.47762215354032,1.00960209466525,409.540298076789,388.650009787559,2.30557869737293,210.030655888175,5.42175689909071,2.13479918515073,"HH vs. HC","HC"
"LOC144624599",13.810427847925,19.3092975241835,2.78155846114507,1.92129054686867e-12,1.84849498281509e-09,140.705929691872,0,0,20.9929654954062,4.62457116063839,0,22.9135139760138,85.6407278131067,0,0,0,0,4.1927126065298,26.5150936543929,0,23.6007865217286,0,83.6957062414034,0,0,0,0,0.946391354258981,59.9206513282408,7.73055643560594,0,0,0,28.3641269525724,0,0,0,0,0,4.3322917847773,1.50759547692758,0,10.7815449080074,31.1878937535435,0,23.5241219425665,288.431990847021,0,0,0,2.01902114586436,0,3.08542451899964,0,0,115.532151320477,30.0078237852812,1.84866817080692,0,3.95099727411845,16.3752151979709,0,0,0,0,0,0,39.6686828632729,26.2700438051986,0,0,33.1770446401739,0,0,26.8361986560701,2.7126285088467,11.6075684799036,0,6.20979692916604,39.0898590920354,0,0,0,0,12.8632887660053,0,0,0,0,25.3235374271899,0,0,0,14.8663938170105,0,3.31627351402381,0,0,"HH vs. HC","HC"
"LOC111114313",9.79681368509919,17.6573724884029,2.81243777000993,1.83400050491503e-10,1.01365598119527e-07,0,2.00525127610619,31.351491330126,17.4941379128385,0,0,6.54671827886109,0,0,0,0,14.8531115420776,34.5898790038708,0,0,0,6.0105239243408,0,0,0,0,0,0,271.862214359611,2.37863274941721,0,0,4.05743938968086,8.72742367771459,37.5587396857258,0,0,189.416395658864,58.0637572903603,0,0,0,0,0,0,28.8705132931498,12.6676212196327,0,0,0,22.209232604508,6.97818325640292,2.05694967933309,0,2.098913099564,0,0,0,0,3.95099727411845,22.9253012771592,0,0,0,0,0,0,0,0,7.68371130784006,0,0,10.5568384189948,0,7.66748533030575,0,0,0,0,5.39170470234971,0,2.0265769299886,7.0872955487631,0,0,0,8.00987399126726,0,51.8408496157053,0,0,0,0,0,9.22231478949172,0,0,14.9435942960551,"HH vs. HC","HC"
"LOC111111166",24.5824837969434,20.0373463983238,3.40128722321258,1.72767578102856e-09,8.31108032662571e-07,252.137471327045,0,359.117082508716,0,0,0,3.92803096731665,0,1.10324625820597,1.99591490538303,0,0,16.7708504261192,0,0,12.8731562845792,5.2592084337982,210.560776754689,6.39280328359593,0.925947782350261,0.715907065784001,0,399.37715149729,2.21928338252744,0,0,0,0,0,6.25978994762097,0,0,0,0,0,2.26139321539137,0,0,0,0,0,0,44.1618171725025,0,0,0,0,0,0,0,0,6.92488241198797,0,0,0,0,0,0,0,0,0,0,1.0171457144429,0,0,66.5229939388566,4.28090898582889,0,0,0,0,0,0,16.5594584777761,0,94.2248241389471,0,116.054464610996,0,0,4.06513238154843,203.250552528407,0,0,0,447.210798714028,0,0,0,0,0,0,0,"HH vs. HC","HC"
"LOC111099641",33.2388120920041,-20.6428571885249,4.61720088331753,6.86388231721149e-07,0.000212265560659765,0,0,148.207049924232,0,0,0,47.1363716077999,24.7635839459586,0,0,0,256.746642370198,156.178544593235,0,0,0,0,0,0,0,0,0,0,104.30631897879,0,0,0,0,2.18185591942865,2.08659664920699,0,0,700.840663937797,282.309992342786,8.66458356955461,0,0,0,0,0,6.41566962069995,11.6931888181225,0,0,0,0,0,0,0,0,0,0,0,0,1.97549863705923,22.9253012771592,0,142.538641244785,0,0,0,0,0,0,9.60463913480007,0,0,0,0,581.770449436949,0,0,0,1.37995487314801,0,0,0,3.54364777438155,0,0,0,0,0,523.808584658689,0,0,0,0,0,26.5141550197887,0,0,25.6175902218088,"HH vs. HC","HH"
"LOC111099907",8.29708139917218,-19.4692821441495,3.95371404944745,2.00840549434823e-07,7.03165025139267e-05,0,0,8.550406726398,0,4.62457116063839,0,0,0,0,0,0,24.401540390556,18.8672067293841,0,0,0,6.0105239243408,0,0,0,0,0,0,1.10964169126372,0,0,0,0,13.0911355165719,77.2040760206586,0,0,62.3959891582141,167.183577025692,25.9937507086638,0,0,0,0,0,0,0,0,0,0,2.01902114586436,0,0,0,0,0,0,0,0,18.7672370520627,0,0,36.166520912856,0,0,0,0,0,0,0,0,0,0,0,20.1271489920526,0,1.16075684799036,0,0,75.483865832896,0,0,0,0,0,0,2.00246849781681,0,117.721929335664,0,0,4.03840837866101,0,0,19.5974189276699,0,0,65.1113751470973,"HH vs. HC","HH"
"LOC111099988",34.5200688103051,-16.6087817151651,10.1117513094096,4.56855914513937e-05,0.00964857405799067,0,0,0,0,0,0,0,0,0,0,0,0,336.465186674016,0,0,0,0,0,0,0,0,0,0,0,0,0,0,0,113.45650781029,201.356576648475,2.2697708689039,0,0,750.824447720176,56.319793202105,0,0,0,0,0,21.3855654023332,15.5909184241633,0,0,0,0,2.32606108546764,0,0,0,0,0,0,0,96.7994332159021,235.80309885078,0,69.141878215754,0,0,0,0,0,5.83778751226636,0,0,0,0,0,0,0,0,0,0,21.5668188093988,2.21705468562228,0,0,0,0,0,0,0,1206.37977126548,0,0,0,0,0,72.6257289672473,0,0,0,"HH vs. HC","HH"
"LOC111111317",64.3942961244187,-3.63368860316634,2.99117135217087,9.13253910530757e-05,0.017316494039312,0.944335098603166,0,5.700271150932,5.24824137385154,0,13.9493065644399,3.27335913943055,0,0,12.9734468849897,8.0700317632005,73.2046211716681,70.2279361593741,2.65150936543929,0,43.9832839723123,0,0,93.1522764181121,0,0.715907065784001,2.11910152716045,29.3381319820284,0,31.5168839297781,4.46655576090141,6.27005044714986,4.05743938968086,12.0002075568576,196.140085025457,6.80931260671171,14.8555160582072,10.0279268289987,721.792569074996,0,7.53797738463791,2.1056993584784,0,3.37166418957227,1.02438336855505,1.06927827011666,107.187564166123,10.0719933902199,95.0262157242778,4.65170737230641,33.313848906762,10.4672748846044,816.609022695237,0.681579074669974,2.098913099564,28.073233031144,4.61658827465864,0,7.64645341717569,1.97549863705923,0,1.75788173136955,28.7204724896209,922.056158096699,4.36249515620701,6.26261553292235,11.7619135791208,6.10287428665738,33.0807959028427,18.2488143561201,7.00242041461648,0,7.38978689329634,6.38949919089853,3.83374266515287,8.1378855265401,1.74113527198554,2.69760463530444,2.06993230972201,13.4792617558743,6.65116405686685,1449.00250494185,79.7320749235849,72.5466356127033,10.8843212635429,0,10.0123424890841,33.1425488360904,2.16003540065439,0.816888304102899,0,195.862806365059,149.514711996288,71.1463132671215,4.61115739474586,116.069572990833,26.0244331156354,164.379537256606,"HH vs. HC","HH"
"LOC111116606",12.7687805250062,19.3597220754212,3.68848625928322,5.5490789041181e-08,2.11982974547465e-05,152.03795087511,0,0,0,0,52.3098996166498,1.96401548365833,0,0,0,0,8.48749230975862,0,0,24.0443263964203,0,0,193.821635506408,0,35.1860157293099,0,0,0,0,0,1.11663894022535,0,0,2.18185591942865,0,0,0,0,0,0,0,42.1139871695681,0,0,57.3654686390827,0,0,1.54953744464921,0,0,0,0,0,0,0,0,0,0,0,50.3752152450103,0,49.2206884783475,0,0,34.8999612496561,0,0,0,0,0,0,1.07022724645722,0,0,90.0929526310925,0,0,0,0,0,0,23.3056346948689,5.31547166157232,0,55.4110900689459,144.312199544969,0,0.920626356558067,0,0,156.09019567304,0,0,0,0,0,2.16870275963628,2.13479918515073,"HH vs. HC","HC"
"LOC144623427",20.8047931163976,12.1637679685238,9.44818994133221,9.51166321413129e-05,0.017764931644111,0,0,15.200723069152,0,0,0,0,0,0,0,0,0,0,0,0,6.43657814228961,0,0,0,0,0,0,10.4103048968488,0,26.7596184309437,0,0,460.519370728777,0,5.21649162301747,0,0,0,0,22.527917280842,0,0,0,0,0,174.292358029015,0,0,0,0,31.2948277608976,0,65.8223897386589,0,0,0,2.30829413732932,0,0,0,0,0,0,0,0,0,0,0,36.9726542443536,0,25.6755415202604,0,0,0,0,0,0,523.335299249062,0,0,0,0,0,1.13354118144849,0,0,0,0,1.08001770032719,0,183.344039361984,0,319.460005756044,0,23.0557869737293,0,0,0,"HH vs. HC","HC"
"LOC144623171",10.2264754797428,-20.1762442555611,4.37534780269961,4.97113200363395e-07,0.000159426044516542,135.039919100253,0,0,0,0,0,0,0,0,0,0,0,0,0,0,0,0,34.3592899306814,0,19.4449034293555,0,0,0,53.2628011806585,0,0,0,0,0,0,0,59.4220642328289,36.7690650396619,0,0,0,0,6.46892694480442,0,0,0,0,10.0719933902199,0,117.223025782122,0,0,0,0,0,19.4353151754074,0,0,21.9835535743801,0,0,0,0,0,0,21.292892811936,0,0,0,0,0,0,0,0,65.1736253075989,0,0,14.3872247216237,0,0,0,105.382000359407,0.885911943595387,0,17.8107075221612,0,0,0,0,0,28.4926547657137,0,49.2191287938091,108.312297809648,2.30557869737293,24.3193391028413,0,0,"HH vs. HC","HH"
"LOC144624739",180.482610295474,-6.26403514754959,2.41350674462982,1.00310598573779e-05,0.00263208931227379,23.6083774650792,12.0315076566371,5.700271150932,24.4917930779739,3.46842837047879,9.29953770962662,0,4.12726399099309,4.41298503282386,2.99387235807455,7.06127779280044,9.54842884847844,921.348595284923,1.32575468271965,958.76751505726,0,13.5236788297668,1062.49496554876,7.30606089553821,9.25947782350261,2.863628263136,2.11910152716045,1631.57869474248,0,7.13589824825164,913.410653104338,0,9.12923862678193,0,6.25978994762097,0,7.42775802910361,34.5406368554399,1.0010992636269,0.866458356955461,3.01519095385517,26.32124198098,6.46892694480442,0,7.17068357988534,4.27711308046664,9.74432401510207,7.74768722324605,15.5902385172643,0,186.759455992454,18.6084886837411,4.11389935866618,5.45263259735979,2.098913099564,1011.71612885315,1.15414706866466,1.84866817080692,1539.80455688375,3.95099727411845,0,11.4262312539021,22.3381452697052,16.4826021952091,10.9062378905175,1032.0790398256,1767.90608720016,0,0.972964585377727,1.92092782696001,1.16707006910275,1.07022724645722,6.33410305139686,1.41988870908856,3.83374266515287,19.6665566891386,13.3487037518891,1722.87016041444,21.3893005337942,0,11.0852734281114,14.1860385099202,38.0942135746017,1.13354118144849,1.97896750246235,533.209864046435,0,21.1744062008355,8.64014160261755,5.7182181287203,9.91048861416129,1.00960209466525,1749.6007291988,91.32213344735,29.9725230658481,1047.94243043152,5.42175689909071,6.4043975554522,"HH vs. HC","HH"
"LOC111117549",346.551521557249,4.09606565136352,1.13119262264988,2.81437819800828e-06,0.000812323360551791,1014.2158958998,44.1155280743362,19.00090383644,439.102861612246,128.331849707715,51.1474574029464,209.494984923555,53.6544318829102,167.693431247307,39.9182981076607,52.4552064608032,545.321380901991,871.036044006566,29.1666030198322,279.515294358386,86.8938049209097,197.595974012704,113.649959001485,15.5253794030187,218.523676634662,100.942896275544,31.7865229074068,162.779312932545,27.741042281593,247.37780593939,5041.62481511747,48.0703867614822,16.2297575587234,4395.34874968901,70.9442860730377,17.0232815167793,189.407829742142,99.1650541978759,12.0131911635228,141.23271218374,44.4740665693637,136.870458301096,3.23446347240221,37.931222132688,24.5852008453212,37.4247394540831,33.130701651347,20.1439867804397,157.387169793335,20.4675124381482,57.5421026571343,125.607298615253,41.1389935866618,3141.39795515391,104.9456549782,87.4589182893331,251.604060968896,213.521173728199,29.6300069915558,21.7304850076515,145.739415261941,274.229550093651,30.8479148962595,11.6347780201476,58.8936846087946,12.5252310658447,190.904905014961,267.509322898482,28.2159729759541,27.8534534909202,3938.86148322177,326.419310169453,222.74929064079,53.9557709453654,244.401094903496,15.5976139258685,240.276667534004,75.5329297885243,631.329354465215,21.5668188093988,21.0620195134117,45.5979809247435,2083.66489133635,57.8106002538729,1135.92734641339,314.370237506412,73.0901001703137,952.848279037599,16.2002655049079,65.351064328232,24.7762215354032,147.401905821127,76.1503502092896,44.5991814510314,345.83680460594,127.123818037579,82.4107048661788,27.7523894069595,"HH vs. HC","HC"
"LOC144624349",203.69191478475,-17.1626239287463,2.7102505059955,1.32637072881278e-10,8.01282149357433e-08,7.55468078882533,38.0997742460176,632.730097753452,0,3.46842837047879,70.908975035903,2049.12282128352,27.8590319392034,2.20649251641193,0.997957452691516,0,0,10.4817815163245,3.97726404815894,127.234560514391,21.4552604742987,13.5236788297668,427.288605548217,0,0,0,0,0,0,0,34.6158071469859,18.8101513414496,0,132.002283125433,487.220317589832,24.9674795579429,3.71387901455181,3010.60647688383,238.261624743202,644.645017574863,18.091145723131,0,2.15630898160147,21.9158172322197,12.2926004226606,112.274218362249,292.329720453062,0,0,0,4652.83423064442,0,2.05694967933309,0,0,0,0,0,0,324.969525796243,127.726678544173,0,0,5.81738901007381,0,0,0,0,0,1014.24989263489,0,0,0,0,0,0,0,12.5888216314207,0,1531.24413546732,168.496156107294,2.0265769299886,1.77182388719077,411.475448865801,3.9579350049247,0,17.0209822314429,42.3488124016711,459.007522639057,0,0,220.093256637025,8.35796526687325,1.06188527264361,2.30557869737293,0,0,1443.1242491619,"HH vs. HC","HH"
"LOC111117194",1086.61932559547,2.81174366501625,2.59285346916808,0.000124210927963305,0.0222526019013984,64.2147867050153,1002.6256380531,0,103.215413685747,966.535372573424,2644.55603617507,2000.02243419206,151.676951668996,40.8201115536207,16.9652766957558,5726.69628996115,41.3765250100733,51.36072942999,1.32575468271965,1190.19415662281,2827.80333051257,102.178906713794,119.817011040325,1540.66559134662,1751.89320420669,30.784003828712,2208.10379130119,2224.96607386286,2285.86188400326,1364.74053997813,299.259235980394,2421.2844810077,77.0913484039363,927.288765757175,0,2021.23095875892,1340.7103242532,73.5381300793237,1872.0556229823,2108.95964082959,1008.58137406455,1070.74812378627,130.456693386889,1300.6194611275,1965.79168425714,2046.59860900329,2.92329720453062,1258.99917377748,1279.14195072602,1498.78011535713,1682.85412507795,2441.20110919829,1034.64568870454,706.797500432763,50.373914389536,214.868206661448,196.205001672992,2176.80677112515,0,2386.40235356755,6016.25406373449,779.620547862397,65.9507146057962,0,2820.35311848783,83.9190481411595,42.5238414014369,0,0,1787.42334298629,1133.22503709877,32.1068173937167,126.682061027937,0.709944354544282,1420.40165743914,24.4136565796203,36.5638407116963,2640.05573641795,32.4289395189782,155.011510192554,2231.46554107883,595.813617416648,2054.4297971977,1558.61912449167,2341.11855541296,37.9412355611186,1521.87605834078,128.887689918129,51.8408496157053,2181.09177195474,506.673730398996,2258.47988576617,1548.08089998641,2275.62013927525,35.7364698092804,110.54245046746,2366.05471076319,1.06739959257537,"HH vs. HC","HC"
"LOC111117254",10.4400956651309,17.9182132906533,2.09318625392659,6.24872720951245e-18,2.02903983401881e-14,0,1.0026256380531,1.900090383644,0,54.3387111375011,0,2.61868731154444,0,11.0324625820597,0,2.01750794080012,19.0968576969569,10.4817815163245,1.32575468271965,8.01477546547344,10.7276302371494,3.756577452713,0,0,9.25947782350261,0,0,0,106.525602361317,0,5.58319470112676,2.09001681571662,20.2871969484043,18.5457753151435,58.4247061777957,0,0.928469753637951,2.22842818422193,2.0021985272538,28.5931257795302,0,7.36994775467441,2.15630898160147,0,0,8.55422616093327,0.974432401510207,10.8467621125445,0,1.86068294892256,0,0,1.02847483966655,3.40789537334987,2.098913099564,0,0,0,0,3.95099727411845,44.2130810345213,0.878940865684777,0,0,2.18124757810351,1.25252310658447,0,2.03429142888579,3.89185834151091,0,2.33414013820549,3.21068173937167,0,0,6.70904966401753,0,49.3321660395902,16.1856278118266,6.20979692916604,0,0,0,0,4.53416472579395,0,0,0,0,70.2011505212676,0,0,0,13.0012793040251,8.49508218114884,278.975022382125,0,6.50610827890885,27.7523894069595,"HH vs. HC","HC"
"LOC111117762",91.5951489196411,1.07887449513702,1.12928208004699,0.00012912873169716,0.0228188915870553,47.2167549301583,97.2546868911503,84.554022072158,169.693137754533,65.9001390390971,131.355970148476,86.4166812809664,88.7361758063515,122.460334660862,114.765107059524,96.840381158406,102.910844255823,41.927126065298,111.36339334845,93.1717647861288,122.294984703503,66.1157631677488,33.4782824965614,31.0507588060374,89.8169348879753,56.5566581969361,143.03935308333,73.8185256322005,71.017068240878,47.5726549883443,51.3653912503662,86.7356978522397,73.0339090142554,45.8189743080016,59.4680045023992,202.009607332447,89.1330963492433,82.4518428162115,128.140705744243,53.7204181312386,125.130424584989,91.5979220938105,59.2984969940405,69.9620319336245,63.511768850413,83.4037050690994,48.7216200755104,32.5402863376334,57.9066002069818,54.8901469932156,49.4660180736769,59.3145576794248,76.1071381353243,1033.95545627435,76.610328134086,51.8275071344196,90.0234713558436,104.449751650591,21.0277468972331,90.8729373047244,85.1511190294485,69.4363283890974,14.8920968464701,70.778232955898,43.6249515620701,67.6362477555614,98.6191215480132,44.7544114354874,53.513052195775,127.741700492841,101.535096011939,92.0395431953212,73.8978689329634,60.3452701362639,822.337801675292,60.3559843218391,66.7435187594456,65.6417127924081,11.0396389851841,18.870966458224,6.65116405686685,40.531538599772,58.4701882772956,15.8695765402788,88.0640538595747,63.687073977592,64.0789919301381,53.3963286803679,37.8006195114518,115.998139182612,83.0003421436008,55.5281152065889,121.654827773377,64.7750016312599,26.5141550197887,50.8495272150317,73.7358938276336,46.9655820733161,"HH vs. HC","HC"
"LOC111117756",65.0537861526274,21.5858358709722,4.59088596296268,3.6075589632453e-07,0.000121705921023667,0,0,0,0,0,0,0,0,0,11.9754894322982,849.370843076853,44.5593346262327,0,34.4696217507108,0,1014.83382043433,92.4118053367398,0,97.7185644778235,0.925947782350261,0,0,0,0,0,0,0,30.4307954226064,674.193479103452,0,121.432741486359,0,0,0,401.170219270378,0,0,169.270255055716,0,0,86.6115398794494,0,0,0,0,0,115.140023730648,0,0,0,0,0,27.7300225621038,0,0,946.487438442716,0,0,0,0,0,0,0,0,0,0,360.666582056084,0,0,0,0,0,5.39520927060888,0,0,0,0,0,0,2.96845125369353,0,0,0,0,0,7.43286646062097,0,10.215290881734,0,93.3759372436037,0,851.215833157241,0,"HH vs. HC","HC"
"LOC144623253",65.178960841457,22.1042773057804,3.37202114894353,2.20617087286848e-11,1.5489108314731e-08,712.028664346787,0,0,225.674379075616,16.1859990622344,0,191.164173742744,104.213415772576,0,0,0,0,4.1927126065298,53.0301873087858,0,274.627334071023,0,329.496780360893,0,0,0,8.47640610864181,0,88.7713353010975,83.2521462296025,4.46655576090141,0,2.02871969484043,157.093626198863,0,0,0,0,0,341.384592640452,19.5987412000586,0,95.9557496812656,122.222826871995,0,102.650713931199,342.025772930083,0,0,0,0,0,125.473930439319,0,0,573.341797674517,92.3317654931729,0,0,4.93874659264807,193.227539336056,0,0,0,0,0,0,383.463934344972,184.863271221768,0,0,324.278855676539,0,0,195.520875922797,0,210.096989486255,0,112.466322161563,148.271879314617,0,0,0,0,44.5267688054029,1.35504412718281,0,0,0,166.645214036991,0,0,0,22.2995907255157,0,0,0,0,"HH vs. HC","HC"
"LOC111100718",77.775552536237,-1.01324062617813,1.37860353859373,0.000294073930496095,0.0419733983104234,23.6083774650792,16.0420102088495,16.150768260974,50.7329999472316,24.2789985933516,30.2234975562865,32.7335913943054,12.3817919729793,54.0590666520923,16.9652766957558,80.700317632005,42.4374615487931,16.7708504261192,15.9090561926357,78.1440607883661,51.4926251383169,36.0631435460448,15.8581338141606,39.2700773135179,12.9632689529036,20.761304907736,44.5011320703695,42.5876109416541,18.8639087514832,59.4658187354303,29.0326124458592,24.0351933807411,15.2153977113032,52.3645420662876,19.8226681674664,40.8558756402702,22.2832740873108,100.279268289987,1335.46641767829,97.0433359790116,21.8601344154499,13.6870458301096,67.9237329204464,10.1149925687168,16.3901338968808,29.9397915632665,15.5909184241633,61.9814977859684,18.559807758648,49.3080981464479,70.6657401052527,66.2927409358277,51.4237419833273,186.752666459573,18.890217896076,7.55817812376953,616.314534666929,9.24334085403459,1482.45615625494,17.779487733533,40.9380379949272,15.820935582326,76.5879266389891,30.0565098853813,46.8968229292254,17.5353234921826,31.6666904053253,15.2571857166434,87.5668126839954,26.8929895774402,4.66828027641099,40.6686353653745,26.3920960474869,85.9032668998581,10.5427923291704,11.5286711625985,24.3758938077975,32.3712556236533,87.6271344448986,16.1751141070491,29.9302382559008,20.265769299886,16.8323269283124,17.0031177217273,228.570746534402,75.8824711222373,77.0950371659474,219.10907286082,47.5207788143965,22.0559842107783,78.0450978365201,48.4609005439321,16.7159305337465,36.1040992698826,39.1948378553398,30.9518861308889,61.8080286496341,16.0109938886305,"HH vs. HC","HH"
"LOC144625278",11.8895232226318,4.64335152138522,2.56270525814016,3.16317538750868e-05,0.00733658991440294,0.944335098603166,7.01837946637167,146.306959540588,6.99765516513539,2.3122855803192,0,0,2.06363199549655,4.41298503282386,13.9714043376812,1.00875397040006,5.30468269359914,2.0963563032649,5.30301873087858,4.00738773273672,3.21828907114481,0.7513154905426,7.92906690708032,4.56628805971138,1.85189556470052,8.59088478940801,0,22.7133925022155,5.54820845631859,10.7038473723775,2.2332778804507,4.18003363143324,6.08615908452129,1.09092795971432,3.12989497381048,3.40465630335585,6.49928827546566,4.45685636844386,4.0043970545076,3.46583342782184,6.78417964617412,3.1585490377176,1.07815449080074,1.68583209478613,3.07315010566514,1.06927827011666,7.79545921208166,16.2701431688167,8.90870772415105,0.930341474461282,16.1521691669149,2.32606108546764,5.14237419833273,0,3.148369649346,1.07973973196708,0,5.54600451242075,1.91161335429392,12.840741140885,13.1001721583767,2.63682259705433,0,0,0,7.51513863950682,0.904762583009296,209.532017175237,0,1.92092782696001,201.903121954775,7.49159072520056,11.6125222608942,0,0,2.03447138163503,3.48227054397107,5.39520927060888,2.75990974629602,0,0,1.0132884649943,1.77182388719077,5.66770590724244,7.91587000984941,0.677522063591404,6.00740549345044,15.6506480614871,5.40008850163597,0,3.71643323031048,0,1.85732561486072,11.6807379990797,0,4.42169801869841,13.0122165578177,151.570742145702,"HH vs. HC","HC"
"LOC144617493",30.5369412441873,19.5329882081898,2.51569593194922,4.05604191894147e-15,5.85354449601903e-12,0,0,7.600361534576,6.99765516513539,16.1859990622344,2.32488442740666,0,0,0,1.99591490538303,0,57.2905730908707,0,0,0,0,12.0210478486816,0,0,0,0,6.35730458148136,7.57113083407185,160.898045233239,0,305.959069621747,0,0,0,22.9525631412769,0,1.8569395072759,0,0,6.93166685564369,6.03038190771033,0,0,0,0,10.6927827011666,0,23.2430616697382,0,0,2.01902114586436,0,6.17084903799927,0,0,58.3059455262221,6.92488241198797,0,0,0,6.55008607918834,0,0,0,2.18124757810351,5.01009242633788,0,22.3772057177437,481.617469761975,5.76278348088004,2.33414013820549,0,35.8932506245822,0,0,5.4252570176934,2.32151369598072,0,2.75990974629602,2.69585235117486,11.0852734281114,0,1049.80565316053,9.06832945158791,0,5.42017650873124,395.487528318821,0,0,0,0,4.03840837866101,0,0,9.22231478949172,2.21084900934921,19.5183248367266,28.8197889995349,"HH vs. HC","HC"
"LOC111106737",13.1440343789528,-5.79503222382717,3.34186588606433,3.51348263893726e-05,0.00793649900101507,1.88867019720633,0,3.800180767288,4.37353447820962,2.3122855803192,0,7.85606193463331,0,0,0,0,2.12187307743965,0,0,10.0184693318418,0,21.0368337351928,150.652271234526,18.2651522388455,7.40758225880209,7.87497772362401,1.05955076358023,36.9092628161003,0,9.51453099766885,11.1663894022535,19.8551597493079,0,0,9.38968492143145,0,2.78540926091385,11.1421409211097,194.213257143619,10.3975002834655,4.52278643078275,8.42279743391361,6.46892694480442,0,9.21945031699543,18.1777305919832,1.94886480302041,1.54953744464921,3.7119615517296,0,14.1331480210505,10.4672748846044,15.4271225949982,0,0,57.226205794255,2.30829413732932,0,158.663908406396,0,0,0,0,1.9391296700246,2.18124757810351,110.222033379433,19.9047768262045,0,0,14.4069587022001,0,0,0,0,5.75061399772931,0,9.28605478392286,3.59680618040592,0,5.39170470234971,0,2.0265769299886,3.54364777438155,4.53416472579395,10.8843212635429,0,32.039495965069,0,17.2802832052351,1.6337766082058,100.343697218383,13.1248272306483,4.64331403715181,0,2.30557869737293,0,0,1.06739959257537,"HH vs. HC","HH"
"LOC111137128",13.7007595879066,16.984355109702,2.19932347221417,6.61306365310104e-15,9.04145023771609e-12,1.88867019720633,0,0,1.74941379128385,3.46842837047879,6.97465328221997,0,0,0,0,0,37.1327788551939,0,5.30301873087858,2.00369386636836,3.21828907114481,6.0105239243408,0,0,2.77784334705078,0,0,0,39.9471008854939,0,203.228287121014,1.04500840785831,0,2.18185591942865,13.5628782198454,2.2697708689039,0,0,1.0010992636269,0,0,0,0,0,0,6.41566962069995,1.94886480302041,4.64861233394763,0.742392310345921,0,4.03804229172873,3.48909162820146,2.05694967933309,10.2236861200496,0,25.9137535672098,0,0,0,0,0,0,0,0,17.449980624828,0,0,106.800300016504,67.1345563910631,0.960463913480007,1.16707006910275,0,6.33410305139686,0,0,3.39078563605838,0,4.4960077255074,3.44988718287002,0,5.54263671405571,2.0265769299886,326.015595243103,5.66770590724244,0,1.35504412718281,274.338184200904,0,2.16003540065439,1.6337766082058,0,2.01920418933051,16.7159305337465,4.24754109057442,2.30557869737293,0,6.50610827890885,19.2131926663566,"HH vs. HC","HC"
"LOC111136589",424.169298322626,-2.618389422017,1.73270142077895,5.3125751868055e-05,0.0109527591767973,115.208882029586,129.338707308849,149.157095116054,2041.56589442825,1418.58720352583,132.518412362179,84.4526657973081,109.372495761317,327.664138687172,157.67727752526,111.971690714407,699.157179016366,138.359516015483,67.6134888187019,1815.34664292973,179.151424960394,1839.22032084828,59.0274980860424,222.834857313915,123.151055052585,52.9771228680161,264.887690895056,193.063836268832,44.3856676505487,122.499586594986,1886.00317004062,42.8453447221907,155.197056655293,17.4548473554292,147.105063769093,93.06060562506,49.2088969428114,111.421409211097,83.0912388810328,168.959379606315,33.9208982308706,2525.78638049484,84.0960502824575,42.1458023696533,2349.93544746528,137.936896845049,97.4432401510207,24.7925991143874,120.267554276039,79.079025329209,255.406174951842,2149.2804429721,89.4773110509894,25.218425762789,90.253263281252,37.7908906188476,64.632235845221,80.4170654301009,123.299061351958,38.5222234226549,63.8633392720864,171.393468808532,3516.66229817358,60.1130197707627,147.234211521987,76.4039095016527,2228.43024195189,176.983354313064,97.2964585377727,2293.58782539026,203.070192023878,32.1068173937167,111.902487241345,1007.41103909834,84.3423386333632,107.826983226656,1524.07374141134,54.8512942511903,84.8672246986026,124.009208154043,119.720953023603,64.8504617596351,93.0207540775157,740.202391485863,167.222753958069,113.823706683356,36.0444329607027,507.265122463495,2301.51771939725,136.420346785184,205.642638743847,173.651560282424,106.796222854492,88.1364776294192,14.9862615329241,144.810610112373,182.171031809448,281.793492439897,"HH vs. HC","HH"
"LOC144624866",4.60727588074063,18.5504780003334,2.97815987107105,2.39295619250418e-10,1.29503797943086e-07,0,0,0,0,0,0,0,0,0,0,5.04376985200031,10.6093653871983,0,0,0,1.07276302371494,8.2644703959686,0,0,0,0.715907065784001,0,0,5.54820845631859,0,3.34991682067606,0,0,0,3.12989497381048,0,0,0,0,0,0,7.36994775467441,2.15630898160147,0,0,0,0,0,0.742392310345921,0,0,0,4.11389935866618,14.3131605680695,0,0,0,0,0,4.93874659264807,0,0,0,0,0,5.01009242633788,0,0,16.5403979514214,26.8929895774402,1.16707006910275,2.14045449291445,0,0,0,0,0,0,0,0,1.10852734281114,0,279.948174176142,2.26708236289698,8.90535376108059,0,6.00740549345044,2.7618790696742,0,0,0,0,0,0,0,1.1054245046746,3.25305413945443,0,"HH vs. HC","HC"
"LOC111110147",20.6128766323415,20.0420427828931,3.09971432564847,4.69754397885903e-11,3.21126578786371e-08,0,0,9.50045191822,5.24824137385154,0,0,0,0,0,0,0,284.330992376914,0,1.32575468271965,0,0,3.0052619621704,0,0,0,0,13.7741599265429,9.46391354258981,76.5652766971966,1.18931637470861,435.489186687887,0,0,0,4.17319329841398,0,0,2.22842818422193,0,2.59937507086638,1.50759547692758,0,0,0,0,0,0,1.54953744464921,0,0,0,11.6303054273382,0,1.36315814933995,0,0,0,0,0,0,9.82512911878252,5.27364519410866,0,0,0,0,0,0,215.998137953855,0,0,23.5449994220589,24.280728363688,0,0,0,0,0,1.37995487314801,0,11.0852734281114,0,575.842763337002,0,0,6.77522063591404,156.192542829712,0,0,3.2675532164116,0,12.115225135983,0,0,0,0,4.33740551927257,2.13479918515073,"HH vs. HC","HC"
"LOC111112847",162.517477475349,2.55512694745091,1.24656822428503,2.1673462960296e-05,0.00514390752397186,152.03795087511,72.1890459398229,438.920878621764,56.855948216725,23.122855803192,94.1578193099696,199.674907505263,66.0362238558895,79.4337305908296,33.9305533915116,76.6653017504047,71.0827480942284,26.2044537908112,285.037256784724,84.1551423874711,83.6755158497649,19.5342027541076,155.938315839246,5.47954567165366,129.632689529036,593.486957534937,93.2404671950599,109.781397094042,67.6881431670868,74.9269316066422,46.8988354894648,145.256168692305,270.834079261197,154.911770279434,165.884433611956,141.860679306494,162.482206886642,64.624417342436,23.0252830634187,278.999590939658,220.862737369891,75.8051769052225,297.570639461003,118.851162682422,165.950105705918,88.7500964196827,48.7216200755104,62.756266508293,210.097023827895,95.825171869512,69.6562295323205,74.4339547349645,128.559354958318,511.865885077151,139.577721121006,196.512631218008,36.9327061972692,100.752415308977,42.0554937944663,47.4119672894214,47.4881240741155,128.325366389977,39.3576845228138,106.652131851353,512.593180854324,132.767449297954,5.42857549805577,98.6631343009609,6.81075209764409,6.72324739436005,1553.37026197576,64.2136347874334,96.0672296128524,43.3066056272012,83.383902967075,69.8501841028026,36.5638407116963,178.041905930093,233.212373562014,41.7857114432103,107.527152252681,360.73069353797,212.618866462893,355.931930974825,182.065010226536,283.204222581207,442.545538017516,29.4600434098581,17.2802832052351,571.82181287203,144.940895982109,245.333309003656,97.5095947801879,135.921314898381,771.216074271245,66.3254702804762,67.2297855487248,257.243301810663,"HH vs. HC","HC"
"LOC144625445",17.7287360010101,19.9473066984804,2.89947352756363,2.84506982369918e-12,2.63951352893691e-09,0,0,870.241395708952,16.6194310171965,0,0,0,0,0,0,0,0,40.8789479136655,0,0,69.7295965414708,4.5078929432556,1.76201486824007,19.1784098507878,0,1.431814131568,0,71.9257429236825,0,0,0,0,0,2.18185591942865,0,0,0.928469753637951,6.68528455266579,0,1.73291671391092,0,0,0,0,5.12191684277524,0,0,30.9907488929842,1.48478462069184,0,0,1.16303054273382,0,0,8.395652398256,0,0,1.84866817080692,0,0,0,0,0,0,23.9937233591386,0,0,0,0,0,46.6828027641099,2.14045449291445,5.27841920949739,0,0,2.7126285088467,2.90189211997589,0.89920154510148,6.20979692916604,0,190.666702963516,0,157.692325959979,0,0,0,37.0456672096111,0,0,0,0,6.05761256799152,0,0,0,2.21084900934921,0,7.47179714802756,"HH vs. HC","HC"
"LOC111107329",15.0906084964721,-3.29473479122655,2.37865407105735,6.71441756181204e-05,0.0132953613740431,5.666010591619,5.01312819026548,2.850135575466,6.99765516513539,2.3122855803192,44.1728041207265,15.0574520413805,0,9.9292163238537,1.99591490538303,5.04376985200031,2.12187307743965,2.0963563032649,0,2.00369386636836,0,0,0,10.9590913433073,21.296798994056,3.57953532892001,2.11910152716045,86.1216132375673,0,0,20.0995009240563,1.04500840785831,3.04307954226064,0,0,11.3488543445195,4.64234876818976,11.1421409211097,13.0142904271497,3.46583342782184,0.753797738463791,30.5326406979368,6.46892694480442,5.0574962843584,10.2438336855505,0,2.92329720453062,16.2701431688167,8.16631541380513,14.8854635913805,1.00951057293218,11.6303054273382,16.4555974346647,1.36315814933995,0,0,6.92488241198797,8.31900676863113,32.4974270229967,21.7304850076515,6.55008607918834,0,45.7400117427296,7.75651868009841,0,17.5353234921826,37.0952659033811,22.3772057177437,13.6215041952882,8.64417522132007,0,0,0,147.668425745211,9.58435666288218,2.7126285088467,1.16075684799036,0,0,0,6.65116405686685,6.07973078996579,28.3491821950524,6.80124708869093,23.7476100295482,72.4948608042803,133.164155104818,8.2856372090226,2.16003540065439,27.7742023394986,35.9255212263347,171.632356093093,8.35796526687325,45.661066723675,9.22231478949172,0,2.16870275963628,2.13479918515073,"HH vs. HC","HH"
"LOC111126222",105.975669124449,-3.89340532464019,0.656039389745981,1.23653016530453e-09,6.17718155848383e-07,74.6024727896501,1251.27679629026,38.00180767288,48.1088792603058,48.5579971867031,37.1981508385065,37.9709660173943,11.349975975231,67.2980217505639,48.8999151818843,45.3939286680028,42.4374615487931,72.324292462639,41.098395164309,45.0831119932881,36.4739428063078,32.3065660933318,44.0503717060018,57.5352295523634,47.2233368998633,45.8180522101761,59.3348427604927,41.6412195873952,28.8506839728567,59.4658187354303,26.7993345654085,32.3952606436076,28.402075727766,31.6369108317154,29.2123530888979,39.7209902058183,1157.80178278653,42.3401355002167,37.0406727541953,43.322917847773,44.4740665693637,56.8538826789169,35.5790981964243,42.1458023696533,35.8534178994267,60.9488613966496,61.3892412951431,61.2067290636438,57.9066002069818,61.4025373144446,60.5706343759309,66.2927409358277,39.0820439073287,40.2131654055285,50.373914389536,145.764863815555,53.0907651585744,36.0490293307349,50.6577538887889,39.5099727411845,32.7504303959417,48.3417476126627,1835.9827969291,56.2347604307135,55.6218132416394,50.1009242633788,1298.33430661834,52.8915771510306,75.8912376594627,52.8255152414004,24.5084714511577,44.9495443512034,51.7285082530744,39.0469394999355,60.3814469761578,34.5860134877954,71.386546151407,31.4720540785518,37.9487590115703,43.1336376187977,53.2093124549348,44.5846924597491,75.3025152056079,28.3385295362122,75.2007650935694,60.9769857232264,42.0518384541531,49.7138232541356,63.7210443193044,50.6470748543798,38.403143379875,43.4128900706059,75.2216874018593,42.4754109057442,55.3338887369503,33.1627351402381,33.6148927743624,61.9091763693712,"HH vs. HC","HH"
"LOC111126262",103.779418436046,-2.17955774437582,0.452209287555767,2.53054692529447e-07,8.64947598399664e-05,101.988190649142,431.129024362831,77.903705729404,82.2224481903408,95.9598515832466,63.934321753683,74.6325883790164,96.9907037883377,81.6402231072415,103.787575079918,81.7090716024051,68.9608750167888,90.1433210403907,64.9619794532626,130.240101313943,75.0934116600454,121.713109467901,96.0298103190839,100.45833731365,68.5201358939193,75.1702419073201,67.8112488691345,53.9443071927619,57.7013679457134,96.3346263513971,45.7821965492395,73.1505885500817,39.5600340493884,97.0925884145748,85.5504626174866,71.4977823704729,370.459431701543,118.106693763762,59.0648565539871,131.70167025723,63.3190100309585,106.337817603159,130.456693386889,76.7053603127691,67.6093023246332,66.2952527472329,143.241563022,70.5039537315391,103.192531138083,84.6610741759767,75.7132929699136,151.193970555397,76.1071381353243,112.460547320546,69.264132285612,38.8706303508147,117.723001003795,61.9303837220318,72.641307463169,91.860686623254,65.5008607918834,62.4048014636192,594.620152655485,60.1130197707627,68.7092987102604,83.9190481411595,848.667302862719,85.4402400132033,81.729025171729,72.0347935110005,33.8450320039797,83.4777252236634,67.5637658815665,68.154658036251,97.7604379613983,63.7467699578975,128.84401012693,53.9520927060888,87.6271344448986,72.7880134817211,83.1395507108356,43.5714039947549,69.1011316004402,73.6801767941517,86.0850863571123,66.3971622319576,93.1147851484819,62.6025922459485,150.12246034548,68.6186175446436,92.9108307577621,106.008219939852,66.863722134986,119.993035808727,86.4592011514849,118.280422000182,66.1454341689067,86.4593669986047,"HH vs. HC","HH"
"LOC111105234",138.609842664315,-2.15889098854993,2.44141934750412,0.000206759130375954,0.0323553128299769,0,2.00525127610619,2.850135575466,746.124981982561,620.848678315704,13.9493065644399,5.23737462308887,0,18.7551863895014,1.99591490538303,209.820825843213,33.9499692390345,2.0963563032649,17.2348108753554,497.917925792538,32.1828907114481,695.718144242447,3.52402973648014,53.8821991045943,1.85189556470052,66.5793571179121,30.7269721438266,17.0350443766617,22.1928338252744,45.1940222389271,578.418971036733,53.2954288007738,20.2871969484043,8.72742367771459,100.156639161936,13.6186252134234,5.57081852182771,33.426422763329,50.054963181345,6.93166685564369,40.7050778770447,872.812384089298,71.1581963928486,5.0574962843584,4.09753347422019,20.3162871322165,27.2841072422858,12.3962995571937,4.45435386207552,0,42.3994440631516,752.480761148781,28.7972955106633,12.2684233440595,24.137500644986,0,1892.80119261004,10.167674939438,3.82322670858784,17.779487733533,18.0127367177679,3.51576346273911,1090.31423340228,63.0217142757996,38.1718326168113,5.01009242633788,733.762454820539,0,87.5668126839954,558.989997645364,9.33656055282198,0,38.0046183083812,2.83977741817713,58.4645756435813,5.4252570176934,663.952917050485,17.9840309020296,2.75990974629602,51.2211946723223,0,55.7308655746864,71.7588674312264,6.80124708869093,447.246655556492,33.1985811159788,32.039495965069,16.5712744180452,624.250230789118,56.3652929831001,34.6867101495645,22.2112460826356,14.8586049188858,4.24754109057442,59.9450461316962,0,39.0366496734531,68.3135739248234,"HH vs. HC","HH"
"LOC144625551",10.0535836698188,-16.8629612338378,2.92275635040584,4.13065110003913e-09,1.81867667162231e-06,0,9.02363074247786,1.900090383644,0,0,0,13.0934365577222,0,0,0,0,3.18280961615948,88.0469647371258,0,0,0,1.5026309810852,0,0.913257611942276,0,236.965238774504,0,0,4.43856676505487,0,0,0,0,0,2.08659664920699,0,12.0701067972934,0,0,6.93166685564369,0.753797738463791,0,232.881370012959,3.37166418957227,0,0,99.3921049540411,2.32430616697382,0,0,0,2.32606108546764,0,0,0,0,0,0,0,0,0,0,0,3.87825934004921,8.72499031241402,0,0,0,0,0,0,0,0,0,0,0,0,49.4560849805814,0,2.69585235117486,2.21705468562228,0,0,0,0,6.09769857232264,0,1.84125271311613,0,0,0,2.01920418933051,27.8598842229108,20.1758201802285,9.22231478949172,79.5905643365714,0,0,"HH vs. HC","HH"
"LOC111119236",1396.49202180923,2.87038198181654,2.14467204636279,7.39444574552092e-05,0.014350298468524,1484.49477500418,895.344694781414,4954.48567535173,69.1018447557119,1263.66406964444,3159.51793684564,1369.57346393774,98.0225197860859,139.009028533952,323.338214672051,344.993857876821,229.162292363483,7384.41507825061,445.453573393801,46.0849589264723,1578.03440788467,374.906429780757,478.38703672718,110.504171045015,137.040271787839,739.531998954873,298.793315329624,60.5690466725748,397.251725472411,180.776088955708,2596.18553602394,141.076135060872,87.2349468781384,382.915713859728,60.5113028270027,499.349591158858,55.7081852182771,187.187967474642,128.140705744243,5021.99263691385,557.810326463206,93.7036214522889,2085.15078520863,81.7628565971275,53.2679351648625,383.870898971881,1785.1601595667,142.557444907727,499.630024862805,489.359615566634,136.283927345844,1065.33597714418,49.3667923039942,14229.3263418851,44.077175090844,9025.54441951278,18075.0972423573,58.2330473804179,190.205528752245,80.9954441194283,301.303959642664,10334.5866987216,132.965150414912,36.8434637304675,152.687330467245,3394.33761884392,35.2857407373625,57.9773057232451,96.323493952395,69.1534017705605,81.6949048371923,1360.25883024713,63.3410305139686,577.894704599045,100.635744960263,4182.87316064161,161.34520187066,13.4880231765222,151.105058609707,409.769557378578,3060.64399350156,39.5182501347777,269.317230852998,344.59651916034,137.538241421133,476.975532768349,15578.2036787659,139.014579840268,171.722814352024,44.1119684215566,141.224462751798,136.296282779809,58.5057568681128,494.83853705192,1616.21066685842,342.681596449127,43.3740551927257,215.614717700224,"HH vs. HC","HC"
"LOC111122402",9.65459175968401,18.525151831515,2.25992736571817,1.30902058873986e-16,2.83370231947461e-13,0,0,7.600361534576,0,3.46842837047879,0,1.30934365577222,0,14.3422013566776,2.99387235807455,2.01750794080012,49.8640173198319,0,2.65150936543929,0,0,0,0,3.6530304477691,1.85189556470052,0,6.35730458148136,0,62.1399347107682,0,234.494177447324,0,1.01435984742021,0,2.08659664920699,0,0,4.45685636844386,0,0,2.26139321539137,0,6.46892694480442,5.0574962843584,0,0,0,1.54953744464921,5.93913848276736,0,0,0,2.05694967933309,0,4.197826199128,0,0,1.84866817080692,0,0,13.1001721583767,0,0,0,2.18124757810351,1.25252310658447,0,0,72.9723439033295,1.92092782696001,9.33656055282198,0,14.7795737865927,0,1.91687133257644,2.7126285088467,0,11.6896200863192,0,6.73963087793714,18.8449648277894,2.0265769299886,191.356979816604,0,0,0.677522063591404,98.1209563930239,3.68250542623227,0,1.6337766082058,0,0,4.64331403715181,0,0,0,4.33740551927257,4.26959837030146,"HH vs. HC","HC"
"LOC111123442",129.275957093288,2.36936580272794,0.98824224990656,1.25023219975398e-05,0.00323249629753784,59.4931112119995,71.1864203017698,133.956372046902,178.440206710952,48.5579971867031,169.716563200686,155.811895036894,93.8952557950929,168.796677505513,73.8488514991722,265.302294215216,146.409242343336,35.6380571555033,112.68914803117,239.441417031019,116.931169584928,211.119652842471,80.1716765049233,465.761382090561,52.7790235939649,34.363539157632,59.3348427604927,32.1773060448053,113.183452508899,55.3032114239502,266.876706713859,227.811832913111,305.322314073485,396.0068493763,49.0350212563643,318.902807080998,126.271886494761,95.8224119215431,110.120918998959,45.9222929186394,70.1031896771326,109.496366640877,29.1101712516199,214.943592085232,69.6580690617433,149.698957816332,116.931888181225,61.9814977859684,116.55559272431,105.128586614125,80.7608458345745,51.1733438802881,104.904433645988,113.142126395216,71.363045385176,128.489028104082,144.268383583083,162.682799031009,40.1438804401724,217.304850076515,230.890534291389,30.7629302989672,0,27.1478153803444,162.502944568711,95.1917561004198,29.8571652393068,143.417545736448,28.2159729759541,288.139174044002,420.145224876989,83.4777252236634,140.40595097263,22.718219345417,287.530699886466,79.344383883766,76.6099519673636,19.7824339922326,111.086367288415,284.412423048947,165.17057407886,56.7441540396807,248.941256150304,231.242401015492,168.2122377093,88.0778682668826,38.0469014585195,49.7138232541356,62.6410266189772,422.331253221199,52.0300652243468,109.037026223847,63.1490709052646,145.478282352174,20.7502082763564,51.9549517197063,190.845842847993,22.4153914440827,"HH vs. HC","HC"
"LOC111130917",20.2195086667185,-1.37878422691488,1.56290337085365,0.000194470362735571,0.0310595568423436,13.2206913804443,19.0498871230088,7.600361534576,5.24824137385154,25.4351413835112,27.8986131288799,3.27335913943055,0,6.6194775492358,5.9877447161491,19.1663254376012,3.18280961615948,18.8672067293841,7.95452809631787,56.1034282583141,12.8731562845792,26.296042168991,13.2151115118005,1.82651522388455,23.1486945587565,6.44316359205601,8.47640610864181,6.62473947981287,43.276025959285,7.13589824825164,4.46655576090141,16.720134525733,18.2584772535639,1.09092795971432,11.4762815706384,54.4745008536936,9.28469753637951,13.3705691053316,28.0307793815532,59.7856266299268,36.182291446262,27.3740916602192,23.7193987976162,7.5862444265376,45.0728682164221,16.0391740517499,7.79545921208166,1.54953744464921,24.4989462414154,11.1640976935354,24.2282537503724,46.5212217093528,20.5694967933309,6.81579074669974,7.346195848474,14.036616515572,58.8615005018977,11.0920090248415,204.54262890945,18.7672370520627,40.9380379949272,14.9419947166412,8.50976962655434,45.5695472455782,28.3562185153456,6.26261553292235,34.3809781543532,0,22.3781854636877,31.6953091448402,1.16707006910275,3.21068173937167,4.22273536759791,7.09944354544282,8.62592099659397,40.0112705054888,2.90189211997589,2.69760463530444,22.7692554069422,26.9585235117486,0,8.10630771995439,27.463270251457,11.3354118144849,35.6214150443223,17.6155736533765,34.0419644628859,10.1268899221387,12.9602124039263,2.4506649123087,7.43286646062097,4.03840837866101,10.215290881734,10.6188527264361,76.0840970133067,0,11.9278651779996,48.0329816658915,"HH vs. HC","HH"
"LOC111109437",114.680074888789,2.97444524730034,3.57209472264498,0.000231272284707048,0.0355488765670709,3.77734039441266,0,862.641034174376,107.588948163957,0,0,13.0934365577222,0,9.9292163238537,1.99591490538303,103.901658951206,12.7312384646379,6.2890689097947,15.9090561926357,24.0443263964203,163.05997960467,27.0473576595336,6.16705203884025,751.611014628493,0,0,865.652973845045,7.57113083407185,43.276025959285,212.292972885486,68.1149753537465,0,0,76.3649571800027,356.808027014395,23.832594123491,0.928469753637951,2.22842818422193,314.345168778847,0,1.50759547692758,0,0,17.7012369952544,0,5.3463913505833,7.79545921208166,749.201354487893,2.96956924138368,1.86068294892256,2.01902114586436,116.303054273382,12.3416980759985,2138.79513631438,4.197826199128,0,2.30829413732932,0,1.91161335429392,1.97549863705923,0,0,0,1.9391296700246,28.3562185153456,5.01009242633788,7.23810066407436,1.0171457144429,270.484154735008,3.84185565392003,7.00242041461648,130.567724067781,23.2250445217885,1.41988870908856,0,1.35631425442335,40.6264896796625,1.79840309020296,0,307.327168033934,16.6279101421671,12.1594615799316,2065.06074052085,10.2018706330364,46.5057363078653,2.03256619077421,92.1135508995735,8.2856372090226,30.2404956091614,0,0,12.115225135983,0,0,16.1390508816105,0,370.848171897805,4.26959837030146,"HH vs. HC","HC"
"LOC111110267",2145.81349003343,-1.54887333031131,1.07360031951057,4.47628096385181e-05,0.00953117627852283,1535.48887032875,1578.13275429557,2022.64621338904,821.349775007766,1188.51478828407,2156.33030641967,2081.85641267783,1909.89141183205,3984.92548463995,1787.34179777051,1294.23134402328,2938.79421225392,1927.59962085207,467.991403000035,1096.02054490349,2089.74237019669,3175.05926303303,969.10817753204,2356.20463881107,725.943061362604,853.361222414529,2848.07245250365,953.016093738794,2782.98136168941,1486.0508101984,1176.93744299752,1366.87099747867,1886.7093162016,1082.20053603661,2086.59664920699,1154.17848683763,1325.85480819499,9965.53083984048,2894.17797114537,2601.97444593725,1505.33408371219,1105.49216320116,964.948269266659,1616.7129788999,1515.06300209292,1736.50791066945,2467.26284062384,1564.25805037338,1786.93829100263,1281.08021033319,1951.38393747791,2977.35818939858,1660.98686606147,1348.16340969721,1660.24026175512,1642.28413232192,1462.30433599813,1315.32740352912,901.325696549584,904.778375773126,1221.59105376863,1660.31929527854,1454.10688493747,1897.43838211907,9000.91813104411,935.6347606186,24316.3991809578,1688.46188597521,1044.96396469568,1427.24937543129,1065.53497309081,1217.91860646832,991.287127543609,1148.68996565265,1327.43339780918,1449.22178085135,2253.60942037328,1231.90611678903,860.401863407784,4421.19785592676,11522.033201179,876.494522220069,906.287918298081,1194.75240524671,932.093693659768,1691.09507072415,719.887424965145,1565.98543250527,1763.66890463431,1342.96437194517,2416.92041077858,1646.66101639903,3508.4880864719,1053.39019046246,1769.53165023372,1490.11223230136,1432.42817273977,1174.1395518329,"HH vs. HC","HH"
"LOC111115711",71.0712100877383,4.07653853890786,2.68871048230207,5.17452575687938e-05,0.0107534924469164,190.75568991784,3.00787691415929,1.900090383644,72.6006723382796,27.7474269638304,156.929698849949,20.9494984923555,2.06363199549655,0,0,35.3063889640022,8.48749230975862,68.1315798561092,167.045090022675,84.1551423874711,0,30.052619621704,127.746077947405,12.7856065671919,123.151055052585,101.658803341328,60.3943935240729,5.67834812555389,13.3157002951646,16.0557710585662,135.113311767268,61.6554960636403,24.3446363380851,0,2.08659664920699,115.758314314099,46.4234876818976,208.358035224751,3.0032977908807,0,94.9785150464377,77.9108762637009,226.412443068155,1.68583209478613,81.9506694844038,106.927827011666,439.469013081103,68.9544162868899,8.16631541380513,7.44273179569026,87.8274198450998,0,115.189182042653,0,0,21.5947946393415,168.505472025041,40.6706997577522,5.73484006288177,88.8974386676652,173.577281098491,19.3366990450651,0,0,37.0812088277596,47.5958780502099,0,4.06858285777158,40.8645125858645,448.536647595163,215.907962784008,19.26409043623,109.791119557546,0,11.5012279954586,103.758040463386,32.50119174373,52.1536896158859,172.494359143501,124.009208154043,2.21705468562228,165.166019794071,1.77182388719077,106.552871056158,134.56979016744,0,166.204885318796,0,38.880637211779,10.6195479533377,174.672361824593,0,7.42930245944289,2.12377054528721,383.878853112593,225.506598953619,4.33740551927257,4.26959837030146,"HH vs. HC","HC"
"LOC111133984",71.0065444961748,-2.33308239660603,1.93739980002877,9.58492728506903e-05,0.017764931644111,13.2206913804443,3.00787691415929,25.651220179194,32.3641551387512,34.6842837047879,46.4976885481331,48.4457152635721,0,40.8201115536207,26.9448512226709,50.4376985200031,19.0968576969569,36.6862353071357,7.95452809631787,0,8.58210418971948,112.69732358139,45.8123865742419,86.7594731345162,3.70379112940104,23.624933170872,37.0842767253079,24.6061752107335,18.8639087514832,10.7038473723775,5.58319470112676,16.720134525733,25.3589961855054,77.455885139717,7.30308827222446,27.2372504268468,18.569395072759,490.254200528825,90.0989337264211,97.0433359790116,32.413302753943,35.7968890941329,19.4067808344133,19.3870690900405,10.2438336855505,52.3946352357163,15.5909184241633,44.1618171725025,2.96956924138368,7.44273179569026,14.1331480210505,51.1733438802881,24.6833961519971,16.3578977920794,36.73097924237,41.0301098147489,40.3951474032631,8.31900676863113,39.1880737630254,11.8529918223554,31.1129088761446,14.0630538509564,26.5930300829823,5.81738901007381,575.849360619325,36.3231700909497,1586.0488080153,26.4457885755153,42.81044175662,13.4464947887201,11.6707006910275,44.9495443512034,36.9489344664817,15.6187757999742,0.958435666288219,21.7010280707736,26.6974075037782,25.1776432628414,6.89977436574005,878.847866483003,748.255956397521,36.4783847397948,10.6309433231446,20.4037412660728,11.8738050147741,4.74265444513983,10.0123424890841,3.68250542623227,27.0004425081798,3.2675532164116,24.7762215354032,4.03840837866101,35.2891866823537,5.30942636321803,16.1390508816105,28.7410371215397,30.361838634908,17.0783934812059,"HH vs. HC","HH"
"LOC111132135",103.194823992507,-1.77478373688693,2.48864425787162,0.000347087709975366,0.0471450173095625,42.4950794371425,18.0472614849557,14.25067787733,6.99765516513539,25.4351413835112,10.46197992333,60.229808165522,1.03181599774827,15.4454476148835,0,15.1313095560009,3828.91996823986,4.1927126065298,3.97726404815894,25.0461733296045,10.7276302371494,23.2907802068206,43.1693642718818,23.7446979104992,5.55568669410156,7.87497772362401,4.2382030543209,2.83917406277694,105.415960670053,2.37863274941721,10.0497504620282,13.585109302158,17.2441174061436,0,2.08659664920699,12.4837397789715,17.6409253191211,1605.5825067319,28.0307793815532,1.73291671391092,6.78417964617412,26.32124198098,0,12.643740710896,17.4145172654358,5.3463913505833,0,1.54953744464921,14.1054538965725,0,74.7037823969814,1536.36334695138,25.7118709916636,0,5.24728274891,4.3189589278683,0,11.0920090248415,43.9671071487602,17.779487733533,26.2003443167534,9.66834952253255,1123.28959070517,1.9391296700246,113.424874061382,1.25252310658447,9.95238841310225,14.2400400022005,6.81075209764409,219.946236186922,0,3.21068173937167,11.6125222608942,0,9.58435666288218,71.2064983572259,18.5721095678457,0,34.4988718287002,4.04377852676228,6.65116405686685,0,0,0,0.989483751231176,12.8729192082367,0,10.1268899221387,11.8801947035991,1.6337766082058,0,4.03840837866101,2.78598842229108,22.2995907255157,8.06952544080526,4.42169801869841,0,19.2131926663566,"HH vs. HC","HH"
"LOC111134674",45.2883068988102,-1.79362801627873,1.59268435426914,0.000106693353658608,0.0195181214647159,61.3817814092058,4.01050255221238,53.202530742032,46.3594654690219,50.8702827670223,5.81221106851664,86.4166812809664,25.7953999437068,71.7110067833878,6.98570216884062,18.1575714672011,47.7421442423922,16.7708504261192,22.537829606234,64.1182037237875,54.7109142094617,75.13154905426,14.0961189459206,45.6628805971138,50.0011802469141,34.363539157632,76.2876549777763,82.3360478205313,38.8374591942301,21.4076947447549,16.7495841033803,26.1252101964577,9.12923862678193,46.9099022677159,14.6061765444489,34.0465630335585,1.8569395072759,77.9949864477676,72.0791469811369,62.3850017007932,18.091145723131,49.4839349242425,47.4387975952324,40.4599702748672,1.02438336855505,34.2169046437331,13.6420536211429,55.008579285047,50.4826771035226,18.6068294892256,15.1426585939827,43.0321300811513,30.8542451899964,30.6710583601488,25.186957194768,0,9.23317654931729,11.0920090248415,28.6742003144088,1.97549863705923,37.662994955333,5.27364519410866,12.7646544398315,19.391296700246,254.115342849058,2.50504621316894,446.952716006592,38.65153714883,11.6755750245327,35.5371647987603,11.6707006910275,5.35113623228612,10.5568384189948,51.1159935271883,11.5012279954586,15.5976139258685,46.4302739196143,24.27844171774,12.4195938583321,190.057590757827,280.457417731219,65.8637502246294,163.893709565147,37.4068589878001,76.1902488448005,19.6481398441507,61.0752891834128,13.809395348371,30.2404956091614,41.6613035092479,11.1492996909314,8.07681675732202,28.7885470303412,32.9184434519518,43.8059952500857,5.52712252337301,27.1087844954535,59.7743771842205,"HH vs. HC","HH"
"LOC111136946",97.0729718722706,-5.3756906618256,0.969074246836066,4.93245773536972e-09,2.13550757652832e-06,33.0517284511108,13.0341332946902,27.551310562838,21.8676723910481,48.5579971867031,33.7108241973965,31.4242477385332,0,31.994141487973,7.98365962153213,34.2976349936021,45.6202711649526,47.1680168234602,34.4696217507108,12.0221631982102,20.3824974505838,73.6289180731748,24.668208155361,20.0916674627301,3.70379112940104,25.05674730244,16.9528122172836,18.9278270851796,7.76749183884603,6.54124006089734,11.1663894022535,7.31505885500817,12.1723181690426,15.2729914360005,12.5195798952419,34.0465630335585,18.569395072759,362.119579936064,38.0417720178222,48.5216679895058,10.5531683384931,20.0041439055448,44.2043341228302,8.42916047393067,12.2926004226606,23.5241219425665,28.258539643796,58.88242289667,18.559807758648,1.86068294892256,8.07608458345745,10.4672748846044,17.4840722743313,19.0842140907593,37.780435792152,36.7111508868806,25.3912355106225,5.54600451242075,17.2045201886453,2.96324795558884,78.6010329502601,7.03152692547822,42.5488481327717,14.5434725251845,235.574738435179,31.3130776646118,2768.57350400844,20.3429142888579,46.7023000981309,13.4464947887201,4.66828027641099,16.0534086968583,19.0023091541906,15.6187757999742,5.75061399772931,10.8505140353868,35.9834622877011,8.9920154510148,1.37995487314801,2814.46985462655,975.504061673805,16.2126154399088,22.1477985898847,14.7360353588303,9.89483751231176,25.068316352882,32.039495965069,3.68250542623227,29.1604779088342,6.53510643282319,13.6269218444718,6.05761256799152,11.1439536891643,6.37131163586163,17.291840230297,21.0030655888175,14.0965679376358,4.26959837030146,"HH vs. HC","HH"
"LOC144627099",1674.43676210178,1.66137102315602,2.10608166415159,0.000274594867448384,0.0405292663165151,9523.61946941293,137.359712413274,725.834526552008,84.8465688772666,263.600556156388,1319.37191255328,65.4671827886109,1290.80181318309,228.371975448635,3352.1390835908,213.855841724813,4488.82249532359,4086.84661321492,6.62877341359823,2026.7363458316,0,1129.97849777607,2618.35409420475,3813.76378747094,1837.08040018292,2730.46954890018,66.7516981055542,5.67834812555389,1688.87465410338,124.283561157049,2143.94676523268,814.061549721623,5273.65684673769,3374.2401793964,2.08659664920699,3014.25571390438,82.6338080737777,116.992479671651,223.245135788799,1433.12212240433,3276.00497136364,3080.6381614539,107.815449080074,1577.93884071982,261.217758981537,115.482053172599,3191.26611494593,555.509173906742,85.3751156897809,5033.14737683554,97.9225255744216,160.498214897267,176.897672422646,3816.16123907719,945.560351353582,2614.04989109229,2534.5069627876,86.8874040279252,162.487135114983,2105.88154710514,65.5008607918834,1399.27385817017,109.563283941887,59.1434549357504,2946.86547801783,752.766387057267,140.238200366441,2526.58995467615,193.619952490168,1105.49396441549,3.50121020730824,7469.11595302496,108.735435715646,57.5054927180868,3916.16813245366,74.5972839932843,117.816820071021,1434.22646443686,7435.19685652148,68.7442349549588,2112.85311539804,1500.68021665656,1268.62590322859,3831.36919329589,2383.6663567159,201.901574950239,51.0629466943288,6416.76570520973,91.8015045278115,2568.29682809952,3116.84866915373,3.02880628399576,885.944318288565,4900.60053325024,3567.88303418461,4448.2282068106,92.1698672845421,3.2021987777261,"HH vs. HC","HC"
"LOC144627105",155.361134169822,20.698081097326,3.07952777250315,8.05186075789382e-12,6.33827839114569e-09,0,3.00787691415929,27.551310562838,0,0,0,869.404187432753,732.589358401274,1.10324625820597,777.408855646691,0,4023.07135482558,0,0,0,0,478.587967475636,932.105865298998,0,0,7.87497772362401,0,422.090543999505,0,0,0,0,1.01435984742021,1.09092795971432,50.0783195809678,0,1.8569395072759,1.11421409211097,1.0010992636269,17.3291671391092,1004.05858763377,3.1585490377176,0,473.718818634904,0,1.06927827011666,0,0,0.742392310345921,0,1.00951057293218,1.16303054273382,0,0,0,919.938251635948,28.8536767166165,2.77300225621038,0,0.987749318529613,0,0.878940865684777,0,0,1.09062378905175,974.462976922718,0,0,0,598.369018098045,56.0193633169319,0,0,0,0,2.03447138163503,0,0.89920154510148,40.7086687578663,500.080611142936,2.21705468562228,0,0,66.8789297054608,0,0,0,0,0,592.244020474602,786.645033749052,39.3744816919449,0.928662807430361,0,0,0,0,0,"HH vs. HC","HC"
"LOC111099173",7.38322088046802,18.8237124026463,2.91111622552593,5.0902179599589e-11,3.39047671656032e-08,0,0,1.900090383644,3.49882758256769,0,6.97465328221997,3.92803096731665,0,0,0,1.00875397040006,0,2.0963563032649,0,2.00369386636836,0,1.5026309810852,0,0,172.226287517148,0.715907065784001,3.17865229074068,3.78556541703592,4.43856676505487,0,6.69983364135212,0,0,1.09092795971432,0,0,0,0,1.0010992636269,0,0,0,1.07815449080074,0,0,0,0,157.278050631895,23.0141616207235,0,0,0,0,0,0,0,0,0,0,16.7917384150034,0,21.9735216421194,0,0,10.9062378905175,0,0,0,0,5.76278348088004,0,0,0,0,0,1.35631425442335,0,0,0,0,0,4.0531538599772,7.97320749235849,0,215.707457768396,0.677522063591404,0,0,2.16003540065439,0,0,0,1.85732561486072,0,0,0,0,0,"HH vs. HC","HC"
"LOC111138283",12.8733261935167,12.2646226544887,2.66929894090379,4.72714742984327e-07,0.000153496385981298,1.88867019720633,0,0,1.74941379128385,6.93685674095759,2.32488442740666,0,0,0,3.99182981076607,0,25.4624769292759,0,0,0,0,13.5236788297668,0,0.913257611942276,0,0,0,3.78556541703592,45.4953093418125,0,266.876706713859,0,0,0,15.6494748690524,0,0,6.68528455266579,2.0021985272538,0,6.03038190771033,4.21139871695681,2.15630898160147,0,0,14.9698957816332,0,3.09907488929842,0,0,0,0,0,0,0,0,1.15414706866466,0,0,0,3.27504303959417,1.75788173136955,0,0,0,0,0,4.06858285777158,140.106900294393,7.68371130784006,0,0,0,0,0,1.35631425442335,2.32151369598072,0,0,5.39170470234971,18.8449648277894,0,433.210940418144,1.13354118144849,0,0,98.1209563930239,0,4.32007080130877,9.80265964923479,2.47762215354032,8.07681675732202,0,0,8.06952544080526,3.31627351402381,2.16870275963628,12.8087951109044,"HH vs. HC","HC"
"LOC111134456",2364.60688980277,-24.9193225424615,5.73389269896438,6.82177720347017e-07,0.000212265560659765,36645.8678363945,10370.1569743832,0,0,0,0,0,0,0,0,0,0,0,0,1.00184693318418,0,0,6894.7641794234,0,27.7784334705078,0,0,0,0,0,0,0,17341.495951496,0,0,0,0,0,1.0010992636269,0,0,0,29274.0507342216,0,0,0,42214.3604982252,5.42338105627224,0,0,0,0,0,0,0,10148.4737407585,0,0,0,0,6.55008607918834,0,7909.83086788226,0,0,0,0,0,0,1.92092782696001,0,0,0,0,0,0,3.48227054397107,0,1.37995487314801,0,0,0,3.54364777438155,0,5.93690250738706,0,3.00370274672522,8374.93796560873,1.08001770032719,12.2533245615435,0,0,14966.3298045477,0,35693.816603379,0,0,0,"HH vs. HC","HH"
"LOC144626342",75.9932926423657,-22.661282189695,4.40866833583406,7.1813789795484e-08,2.70363306886563e-05,0,0,136.806507622368,0,0,0,3.92803096731665,62.9407758626447,0,625.719322837581,0,434.983980875129,0,0,0,0,0,0,0,0,0,381.438274888881,178.867965954947,1.10964169126372,0,0,2.09001681571662,0,0,0,288.260900350796,1257.14804642579,782.178292661898,0,0,0,0,0,206.514431611301,0,0,0,0,0,284.684491185152,0,0,0,0,0,0,0,0,211.233275649478,0,0,0,0,0,0,0,0,388.549662917186,0,0,0,0,0,366.331286944849,0,262.446808230918,0,0,2.75990974629602,0,443.410937124457,255.348693178563,0,0,0,0,61.0752891834128,1.84125271311613,0,421.514364917096,6.19405538385081,0,0,0,0,0,0,0,"HH vs. HC","HH"
"LOC144626365",249.029735257771,2.8000671069268,1.94783143955037,6.1386678855739e-05,0.0125562343042168,91.6005045645071,17.0446358469026,95.954564374022,49.8582930515896,49.7141399768627,83.6958393866396,30.114904082761,92.8634397973446,22.0649251641193,115.763064512216,122.059230418408,39.2546519326336,41.927126065298,99.4316012039734,70.1292853228926,25.7463125691584,537.941891228501,47.5744014424819,107.764398209189,27.7784334705078,225.51072572196,27.5483198530859,88.9607873003442,2095.0035131059,29.1382511803609,35.7324460872113,43.890353130049,46.6605529813299,62.1828937037165,612.416116542252,37.4512193369144,48.2804271891735,128.134620592761,65.0714521357486,140.366253826785,23.3677298923775,57.9067323581561,278.16385862659,82.6057726445205,50.1947850591974,18.1777305919832,32.1562692498368,36.4141299492564,34.8924385862583,3037.56491411609,21.1997220315758,47.6842522520866,22.626446472664,52.481588749588,15.74184824673,143.605384351621,317.390443882782,78.568397259294,25.8067802829679,77.0444468453098,150.651979821332,57.1311562695105,72.3330418257119,25.2086857103198,22.9030995700868,40.0807394107031,16.2857264941673,45.7715571499303,21.40522087831,604.131801578925,543.85465220188,3330.54719097488,72.8421850910639,54.6657152999097,37.3789909852405,75.275441120496,30.1796780477493,89.0209529650465,42.0886236310143,101.094463169057,55.4263671405571,10.132884649943,55.8124524465094,68.0124708869093,114.780115142816,37.9412355611186,85.1049111572146,8.2856372090226,30.2404956091614,51.4639631584827,35.9255212263347,643.116534301766,3679.36204303909,29.7327876340209,97.9870946383496,2350.13249693821,58.5549745101797,406.679244771214,"HH vs. HC","HC"
"LOC144626375",286.164020879225,-1.65836057086172,2.07361851116434,0.000265387815672997,0.039849591258598,223.80741836895,56.1470357309734,2284.85868633191,26.2412068692577,32.3719981244687,30.2234975562865,50.4097307472304,1113.32946157039,52.9558203938864,111.77123470145,21.1838333784013,32.8890327003146,41.927126065298,2.65150936543929,64.1182037237875,18.2369714031539,42.0736674703856,36.1213047989215,22.8314402985569,125.928898399635,13.602234249896,33.9056244345672,2011.08162780033,75.4556350059329,42.8153894895098,22.3327788045071,109.725882825122,27.3877158803458,1633.11915569234,14.6061765444489,48.8000736814339,12.0701067972934,133.705691053316,41.0450698087029,13.8633337112874,58.0424258617119,110.549216320116,1154.70345964759,43.8316344644395,76.8287526416286,12.8313392413999,63.3381060981635,105.368546236146,67.5577002414788,38.1440004529126,52.4945497924734,2006.22768621584,50.3952671436607,38.8500072561885,48.275001289972,390.865782972081,9.23317654931729,58.2330473804179,2022.48692884297,69.1424522970729,81.8760759898543,94.9256134939559,4.25488481327717,5.81738901007381,37.0812088277596,275.555083448584,2682.62105862256,1818.6565374239,39.8915480004868,48.9836595874804,25.6755415202604,16.0534086968583,62.2853466720691,9.22927660907566,71.8826749716164,2446.79091497972,45.2695170716239,32.3712556236533,29.6690297726822,841.105933566555,48.7752030836902,1516.89283209647,16.8323269283124,44.208106076491,174.149140216687,27.7784046072476,20.0246849781681,29.4600434098581,57.2409381173413,38.3937502928363,267.583192582355,39.3744816919449,31.5745354526323,83.8889365388448,292.808494566362,85.1176868599444,58.5549745101797,9.6065963331783,"HH vs. HC","HH"
"LOC111133438",59.7200784239518,-3.28043899817953,1.08183241002299,6.30866752653635e-06,0.0017070860035087,8.4990158874285,158.414850812389,38.951852864702,40.2365171995285,45.0895688162243,12.7868643507366,58.2657926818637,472.571726968709,33.097387746179,131.73038375528,10.0875397040006,18.0359211582371,3.14453445489735,14.5833015099161,36.0664895946305,24.6735495454435,99.1736447516232,205.274732149968,16.438637014961,22.2227467764063,17.181769578816,18.0123629808638,289.595754403248,12.2060586039009,129.635484843238,17.8662230436056,19.8551597493079,41.5887537442288,27.2731989928581,38.6020380103293,12.4837397789715,12.0701067972934,8.91371273688773,25.0274815906725,9.53104192651007,30.9057072770154,29.4797910186976,18.3286263436125,17.7012369952544,7.17068357988534,314.367811414298,31.1818368483266,10.8467621125445,20.7869846896858,39.0743419273738,266.510791254096,25.586671940144,33.939669708996,22.4921094641091,108.094024627546,153.323041939325,26.5453825792872,12.016343110245,756.043081623246,9.87749318529613,14.7376936781738,7.910467791163,243.592155560118,43.6304175755536,66.5280511321569,30.0605545580273,28.0476400732882,40.6858285777158,19.4592917075545,77.7975769918806,26.8426115893632,5.35113623228612,32.7261990988838,17.748608863607,11.5012279954586,13.5631425442335,20.8936232638264,132.182627129918,21.3893005337942,226.451597498688,22.1705468562228,17.2259039049031,22.1477985898847,30.6056118991092,12.8632887660053,18.2930957169679,15.0185137336261,39.5869333319969,9.72015930294474,69.4355058487464,19.8209772283226,18.1728377039746,26.0025586080501,36.1040992698826,17.291840230297,16.581367570119,14.0965679376358,4.26959837030146,"HH vs. HC","HH"
"LOC111132512",29.4889563960235,1.34873804790874,1.60936982059861,0.00022412485131095,0.0346553051339557,9.44335098603166,22.0577640371681,2.850135575466,12.2458965389869,31.2158553343091,13.9493065644399,8.51073376251942,16.5090559639724,33.097387746179,8.98161707422365,18.1575714672011,18.0359211582371,23.0599193359139,7.95452809631787,86.1588362538395,1.07276302371494,21.0368337351928,24.668208155361,38.3568197015756,78.7055614997722,32.9317250260641,14.8337106901232,23.6597838564745,165.336611998294,14.8664546838576,44.6655576090141,24.0351933807411,2.02871969484043,12.0002075568576,5.21649162301747,28.3721358612988,50.1373666964494,25.6269241185522,22.0241837997918,12.1304169973765,3.01519095385517,133.711909263379,23.7193987976162,12.643740710896,13.3169837912156,42.7711308046664,2.92329720453062,12.3962995571937,5.93913848276736,37.2136589784513,11.104616302254,17.4454581410073,16.4555974346647,511.184306002481,11.544022047602,2.15947946393415,21.9287943046286,9.24334085403459,3.82322670858784,114.578920949435,24.5628227969563,79.1046779116299,27.6567512863016,9.69564835012302,4.36249515620701,3.75756931975341,14.4762013281487,29.497225718844,6.81075209764409,15.3674226156801,3.50121020730824,2.14045449291445,31.6705152569843,1.41988870908856,28.7530699886466,10.1723569081751,12.7683253278939,11.6896200863192,15.1795036046281,0,26.6046562274674,27.3587885548461,7.0872955487631,5.66770590724244,40.5688338004782,27.1008825436562,29.0357932183438,9.20626356558067,22.6803717068711,20.4222076025725,11.1492996909314,18.1728377039746,35.2891866823537,61.5893458133291,20.7502082763564,44.2169801869841,19.5183248367266,22.4153914440827,"HH vs. HC","HC"
"LOC144627082",17.7548622416862,1.53026839156764,1.90759479125703,0.000261374803979383,0.0394751935056537,2.8330052958095,1.0026256380531,9.50045191822,16.6194310171965,0,0,5.23737462308887,9.28634397973446,0,155.681362619877,14.1225555856009,5.30468269359914,13.6263159712218,25.1893389716733,54.0997343919457,3.21828907114481,1.5026309810852,4.40503717060018,11.8723489552496,4.6297389117513,1.431814131568,6.35730458148136,22.7133925022155,13.3157002951646,17.2450874332748,1.11663894022535,3.13502522357493,12.1723181690426,21.8185591942865,15.6494748690524,19.2930523856832,8.35622778274156,6.68528455266579,2.0021985272538,0,5.27658416924654,0,2.15630898160147,6.74332837914453,8.19506694844038,6.41566962069995,17.5397832271837,7.74768722324605,5.93913848276736,18.6068294892256,8.07608458345745,2.32606108546764,10.2847483966655,2.04473722400992,9.445108948038,1.07973973196708,20.7746472359639,7.39467268322767,12.4254868029105,4.93874659264807,0,14.9419947166412,0,15.5130373601968,3.27187136715526,2.50504621316894,5.42857549805577,1.0171457144429,1.94592917075545,9.60463913480007,4.66828027641099,666.75157454285,3.16705152569843,5.67955483635425,2.87530699886466,4.74709989048173,2.90189211997589,1.79840309020296,6.20979692916604,4.04377852676228,46.558148398068,9.11959618494869,14.1745910975262,1.13354118144849,2.96845125369353,4.74265444513983,22.027153475985,60.7613395328324,8.64014160261755,0.816888304102899,0,11.1056230413178,13.0012793040251,10.6188527264361,3.4583680460594,17.6867920747936,13.0122165578177,7.47179714802756,"HH vs. HC","HC"
"LOC111106020",24.0534775234583,-18.041604258109,2.86661389925321,1.6302703243073e-10,9.41100715878458e-08,0,10.026256380531,0,0,0,34.8732664110998,358.760161681588,12.3817919729793,0,0,0,496.518300120879,2.0963563032649,0,2.00369386636836,0,97.671013770538,0,0,0,0,4.2382030543209,0,300.712898332468,0,11.1663894022535,0,0,2.18185591942865,27.1257564396909,0,0,241.78445798808,22.0241837997918,0,0,0,0,0,0,36.3554611839664,27.2841072422858,0,3.7119615517296,0,149.407564793963,9.30424434187056,0,0,4.197826199128,0,0,0,0,9.87749318529613,0,0,12.7646544398315,0,28.3562185153456,0,0,0,3.89185834151091,32.6557730583202,0,0,0,0,0,0,0,5.39520927060888,0,88.9631275887702,33.2558202843343,6.07973078996579,4.42955971797694,4.53416472579395,0,0,0,0,81.0013275245395,0,0,0,0,0,5.76394674343233,0,0,66.1787747396727,"HH vs. HC","HH"
"LOC144617712",211.182717638527,-6.86810988811289,2.12218266770963,4.05617435980916e-06,0.00114529610157351,28.330052958095,1438.76779060619,5.700271150932,1698.68079133662,8.09299953111719,9.29953770962662,34.6976068779638,72.2271198423791,2014.52766748409,44.9080853711182,3.02626191120019,25.4624769292759,8.3854252130596,0,6.01108159910508,45.0560469960273,37.56577452713,1.76201486824007,5.47954567165366,37.9638590763607,16.465862513032,2.11910152716045,45.4267850044311,0,17.2450874332748,20.0995009240563,28.2152270121744,2.02871969484043,13.0911355165719,26.0824581150874,1276.74611375844,0,2.22842818422193,1658.82147982977,11.263958640421,0.753797738463791,25.2683923017408,26.9538622700184,911.192247231905,1370.62494712665,10.6927827011666,6.82102681057145,51.1347356734239,1244.99190445011,37.2136589784513,18.1711903127793,1409.59301779339,0,0,7.346195848474,9.71765758770368,9.23317654931729,0,0,0,691.03408135437,0,916.927677261231,6.78695384508611,16.3593568357763,2.50504621316894,56.0952801465763,0,18.4863271221768,1830.64421909289,5.83535034551373,1.07022724645722,0,24.8480524090499,19.1687133257644,10.1723569081751,13.3487037518891,118.694603953395,14.4895261680541,32.3502282140983,1.10852734281114,5.06644232497149,25.6914463642662,7.93478827013942,33.64244754186,1018.99318364147,20.0246849781681,19.3331534877194,805.693204444086,19.6053192984696,35.9255212263347,27.2592565559618,4.64331403715181,4.24754109057442,0,7.73797153272222,22.771378976181,16.0109938886305,"HH vs. HC","HH"
"LOC111106715",10.5184909289267,-4.05791864355664,2.61445017705186,4.87728208316994e-05,0.0102175126350408,2.8330052958095,0,2.850135575466,8.74706895641923,5.78071395079799,1.16244221370333,2.61868731154444,25.7953999437068,11.0324625820597,3.99182981076607,0,14.8531115420776,10.4817815163245,0,1.00184693318418,0,2.2539464716278,0,9.13257611942276,5.55568669410156,5.01134946048801,28.6078706166661,2.83917406277694,0,4.75726549883443,4.46655576090141,1.04500840785831,16.2297575587234,2.18185591942865,4.17319329841398,5.67442717225976,0,13.3705691053316,6.00659558176141,2.59937507086638,85.1791444464084,2.1056993584784,18.3286263436125,6.74332837914453,46.0972515849772,2.13855654023332,0.974432401510207,3.87384361162303,5.19674617242144,5.58204884676769,14.1331480210505,40.7060689956837,41.1389935866618,1.36315814933995,1.049456549782,32.3921919590123,8.07902948065263,0,108.006154517607,9.87749318529613,4.91256455939126,1.75788173136955,0,8.72608351511071,6.54374273431051,0,2.71428774902789,0,5.83778751226636,28.8139174044002,0,0,0,36.9171064363026,0,15.5976139258685,3.48227054397107,13.4880231765222,13.1095712949061,5.39170470234971,0,1.0132884649943,4.42955971797694,7.93478827013942,7.91587000984941,6.77522063591404,0,14.7300217049291,7.56012390229036,0,48.3136319940363,3.02880628399576,0,10.6188527264361,53.0283100395774,25.4247636075159,0,2.13479918515073,"HH vs. HC","HH"
"LOC111107115",44.4747573495329,-4.9946671529845,2.24799139101797,1.73534657300596e-05,0.00425274508745055,1.88867019720633,272.714173550442,8.550406726398,1.74941379128385,3.46842837047879,0,2.61868731154444,0,6.6194775492358,5.9877447161491,5.04376985200031,2.12187307743965,7.33724706142715,5.30301873087858,9.01662239865762,6.43657814228961,65.3644476772062,22.9061932871209,18.2651522388455,0,0,15.8932614537034,4.7319567712949,134.26664464291,30.9222257424238,4.46655576090141,5.22504203929155,4.05743938968086,0,7.30308827222446,1.13488543445195,4.64234876818976,5.57107046055483,638.701330193963,3.46583342782184,1.50759547692758,0,3.23446347240221,2.5287481421792,0,1.06927827011666,2.92329720453062,15.4953744464921,187.082862207172,3.72136589784513,20.1902114586436,5.8151527136691,3.08542451899964,6.13421167202977,7.346195848474,0,2.30829413732932,0,1.91161335429392,0.987749318529613,3.27504303959417,2.63682259705433,241.46471315348,586.586725182442,26.1749709372421,2.50504621316894,6.33333808106507,22.3772057177437,639.237732593166,5.76278348088004,1.16707006910275,1.07022724645722,4.22273536759791,12.7789983817971,4.79217833144109,3.39078563605838,3.48227054397107,5.39520927060888,7.58975180231405,95.7027584667074,3.32558202843343,394.169212882782,7.0872955487631,355.931930974825,6.92638625861823,4.06513238154843,9.01110824017567,6.44438449590647,4.32007080130877,9.80265964923479,9.91048861416129,8.07681675732202,3.71465122972145,4.24754109057442,6.91673609211879,2.21084900934921,40.1210010532713,12.8087951109044,"HH vs. HC","HH"
"LOC111109905",25.2515901462276,-2.4042972622555,2.38043600963125,0.000149457694681359,0.0252107956801146,7.55468078882533,42.11027679823,5.700271150932,27.9906206605415,0,1.16244221370333,8.51073376251942,53.6544318829102,8.82597006564773,0,4.03501588160025,483.787061656241,8.3854252130596,2.65150936543929,19.0350917304994,10.7276302371494,7.513154905426,22.9061932871209,0,15.7411122999544,31.499910894496,14.8337106901232,250.79370887863,3.32892507379116,46.97799680099,33.4991682067606,4.18003363143324,8.11487877936172,43.637118388573,34.4288447119153,44.2605319436261,0,123.677764224317,26.0285808542994,20.7950005669311,22.6139321539137,2.1056993584784,0,16.8583209478613,0,2.13855654023332,18.5142156286939,12.3962995571937,13.3630615862266,13.0247806424579,39.3709123443551,27.9127330256117,26.7403458313302,0,12.593478597384,0,13.8497648239759,5.54600451242075,26.7625869601149,3.95099727411845,0,0,75.5242054356698,114.408650531452,4.36249515620701,12.5252310658447,2.71428774902789,8.13716571554317,21.40522087831,18.2488143561201,1.16707006910275,2.14045449291445,2.11136768379895,30.5276072454041,0.958435666288219,14.2412996714452,6.96454108794214,4.4960077255074,4.13986461944403,8.08755705352457,11.0852734281114,6.07973078996579,0,0,0,40.6513238154843,27.033324720527,33.1425488360904,24.8404071075255,4.9013298246174,38.403143379875,50.4801047332626,0,3.18565581793082,46.1115739474586,0,46.6271093321801,9.6065963331783,"HH vs. HC","HH"
"LOC111105719",13.6352417270128,18.9111763350111,2.4773875349911,1.17808784398252e-14,1.5301593961567e-11,0.944335098603166,0,7.600361534576,1.74941379128385,9.24914232127678,1.16244221370333,2.61868731154444,0,2.20649251641193,0,0,95.4842884847844,0,0,2.00369386636836,0,7.513154905426,0,6.39280328359593,0,0,26.4887690895056,0,38.8374591942301,0,171.962396794704,0,0,0,16.6927731936559,19.2930523856832,0,0,46.0505661268374,0,0,1.0528496792392,3.23446347240221,0.842916047393067,4.09753347422019,0,0,4.64861233394763,0,0,0,55.8254660512233,2.05694967933309,2.04473722400992,0,0,0,0,0,0,6.55008607918834,6.15258605979344,0,0,0,0,0,0,32.107831317465,0,0,3.21068173937167,6.33410305139686,0,0,3.39078563605838,0,0,1.37995487314801,0,3.32558202843343,0,538.634461705996,0,0.989483751231176,0,98.1209563930239,0,9.72015930294474,0,0,1.00960209466525,0,0,3.4583680460594,1.1054245046746,7.59045965872699,14.9435942960551,"HH vs. HC","HC"
"LOC111108121",115.039448967753,4.67655719117095,2.03613798899274,1.59350427215387e-05,0.00401887965803312,30.2187231553013,27.0708922274336,3.800180767288,190.686103249939,139.893277609311,6.97465328221997,22.2588421481277,34.049927925693,125.77007343548,27.9428086753625,76.6653017504047,5.30468269359914,31.4453445489735,18.560565558075,25.0461733296045,0,81.8933884691434,9.6910817753204,30.1375011940951,5.55568669410156,5.01134946048801,14.8337106901232,4.7319567712949,36.6181758117027,186.128012641897,0,19.8551597493079,14.201037863883,122.183931488004,0,5.67442717225976,13.9270463045693,27.8553523027741,15.0164889544035,149.030837396339,39.1974824001171,22.1098432640232,28.0320167608192,10.1149925687168,20.487667371101,18.1777305919832,97.4432401510207,10.0719933902199,8.90870772415105,1.86068294892256,435.09905693377,3.48909162820146,73.0217136163247,4148.77182751613,6.296739298692,61.5451647221233,19.6205001672992,33.2760270745245,6.69064674002873,8.88974386676652,9.82512911878252,19.3366990450651,21.2744240663859,0.969564835012302,3.27187136715526,11.2727079592602,19.9047768262045,19.325768574415,107.02610439155,96.0463913480007,0,21.4045449291445,124.570693344138,25.5579967635941,23.9608916572055,12.8849854170218,108.530765287098,1.79840309020296,3167.68641131126,4.04377852676228,4.43410937124457,14.1860385099202,10.6309433231446,2.26708236289698,0,8.13026476309685,0,0.920626356558067,14.0402301042535,19.6053192984696,0,0,28.7885470303412,20.1758201802285,2.30557869737293,43.1115556823095,170.243166631448,0,"HH vs. HC","HC"
"LOC144618101",9.77398801823029,-19.9849349658983,2.98501476954268,1.01510538183316e-11,7.75570367761173e-09,0,19.0498871230088,33.25158171377,10.4964827477031,0,0,5.23737462308887,0,0,0,0,147.470178882056,23.0599193359139,2.65150936543929,0,0,6.7618394148834,0,0,1.85189556470052,0,0,0,37.7278175029664,0,2.2332778804507,0,0,5.45463979857162,37.5587396857258,0,0.928469753637951,5.57107046055483,2.0021985272538,17.3291671391092,0,0,0,0,0,27.8012350230331,0,4.64861233394763,0,0,37.3518911984907,25.586671940144,0,0,0,0,0,0,0,0,78.6010329502601,0,40.4214057261331,1.9391296700246,0,0,0,0,0,36.4976287122403,0,0,0,0,0,0,0,0,0,0,1.10852734281114,0,0,0,5.93690250738706,0,0,0,244.084000273946,0,0,0,0,0,20.7502082763564,0,0,25.6175902218088,"HH vs. HC","HH"
"LOC144627330",38.2050103697516,6.4912694093003,1.75389925390091,1.95757035753698e-06,0.000584503507790092,1.88867019720633,4.01050255221238,1343.36390123631,6.12294826949346,5.78071395079799,29.0610553425832,5.89204645097498,0,3.3097387746179,1.99591490538303,2.01750794080012,1.06093653871983,5.24089075816225,0,38.0701834609988,10.7276302371494,2.2539464716278,7.92906690708032,4.56628805971138,41.6676502057617,0,4.2382030543209,1.89278270851796,0,1.18931637470861,0,8.36006726286648,4.05743938968086,1.09092795971432,3.12989497381048,1.13488543445195,3.71387901455181,8.91371273688773,0,0.866458356955461,0,46.3253858865249,2.15630898160147,4.21458023696533,1.02438336855505,4.27711308046664,5.84659440906124,6.97291850092145,1.48478462069184,169.322148351953,2.01902114586436,0,5.14237419833273,2.7263162986799,4.197826199128,2.15947946393415,13.8497648239759,2.77300225621038,0,36.5467247855957,4.91256455939126,29.8839894332824,2.12744240663859,3.87825934004921,1.09062378905175,0,0.904762583009296,5.08572857221448,3.89185834151091,9.60463913480007,1213.75287186686,2.14045449291445,4.22273536759791,1.41988870908856,0.958435666288219,126.815382788583,2.32151369598072,1.79840309020296,9.65968411203607,0,64.2945858830462,5.06644232497149,7.0872955487631,1.13354118144849,82.1271513521876,5.42017650873124,6.00740549345044,1.84125271311613,36.7206018111246,0,0,17.1632356093093,1.85732561486072,3.18565581793082,13.8334721842376,2.21084900934921,3.25305413945443,12.8087951109044,"HH vs. HC","HC"
"LOC111107102",47.7469657033975,21.9581596209317,3.68040177794993,9.50294895929942e-10,4.84035500226904e-07,0,336.88221438584,69.353299003006,11.371189643345,4.62457116063839,0,165.631972455186,0,0,0,0,12.7312384646379,335.417008522384,0,0,0,99.1736447516232,0,0,0,0,0,0,675.771789979605,0,0,0,0,672.011623184024,4.17319329841398,0,0,266.297168014521,36.0395734905684,86.6458356955461,0,0,0,0,0,272.665958879748,321.562692498368,0,0,0,0,55.8254660512233,0,0,0,0,1.15414706866466,0,0,0,13.1001721583767,0,0,0,5.45311894525876,0,0,0,0,0,0,0,300.869894941351,0,2.87530699886466,1.35631425442335,2.32151369598072,0,0,63.3525302526091,131.914753794526,0,0,0,0,0,1.00123424890841,0,352.085770306665,0,0,0,0,0,14.9862615329241,0,0,123.818352738742,"HH vs. HC","HC"
"LOC111106424",285.821572965256,28.9491320995135,4.66448869797721,1.04661811906936e-10,6.47333306644398e-08,0,0,0,0,0,0,0,0,0,0,0,0,0,0,0,0,0,532.128490208502,0,0,0,0,617.047162976855,0,0,0,524.594220744871,1184.77230178681,1191.29333200804,1386.54347339804,0,0,1537.61544711313,0,0,1.50759547692758,0,0,0,0,0,0,426.897566000857,0,657.751422444126,0,0,0,0,834.31795707669,0,0,0,0,0,0,0,0,0,2031.83211900341,562.382874856427,0,1007.99140301291,0,0,1583.71408377243,0,0,0,0,344.503820623531,0,0,0,0,765.992393882499,1944.50056432406,1595.52741041529,0,0,0,0,2476.4848991412,0,0,1679.82782010034,0,2204.64550483968,688.101656673056,0,801.432765889087,0,0,"HH vs. HC","HC"
"LOC111106867",362.311468605193,24.2367264619671,5.0201065104097,2.03015655716384e-07,7.03165025139267e-05,0.944335098603166,0,0,0,0,0,0.654671827886109,0,0,0,0,0,0,0,0,0,0,1006.9914971992,0,0,0,0,2550.52469972795,0,0,0,3445.39272070885,4933.84629785192,1033.10877784946,1648.41135287352,0,0,0,0,0,0,0,0,0,0,0,0,3599.57548392012,0,191.650343739024,0,0,0,0,484.848925999284,0,0,0,0,0.987749318529613,0,0,0,0,592.208717455102,1348.96738579147,0,429.235491494902,2.91889375613318,0,2026.03363996237,0,0,0,0,1974.11539731319,0,0,0,0,166.279101421671,1848.2381601496,1304.06238097241,0,0,0,0,0,0,0,0,0,2028.19957142791,1530.17667787943,0,1547.59430654444,0,0,"HH vs. HC","HC"
"LOC111109691",25.7162432225042,3.22695368822354,2.94962167984569,0.000119371341649168,0.0215340926529196,84.9901588742849,6.01575382831857,681.182402536374,4.37353447820962,10.4052851114364,1.16244221370333,0,0,1.10324625820597,0,0,6.36561923231896,4.1927126065298,0,2.00369386636836,26.8190755928734,21.0368337351928,1.76201486824007,21.9181826866146,11.1113733882031,5.72725652627201,3.17865229074068,31.2309146905464,8.87713353010975,0,5.58319470112676,4.18003363143324,0,0,3.12989497381048,6.80931260671171,1.8569395072759,0,8.00879410901521,0,4.52278643078275,13.6870458301096,0,5.0574962843584,2.0487667371101,4.27711308046664,3.89772960604083,52.6842731180732,2.22717693103776,5.58204884676769,2.01902114586436,10.4672748846044,4.11389935866618,258.31846929992,0,0,4.61658827465864,0,0,0,1.63752151979709,4.39470432842389,0,0,17.449980624828,66.383724648977,7.23810066407436,9.15431142998606,3.89185834151091,0.960463913480007,18.673121105644,318.927719444252,0,0.709944354544282,0,6.10341414490508,6.38416266394697,8.9920154510148,4.82984205601803,2.69585235117486,284.891527102463,19.2524808348917,108.967169062233,27.2049883547637,15.8317400196988,0,24.0296219738018,0,4.32007080130877,22.8728725148812,50.7912541475766,0,0,0,3.4583680460594,2.21084900934921,0,12.8087951109044,"HH vs. HC","HC"
"LOC111107279",29.9547952556925,21.5951795213814,2.64239007404678,1.28008827586717e-16,2.83370231947461e-13,0,0,4.75022595911,0,0,0,0.654671827886109,0,0,0,0,2.12187307743965,4.1927126065298,0,0,0,0,18.5011561165208,402.746606866544,124.077002834935,0.715907065784001,1.05955076358023,0,89.8809769923612,0,0,152.571227547313,0,1.09092795971432,2.08659664920699,115.758314314099,0,148.190474250758,0,0,3.01519095385517,0,0,9.27207652132373,46.0972515849772,0,0,220.809085862512,0,0,0,0,0,121.321075291255,68.21467573583,41.0301098147489,2.30829413732932,0,0,3.95099727411845,0,0,0,0,0,7.51513863950682,0,0,0,3.84185565392003,9.33656055282198,0,0,0,0,0,0,177.142704384992,123.505961146747,1.34792617558743,0,0,58.4701882772956,90.6832945158791,173.159656465456,0,173.213525061154,107.713283717294,2.16003540065439,17.9715426902638,0,114.085036697174,95.6522691653272,27.6090170887337,6.91673609211879,11.054245046746,0,0,"HH vs. HC","HC"
"LOC111110174",40.1566123324993,-2.02370191167993,2.64138190299633,0.000290129171624975,0.0416391463607844,35.8847337469203,27.0708922274336,0.950045191822,0,5.78071395079799,0,5.89204645097498,3.09544799324482,5.51623129102983,46.9040002765013,0,0,0,0,2.00369386636836,33.255653735163,134.485472807125,7.92906690708032,10.9590913433073,0,7.87497772362401,70.9899011598751,60.5690466725748,41.0567425767576,2.37863274941721,2.2332778804507,9.40507567072478,202.871969484043,140.729706803148,31.2989497381048,0,23.2117438409488,50.1396341449935,1.0010992636269,15.5962504251983,44.4740665693637,3.1585490377176,29.1101712516199,0,0,0,1.94886480302041,10.0719933902199,0,42.795707825219,8.07608458345745,27.9127330256117,0,10.2236861200496,7.346195848474,38.8706303508147,25.3912355106225,0,275.272323018325,0.987749318529613,14.7376936781738,0,0,389.765063674945,99.2467648037095,5.01009242633788,131.190574536348,45.7715571499303,232.538535905277,242.036906196962,10.5036306219247,0,0,0,297.115056549348,1.35631425442335,1.74113527198554,70.1377205179155,1.37995487314801,1.34792617558743,43.2325663696345,106.395288824401,127.571319877736,0,4.94741875615588,7.45274269950545,0,51.5550759672517,147.962424944826,13.8871011697493,40.8807655334153,57.5473193959194,19.5019189560376,6.37131163586163,9.22231478949172,7.73797153272222,4.33740551927257,37.3589857401378,"HH vs. HC","HH"
"LOC111110589",41.0853468298115,18.7941489835743,2.73568380069717,3.29500773532542e-12,2.95153158415684e-09,0,0,0.950045191822,5.24824137385154,5.78071395079799,9.29953770962662,26.1868731154444,0,0,0,0,471.055823191603,266.237250514642,0,740.364883623109,0,17.2802562824798,5.28604460472022,0,0,0,0,0,317.357523701424,0,0,4.18003363143324,0,6.54556775828594,30.2556514135014,0,0,139.276761513871,20.021985272538,49.3881263464613,0,0,0,0,0,73.7802006380495,82.8267541283676,0,0,0,68.6467189593883,1143.25902350734,4.11389935866618,0,1.049456549782,0,0,0,0,8.88974386676652,4.91256455939126,2.63682259705433,0,0,18.5406044138798,0,0,0,0,2.88139174044002,1.16707006910275,0,21.1136768379895,0,67.0904966401753,1.35631425442335,7.54491951193732,0,0.689977436574005,1.34792617558743,6.65116405686685,0,1.77182388719077,0,0,0,0,0,35.6405841107974,0,0,0,4.64331403715181,2.12377054528721,93.3759372436037,0,0,50.1677808510422,"HH vs. HC","HC"
"LOC144627196",10.3071212358128,18.2345873827234,3.42110212060466,4.00888898997521e-08,1.57786226200888e-05,0,4.01050255221238,19.950949028262,6.99765516513539,20.8105702228728,0,58.2657926818637,0,0,0,0,0,50.3125512783576,0,0,0,12.7723633392242,0,0,0,0,0,0,29.9603256641204,0,0,0,0,13.0911355165719,25.0391597904839,0,0,56.8249186976592,20.021985272538,9.53104192651007,0,0,0,0,2.0487667371101,6.41566962069995,12.6676212196327,0,0,0,0,0,0,0,11.544022047602,0,0,0,0,0,183.402410217274,0,0,0,0,0,0,0,0,5.76278348088004,0,0,16.8909414703916,0,29.7115056549348,0,22.0543801118168,0,0,18.870966458224,21.0620195134117,0,0,1.13354118144849,0,0,0,0,126.362070938282,0,0,0,0,0,102.598252033095,0,0,70.4483731099742,"HH vs. HC","HC"
"LOC111117896",17.8058224899281,-3.87709777127556,3.95337109042858,0.000155101923182653,0.025757178533824,1.88867019720633,2.00525127610619,0,0,0,1.16244221370333,0,53.6544318829102,0,14.9693617903727,0,0,0,0,0,0,1.5026309810852,113.649959001485,3.6530304477691,3.70379112940104,0.715907065784001,90.0618149043192,2.83917406277694,0,0,0,2.09001681571662,98.3929051997608,0,0,0,0,1.11421409211097,4.0043970545076,3.46583342782184,201.263996169832,0,31.2664802332214,21.9158172322197,0,0,1.94886480302041,0,0,0,0,0,4.11389935866618,0,0,0,5.77073534332331,0.924334085403459,0,0.987749318529613,0,0,192.533537800792,81.4434461410333,10.9062378905175,127.757356871616,0,3.05143714332869,0,9.60463913480007,0,0,0,9.22927660907566,0,4.74709989048173,0,6.29441081571036,12.4195938583321,4.04377852676228,2.21705468562228,4.0531538599772,0,0,2.96845125369353,0,7.00863974235885,11.0475162786968,0,1.6337766082058,1.23881107677016,0,103.08157162477,105.126641991717,0,99.4882054207142,71.5671910679974,117.41395518329,"HH vs. HC","HH"
"LOC111109671",35.3599266920121,2.22152802553616,2.37880968421555,0.000181278504955938,0.0294316982702525,1.88867019720633,0,116.855558594106,0,11.561427901596,127.868643507366,0,0,5.51623129102983,13.9714043376812,4.03501588160025,21.2187307743965,4.1927126065298,0,218.402631434151,65.438544446611,2.2539464716278,53.7414534813222,10.9590913433073,3.70379112940104,0,33.9056244345672,19.8742184394386,5.54820845631859,7.13589824825164,3.34991682067606,22.9901849728828,8.11487877936172,6.54556775828594,32.3422480627083,7.94419804116366,0.928469753637951,0,9.00989337264211,14.7297920682428,82.1639534925532,3.1585490377176,0,21.0729011848267,4.09753347422019,31.0090698333831,14.6164860226531,51.9095043957485,2.22717693103776,2.79102442338385,25.2377643233045,137.237604042591,54.5091665023269,4.77105352268982,23.088044095204,0,21.9287943046286,7.39467268322767,0.955806677146961,154.08889369062,26.2003443167534,159.088296688945,0,6.78695384508611,158.140449412504,43.8383087304565,2.71428774902789,154.60614859532,71.9993793179518,1.92092782696001,42.0145224876989,177.657722911899,5.27841920949739,1.41988870908856,19.1687133257644,12.8849854170218,7.54491951193732,0.89920154510148,3.44988718287002,51.2211946723223,43.2325663696345,0,59.356100220891,112.2205769634,0,3.38761031795702,16.0197479825345,1.84125271311613,12.9602124039263,26.9573140353957,8.67167753739113,16.153633514644,109.582211276783,18.0520496349413,343.531225908567,22.1084900934921,53.133217611089,18.1457930737812,"HH vs. HC","HC"
"LOC144627203",76.4374957217386,21.8871632896014,3.16031039574522,1.76902872109803e-12,1.76746381107552e-09,66.1034569022216,0,4.75022595911,0,0,130.193527934773,0,0,0,0,0,0,15.7226722744867,0,112.206856516628,650.094392371251,0.7513154905426,0,0,0,78.7497772362401,518.120323390731,0,0,489.998346379946,0,26.1252101964577,454.433211644256,0,0,0,0,0,58.0637572903603,0,336.947589093315,1.0528496792392,15.0941628712103,0,0,20.3162871322165,2.92329720453062,21.6935242250889,81.6631541380513,0,0,0,709.647639369916,0,25.186957194768,0,15.0039118926406,19.4110157934726,0,92.8484359417836,0,115.141253404706,0,0,236.66536222423,0,0,346.846688625027,526.37384068935,0,22.1743313129522,0,0,0,0,0,0,727.454049987098,0,0,0,94.2358272444698,0,168.897636035825,0,0.677522063591404,0,0,0,0,0,0,23.216570185759,4.24754109057442,200.585346671445,0,695.069234463429,0,"HH vs. HC","HC"
"LOC111109531",13.9351277445447,15.9878904788832,3.10677782048347,9.44169327206738e-08,3.50381237326421e-05,0,0,3.800180767288,0,0,0,2.61868731154444,0,0,0,0,64.7171288619095,4.1927126065298,0,2.00369386636836,0,6.0105239243408,0,0,0,5.72725652627201,2.11910152716045,35.9628714618413,48.8242344156036,0,295.909319159718,0,0,0,4.17319329841398,0,0,0,0,1.73291671391092,0,0,2.15630898160147,0,0,0,5.84659440906124,6.19814977859684,0,0,0,0,0,0,2.098913099564,0,0,0,0,0,0,0,0,0,0,0,0,2.03429142888579,94.3775647816395,0,0,0,4.22273536759791,0,0,9.49419978096345,0,0,0,6.73963087793714,4.43410937124457,0,368.539368535681,21.5372824475213,0,5.42017650873124,245.30239098256,0,4.32007080130877,0,0,4.03840837866101,0,0,19.5974189276699,2.21084900934921,0,9.6065963331783,"HH vs. HC","HC"
"LOC144618149",18.9088274943303,21.1145354272948,3.19988673766129,1.79042424086326e-11,1.32885287156871e-08,0,28.0735178654867,0,0,25.4351413835112,0,0,0,15.4454476148835,129.734468849897,0,0,78.6133613724337,0,0,59.0019663043214,0,144.485219195686,0,39.8157546410612,2.863628263136,70.9899011598751,0,6.65785014758231,67.7910333583906,0,6.27005044714986,0,0,0,0,48.2804271891735,0,0,6.93166685564369,79.1487625386981,0,0,0,0,0,0,4.64861233394763,0,173.97385572426,25.2377643233045,0,57.5945910213265,0,0,0,0,0,0,0,0,0,0,0,0,0,0,0,1.94592917075545,0,0,122.005906096123,0,0,1.91687133257644,0,38.3049759836818,0,0,0,68.7286952542908,10.132884649943,0,43.0745648950426,10.8843212635429,0,0,0,0,0,0,290.765403263593,0,57.3418047227547,2.30557869737293,0,40.1210010532713,0,"HH vs. HC","HC"
"LOC144618150",8.9883339613773,16.8033192789106,4.27159982713103,2.14539971814755e-06,0.000633307369071806,0,2.00525127610619,0,0,85.5545664718103,0,0,0,35.3038802625909,26.9448512226709,0,0,3.14453445489735,0,0,8.58210418971948,0,6.16705203884025,0,10.1854256058529,0,6.35730458148136,0,0,16.0557710585662,0,0,0,0,0,0,7.42775802910361,0,0,0,6.78417964617412,0,0,0,0,0,0,8.52245594557066,0,5.58204884676769,11.104616302254,0,4.11389935866618,0,0,0,0,0,0,0,0,0,0,0,0,0,0,0,0,0,0,12.8427269574867,0,0,0,0,51.0733013115757,0,0,0,427.891554325101,0,0,7.93478827013942,0,0,0,0,0,0,0,83.796973857216,0,6.37131163586163,0,0,2.16870275963628,0,"HH vs. HC","HC"
"LOC144627840",35.8235561937804,-33.1181254824292,8.64701491267868,6.15817094280156e-07,0.000195086349489215,0,0,0,0,0,0,0,0,0,0,0,0,0,0,0,0,0,0,0,0,0,0,359.628714618413,0,0,0,0,346.911067817713,0,218.04934984213,0,0,0,0,0,0,0,0,0,0,0,0,0,0,0,387.652060005958,0,0,0,0,0,0,0,323.062656875673,0,0,0,0,665.121476818439,0,0,0,0,402.807338346379,0,0,0,0,0,284.655392887601,0,0,0,0,0,0,0,0,0,0,0,0,0,0,0,0,0,0,0,0,0,0,343.702668809268,"HH vs. HC","HH"
"LOC111108097",193.933984515289,1.96410195311253,2.71404260047356,0.000331638472322705,0.0458243223166324,271.968508397712,96.2520612530972,6.650316342754,158.321948111188,61.2755678784587,0,456.306264036618,646.948630588167,3.3097387746179,2914.03576185923,99.8666430696062,1.06093653871983,1135.17693821794,6.62877341359823,81.1496015879186,6.43657814228961,108.189430638134,360.332040555095,222.834857313915,506.493436945593,4.29544239470401,220.386558824687,0,453.843451726861,2.97329093677152,2.2332778804507,0,205.915049026304,10.9092795971432,0,368.837766196884,105.845551914726,114.764051487429,174.191271871081,0,1.50759547692758,975.99165265474,0,354.867655952481,70.6824524302983,65.2259744771162,0,2.32430616697382,100.965354207045,936.853864782511,3.02853171879654,50.0103133375542,10.2847483966655,0.681579074669974,243.473919549424,58.3059455262221,2.30829413732932,89.6604062841355,0.955806677146961,24.6937329632403,65.5008607918834,58.8890380008801,0,5.81738901007381,99.2467648037095,350.706469843652,0.904762583009296,34.5829542910585,3.89185834151091,117.176597444561,0,234.379766974132,162.575311652519,0.709944354544282,25.8777629897819,2.7126285088467,66.1631403354504,224.80038627537,424.336123493013,504.124389669698,1.10852734281114,0,106.309433231446,63.4783061611153,32.6529637906288,62.3320298504092,2.00246849781681,1.84125271311613,151.202478045807,629.820882463335,411.285277487693,0,334.31861067493,384.402468696985,2.30557869737293,1658.1367570119,13.0122165578177,0,"HH vs. HC","HC"
"LOC144618924",128.925499088551,-21.9036982647433,4.17174157563228,4.67534046619782e-08,1.81270625806598e-05,997.217864124943,202.530378886725,0,0,0,0,0,257.953999437068,0,0,0,0,110.058705921407,0,0,0,0,1135.61858258073,0,0,410.214748694233,464.083234448139,0,268.53328928582,320.52076298397,0,0,0,0,459.051262825538,0,0,0,1.0010992636269,214.015214167999,406.296981031984,0,315.899265804616,0,0,700.377266926412,0,0,146.251285138146,535.876689289698,807.608458345745,0,641.768299951924,0,0,0,244.679178556908,0,0,0,0,0,0,309.291182368924,255.20596663811,482.221396035021,0,0,0,0,0,0,0,0,0,0,0,0,0,218.364040445163,0,412.40840525268,0,0,0,0,0,0,1.08001770032719,0,531.449951934399,0,0,0,640.950877869675,0,0,499.543009325271,"HH vs. HC","HH"
"LOC111136285",86.1757795622537,1.57859037038943,2.26350927061764,0.000369560908110386,0.0483008899667375,18.8867019720633,6.01575382831857,10.450497110042,22.74237928669,0,22.0864020603632,7.2013901067472,17.5408719617206,8.82597006564773,5.9877447161491,3.02626191120019,16.9749846195172,2.0963563032649,5.30301873087858,14.0258570645785,25.7463125691584,4.5078929432556,14.9771263800406,2.73977283582683,76.8536659350716,412.362469891585,313.627026019747,46.3731763586901,1.10964169126372,5.35192368618873,5.58319470112676,3.13502522357493,651.219022043778,994.926299259464,17.7360715182594,443.740204870713,8.35622778274156,4.45685636844386,2.0021985272538,9.53104192651007,24.1215276308413,12.6341961508704,7.54708143560516,5.90041233175147,1.02438336855505,4.27711308046664,10.7187564166123,5.42338105627224,8.16631541380513,0.930341474461282,10.0951057293218,27.9127330256117,17.4840722743313,18.4026350160893,24.137500644986,396.264481631917,10.387323617982,7.39467268322767,18.1603268657923,2.96324795558884,9.82512911878252,0.878940865684777,1.06372120331929,19.391296700246,15.2687330467245,12.5252310658447,0.904762583009296,26.4457885755153,5.83778751226636,4.80231956740004,9.33656055282198,1489.75632706845,1.05568384189948,4.25966612726569,24.9193273234937,3.39078563605838,1.74113527198554,0,4.13986461944403,2.69585235117486,21.0620195134117,738.687290980844,842.502258359213,7.93478827013942,55.4110900689459,3.38761031795702,8.00987399126726,172.157128676358,4.32007080130877,66.1679526323348,12.3881107677016,3.02880628399576,7.42930245944289,4.24754109057442,502.616156027299,76.2742908225476,5.42175689909071,25.6175902218088,"HH vs. HC","HC"
"LOC144619178",354.531229693212,19.6253640199396,3.40080306053783,3.58917885654664e-09,1.60751895097435e-06,72.7138025924438,101.265189443363,0,0,0,1255.43759079959,0,0,0,0,0,13.7921750033578,0,0,2596.7872508134,202.752211482123,624.3431726409,86.3387285437635,1031.98110149477,562.050303886608,0,2119.10152716045,331.236973990643,1036.40533964031,412.098123836532,2944.57688537425,0,0,0,1597.28973496795,2144.93347111419,0,0,2.0021985272538,1731.18379719701,0,1516.10353810445,112.128067043277,0,0,0,0,0,0,90.2431230227444,226.130368336809,0,502.924196596941,0,0,0,577.073534332331,0,0,0,3.27504303959417,0,0,0,0,105.211940953096,0,0,497.184903128018,1120.86138703117,60.6876435933428,0,0,0,2862.84733520291,1047.75276154204,0,0,0,0,178.472902192594,0,1095.87307422749,0,1201.23327399465,0,743.917046938947,0,633.970390092063,182.982980119049,0,1134.79275440374,0,0,0,0,211.448519064538,0,"HH vs. HC","HC"
"LOC144619223",151.963628375036,-23.4799366550925,3.83215157120257,3.0958092738416e-10,1.64122117360374e-07,379.622709638473,0,262.212472942872,0,143.36170597979,0,341.084022328663,511.780734883143,260.366116936608,0,0,533.651078976073,0,513.067062212503,0,0,0,353.283981082134,0,406.491076451764,699.441203270969,591.229326077766,0,0,372.256025283794,0,0,0,0,0,707.033625663566,0,0,0,212.282297454088,0,0,0,0,0,0,916.940889821105,0,0,413.071614660809,645.077256103664,0,1159.0911443042,0,0,0,146.576677720412,0,0,0,0,0,0,0,0,0,608.000455782247,0,0,0,0,0,0,0,0,0,0,0,0,0,0,841.029425945268,0,0,370.06692296046,0,179.220930554605,327.742982934672,0,0,334.478990727943,518.93547665794,0,0,267.44712889526,688.679466412278,0,429.094636215297,"HH vs. HC","HH"
"LOC111135568",23.9406486071932,-22.3912388174639,2.51136429456974,1.93206411107527e-19,7.16988991620033e-16,0,0,18.050858644618,0,104.052851114364,0,13.0934365577222,0,0,2.99387235807455,0,143.226432727177,5.24089075816225,0,11.020316265026,0,1.5026309810852,2.64302230236011,0,0,0,5.29775381790113,1.89278270851796,228.586188400326,0,11.1663894022535,2.09001681571662,0,1.09092795971432,22.9525631412769,4.5395417378078,0.928469753637951,381.06121950195,0,5.19875014173276,1.50759547692758,1.0528496792392,0,2.5287481421792,0,0,21.4375128332246,0,0,0.930341474461282,6.05706343759309,153.520031640864,0,0,10.49456549782,0,0,0,0,3.95099727411845,309.491567241649,0,444.635462987464,0,0,0,0,0,0,0,0,0,0,0,1.91687133257644,0,10.4468116319132,0,0.689977436574005,5.39170470234971,5.54263671405571,0,1.77182388719077,0,0,2.71008825436562,0,0,45.3607434137421,0,1.23881107677016,0,0,3.18565581793082,154.473772723986,0,0,71.5157727025495,"HH vs. HC","HH"
"LOC144619016",69.4166323087266,34.9696548552742,5.3850206495021,7.14367424418929e-12,5.98604130432991e-09,0,0,0,0,0,0,0,299.226639346999,0,235.517958835198,0,0,58.6979764914172,0,0,0,0,0,252.059100896068,0,793.940935954457,0,0,0,0,1.11663894022535,264.387127188152,0,0,0,0,0,0,0,0,0,1.0528496792392,0,0,0,188.192975540532,0,0,0,0,0,0,747.701208437578,0,0,385.467084312246,0,0,0,0,0,0,0,0,0,0,0,1393.48962878677,0,0,0,286.820902050536,0,0,0,0,0,0,0,0,230.573687304718,172.259039049031,246.283520319518,0,0,0.677522063591404,0,0,0,0,0,0,378.894425431587,300.51353215814,0,218.874051925571,0,0,"HH vs. HC","HC"
"LOC144618882",204.323142379044,2.61166626100998,3.71980050260765,0.000352726914321536,0.0471675760977844,2.8330052958095,3.00787691415929,480.722867061932,1.74941379128385,558.416967647086,0,254.667341047696,0,795.440552166502,7.98365962153213,0,236.588848134521,0,1.32575468271965,0,5.36381511857468,0,2.64302230236011,0,6.48163447645182,2.863628263136,4.2382030543209,0.946391354258981,0,21.4076947447549,0,275.882219674594,919.010021762714,9.81835163742892,3.12989497381048,0,1.8569395072759,1.11421409211097,8.00879410901521,642.912100860952,0.753797738463791,1.0528496792392,26.9538622700184,0,1.02438336855505,0,807.804460851962,0.774768722324605,0.742392310345921,305.152003623301,12.1141268751862,786.208646888062,1.02847483966655,2835.36895062709,1728.45493749095,90.6981374852343,11.5414706866466,0,7.64645341717569,0.987749318529613,0,0.878940865684777,0,0.969564835012302,1498.51708615711,1.25252310658447,0,0,0,0,157.554459328871,1.07022724645722,0,2.12983306363284,1.91687133257644,0,138.710443334848,2050.17952283137,1.37995487314801,5.39170470234971,382.441933269844,4.0531538599772,1.77182388719077,0,0,0,2.00246849781681,6.44438449590647,4.32007080130877,316.952661991925,121.403485523476,2.01920418933051,875.729027406831,219.810251437226,1600.07161597681,735.107295608611,3.25305413945443,0,"HH vs. HC","HC"
"LOC111134917",45.4573572024578,22.7514659191614,2.67667589461878,7.32935281491995e-18,2.11549553414639e-14,4.72167549301583,0,283.113467162956,0,1.1561427901596,11.6244221370333,0,71.1953038446308,2.20649251641193,0,0,0,0,0,14.0258570645785,0,0,0,0,3.70379112940104,5.01134946048801,2.11910152716045,0,6.65785014758231,1.78397456206291,11.1663894022535,1.04500840785831,0,0,0,1.13488543445195,0,0,0,569.263140519738,0,12.6341961508704,140.160083804096,0,1.02438336855505,0,0,0,0,0,0,26.7497024828779,0,0,5.24728274891,196.512631218008,476.662739358505,0,0,4.93874659264807,0,7.03152692547822,0,0,22.9030995700868,12.5252310658447,0,713.01914582447,0,1.92092782696001,407.307454116859,2.14045449291445,0,0,0,0,0,4.4960077255074,1134.32290572766,0,1.10852734281114,0,1.77182388719077,0,16.82122377093,0,0,35.9044279057646,5.40008850163597,0,1.23881107677016,0,0,0,5.76394674343233,0,0,0,"HH vs. HC","HC"
"LOC111137503",70.3577681907255,-4.0954776752541,1.95657391149059,2.16494690084084e-05,0.00514390752397186,0.944335098603166,9.02363074247786,64.603073043896,10.4964827477031,20.8105702228728,5.81221106851664,92.3087277319414,8.25452798198618,17.6519401312955,9.97957452691517,5.04376985200031,57.2905730908707,38.7825916104006,15.9090561926357,23.0424794632361,2.14552604742987,143.501258693637,7.92906690708032,87.6727307464585,2.77784334705078,4.29544239470401,46.6202335975299,24.6061752107335,39.9471008854939,0.594658187354303,24.5660566849578,31.3502522357493,20.2871969484043,29.4550549122867,62.5978994762097,5.67442717225976,6.49928827546566,460.170420041829,48.0527646540912,71.9160436273033,33.9208982308706,1.0528496792392,2.15630898160147,21.0729011848267,8.19506694844038,28.8705132931498,45.7983228709797,102.269471346848,5.19674617242144,0,6.05706343759309,22.0975803119426,11.313223236332,19.0842140907593,54.571740588664,0,17.3122060299699,0,7.64645341717569,8.88974386676652,27.8378658365505,5.27364519410866,51.0586177593261,2.9086945050369,328.277760504577,8.7676617460913,2249.23978136111,5.08572857221448,9.72964585377727,23.0511339235202,5.83535034551373,22.4747721756017,30.6148314150848,5.67955483635425,66.1320609738871,31.1952278517371,30.7600564717445,5.39520927060888,3.44988718287002,586.347886380531,777.07766731061,12.1594615799316,21.2618866462893,13.6024941773819,0.989483751231176,8.80778682668826,18.0222164803513,14.7300217049291,104.761716931738,0,2.47762215354032,17.1632356093093,28.7885470303412,0,41.5004165527128,4.42169801869841,5.42175689909071,76.8527706654264,"HH vs. HC","HH"
"LOC111136632",238.575835269091,1.12346721122918,0.965379435612406,6.73553557935894e-05,0.0132953613740431,108.598536339364,183.480491763716,266.01265371016,209.929654954062,215.042558969685,516.124342884278,203.60293847258,130.008815716282,229.475221706841,174.642554221015,266.311048185616,109.276463488142,267.285428666275,182.954146215311,91.1680709197604,168.423794723245,131.480210844955,146.247234063926,97.7185644778235,330.563358299043,138.885970762096,81.5854087956774,269.72153596381,69.9074265496143,234.88998400495,196.528453479662,222.58679087382,882.493067255587,49.0917581871446,125.195798952419,149.804877347658,325.892883526921,347.634796738621,147.161591753154,296.328758078768,593.238820171004,133.711909263379,249.05368737497,392.798878085169,137.267371386376,254.488228287765,70.1591329087349,199.890330359748,269.488408655569,139.551221169192,400.775697454076,31.4018246538131,186.153945979645,1494.02133167658,182.605439662068,100.415795072938,253.912355106225,375.279638673804,113.740994580488,432.634201515971,334.054390038606,209.187926032977,176.577719751003,135.739076901722,351.180860074664,88.9291405674974,165.571552690701,151.554711451991,122.593537757594,181.527679647721,1067.86911322901,156.253177982755,187.911723858107,185.295476536057,212.772717915985,233.286051760816,84.7352499032961,286.845292887372,132.475667822209,98.3986108178822,151.868245965126,237.109500808666,110.738992949423,159.829306584237,385.898662980159,380.767399738369,260.320904716186,268.822896114956,150.12246034548,140.504788305699,287.404169810677,165.574743525101,90.080292320745,94.5077892652809,431.143216408738,171.340798224563,178.917977669993,383.196453734556,"HH vs. HC","HC"
"LOC111099666",1814.8599230278,2.13008345303566,1.88329298061821,0.000111419011218498,0.020240081499461,1625.20070469605,3498.16085116725,4276.15340839082,388.369861665014,1447.49077327982,691.65311715348,1013.4319895677,497.335310914668,125.77007343548,284.417874017082,609.287398121638,1081.0943329555,4789.12597480866,1067.23251958931,166.306590908574,3049.86527642156,488.35506885269,532.128490208502,905.951551046738,313.896298216738,1824.84711068342,2195.38918213823,494.962678277447,614.7414969601,291.382511803609,317.125459024,112.860908048697,303.293594378644,286.914053404867,1265.52086774404,1176.87619552667,207.977224814901,275.210880751409,492.540837704435,13675.312247828,642.989470909614,164.244549961315,921.82208963463,575.711660369465,511.167300908969,353.931107408614,2086.25977163335,171.998656356062,241.277500862424,862.426546825608,796.503842043491,491.961919576406,726.103236804581,22449.1699824049,92.352176380816,19913.6398766688,13901.7014420658,181.169480739078,223.658762452389,306.20228874418,715.596904151327,1358.84257834867,153.175853277978,355.830294449515,595.480588822257,9408.95357666254,679.476699839981,401.772557204944,161.512121172703,155.595153983761,222.910383198625,1189.02247081397,349.431351668727,159.027535417919,319.159076873977,5533.08400092006,333.717593797228,159.158673482962,1545.54945792577,1112.03909485963,6716.56717009271,200.631116068871,1528.19810270204,946.506886509488,389.856597985083,750.694446459276,8876.94285082194,240.283479061655,236.523876371655,294.079789477044,654.092248534645,708.740670455007,1136.68327629476,192.201234348493,2239.8697044978,423.377585290373,365.426414998714,1971.4870474867,"HH vs. HC","HC"
"LOC111101082",59.1240918687136,4.12294555578348,1.79038672889882,1.6268661581778e-05,0.00406356751836391,3.77734039441266,0,15.200723069152,93.5936378336858,2.3122855803192,13.9493065644399,53.0284180587748,6.19089598648964,0,88.818213289545,339.950088024821,33.9499692390345,67.0834017044768,1.32575468271965,9.01662239865762,181.296951007824,35.3118280555022,75.7666393343231,2.73977283582683,83.3353004115234,90.2042902887841,0,15.1422616681437,19.9735504427469,8.32521462296025,50.2487523101409,38.6653110907574,5.07179923710107,122.183931488004,19.8226681674664,95.3303764939639,33.4249111309663,28.9695663948851,17.0186874816573,50.2545847034167,24.8753253693051,83.1751246598969,131.53484787769,52.2607949383701,32.7802677937615,25.6626784827998,81.8523217268574,38.7384361162303,40.0891847586797,15.8158050658418,64.6086766676596,5.8151527136691,27.7688206709967,0,316.935878034164,0,102.719089111155,116.466094760836,4.77903338573481,98.7749318529613,109.713941826405,9.66834952253255,0,1.9391296700246,68.7092987102604,2.50504621316894,4.52381291504648,10.171457144429,35.0267250735982,29.7743813178802,32.6779619348769,4.28090898582889,407.493962973198,4.25966612726569,104.469487625416,357.388806040553,24.9562722317927,39.5648679844651,51.0583303064764,62.0046040770217,54.317839797746,47.624557854732,86.819370472348,160.962847765685,7.91587000984941,15.5830074626023,15.0185137336261,21.1744062008355,35.6405841107974,44.1119684215566,90.4332086042217,0,337.104599097221,101.940986173786,2.30557869737293,102.804478934738,40.1210010532713,8.53919674060293,"HH vs. HC","HC"
"LOC144618880",75.2601728943806,8.66406171926549,1.93895162325976,3.92097842430986e-07,0.000130583662215766,104.821195944951,4.01050255221238,113.055377826818,138.203689511424,11.561427901596,0,15.0574520413805,0,11.0324625820597,123.746724133748,0,93.3624154073448,122.636843740997,221.401032014181,0,328.26548525677,14.2749943203094,0,107.764398209189,0,0,93.2404671950599,312.309146905464,49.9338761068673,188.506645391314,3.34991682067606,93.0057482993895,0,265.095494210581,6.25978994762097,82.8466367149924,0,6.68528455266579,0,88.378752409457,0,0,210.240125706144,2.5287481421792,0,4.27711308046664,8.76989161359186,164.250969132816,0.742392310345921,8.37307327015154,51.4850392195413,3.48909162820146,195.410219536644,32.0342165094888,8.395652398256,23.7542741032757,87.7151772185142,0,0,147.174648460912,132.639243103564,138.872656778195,0,0.969564835012302,5.45311894525876,5.01009242633788,0,11.1886028588719,78.8101314155959,3.84185565392003,133.045987877713,293.242265529279,175.243517755313,0,230.982995575461,0.678157127211675,10.4468116319132,4.4960077255074,163.524652468039,119.965429627281,6.65116405686685,150.979981284151,156.806414016384,182.500130213207,0,96.2081330299794,34.0419644628859,185.045897668171,76.6812567232307,0,26.0150326121734,42.4032879759406,189.447212715794,339.803287245954,27.6669443684752,192.343863813381,190.845842847993,45.8981824807407,"HH vs. HC","HC"
"LOC111100809",60.6277926184317,-2.62307804844273,1.07458965742521,1.2568122802915e-05,0.00323249629753784,21.7197072678728,9.02363074247786,9.50045191822,41.9859309908123,47.4018543965435,26.7361709151765,49.7550589193443,51.5907998874137,63.988282975946,9.97957452691517,45.3939286680028,15.9140480807974,15.7226722744867,22.537829606234,16.0295509309469,36.4739428063078,33.0578815838744,45.8123865742419,35.6170468657488,53.7049713763151,45.8180522101761,94.3000179586401,80.4432651120134,43.276025959285,59.4658187354303,20.0995009240563,38.6653110907574,103.464704436862,25.0913430734295,94.940147538918,19.2930523856832,21.3548043336729,256.269241185522,56.0615587631064,56.319793202105,42.2126733539723,24.2155426225016,249.05368737497,70.8049479810176,23.5608174767661,20.3162871322165,21.4375128332246,50.3599669510993,7.42392310345921,64.1935617378285,30.2853171879654,86.0642601623026,69.9362890973251,9.54210704537964,27.285870294332,37.7908906188476,122.339589278454,1.84866817080692,170.133588532159,44.4487193338326,78.6010329502601,16.6998764480108,32.9753573028981,130.891252726661,116.696745428538,52.6059704765478,446.952716006592,138.331817164234,60.3238042934191,24.9720617504802,8.16949048371923,24.6152266685161,57.0069274625718,7.09944354544282,175.393726930744,43.4020561415472,23.7955153838023,28.7744494432474,95.9068636837867,279.020718346598,254.961288846563,28.3720770198404,16.8323269283124,29.4720707176607,72.2323138398759,25.7458384164734,16.0197479825345,55.237581393484,37.8006195114518,66.1679526323348,18.5821661515524,28.2688586506271,31.5745354526323,121.054921081371,11.5278934868647,36.4790086542619,73.7358938276336,32.021987777261,"HH vs. HC","HH"
"LOC111114714",248.320724792555,1.4711944732065,1.65425575272745,0.000194891933837703,0.0310595568423436,885.78632248977,527.381085615928,105.455016292242,599.174223514717,63.5878534587779,68.5840906084963,482.493137152062,360.103783214147,67.2980217505639,935.086133171951,285.477373623218,147.470178882056,169.804860564457,242.613106937695,42.0775711937356,466.651915315997,70.6236561110044,73.123617031963,28.3109859702106,62.0385014174675,574.873373824553,76.2876549777763,214.830837416789,79.8942017709877,44.0047058642185,50.2487523101409,24.0351933807411,23.3302764906649,543.282123937733,462.181157799348,49.9349591158858,314.751246483266,314.208373975292,99.1088270990632,651.576684430506,202.017793908296,53.6953336411993,197.302271816535,294.17770054018,29.7071176880964,536.777691598563,89.6477809389391,10.0719933902199,51.9674617242144,66.054244686751,60.5706343759309,24.4236413974102,64.7939148989923,354.421118828387,52.4728274891,32.3921919590123,624.393564147582,2106.55738063448,48.746140534495,126.431912771791,543.657144572633,85.2572639714234,36.166520912856,31.0260747203936,173.409182459229,107.716987166264,94.0953086329667,49.8401400077019,81.729025171729,42.2604121931203,112.038726633864,305.014765240309,599.628422198903,93.0027104453009,29.7115056549348,15.5976139258685,80.6726009353299,155.561867302556,86.9371570083246,582.304107853769,202.860503734439,70.9301925496009,104.537609344256,304.922577809643,26.7160612832418,47.4265444513983,295.36410342798,109.55453643041,60.4809912183228,42.4781918133508,1192.97506692966,425.042481854071,326.889308215487,242.109842162742,26.5141550197887,249.82593805646,811.09483210397,1016.16441213175,"HH vs. HC","HC"
"LOC111128126",19.8642110657757,20.970712986187,3.3560938230716,1.78639202795775e-10,1.00880664587518e-07,0,40.1050255221238,45.602169207456,7.87236206077731,11.561427901596,22.0864020603632,4.58270279520276,0,0,0,4.03501588160025,19.0968576969569,81.7578958273311,0,0,0,4.5078929432556,0,0,0,0,0,0,613.631855268836,0,0,0,0,36.0006226705727,2.08659664920699,0,0,104.736124658431,0,19.9285422099756,0,0,0,0,0,23.5241219425665,5.84659440906124,0,1.48478462069184,1.86068294892256,0,0,0,0,18.890217896076,0,0,0,0,0,111.351463346202,0,0,0,0,0,0,0,0,0,15.1719108983357,0,124.570693344138,0,17.2518419931879,0,4.64302739196143,0,0,41.7857114432103,6.65116405686685,0,0,0,0,0,0,0,123.1220178373,0,0,0,0,0,267.44712889526,0,0,66.1787747396727,"HH vs. HC","HC"
"LOC111127854",19.1242213368941,1.32882960985524,1.93956107392651,0.0003866521096162,0.0499704569726369,17.9423668734602,4.01050255221238,12.350587493686,0,6.93685674095759,5.81221106851664,1.96401548365833,0,6.6194775492358,15.9673192430643,6.05252382240037,11.6703019259181,14.6744941228543,15.9090561926357,11.020316265026,38.6194688537377,9.7671013770538,0,34.7037892538065,5.55568669410156,7.15907065784001,4.2382030543209,5.67834812555389,6.65785014758231,11.8931637470861,11.1663894022535,14.6301177100163,0,0,30.2556514135014,9.07908347561561,9.28469753637951,13.3705691053316,1.0010992636269,14.7297920682428,4.52278643078275,6.31709807543521,10.7815449080074,8.42916047393067,9.21945031699543,2.13855654023332,1.94886480302041,7.74768722324605,2.96956924138368,65.1239032122897,10.0951057293218,10.4672748846044,0,1.36315814933995,55.621197138446,0,17.3122060299699,0,0,3.95099727411845,76.963511430463,5.27364519410866,0,5.81738901007381,4.36249515620701,0,4.52381291504648,67.1316171532311,0,15.3674226156801,8.16949048371923,306.084992486766,28.5034637312859,5.67955483635425,130.347250615198,2.7126285088467,20.8936232638264,7.19361236081184,16.5594584777761,8.08755705352457,147.434136593882,2.0265769299886,10.6309433231446,11.3354118144849,11.8738050147741,8.80778682668826,10.0123424890841,0,29.1604779088342,1.6337766082058,30.970276919254,6.05761256799152,16.7159305337465,16.9901643622977,123.348460309452,6.63254702804762,5.42175689909071,49.1003812584668,"HH vs. HC","HC"
"LOC111128476",18.3970744350005,18.9744465074949,2.58227887295168,1.0297164903541e-13,1.16299762043167e-10,3.77734039441266,1.0026256380531,109.25519705953,3.49882758256769,1.1561427901596,0,0,0,0,0.997957452691516,0,46.6812077036724,0,2.65150936543929,0,1.07276302371494,0,0,1.82651522388455,0,0,0,0,48.8242344156036,1.18931637470861,357.324460872113,0,0,0,9.38968492143145,0,0,0,6.00659558176141,1.73291671391092,12.8145615538845,0,4.31261796320295,3.37166418957227,0,1.06927827011666,1.94886480302041,4.64861233394763,0,0,0,0,0,6.81579074669974,0,0,0,0,0,0,0,0,0,0,0,0,0,0,172.214731611858,0,4.66828027641099,2.14045449291445,8.44547073519582,0,0,2.7126285088467,1.16075684799036,0,0,2.69585235117486,0,0,603.306033588459,4.53416472579395,0,0,233.287579995659,0,4.32007080130877,0,3.71643323031048,3.02880628399576,0,0,2.30557869737293,0,4.33740551927257,26.6849898143842,"HH vs. HC","HC"
"LOC111131571",58.5104961950159,-2.41307671535898,3.30572990429909,0.000319386844163105,0.0444722905867895,2.8330052958095,4.01050255221238,561.476708366802,0,0,1.16244221370333,40.5896533289388,0,5.51623129102983,0,2.01750794080012,77.4483673265474,168.756682412824,0,1.00184693318418,0,0.7513154905426,9.6910817753204,0,0,0,1.05955076358023,0,184.200520749777,1.18931637470861,0,0,0,34.9096947108584,129.368992250833,1.13488543445195,0,1206.69386175618,3.0032977908807,116.971878188987,9.79937060002929,3.1585490377176,4.31261796320295,12.643740710896,3.07315010566514,13.9006175115166,2.92329720453062,3.87384361162303,8.16631541380513,0,33.313848906762,16.2824275982735,2.05694967933309,4.08947444801985,15.74184824673,0,1.15414706866466,0,1.91161335429392,28.6447302373588,4.91256455939126,7.910467791163,2550.80344555966,0,0,0,0,0,0,1.92092782696001,0,2.14045449291445,10.5568384189948,1.41988870908856,19.1687133257644,6.78157127211675,6.38416266394697,0,1.37995487314801,25.6105973361611,22.1705468562228,0,3.54364777438155,2.26708236289698,0.989483751231176,0,4.00493699563363,0,3.24005310098158,0,13.6269218444718,6.05761256799152,0,0,0,0,0,27.7523894069595,"HH vs. HC","HH"
"LOC111131556",88.3035941210848,7.43355552183054,3.29956613845725,1.65950338662413e-05,0.00410561137850809,20.7753721692697,2.00525127610619,0,0,2.3122855803192,18.5990754192532,3.92803096731665,0,0,1026.89821881957,10.0875397040006,9.54842884847844,8.3854252130596,0,10.0184693318418,4.29105209485974,17.2802562824798,21.1441784188809,3.6530304477691,0,0,2.11910152716045,0,1327.13146275141,33.300858491841,20.0995009240563,0,5.07179923710107,2.18185591942865,0,0,7.42775802910361,0,2.0021985272538,0,4.52278643078275,4.21139871695681,0,1.68583209478613,4.09753347422019,0,10.7187564166123,15.4953744464921,9.65110003449697,6.51239032122897,15.1426585939827,112.81396264518,2.05694967933309,6.13421167202977,11.544022047602,22.6745343713086,1.15414706866466,0,0,8.88974386676652,4.91256455939126,7.03152692547822,0,0,0,1197.41208989475,0,0,0,2.88139174044002,0,1195.44383429272,13.7238899446932,2.12983306363284,0,0,10.4468116319132,2.69760463530444,11.0396389851841,63.3525302526091,6.65116405686685,0,1.77182388719077,10.2018706330364,21.7686425270859,2.71008825436562,8.00987399126726,131.649568987804,22.6803717068711,0,4.95524430708064,0,5.57197684458217,1415.49306843393,10.3751041381782,1232.54832271218,16.2652706972721,14.9435942960551,"HH vs. HC","HC"
"LOC111134291",4265.51515720945,1.08020041998731,1.20037340243232,0.000158287832421368,0.0260243229291765,7784.1542177859,1985.19876334513,4249.55214301981,7459.50040603432,2982.84839861176,5333.28487647087,1286.4301417962,3501.98349635764,1828.07904984729,5863.00003456266,5539.06805146674,4693.58324729651,9810.94749927973,2318.74494007666,3075.67008487543,5678.13468452315,1903.0821375444,4225.31165403969,3596.40847582868,2705.61942002746,511.873552035561,4728.77505785855,5303.57714926733,4221.07699356719,1153.04222527999,5792.0061829489,3583.33383054614,10184.172868099,5232.0904947899,6617.64127295997,6312.23278642175,2743.62812200015,1447.36410565214,2120.32824036178,7325.90540805842,6113.29965894135,3893.43811382657,4463.55959191505,2726.83341331657,2537.39760391085,5866.06058985999,3256.55308584711,6189.62732265127,5818.87092849132,4278.64044104744,4098.61292610466,1303.75723840461,1416.20985422083,7393.76980201988,5980.85287720762,26.9934932991769,296.615796646818,6743.94148710364,364.162343992992,2900.03199920294,6812.08952235588,3302.18083237771,2110.42286738548,1952.70357771478,7169.76078922622,5772.87899824783,1200.61994765334,5266.78050938531,1527.55439904303,5037.63322620264,7450.57532115194,6462.03211410871,3679.05818901968,45.436438690834,5434.3302278542,6664.92824623635,1680.77591589004,9132.29089205063,4191.61292718708,2923.65187484913,1283.6746629753,6589.41488785793,3314.19658099034,1989.3647734421,2348.04494167158,6605.1625979526,1681.07230391722,2795.94224486685,3704.46071212227,7001.54965446595,3979.06117858576,5153.00909117145,8387.68247671102,4860.24889288978,55.3338887369503,9376.21064864998,5851.16004549869,5133.12464069494,"HH vs. HC","HC"
"LOC111119491",13.6843788845697,15.0480167204951,2.6284132966142,5.34956498639041e-09,2.27812540412235e-06,3.77734039441266,0,4.75022595911,0,1.1561427901596,0,0,0,0,0.997957452691516,0,76.3874307878276,0,0,0,3.21828907114481,3.0052619621704,1.76201486824007,3.6530304477691,1.85189556470052,0,0,41.6412195873952,48.8242344156036,16.6504292459205,111.663894022535,0,0,8.72742367771459,16.6927731936559,0,0,0,0,0,1.50759547692758,2.1056993584784,149.863474221302,0,4.09753347422019,0,0,4.64861233394763,0,0,0,0,0,0,0,0,0,0,0,9.87749318529613,6.55008607918834,0,0,0,0,0,0,4.06858285777158,62.2697334641745,7.68371130784006,2.33414013820549,0,12.6682061027937,0,0,0,1.16075684799036,0,0,4.04377852676228,6.65116405686685,0,503.19798396218,0,0,0.677522063591404,118.145641371192,0,0,1.6337766082058,0,0,0,7.43319690850524,0,1.1054245046746,9.75916241836328,6.4043975554522,"HH vs. HC","HC"
"LOC111121272",37.5769062035053,15.9289728649905,2.51818800494823,1.43934716491964e-10,8.49770938707217e-08,0,0,2.850135575466,1.74941379128385,1.1561427901596,0,0,0,0,5.9877447161491,0,242.95446736684,0,0,0,0,3.756577452713,0,0,0,0,9.53595687222203,5.67834812555389,159.788403541975,0,1042.94077017048,4.18003363143324,0,0,15.6494748690524,0,0,0,0,6.93166685564369,27.1367185846965,0,3.23446347240221,0,0,0,0,7.74768722324605,0,0,0,3.48909162820146,3.08542451899964,1.36315814933995,0,0,2.30829413732932,0,0,0,40.9380379949272,1.75788173136955,0,0,4.36249515620701,1.25252310658447,0,12.2057485733148,425.185523810067,5.76278348088004,0,0,10.5568384189948,0,0,8.1378855265401,1.16075684799036,8.09281390591332,0,2.69585235117486,37.6899296555788,0,975.389049898522,4.53416472579395,9.89483751231176,0,352.434455615759,0,0,0.816888304102899,4.95524430708064,8.07681675732202,0,0,2.30557869737293,8.84339603739682,4.33740551927257,11.741395518329,"HH vs. HC","HC"
"LOC111118928",68.2397024818548,4.00568522930274,3.32173197955669,9.20646173567737e-05,0.0173301635150501,1.88867019720633,3.00787691415929,2.850135575466,1.74941379128385,0,0,0.654671827886109,0,3.3097387746179,0.997957452691516,2.01750794080012,952.721011770405,1.04817815163245,0,1.00184693318418,0,0,0,0,2.77784334705078,0.715907065784001,1.05955076358023,0,2.21928338252744,2.37863274941721,1.11663894022535,1.04500840785831,1.01435984742021,2.18185591942865,6.25978994762097,6.80931260671171,0.928469753637951,0,0,0.866458356955461,0.753797738463791,3.1585490377176,0,0,1.02438336855505,0,2.92329720453062,3.87384361162303,1.48478462069184,0.930341474461282,0,0,0,2.7263162986799,4.197826199128,707.229524438434,1.15414706866466,4.6216704270173,0.955806677146961,8.88974386676652,0,4.39470432842389,2.12744240663859,0,1317.47353717452,776.564326082372,2.71428774902789,6.10287428665738,0,11.5255669617601,0,842.268842961834,1.05568384189948,0.709944354544282,4.79217833144109,0,2.90189211997589,5.39520927060888,4.82984205601803,249.366342483674,0,0,0,3.40062354434547,0,6.77522063591404,2.00246849781681,0,5.40008850163597,573.455589480235,765.585245443959,0,0.928662807430361,5.30942636321803,2.30557869737293,2.21084900934921,1.08435137981814,1.06739959257537,"HH vs. HC","HC"
"LOC111118775",4.88618106651113,16.3111977764389,3.238253184074,1.4502605952123e-07,5.16074239477122e-05,0,0,19.950949028262,3.49882758256769,15.0298562720748,0,0,0,218.442759124781,0,1.00875397040006,4.24374615487931,2.0963563032649,0,0,4.29105209485974,61.6078702244932,0,0,0,0,0,0,0,0,0,0,0,2.18185591942865,0,0,0,0,2.0021985272538,0,0,0,25.8757077792177,0,0,0,0,0,0,0.930341474461282,0,0,0,0,0,0,0,0,0,0,0,0,0,0,0,7.51513863950682,0,0,0,7.68371130784006,2.33414013820549,0,2.11136768379895,0,0,0,8.70567635992768,5.39520927060888,7.58975180231405,0,8.86821874248914,0,7.97320749235849,0,0,0,0,0,0,0,9.91048861416129,0,17.6445933411769,3.18565581793082,0,0,4.33740551927257,0,"HH vs. HC","HC"
"LOC111119005",73.8735783340467,-2.17481237631212,2.0674872706104,0.000135109711464012,0.0234517862780876,0.944335098603166,21.055138399115,32.301536521948,43.7353447820962,40.4649976555859,120.893990225146,41.898996984711,49.5271678919171,30.8908952297671,30.936681033437,83.7265795432052,31.8280961615948,58.6979764914172,31.8181123852715,38.0701834609988,9.65486721343441,5.2592084337982,28.1922378918412,47.4893958209983,43.5195457704623,35.079446223416,81.5854087956774,0.946391354258981,39.9471008854939,0,66.9983364135212,6.27005044714986,3.04307954226064,50.1826861468589,28.1690547642944,73.7675532393768,22.2832740873108,10.0279268289987,1208.32681119767,158.561879322849,1.50759547692758,50.5367846034817,12.9378538896088,47.2032986540117,83.9994362215139,22.4548436724498,75.0312949162859,0.774768722324605,2.96956924138368,26.0495612849159,29.2758066150333,80.2491074486336,962.652449927886,0,27.285870294332,57.226205794255,53.0907651585744,24.9570203058934,843.977295920767,55.3139618376583,0,71.1942101204669,7.44604842323505,838.673582285641,1.09062378905175,2.50504621316894,48.857179482502,0,37.9456188297313,37.4580926257203,0,5.35113623228612,22.169360679889,75.2541015816938,16.2934063268997,32.5515421061604,20.3132448398313,1.79840309020296,1.37995487314801,22.9147449849863,0,41.5448270647663,34.5505658002201,38.5404001692486,42.5478013029406,30.4884928616132,41.0506042052447,34.0631751926485,35.6405841107974,3.2675532164116,86.7167753739113,108.027424129182,1.85732561486072,2.12377054528721,3.4583680460594,50.8495272150317,19.5183248367266,19.2131926663566,"HH vs. HC","HH"
"LOC144621105",82.3047332482736,-1.91606302289479,2.14426923794689,0.000202424202225066,0.0318689303103062,16.998031774857,11.0288820185841,31.351491330126,4.37353447820962,57.8071395079799,15.1117487781433,11.78409290195,383.835551162358,112.531118337009,8.98161707422365,5.04376985200031,44.5593346262327,7.33724706142715,1.32575468271965,9.01662239865762,18.2369714031539,28.5499886406188,22.9061932871209,340.645089254469,7.40758225880209,869.827084927561,26.4887690895056,20.8206097936976,22.1928338252744,34.4901748665496,21.2161398642817,4.18003363143324,575.142033487262,38.1824785900013,67.8143910992272,12.4837397789715,90.0615661028813,31.197994579107,385.423216496357,8.66458356955461,46.7354597847551,11.5813464716312,716.97273638249,8.42916047393067,20.487667371101,16.0391740517499,6.82102681057145,6.97291850092145,7.42392310345921,58.6115128910608,27.2567854691689,2.32606108546764,777.526978787908,24.5368466881191,31.48369649346,52.9072468663867,1.15414706866466,10.167674939438,651.860153814227,15.8039890964738,24.5628227969563,4.39470432842389,22.3381452697052,445.030259270646,61.0749321868981,10.0201848526758,4.52381291504648,54.9258685799164,58.3778751226636,13.4464947887201,5.83535034551373,0,22.169360679889,0,3.83374266515287,35.2641706150071,60.3593560954986,53.0528911609873,9.65968411203607,35.0460805652731,23.279074199034,405.31538599772,177.182388719077,69.1460120683578,2.96845125369353,16.9380515897851,7.00863974235885,0,2.16003540065439,11.4364362574406,4.95524430708064,8.07681675732202,42.7184891417966,14.8663938170105,12.6806828355511,8.84339603739682,43.3740551927257,37.3589857401378,"HH vs. HC","HH"
"LOC144620965",30.2562712265997,1.80622707851568,1.44261270187024,7.83438289395367e-05,0.0150750936619433,15.1093615776507,22.0577640371681,310.664777725794,36.7376896169608,23.122855803192,24.4112864877699,11.1294210740639,17.5408719617206,17.6519401312955,11.9754894322982,9.07878573360056,28.6452865454353,13.6263159712218,37.1211311161501,34.0627957282621,21.4552604742987,14.2749943203094,31.7162676283213,30.1375011940951,9.25947782350261,10.73860598676,42.382030543209,19.8742184394386,5.54820845631859,30.3275675550695,44.6655576090141,33.4402690514659,27.3877158803458,9.81835163742892,12.5195798952419,32.9116775991066,24.1402135945867,60.1675609739922,28.0307793815532,25.9937507086638,41.4588756155085,37.9025884526113,15.0941628712103,11.8008246635029,12.2926004226606,29.9397915632665,15.5909184241633,17.8196806134659,12.6206692758806,1.86068294892256,31.2948277608976,5.8151527136691,29.8257703503298,32.0342165094888,25.186957194768,10.7973973196708,15.0039118926406,31.4273589037176,13.3812934800575,40.4977220597141,14.7376936781738,50.9785702097171,7.44604842323505,10.6652131851353,79.6155366007779,8.7676617460913,1.80952516601859,27.4629342899582,15.5674333660436,28.8139174044002,493.670639230462,4.28090898582889,16.8909414703916,36.2071620817584,4.79217833144109,21.0228709435619,12.1879469038988,32.3712556236533,52.4382851796244,2.69585235117486,45.4496210552568,5.06644232497149,13.2886791539308,2.26708236289698,25.7265775320106,12.1953971446453,16.0197479825345,2.7618790696742,11.8801947035991,25.3235374271899,7.43286646062097,34.3264712186186,33.431861067493,16.9901643622977,4.61115739474586,6.63254702804762,20.6026762165447,48.0329816658915,"HH vs. HC","HC"
"LOC111122207",180.78229632245,-24.0124411852255,2.40547992041465,6.36646731572781e-24,4.13454303651653e-20,0,11.0288820185841,5.700271150932,461.845240898936,10.4052851114364,0,595.751363376359,0,11.0324625820597,612.745875952591,306.661207001619,1119.28804834942,0,731.816584861244,0,0,154.019675561233,1.76201486824007,1.82651522388455,1300.03068641977,209.760770274712,0,0,593.658304826089,0,0,112.860908048697,0,487.644797992303,0,12.4837397789715,0.928469753637951,2.22842818422193,0,234.81021473493,8.2917751231017,0,0,0.842916047393067,0,2.13855654023332,5.84659440906124,534.590418403978,0,1.86068294892256,3.02853171879654,1.16303054273382,3.08542451899964,0,0,38.8706303508147,147.730824789077,0,12.4254868029105,0,0,0,256.35680999995,5.81738901007381,461.333862768891,7.51513863950682,0,500.435691505905,21.40522087831,117.176597444561,0,0,0,387.629617581178,0,0,19.7328664158361,53.9520927060888,37.2587815749963,0,3.32558202843343,268.521443223489,366.76754464849,0,931.104209908537,92.143000648431,0,33.1425488360904,0,629.820882463335,0,909.651487293393,0,0,699.743134652684,3232.26125166854,0,39.4937849252885,"HH vs. HC","HH"
"LOC144620654",16.5625187919757,40.9291525455713,4.64704509676243,4.98747008554896e-20,2.15932517353842e-16,0,387.013496288495,0,0,0,0,0,0,0,0,0,0,1.04817815163245,0,0,47.2015730434571,0,0,0,0,0,0,0,0,35.0848330539039,0,0,0,0,0,0,374.173310716094,0,0,0,0,0,0,0,0,2.13855654023332,0,0,46.770715551793,0,76.7228035428458,0,0,77.7000145123771,0,0,0,12.016343110245,0,0,58.9507747126951,0,0,0,0,2.50504621316894,0,0,0,0,0,0,29.5591475731854,0,46.9633476481227,0,0,0,0,0,0,0,0,0,0,0,87.1073796550314,0,89.6414691271571,0,0,0,0,0,142.945879237122,0,22.771378976181,0,"HH vs. HC","HC"
"LOC111120310",901.521605132861,3.12207957588753,3.02872583571036,0.000138069617810136,0.0237525461049927,10.3876860846348,0,511.124313200236,1590.21713627702,6.93685674095759,0,1368.26412028197,1017.3705737798,2.20649251641193,563.845960770707,1316.42393137208,1199.91922529212,302.923485821778,2579.91861257243,0,1169.31169584928,808.415467823837,7.04805947296029,859.375412837682,707.424105715599,1599.33638496146,1945.33520193329,3627.51806087467,58.8110096369771,0,97.1475877996057,2951.10374379187,4.05743938968086,946.925469032033,758.477881986741,1736.37471471149,1.8569395072759,803.348360412006,0,1941.73317793719,15.8297525077396,0,0,770.425267317263,3.07315010566514,1143.05847075471,2172.00982296625,1042.06393152659,24.4989462414154,23.2585368615321,0,1101.38992396893,2.05694967933309,6.81579074669974,1976.12668323951,47.5085482065513,2389.08443213585,1385.57679401979,19.1161335429392,0,1968.3008667961,709.305278607615,0,1.9391296700246,6469.580316655,35.0706469843652,3.61905033203718,1825.776557425,2556.95093037267,21.1302060965602,717.748092498189,793.038389624802,896.275581772656,29.8176628908598,5.75061399772931,1500.76172251944,1495.63519863558,2329.83120335794,5732.33254305683,59.3087517258468,1541.9615338503,7.09301925496009,758.340623717652,1464.53520643145,5.93690250738706,766.277453921878,2162.66597764216,550.534561221724,4.32007080130877,473.795216379682,7.43286646062097,764.268785661596,2098.77794479262,48.8467225416058,3.4583680460594,2252.85514052684,1143.99070570814,19.2131926663566,"HH vs. HC","HC"
"LOC111118165",19.8871301396855,17.6222443411143,2.31324150241457,1.44064196442401e-14,1.7820741099925e-11,2.8330052958095,0,7.600361534576,0,11.561427901596,0,0,0,0,0,0,85.935859636306,2.0963563032649,0,0,0,10.5184168675964,0,5.47954567165366,58.3347102880664,0,13.7741599265429,0,32.1796090466478,0,263.526789893183,172.426387296621,0,0,6.25978994762097,0,3.71387901455181,0,18.0197867452842,16.4627087821538,1.50759547692758,0,0,0,0,0,0,232.430616697382,0,0,4.03804229172873,1.16303054273382,2.05694967933309,2.7263162986799,0,0,10.387323617982,0,0,1.97549863705923,3.27504303959417,8.78940865684777,0,0,2.18124757810351,0,0,4.06858285777158,25.2970792198209,3.84185565392003,0,6.42136347874334,27.4477798893864,0,0.958435666288219,10.8505140353868,3.48227054397107,0,0,2.69585235117486,35.4728749699565,2.0265769299886,411.949053771855,11.3354118144849,22.7581262783171,8.13026476309685,245.30239098256,0,0,1.6337766082058,0,12.115225135983,0,0,0,8.84339603739682,8.67481103854514,14.9435942960551,"HH vs. HC","HC"
"LOC144621477",14.7594395693322,-36.4794882386953,3.64242456832584,1.08254519350573e-24,1.40606382458492e-20,0,0,0,0,0,0,0,0,0,0,0,0,2.0963563032649,0,0,0,0,2.64302230236011,0,0,1.431814131568,0,0,48.8242344156036,0,0,0,0,0,441.315191307278,0,0,28.9695663948851,2.0021985272538,160.29479603676,0,0,0,0,0,0,105.238699363102,0,0,0,190.797498284182,0,9.25627355699891,0,0,0,0,0,3.82322670858784,0,0,0,0,0,0,0,0,0,0,25.9325256639602,0,0,0,0,6.70904966401753,0.678157127211675,4.64302739196143,0,0.689977436574005,4.04377852676228,0,10.132884649943,0,0,0,0,0,0,0,0,0,0,0,0,9.22231478949172,0,4.33740551927257,309.545881846856,"HH vs. HC","HH"
"LOC111115803",15.1926451021837,-18.0018641964695,2.6627089032282,7.37395856867834e-12,5.98604130432991e-09,3.77734039441266,2.00525127610619,3.800180767288,0,2.3122855803192,0,41.2443251568249,0,0,0,0,308.73253276747,554.486242213566,0,0,4.29105209485974,0,137.437159722726,0,0,0,0,0,0,0,0,0,2.02871969484043,0,8.34638659682796,6.80931260671171,0,17.8274254737755,6.00659558176141,3.46583342782184,0,0,0,0,0,8.55422616093327,11.6931888181225,6.19814977859684,0,0,59.5611238029987,0,2.05694967933309,0,0,0,9.23317654931729,0,1.91161335429392,0,0,0,0,5.81738901007381,0,0,1.80952516601859,2.03429142888579,0,1.92092782696001,0,0,0,0,0,147.838253732145,0,0,0,8.08755705352457,0,0,0,6.80124708869093,0,0,2.00246849781681,0,0,0,2.47762215354032,6.05761256799152,0.928662807430361,0,25.3613656711022,0,0,0,"HH vs. HC","HH"
"LOC144621953",33.1211395572504,-1.7060199352642,2.23101444731566,0.000296038760548434,0.042022944714572,18.8867019720633,26.0682665893805,24.701174987372,26.2412068692577,43.9334260260647,0,39.2803096731665,0,0,7.98365962153213,16.140063526401,6.36561923231896,54.5052638848874,0,0,10.7276302371494,4.5078929432556,7.04805947296029,0,14.8151645176042,21.47721197352,0,9.46391354258981,22.1928338252744,0,8.93311152180282,8.36006726286648,24.3446363380851,142.911562722576,18.7793698428629,22.697708689039,18.569395072759,49.0254200528825,17.0186874816573,22.527917280842,13.5683592923482,2.1056993584784,64.6892694480442,3.37166418957227,26.6339675824312,17.1084523218665,70.1591329087349,21.6935242250889,8.90870772415105,14.8854635913805,7.06657401052527,24.4236413974102,2.05694967933309,0,44.077175090844,30.2327124950781,69.2488241198797,0,15.2929068343514,1.97549863705923,3.27504303959417,14.0630538509564,0,5.81738901007381,23.9937233591386,97.6968023135887,18.0952516601859,4.06858285777158,0,13.4464947887201,8.16949048371923,17.1236359433156,4.22273536759791,868.971889962201,9.58435666288218,0,24.3758938077975,21.5808370824355,0,5.39170470234971,44.3410937124457,23.3056346948689,0,20.4037412660728,17.8107075221612,4.06513238154843,32.039495965069,1.84125271311613,54.0008850163597,16.337766082058,17.3433550747823,333.168691239533,33.431861067493,6.37131163586163,62.2506248290691,8.84339603739682,0,139.829346627373,"HH vs. HC","HH"
"LOC111114163",41.7853013006665,22.056681457011,4.03725864066298,1.62785870279536e-08,6.607325862893e-06,0,0,11.400542301864,29.7400344518254,70.5247101997355,0,10.4747492461777,0,0,0,0,0,0,0,0,0,0,0,0,0,1.431814131568,0,1.89278270851796,0,0,0,0,0,5.45463979857162,35.4721430365188,0,0,95.8224119215431,0,116.105419832032,0,0,3.23446347240221,0,0,25.6626784827998,1.94886480302041,0,0,0,2.01902114586436,0,0,0,243.473919549424,0,0,0,0,0,158.839587420317,0,0,0,0,0,0,0,0,0,0,0,86.5660750357571,0,43.1296049829698,0,8.70567635992768,0,0,0,1.10852734281114,0,0,0,0,0,1.00123424890841,0,32.4005310098158,0,0,0,0,0,2643.34597653807,0,6.50610827890885,249.771504662636,"HH vs. HC","HC"
"LOC111114459",13.6090419542902,-6.53690021052255,2.09112245964135,4.77859291585259e-06,0.00132056923590535,5.666010591619,1.0026256380531,0,0,0,0,0,3.09544799324482,0,1.99591490538303,8.0700317632005,36.0718423164741,0,120.643676127488,2.00369386636836,5.36381511857468,5.2592084337982,3.52402973648014,0,3.70379112940104,0.715907065784001,2.11910152716045,0,39.9471008854939,3.56794912412582,3.34991682067606,5.22504203929155,9.12923862678193,0,2.08659664920699,0,0,0,0,1.73291671391092,5.27658416924654,6.31709807543521,1.07815449080074,0,3.07315010566514,6.41566962069995,1.94886480302041,8.52245594557066,0,0.930341474461282,9.08559515638963,1.16303054273382,5.14237419833273,1.36315814933995,0,0,63.4780887765564,0.924334085403459,749.352434883217,0,0,1.75788173136955,14.8920968464701,7.75651868009841,1.09062378905175,1.25252310658447,0,0,2.91889375613318,0,0,1.07022724645722,1.05568384189948,0,1.91687133257644,0,0,0.89920154510148,2.06993230972201,0,0,1.0132884649943,3.54364777438155,4.53416472579395,10.8843212635429,0,35.0431987117943,0,0,1.6337766082058,7.43286646062097,2.01920418933051,3.71465122972145,2.12377054528721,9.22231478949172,4.42169801869841,5.42175689909071,9.6065963331783,"HH vs. HC","HH"
"LOC111115093",10.6048417399716,15.206244272858,2.96256962989772,9.85114455798023e-08,3.60427017158665e-05,0,0,9.50045191822,0,6.93685674095759,0,0,0,0,0,0,65.7780654006293,0,0,0,0,1.5026309810852,0,0,0,0,2.11910152716045,3.78556541703592,34.3988924291753,0,183.128786196958,1.04500840785831,0,2.18185591942865,7.30308827222446,0,0,0,2.0021985272538,0,3.01519095385517,0,0,0,0,8.55422616093327,0,9.29722466789526,0,0,0,1.16303054273382,0,0,0,0,0,0,0,0,0,0,0,0,0,0,0,1.0171457144429,32.107831317465,11.5255669617601,0,0,2.11136768379895,0,0,2.7126285088467,0,0,0,0,7.75969139967799,0,437.640500136121,1.13354118144849,0,2.71008825436562,123.151812615734,0,4.32007080130877,0,0,3.02880628399576,0,0,4.61115739474586,0,2.16870275963628,8.53919674060293,"HH vs. HC","HC"
"LOC111111249",10.0124646175011,7.00304018726417,3.05041652138871,1.53658272557048e-05,0.0039133146531514,2.8330052958095,4.01050255221238,44.652124015634,11.371189643345,0,0,8.51073376251942,0,0,0,2.01750794080012,1.06093653871983,0,0,4.00738773273672,2.14552604742987,4.5078929432556,0,10.9590913433073,13.8892167352539,0,33.9056244345672,0,9.98677522137347,0.594658187354303,0,1.04500840785831,21.3015567958245,3.27278387914297,7.30308827222446,0,0,0,0,0.866458356955461,3.01519095385517,10.528496792392,0,0,4.09753347422019,0,0,10.0719933902199,2.96956924138368,4.65170737230641,0,0,3.08542451899964,38.8500072561885,0,0,2.30829413732932,0,0,6.91424522970729,0,0,0,0.969564835012302,13.087485468621,1.25252310658447,0,0,0,0,416.644014669681,7.49159072520056,0,0,1.91687133257644,0,4.64302739196143,0,49.6783754333284,45.8294899699725,0,2.0265769299886,31.0069180258386,0,6.92638625861823,8.80778682668826,7.00863974235885,3.68250542623227,0,13.8871011697493,0,5.04801047332626,0,23.3614759981593,2.30557869737293,2.21084900934921,6.50610827890885,2.13479918515073,"HH vs. HC","HC"
"LOC111115918",3.77175510865178,1.56209862224764,2.16061301863065,0.000339555642083137,0.0464244048125982,0.944335098603166,0,0.950045191822,6.12294826949346,3.46842837047879,0,0.654671827886109,10.3181599774827,6.6194775492358,1.99591490538303,2.01750794080012,2.12187307743965,2.0963563032649,0,3.00554079955254,2.14552604742987,2.2539464716278,0.881007434120036,0,0,0,1.05955076358023,2.83917406277694,1.10964169126372,1.18931637470861,0,0,5.07179923710107,1.09092795971432,1.04329832460349,1.13488543445195,1.8569395072759,0,0,6.06520849868823,0,2.1056993584784,4.31261796320295,0.842916047393067,1.02438336855505,3.20783481034998,0,6.19814977859684,1.48478462069184,0.930341474461282,0,9.30424434187056,4.11389935866618,8.17894889603969,0,0,1.15414706866466,2.77300225621038,0,3.95099727411845,1.63752151979709,1.75788173136955,4.25488481327717,0,5.45311894525876,0,0,3.05143714332869,1.94592917075545,11.5255669617601,124.876497393994,0,0,0.709944354544282,1.91687133257644,1.35631425442335,1.16075684799036,11.6896200863192,4.13986461944403,2.69585235117486,3.32558202843343,0,8.85911943595387,0,5.93690250738706,2.03256619077421,0,0,5.40008850163597,4.0844415205145,1.23881107677016,4.03840837866101,3.71465122972145,0,0,8.84339603739682,1.08435137981814,6.4043975554522,"HH vs. HC","HC"
"LOC144621766",45.5689358006437,15.9047585182916,8.44372656819925,3.43225205513716e-05,0.00782101856458756,0,0,0,0,0,0,0,25.7953999437068,0,0,0,142.165496188457,0,0,0,114.785643537498,0,0,0,176.8560264289,0,344.353998163573,277.292666797881,0,266.406867934728,0,0,0,79.6377410591457,0,0,0,0,0,0,141.713974831193,0,0,54.7895430805493,0,17.1084523218665,59.4403764921226,128.611607905884,0,0,132.245885054116,0,0,0,0,0,1071.04847972081,67.4763882344525,0,0,0,0,0,0,0,0,0,2.03429142888579,0,0,0,0,0,0,0,105.11435471781,0,208.614758463543,0,0,0,107.408577289396,396.888550730734,0,0,0,0,0,0,238.531384798047,0,0,0,0,0,79.5905643365714,0,0,"HH vs. HC","HC"
"LOC144621788",15.2979767344337,20.4389726488202,2.46289650879256,4.89056901171379e-17,1.27042311217289e-13,1.88867019720633,0,0,6.99765516513539,1.1561427901596,0,0,0,8.82597006564773,18.9611916011388,15.1313095560009,10.6093653871983,14.6744941228543,0,0,41.8377579248825,39.0684055082152,17.6201486824007,0,0,0.715907065784001,0,788.343998097731,1.10964169126372,24.3809856815264,0,0,14.201037863883,14.1820634762862,0,0,0,0,0,12.1304169973765,18.091145723131,0,23.7193987976162,10.1149925687168,0,0,0,13.1710682795183,20.7869846896858,9.30341474461282,0,11.6303054273382,6.17084903799927,0,0,6.47843839180245,9.23317654931729,0.924334085403459,0,0,0,0,0,0,0,8.7676617460913,0,0,0,0,30.3438217966714,12.8427269574867,28.5034637312859,0,41.2127336503934,20.3447138163503,0,0,0,0,0,0,0,7.93478827013942,0,0,25.0308562227102,0,35.6405841107974,8.16888304102899,6.19405538385081,0,0,0,0,25.4247636075159,10.8435137981814,0,"HH vs. HC","HC"
"LOC111111765",4.8684594537947,15.9360884304976,3.54744585000662,7.28279944701293e-07,0.000222570919100065,3.77734039441266,0,0.950045191822,4.37353447820962,6.93685674095759,0,1.30934365577222,0,0,0,0,61.53431924575,0,0,0,0,0,0,0,0,0,6.35730458148136,3.78556541703592,26.6314005903292,0,151.862895870648,0,4.05743938968086,0,16.6927731936559,0,0,0,0,0,2.26139321539137,0,2.15630898160147,0.842916047393067,0,0,0,0,0,0,0,0,2.05694967933309,0,0,0,16.1580589613053,0,0,0,0,0,0,0,0,15.0302772790136,0,1.0171457144429,6.81075209764409,0,0,0,2.11136768379895,0,0,5.4252570176934,0,0,0,0,4.43410937124457,0,23.0337105334801,9.06832945158791,0,0,74.0913344192221,0,0,0,0,0,0,0,0,0,0,0,"HH vs. HC","HC"
"LOC111114862",11.785738522862,2.71794990845086,3.57506222879878,0.000289211471936239,0.0416391463607844,0.944335098603166,1.0026256380531,18.050858644618,0,2.3122855803192,1.16244221370333,54.9924335424332,0,0,0,5.04376985200031,0,0,0,15.0277039977627,12.8731562845792,9.0157858865112,0.881007434120036,47.4893958209983,0,0,1.05955076358023,11.3566962511078,3.32892507379116,0,0,0,0,0,1.04329832460349,0,0,2.22842818422193,8.00879410901521,0.866458356955461,79.1487625386981,0,10.7815449080074,1.68583209478613,0,0,0.974432401510207,102.269471346848,8.90870772415105,19.5371709636869,3.02853171879654,9.30424434187056,13.3701729156651,130.863182336635,0,0,42.7034415405925,7.39467268322767,0,1.97549863705923,0,0,0,0,1.09062378905175,0,0,23.3943514321866,0,0.960463913480007,0,25.6854539149734,6.33410305139686,0,0,4.74709989048173,0,0,6.20979692916604,79.5276443596582,29.9302382559008,0,151.490942354811,6.80124708869093,9.89483751231176,6.77522063591404,66.0814604279549,1.84125271311613,0,2.4506649123087,0,14.1344293253135,22.2879073783287,2.12377054528721,4.61115739474586,0,0,1.06739959257537,"HH vs. HC","HC"
