"Gene","baseMean","log2FoldChange","lfcSE","pvalue","padj","B1_B1_O01","B1_W5_O50","B2_B5_O51","B2_C4_O40","B3_B4_O41","B3_C3_O30","B3_C6_O66","B3_H4_O41","B3_W1_O06","B3_W4_O41","B4_B2_O19","B4_B3_O32","B4_C5_O56","B4_H5_O55","B4_W2_O19","B4_W6_O67","B5_B6_O69","B5_H2_O21","B5_W3_O33","B6_C2_O24","B6_H3_O35","B6_H6_O72","C_W5_W52","C1_H2_W13","C1_H6_W62","C2_B2_W16","C2_C1_W03","C2_H1_W04","C2_W2_W15","C3_B3_W30","C3_C2_W17","C3_W3_W29","C4_B1_W07","C4_B5_W56","C4_C6_W67","C4_H5_W56","C5_B4_W46","C5_C3_W33","C5_W1_W09","C5_W4_W45","C6_B6_W71","C6_C5_W59","C6_H3_W36","C6_H4_W48","C6_W6_W72","H1_B2_B13","H1_B6_B61","H1_C6_B62","H1_W4_B38","H1_W5_B49","H2_B5_B51","H2_C1_B04","H2_H1_B03","H2_W2_B16","H3_B4_B41","H3_C5_B54","H3_H4_B41","H3_H6_B66","H3_W3_B30","H3_W6_B66","H4_H2_B19","H4_W1_B07","H5_B1_B09","H5_B3_B34","H5_C2_B22","H5_C4_B46","H6_C3_B36","H6_H3_B35","W1_C1_G02","W1_C6_G61","W1_H5_G49","W1_W1_G01","W1_W6_G62","W2_B2_G04","W2_B6_G64","W2_C2_G15","W3_B5_G54","W3_C3_G29","W3_H2_G18","W3_H3_G30","W4_C5_G55","W4_H1_G08","W4_W5_G56","W5_B2_G21","W5_C4_G45","W5_H4_G46","W5_W2_G22","W6_B3_G35","W6_B4_G48","W6_H6_G71","W6_W3_G36","W6_W4_G48","pair","DEG_group"
"LOC111102400",11.0002627575283,3.33140821279166,2.65129252186061,0.00029052408752411,0.0333382933769221,0,2.00525127610619,14.25067787733,6.99765516513539,0,1.16244221370333,0,29.9226639346999,4.41298503282386,0,8.0700317632005,25.4624769292759,13.6263159712218,0,0,0,15.026309810852,0,0,0,0,1.05955076358023,5.67834812555389,19.623720182692,138.463228587944,0,13.1866780164628,0,23.9958614658804,0,12.9985765509313,6.68528455266579,7.00769484538831,0.866458356955461,13.5683592923482,0,0,23.6016493270059,0,0,21.4375128332246,9.29722466789526,0.742392310345921,0,15.1426585939827,4.65212217093528,18.5125471139978,0,0,0,0,0,17.2045201886453,0,0,1.75788173136955,0,4.84782417506151,15.2687330467245,0,8.14286324708366,6.10287428665738,23.3511500490654,10.5651030482801,12.8377707601302,2.14045449291445,15.8352576284922,2.83977741817713,0.958435666288219,1.35631425442335,1.16075684799036,5.39520927060888,7.58975180231405,0,3.32558202843343,1.0132884649943,330.44515496108,2.26708236289698,3.9579350049247,2.71008825436562,15.0185137336261,0.920626356558067,3.24005310098158,1.6337766082058,1.23881107677016,2.01920418933051,0.928662807430361,1.06188527264361,1.15278934868647,2.21084900934921,19.5183248367266,24.5501906292334,"BW vs. WB","WB"
"LOC111105307",321.260020332642,25.0366215876002,3.94642859746262,6.04527068767624e-11,4.66676578086522e-08,0,0,111.155287443174,0,0,0,0,0,0,0,0,0,0,0,0,0,12.7723633392242,0,0,0,0,0,0,1.18931637470861,0,0,0,0,3.12989497381048,0,0,0,6.00659558176141,24.2608339947529,1218.89094309595,0,0,0,0,0,1.94886480302041,0,0,0,128.207842762387,0,0,0,0,0,0,0,0,0,0,0,0,12.6043428551599,55.6218132416394,0,0,0,0,0,10.5036306219247,1450.15791894954,1.05568384189948,0,0,0,0,230.195595545979,0,0,4.43410937124457,0,226.793457560419,0,0,186.996089551228,0,22093.1913046805,5.40008850163597,0,7.43286646062097,143.363497442466,0,3598.72918898918,0,15.4759430654444,0,6.4043975554522,"BW vs. WB","WB"
"LOC111105092",5.64384445187307,2.18352942039491,1.88653422865137,0.000398294719289125,0.0401049722288161,1.88867019720633,0,1.900090383644,0.874706895641923,6.93685674095759,2.32488442740666,4.58270279520276,0,4.41298503282386,0,2.01750794080012,12.7312384646379,26.2044537908112,5.30301873087858,2.00369386636836,0,4.5078929432556,12.3341040776805,0,6.48163447645182,4.29544239470401,1.05955076358023,9.46391354258981,16.0557710585662,2.2332778804507,15.6751261178746,4.05743938968086,2.18185591942865,13.5628782198454,0,9.28469753637951,7.79949864477676,2.0021985272538,7.79812521259915,0.753797738463791,1.0528496792392,4.31261796320295,5.0574962843584,4.09753347422019,6.41566962069995,14.6164860226531,0.774768722324605,7.42392310345921,3.72136589784513,0,2.32606108546764,0,0,15.74184824673,0,0,0,1.91161335429392,1.97549863705923,3.27504303959417,0,25.529308879663,5.81738901007381,4.36249515620701,2.50504621316894,0,2.03429142888579,7.78371668302181,4.80231956740004,2.33414013820549,0,2.11136768379895,1.41988870908856,6.70904966401753,4.06894276327005,26.6974075037782,0,5.51981949259204,12.1313355802868,3.32558202843343,4.0531538599772,24.8055344206708,2.26708236289698,5.93690250738706,4.06513238154843,0,0,3.24005310098158,8.16888304102899,2.47762215354032,7.06721466265677,7.42930245944289,14.8663938170105,24.2085763224158,2.21084900934921,6.50610827890885,21.3479918515073,"BW vs. WB","WB"
"LOC111104012",11.3258646558584,4.02967512494482,3.44865354260259,0.000256892278182311,0.0311634799366399,0,0,4.75022595911,5.24824137385154,0,0,0.654671827886109,0,0,1.99591490538303,0,122.00770195278,0,1.32575468271965,0,1.07276302371494,1.5026309810852,0,0,0,0,2.11910152716045,7.57113083407185,0,30.1492513860845,0,5.07179923710107,0,8.34638659682796,0,7.42775802910361,2.22842818422193,3.0032977908807,0,3.01519095385517,0,0,0,5.12191684277524,3.20783481034998,0,1.54953744464921,1.48478462069184,0,0,9.30424434187056,0,0,2.098913099564,0,0,0,0,0,0,0,0,0,2.18124757810351,0,0,0,0.972964585377727,0,4.66828027641099,0,0,0,3.83374266515287,0,0,0,1.37995487314801,31.0023020385108,13.3023281137337,0,593.56100220891,11.3354118144849,0,7.45274269950545,94.1160193973903,0,3.24005310098158,0,0,8.07681675732202,4.64331403715181,0,25.3613656711022,5.52712252337301,0,1.06739959257537,"BW vs. WB","WB"
"LOC144624409",921.89402721596,-6.6171219431384,2.30076948159102,1.35263348816887e-05,0.00344583381111019,3468.54281716943,2148.62674234778,17.100813452796,1673.314291363,3624.50764715034,19.7615176329566,1.30934365577222,7753.06540708052,4365.54544372101,5.9877447161491,5.04376985200031,1465.15335997208,1613.14617536234,0,4.00738773273672,2031.81316691609,5.2592084337982,5.28604460472022,0,0,1.431814131568,291.376459984562,229.973099084932,215.860922009612,29.0326124458592,4.18003363143324,216.058647500506,1123.65579850575,2350.55112533167,4.5395417378078,12.0701067972934,0,6.00659558176141,3075.92716719189,237.446287616094,0,6.46892694480442,7.5862444265376,3049.58928818838,2063.70706132515,3.89772960604083,2.32430616697382,2357.0955853483,3.72136589784513,0,2.32606108546764,6.17084903799927,4490.92452300046,6.296739298692,2.15947946393415,9.23317654931729,16.6380135372623,3814.62444849352,5.92649591117768,1427.91876526306,28.1261077019129,2386.99038024849,154.160808766956,3410.38058836483,7.51513863950682,2.71428774902789,7.12002000110027,6.81075209764409,0,2911.83982241135,10.7022724645722,2.11136768379895,7.8093878999871,3.83374266515287,14.9194567986569,2469.51019409949,2742.56471255952,5216.91939793605,2.69585235117486,5.54263671405571,7.09301925496009,6.20138360516771,2070.97973850639,0,10.1628309538711,4039.98019434542,4.60313178279033,8.64014160261755,0.816888304102899,0,2315.01760306742,9.28662807430361,8.49508218114884,8.06952544080526,7.73797153272222,1617.85225868867,2024.85702711547,"BW vs. WB","BW"
"LOC111104604",153.217591418722,-24.2313638368102,4.57832968283575,1.92482458458457e-08,9.80698125845836e-06,0,0,167.207953760672,0,0,0,0,391.058263146595,0,978.996261090378,0,0,0,1092.42185856099,0,0,0,0,1308.69815791328,0,445.294194917649,0,0,0,0,0,1075.22143826543,0,375.587396857258,0,0,0,0,0,0,0,181.129954454524,0,0,0,544.707712444206,0,0,0,281.653449848079,0,0,0,0,250.499617816361,213.517207702962,1191.46663608506,0,0,0,0,0,0,0,405.817486533369,0,665.213297245654,1.94592917075545,0,284.76509686107,0,0,653.858750535283,975.687508281406,0,0,0,617.529805733734,0,0,0,0,0,3.9579350049247,614.512511677404,0,0,0,0,0,1185.27285913701,0,0,0,0,0,189.997127478415,"BW vs. WB","BW"
"LOC111102559",351.364086696724,2.8706474961902,1.67369017161205,0.000136906466560673,0.0202772804397276,2043.54115337725,44.1155280743362,25.651220179194,55.9812413210831,54.3387111375011,170.879005414389,83.797993969422,1919.17775581179,34.200634004385,62.8713195195655,48.420190579203,306.61065969003,31.4453445489735,82.196790328618,22.040632530052,74.0206486363305,44.3276139420134,2062.438403275,70.3208361195552,62.0385014174675,23.624933170872,41.3224797796288,10.4103048968488,48.1673131756986,10.0497504620282,37.6203026828991,75.0626287090959,46.9099022677159,38.6020380103293,49.9349591158858,12.0701067972934,227.299674790637,57.0626580267333,28.5931257795302,103.270290169539,28.4269413394584,87.3305137548597,2153.65050108929,24.5852008453212,36.3554611839664,27.2841072422858,50.3599669510993,35.6348308966042,59.541854365522,44.418465209016,115.140023730648,215.979716329974,2587.27416744722,38.829892341934,4940.88901348134,33.4702649912752,28.6543566475072,87.9342142975204,361.516250581838,131.001721583767,77.3467961802604,40.4214057261331,105.682567016341,22.9030995700868,3991.79114068471,23.5238271582417,219.703474319666,227.673712978388,135.425411800681,17.5060510365412,17.1236359433156,64.3967143558681,26.9778854726827,56.5477043110049,11.5286711625985,29.0189211997589,14.3872247216237,83.4872698254546,222.407818971926,151.868245965126,24.3189231598632,23.9196224770755,209.70511856797,88.0640538595747,17.6155736533765,43.0530727030615,86.5388775164583,65.8810797199588,206.672740938034,2848.0266654946,23.2208481773008,39.0038379120752,204.943857620216,3577.1053489741,29.8464616262143,53.133217611089,48.0329816658915,"BW vs. WB","WB"
"LOC144618975",12.6656229958938,22.8490548571605,2.94791812952767,3.15366878214575e-15,3.65180510114377e-12,0,0,0,0,2.3122855803192,0,0,0,0,0,0,72.1436846329483,0,0,0,0,0,0,0,0,0,2.11910152716045,1.89278270851796,0,297.025958099944,0,0,0,6.25978994762097,2.2697708689039,0,0,0,0,5.27658416924654,0,2.15630898160147,0,0,0,0,0,0,0,0,2.32606108546764,0,1.36315814933995,0,0,0,0,0,1.97549863705923,0,0,0,3.87825934004921,0,0,0,15.2571857166434,69.0804855618186,1.92092782696001,0,0,4.22273536759791,0,0,2.7126285088467,0,0,4.13986461944403,8.08755705352457,28.8217109130897,0,300.324148878836,4.53416472579395,0,0,292.360400681255,0,0,0,0,4.03840837866101,0,2.12377054528721,9.22231478949172,2.21084900934921,15.180919317454,0,"BW vs. WB","WB"
"LOC111105623",10.9365564537745,25.4159351251762,2.76320857198226,1.19022926394102e-20,2.5267575415748e-17,11.332021183238,0,1.900090383644,0,25.4351413835112,0,0.654671827886109,0,0,0,0,6.36561923231896,22.0117411842814,0,0,0,0,16.7391412482807,0,0,0,6.35730458148136,5.67834812555389,0,0,0,0,5.45463979857162,2.08659664920699,0,0,20.0558536579974,4.0043970545076,23.3943756377974,0,0,0,0,0,0,0,2.32430616697382,0,0,2.01902114586436,4.65212217093528,0,0,33.582609593024,0,0,0,0,9.87749318529613,175.214802618288,0,2.12744240663859,0,0,0,0,0,0,0.960463913480007,0,0,4.22273536759791,0,10.5427923291704,2.7126285088467,5.80378423995179,0,0,29.6543758629234,0,0,0,0,0,0,0,0,90.7214868274843,0,3.71643323031048,0,0,2.12377054528721,410.393008132382,0,0,64.043975554522,"BW vs. WB","WB"
"LOC111104195",51.3321582853706,2.07991023141542,1.47948448671473,0.000218931158292588,0.0278613609309363,35.8847337469203,33.0866460557522,17.100813452796,33.2388620343931,34.6842837047879,27.8986131288799,86.4166812809664,45.399903900924,12.1357088402656,4.98978726345758,12.1050476448007,352.230930854983,188.672067293841,120.643676127488,9.01662239865762,0,82.644703959686,9.6910817753204,10.045833731365,6.48163447645182,18.613583710384,9.53595687222203,180.760748663465,11.2985055597318,21.2161398642817,14.6301177100163,18.2584772535639,43.637118388573,62.5978994762097,24.9674795579429,6.49928827546566,167.132113816645,36.0395734905684,42.4564594908176,9.79937060002929,13.6870458301096,36.6572526872251,21.9158172322197,22.5364341082111,115.482053172599,55.5426468860818,33.315055059958,21.5293770000317,121.874733154428,28.2662960421011,54.6624355084895,7.19932387766582,16.3578977920794,152.17119971839,1.07973973196708,11.5414706866466,25.8813543912969,14.3371001572044,41.4854713782438,42.5755595147242,18.4577581793803,114.881889958484,18.4217318652337,18.5406044138798,22.5454159185205,42.5238414014369,173.931917169735,13.6215041952882,31.6953091448402,28.0096816584659,13.9129542039439,89.7331265614555,12.0690540272528,98.7188736276865,17.6320853075036,74.2884382713829,7.19361236081184,19.3193682240721,55.2649731990845,150.759718622315,48.6378463197263,43.409685236174,44.208106076491,1.97896750246235,15.5830074626023,5.00617124454204,33.1425488360904,235.443858671328,10.6195479533377,8.67167753739113,92.8833927092033,21.3592445708983,32.9184434519518,290.502915868989,23.2139145981667,6.50610827890885,159.04253929373,"BW vs. WB","WB"
"LOC144622706",117.950028122651,-3.3509220161208,2.16605725705639,0.000180071331803586,0.0244006232856188,16.0536966762538,690.809064618583,413.26965844257,17.4941379128385,5.78071395079799,2.32488442740666,15.7121238692666,276.526687396537,4.41298503282386,32.93259593882,15.1313095560009,3.18280961615948,8.3854252130596,7.95452809631787,7.01292853228926,370.103243181653,3.756577452713,11.4530966435605,969.879583882697,3.70379112940104,11.454513052544,482.095597429003,570.673986618165,5.94658187354303,4.46655576090141,0,22.3159166432447,12.0002075568576,1123.63229559796,19.2930523856832,0.928469753637951,3.3426422763329,17.0186874816573,6.06520849868823,6.78417964617412,7.36994775467441,2.15630898160147,7.5862444265376,3.07315010566514,12.8313392413999,8.76989161359186,5.42338105627224,474.388686311043,4.65170737230641,11.104616302254,9.30424434187056,21.5979716329974,753.826456584992,0,17.2758357114732,4.61658827465864,1.84866817080692,17.2045201886453,3.95099727411845,31.1129088761446,1.75788173136955,12.7646544398315,448.908518610696,18.5406044138798,3.75756931975341,0,15.2571857166434,25.2970792198209,10.5651030482801,425.980575222503,316.787264951338,9.50115457709529,21.2983306363284,480.176268810397,10.1723569081751,3.48227054397107,12.5888216314207,378.797612679129,0,12.1938007709226,12.1594615799316,30.1210060822432,6.80124708869093,7.91587000984941,14.9054853990109,12.0148109869009,21.1744062008355,0,9.80265964923479,3.71643323031048,665.327780384402,7.42930245944289,12.7426232717233,5.76394674343233,6.63254702804762,687.478774804702,579.597978768424,"BW vs. WB","BW"
"LOC111102991",421.775627309098,-4.46306894706077,1.88303630400922,4.71087217927187e-05,0.00960075750135608,0.944335098603166,861.255423087609,6.650316342754,76.0994999208473,764.210384295494,152.279929995136,1.30934365577222,2.06363199549655,1236.73905544889,6.98570216884062,92.8053652768057,1008.95064832256,55.5534420365198,1019.50535101141,1091.01131023757,8.58210418971948,760.331276429111,5.28604460472022,342.471604478353,1.85189556470052,1014.44031221593,30.7269721438266,2.83917406277694,923.504164961233,115.013810843211,959.317718413928,37.5313143545479,2.18185591942865,830.465466384382,995.294526014361,66.8498222619325,1246.80556907217,1794.97097968303,8.66458356955461,6.03038190771033,1217.09422920052,6.46892694480442,637.244531829159,814.384778001263,52.3946352357163,714.258950306982,3.87384361162303,841.872879932274,3.72136589784513,1286.1164699156,945.543831242595,838.206994328234,12.2684233440595,612.882625072688,53.9869865983538,4.61658827465864,898.452731012162,899.41408319529,771.432217771628,635.358349681269,593.285084337225,352.091718298686,1009.31699324781,752.530414445709,7.51513863950682,1014.23885555342,5.08572857221448,1195.77347542923,1041.14288221233,3.50121020730824,262.20567538202,700.974071021253,29.1077185363155,10.5427923291704,579.824343765982,678.462377650364,14.3872247216237,1.37995487314801,13.4792617558743,6.65116405686685,449.900078457469,3.54364777438155,0,0.989483751231176,86.0453020761084,9.01110824017567,15.6506480614871,467.647664241675,44.1119684215566,0,1372.04924665008,646.349313971532,8.49508218114884,4.61115739474586,638.93536370192,4.33740551927257,1.06739959257537,"BW vs. WB","BW"
"LOC144619712",79.4907787138283,-23.7330965580687,2.24939607426914,1.90416432622607e-26,9.70171724212181e-23,0,201.527753248672,0,0,320.251552874209,0,0,0,268.08884074405,0.997957452691516,3.02626191120019,48.8030807811121,0,68.9392435014216,167.308437841758,0,235.161748539834,0,0.913257611942276,0,98.7951750781921,0,0,9.51453099766885,0,154.66124436303,0,0,57.3814078531922,215.628232545871,0,368.80486448873,260.285808542994,0,0,172.667347395229,0,159.31113295729,132.145454543601,3.20783481034998,36.0539988558777,0,230.884008517581,0,16.1521691669149,188.410947922879,155.299700789648,0,119.638046675148,0,0,106.298419821398,78.3761475260508,645.000304999837,194.865060855853,181.940759196749,104.244677925291,46.5391120805905,145.052963943883,3.75756931975341,230.71445866737,0,152.755439904303,407.236699315523,0,11.7724997110295,174.187833913414,0.709944354544282,0,177.677167329459,326.17267428529,0,1.37995487314801,0,0,96.2624041744584,0,0,1.97896750246235,0,0,0,307.80504459325,0,0,64.6145340585762,141.156746729415,0,0,18.7922165794682,0,0,"BW vs. WB","BW"
"LOC144619748",27.9434354202801,-22.6467084436389,2.45507304814674,1.09486872480472e-20,2.5267575415748e-17,56.66010591619,89.2336817867255,0,0,95.9598515832466,0,0,46.4317198986723,81.6402231072415,0,0,0,0,0,54.0997343919457,0,78.888126506973,0,16.438637014961,0,0,30.7269721438266,0,4.75726549883443,0,93.0057482993895,0,0,0,82.8466367149924,0,82.4518428162115,68.0747499266293,0,0,160.033151244359,0,99.4640935923819,46.0972515849772,0,59.4403764921226,0,120.267554276039,43.7260492996803,1.00951057293218,93.0424434187056,0,23.8552676134491,58.769566787792,0,0,51.7627087825937,86.9784076203735,52.3507138820695,83.5135975096514,81.7415005086843,0,0,82.8874079679332,0,84.1429202198645,0,0,73.9557213379606,0,27.8259084078878,36.9489344664817,1.41988870908856,0,54.9307273041457,107.950386863103,0,43.4685785041623,0,0,0,0,1.13354118144849,0,0,0,0,44.2807257134149,0,0,0,28.7885470303412,0,0,39.7952821682857,0,0,"BW vs. WB","BW"
"LOC144623030",588.483930632378,-6.57654726386632,1.78282628041312,3.79497071446772e-06,0.00112414975524495,8.4990158874285,1553.06711334424,0,1.74941379128385,1942.31988746812,1.16244221370333,5.89204645097498,2160.62269928488,1931.78419811865,15.9673192430643,3.02626191120019,11.6703019259181,5.24089075816225,54.3559419915055,1572.89968509916,2.14552604742987,1534.18623168799,10.5720892094404,5.47954567165366,0.925947782350261,4.29544239470401,170.587672936416,30.2845233362874,10.1091891850232,2.2332778804507,1960.43577314219,1.01435984742021,42.5461904288586,6.25978994762097,2345.80819301218,6.49928827546566,1772.71462054855,1877.06111930044,7.79812521259915,4.52278643078275,2187.82163345906,11.8596993988081,3600.09443841579,1569.35532062633,6.41566962069995,104.264266961592,7.74768722324605,1757.98499089914,1225.25972186551,26.2472748962367,1778.27369984001,4.11389935866618,47.0289561522282,1224.71579359559,1.07973973196708,4.61658827465864,1432.71783237536,148.150034957779,1188.26243019112,1308.37969431787,1240.18556148122,1.06372120331929,2.9086945050369,14.1781092576728,10.0201848526758,1829.4299428448,5.08572857221448,1.94592917075545,1984.3184452497,1.16707006910275,1452.29837344245,1038.79290042909,1586.01568805193,3.83374266515287,1313.59035540902,1066.15516487914,7.19361236081184,1450.33257167856,0,16.6279101421671,18.2391923698974,0.885911943595387,0,2.96845125369353,14.2279633354195,915.128103502284,3.68250542623227,896.414691271571,0.816888304102899,1.23881107677016,29.2784607452923,1416.2107813313,8.49508218114884,0,1102.10823116058,5.42175689909071,2.13479918515073,"BW vs. WB","BW"
"LOC144619749",54.1378423679546,-23.105683417852,3.30408437604798,8.39616445901725e-13,7.9219366516098e-10,0,191.501496868141,0,0,163.016133412503,0,0,38.1771919166861,127.976565951892,0,0,0,0,0,156.288121576732,0,148.760467127435,0,0,0,0,0,0,0,0,215.271732018812,0,0,0,145.26533560985,0,250.698170724967,188.206661561857,0,0,202.147138413927,0,169.426125526006,115.75532064672,0,0,0,244.247070103808,133.969172322425,0,182.59579520921,0,0,124.885329424058,0,0,90.584740369539,0,130.382910045909,86.7886405492456,180.182877465379,0,0,0,0,177.333466269822,0,0,161.357937464641,0,224.747721756017,67.5637658815665,209.433584590563,0,117.32118300762,88.2175204472672,0,139.375442187949,0,0,0,0,0,0,0,91.1123166506651,0,88.5614514268299,0,0,0,220.093085360996,0,0,109.437025962786,0,0,"BW vs. WB","BW"
"LOC111104894",38.4699413180299,-1.56942189986468,1.34110528094476,0.000327348862135413,0.035186549632488,33.0517284511108,578.514993156636,23.75112979555,19.2435517041223,17.342141852394,10.46197992333,6.54671827886109,8.25452798198618,8.82597006564773,38.9203406549691,23.2013413192014,15.9140480807974,10.4817815163245,15.9090561926357,26.0480202627887,45.0560469960273,15.7776253013946,17.6201486824007,352.517438209718,3.70379112940104,18.613583710384,85.8236118499983,99.371092197193,6.54124006089734,24.5660566849578,7.31505885500817,384.442382172261,27.2731989928581,49.0350212563643,17.0232815167793,17.6409253191211,22.2842818422193,18.0197867452842,9.53104192651007,6.03038190771033,23.1626929432624,14.0160083804096,36.2453900379019,18.4389006339909,5.3463913505833,17.5397832271837,11.6215308348691,16.3326308276103,2.79102442338385,3.02853171879654,27.9127330256117,12.3416980759985,13.6315814933995,14.692391696948,1.07973973196708,17.3122060299699,38.8220315869453,25.8067802829679,22.7182343261811,18.0127367177679,15.820935582326,47.8674541493682,51.386936255652,16.3593568357763,7.51513863950682,8.14286324708366,4.06858285777158,20.4322562929323,19.2092782696001,21.0072612438494,9.63204521811501,13.7238899446932,14.9088314454299,18.2102776594762,12.2068282898102,20.8936232638264,23.3792401726385,242.182080237476,2.69585235117486,13.3023281137337,13.1727500449259,77.9602510363941,18.1366589031758,26.7160612832418,27.1008825436562,53.0654151921456,33.1425488360904,3.24005310098158,14.7039894738522,9.91048861416129,36.3456754079491,12.0726164965947,24.4233612708029,33.4308911119075,8.84339603739682,103.013381082723,55.504778813919,"BW vs. WB","BW"
"LOC111105472",130.721142553092,-2.81810194509836,2.57695409181299,0.000433032175194466,0.0414876678148062,1.88867019720633,5.01312819026548,27.551310562838,53.3571206341573,3.46842837047879,9.29953770962662,5.89204645097498,2.06363199549655,0,47.9019577291928,19.1663254376012,0,17.8190285777516,30.4923577025518,9.01662239865762,1386.0098266397,82.644703959686,4.40503717060018,42.923107761287,0,354.373997563081,1426.15532777898,945.444962904722,8.32521462296025,0,0,0,4.3637118388573,1248.82809455038,38.5861047713663,0,0,4.0043970545076,256.471673658816,5.27658416924654,8.42279743391361,288.945403534597,0,6.14630021133029,11.7620609712833,25.3352424392654,12.3962995571937,1.48478462069184,0,8.07608458345745,2.32606108546764,2.05694967933309,206.518459625002,7.346195848474,184.63549416637,345.089973530734,478.805056238992,1.91161335429392,0,32.7504303959417,2.63682259705433,0,1349.63425033712,5.45311894525876,0,161.952502358664,7.12002000110027,14.5944687806659,0,22.1743313129522,1.07022724645722,6.33410305139686,20.5883862817842,2.87530699886466,2.7126285088467,2.32151369598072,15.2864262667252,198.713501733313,9.43548322911199,2.21705468562228,0,6.20138360516771,29.4720707176607,93.0114726157306,0.677522063591404,19.0234507292597,0,42.1206903127606,8.16888304102899,8.67167753739113,10.0960209466525,2.78598842229108,4.24754109057442,4.61115739474586,3.31627351402381,1268.69111438723,1035.37760479811,"BW vs. WB","BW"
"LOC144619842",32.6378493978386,23.103775805875,3.03629385493479,9.37737228970908e-15,9.95368996168078e-12,62.326116507809,0,0,0,0,0,1.30934365577222,0,0,0,0,125.19051156894,0,346.021972189828,0,0,0,0.881007434120036,0,0.925947782350261,0,0,0,343.117774103433,0,426.36343040619,19.2728371009841,0,0,0,0,0,1.0010992636269,7.79812521259915,2.26139321539137,1.0528496792392,0,0.842916047393067,0,0,0,378.087136494407,0,0,221.082815472148,0,0,1.36315814933995,0,0,1.15414706866466,0,0,0,0,0,8.50976962655434,0,0,2.50504621316894,139.333437783432,0,0,0,0,0,0,24.1381080545056,0,48.1491560320289,2.32151369598072,1.79840309020296,0,299.239610980409,133.023281137337,0,98.336225739088,300.388413083849,3.9579350049247,0,0,0,0,0,0,0,0.928662807430361,0,0,0,0,0,"BW vs. WB","WB"
"LOC144620744",138.937185729176,3.19996125701205,1.55819061312506,8.07892510551692e-05,0.0140966176070578,36.8290688455235,17.0446358469026,45.602169207456,111.962482642166,62.4317106686183,22.0864020603632,19.6401548365833,3.09544799324482,27.5811564551492,32.93259593882,64.560254105604,61.53431924575,45.0716605201953,273.105464640247,15.0277039977627,49.347099090887,12.7723633392242,49.336416310722,26.484470746326,64.8163447645182,26.488561434008,13.7741599265429,15.1422616681437,15.4611128712119,26.7993345654085,2853.91796186104,31.4451552700266,34.9096947108584,13.5628782198454,7.94419804116366,16.7124555654831,14.4847831974426,5.0054963181345,32.9254175643075,18.091145723131,28.4269413394584,23.7193987976162,9.27207652132373,18.4389006339909,24.5934002126832,9.74432401510207,1912.90397541945,2.96956924138368,49.3080981464479,6.05706343759309,12.793335970072,6.17084903799927,12.9500024187295,2.098913099564,41.0301098147489,108.489824454478,12.016343110245,8.60226009432265,18.7672370520627,70.4134253512747,7.03152692547822,5.31860601659647,10.6652131851353,21.812475781035,36.3231700909497,26.2381149072696,146.468982879777,14.5944687806659,18.2488143561201,47.8498728332126,14.9831814504011,19.0023091541906,40.4668282090241,1087.82448123713,18.9883995619269,28.4385427757638,8.09281390591332,28.2890748995342,5.39170470234971,455.604737895379,1706.3777750504,2052.65797331051,7.93478827013942,43.5372850541717,31.843536988796,47.0580096986951,8.2856372090226,3.24005310098158,26.1404257312928,56.9853095314274,48.4609005439321,26.9312214154805,19.1139349075849,53.0283100395774,36.4790086542619,13.0122165578177,12.8087951109044,"BW vs. WB","WB"
"LOC111103672",5.94480427158091,17.6961933440914,3.24161429124649,2.43343095590089e-09,1.44166636282733e-06,0,0,2.850135575466,0.874706895641923,0,0,0,0,0,0,0,4.24374615487931,0,1.32575468271965,0,0,0,0,0,0,0.715907065784001,0,0,0,0,0,0,1.09092795971432,0,0,0,64.624417342436,2.0021985272538,0,0,0,8.62523592640589,1.68583209478613,0,0,5.84659440906124,0,132.145831241574,0,0,0,0,0,0,0,0,0,125.210674706252,0,0,0,0,0,1.09062378905175,0,0,0,0.972964585377727,0,0,2.14045449291445,0,0,91.0513882973808,0,0.580378423995179,0,1.37995487314801,0,0,0,5.31547166157232,71.4130944312548,0,0,6.00740549345044,0,0,0,0,6.05761256799152,1.85732561486072,0,4.61115739474586,0,0,3.2021987777261,"BW vs. WB","WB"
"LOC111104577",132.314083593779,5.89965436578988,1.69383668297473,6.95011008894565e-06,0.00182529953109165,8.4990158874285,6.01575382831857,11.400542301864,4.37353447820962,0,2.32488442740666,2552.56545692794,40.2408239121826,0,4.98978726345758,11.0962936744007,16.9749846195172,3.14453445489735,0,5.0092346659209,9.65486721343441,15.7776253013946,14.0961189459206,6.39280328359593,226.857206675814,1.431814131568,13.7741599265429,10.4103048968488,12.4878219344404,33.4991682067606,0,4.05743938968086,3.27278387914297,10.4329832460349,1.13488543445195,66.8498222619325,0,3.0032977908807,1.73291671391092,4.52278643078275,3.1585490377176,10.7815449080074,20.2299851374336,4276.80056371733,14.9698957816332,164.679075855225,3.87384361162303,0,6.51239032122897,12.1141268751862,4.65212217093528,6.17084903799927,3.40789537334987,4.197826199128,0,43.8575886092571,6.47033859782421,0.955806677146961,26.6692316002996,0,0,34.0390785062174,12.6043428551599,2.18124757810351,7.51513863950682,0,5.08572857221448,3.89185834151091,0,0,4.28090898582889,0,14.9088314454299,1.91687133257644,14.2412996714452,5.22340581595661,196.025936832123,0,13.4792617558743,100.875988195814,4.0531538599772,5.31547166157232,1.13354118144849,60.3585088251017,4.06513238154843,523.645512179097,5.5237581393484,6.48010620196316,3354.1433766465,0,8.07681675732202,0,12.7426232717233,11.5278934868647,0,17.3496220770903,26.6849898143842,"BW vs. WB","WB"
"LOC111101372",48.85714015673,-4.3508130825443,3.49290897355142,0.000208439876428626,0.0268676261581291,0,0,0,0,0,2.32488442740666,0.654671827886109,0,1.10324625820597,1.99591490538303,1.00875397040006,2.12187307743965,0,1.32575468271965,13.0240101313943,209.188789624412,1.5026309810852,0,6.39280328359593,0,0.715907065784001,5.29775381790113,9.46391354258981,5.35192368618873,0,2.09001681571662,1.01435984742021,1.09092795971432,19.8226681674664,3.40465630335585,1.8569395072759,0,1.0010992636269,0,0.753797738463791,0,0,0,1.02438336855505,0,0,0.774768722324605,0,0.930341474461282,3.02853171879654,0,1.02847483966655,1431.31605680695,3.148369649346,0,0,0,1.91161335429392,0,9.82512911878252,0,1.06372120331929,3.87825934004921,0,0,0,0,0,0,2.33414013820549,0,1.05568384189948,0,0.958435666288219,1.35631425442335,2.32151369598072,0,1949.87623575814,0,0,0,0,0,0.989483751231176,1.35504412718281,0,487.931968975775,0,0.816888304102899,179.627606131673,0,7.42930245944289,0,0,0,104.097732462542,4.26959837030146,"BW vs. WB","BW"
"LOC111101181",8.67116075112085,22.242597718926,2.36719362520184,2.20682817628189e-21,5.62189477907811e-18,0.944335098603166,0,13.300632685508,0,0,0,0,0,0,0,0,37.1327788551939,0,0,0,0,2.2539464716278,0.881007434120036,0,0,0,3.17865229074068,0,0,357.324460872113,0,0,0,2.08659664920699,0,0,0,0,0,2.26139321539137,2.1056993584784,0,0,0,3.20783481034998,0.974432401510207,1.54953744464921,0,2.79102442338385,0,0,0,0,0,1.07973973196708,2.30829413732932,0,0,0,1.63752151979709,0,0,0,2.18124757810351,0,0.904762583009296,1.0171457144429,57.4049105372859,3.84185565392003,0,0,4.22273536759791,0,0,2.03447138163503,0,0,0,0,5.54263671405571,0,195.786539534581,0,3.9579350049247,0.677522063591404,62.0765234323213,0,1.08001770032719,0,0,0,0.928662807430361,0,6.91673609211879,6.63254702804762,3.25305413945443,4.26959837030146,"BW vs. WB","WB"
"LOC111104655",33.0480360550439,4.0041588328559,4.13604830384207,0.000309808132399543,0.034615623565256,0,0,10.450497110042,1.74941379128385,8.09299953111719,0,0,0,0,0,0,144.287369265897,0,0,0,0,0.7513154905426,0,1.82651522388455,0,0,12.7146091629627,28.3917406277694,0,566.135942694254,0,0,0,8.34638659682796,0,0,0,2.0021985272538,3.46583342782184,6.03038190771033,0,0,0,1.02438336855505,2.13855654023332,3.89772960604083,4.64861233394763,0,5.58204884676769,0,4.65212217093528,0,2.7263162986799,0,0,11.5414706866466,0,5.73484006288177,0,0,0.878940865684777,0,0,0,0,2.71428774902789,8.13716571554317,323.024242345405,0,0,0,10.5568384189948,0,0,5.4252570176934,0,0,0,2.69585235117486,24.3876015418451,0,1288.11596598769,2.26708236289698,0,2.71008825436562,486.599844969486,0,0,0,0,8.07681675732202,0,0,0,2.21084900934921,8.67481103854514,27.7523894069595,"BW vs. WB","WB"
"LOC144620003",67.5503098392274,-23.6118557797928,3.54266957331503,7.80090604825994e-12,6.41058327675555e-09,0,273.716799188495,0,0,246.258414303994,0,0,0,268.08884074405,0,0,0,0,0,190.350917304994,0,274.981469538591,0,0,0,0,0,0,0,0,303.05243827891,306.336673920905,0,0,226.97708689039,0,162.675257448201,191.209959352738,0,0,222.151282319472,0,329.580174530689,320.63199435773,0,93.5455105449799,0,132.88822355192,0,0,200.041253350217,0,0,199.39674445858,0,0,249.570203058934,0,335.834768300069,203.052668454839,217.09839382414,0,0,1.09062378905175,0,190.000142431952,0,0.972964585377727,268.929895774402,0,1.07022724645722,270.255063526266,0,0,211.585023690043,204.873583670298,0,0.689977436574005,0,0,0,0,0,0,0,0,0,117.721929335664,0,0,0,0,0,0,0,0,0,"BW vs. WB","BW"
"LOC144625336",501.346360386313,-2.29535355772872,2.00564854173888,0.000413049911058061,0.0407165151630734,127.485238311427,1957.12524547964,765.736424608532,88.3453964598343,1641.72276202663,27.8986131288799,47.1363716077999,103.181599774827,2402.87035037259,11.9754894322982,63.5515001352039,31.8280961615948,32.4935227006059,37.1211311161501,1679.09546001669,19.3097344268688,1132.2324442477,51.0984311789621,75.8003817912089,19.4449034293555,39.3748886181201,47.6797843611102,45.4267850044311,26.1649602435893,40.1990018481127,1350.15086295294,1537.76952868905,74.183101260574,77.2040760206586,1690.97929733341,90.0615661028813,1610.03936310035,1583.73903505776,35.5247926351739,14.322157030812,1574.01027046261,47.4387975952324,1126.13583931714,1261.01592669126,55.6024700460663,735.696463140206,12.3962995571937,1285.08108920879,70.7059520590574,12.1141268751862,1281.65965809267,23.6549213123305,60.6605376456277,1177.4902488554,86.379178557366,182.355236849016,2386.63060851173,21.0277468972331,1719.67156356006,1576.93322356459,1314.01659419874,43.612569336091,20.3608615352583,136.327973631469,100.201848526758,1405.09629141344,96.6288428720751,35.9996896589759,3061.95895617426,79.3607646989868,26.7556811614306,1328.05027310954,33.3673846635812,17.2518419931879,1283.07328468449,1654.65888681025,80.9281390591332,40.7086687578663,32.3502282140983,53.2093124549348,51.6777117147092,69.9870435440356,102.018706330364,18.8001912733923,1.35504412718281,27.033324720527,65.3644713156228,1072.4575764249,50.6470748543798,28.4926547657137,125.190659738491,48.2904659863788,86.012707084132,73.7785183159338,25.4247636075159,32.5305413945443,125.953151923893,"BW vs. WB","BW"
"LOC144620030",435.133832423058,-25.502707213493,2.51192296795193,1.05954110518351e-24,4.49863494242498e-21,0,1974.16988132655,829.389452460606,0,1553.8559099745,1505.36266674581,0,632.503206619691,310.012198555877,0,0,0,0,0,619.141404707823,0,432.006407061995,0,0,1434.29311486055,410.214748694233,0,0,457.292146075459,0,582.069683177078,0,0,642.671767955753,633.266072424189,1050.09929136452,416.716070449501,218.239639470664,664.573559784838,0,853.861089862993,446.355959191505,2280.08790819825,842.043128952249,0,0,1397.68277507359,1109.13411165681,4.65170737230641,426.013461777381,131.422451328922,0,0,534.173383839038,627.328784272871,1483.07898323409,736.694266066557,0,760.566975267802,740.159726948283,3679.24646375648,543.561534896159,0,0,0,1287.47715562223,502.469982934791,8.75668126839954,342.885617112363,921.98535459117,68.4945437732623,783.317410689412,0,0,1154.90158764148,583.86069453915,0,0,0,0,0,0,887.562745074166,940.009563669617,0,0,428.091255799501,253.80415957689,0,0,230.189277583678,30.6458726452019,0,0,97.277356411365,0,548.643390583738,"BW vs. WB","BW"
"LOC144625541",129.526284461098,4.63617445122021,2.51841201808906,9.16321185921351e-05,0.0150211281282697,14.1650264790475,1.0026256380531,1382.31575410101,2.62412068692577,24.2789985933516,2.32488442740666,2.61868731154444,24.7635839459586,0,2.99387235807455,2.01750794080012,22.2796673131164,3.14453445489735,0,0,2.14552604742987,0.7513154905426,16.7391412482807,1.82651522388455,12.9632689529036,4.29544239470401,21.1910152716045,6.62473947981287,1.78397456206291,17.8662230436056,121.220975311564,1613.84651724556,2.18185591942865,2.08659664920699,7.94419804116366,10.2131672900175,6.68528455266579,0,12.1304169973765,6.03038190771033,5.26424839619601,0,0.842916047393067,11.2682170541055,2.13855654023332,13.6420536211429,128.611607905884,4.45435386207552,4.65170737230641,3.02853171879654,5.8151527136691,1.02847483966655,59.2973794962878,1.049456549782,51.8275071344196,5.77073534332331,1.84866817080692,319.239430167085,3.95099727411845,8.18760759898543,0,0,4.84782417506151,2.18124757810351,2.50504621316894,3.61905033203718,3.05143714332869,4.86482292688863,0.960463913480007,1461.17172651664,3.21068173937167,0,2.83977741817713,1315.93216981372,1.35631425442335,13.9290821758843,0.89920154510148,0,664.527604564602,3.32558202843343,2.0265769299886,0.885911943595387,1386.3208649115,33.64244754186,5.42017650873124,13.0160452358093,8.2856372090226,3.24005310098158,0.816888304102899,13.6269218444718,1717.3331630256,0,4.24754109057442,1.15278934868647,3.31627351402381,2.16870275963628,1246.72272412803,"BW vs. WB","WB"
"LOC111101277",262.460565031889,22.0689129859522,2.59828763179723,7.38466530065195e-18,1.25416232356072e-14,807.406509305707,0,1870.63898269752,858.087464624727,2.3122855803192,829.983740584176,285.436916958344,1893.38235586808,0,0,1003.71020054806,0,0,0,0,0,0.7513154905426,1040.46977969576,0,32.4081723822591,12.170420118328,727.911374579615,536.603897864842,1609.7397131681,802.863398022028,0,0,118.911147608861,2.08659664920699,380.186620541404,419.668328644354,3.3426422763329,0,35.5247926351739,39.9512801385809,0,198.380426307336,1015.71383710865,33.8046511623166,591.310883374513,0,0,0,0,903.511962774302,429.158270268779,21.5979716329974,0,0,26.9934932991769,105.027383248484,8.31900676863113,0,0,0,0,798.854623692789,0,0,0,0,0,19.4592917075545,0,1191.5785405539,0,1.05568384189948,0,0,0,0,33.2704571687548,0.689977436574005,0,228.356632619095,0,665.319869640136,0,0.989483751231176,397.705451328154,0,11.9681426352549,0,317.769550296028,1.23881107677016,2352.37288057004,0,405.640174149857,0,0,0,1072.73659053824,"BW vs. WB","WB"
"LOC111099865",196.555348779615,3.49239449644741,2.89907156327837,0.000300001235609677,0.0339323806579825,1.88867019720633,3.00787691415929,246.061704681898,35.8629827213189,241.633843143356,2.32488442740666,1780.70737185022,22.699951950462,0,0,0,916.649169453931,1108.97248442713,5.30301873087858,0,0,429.001145099824,0,10.9590913433073,13.8892167352539,0.715907065784001,4.2382030543209,5.67834812555389,1.78397456206291,42.4322797285634,4.18003363143324,0,208.367240305436,590.506851725578,6.80931260671171,0,1603.35407854768,162.178080707558,208.816464026266,10.5531683384931,6.31709807543521,6.46892694480442,0,0,905.67869478881,349.821232142164,6.19814977859684,5.93913848276736,4.65170737230641,213.00673088869,97.6945655896408,2.05694967933309,51.1184306002481,794.438608184974,2.15947946393415,0,1.84866817080692,4.77903338573481,228.170092580341,263.640964687331,6.15258605979344,245.719597966757,1.9391296700246,4.36249515620701,0,5.42857549805577,7.12002000110027,2.91889375613318,229.550875321722,0,8.56181797165778,128.793428711736,9.22927660907566,962.269408953371,0,515.376040507719,8.09281390591332,2.75990974629602,527.039134654684,212.837249819739,5.06644232497149,3.54364777438155,0,0,0,2.00246849781681,2.7618790696742,1580.06589557868,6.53510643282319,2.47762215354032,7.06721466265677,13.9299421114554,1.06188527264361,380.420485066534,0,4.33740551927257,2583.10701403239,"BW vs. WB","WB"
"LOC144620089",12.3742034625046,17.5081230519814,4.82637502295372,1.2208895376896e-06,0.000426056999625241,0,0,0,0,0,0,0,0,0,0,0,0,0,0,0,0,7.513154905426,0,0,0,0,0,0,9.51453099766885,2.2332778804507,0,0,0,0,0,0,0,0,0,17.3373479846672,0,0,0,0,0,0,6.19814977859684,0,0,15.1426585939827,0,1.02847483966655,4.77105352268982,0,943.692525739224,0,0,0,0,0,0,0,0,2.18124757810351,40.0807394107031,0,8.13716571554317,5.83778751226636,0,0,0,0,0,0.958435666288219,0,0,0,0,0,0,0,0,0,15.8317400196988,0,0,0.920626356558067,6.48010620196316,0,30.970276919254,0,0,0,19.5974189276699,0,0,0,"BW vs. WB","WB"
"LOC111101846",67.4063906531999,25.4578722856507,3.16372133019478,2.6721026184178e-16,3.40653178653172e-13,0,0,38.951852864702,0,0,1.16244221370333,0,157.867847655486,0,0,4.03501588160025,296.001294302832,0,0,0,0,0,2.64302230236011,0,0,0.715907065784001,0,0,0,18.982861983831,0,0,0,0,1.13488543445195,0,482.454701884048,0,0,0,2.1056993584784,266.304159227782,123.908658966781,0,0,13.6420536211429,0,0.742392310345921,206.535807330405,0,343.094010106477,0,0,293.84783393896,0,0,0,0,41.4854713782438,1.63752151979709,0,0,0,0,0,57.9048053125949,119.006048589819,3.89185834151091,1.92092782696001,21.0072612438494,0,3.16705152569843,12.7789983817971,0,30.5170707245254,0.580378423995179,0,20.0093456606461,22.9147449849863,2693.72144303107,0,0,5.66770590724244,21.7686425270859,0,0,0,0,0,0,572.444387675198,306.458726452019,0,10.3751041381782,0,0,0,"BW vs. WB","WB"
"LOC111100157",20.6913524852592,10.8141685426227,10.4525912180102,9.57522457883627e-05,0.0153414368645191,0,0,352.466766165962,0,0,0,0,0,0,0,0,0,0,0,0,0,79.6394419975156,0,0,0,0,0,13.2494789596257,7.13589824825164,0,0,496.021965388485,0,0,0,0,25.6269241185522,0,0,3.76898869231896,0,0,3.37166418957227,0,0,0,0,0,0,9.08559515638963,0,7.19932387766582,0,0,0,0,0,0,0,0,0,0,0,0,20.0403697053515,0,0,14.5944687806659,0,585.869174689579,0,0,0,0,0,0,0,0,128.052986680806,0,0,0,145.093271225407,0,0,0,0,0,0,12.3881107677016,0,0,0,0,0,0,0,"BW vs. WB","WB"
"LOC144626327",69.9224440779908,-5.82865370393781,2.03141376363118,1.75958917348822e-05,0.00431051357430361,1.88867019720633,0,6.650316342754,104.964827477031,24.2789985933516,1.16244221370333,0,0,9.9292163238537,10.9775319796067,69.6040239576043,77.4483673265474,0,0,7.01292853228926,0,2.2539464716278,7.04805947296029,3567.18423224653,1.85189556470052,52.2612158022321,0,1.89278270851796,60.0604769227846,14.5163062229296,0,43.6174734390692,82.9105249382886,1.04329832460349,0,0,8.91371273688773,86.0945366719135,12.9968753543319,0.753797738463791,1.0528496792392,1.07815449080074,0,2.0487667371101,17.1084523218665,12.6676212196327,6.97291850092145,2.96956924138368,21.3978539126095,137.293437918777,0,367.165517760957,39.5315863308585,15.74184824673,0,1.15414706866466,0,60.2158206602585,1.97549863705923,9.82512911878252,0,0,533.260659256766,86.1592793350884,17.5353234921826,103.14293446306,2.03429142888579,103.134246050039,6.72324739436005,5.83535034551373,11.7724997110295,2.11136768379895,61.0552144908082,49.8386546469874,4.74709989048173,1.16075684799036,20.681635537334,0,1.34792617558743,5.54263671405571,308.039693358267,7.97320749235849,0,1.97896750246235,23.0357501621077,5.00617124454204,8.2856372090226,2.16003540065439,0,2.47762215354032,0,66.863722134986,5.30942636321803,8.06952544080526,19.8976410841428,2.16870275963628,0,"BW vs. WB","BW"
"LOC144626591",82.6025337819465,-2.65642999046086,2.74980160196407,0.000567566912345876,0.0484528318048502,0,336.88221438584,43.702078823812,2.62412068692577,3.46842837047879,8.13709549592329,1.96401548365833,0,4.41298503282386,0.997957452691516,4.03501588160025,0,0,1.32575468271965,11.020316265026,5.36381511857468,4.5078929432556,7.92906690708032,474.893958209983,21.296798994056,4.29544239470401,434.415813067893,4.7319567712949,1.18931637470861,20.0995009240563,1.04500840785831,0,0,23.9958614658804,507.293789200022,9.28469753637951,5.57107046055483,6.00659558176141,1.73291671391092,7.53797738463791,7.36994775467441,2.15630898160147,1.68583209478613,373.899929522593,3.20783481034998,1.94886480302041,257.223215811769,2.96956924138368,0,1.00951057293218,2.32606108546764,289.001429946299,5.45263259735979,202.545114107926,0,3.46244120599398,2.77300225621038,0,6.91424522970729,327.504303959417,4.39470432842389,0,257.904246113272,980.470786357525,0,5.42857549805577,8.13716571554317,2.91889375613318,6.72324739436005,42.0145224876989,224.747721756017,356.821138562023,3.54972177272141,3.83374266515287,0.678157127211675,1.16075684799036,726.554848441996,10.3496615486101,1.34792617558743,1.10852734281114,199.617827603877,0,1.13354118144849,442.299236800336,4.74265444513983,0,0,4.32007080130877,10.6195479533377,4.95524430708064,1.00960209466525,360.32116928298,0,1.15278934868647,3.31627351402381,443.49971434562,33.0893873698363,"BW vs. WB","BW"
"LOC111137828",245.558859385845,2.6242351491321,1.89395241442945,0.000248524849752849,0.0305144383213626,16.0536966762538,16.0420102088495,36.101717289236,54.2318275297992,76.3054241505335,15.1117487781433,472.673059733771,81.5134638221136,37.5103727790029,34.9285108442031,7.06127779280044,39.2546519326336,119.492309286099,222.7267866969,8.01477546547344,25.7463125691584,40.5710364893004,142.723204327446,12.7856065671919,69.4460836762696,569.146117298281,33.9056244345672,5.67834812555389,550.653481490085,23.4494177447324,10.4500840785831,36.5169545071277,12.0002075568576,74.0741810468481,27.2372504268468,51.0658364500873,196.10168021153,1463.60712342253,2.59937507086638,3403.39678916402,13.6870458301096,19.4067808344133,359.925152236839,7.17068357988534,0,173.448967468817,6.97291850092145,589.459494414661,708.920203539497,583.497111154801,46.5212217093528,85.3634116923232,6.81579074669974,36.73097924237,42.1098495467159,334.702649912752,130.331106041888,754.131468268952,6.91424522970729,32.7504303959417,22.8524625078042,106.372120331929,1340.90816682201,1505.06082889142,209.171358799607,104.952459629078,818.802300126531,1214.2598025514,23.0511339235202,61.8547136624456,61.0029530480617,20.0579929960901,275.458409563181,55.5892686447167,13.5631425442335,9.86643320791804,20.681635537334,15.8694810412021,474.470013806775,330.34114815772,25.3322116248575,180.726036493459,347.997142704686,83.1166351034188,262.878560673465,70.0863974235885,14.7300217049291,24.8404071075255,792.381654979812,43.3583876869556,50.4801047332626,1455.21461924338,126.364347444589,253.613656711022,189.027590299357,17.3496220770903,42.6959837030146,"BW vs. WB","WB"
"LOC111099714",6486.11357430466,-2.85204395670214,3.33834288846525,0.000602367107671778,0.0499846972897021,0,828.168777031857,23.75112979555,8766.31250812336,28.90356975399,498.687709678728,4277.62572340784,5819.44222730026,146351.132382312,8.98161707422365,10859.2364913567,296.001294302832,97.4805681018178,0,0,13104.8730977016,0,7.92906690708032,0,0,868.395270795993,0,63.4082207353517,152.232495962702,862.045261853972,21.9451765650245,3881.95513607716,3553.15236478955,26.0824581150874,0,376.03025022337,5134.29853644733,131.144003535124,155947.774459915,7633.70969742281,0,29139.2814228715,6679.26675954266,11020.3162789152,427.711308046664,17.5397832271837,8.52245594557066,0,1616.00314113925,136.283927345844,34557.12651625,371.279417119623,0,0,1212.54771899903,1914.72998691467,4255.63412919753,38.2322670858784,0,0,1.75788173136955,422.297317717759,0,1679.5606351397,22.5454159185205,720.191016075399,0,121.620573172216,0,29.1767517275687,1773.36654737962,0,13153.1390566419,599.022291430137,28.4825993428904,84460.1505303224,726.554848441996,5743.37218204202,164.446993421666,11.0852734281114,0,646.715718824633,188.167836120449,0,39.2962796883015,12.0148109869009,7660.53191291967,467.647664241675,9.80265964923479,9302.23237546714,18.1728377039746,2470.24306776476,9.55696745379245,11.5278934868647,5192.17889845661,0,22.4153914440827,"BW vs. WB","BW"
"LOC144627315",81.5032967076996,3.70782804087548,2.98305648409478,0.00026530673485012,0.0315826592070412,657.257228627804,0,3.800180767288,0,1.1561427901596,0,0,0,1.10324625820597,0,0,4.24374615487931,0,1.32575468271965,4.00738773273672,2.14552604742987,3.0052619621704,159.462345575727,1.82651522388455,312.970350434388,2.147721197352,0,1.89278270851796,212.292972885486,1.11663894022535,217.361748834528,243.446363380851,260.731782371723,4.17319329841398,18.1581669512312,0.928469753637951,3.3426422763329,0,0.866458356955461,15.8297525077396,5.26424839619601,202.693044270539,0,298.095560249519,16.0391740517499,2.92329720453062,265.74567175734,62.3609540690573,2.79102442338385,160.512181096217,203.530344978418,32.9111948693294,116.550021768566,2.098913099564,248.340138352427,272.37870820486,0.924334085403459,0.955806677146961,1.97549863705923,6.55008607918834,252.256028451531,0,0.969564835012302,19.6312282029315,279.312652768337,408.047924937192,0,28.2159729759541,281.415926649642,1.16707006910275,0,2.11136768379895,1.41988870908856,0,3.39078563605838,1.74113527198554,86.3233483297421,0,0,277.131835702785,245.21580852862,179.840124549864,46.475188439388,273.097515339805,5.42017650873124,5.00617124454204,231.997841852633,162.002655049079,0,222.985993818629,16.153633514644,1.85732561486072,263.347547615614,159.084930118732,3.31627351402381,0,2.13479918515073,"BW vs. WB","WB"
"LOC111101515",73.2507893137907,5.7789724019417,2.01422577387246,1.78600613480632e-05,0.00433319107468485,8.4990158874285,4.01050255221238,30.401446138304,1.74941379128385,16.1859990622344,9.29953770962662,5.23737462308887,0,0,0,14.1225555856009,421.191805871771,0,10.6060374617572,0,15.0186823320091,12.0210478486816,3.52402973648014,1.82651522388455,0,0,10.5955076358023,18.9278270851796,0.594658187354303,1360.06622919448,29.2602354200327,4.05743938968086,12.0002075568576,53.2082145547782,9.07908347561561,5.57081852182771,6.68528455266579,0,5.19875014173276,34.6746959693344,0,20.484935325214,0,0,17.1084523218665,0,20.9187555027643,0,0,10.0951057293218,18.6084886837411,0,14.9947396427394,10.49456549782,0,9.23317654931729,0,0,0,13.1001721583767,8.78940865684777,5.31860601659647,7.75651868009841,5.45311894525876,20.0403697053515,7.23810066407436,10.171457144429,661.615918056854,9.60463913480007,2.33414013820549,2.14045449291445,52.7841920949738,1.41988870908856,1.91687133257644,12.2068282898102,8.1252979359325,2.69760463530444,20.6993230972201,0,59.8604765118017,0,2446.00287626686,0,0.989483751231176,14.9054853990109,934.151554231544,5.5237581393484,21.6003540065439,4.9013298246174,0,9.08641885198728,1.85732561486072,1.06188527264361,13.8334721842376,17.6867920747936,35.7835955339987,92.8637645540568,"BW vs. WB","WB"
"LOC144617789",317.08069394837,-1.78979935115785,1.35538657483889,0.000241919866733105,0.0300629688050042,71.7694674938406,192.504122506194,325.865500794946,472.341723646639,596.569679722353,587.03331792018,373.817613722968,458.126303000233,751.310701838263,402.176853434681,391.396540515224,542.138571285832,188.672067293841,15.9090561926357,927.710260128551,159.841690533525,498.873485720286,103.077869792044,26.484470746326,293.525447005033,186.851744169624,132.443845447528,306.63079877991,154.611128712119,482.388022177352,638.500137201427,91.2923862678193,9.81835163742892,525.822355600161,581.061342439399,280.397865598661,299.72359077785,517.568319295108,8.66458356955461,118.346244938815,1072.85382314475,45.2824886136309,863.1460325305,598.239887236148,425.57275150643,135.446103809919,8.52245594557066,1112.10368089819,373.997272733435,403.804229172873,503.592225003744,17.4840722743313,71.5658028403473,648.564147765276,85.299438825399,33.4702649912752,530.567765021586,14.3371001572044,491.899160627747,604.245440805125,453.533486693345,251.038203983353,123.134734046562,163.593568357763,86.4240943543285,247.000185161538,149.520420023106,59.3508397080413,814.473398631046,366.460001698263,343.542946112769,653.468298135776,232.15180393598,90.0929526310925,469.284732030479,487.51787615595,266.163657350038,80.7273600791586,22.9147449849863,76.4883866539688,48.6378463197263,91.2489301903249,275.450507091983,377.982792970309,723.59356391562,152.187605834078,104.95140464762,345.605664104702,61.2666228077175,22.2985993818629,94.9025968985338,561.840998495369,74.3319690850524,39.1948378553398,328.311077888357,175.664923530539,503.812607695573,"BW vs. WB","BW"
"LOC111122538",69.2769434755567,-2.59625931406146,1.99382610737496,0.000294048716373408,0.0334414779000561,12.2763562818412,7.01837946637167,19.00090383644,3.49882758256769,17.342141852394,0,21.6041703202416,0,8.82597006564773,1.99591490538303,4.03501588160025,44.5593346262327,52.4089075816225,0,2047.77513142846,7.50934116600455,8.2644703959686,8.81007434120036,21.0049250746723,8.33353004115235,2.147721197352,21.1910152716045,6.62473947981287,2.37863274941721,4.46655576090141,1.04500840785831,0,3.27278387914297,44.8618279579503,19.2930523856832,5.57081852182771,22.2842818422193,2.0021985272538,11.263958640421,7.53797738463791,1.0528496792392,14.0160083804096,2.5287481421792,3.07315010566514,10.6927827011666,0,0,14.1054538965725,11.1640976935354,4.03804229172873,3134.36731266764,10.2847483966655,10.9052651947196,25.186957194768,12.9568767836049,9.23317654931729,2.77300225621038,16.2487135114983,9.87749318529613,22.9253012771592,0,0,0,2.18124757810351,2.50504621316894,1.80952516601859,7.12002000110027,4.86482292688863,6.72324739436005,8.16949048371923,2.14045449291445,0,14.1988870908856,5.75061399772931,9.49419978096345,28.4385427757638,5.39520927060888,5.51981949259204,4.04377852676228,14.4108554565448,1.0132884649943,18.6041508155031,2.26708236289698,7.91587000984941,9.48530889027966,14.0172794847177,16.5712744180452,110.161805433374,15.5208777779551,11.1492996909314,20.1920418933051,38.0751751046448,22.2995907255157,42.6532059013992,6.63254702804762,1.08435137981814,149.435942960551,"BW vs. WB","BW"
"LOC111126150",56.7322110532534,5.69155762844331,3.01611238806874,6.29702412728927e-05,0.0120602540682346,0,0,28.50135575466,0,24.2789985933516,0,13.7481083856083,0,0,6.98570216884062,0,257.807578908918,0,0,0,0,6.0105239243408,0,0,5.55568669410156,1.431814131568,84.7640610864181,26.4989579192515,5.35192368618873,894.427791120507,0,0,0,41.7319329841398,3.40465630335585,0,2.22842818422193,0,59.7856266299268,21.1063366769862,0,6.46892694480442,0,0,29.9397915632665,9.74432401510207,15.4953744464921,1.48478462069184,0,105.998610157879,9.30424434187056,100.790534287321,0,25.186957194768,0,6.92488241198797,21.2596839642796,0,0,3.27504303959417,5.27364519410866,0,132.830382396685,2.18124757810351,6.26261553292235,1.80952516601859,7.12002000110027,499.130832298774,17.2883504426401,17.5060510365412,0,19.0023091541906,0,0,10.8505140353868,4.64302739196143,8.9920154510148,0,10.7834094046994,49.8837304265014,0,1756.76338414965,2.26708236289698,12.8632887660053,5.42017650873124,677.835586510992,0.920626356558067,33.480548710143,0,0,29.2784607452923,26.9312214154805,0,5.76394674343233,3.31627351402381,15.180919317454,36.2915861475624,"BW vs. WB","WB"
"LOC111125919",105.49250163971,3.64375686633488,3.1435972494292,0.000302309078407004,0.0339323806579825,15.1093615776507,1.0026256380531,37.051762481058,10.4964827477031,28.90356975399,2.32488442740666,1.30934365577222,0,0,5.9877447161491,0,751.143069413638,0,2.65150936543929,10.0184693318418,0,15.026309810852,0,10.9590913433073,0,0,42.382030543209,26.4989579192515,0,2024.46639862856,0,0,0,62.5978994762097,11.3488543445195,0,2.22842818422193,2.0021985272538,1.73291671391092,23.3677298923775,0,6.46892694480442,0,0,5.3463913505833,1.94886480302041,16.2701431688167,0,0,0,9.30424434187056,8.22779871733236,5.45263259735979,0,0,3.46244120599398,0.924334085403459,1.91161335429392,0,11.4626506385796,1.75788173136955,76.5879266389891,0,0,2.50504621316894,5.42857549805577,34.5829542910585,924.31635610884,9.60463913480007,9.33656055282198,0,54.8955597787728,0,0,39.3331133782772,3.48227054397107,0,6.20979692916604,16.1751141070491,113.069788966736,0,3288.50513462608,6.80124708869093,1.97896750246235,4.06513238154843,1799.21794528841,1.84125271311613,4.32007080130877,0.816888304102899,0,33.3168691239533,1.85732561486072,0,11.5278934868647,30.9518861308889,29.2774872550898,34.1567869624117,"BW vs. WB","WB"
"LOC111126486",190.944028872804,5.32434675751782,1.86963434905041,2.08095682883514e-05,0.00500116747307314,26.4413827608887,3.00787691415929,79.803796113048,8.74706895641923,26.5912841736708,0,2.61868731154444,126.913367723038,46.3363428446506,11.9754894322982,2.01750794080012,968.635059851202,0,3.97726404815894,4.00738773273672,2.14552604742987,141.998627712551,0,14.6121217910764,0,62.2839147232081,36.0247259617277,62.4618293810927,0,3157.8549229573,0,85.206227183298,53.4554700260019,131.45558890004,9.07908347561561,11.1416370436554,66.8528455266579,189.207760825484,57.1862515590604,104.777885646467,0,87.3305137548597,0,0,21.3855654023332,37.0284312573879,63.5310352306176,4.45435386207552,26.9799027593772,3.02853171879654,55.8254660512233,323.969574494962,4.08947444801985,10.49456549782,0,86.5610301498496,0,11.4696801257635,1.97549863705923,22.9253012771592,10.5472903882173,19.1469816597473,3.87825934004921,194.131034451212,33.8181238777807,0,72.2173457254456,904.857064401286,17.2883504426401,154.053249121563,2.14045449291445,65.4523981977676,1.41988870908856,0,31.8733849789487,18.5721095678457,8.9920154510148,53.8182400527724,2.69585235117486,168.496156107294,0,6118.99379441334,10.2018706330364,7.91587000984941,12.1953971446453,2807.46083393917,74.5707348812034,8.64014160261755,0,3.71643323031048,26.2496544612966,35.2891866823537,4.24754109057442,212.11324015831,19.8976410841428,82.4107048661788,121.683553553592,"BW vs. WB","WB"
"LOC111113280",164.70427163126,5.55255650000351,2.56459407010889,4.70714158386827e-05,0.00960075750135608,1.88867019720633,6.01575382831857,34.201626905592,3.49882758256769,32.3719981244687,0,9.16540559040553,0,4.41298503282386,5.9877447161491,6.05252382240037,752.204005952357,2.0963563032649,7.95452809631787,4.00738773273672,2.14552604742987,42.0736674703856,0,1.82651522388455,0,0.715907065784001,21.1910152716045,28.3917406277694,0,4053.39935301803,6.27005044714986,0,0,115.806114030988,9.07908347561561,0,20.0558536579974,4.0043970545076,5.19875014173276,43.7202688308999,0,8.62523592640589,0,2.0487667371101,8.55422616093327,4.87216200755104,82.1254845664081,2.96956924138368,5.58204884676769,0,9.30424434187056,8.22779871733236,0,0,49.6680276704855,20.7746472359639,0,5.73484006288177,0,39.3005164751301,7.03152692547822,59.5683873858804,13.5739076901722,0,42.585785623872,9.04762583009296,65.0973257243453,3342.13335077249,19.2092782696001,4.66828027641099,0,42.2273536759791,0,2.87530699886466,40.0112705054888,13.9290821758843,0,1.37995487314801,0,176.255847506972,4.0531538599772,3638.44035234626,15.8695765402788,5.93690250738706,6.77522063591404,1882.32038794781,0,6.48010620196316,0,2.47762215354032,48.4609005439321,0,0,20.7502082763564,27.6356126168651,65.0610827890885,117.41395518329,"BW vs. WB","WB"
"LOC111113286",222.046772982112,5.51333024668021,1.53719267940707,6.5692604391179e-06,0.00176159904933188,19.8310370706665,18.0472614849557,56.052666317498,13.1206034346288,34.6842837047879,154.604814422543,31.4242477385332,0,0,9.97957452691517,11.0962936744007,908.161677144172,16.7708504261192,15.9090561926357,48.0886527928406,4.29105209485974,105.935484166507,8.81007434120036,2.73977283582683,5.55568669410156,2.863628263136,37.0842767253079,47.319567712949,8.32521462296025,4045.58288043645,7.31505885500817,11.1579583216224,49.0917581871446,218.04934984213,6.80931260671171,0,75.7665582635457,28.0307793815532,36.3912509921294,40.7050778770447,4.21139871695681,8.62523592640589,15.1724888530752,20.487667371101,56.6717483161829,38.9772960604083,92.197477956628,11.1358846551888,0,26.2472748962367,17.4454581410073,31.8827200296629,2.7263162986799,6.296739298692,23.7542741032757,69.2488241198797,17.5623476226657,0,22.7182343261811,108.076420306608,92.2887908969016,26.5930300829823,4.84782417506151,21.812475781035,20.0403697053515,39.809553652409,85.4402400132033,3445.26759682253,33.6162369718003,28.0096816584659,0,82.3433396681592,0.709944354544282,0,66.4593984667442,14.5094605998795,0,15.1795036046281,20.2188926338114,155.19382799356,0,5977.24788343808,22.6708236289698,26.7160612832418,16.9380515897851,2926.60770955927,6.44438449590647,85.3213983258483,1.6337766082058,12.3881107677016,136.296282779809,0,4.24754109057442,76.0840970133067,22.1084900934921,52.0488662312708,256.175902218088,"BW vs. WB","WB"
"LOC111126273",161.851980438258,7.22374139351831,1.4474320858927,4.08139554222662e-08,1.99949137381198e-05,4.72167549301583,1.0026256380531,32.301536521948,30.6147413474673,50.8702827670223,6.97465328221997,1.30934365577222,0,0,3.99182981076607,4.03501588160025,485.908934733681,6.2890689097947,2.65150936543929,2.00369386636836,2.14552604742987,20.2855182446502,7.04805947296029,10.045833731365,1.85189556470052,1.431814131568,23.310116798765,16.0886530224027,13.0824801217947,4775.86474734383,2.09001681571662,11.1579583216224,10.9092795971432,77.2040760206586,5.67442717225976,1.8569395072759,5.57107046055483,4.0043970545076,7.79812521259915,18.8449434615948,0,6.46892694480442,0,0,6.41566962069995,2.92329720453062,32.5402863376334,1.48478462069184,0,16.1521691669149,46.5212217093528,21.5979716329974,6.13421167202977,14.692391696948,10.7973973196708,20.7746472359639,0,0,0,85.1511190294485,5.27364519410866,0,3.87825934004921,4.36249515620701,11.2727079592602,14.4762013281487,23.3943514321866,1799.98448294879,19.2092782696001,14.004840829233,2.14045449291445,65.4523981977676,9.93922096361994,0,27.8044422156787,9.28605478392286,94.4161622356554,25.5291651532382,10.7834094046994,157.410882679182,0,4544.72827064434,15.8695765402788,5.93690250738706,12.8729192082367,1790.20683704823,0,25.9204248078526,0,9.91048861416129,52.4993089225932,35.2891866823537,2.12377054528721,36.8892591579669,15.4759430654444,44.4584065725438,78.9875698505771,"BW vs. WB","WB"
"LOC111127419",111.468801579021,4.99757263003411,1.16199135244922,1.7276794026332e-06,0.00056426452284719,61.3817814092058,0,105.455016292242,34.9882758256769,2.3122855803192,6.97465328221997,8.51073376251942,2.06363199549655,3.3097387746179,33.9305533915116,13.1138016152008,482.726125117521,4.1927126065298,99.4316012039734,24.0443263964203,15.0186823320091,16.5289407919372,27.3112304577211,21.9181826866146,10.1854256058529,3.57953532892001,44.5011320703695,109.781397094042,19.623720182692,2040.09934379172,14.6301177100163,51.7323522184309,5.45463979857162,70.9442860730377,11.3488543445195,7.42775802910361,41.2259214081057,25.0274815906725,0.866458356955461,24.1215276308413,23.1626929432624,39.8917161596273,0.842916047393067,5.12191684277524,19.2470088620999,72.1079977117553,34.8645925046072,19.3022000689939,14.8854635913805,28.2662960421011,66.2927409358277,8.22779871733236,12.2684233440595,2.098913099564,0,43.8575886092571,13.8650112810519,0,9.87749318529613,16.3752151979709,7.03152692547822,0,36.8434637304675,8.72499031241402,5.01009242633788,23.5238271582417,33.5658085766156,58.3778751226636,16.3278865291601,14.004840829233,37.4579536260028,59.1182951463707,8.51933225453138,32.5868126537994,58.9996700674158,18.5721095678457,5.39520927060888,37.2587815749963,40.4377852676228,79.8139686824022,1.0132884649943,4024.69795975385,13.6024941773819,17.8107075221612,12.8729192082367,1452.7908951661,7.36501085246453,36.7206018111246,3.2675532164116,21.0597883050927,28.2688586506271,13.0012793040251,1.06188527264361,34.583680460594,9.94882054207142,35.7835955339987,85.3919674060293,"BW vs. WB","WB"
"LOC144622284",7.75585909656454,44.3582098492903,5.50394474608265,1.46956296032096e-17,2.31022247938561e-14,0,0,0,0,0,0,9.82007741829164,0,0,0,0,0,0,0,0,0,0,0,0,0,98.0792680124081,0,0,0,24.5660566849578,0,0,0,0,0,0,3.3426422763329,0,66.7172934855705,0,0,0,0,0,0,0,5.42338105627224,0,0,0,0,0,0,0,0,88.8693242871789,0,0,0,0,0,0,0,0,0,0,0,0,0,0,0,0,68.154658036251,0,0,0,30.5728525334503,0,0,0,0,27.463270251457,0,0,0,52.0641809432372,35.9044279057646,0,4.9013298246174,0,120.142649265165,0,77.5176249029832,0,0,0,0,"BW vs. WB","WB"
"LOC111126641",116.341164840963,2.10961714432603,1.60597394288095,0.000272112003018163,0.031944945976441,350.348321581775,32.0840204176991,45.602169207456,10.4964827477031,204.637273858249,29.0610553425832,36.006950533736,440.585431038513,31.994141487973,29.9387235807455,36.3151429344022,53.0468269359914,37.7344134587682,601.892625954719,35.0646426614463,16.091445355724,39.0684055082152,337.425847267974,27.3977283582683,25.9265379058073,23.624933170872,21.1910152716045,1523.69008035696,44.5993640515728,25.6826956251831,29.2602354200327,59.8472309977926,21.8185591942865,10.4329832460349,5.67442717225976,23.2117438409488,17.8274254737755,35.0384742269415,707.896477632611,23.3677298923775,22.1098432640232,97.0339041720663,16.8583209478613,13.3169837912156,9.62350443104993,19.4886480302041,29.441211448335,472.903901690351,11.1640976935354,49.4660180736769,186.084886837411,23.6549213123305,139.723710307345,94.45108948038,475.085482065513,747.8873004947,40.6706997577522,8.60226009432265,15.8039890964738,31.1129088761446,38.6733980901302,6.38232721991576,18.4217318652337,71.9811700774157,369.494316442419,20.8095394092138,26.4457885755153,20.4322562929323,18.2488143561201,14.004840829233,41.7388626118317,10.5568384189948,21.2983306363284,42.1711693166816,91.5512121735762,27.2777859277734,49.4560849805814,173.184336580075,614.654336067867,74.2713319683465,26.3455000898518,107.195345175042,74.8137179756002,28.6950287857041,25.7458384164734,93.1147851484819,41.428186045113,34.5605664104702,519.540961409444,32.2090879960242,18.1728377039746,34.3605238749234,11.6807379990797,352.753540698058,26.5301881121905,8.67481103854514,18.1457930737812,"BW vs. WB","WB"
"LOC111122569",87.0924306689053,6.49399771426944,1.34399049592264,1.42277663037811e-07,6.59004266525132e-05,11.332021183238,8.02100510442476,7.600361534576,3.49882758256769,65.9001390390971,11.6244221370333,10.4747492461777,0,17.6519401312955,0,10.0875397040006,317.220025077228,5.24089075816225,0,2.00369386636836,0,52.592084337982,9.6910817753204,3.6530304477691,0,2.147721197352,33.9056244345672,240.383403981781,22.0023529321092,517.003829324338,5.22504203929155,0,2.18185591942865,50.0783195809678,20.4279378201351,1.8569395072759,0,15.0164889544035,5.19875014173276,33.1671004924068,3.1585490377176,15.0941628712103,16.8583209478613,19.4632840025459,2.13855654023332,64.3125384996737,37.9636673939057,0,4.65170737230641,16.1521691669149,4.65212217093528,24.6833961519971,10.9052651947196,3.148369649346,0,6.92488241198797,9.24334085403459,9.55806677146961,1.97549863705923,29.4753873563476,14.0630538509564,0,16.4826021952091,1.09062378905175,0,25.3333523242603,37.6343914343871,692.750784788941,54.7464430683604,2.33414013820549,10.7022724645722,29.5591475731854,17.0386645090628,16.2934063268997,25.091813706832,15.6702174478698,9.89121699611628,1.37995487314801,2.69585235117486,55.4263671405571,2.0265769299886,4235.54500232955,38.5404001692486,0,12.1953971446453,603.74425209177,1.84125271311613,10.8001770032719,6.53510643282319,9.91048861416129,4.03840837866101,3.71465122972145,18.0520496349413,21.9029976250428,122.702120018881,13.0122165578177,114.211756405564,"BW vs. WB","WB"
"LOC111122699",71.0672461878897,5.85029927875674,1.36304974024488,1.30982422158495e-06,0.000450915838444279,23.6083774650792,3.00787691415929,19.00090383644,6.99765516513539,34.6842837047879,52.3098996166498,1.30934365577222,0,0,4.98978726345758,2.01750794080012,231.284165440922,5.24089075816225,2.65150936543929,8.01477546547344,1.07276302371494,20.2855182446502,10.5720892094404,12.7856065671919,21.296798994056,7.15907065784001,32.846073670987,24.6061752107335,0,1161.30449783437,2.09001681571662,6.08615908452129,9.81835163742892,14.6061765444489,4.5395417378078,0,16.7132113816645,2.0021985272538,0,18.8449434615948,10.528496792392,6.46892694480442,0,4.09753347422019,10.6927827011666,13.6420536211429,16.2701431688167,0,0,4.03804229172873,61.6406187648924,11.313223236332,25.218425762789,1.049456549782,25.9137535672098,28.8536767166165,0,0.955806677146961,27.6569809188292,3.27504303959417,14.9419947166412,25.529308879663,0.969564835012302,52.3499418744841,8.7676617460913,3.61905033203718,15.2571857166434,129.404289855238,19.2092782696001,0,147.691360011097,19.0023091541906,4.25966612726569,3.83374266515287,57.6433558129924,3.48227054397107,0,4.13986461944403,45.8294899699725,36.5814023127677,0,2519.53356758528,7.93478827013942,15.8317400196988,5.42017650873124,1181.45641371192,8.2856372090226,4.32007080130877,17.1546543861609,13.6269218444718,8.07681675732202,47.3618031789484,0,18.4446295789834,4.42169801869841,24.9400817358173,55.504778813919,"BW vs. WB","WB"
"LOC111127291",20.5757542499984,20.5317816941934,2.67811124228132,5.22069681365324e-15,5.78248918816593e-12,0,0,0,0,2.3122855803192,0,24.8775294596721,13.4136079707276,0,0,0,347.987184700103,114.251418527937,0,0,0,34.5605125649596,0,0,0.925947782350261,0,1.05955076358023,0,0,5.58319470112676,3.13502522357493,0,87.2742367771459,65.7277944500202,0,0,115.87826557954,22.0241837997918,6.93166685564369,2.26139321539137,0,0,0,0,51.3253569655996,2.92329720453062,3.09907488929842,0,0,23.2187431774402,76.7600158204321,2.05694967933309,0,45.126631640626,0,0,0,0,31.6079781929476,54.0382101533038,0,0,0,0,0,0,4.06858285777158,6.81075209764409,24.9720617504802,0,0,59.1182951463707,0,179.227469595897,0,4.64302739196143,0,0,12.1313355802868,22.1705468562228,0,0,0,0,0,0,0,363.965965010264,0,0,0,0,0,36.8892591579669,0,3.25305413945443,37.3589857401378,"BW vs. WB","WB"
"LOC111125971",888.148728825922,-4.1861474638481,1.07215790212081,4.86701149976752e-06,0.00139311368490537,138.817259494665,113.2966971,72.203434578472,99.7165861031793,175.733704104259,689.328232726073,136.171740200311,30.9544799324482,175.416155054749,183.624171295239,111.971690714407,134.738940417418,156.178544593235,152.461788512759,193.356458104547,19547.8878181335,229.151224615493,154.176300971006,149.774248358533,664.830507727487,112.397409328088,105.955076358023,204.42053251994,140.339332215616,141.81314540862,96.1407735229645,2713.41259184907,109.092795971432,69.9009877484342,96.4652619284158,77.06298955195,167.132113816645,207.227547570768,71.0495852703478,122.869031369598,779.108762637009,111.049912552476,111.264918255885,166.974489074473,125.105557603649,181.244426680899,148.755594686324,125.464300448461,216.769563549479,147.388543648099,154.683062183598,99.7620594476549,139.723710307345,293.84783393896,113.372671856543,66.9405299825503,169.153137628833,60.2158206602585,826.746179609286,12640.0286113137,636.353186755779,141.474920041466,141.556465911796,176.681053826384,191.636035307424,133.000099702366,157.657585738649,38.9185834151091,204.578813571242,94.5326755973225,212.975222044987,13564.4816845664,144.828648327033,148.557528274674,162.07955340359,150.318011814751,123.190611678903,145.585239117115,233.191228376625,88.6821874248914,102.342134964424,139.088175144476,94.0839180602245,723.31262214999,134.826890654689,176.21722780788,82.856372090226,163.082672749406,42.4781918133508,52.0300652243468,185.766785418407,234.023027472451,172.025414168264,221.335554947801,205.608957869476,17414.6831598794,252.973703440362,"BW vs. WB","BW"
"LOC144622696",49.6648459778353,1.23179682469351,1.30744081553691,0.000573964062832454,0.0485370526778341,6.61034569022216,20.0525127610619,26.601265371016,33.2388620343931,39.3088548654263,6.97465328221997,25.5322012875583,57.7816958739033,25.3746639387372,2.99387235807455,55.4814683720034,26.5234134679957,3.14453445489735,23.8635842889536,8.01477546547344,50.4198621146019,43.5762984514708,22.9061932871209,23.7446979104992,44.4454935528125,15.034048381464,114.431482466664,50.158741775726,111.201081035255,23.4494177447324,38.6653110907574,19.2728371009841,236.731367258008,14.6061765444489,415.368069009414,17.6409253191211,84.6802710004334,53.0582609722257,62.3850017007932,22.6139321539137,51.5896342827209,8.62523592640589,74.1766121705899,11.2682170541055,83.4037050690994,11.6931888181225,21.6935242250889,40.8315770690256,4.65170737230641,138.302948491709,22.0975803119426,11.313223236332,37.4868491068486,30.434239943678,0,26.5453825792872,56.384379209611,22.9393602515271,12.840741140885,0,5.27364519410866,12.7646544398315,90.169529656144,37.0812088277596,12.5252310658447,22.6190645752324,15.2571857166434,0,25.9325256639602,18.673121105644,9.63204521811501,46.450089043577,68.8646023907953,28.7530699886466,23.7354994524086,15.6702174478698,54.8512942511903,54.5082174893464,183.31795987989,27.7131835702785,113.488308079361,118.712200441782,85.0155886086366,90.043021362037,16.9380515897851,38.0469014585195,42.3488124016711,9.72015930294474,121.716357311332,143.702084905339,68.6529424372372,67.7923849424164,44.5991814510314,277.822233033438,22.1084900934921,37.952298293635,24.5501906292334,"BW vs. WB","WB"
"LOC111123360",64.3506426562922,1.85487091225136,1.64273861651496,0.000406270408942009,0.0404286666710847,30.2187231553013,8.02100510442476,1410.81710985567,12.2458965389869,34.6842837047879,3.48732664110998,25.5322012875583,0,2.20649251641193,0.997957452691516,23.2013413192014,60.4733827070301,103.769637011613,0,12.0221631982102,27.8918386165883,45.078929432556,7.04805947296029,41.0965925374024,13.8892167352539,48.6816804733121,4.2382030543209,439.125588376167,39.8420985527383,13.3996672827042,18.8101513414496,30.4307954226064,77.455885139717,22.9525631412769,26.1023649923949,5.57081852182771,88.0229132767663,40.043970545076,63.2514600577486,177.896266277455,7.36994775467441,80.8615868100553,5.0574962843584,12.2926004226606,49.1868004253663,48.7216200755104,58.1076541743454,20.0445923793399,7.44273179569026,18.1711903127793,32.564855196547,12.3416980759985,98.8289658271463,24.137500644986,8.6379178557366,34.6244120599398,24.0326862204899,27.7183936372619,17.779487733533,45.8506025543184,20.2156399107499,57.4409449792418,17.4521670302214,28.3562185153456,5.01009242633788,18.0952516601859,37.6343914343871,143.025794050526,26.8929895774402,175.060510365412,39.5984081189172,35.8932506245822,54.6657152999097,25.8777629897819,35.2641706150071,27.2777859277734,8.09281390591332,106.946502668971,79.5276443596582,405.721007468878,8.10630771995439,302.095972766027,54.4099767095274,9.89483751231176,22.3582280985163,90.1110824017567,51.5550759672517,68.0411151206132,6.53510643282319,53.2688763011169,51.4897068279279,7.42930245944289,4.24754109057442,88.7647798488578,137.072638579651,0,24.5501906292334,"BW vs. WB","WB"
"LOC111124621",6551.2581372622,4.00477749962643,1.37476793657996,2.36563984495405e-05,0.00563221262151443,516.551298935932,4178.9436594053,5534.01324236315,3644.90363413989,7535.73870626026,3321.09740455041,20089.2597105131,643.853182594922,414.820593085443,1579.76664761067,731.346628540045,18268.2662602167,36230.2778111756,404.355178229492,508.938242057564,478.452308576861,6036.81996650979,162.986375312207,371.695848060506,370.379112940104,715.191158718217,876.248481480847,670.991470169617,104.659840974357,418.739602584507,533.999296415596,611.658987994389,11651.110609749,6665.63299589173,718.382480008085,707.493952272119,31969.0307308478,7958.73914583386,7307.70978256236,925.663622833536,206.358537130884,755.786298051317,1321.69236231233,440.484848478671,13005.6315994289,15495.4240488153,718.210605594909,878.250103139224,333.9925893316,5956.11238029987,7239.86512851803,561.547262457934,1246.60812757138,16355.7803283525,1541.86833724898,1668.8966612891,926.182753574266,385.190090890225,1193.20117678377,17364.2781959283,1229.638271093,9556.47129062053,314.139006543986,3910.97690753958,1297.61393842151,1225.04853739459,367.189602913885,1267.77285474718,1917.08597130609,417.811084738783,1010.29452065562,16254.3641137262,1578.91624450648,18570.6494700005,1620.11737690869,6525.77499940179,305.728525334503,447.795356336529,125109.115913323,7669.90068491029,612.026232856557,1388.22401561397,1126.7399343598,210.76003901224,2489.21606163482,749.924452432397,189.649029450962,33984.9169761958,240.165161406252,878.317053430044,430.090492327398,1840.60968432698,391.83566560549,39267.4635843071,558.239374860674,606.152421318341,46701.93437395,"BW vs. WB","WB"
"LOC111124626",93.9350729312821,3.87709725948638,1.94098154031538,8.54857454773868e-05,0.0146145968437667,18.8867019720633,4.01050255221238,83.603976880336,5.24824137385154,23.122855803192,47.6601307618364,17.0214675250388,0,0,0,3.02626191120019,294.940357764112,8.3854252130596,14.5833015099161,2.00369386636836,36.4739428063078,16.5289407919372,0,37.4435620896333,50.9271280292643,10.73860598676,51.9179874154311,72.8721342779415,53.5192368618873,1571.11098889707,65.8355296950735,100.421624894601,52.3645420662876,110.58962240797,30.6419067302027,3.71387901455181,8.91371273688773,75.0824447720176,33.791875921263,42.9664710924361,65.2766801128305,37.7354071780258,10.1149925687168,0,4.27711308046664,13.6420536211429,25.567367836712,57.9066002069818,34.4226345550674,37.3518911984907,15.1193970555397,54.5091665023269,47.0289561522282,0,0,31.1619708539459,67.4763882344525,2.86742003144088,59.2649591117768,49.1256455939126,41.3102206871845,0,244.3303384231,117.787369217589,2.50504621316894,9.04762583009296,166.811897168635,526.37384068935,22.0906700100402,31.5108918657742,0,33.7818829407833,6.38949919089853,49.8386546469874,16.9539281802919,3.48227054397107,1.79840309020296,20.6993230972201,17.5230402826366,56.5348944833682,43.5714039947549,2371.58627300485,23.8043648104183,65.3059275812576,6.09769857232264,903.113292515383,0.920626356558067,10.8001770032719,4.9013298246174,3.71643323031048,63.6049319639109,0,48.8467225416058,14.9862615329241,30.9518861308889,19.5183248367266,100.335561702084,"BW vs. WB","WB"
"LOC111125755",283.318170111701,-2.65339674716123,1.06724460536377,3.87356597613119e-05,0.00829236077663379,221.918748171744,630.651526335397,106.405061484064,108.463655059598,647.439962489375,94.1578193099696,35.3522787058499,35.0817439234413,857.222342626036,100.793702721843,652.66381884884,144.287369265897,39.8307697620331,57.0074513569448,708.305781761215,597.529004209219,750.564175052057,143.604211761566,34.7037892538065,91.6688304526758,78.0338701704561,75.228104214196,611.368814851302,664.827853462111,73.6981700548733,117.040941680131,344.882348122873,79.6377410591457,74.0741810468481,124.837397789715,267.39928904773,79.1092005398786,802.881609428774,23.3943756377974,62.5652122924947,152.663203489684,37.7354071780258,625.443707165656,759.068076099291,196.747201701465,45.7983228709797,103.044240069172,850.781587656425,236.306734513166,646.086766676596,47.6842522520866,64.7939148989923,43.6210607788784,1281.38644728382,263.456494599966,80.7902948065263,687.704559540174,115.652607934782,129.395160727379,72.0509468710718,562.522154038257,589.301546638888,869.699657006034,61.0749321868981,111.474556486018,682.190987589009,56.9601600088022,124.539466928349,837.524532554566,114.372866772069,394.913853942715,127.737744869837,389.049506290266,81.4670316344986,136.987739696758,674.399728682398,483.770431264596,72.4476308402705,24.2626711605737,29.9302382559008,198.604539138883,112.510816836614,130.357235866576,68.2743788349512,755.437100904416,322.397428148507,112.316415500084,138.242265641881,45.7457450297624,219.269560588319,405.860042055432,364.964483320132,70.0844279944779,78.3896757106797,38.6898576636111,109.519489361632,493.138611769819,"BW vs. WB","BW"
"LOC111124533",32.1671508289482,1.27627991849878,1.36384226177588,0.00060141758460102,0.0499846972897021,10.3876860846348,3.00787691415929,12.350587493686,55.1065344254412,0,38.3605930522098,44.5176842962554,10.3181599774827,15.4454476148835,9.97957452691517,24.2100952896015,75.3264942491077,11.5299596679569,7.95452809631787,24.0443263964203,2.14552604742987,12.0210478486816,13.2151115118005,33.7905316418642,18.5189556470052,36.5112603549841,28.6078706166661,1.89278270851796,17.8397456206291,187.595341957859,38.6653110907574,35.5025946597075,27.2731989928581,21.9092648166734,54.4745008536936,30.6395018700524,14.4847831974426,7.00769484538831,24.2608339947529,22.6139321539137,28.4269413394584,16.1723173620111,38.7741381800811,108.584637066835,52.3946352357163,29.2329720453062,44.9365858948271,11.1358846551888,11.1640976935354,8.07608458345745,62.8036493076263,20.5694967933309,29.9894792854789,11.544022047602,0,18.4663530986346,1.84866817080692,9.55806677146961,32.5957275114772,49.1256455939126,18.4577581793803,25.529308879663,1.9391296700246,29.4468423043973,0,8.14286324708366,21.3600600033008,39.8915480004868,18.2488143561201,29.1767517275687,11.7724997110295,46.450089043577,15.6187757999742,12.4596636617468,26.4481279612553,1.74113527198554,19.7824339922326,20.6993230972201,37.741932916448,6.65116405686685,16.2126154399088,390.687167125566,51.009353165182,27.7055450344729,12.1953971446453,140.172794847177,37.7456806188807,14.0402301042535,56.3652929831001,26.0150326121734,16.153633514644,32.5031982600626,28.6709023613773,47.2643632961451,2.21084900934921,60.7236772698159,51.2351804436176,"BW vs. WB","WB"
"LOC111126696",25.2903544213541,5.67739950453187,2.2113713842093,2.73700296652205e-05,0.00628154509659003,1.88867019720633,1.0026256380531,19.950949028262,0,5.78071395079799,0,6.54671827886109,0,0,0.997957452691516,10.0875397040006,207.943561589086,2.0963563032649,0,0,0,16.5289407919372,0,4.56628805971138,0,0,8.47640610864181,9.46391354258981,0,456.705326552169,8.36006726286648,0,0,29.2123530888979,7.94419804116366,1.8569395072759,4.45685636844386,24.0263823270456,25.1272923517084,3.76898869231896,2.1056993584784,0,8.42916047393067,0,0,1.94886480302041,0,0,0.930341474461282,0,36.0539468247484,3.08542451899964,0,8.395652398256,0,13.8497648239759,3.69733634161384,0,1.97549863705923,6.55008607918834,1.75788173136955,40.4214057261331,1.9391296700246,2.18124757810351,3.75756931975341,8.14286324708366,8.13716571554317,91.4586710255063,7.68371130784006,0,0,12.6682061027937,0,0,2.03447138163503,2.32151369598072,14.3872247216237,1.37995487314801,16.1751141070491,14.4108554565448,0,807.951692558993,6.80124708869093,1.97896750246235,0,268.330778707453,0,2.16003540065439,10.6195479533377,0,12.115225135983,3.71465122972145,3.18565581793082,10.3751041381782,2.21084900934921,3.25305413945443,21.3479918515073,"BW vs. WB","WB"
"LOC111127398",41.6441117908064,3.79506386593338,1.81786835685018,7.57498416499415e-05,0.0136860086243423,46.2724198315551,0,16.150768260974,13.1206034346288,26.5912841736708,2.32488442740666,5.89204645097498,52.6226158851619,15.4454476148835,7.98365962153213,6.05252382240037,151.713925036935,0,5.30301873087858,6.01108159910508,8.58210418971948,16.5289407919372,8.81007434120036,6.39280328359593,5.55568669410156,76.6020560388881,27.5483198530859,13.2494789596257,3.56794912412582,619.734611825071,8.36006726286648,4.05743938968086,0,27.1257564396909,11.3488543445195,0,0,163.179179971185,9.53104192651007,93.4709195695101,2.1056993584784,6.46892694480442,2.5287481421792,0,2.13855654023332,3.89772960604083,8.52245594557066,28.210907793145,1.86068294892256,1.00951057293218,6.97818325640292,25.7118709916636,8.17894889603969,9.445108948038,10.7973973196708,19.6205001672992,0,4.77903338573481,7.90199454823691,3.27504303959417,2.63682259705433,10.6372120331929,16.4826021952091,29.4468423043973,17.5353234921826,2.71428774902789,8.13716571554317,149.83654614817,12.4860308752401,11.6707006910275,0,32.7261990988838,2.83977741817713,12.4596636617468,6.78157127211675,8.1252979359325,0,6.20979692916604,24.2626711605737,15.519382799356,60.7973078996579,1141.05458335086,6.80124708869093,3.9579350049247,16.2605295261937,490.60478196512,4.60313178279033,12.9602124039263,7.35199473692609,13.6269218444718,10.0960209466525,7.42930245944289,2.12377054528721,9.22231478949172,0,29.2774872550898,32.021987777261,"BW vs. WB","WB"
"LOC111124176",206.435934618503,7.89106972943086,1.53491812564982,1.10509950450457e-08,5.98987444196892e-06,7.55468078882533,1.0026256380531,77.903705729404,12.2458965389869,46.2457116063839,11.6244221370333,1.96401548365833,0,2.20649251641193,3.99182981076607,0,724.619655945642,2.0963563032649,3.97726404815894,10.0184693318418,0,35.3118280555022,4.40503717060018,1.82651522388455,5.55568669410156,10.022698920976,33.9056244345672,37.8556541703592,0,4550.30368141831,4.18003363143324,0,2.18185591942865,199.269979999268,5.67442717225976,0,13.3705691053316,10.010992636269,0,73.8721783694515,1.0528496792392,6.46892694480442,5.90041233175147,12.2926004226606,9.62350443104993,1.94886480302041,82.1254845664081,2.96956924138368,7.44273179569026,8.07608458345745,9.30424434187056,7.19932387766582,6.81579074669974,0,72.342562041794,43.8575886092571,3.69733634161384,0.955806677146961,0,75.325989910666,6.15258605979344,4.25488481327717,3.87825934004921,1.09062378905175,38.8282163041186,16.2857264941673,61.0287428665738,1983.87478958518,24.9720617504802,12.8377707601302,0,92.900178087154,4.25966612726569,4.79217833144109,40.0112705054888,2.90189211997589,3.59680618040592,17.9394133509241,26.9585235117486,156.302355336371,0,7571.88938190978,6.80124708869093,1.97896750246235,16.9380515897851,2334.87826845441,5.5237581393484,11.8801947035991,0.816888304102899,2.47762215354032,63.6049319639109,3.71465122972145,0,28.8197337171616,13.2650940560952,63.9767314092704,112.076957220413,"BW vs. WB","WB"
"LOC111123932",54.7044121290664,4.37630172531008,3.17039395922711,0.000177568358941379,0.0243201824947937,0,0,3.800180767288,15.7447241215546,16.1859990622344,0,3.92803096731665,0,0,0,0,340.560628929065,4.1927126065298,3.97726404815894,3.00554079955254,1.07276302371494,8.2644703959686,3.52402973648014,7.30606089553821,0,0,4.2382030543209,2.83917406277694,0.594658187354303,1012.79151878439,0,4.05743938968086,0,20.8659664920699,0,0,2.22842818422193,0,4.3322917847773,13.5683592923482,0,9.70339041720663,0,0,7.48494789081661,11.6931888181225,13.1710682795183,2.22717693103776,0,2.01902114586436,6.97818325640292,2.05694967933309,0,0,0,13.8497648239759,0,3.82322670858784,0,6.55008607918834,8.78940865684777,0,0,0,3.75756931975341,0,13.2228942877576,311.348667320873,6.72324739436005,3.50121020730824,0,29.5591475731854,19.8784419272399,0,14.2412996714452,4.06264896796625,0,1.37995487314801,1.34792617558743,39.9069843412011,2.0265769299886,1759.42111998044,0,0,3.38761031795702,1149.41691774685,0,1.08001770032719,0,9.91048861416129,14.1344293253135,0,0,18.4446295789834,11.054245046746,30.361838634908,19.2131926663566,"BW vs. WB","WB"
"LOC111123596",202.867175919347,6.88311197774288,2.52088617757276,1.50396976166654e-05,0.00379342868103515,14.1650264790475,0,25.651220179194,12.2458965389869,40.4649976555859,16.2741909918466,2.61868731154444,4.12726399099309,0,11.9754894322982,4.03501588160025,807.372705965788,0,7.95452809631787,6.01108159910508,0,35.3118280555022,0,3.6530304477691,0,0,57.2157412333322,43.5340022959131,0,3907.11965184851,2.09001681571662,0,0,119.979307329402,15.8883960823273,0,2.22842818422193,0,19.9285422099756,65.5804032463498,0,8.62523592640589,0,0,2.13855654023332,1.94886480302041,52.6842731180732,0,0,8.07608458345745,27.9127330256117,6.17084903799927,4.77105352268982,0,84.2196990934319,11.5414706866466,0,1.91161335429392,0,36.0254734355359,8.78940865684777,56.3772237759225,9.69564835012302,0,13.7777541724292,10.8571509961115,56.9601600088022,1875.87572060826,17.2883504426401,7.00242041461648,0,49.6171405692754,0,0,29.8389135973137,0.580378423995179,0,8.27972923888806,13.4792617558743,152.976773307938,0,7966.12019680972,2.26708236289698,1.97896750246235,20.3256619077421,2604.21028141077,0,11.8801947035991,1.6337766082058,4.95524430708064,35.3360733132839,0,0,21.9029976250428,29.8464616262143,73.7358938276336,106.739959257537,"BW vs. WB","WB"
"LOC111123051",204.769950448775,23.8072311940679,7.47574120112878,2.75303922992254e-06,0.000844984028702129,0,0,0,6.12294826949346,0,8.13709549592329,0,0,0,0,0,7.42655577103879,0,0,0,0,0,0,0,0,0,0,0,0,34.6158071469859,12.5401008942997,0,0,0,1767.01662144169,4.64234876818976,0,2505.75145685813,0,0,15.792745188588,0,0,0,3.20783481034998,0,0,0,0,0,2191.14954251052,0,0,0,0,0,0,0,2.96324795558884,3.27504303959417,0,0,0,0,0,923.762597252491,0,0,0,0,0,451.832684332976,0,0,2859.11044832442,0,0,0,0,0,0,7336.2368049134,0,0,0,0,0,705.251558313657,0,0,0,0,0,0,0,0,0,"BW vs. WB","WB"
"LOC111123050",325.425700121221,3.7790067734714,2.23763109822913,0.000136068008744228,0.0202709504254925,1.88867019720633,4.01050255221238,6.650316342754,26.2412068692577,8.09299953111719,77.883628318123,15.7121238692666,25.7953999437068,83.8467156236534,41.9142130130437,42.3676667568026,78.5093038652672,42.9753042169304,0,30.0554079955254,6.43657814228961,6.7618394148834,44.9313791401218,126.029550448034,67.594188111569,16.465862513032,37.0842767253079,17.0350443766617,17.8397456206291,96.0309488593803,21.9451765650245,11.1579583216224,14.1820634762862,7.30308827222446,3017.66037020774,10.2131672900175,5.57107046055483,3730.09585627383,19.0620838530201,24.1215276308413,63.1709807543521,24.7975532884169,10.1149925687168,1.02438336855505,5.3463913505833,28.258539643796,9.29722466789526,18.559807758648,4.65170737230641,42.3994440631516,2866.87028783887,5.14237419833273,36.1236909575086,3.148369649346,23.7542741032757,9.23317654931729,14.7893453664553,9.55806677146961,22.7182343261811,0,3.51576346273911,3.19116360995788,7.75651868009841,32.7187136715526,10.0201848526758,1243.14378905477,11.1886028588719,4.86482292688863,9.60463913480007,4.66828027641099,0,620.742099036892,1.41988870908856,2.87530699886466,4539.58380955495,95.1820615352093,27.8752478981459,1.37995487314801,17.5230402826366,45.4496210552568,8.10630771995439,11322.8405510926,6.80124708869093,36.6108987955535,6.77522063591404,24.0296219738018,22.0950325573936,707.411593714312,19.6053192984696,4.95524430708064,8.07681675732202,19.5019189560376,26.5471318160901,10.3751041381782,32.0573106355635,6.50610827890885,11.741395518329,"BW vs. WB","WB"
"LOC111125139",57.4502560219245,3.19858407604093,2.69921113724298,0.000336891209705886,0.0353181216759566,1.88867019720633,16.0420102088495,8.550406726398,0.874706895641923,77.4615669406931,2.32488442740666,0,0,14.3422013566776,5.9877447161491,2.01750794080012,364.962169319621,9.43360336469205,0,1.00184693318418,0,22.539464716278,7.92906690708032,5.47954567165366,0,9.30679185519201,21.1910152716045,3.78556541703592,0,885.494679598705,2.09001681571662,0,2.18185591942865,34.4288447119153,4.5395417378078,48.2804271891735,2.22842818422193,0,8.66458356955461,18.091145723131,0,7.54708143560516,9.27207652132373,0,0,2.92329720453062,37.9636673939057,0,3.72136589784513,0,1.16303054273382,4.11389935866618,24.5368466881191,0,0,16.1580589613053,0,0,0,9.82512911878252,0.878940865684777,0,2.9086945050369,0,2.50504621316894,4.52381291504648,9.15431142998606,129.404289855238,1.92092782696001,1.16707006910275,3.21068173937167,52.7841920949738,10.6491653181642,15.3349706606115,12.8849854170218,5.80378423995179,0,0,4.04377852676228,36.5814023127677,18.2391923698974,2319.31746833272,0,1.97896750246235,4.74265444513983,854.052814318871,0,2.16003540065439,0,1.23881107677016,7.06721466265677,9.28662807430361,6.37131163586163,2.30557869737293,3.31627351402381,17.3496220770903,45.8981824807407,"BW vs. WB","WB"
"LOC144622968",47.4280964503056,5.28129826836189,2.89160673198602,7.72529733938472e-05,0.013689868422768,5.666010591619,0,22.801084603728,0,17.342141852394,0,0,14.4454239684758,0,1.99591490538303,2.01750794080012,453.019902033366,2.0963563032649,0,5.0092346659209,0,6.0105239243408,5.28604460472022,0,0,0,21.1910152716045,4.7319567712949,2.37863274941721,1333.26689462907,0,0,6.54556775828594,57.3814078531922,18.1581669512312,0,5.57107046055483,0,0,44.4740665693637,0,0,0,0,4.27711308046664,3.89772960604083,6.97291850092145,4.45435386207552,0,2.01902114586436,16.2824275982735,2.05694967933309,9.54210704537964,1.049456549782,58.3059455262221,25.3912355106225,0,0,0,21.2877797573621,1.75788173136955,21.2744240663859,0.969564835012302,2.18124757810351,2.50504621316894,19.9047768262045,8.13716571554317,260.754508881231,17.2883504426401,0,0,14.7795737865927,0,0,14.9194567986569,0,0,5.51981949259204,12.1313355802868,109.744206938303,0,1137.51093557648,0,1.97896750246235,5.42017650873124,390.481357074279,0,4.32007080130877,0.816888304102899,2.47762215354032,30.2880628399576,0,0,5.76394674343233,35.3735841495873,41.2053524330894,30.9545881846856,"BW vs. WB","WB"
"LOC111124817",7.93458884938777,3.58063301584488,2.32272424178888,0.000175911466288183,0.0243201824947937,0.944335098603166,4.01050255221238,3.800180767288,3.49882758256769,2.3122855803192,9.29953770962662,129.62502192145,0,2.20649251641193,0,0,14.8531115420776,4.1927126065298,5.30301873087858,0,0,6.7618394148834,0,0,0,0,2.11910152716045,5.67834812555389,0.594658187354303,0,4.18003363143324,0,28.3641269525724,18.7793698428629,11.3488543445195,1.8569395072759,2.22842818422193,2.0021985272538,2.59937507086638,2.26139321539137,7.36994775467441,0,18.5441530426475,0,2.13855654023332,2.92329720453062,4.64861233394763,1.48478462069184,1.86068294892256,0,1.16303054273382,6.17084903799927,3.40789537334987,8.395652398256,0,0,0.924334085403459,5.73484006288177,2.96324795558884,6.55008607918834,0,0,0.969564835012302,3.27187136715526,0,0,0,3.89185834151091,3.84185565392003,2.33414013820549,1.07022724645722,5.27841920949739,7.09944354544282,8.62592099659397,0,1.74113527198554,0,1.37995487314801,9.43548322911199,9.97674608530028,13.1727500449259,23.9196224770755,0,0.989483751231176,0,2.00246849781681,3.68250542623227,49.6808142150509,177.264761990329,0,10.0960209466525,1.85732561486072,0,18.4446295789834,0,10.8435137981814,16.0109938886305,"BW vs. WB","WB"
"LOC111127456",93.3872299339164,4.98282501243594,0.911591020654061,1.48017064792173e-08,7.69537699098082e-06,21.7197072678728,7.01837946637167,77.903705729404,27.1159137648996,24.2789985933516,24.4112864877699,47.1363716077999,150.645135671248,13.2389550984716,7.98365962153213,6.05252382240037,294.940357764112,213.82834293302,78.2195262804591,6.01108159910508,8.58210418971948,102.178906713794,22.9061932871209,11.8723489552496,12.9632689529036,70.1588924468321,24.3696675623452,142.905094493106,142.717964965033,665.51680837431,41.8003363143324,12.1723181690426,74.183101260574,27.1257564396909,146.400221044302,10.2131672900175,16.7132113816645,11.0120918998959,12.1304169973765,122.869031369598,69.4880788297873,120.753302969683,100.307009639775,6.14630021133029,16.0391740517499,59.4403764921226,15.4953744464921,32.6652616552205,19.5371709636869,190.797498284182,22.0975803119426,148.100376911982,4.08947444801985,6.296739298692,43.189589278683,467.429562809188,42.5193679285591,56.3925939516707,6.91424522970729,31.1129088761446,60.6469197322496,93.6074658920978,25.2086857103198,104.699883748968,10.0201848526758,14.4762013281487,33.5658085766156,124.539466928349,140.227731368081,14.004840829233,18.1938631897728,39.0603021502806,288.237407944978,26.8361986560701,119.355654389255,11.0271900559084,7.19361236081184,11.0396389851841,400.334074149466,43.2325663696345,8.10630771995439,1451.12376360924,60.0776826167699,31.6634800393976,44.0389341334413,675.833118013175,53.3963286803679,5.40008850163597,142.138564913905,2.47762215354032,65.6241361532414,35.2891866823537,8.49508218114884,25.3613656711022,57.4820742430793,189.761491468175,11.741395518329,"BW vs. WB","WB"
"LOC144623005",238.904744134666,-9.94003695152651,2.45032739133554,3.0196109733156e-07,0.000126105884500352,337.12763020133,0,834.139678419716,79.598327503415,766.522669875814,0,0,0,1366.92211391719,725.515068106732,292.538651416018,0,0,23.8635842889536,249.459886362861,139.459193082942,378.66300723347,417.597523772897,166.212885373494,0,176.829045248648,0,0,132.014117592655,0,0,562.969715318219,464.735310838302,967.13754690744,0,0,0,349.383643005788,209.682922383222,911.341465802724,208.464236489362,0,171.954873668186,225.364341082111,0,0,0,129.918654310536,320.037467214681,0,0,291.058379625632,84.5158052590768,246.62228919877,350.915412889299,181.201089780352,223.688848667637,694.871454285841,217.304850076515,0,152.056769763466,204.234471037304,0,170.137311092073,0,0,0,153.728404489681,634.866646810285,767.932105469608,0,71.7865012491644,0,864.508970991973,16.2757710530802,199.069799430346,205.917153828239,425.026100929587,0,0,1009.23531113432,0,923.836062880518,0,138.892023036238,0,575.391472848792,0,0,462.07653163527,1134.79275440374,146.728723573997,1.06188527264361,0,0,69.3984883083611,754.651511950784,"BW vs. WB","BW"
"LOC144622228",8.11064765581096,18.9367155193713,4.34546910936442,2.74788097005554e-07,0.000120504494189103,0,0,0,0,0,0,9.82007741829164,2.06363199549655,0,0,0,8.48749230975862,0,0,0,0,0,0,0,0,0,7.41685534506158,94.6391354258981,0,0,5.22504203929155,1.01435984742021,0,0,69.228011501569,0,0,0,0,0,0,10.7815449080074,0,0,0,0,17.8196806134659,6.68153079311328,0,0,0,0,0,0,0,123.493736347119,0,1.91161335429392,0,0,0,1.06372120331929,0,123.240488162848,0,0,0,0,0,0,0,0,7.09944354544282,25.8777629897819,0,0,98.0129684160614,0,0,0,0,0,0,0,0,0,0,0,10.6195479533377,0,0,95.6522691653272,19.1139349075849,6.91673609211879,0,0,0,"BW vs. WB","WB"
"LOC144623040",264.214551312392,2.3345861280211,2.06587102656177,0.00042703390766023,0.0414162533728235,26.4413827608887,15.0393845707964,41.801988440168,26.2412068692577,23.122855803192,24.4112864877699,20.9494984923555,27.8590319392034,6.6194775492358,47.9019577291928,41.3589127864026,16.9749846195172,25.1562756391788,3.97726404815894,19.0350917304994,5.36381511857468,24.7934111879058,37.0023122330415,34.7037892538065,22.2227467764063,13.602234249896,22.2505660351847,13.2494789596257,57.0871859860131,32.3825292665352,924.832440954604,31.4451552700266,724.376165250311,49.0350212563643,24.9674795579429,25.0686833482247,7.79949864477676,69.0758491902562,6.06520849868823,24.1215276308413,20.0041439055448,51.7514155584354,14.3295728056821,52.2435517963074,17.1084523218665,3484.5702678005,1071.50514297493,14.8478462069184,2124.89992766957,154.455117658624,1699.18762293411,13.3701729156651,1832.76613178756,1044.20926703309,0,8.07902948065263,24.0326862204899,24.850973605821,27.6569809188292,1026.72599291277,25.4892851048585,19.1469816597473,47.5086769156028,841.961565147953,25.0504621316894,793.476785299152,49.8401400077019,37.9456188297313,24.0115978370002,44.3486626259044,35.3174991330884,8.44547073519582,14.9088314454299,3.83374266515287,16.2757710530802,6.38416266394697,1014.29934287447,22.7692554069422,22.9147449849863,2202.64383016574,78.023211804561,52.2688046721279,37.4068589878001,66.2954113324888,8.13026476309685,16.0197479825345,720.850437184966,10.8001770032719,31.8586438600131,29.7314658424839,42.4032879759406,1312.2005468991,33.9803287245954,24.2085763224158,89.5393848786428,1231.82316747341,42.6959837030146,"BW vs. WB","WB"
"LOC111127432",10.9145744974941,4.13728495164436,1.58014691117083,3.51708534048671e-05,0.00759302958041517,3.77734039441266,1.0026256380531,1.900090383644,0.874706895641923,5.78071395079799,2.32488442740666,15.0574520413805,0,2.20649251641193,1.99591490538303,2.01750794080012,1.06093653871983,4.1927126065298,0,0,0,5.2592084337982,0,7.30606089553821,7.40758225880209,3.57953532892001,0,13.2494789596257,5.94658187354303,4.46655576090141,4.18003363143324,2.02871969484043,3.27278387914297,14.6061765444489,3.40465630335585,0,6.68528455266579,2.0021985272538,15.5962504251983,13.5683592923482,5.26424839619601,1.07815449080074,1.68583209478613,2.0487667371101,9.62350443104993,7.79545921208166,3.09907488929842,0,9.30341474461282,0,2.32606108546764,117.246131721986,17.7210559414193,0,0,25.3912355106225,0,0,0.987749318529613,11.4626506385796,18.4577581793803,0,3.87825934004921,0,21.292892811936,0.904762583009296,2.03429142888579,3.89185834151091,23.0511339235202,4.66828027641099,9.63204521811501,7.38978689329634,0,1.91687133257644,4.74709989048173,4.06264896796625,0,24.8391877166642,187.361738406652,5.54263671405571,0,3.54364777438155,6.80124708869093,3.9579350049247,9.48530889027966,27.033324720527,0,10.8001770032719,3.2675532164116,9.91048861416129,2.01920418933051,0.928662807430361,6.37131163586163,155.626562072673,45.3224046916587,0,25.6175902218088,"BW vs. WB","WB"
"LOC111126449",74.2665257502576,3.51091551202217,2.25973577470849,0.000174491675352875,0.0242905761181119,2.8330052958095,7.01837946637167,25.651220179194,11.371189643345,19.6544274327132,5.81221106851664,5.23737462308887,2.06363199549655,6.6194775492358,6.98570216884062,21.1838333784013,344.804375083944,4.1927126065298,10.6060374617572,0,1.07276302371494,39.0684055082152,5.28604460472022,53.8821991045943,0,10.73860598676,50.8584366518508,40.6948282331362,0,1181.40399875842,0,2.02871969484043,9.81835163742892,61.5546011516062,10.2139689100676,0,11.1421409211097,23.0252830634187,0,28.6443140616241,0,2.15630898160147,8.42916047393067,10.2438336855505,23.5241219425665,2.92329720453062,22.4682929474135,5.93913848276736,0,4.03804229172873,30.2387941110793,2.05694967933309,6.81579074669974,11.544022047602,0,6.92488241198797,0.924334085403459,9.55806677146961,0,18.0127367177679,1.75788173136955,5.31860601659647,13.5739076901722,0,6.26261553292235,14.4762013281487,32.5486628621727,439.779992590732,19.2092782696001,9.33656055282198,35.3174991330884,48.5614567273759,26.9778854726827,4.79217833144109,16.2757710530802,0.580378423995179,0,3.44988718287002,21.5668188093988,62.0775311974239,8.10630771995439,2540.79545423157,10.2018706330364,3.9579350049247,6.09769857232264,1106.36384504379,1.84125271311613,24.8404071075255,8.98577134513189,2.47762215354032,72.6913508158982,5.57197684458217,3.18565581793082,12.6806828355511,14.3705185607698,15.180919317454,64.043975554522,"BW vs. WB","WB"
"LOC144622417",21.5260805810232,20.3880019972767,3.48573404334139,7.69628785488242e-10,5.02725469495204e-07,0,0,48.452304782922,0,0,0,0,0,0,0,0,4.24374615487931,0,0,0,0,108.940746128677,0,0,58.3347102880664,0,0,0,0,0,0,0,0,132.498887224644,0,0,189.416395658864,0,6.06520849868823,0,0,0,0,0,0,0,17.8196806134659,77.9511925863217,40.9350248762964,127.198332189455,53.4994049657557,0,19.0842140907593,0,0,1.15414706866466,0,0,0,0,0,0,0,15.2687330467245,1.25252310658447,132.095337119357,0,0,177.685823993801,96.866815735528,0,0,0,0,0,0,83.6257436944377,33.1189169555522,0,0,0,0,40.8074825321456,0,0,0,34.9838015492065,0,0,8.67167753739113,138.31548696914,0,209.19139871079,31.1253124145346,0,0,91.7963649614815,"BW vs. WB","WB"
"LOC144623704",32.4127490666079,3.28801774369192,2.76287137619659,0.000326081347185061,0.035186549632488,0,0,1.900090383644,0,0,0,62.1938236491804,16.5090559639724,2.20649251641193,1.99591490538303,2.01750794080012,0,39.8307697620331,49.0529232606269,0,0,7.513154905426,51.0984311789621,0.913257611942276,3.70379112940104,8.59088478940801,211.910152716045,1.89278270851796,123.094244782341,0,0,63.9046703874735,21.8185591942865,0,0,38.067259899156,8.91371273688773,15.0164889544035,32.058959207352,168.850693415889,4.21139871695681,22.6412443068155,6.74332837914453,0,0,0,0,0,74.4273179569026,84.7988881263032,0,26.7403458313302,15.6763187174094,2.098913099564,3.23921919590123,8.07902948065263,0,27.7183936372619,0.987749318529613,0,0,0,236.573819743002,41.4437039839666,52.6059704765478,9.95238841310225,0,5.83778751226636,12.4860308752401,7.00242041461648,104.882270152808,0,22.0082749908727,225.232381577731,1.35631425442335,1.16075684799036,18.8832324471311,8.27972923888806,1.34792617558743,49.8837304265014,41.5448270647663,20.3759747026939,0,1.97896750246235,2.71008825436562,99.1221906419323,6.44438449590647,191.163132957913,150.307447954933,1.23881107677016,34.3264712186186,88.2229667058843,61.5893458133291,33.4308911119075,0,0,240.164908329457,"BW vs. WB","WB"
"LOC144623312",38.3018156319993,17.6830481971474,3.16174990453865,1.21829042668677e-09,7.56974356581599e-07,0,0,0,0,0,0,0.654671827886109,0,0,0,0,1.06093653871983,0,0,0,0,0,0,0,0,194.726721893248,2.11910152716045,49.212350421467,3.56794912412582,0,4.18003363143324,0,6.54556775828594,0,0,0,0,253.278113697606,0.866458356955461,0,0,0,0,0,0,0.974432401510207,0,1.48478462069184,63.2632202633672,0,0,431.959432659949,228.328990014441,0,18.3555754434403,8.07902948065263,0,502.754312179302,0,0,0,0,669.9693009935,1.09062378905175,0,0,1.0171457144429,252.970792198209,0,0,6.42136347874334,0,0,0,0,0,0,15.1795036046281,5.39170470234971,0,494.484770917218,1.77182388719077,10.2018706330364,0,0,234.288814244567,0,0,0,0,0,58.5057568681128,1.06188527264361,0,0,0,0,"BW vs. WB","WB"
"LOC144623827",13.6399286043601,47.6656214296286,2.83743693408083,2.81687518962974e-65,7.17598954558175e-61,0,0,0,0,0,0,0,0,0,0,0,0,1.04817815163245,0,0,0,0,78.4096616366832,0,0,15.749955447248,0,0,0,0,0,0,28.3641269525724,0,0,0,2.22842818422193,94.1033307809287,0,0,2.1056993584784,44.2043341228302,0,0,0,2.92329720453062,0,0,219.560587972863,0,0,56.56611618166,0.681579074669974,0,0,21.9287943046286,0,31.5416203458497,0.987749318529613,1.63752151979709,0,0,90.169529656144,0,71.3938170753148,0.904762583009296,0,10.702610439155,4.80231956740004,0,131.637951314238,0,0,29.7115056549348,0.678157127211675,0,0.89920154510148,0.689977436574005,0,0,27.3587885548461,40.7519494053878,0,0,0,0,0.920626356558067,0,0,0,0,80.7936642464414,159.282790896541,0,0,0,2.13479918515073,"BW vs. WB","WB"
"LOC111114526",12.4726414313895,5.38726686974374,2.47199770908973,4.85647470223655e-05,0.0097416293731871,3.77734039441266,0,2.850135575466,0.874706895641923,1.1561427901596,8.13709549592329,6.54671827886109,2.06363199549655,0,0,5.04376985200031,35.0109057777543,2.0963563032649,3.97726404815894,0,2.14552604742987,2.2539464716278,0,0.913257611942276,1.85189556470052,0,1.05955076358023,0,0.594658187354303,312.658903263099,0,0,1.09092795971432,4.17319329841398,0,0,0,2.0021985272538,0,0,0,0,1.68583209478613,3.07315010566514,0,3.89772960604083,0.774768722324605,9.65110003449697,0.930341474461282,0,2.32606108546764,0,0,3.148369649346,0,0,0,0,0.987749318529613,4.91256455939126,0,0,1.9391296700246,2.18124757810351,2.50504621316894,0,11.1886028588719,42.81044175662,0,0,0,0,0,0,3.39078563605838,0,6.29441081571036,0,2.69585235117486,2.21705468562228,4.0531538599772,374.740752140849,14.7360353588303,1.97896750246235,3.38761031795702,207.25548952404,0,5.40008850163597,1.6337766082058,0,4.03840837866101,4.64331403715181,5.30942636321803,5.76394674343233,3.31627351402381,4.33740551927257,0,"BW vs. WB","WB"
"LOC144623335",14.0263654566488,23.6436822095619,2.50818602704724,1.57357183788298e-21,5.01084282125862e-18,12.2763562818412,0,5.700271150932,0,0,0,23.5681858038999,0,0,0,0,0,5.24089075816225,18.560565558075,0,0,0,19.3821635506408,0,0,0,19.0719137444441,0,1.18931637470861,0,0,0,50.1826861468589,2.08659664920699,6.80931260671171,0,358.776937659731,0,0.866458356955461,6.78417964617412,0,2.15630898160147,0,0,0,0,0,0,13.9551221169192,4.03804229172873,2.32606108546764,0,0,0,21.5947946393415,6.92488241198797,0,0,0,0,0,0,0,0,16.2828003855981,0,19.325768574415,0,0,14.004840829233,0,0,8.51933225453138,0,0,0,0,0,144.228100787855,35.4728749699565,0,109.853081005828,0,0,14.2279633354195,18.0222164803513,8.2856372090226,0,258.953592400619,14.8657329212419,13.1248272306483,0,0,23.0557869737293,1.1054245046746,0,9.6065963331783,"BW vs. WB","WB"
"LOC144623867",143.956633118703,7.72978011120421,3.97593840859579,3.17100286614764e-05,0.00702243329447349,0,1.0026256380531,12.350587493686,7.87236206077731,5.78071395079799,12.7868643507366,773.822100561381,946.175269935166,0,0,22.1925873488014,0,0,0,0,0,974.456191233752,0,0,0,0,2.11910152716045,1608.86530224027,0,2.2332778804507,7.31505885500817,5.07179923710107,0,634.325381358925,2.2697708689039,1.8569395072759,7.79949864477676,1.0010992636269,8.66458356955461,2.26139321539137,1.0528496792392,0,865.67478067268,8.19506694844038,0,590.506035315185,13.1710682795183,0.742392310345921,0,0,9.30424434187056,0,2.7263162986799,0,0,6.92488241198797,9.24334085403459,0,3.95099727411845,9.82512911878252,13.1841129852717,854.168126265392,0,2.18124757810351,0,19.9047768262045,0,0,8.64417522132007,1447.16688568741,0,3.16705152569843,0,4.79217833144109,912.799493226915,0,7.19361236081184,0,359.896288881843,2.21705468562228,2.0265769299886,0,0,0,0,1.00123424890841,0,4.32007080130877,1509.60958598216,0,920.757110334711,0,8.49508218114884,0,0,0,600.945970619931,"BW vs. WB","WB"
"LOC144623886",81.5544842150809,-2.65841786118201,2.28699150700729,0.000390056549911972,0.03974676243603,75.5468078882533,8.02100510442476,0,0,3659.19193085513,8.13709549592329,2.61868731154444,0,2313.50740345791,34.9285108442031,6.05252382240037,10.6093653871983,3.14453445489735,50.3786779433465,19.0350917304994,8.58210418971948,0,52.8604460472022,3.6530304477691,110.187786099681,0.715907065784001,0,0,14.2717964965033,51.3653912503662,0,12.1723181690426,5.45463979857162,7.30308827222446,2.2697708689039,0,4.45685636844386,4.0043970545076,5.19875014173276,3.01519095385517,56.8538826789169,0,0,10.2438336855505,5.3463913505833,4.87216200755104,6.19814977859684,0.742392310345921,23.2585368615321,3.02853171879654,6.97818325640292,3.08542451899964,0.681579074669974,6.296739298692,0,9.23317654931729,5.54600451242075,0.955806677146961,21.7304850076515,18.0127367177679,22.8524625078042,0,4.84782417506151,9.81561410146577,3.75756931975341,1.80952516601859,20.3429142888579,14.5944687806659,224.748555754322,0,21.4045449291445,2.11136768379895,21.2983306363284,0.958435666288219,6.10341414490508,1.74113527198554,4.4960077255074,4.82984205601803,1.34792617558743,6.65116405686685,4.0531538599772,8.85911943595387,0,88.0640538595747,5.42017650873124,13.0160452358093,30.3806697664162,163.082672749406,6.53510643282319,3.71643323031048,5.04801047332626,13.9299421114554,52.0323783595367,13.8334721842376,48.6386782056825,8.67481103854514,4.26959837030146,"BW vs. WB","BW"
"LOC111111326",1141.6196813599,3.37118974397378,0.667525468867411,1.99774158603731e-07,8.98043184725964e-05,2257.90522076017,258.677414617699,6516.3599707071,92.7189309380439,2437.14900165643,560.297147005004,909.993840761692,307.481167328985,388.3426828885,128.736511397206,1896.45746435212,321.463771232108,574.401627094582,1152.08081928337,275.50790662565,382.976399466232,4746.81126924814,584.988936255704,705.034876419437,62.0385014174675,1730.34737799993,1442.04858923269,1435.67568441087,512.595357499409,2052.3823721342,443.083564931923,86.2205870307182,1615.66430833691,186.750400104026,1858.9423416323,148.555160582072,281.896165304074,874.960756409911,4736.06137911855,297.750106693198,594.860068770149,3474.89192385077,148.35322434118,242.778858347546,180.708027649715,2737.18061584217,640.733733362448,1789.16546793367,755.437277262561,130.226863908251,1069.98809931511,1159.0911443042,477.105352268982,237.177180250732,307.725823610616,2465.25813866772,107.222753906801,868.828269526588,142.235901868264,1899.52496296462,638.111068487148,770.134151203168,142.526030746808,630.380550071913,324.403484605378,335.666918296449,545.190102941392,775.452774546048,291.020565784442,138.881338223227,1635.30723258664,396.937124554203,1741.49350169712,352.704325194064,1666.9102186863,535.68928534755,308.426129969808,84.1772472620286,4330.8868021624,3412.04716117269,119.568038869327,8859.11943595387,370.667966333656,421.520078024481,2581.35906228325,744.918281187855,1509.82722475523,868.334231063064,122.533245615435,195.732150129685,326.101476576877,199.662503597528,429.001650148016,6649.28896322353,646.673335234643,103.013381082723,134.492348664496,"BW vs. WB","WB"
"LOC144623115",312.976657712929,-2.84391604871524,1.78096182476317,0.000168312484017445,0.0238208918352467,654.424223331994,609.596387936282,1294.91159645339,1088.13537817855,967.691515363584,468.464212122441,22.2588421481277,114.531575750058,1289.69487584277,40.9162555603522,1205.46099462807,36.0718423164741,36.6862353071357,144.507260416441,9.01662239865762,620.057027707232,652.893161281519,103.077869792044,800.013668061434,13.8892167352539,98.0792680124081,12.7146091629627,194.95661897735,815.871033050104,673.333280955888,87.780706260098,767.870404497102,40.36433450943,41.7319329841398,7.94419804116366,51.9943062037253,5.57107046055483,522.573815613242,447.092512189018,1176.67826974198,738.04762514668,486.247675351132,89.3491010236651,9.21945031699543,8.55422616093327,356.642258952736,70.5039537315391,829.252210656393,17.6764880147644,916.635600222421,640.829829046335,153.242751110315,10.2236861200496,449.167403306696,167.359658454897,135.035207033765,23.1083521350865,49.701947211642,33.5834768300069,440.493288825416,559.885331441203,38.2939633194946,22.2999912052829,49.0780705073289,47.5958780502099,1278.42952979213,12.2057485733148,115.782785659949,176.725360080321,465.660957571996,12.8427269574867,882.551691827963,4.96961048180997,358.454939191794,121.39012577089,997.090132423717,19.7824339922326,810.723487974456,31.0023020385108,21.0620195134117,61.8105963646522,43.409685236174,68.0124708869093,39.579350049247,58.2668974688608,739.912109943313,52.4757023238098,213.843504664784,14.7039894738522,34.6867101495645,2.01920418933051,24.1452329931894,77.5176249029832,28.8197337171616,12.1596695514206,538.922635769616,16.0109938886305,"BW vs. WB","BW"
"LOC111110724",13.8724430013089,2.99602758777936,2.49685519373347,0.00034439308225788,0.0359566138136045,3.77734039441266,2.00525127610619,3.800180767288,3.49882758256769,6.93685674095759,0,14.4027802134944,0,4.41298503282386,0,2.01750794080012,45.6202711649526,3.14453445489735,0,3.00554079955254,1.07276302371494,6.7618394148834,12.3341040776805,0,2.77784334705078,0,0,4.7319567712949,46.97799680099,165.262563153352,1.04500840785831,0,1.09092795971432,12.5195798952419,4.5395417378078,18.569395072759,5.57107046055483,2.0021985272538,0,2.26139321539137,1.0528496792392,2.15630898160147,1.68583209478613,0,3.20783481034998,1.94886480302041,3.87384361162303,0.742392310345921,0.930341474461282,45.4279757819482,6.97818325640292,2.05694967933309,6.13421167202977,3.148369649346,0,1.15414706866466,3.69733634161384,0,0,0,4.39470432842389,0,3.87825934004921,1.09062378905175,16.2828003855981,0,3.05143714332869,107.999068976928,3.84185565392003,0,0,3.16705152569843,2.83977741817713,0,6.10341414490508,1.74113527198554,0,0,1.34792617558743,1.10852734281114,2.0265769299886,385.371695463994,2.26708236289698,0.989483751231176,2.71008825436562,195.240678537139,0,2.16003540065439,0,4.95524430708064,0,13.0012793040251,7.43319690850524,11.5278934868647,18.7922165794682,4.33740551927257,4.26959837030146,"BW vs. WB","WB"
"LOC111111516",10.689863504193,24.6287833071178,2.69237652779583,2.01633937729396e-20,3.95124966435105e-17,0,0,0,0,1.1561427901596,0,0,0,0,0,0,21.2187307743965,0,0,0,0,9.7671013770538,9.6910817753204,0,0,0,10.5955076358023,3.78556541703592,0,255.710317311606,0,1.01435984742021,6.54556775828594,8.34638659682796,0,0,4.45685636844386,0,2.59937507086638,0.753797738463791,0,0,0,1.02438336855505,2.13855654023332,1.94886480302041,8.52245594557066,0,5.58204884676769,0,0,0,1.36315814933995,0,0,0,0,1.91161335429392,0,0,0.878940865684777,0,0,0,12.5252310658447,0,0,41.8374771712423,0,0,0,4.22273536759791,0,0,3.39078563605838,0,0,0,0,2.21705468562228,0,329.559243017484,0,0,0,204.251786777315,0,2.16003540065439,0,0,4.03840837866101,3.71465122972145,0,0,14.3705185607698,2.16870275963628,0,"BW vs. WB","WB"
"LOC111115434",35.5270407675191,5.46640432860867,1.25934575993122,1.33217967078117e-06,0.000452497028175337,1.88867019720633,1.0026256380531,1.900090383644,1.74941379128385,3.46842837047879,6.97465328221997,0,0,0,0,9.07878573360056,0,3.14453445489735,0,3.00554079955254,1.07276302371494,6.7618394148834,4.40503717060018,0.913257611942276,5.55568669410156,6.44316359205601,3.17865229074068,5.67834812555389,4.75726549883443,2.2332778804507,3.13502522357493,1.01435984742021,1.09092795971432,14.6061765444489,2.2697708689039,9.28469753637951,7.79949864477676,6.00659558176141,6.93166685564369,3.01519095385517,3.1585490377176,0,0.842916047393067,0,2.13855654023332,0,0,0.742392310345921,3.72136589784513,6.05706343759309,2.32606108546764,7.19932387766582,7.49736982136972,5.24728274891,0,4.61658827465864,7.39467268322767,5.73484006288177,2.96324795558884,0,7.910467791163,0,17.4521670302214,2.18124757810351,346.948900523898,9.04762583009296,2190.93186891,14.5944687806659,2.88139174044002,5.83535034551373,20.3343176826872,7.38978689329634,4.25966612726569,0.958435666288219,10.1723569081751,2.32151369598072,6.29441081571036,9.65968411203607,0,5.54263671405571,4.0531538599772,1.77182388719077,3.40062354434547,0,1.35504412718281,2.00246849781681,0.920626356558067,2.16003540065439,14.7039894738522,0,8.07681675732202,0.928662807430361,4.24754109057442,352.753540698058,2.21084900934921,6.50610827890885,10.6739959257537,"BW vs. WB","WB"
"LOC111115874",26.3106139205265,5.55280153516253,2.08387365414075,2.49941515421808e-05,0.00584152303245004,0,0,1.900090383644,1.74941379128385,0,0,0,0,0,0,6.05252382240037,75.3264942491077,0,0,0,6.43657814228961,6.0105239243408,1.76201486824007,9.13257611942276,0,0,1.05955076358023,0,1.18931637470861,131.763394946592,15.6751261178746,0,4.3637118388573,26.0824581150874,4.5395417378078,0,2.22842818422193,8.00879410901521,0,2.26139321539137,0,4.31261796320295,3.37166418957227,4.09753347422019,0,2.92329720453062,1.54953744464921,20.0445923793399,0,2.01902114586436,1.16303054273382,4.11389935866618,0,0,0,1.15414706866466,5.54600451242075,0,0.987749318529613,6.55008607918834,1.75788173136955,0,3.87825934004921,0,2.50504621316894,1.80952516601859,13.2228942877576,103.134246050039,6.72324739436005,0,0,22.169360679889,0,3.83374266515287,10.1723569081751,4.64302739196143,0,0,5.39170470234971,16.6279101421671,0,1657.54124646697,10.2018706330364,4.94741875615588,17.6155736533765,109.134533131016,0,6.48010620196316,3.2675532164116,4.95524430708064,9.08641885198728,13.9299421114554,0,5.76394674343233,2.21084900934921,11.9278651779996,4.26959837030146,"BW vs. WB","WB"
"LOC111109942",91.7661323586602,-1.28126522639964,1.24374746179354,0.00043319802311044,0.0414876678148062,67.0477920008248,42.11027679823,59.852847084786,22.74237928669,2.3122855803192,60.446995112573,155.157223209008,71.1953038446308,23.1681714223253,5.9877447161491,48.420190579203,112.459273104302,118.444131134467,25.1893389716733,1271.34375821072,91.1848570157695,121.713109467901,125.103055645045,143.381445074937,14.8151645176042,37.2271674207681,31.7865229074068,109.781397094042,45.1940222389271,52.4820301905916,76.2856137736566,37.5313143545479,90.5470206562889,145.018467119886,29.5070212957507,73.3491105373982,230.64231706697,88.0967351991673,41.5900011338621,96.4861105233653,18.9512942263056,52.8295700492361,42.9887184170464,62.4873854818579,53.463913505833,89.6477809389391,12.3962995571937,18.559807758648,33.4922930806062,146.379033075166,1261.88813886619,64.7939148989923,27.263162986799,78.70924123365,12.9568767836049,43.8575886092571,31.4273589037176,21.0277468972331,45.4364686523622,109.713941826405,41.3102206871845,164.87678651449,80.473881306021,99.2467648037095,51.3534473699633,71.4762440577343,46.7887028643732,90.4857064401286,82.5998965592806,45.5157326950071,23.5449994220589,51.7285082530744,34.0773290181255,125.555072283757,391.296662401137,19.7328664158361,38.6656664393637,14.4895261680541,78.1797181840708,36.5814023127677,98.288981104447,54.0406285593186,13.6024941773819,22.7581262783171,37.2637134975272,36.0444329607027,23.9362852705097,76.6812567232307,53.0977397666885,58.2241206081976,84.8065759518812,49.2191287938091,29.7327876340209,40.3476272040263,44.2169801869841,52.0488662312708,84.3245678134539,"BW vs. WB","BW"
"LOC111113113",66.7209829280082,6.82578671063443,1.79648913441419,2.75012160979482e-06,0.000844984028702129,3.77734039441266,0,43.702078823812,5.24824137385154,23.122855803192,2.32488442740666,0,0,0,3.99182981076607,2.01750794080012,463.629267420564,4.1927126065298,7.95452809631787,2.00369386636836,0,27.0473576595336,5.28604460472022,4.56628805971138,0,0,19.0719137444441,11.3566962511078,1.18931637470861,1322.10050522682,2.09001681571662,0,4.3637118388573,54.2515128793817,9.07908347561561,2.78540926091385,0,0,0,33.9208982308706,0,2.15630898160147,3.37166418957227,0,1.06927827011666,9.74432401510207,9.29722466789526,4.45435386207552,1.86068294892256,0,3.48909162820146,6.17084903799927,3.40789537334987,0,19.4353151754074,20.7746472359639,0,0,0,16.3752151979709,1.75788173136955,93.6074658920978,11.6347780201476,5.45311894525876,10.0201848526758,9.04762583009296,24.4114971466295,170.268802441102,19.2092782696001,3.50121020730824,0,26.3920960474869,0,0,21.7010280707736,3.48227054397107,0,2.75990974629602,2.69585235117486,94.2248241389471,0,2335.26388331744,15.8695765402788,3.9579350049247,10.8403530174625,980.208329681331,1.84125271311613,6.48010620196316,1.6337766082058,3.71643323031048,20.1920418933051,0,0,5.76394674343233,18.7922165794682,21.6870275963628,51.2351804436176,"BW vs. WB","WB"
"LOC111111618",40.2122167074776,4.40081473622379,2.69630231891121,0.000128264349186396,0.0194496089019252,5.666010591619,0,19.950949028262,6.99765516513539,30.0597125441496,2.32488442740666,1.30934365577222,24.7635839459586,2.20649251641193,0,0,269.477880834836,5.24089075816225,0,6.01108159910508,0,13.5236788297668,3.52402973648014,7.30606089553821,3.70379112940104,0,11.6550583993825,42.5876109416541,0,619.734611825071,0,1.01435984742021,0,54.2515128793817,2.2697708689039,0,4.45685636844386,4.0043970545076,0,97.9937060002929,0,2.15630898160147,0,1.02438336855505,8.55422616093327,11.6931888181225,30.9907488929842,15.5902385172643,0,2.01902114586436,0,8.22779871733236,0.681579074669974,0,0,6.92488241198797,0,1.91161335429392,0.987749318529613,6.55008607918834,0,0,0,2.18124757810351,8.7676617460913,8.14286324708366,10.171457144429,40.8645125858645,17.2883504426401,23.3414013820549,0,70.730817407265,0.709944354544282,0,4.74709989048173,6.96454108794214,5.39520927060888,6.89977436574005,8.08755705352457,76.4883866539688,0,1296.08917348005,9.06832945158791,3.9579350049247,6.77522063591404,633.781279559022,0,2.16003540065439,0,0,16.153633514644,3.71465122972145,0,9.22231478949172,4.42169801869841,42.2897038129075,43.76338329559,"BW vs. WB","WB"
"LOC111099641",32.4663391910607,16.6689476803233,6.19802738945785,5.67859409244494e-06,0.00155550736026919,0,0,148.207049924232,0,0,0,47.1363716077999,24.7635839459586,0,0,0,256.746642370198,156.178544593235,0,0,0,0,0,0,0,0,0,0,0,0,0,0,2.18185591942865,2.08659664920699,0,0,700.840663937797,282.309992342786,8.66458356955461,0,0,0,0,0,6.41566962069995,11.6931888181225,0,0,0,0,0,0,0,0,0,0,0,0,1.97549863705923,22.9253012771592,0,142.538641244785,0,0,0,0,0,0,9.60463913480007,0,0,0,0,581.770449436949,0,0,0,1.37995487314801,0,0,0,3.54364777438155,0,0,0,0,0,523.808584658689,0,0,0,0,0,26.5141550197887,0,0,25.6175902218088,"BW vs. WB","WB"
"LOC111099907",8.37520574382336,20.1386720116319,4.08726748603877,5.47644026261395e-08,2.63230784320925e-05,0,0,8.550406726398,0,4.62457116063839,0,0,0,0,0,0,24.401540390556,18.8672067293841,0,0,0,6.0105239243408,0,0,0,0,0,0,0,0,0,0,13.0911355165719,77.2040760206586,0,0,62.3959891582141,167.183577025692,25.9937507086638,0,0,0,0,0,0,0,0,0,0,2.01902114586436,0,0,0,0,0,0,0,0,18.7672370520627,0,0,36.166520912856,0,0,0,0,0,0,0,0,0,0,0,20.1271489920526,0,1.16075684799036,0,0,75.483865832896,0,0,0,0,0,0,2.00246849781681,0,117.721929335664,0,0,4.03840837866101,0,0,19.5974189276699,0,0,65.1113751470973,"BW vs. WB","WB"
"LOC111099988",34.8952869495476,15.6941128458176,10.1168981996482,3.19765362967193e-05,0.00702243329447349,0,0,0,0,0,0,0,0,0,0,0,0,336.465186674016,0,0,0,0,0,0,0,0,0,0,0,0,0,0,113.45650781029,201.356576648475,2.2697708689039,0,0,750.824447720176,56.319793202105,0,0,0,0,0,21.3855654023332,15.5909184241633,0,0,0,0,2.32606108546764,0,0,0,0,0,0,0,96.7994332159021,235.80309885078,0,69.141878215754,0,0,0,0,0,5.83778751226636,0,0,0,0,0,0,0,0,0,0,21.5668188093988,2.21705468562228,0,0,0,0,0,0,0,1206.37977126548,0,0,0,0,0,72.6257289672473,0,0,0,"BW vs. WB","WB"
"LOC111117026",28.750302985655,5.4654113602073,1.23970541162437,1.09959470119002e-06,0.000394537676236843,8.4990158874285,8.02100510442476,21.851039411906,1.74941379128385,0,6.97465328221997,2.61868731154444,0,0,0.997957452691516,4.03501588160025,25.4624769292759,0,0,3.00554079955254,2.14552604742987,11.269732358139,26.4302230236011,10.045833731365,3.70379112940104,12.886327184112,1.05955076358023,6.62473947981287,5.35192368618873,36.8490850274366,30.305243827891,0,0,57.3814078531922,2.2697708689039,0.928469753637951,0,0,3.46583342782184,3.01519095385517,10.528496792392,9.70339041720663,6.74332837914453,22.5364341082111,1.06927827011666,13.6420536211429,22.4682929474135,2.96956924138368,11.1640976935354,18.1711903127793,27.9127330256117,14.3986477553316,1.36315814933995,0,0,4.61658827465864,0,7.64645341717569,7.90199454823691,3.27504303959417,1.75788173136955,26.5930300829823,0,58.8936846087946,13.7777541724292,12.6666761621301,38.65153714883,133.296148196749,22.0906700100402,7.00242041461648,9.63204521811501,12.6682061027937,0,9.58435666288218,3.39078563605838,3.48227054397107,7.19361236081184,20.6993230972201,17.5230402826366,7.75969139967799,2.0265769299886,1471.49973831194,2.26708236289698,25.7265775320106,5.42017650873124,106.130830384291,7.36501085246453,0,3.2675532164116,7.43286646062097,19.1824397986398,40.8611635269359,7.43319690850524,6.91673609211879,17.6867920747936,4.33740551927257,27.7523894069595,"BW vs. WB","WB"
"LOC111113302",9.31783719676018,3.39118231121665,3.21532610941208,0.000378773747014587,0.0387529655843797,9.44335098603166,0,0.950045191822,1.74941379128385,0,0,3.92803096731665,13.4136079707276,0,0,4.03501588160025,80.6311769427069,7.33724706142715,2.65150936543929,0,0,0.7513154905426,14.0961189459206,0,24.0746423411068,1.431814131568,3.17865229074068,4.7319567712949,0,0,0,0,3.27278387914297,0,0,0,0,0,0,1.50759547692758,0,14.0160083804096,0,0,0,1.94886480302041,3.87384361162303,0.742392310345921,9.30341474461282,5.04755286466091,0,1.02847483966655,89.2868587817666,0,0,0,0,0.955806677146961,0,0,0,0,0.969564835012302,0,22.5454159185205,3.61905033203718,100.697425729847,1.94592917075545,0,3.50121020730824,2.14045449291445,0,0,3.83374266515287,0,0,13.4880231765222,25.5291651532382,20.2188926338114,41.0155116840122,0,0,2.26708236289698,11.8738050147741,0,89.1098481528483,9.20626356558067,0,68.6186175446436,27.2538436889435,0,0.928662807430361,20.1758201802285,0,76.2742908225476,6.50610827890885,2.13479918515073,"BW vs. WB","WB"
"LOC144624211",14681.3068775857,4.7039397663953,3.06017004004152,0.000131725852283728,0.0198563082066743,16.998031774857,923.418212646901,146.306959540588,146.950758467843,61625.8791438771,68.5840906084963,508.680010267507,0,116.944103369832,7.98365962153213,56.4902223424035,1272.06290992507,11903.1110899381,0,52.0960405255774,2.14552604742987,145.755205165264,1.76201486824007,50.2291686568252,488.900429080938,231.953889314016,182.242731335799,18.9278270851796,12.4878219344404,2210.9451016462,12.5401008942997,14.201037863883,4269.89203432186,55309.4173805297,64.6884697637612,10.2131672900175,238552.122906866,860.945366719135,22997.5377103118,29.3981118000879,4.21139871695681,249.05368737497,112.107834303278,14.3413671597707,868.253955334727,7730.17224118047,27.8916740036858,28.9533001034909,0,27.2567854691689,21041.5485791403,26.7403458313302,18.4026350160893,133670.330202283,25.9137535672098,54.2449122272391,4.6216704270173,38.2322670858784,5332.85857074138,95783.546257491,9.66834952253255,8.50976962655434,5.81738901007381,757.983533390968,53.8584935831322,320.285954385291,31.5315171477298,21.40522087831,22.0906700100402,114.372866772069,14.9831814504011,9124.27544553718,91.5828217362123,88320.8050841256,8.1378855265401,43344.9822176559,40.4640695295666,664.448271420767,917.937725575038,203.96903107725,0,187.813332042222,83.8820474271881,132.590822664978,375.347223229638,148.182668838444,3.68250542623227,120686.577923062,4.9013298246174,0,883.401832832096,21.3592445708983,13.8045085443669,182312.482705416,371.422633570667,6.50610827890885,234000.675682335,"BW vs. WB","WB"
"LOC111117323",315.082997012684,-1.77046133905793,1.67278494202145,0.000484436067149601,0.0442330064897351,188.867019720633,745.953474711503,48.452304782922,1006.78763688385,367.653407270752,23.2488442740666,192.473517398516,10.3181599774827,474.395891028565,2158.58197017175,184.601976583211,249.320086599159,198.105670658533,23.8635842889536,265.489437293808,55.7836772331766,358.37748898882,14.0961189459206,107.764398209189,225.931258893464,2031.74425269499,47.6797843611102,134.387572304775,16.0557710585662,855.34542821262,50.1604035771988,108.536503673963,103.638156172861,21.9092648166734,241.730597538266,30.6395018700524,675.213739819245,149.163790280408,300.661049863545,238.953883093022,1111.8092612766,32.3446347240221,37.931222132688,80.9262861158488,76.9880354483995,63.3381060981635,113.116233459392,821.828287552934,3039.42559706501,0,377.984926388491,271.517357671968,169.031610518154,234.028810601386,109.053712928675,286.228473028836,173.77480805585,1824.63494667355,102.72592912708,73.6884683908689,227.645684212357,0,73.6869274609349,530.043161479152,41.3332625172875,357.381220288672,263.44074004071,2980.19052501198,147.911442675921,79.3607646989868,497.655669602609,222.74929064079,53.9557709453654,187.853390592491,236.676837396875,143.933849150804,195.126735287021,78.6574277694366,39.0898590920354,69.8372225971019,14.1860385099202,31.0069180258386,117.888282870643,158.317400196988,494.591106421725,53.0654151921456,99.4276465082712,5.40008850163597,175.630985382123,123.881107677016,126.200261833157,10.215290881734,50.9704930868931,17.291840230297,37.5844331589365,95.4229214239965,43.76338329559,"BW vs. WB","BW"
"LOC144623205",25.6880128656379,-21.6777927118551,4.85291934264287,2.79087935511562e-07,0.000120504494189103,0,0,0,0,0,97.6451459510795,0,0,0,171.648681862941,109.954182773607,0,136.263159712218,0,109.201315717076,0,0,0,0,0,0,0,0,0,0,51.2054119850572,0,0,0,91.925720190608,35.2818506382422,0,149.163790280408,0,0,0,0,64.0616196018731,111.6577871725,32.0783481034998,0,0,0,68.8452691101349,0,0,0,0,0,0,1.15414706866466,41.5950338431557,0,124.456414134731,57.313253192898,0,38.2939633194946,0,0,0,0,0,0,159.437009637681,0,401.335217421459,0,0,0,176.320853075036,0,0,0,0,0,0,0,0,5.93690250738706,0,0,0,128.522106338936,0,0,0,0,0,0,0,0,0,"BW vs. WB","BW"
"LOC144623171",9.75868933081979,20.265271351964,4.61694710197981,3.00861131611311e-07,0.000126105884500352,135.039919100253,0,0,0,0,0,0,0,0,0,0,0,0,0,0,0,0,34.3592899306814,0,19.4449034293555,0,0,0,0,0,0,0,0,0,0,59.4220642328289,36.7690650396619,0,0,0,0,6.46892694480442,0,0,0,0,10.0719933902199,0,117.223025782122,0,0,0,0,0,19.4353151754074,0,0,21.9835535743801,0,0,0,0,0,0,21.292892811936,0,0,0,0,0,0,0,0,65.1736253075989,0,0,14.3872247216237,0,0,0,105.382000359407,0.885911943595387,0,17.8107075221612,0,0,0,0,0,28.4926547657137,0,49.2191287938091,108.312297809648,2.30557869737293,24.3193391028413,0,0,"BW vs. WB","WB"
"LOC111117709",109.877677228711,6.46035234177602,4.02715021384068,6.78088675009036e-05,0.012547027252904,0,0,1.900090383644,2.62412068692577,1.1561427901596,10.46197992333,724.067041642037,1274.29275721912,1.10324625820597,0,2.01750794080012,12.7312384646379,0,0,0,1.07276302371494,14.2749943203094,1.76201486824007,0,0,0,0,2.83917406277694,0,0,1.04500840785831,1.01435984742021,0,2.08659664920699,5.67442717225976,1.8569395072759,0,1131.2421678984,0,0,0,0,760.310274748546,0,0,6.82102681057145,0,0.742392310345921,0.930341474461282,0,0,1484.08919363882,0,1.049456549782,0,0,2.77300225621038,0,2.96324795558884,14.7376936781738,4.39470432842389,0,1165.41693168479,0,0,12.6666761621301,0,0,16.3278865291601,2.33414013820549,0,4.22273536759791,3.54972177272141,0,0.678157127211675,0.580378423995179,0,0,1070.25338341642,0,1089.28509986887,0,14.7360353588303,0,8.80778682668826,0,9.20626356558067,2.16003540065439,1229.41689767486,4.95524430708064,1.00960209466525,0,0,0,1.1054245046746,0,0,"BW vs. WB","WB"
"LOC111117426",797.21088315711,2.76879548682572,2.44042119973296,0.000405355458650214,0.0404286666710847,0,67.1759177495574,57.00271150932,9.62177585206116,3300.78766590565,32.5483819836932,77.905947518447,0,101.498655754949,27.9428086753625,8.0700317632005,233.406038518362,912.963170071864,0,64.1182037237875,20.3824974505838,108.940746128677,8.81007434120036,31.9640164179797,37.9638590763607,68.0111712494801,219.327008061107,149.529833972919,675.531700834489,127.29683918569,0,18.2584772535639,594.555738044307,1917.58232062122,220.167774283679,291.539502642317,2333.16430888036,84.0923381446597,1853.35442552773,321.117836585575,2.1056993584784,32.3446347240221,10.1149925687168,0,177.500192839365,992.946617138901,17.8196806134659,82.4055464483972,488.429274092173,87.8274198450998,26.7497024828779,54.5091665023269,25.900004837459,3138.92454039796,44.2693290106501,35.7785591286045,0.924334085403459,8.60226009432265,480.046168805392,17878.4599531446,14.0630538509564,324.434967012384,267.599894463395,14.1781092576728,335.676192564638,10.8571509961115,101.71457144429,385.29397580958,24.9720617504802,10.5036306219247,451.635898004948,251.252754372076,12.7789983817971,3446.53465597243,44.0802132687589,1540.3243372832,177.142704384992,304.280049529136,315.414725087458,575.325690918983,458.006386177423,442.070059854098,409.208366502904,2.96845125369353,58.9444195324522,16.0197479825345,309.33045580351,2762.68527743696,13.8871011697493,0,6.05761256799152,381.680413853879,727.39141176087,8649.37848319455,939.610828973412,15.180919317454,11982.6278262511,"BW vs. WB","WB"
"LOC111117324",27.7440481406852,4.80202181640054,1.22938982194171,4.38797297516707e-06,0.0012702683129816,4.72167549301583,0,15.200723069152,6.99765516513539,8.09299953111719,9.29953770962662,226.516452448594,2.06363199549655,0,10.9775319796067,18.1575714672011,39.2546519326336,8.3854252130596,0,1.00184693318418,20.3824974505838,0,5.28604460472022,2.73977283582683,0,2.147721197352,9.53595687222203,49.212350421467,10.1091891850232,109.430616142085,1.04500840785831,16.2297575587234,2.18185591942865,13.5628782198454,0,6.49928827546566,15.5989972895535,11.0120918998959,8.66458356955461,7.53797738463791,2.1056993584784,8.62523592640589,6.74332837914453,0,9.62350443104993,5.84659440906124,6.97291850092145,0,0,13.1236374481184,5.8151527136691,6.17084903799927,4.08947444801985,11.544022047602,0,0,2.77300225621038,0.955806677146961,2.96324795558884,1.63752151979709,2.63682259705433,0,26.1782505453321,9.81561410146577,5.01009242633788,3.61905033203718,25.4286428610724,24.3241146344432,1.92092782696001,0,18.1938631897728,11.6125222608942,2.12983306363284,13.4180993280351,3.39078563605838,5.80378423995179,44.0608757099725,8.96970667546206,8.08755705352457,13.3023281137337,2.0265769299886,462.446034556792,11.3354118144849,0,2.71008825436562,168.207353816612,4.60313178279033,23.7603894071983,220.559842107783,7.43286646062097,2.01920418933051,13.0012793040251,618.017228678578,9.22231478949172,4.42169801869841,11.9278651779996,32.021987777261,"BW vs. WB","WB"
"LOC111116750",37.6772385379745,3.44020367518243,1.65002811145956,7.73833583073051e-05,0.013689868422768,605.318798204629,0,22.801084603728,6.12294826949346,12.7175706917556,3.48732664110998,2.61868731154444,0,22.0649251641193,7.98365962153213,9.07878573360056,171.871719272612,14.6744941228543,26.5150936543929,6.01108159910508,1.07276302371494,1.5026309810852,9.6910817753204,11.8723489552496,24.0746423411068,27.204468499792,19.0719137444441,33.1236973990643,21.4076947447549,353.974544051437,4.18003363143324,26.3733560329256,3.27278387914297,45.9051262825538,1.13488543445195,3.71387901455181,10.0279268289987,1.0010992636269,29.4595841364857,30.1519095385517,2.1056993584784,20.484935325214,5.0574962843584,10.2438336855505,2.13855654023332,9.74432401510207,19.3692180581151,13.3630615862266,3.72136589784513,2.01902114586436,4.65212217093528,0,17.7210559414193,7.346195848474,15.1163562475391,18.4663530986346,3.69733634161384,56.3925939516707,10.8652425038257,3.27504303959417,5.27364519410866,0,3.87825934004921,8.72499031241402,7.51513863950682,0.904762583009296,8.13716571554317,36.9726542443536,10.5651030482801,38.5133122803907,14.9831814504011,4.22273536759791,39.7568838544798,6.70904966401753,7.45972839932843,9.28605478392286,6.29441081571036,15.8694810412021,51.2211946723223,36.5814023127677,8.10630771995439,813.267164220566,55.5435178909759,7.91587000984941,3.38761031795702,290.357932183438,0.920626356558067,3.24005310098158,0.816888304102899,28.4926547657137,43.4128900706059,2.78598842229108,11.6807379990797,24.2085763224158,25.4247636075159,11.9278651779996,26.6849898143842,"BW vs. WB","WB"
"LOC111117847",310.629703454264,5.22551538532171,3.48500320109787,0.00011472654711429,0.0178210901691252,0,6.01575382831857,6.650316342754,5.24824137385154,638.190820168098,56.9596684714631,0.654671827886109,0,1.10324625820597,1.99591490538303,0,11.6703019259181,11.5299596679569,0,0,0,1.5026309810852,0,3.6530304477691,269.450804663926,231.953889314016,8.47640610864181,0,10.7038473723775,6.69983364135212,0,19.2728371009841,1.09092795971432,439.228594658071,0,0,2285.25310291959,31.0340771724339,656.775434572239,1.50759547692758,1.0528496792392,139.081929313295,1.68583209478613,0,0,205.605236718654,0,9.65110003449697,0,2.01902114586436,0,8.22779871733236,0,3931.26423548337,20.5150549073744,0,0,46.8345271802011,464.242179708918,3330.71877126727,9.66834952253255,0,0.969564835012302,30.5374660934491,2.50504621316894,1.80952516601859,6.10287428665738,50.5941584396418,0,1.16707006910275,1.07022724645722,375.823447716214,3.54972177272141,428.420742830834,0,1520.59147086737,0.89920154510148,38.6387364481443,133.444691383155,22.1705468562228,0,37.2083016310063,108.819953419055,3.9579350049247,20.3256619077421,1.00123424890841,11.0475162786968,3348.0548710143,0,0,10.0960209466525,0,0,4165.0279168042,12.1596695514206,0,5364.75035228379,"BW vs. WB","WB"
"LOC144624395",42.5658154005047,21.3589749117797,3.14892509805771,3.1558589979981e-12,2.87126814192863e-09,0,0,0,159.19665500683,0,0,0,45.399903900924,0,0,0,0,0,120.643676127488,0,0,174.305193805883,0,0,0,0,69.9303503962949,124.923658762185,82.0628298548939,46.8988354894648,0,0,67.6375335022881,0,0,0,49.0254200528825,0,46.7887512755949,0,163.191700282076,0,73.3336961231968,0,0,0,0,96.5110003449697,0,115.084205314269,166.313367610936,127.530880118652,0,230.88044095204,21.5947946393415,6.92488241198797,0,0,0,0,22.8524625078042,155.303295684617,0,0,0,214.428732173203,0,0,0,0,0,174.187833913414,165.417034608818,54.6308329784285,91.5512121735762,117.236441647026,0,0,41.7857114432103,0,156.046423609122,143.517734862453,0,0,174.800692406582,0,0,203.043327661512,0,213.075505204468,0,0,0,0,0,0,0,"BW vs. WB","WB"
"LOC144625090",30.7504860431965,-3.9273680965048,1.71348472692689,5.61476505315679e-05,0.0110880728472224,17.9423668734602,7.01837946637167,0,10.4964827477031,1234.76049989045,4.64976885481331,5.89204645097498,0,759.033425645705,0.997957452691516,5.04376985200031,2.12187307743965,0,3.97726404815894,4.00738773273672,11.8003932608643,3.756577452713,0.881007434120036,10.045833731365,4.6297389117513,6.44316359205601,1.05955076358023,22.7133925022155,12.4878219344404,13.3996672827042,14.6301177100163,0,9.81835163742892,26.0824581150874,9.07908347561561,7.42775802910361,49.0254200528825,3.0032977908807,0,0.753797738463791,6.31709807543521,0,5.90041233175147,54.2923185334175,27.8012350230331,1.94886480302041,0,0,5.58204884676769,5.04755286466091,4.65212217093528,1.02847483966655,8.17894889603969,17.840761346294,0,5.77073534332331,2.77300225621038,44.9229138259072,5.92649591117768,18.0127367177679,2.63682259705433,8.50976962655434,36.8434637304675,0,11.2727079592602,0.904762583009296,10.171457144429,71.9993793179518,40.3394843661603,1.16707006910275,2.14045449291445,4.22273536759791,0.709944354544282,4.79217833144109,2.7126285088467,2.32151369598072,0.89920154510148,10.3496615486101,2.69585235117486,0,12.1594615799316,0.885911943595387,18.1366589031758,5.93690250738706,3.38761031795702,0,1.84125271311613,15.1202478045807,8.98577134513189,7.43286646062097,2.01920418933051,19.5019189560376,9.55696745379245,6.91673609211879,0,1.08435137981814,22.4153914440827,"BW vs. WB","BW"
"LOC144625993",2.99378471332945,15.9245735083415,2.92951536789721,1.14803654534657e-09,7.31155774817599e-07,0,0,0,0,0,0,0.654671827886109,0,0,0,5.04376985200031,0,0,0,0,0,0,0,0,0.925947782350261,9.30679185519201,0,0,0.594658187354303,0,4.18003363143324,1.01435984742021,2.18185591942865,0,0,0,0,4.0043970545076,0,0,0,4.31261796320295,0,1.02438336855505,0,0,0.774768722324605,0,0,0,0,8.22779871733236,0,0,4.3189589278683,9.23317654931729,0,0.955806677146961,0,0,0,0,0,1.09062378905175,2.50504621316894,0,5.08572857221448,6.81075209764409,1.92092782696001,0,1.07022724645722,0,0,0,0,1.16075684799036,0,5.51981949259204,0,0,0,0,0,0,0,0,190.56965580752,0,0.816888304102899,0,0,0,2.12377054528721,0,0,0,0,"BW vs. WB","WB"
"LOC111122693",31.2516324266427,21.6362534627396,3.46151421128895,9.52594128090138e-11,7.13745159208714e-08,0,0,19.950949028262,0,0,0,1.30934365577222,0,0,0,0,57.2905730908707,19.9153848810165,0,0,0,11.269732358139,0,0,0,0,0,0,0,3.34991682067606,0,0,2.18185591942865,5.21649162301747,5.67442717225976,0,1245.69135498006,110.120918998959,0,0,0,0,0,0,0,1.94886480302041,0,0,0,1.00951057293218,15.1193970555397,0,0,11.544022047602,0,0,0,0,26.6692316002996,117.90154942539,0,263.802858423185,0,0,0,0,0,0,0,0,0,6.33410305139686,0,183.06121226105,1.35631425442335,0,0,0,70.0921611305462,0,0,14.1745910975262,0,0,0,0,0,111.241823133701,0,0,0,0,0,201.738136020131,0,0,367.185459845926,"BW vs. WB","WB"
"LOC111101350",65.9638442267887,2.44422307790229,1.94366491424028,0.000322015768818686,0.0351457938463045,1.88867019720633,34.0892716938053,9.50045191822,30.6147413474673,17.342141852394,3.48732664110998,10.4747492461777,0,46.3363428446506,8.98161707422365,35.3063889640022,337.377819312905,0,5.30301873087858,1.00184693318418,23.6007865217286,18.782887263565,12.3341040776805,16.438637014961,36.1119635116602,5.72725652627201,20.1314645080243,26.4989579192515,10.7038473723775,1258.45208563397,1.04500840785831,0,44.7280463482873,172.144223559577,27.2372504268468,16.7124555654831,18.9416395658864,14.0153896907766,119.571253259854,27.8905163231603,6.31709807543521,14.0160083804096,0,2.0487667371101,11.7620609712833,7.79545921208166,75.1525660654867,2.96956924138368,29.770927182761,7.06657401052527,9.30424434187056,14.3986477553316,28.6263211361389,12.593478597384,12.9568767836049,24.2370884419579,14.7893453664553,4.77903338573481,23.7059836447107,6.55008607918834,8.78940865684777,52.1223389626454,2.9086945050369,9.81561410146577,12.5252310658447,4.52381291504648,49.8401400077019,51.5671230250195,5.76278348088004,1.16707006910275,6.42136347874334,57.0069274625718,15.6187757999742,40.2542979841052,10.1723569081751,29.5992996237541,18.8832324471311,4.82984205601803,25.6105973361611,92.0077694533248,5.06644232497149,1933.05986092514,51.009353165182,43.5372850541717,52.1691988965381,525.647980676914,16.5712744180452,5.40008850163597,8.98577134513189,2.47762215354032,102.979413655856,14.8586049188858,12.7426232717233,13.8334721842376,3.31627351402381,30.361838634908,25.6175902218088,"BW vs. WB","WB"
"LOC111109953",19.5106465829742,3.97352594338,1.98190081238246,8.35879491430262e-05,0.014485734723936,14.1650264790475,5.01312819026548,7.600361534576,29.7400344518254,9.24914232127678,1.16244221370333,80.5246348299914,0,0,0,6.05252382240037,58.3515096295905,53.4570857332549,6.62877341359823,3.00554079955254,2.14552604742987,33.0578815838744,0,1.82651522388455,0,2.863628263136,6.35730458148136,1.89278270851796,0.594658187354303,29.0326124458592,4.18003363143324,5.07179923710107,27.2731989928581,15.6494748690524,1.13488543445195,0,32.312208671218,24.0263823270456,36.3912509921294,3.01519095385517,8.42279743391361,0,1.68583209478613,11.2682170541055,83.4037050690994,22.4119452347348,3.09907488929842,4.45435386207552,0.930341474461282,25.2377643233045,18.6084886837411,12.3416980759985,4.77105352268982,82.907067432778,0,17.3122060299699,0,0,32.5957275114772,34.3879519157388,0,17.0195392531087,1.9391296700246,6.54374273431051,1.25252310658447,25.3333523242603,1.0171457144429,1.94592917075545,41.2999482796403,0,2.14045449291445,28.5034637312859,0,169.643112933015,25.091813706832,11.6075684799036,0,1.37995487314801,64.7004564281965,39.9069843412011,0,7.97320749235849,1.13354118144849,6.92638625861823,4.06513238154843,6.00740549345044,0,30.2404956091614,0.816888304102899,0,5.04801047332626,9.28662807430361,4.24754109057442,297.419651961108,5.52712252337301,21.6870275963628,89.6615657763307,"BW vs. WB","WB"
"LOC144617493",29.1199727225672,4.9765610044851,3.90276384140886,0.000158755305456823,0.0227207382388346,0,0,7.600361534576,6.99765516513539,16.1859990622344,2.32488442740666,0,0,0,1.99591490538303,0,57.2905730908707,0,0,0,0,12.0210478486816,0,0,0,0,6.35730458148136,7.57113083407185,0,305.959069621747,0,0,0,22.9525631412769,0,1.8569395072759,0,0,6.93166685564369,6.03038190771033,0,0,0,0,10.6927827011666,0,23.2430616697382,0,0,2.01902114586436,0,6.17084903799927,0,0,58.3059455262221,6.92488241198797,0,0,0,6.55008607918834,0,0,0,2.18124757810351,5.01009242633788,0,22.3772057177437,481.617469761975,5.76278348088004,2.33414013820549,0,35.8932506245822,0,0,5.4252570176934,2.32151369598072,0,2.75990974629602,2.69585235117486,11.0852734281114,0,1049.80565316053,9.06832945158791,0,5.42017650873124,395.487528318821,0,0,0,0,4.03840837866101,0,0,9.22231478949172,2.21084900934921,19.5183248367266,28.8197889995349,"BW vs. WB","WB"
"LOC111099049",35.4393481656221,4.77483714965156,3.47819964321909,0.000154943618633402,0.0224272084357154,0,0,13.300632685508,1.74941379128385,2.3122855803192,0,0,0,0,0,0,294.940357764112,0,0,0,0,24.0420956973632,3.52402973648014,2.73977283582683,0,2.863628263136,14.8337106901232,4.7319567712949,0,808.446592723155,6.27005044714986,1.01435984742021,0,97.026744188125,18.1581669512312,2.78540926091385,6.68528455266579,2.0021985272538,0,4.52278643078275,0,0,0,4.09753347422019,13.9006175115166,10.7187564166123,6.19814977859684,0,3.72136589784513,0,25.586671940144,0,6.81579074669974,7.346195848474,0,0,0,0,9.87749318529613,0,0,0,1.9391296700246,0,5.01009242633788,3.61905033203718,1.0171457144429,372.645436199669,33.6162369718003,1.16707006910275,0,27.4477798893864,2.12983306363284,1.91687133257644,11.5286711625985,2.90189211997589,0,0,2.69585235117486,31.038765598712,0,739.736472902149,0,0,0,484.597376471669,5.5237581393484,0,0,2.47762215354032,58.5569214905847,0,0,16.1390508816105,26.5301881121905,14.0965679376358,13.8761947034798,"BW vs. WB","WB"
"LOC144625298",21.6005760277268,-3.58012452398642,2.91142814906372,0.000281655909632006,0.0325243200429221,1.88867019720633,670.756551857521,18.050858644618,0.874706895641923,4.62457116063839,5.81221106851664,17.0214675250388,0,14.3422013566776,1.99591490538303,20.1750794080012,0,0,10.6060374617572,2.00369386636836,5.36381511857468,0,0.881007434120036,2.73977283582683,0.925947782350261,0,1.05955076358023,5.67834812555389,0,1.11663894022535,19.8551597493079,0,2.18185591942865,6.25978994762097,21.5628232545871,477.233453369907,53.4822764213264,4.0043970545076,0,0,0,4.31261796320295,13.4866567582891,0,24.5934002126832,252.377991991144,2.32430616697382,13.3630615862266,3.72136589784513,0,0,1.02847483966655,27.263162986799,0,0,8.07902948065263,5.54600451242075,0,6.91424522970729,27.8378658365505,0.878940865684777,0,0,1.09062378905175,1.25252310658447,0,0,2.91889375613318,0,5.83535034551373,0,10.5568384189948,8.51933225453138,3.83374266515287,8.81604265375178,0,0.89920154510148,0,4.04377852676228,3.32558202843343,0,0,4.53416472579395,0,11.5178750810539,0,0,0,0,6.19405538385081,0,4.64331403715181,0,1.15278934868647,144.810610112373,1.08435137981814,0,"BW vs. WB","BW"
"LOC111099732",197.057437121352,6.58681730516032,1.21241116574355,6.75730545705781e-09,3.82538570041217e-06,16.998031774857,0,111.155287443174,14.8700172259127,45.0895688162243,8.13709549592329,4.58270279520276,0,11.0324625820597,0.997957452691516,12.1050476448007,809.494579043228,0,2.65150936543929,17.0313978641311,9.65486721343441,43.5762984514708,5.28604460472022,9.13257611942276,29.6303290352083,5.72725652627201,38.1438274888881,47.319567712949,13.0824801217947,2491.22147564276,4.18003363143324,4.05743938968086,27.2731989928581,161.711240313542,15.8883960823273,5.57081852182771,20.0558536579974,2.0021985272538,10.3975002834655,159.05132281586,7.36994775467441,29.1101712516199,25.287481421792,3.07315010566514,33.1476263736164,7.79545921208166,103.044240069172,22.2717693103776,61.4025373144446,34.3233594796942,25.586671940144,24.6833961519971,4.77105352268982,6.296739298692,77.7412607016294,40.3951474032631,14.7893453664553,33.4532337001436,7.90199454823691,40.9380379949272,12.3051721195869,27.6567512863016,23.2695560402952,13.087485468621,25.0504621316894,1.80952516601859,90.5259685854177,2051.00934597625,38.4185565392003,103.869236150144,2.14045449291445,129.849112553636,11.3591096727085,9.58435666288218,88.8385836647295,4.06264896796625,0,24.8391877166642,47.17741614556,148.542663936693,14.1860385099202,6319.2098936659,11.3354118144849,13.8527725172365,25.068316352882,3612.45317006153,5.5237581393484,9.72015930294474,8.16888304102899,22.2985993818629,47.4512984492669,73.3643617869985,4.24754109057442,36.8892591579669,26.5301881121905,74.8202452074518,210.277719737347,"BW vs. WB","WB"
"LOC111105193",16.088926038717,23.9349631059678,2.85471668461264,1.79352994303192e-17,2.53834307215212e-14,0,0,8.550406726398,23.6170861823319,0,0,0,0,0,0,0,50.9249538585517,0,11.9317921444768,0,0,0,0.881007434120036,0,0,0,11.6550583993825,5.67834812555389,2.37863274941721,99.3808656800564,0,0,0,6.25978994762097,1.13488543445195,0,0,0,1.73291671391092,0,1.0528496792392,0,0,0,0,0,20.9187555027643,0,0,0,0,0,0,0,0,1.15414706866466,0,0,0,0,1.75788173136955,0,0,0,8.7676617460913,0,6.10287428665738,143.998758635904,4.80231956740004,0,18.1938631897728,41.1716698340796,20.5883862817842,0.958435666288219,3.39078563605838,0,0,6.20979692916604,0,9.97674608530028,0,799.092573123039,0,0,0,142.175263344994,0,0,0,14.8657329212419,0,0,0,0,4.42169801869841,3.25305413945443,3.2021987777261,"BW vs. WB","WB"
"LOC111122323",390.940785976078,3.76149639384055,3.98525891739086,0.000352800897360227,0.0365349709766333,0,6.01575382831857,11.400542301864,1.74941379128385,793.113954049484,9.29953770962662,9.82007741829164,0,0,0.997957452691516,1.00875397040006,99.7280346396637,597.461546430496,0,8.01477546547344,0,3.756577452713,0,0,16.6670600823047,11.454513052544,0,0,0,22.3327788045071,8.36006726286648,2.02871969484043,258.549926452295,421.492523139812,0,0,2727.59609748764,87.0956359355404,136.033962042007,1.50759547692758,0,6.46892694480442,1.68583209478613,4.09753347422019,0,36.0539988558777,0,0,0,4.03804229172873,24.4236413974102,0,0,2696.05387638996,0,1.15414706866466,0,0,56.301711156188,8785.30295371137,0,0,13.5739076901722,0,2.50504621316894,0,0,0,0,3.50121020730824,2.14045449291445,331.484726356436,4.25966612726569,1132.87095755267,0,1387.10443334848,0.89920154510148,1.37995487314801,133.444691383155,52.1007851121237,2.0265769299886,0,2.26708236289698,0,18.9706177805593,0,0,4230.42933218162,19.6053192984696,0,6.05761256799152,0,0,8076.44217689738,4.42169801869841,0,3690.00039153304,"BW vs. WB","WB"
"LOC111110147",20.004698370767,23.3645737554418,2.9383222295246,6.43268175448586e-16,7.80345560454892e-13,0,0,9.50045191822,5.24824137385154,0,0,0,0,0,0,0,284.330992376914,0,1.32575468271965,0,0,3.0052619621704,0,0,0,0,13.7741599265429,9.46391354258981,1.18931637470861,435.489186687887,0,0,0,4.17319329841398,0,0,2.22842818422193,0,2.59937507086638,1.50759547692758,0,0,0,0,0,0,1.54953744464921,0,0,0,11.6303054273382,0,1.36315814933995,0,0,0,0,0,0,9.82512911878252,5.27364519410866,0,0,0,0,0,0,215.998137953855,0,0,23.5449994220589,24.280728363688,0,0,0,0,0,1.37995487314801,0,11.0852734281114,0,575.842763337002,0,0,6.77522063591404,156.192542829712,0,0,3.2675532164116,0,12.115225135983,0,0,0,0,4.33740551927257,2.13479918515073,"BW vs. WB","WB"
"LOC111104470",50.6399789270014,2.85123653743539,2.28389951316965,0.000322302796525083,0.0351457938463045,0.944335098603166,26.0682665893805,19.00090383644,9.62177585206116,6.93685674095759,18.5990754192532,26.8415449433305,24.7635839459586,0,1.99591490538303,2.01750794080012,241.893530828121,62.890689097947,37.1211311161501,4.00738773273672,3.21828907114481,34.5605125649596,0,17.3518946269032,0,1.431814131568,24.3696675623452,8.51752218833083,1.18931637470861,1034.00765864868,0,1.01435984742021,66.5466055425738,43.8185296333468,0,13.9270463045693,14.4847831974426,6.00659558176141,5.19875014173276,27.8905163231603,2.1056993584784,4.31261796320295,0.842916047393067,27.6583509509863,0,0,26.3421365590366,4.45435386207552,2.79102442338385,11.104616302254,11.6303054273382,5.14237419833273,9.54210704537964,3.148369649346,0,9.23317654931729,0,1.91161335429392,0.987749318529613,26.2003443167534,2.63682259705433,21.2744240663859,0.969564835012302,4.36249515620701,5.01009242633788,19.9047768262045,6.10287428665738,268.538225564253,9.60463913480007,0,0,23.2250445217885,2.83977741817713,2.87530699886466,5.4252570176934,2.32151369598072,0,11.0396389851841,44.4815637943851,103.093042881436,0,1297.86099736724,24.9379059918667,7.91587000984941,16.9380515897851,737.909641445496,5.5237581393484,3.24005310098158,1.6337766082058,4.95524430708064,14.1344293253135,2.78598842229108,0,23.0557869737293,7.73797153272222,13.0122165578177,29.8871885921102,"BW vs. WB","WB"
"LOC111137387",1912.12512118485,-2.45342671022573,1.71482024991978,0.000223774006891439,0.0282210040869277,469.334544005774,4697.30111427875,181.458631638002,494.209396037687,9453.77959513503,552.160051509081,2931.620445274,957.525245910397,53393.8091583941,554.864343696483,319.77500861682,2499.56648522391,404.596766530126,621.778946195514,269.496825026544,393.704029703381,1114.95218796522,279.279356616051,2711.46184985662,312.970350434388,259.158357813808,236.27982027839,365.307062743967,220.023529321092,3680.44194698276,429.498455629765,259.676120939575,121.09300352829,95.9834458635215,966.922390153062,579.365126270082,2025.64121945774,587.645267748991,11002.2882166204,529.919810140045,830.69839691973,698.644110038877,277.319379592319,283.754193089748,698.238710386178,825.344244079145,347.871156323748,1362.28988948476,461.449371332796,1140.74694741336,6603.68742164263,311.627876418963,4345.06660102109,815.427739180614,757.977291840887,2398.31760868517,206.126501044971,98.448087746137,469.180926301566,1300.19208671889,3013.8882284331,1259.44590473004,127.012993386611,9552.7737683043,186.625942881086,1510.95351362552,94.5945514431893,108.972033562305,814.473398631046,124.876497393994,254.714084656819,412.772382182695,1384.39149136135,141.848478610656,8868.93890967429,1049.90456900728,361.479021130795,865.921682900376,378.767255340067,2954.22536859169,101.32884649943,256.028551699067,98.6180827860185,554.110900689459,2167.3930814289,640.789919301381,356.282399987972,909.374903675497,281.009576611397,322.090879960242,5797.13522756788,508.907218471838,132.735659080451,1027.13530967964,442.169801869841,312.293197387625,336.23087166124,"BW vs. WB","BW"
"LOC111115053",404.705763347962,4.77697075482095,3.96603597919493,0.0001834419907753,0.0244669356806323,0,6.01575382831857,9.50045191822,0,830.110523334591,0,57.6111208539776,0,1.10324625820597,0,3.02626191120019,50.9249538585517,1122.59880039835,0,0,0,12.7723633392242,0,0,25.9265379058073,2.863628263136,1.05955076358023,0,0,44.6655576090141,0,0,134.184139044862,1626.50208805685,0,0,3653.50800803186,123.135209426109,1056.21273712871,5.27658416924654,0,5.39077245400368,5.0574962843584,0,9.62350443104993,162.730211052205,1.54953744464921,1.48478462069184,0,23.2187431774402,38.380007910216,0,0,3418.07998263997,0,2.30829413732932,0,0,106.676926401198,11398.7872993075,0,0,0,4.36249515620701,2.50504621316894,1.80952516601859,1.0171457144429,0.972964585377727,0.960463913480007,4.66828027641099,0,235.417496743583,2.12983306363284,1414.65104344141,0,369.701056084929,5.39520927060888,5.51981949259204,14.8271879314617,2.21705468562228,0,0,0,0,12.8729192082367,4.00493699563363,0.920626356558067,1871.67067466703,3.2675532164116,0,17.1632356093093,0.928662807430361,0,3948.30351925114,13.2650940560952,1.08435137981814,5353.00895676546,"BW vs. WB","WB"
"LOC111126222",106.813984180445,-1.30952220845227,1.13210777781632,0.000291990547962474,0.0333563193244127,74.6024727896501,1251.27679629026,38.00180767288,48.1088792603058,48.5579971867031,37.1981508385065,37.9709660173943,11.349975975231,67.2980217505639,48.8999151818843,45.3939286680028,42.4374615487931,72.324292462639,41.098395164309,45.0831119932881,36.4739428063078,32.3065660933318,44.0503717060018,57.5352295523634,47.2233368998633,45.8180522101761,59.3348427604927,41.6412195873952,59.4658187354303,26.7993345654085,32.3952606436076,28.402075727766,31.6369108317154,29.2123530888979,39.7209902058183,1157.80178278653,42.3401355002167,37.0406727541953,43.322917847773,44.4740665693637,56.8538826789169,35.5790981964243,42.1458023696533,35.8534178994267,60.9488613966496,61.3892412951431,61.2067290636438,57.9066002069818,61.4025373144446,60.5706343759309,66.2927409358277,39.0820439073287,40.2131654055285,50.373914389536,145.764863815555,53.0907651585744,36.0490293307349,50.6577538887889,39.5099727411845,32.7504303959417,48.3417476126627,1835.9827969291,56.2347604307135,55.6218132416394,50.1009242633788,1298.33430661834,52.8915771510306,75.8912376594627,52.8255152414004,24.5084714511577,44.9495443512034,51.7285082530744,39.0469394999355,60.3814469761578,34.5860134877954,71.386546151407,31.4720540785518,37.9487590115703,43.1336376187977,53.2093124549348,44.5846924597491,75.3025152056079,28.3385295362122,75.2007650935694,60.9769857232264,42.0518384541531,49.7138232541356,63.7210443193044,50.6470748543798,38.403143379875,43.4128900706059,75.2216874018593,42.4754109057442,55.3338887369503,33.1627351402381,33.6148927743624,61.9091763693712,"BW vs. WB","BW"
"LOC111137912",11.2904736525603,5.24124297410601,2.26222475906349,4.25344580655368e-05,0.00888168294442254,0,2.00525127610619,1.900090383644,0,2.3122855803192,1.16244221370333,0,0,3.3097387746179,0,2.01750794080012,23.3406038518362,2.0963563032649,0,0,0,2.2539464716278,0,0,0,0,3.17865229074068,0,5.94658187354303,87.0978373375775,4.18003363143324,10.1435984742021,1.09092795971432,18.7793698428629,23.832594123491,7.42775802910361,11.1421409211097,12.0131911635228,0,0,0,2.15630898160147,21.0729011848267,4.09753347422019,2.13855654023332,0.974432401510207,0.774768722324605,0,0,3.02853171879654,3.48909162820146,0,1.36315814933995,12.593478597384,0,3.46244120599398,1.84866817080692,0,3.95099727411845,4.91256455939126,1.75788173136955,0,1.9391296700246,0,0,0,2.03429142888579,137.188006538259,2.88139174044002,1.16707006910275,0,21.1136768379895,0,1.91687133257644,5.4252570176934,0,1.79840309020296,5.51981949259204,1.34792617558743,5.54263671405571,0,388.915343238375,4.53416472579395,0,4.06513238154843,21.0259192270766,0,0,2.4506649123087,0,0,1.85732561486072,0,122.195670960765,2.21084900934921,4.33740551927257,6.4043975554522,"BW vs. WB","WB"
"LOC111123322",67.163354505304,2.28527376925303,1.69217586575424,0.000258919228254557,0.0312605087193595,19.8310370706665,9.02363074247786,477.872731486466,26.2412068692577,73.9931385702143,20.9239598466599,30.7695759106471,0,2.20649251641193,23.9509788645964,11.0962936744007,33.9499692390345,26.2044537908112,39.7726404815894,13.0240101313943,17.164208379439,29.3013041311614,19.3821635506408,43.8363653732292,5.55568669410156,19.329490776168,27.5483198530859,517.676070779662,2.97329093677152,8.93311152180282,6.27005044714986,19.2728371009841,19.6367032748578,113.719517381781,0,18.569395072759,18.9416395658864,131.144003535124,29.4595841364857,12.0607638154207,6.31709807543521,45.2824886136309,14.3295728056821,13.3169837912156,11.7620609712833,35.0795664543675,93.7470154012772,3.7119615517296,42.795707825219,14.1331480210505,6.97818325640292,7.19932387766582,10.9052651947196,23.088044095204,4.3189589278683,57.7073534332331,156.212460433185,64.0390473688464,0.987749318529613,14.7376936781738,14.9419947166412,29.7841936929402,4.84782417506151,38.1718326168113,13.7777541724292,9.04762583009296,162.743314310863,103.134246050039,8.64417522132007,175.060510365412,18.1938631897728,3.16705152569843,20.5883862817842,525.222745125944,32.5515421061604,24.3758938077975,64.7425112473066,27.5990974629602,16.1751141070491,279.348890388408,96.2624041744584,400.432198505115,11.3354118144849,6.92638625861823,12.1953971446453,802.989867624543,14.7300217049291,8.64014160261755,6.53510643282319,79.2839089132903,12.115225135983,19.5019189560376,4.24754109057442,532.588679093147,22.1084900934921,43.3740551927257,37.3589857401378,"BW vs. WB","WB"
"LOC111127852",48.2395325378312,4.91193956406136,1.06710351230627,7.33965619141443e-07,0.000283299608297398,9.44335098603166,15.0393845707964,15.200723069152,0,9.24914232127678,12.7868643507366,1.96401548365833,26.8272159414551,31.994141487973,0.997957452691516,15.1313095560009,37.1327788551939,4.1927126065298,7.95452809631787,18.0332447973152,2.14552604742987,11.269732358139,9.6910817753204,4.56628805971138,15.7411122999544,1.431814131568,8.47640610864181,19.8742184394386,3.56794912412582,264.643428833409,4.18003363143324,0,2.18185591942865,14.6061765444489,21.5628232545871,4.64234876818976,38.9974932238838,20.021985272538,17.3291671391092,48.2430552616826,5.26424839619601,18.3286263436125,7.5862444265376,0,5.3463913505833,0.974432401510207,27.8916740036858,24.4989462414154,10.2337562190741,8.07608458345745,5.8151527136691,7.19932387766582,13.6315814933995,6.296739298692,31.3124522270452,12.6956177553113,4.6216704270173,5.73484006288177,19.7549863705923,26.2003443167534,27.2471668362281,5.31860601659647,3.87825934004921,17.449980624828,20.0403697053515,0,9.15431142998606,11.6755750245327,52.8255152414004,3.50121020730824,0,8.44547073519582,4.25966612726569,7.66748533030575,43.4020561415472,19.1524879918409,0.89920154510148,6.89977436574005,14.8271879314617,3.32558202843343,7.09301925496009,2739.23972959694,19.2702000846243,4.94741875615588,19.6481398441507,220.27153475985,13.809395348371,1.08001770032719,2.4506649123087,3.71643323031048,10.0960209466525,6.50063965201253,3.18565581793082,25.3613656711022,27.6356126168651,2.16870275963628,111.009557627838,"BW vs. WB","WB"
"LOC111129118",160.768817382176,3.60122415937514,1.61014734868844,6.18691460698918e-05,0.012024230446731,239.861115045204,14.0367589327433,497.823680514728,13.9953103302708,235.853129192558,212.726925107709,45.8270279520276,57.7816958739033,13.2389550984716,22.9530214119049,14.1225555856009,151.713925036935,20.963563032649,83.5225450113377,32.0591018618938,37.5467058300227,140.495996731466,0,23.7446979104992,14.8151645176042,27.204468499792,40.2629290160486,317.041103676759,19.623720182692,1218.25308378586,282.152270121744,22.3159166432447,16.3639193957149,454.878069527124,43.1256465091741,3.71387901455181,82.4518428162115,46.0505661268374,11.263958640421,137.944986138874,71.5937781882657,204.84935325214,2.5287481421792,0,53.463913505833,1.94886480302041,48.8104295064501,20.7869846896858,15.8158050658418,45.4279757819482,0,194.381744696977,301.939530078799,8.395652398256,440.533810642567,482.433474701828,0,241.819089318181,635.122811814541,411.017901469069,94.9256134939559,29.7841936929402,39.7521582355044,32.7187136715526,155.312865216474,179.142991435841,12.2057485733148,276.321942247274,389.948348872883,16.3389809674385,110.233406385094,1284.76723559166,2.83977741817713,121.721329618604,75.9535982477076,20.8936232638264,17.9840309020296,79.3474052060106,128.052986680806,504.37994097907,160.099577469099,79.7320749235849,14.7360353588303,25.7265775320106,63.687073977592,431.531961279524,26.6981643401839,8.64014160261755,3.2675532164116,113.970619062855,86.8257801412118,138.370758307124,10.6188527264361,2222.57786426751,12.1596695514206,10.8435137981814,32.021987777261,"BW vs. WB","WB"
"LOC111109253",22.6284361608015,4.147994864026,3.16159711100589,0.000208823944231975,0.0268676261581291,0,0,3.800180767288,1.74941379128385,0,0,13.0934365577222,0,2.20649251641193,0,0,63.6561923231896,2.0963563032649,0,0,0,1.5026309810852,0,2.73977283582683,0,0.715907065784001,12.7146091629627,3.78556541703592,0,314.892181143549,0,2.02871969484043,0,7.30308827222446,0,0,0,0,0,3.76898869231896,0,0,3.37166418957227,2.0487667371101,21.3855654023332,0,4.64861233394763,4.45435386207552,1.86068294892256,0,2.32606108546764,0,1.36315814933995,142.726090770352,0,0,0,3.82322670858784,0,0,5.27364519410866,0,0.969564835012302,171.227934881125,0,1.80952516601859,6.10287428665738,173.187696197235,0,0,0,21.1136768379895,0.709944354544282,13.4180993280351,62.3904557034741,1.16075684799036,2.69760463530444,0,39.0898590920354,2.21705468562228,0,624.567920234748,2.26708236289698,9.89483751231176,2.03256619077421,229.282643000025,0,1.08001770032719,0.816888304102899,7.43286646062097,8.07681675732202,6.50063965201253,2.12377054528721,47.2643632961451,0,6.50610827890885,8.53919674060293,"BW vs. WB","WB"
"LOC111125477",229.217629815683,4.61668785677756,1.06545202184912,1.7562384983374e-06,0.000566331338546142,49.1054251273646,35.0918973318583,118.75564897775,50.7329999472316,63.5878534587779,32.5483819836932,24.8775294596721,0,61.7817904595341,16.9652766957558,6.05252382240037,888.003882908495,44.0234823685629,0,18.0332447973152,43.9832839723123,62.3591857150358,16.7391412482807,42.0098501493447,6.48163447645182,40.8067027496881,45.5606828339497,92.7463527173801,17.2450874332748,4722.26607821302,14.6301177100163,31.4451552700266,36.0006226705727,197.183383350061,53.3396154192417,18.569395072759,67.9670596187689,21.0230845361649,34.6583342782184,159.805120554324,0,51.7514155584354,25.287481421792,14.3413671597707,41.7018525345497,48.7216200755104,46.4861233394763,17.8174154483021,26.0495612849159,48.4565075007447,53.4994049657557,99.7620594476549,21.8105303894392,24.137500644986,21.5947946393415,88.8693242871789,31.4273589037176,21.0277468972331,33.5834768300069,86.7886405492456,47.462806746978,80.8428114522663,60.1130197707627,34.8999612496561,101.454371633342,16.2857264941673,90.5259685854177,2073.38753143994,96.0463913480007,31.5108918657742,22.4747721756017,97.1229134547519,24.1381080545056,43.1296049829698,78.6662267565543,47.5910307676047,39.5648679844651,26.9091200263862,57.9608255502594,385.767515298277,12.1594615799316,6178.34989463423,45.3416472579395,15.8317400196988,75.8824711222373,2687.31272407017,20.2537798442775,12.9602124039263,18.7884309943667,83.0003421436008,123.171455549161,39.0038379120752,42.4754109057442,53.0283100395774,54.1658007290555,84.5794076258151,148.368543367976,"BW vs. WB","WB"
"LOC111101662",32.1820176482073,1.24988126882377,1.31112308681424,0.000556806180531819,0.0484117319080139,19.8310370706665,21.055138399115,24.701174987372,20.9929654954062,11.561427901596,6.97465328221997,66.121854616497,35.0817439234413,6.6194775492358,1.99591490538303,8.0700317632005,114.581146181741,72.324292462639,13.2575468271965,14.0258570645785,3.21828907114481,47.3328759041838,19.3821635506408,28.3109859702106,13.8892167352539,17.181769578816,26.4887690895056,19.8742184394386,0,4.46655576090141,29.2602354200327,8.11487877936172,50.1826861468589,31.2989497381048,26.1023649923949,0.928469753637951,98.050840105765,43.0472683359567,22.527917280842,7.53797738463791,2.1056993584784,17.2504718528118,10.1149925687168,15.3657505283257,82.3344267989828,58.4659440906124,21.6935242250889,34.8924385862583,13.0247806424579,39.3709123443551,119.792145901583,48.3383174643276,10.9052651947196,72.412501934958,0,4.61658827465864,5.54600451242075,16.2487135114983,12.840741140885,16.3752151979709,8.78940865684777,55.3135025726032,43.6304175755536,40.3530801949148,27.5555083448584,17.1904890771766,5.08572857221448,30.1619021467095,30.7348452313602,28.0096816584659,6.42136347874334,49.6171405692754,58.9253814271754,32.5868126537994,32.5515421061604,33.0815701677252,98.9121699611628,11.0396389851841,114.573724924931,154.085300650749,18.2391923698974,3.54364777438155,13.6024941773819,27.7055450344729,9.48530889027966,29.0357932183438,19.3331534877194,66.961097420286,24.506649123087,12.3881107677016,22.2112460826356,14.8586049188858,15.9282790896541,137.181932493689,15.4759430654444,19.5183248367266,96.0659633317829,"BW vs. WB","WB"
"LOC111108533",46.0369500019564,2.60052029714226,2.5609781922475,0.000527394939107068,0.0469768743837502,26.4413827608887,0,24.701174987372,15.7447241215546,5.78071395079799,1.16244221370333,1.30934365577222,0,4.41298503282386,0,12.1050476448007,361.779359703461,4.1927126065298,9.28028277903752,7.01292853228926,0,18.782887263565,7.04805947296029,28.3109859702106,3.70379112940104,0,20.1314645080243,12.3030876053668,3.56794912412582,797.280203320902,3.13502522357493,2.02871969484043,17.4548473554292,47.9917229317608,15.8883960823273,0,0,10.010992636269,8.66458356955461,27.1367185846965,0,0,0,2.0487667371101,0,1.94886480302041,17.0449118911413,0,0,10.0951057293218,2.32606108546764,0,2.7263162986799,0,0,15.0039118926406,8.31900676863113,1.91161335429392,3.95099727411845,1.63752151979709,1.75788173136955,12.7646544398315,0,14.1781092576728,2.50504621316894,5.42857549805577,14.2400400022005,34.0537604882204,0.960463913480007,16.3389809674385,8.56181797165778,25.3364122055874,5.67955483635425,0,11.5286711625985,5.22340581595661,0,0,13.4792617558743,39.9069843412011,0,1571.60778793822,15.8695765402788,3.9579350049247,9.48530889027966,768.947903161657,0,9.72015930294474,2.4506649123087,6.19405538385081,30.2880628399576,0,0,10.3751041381782,2.21084900934921,14.0965679376358,13.8761947034798,"BW vs. WB","WB"
"LOC111100849",347.208662067643,4.54016836973207,1.12368781949088,3.52197066812504e-06,0.00106676692994624,42.4950794371425,51.1339075407079,205.209761433552,22.74237928669,119.082707386439,233.650884954369,145.991817618602,27.8590319392034,9.9292163238537,101.791660174535,18.1575714672011,1278.42852915739,30.397166397341,9.28028277903752,144.265958378522,60.0747293280364,106.686799657049,29.9542527600812,18.2651522388455,27.7784334705078,37.9430744865521,48.7393351246904,157.100964806991,11.8931637470861,5557.51200550158,20.9001681571662,20.2871969484043,36.0006226705727,439.228594658071,82.8466367149924,64.9928827546566,92.4797696452102,20.021985272538,32.058959207352,120.607638154207,178.984445470664,88.4086682456604,16.8583209478613,32.7802677937615,8.55422616093327,31.1818368483266,196.79125547045,74.981623344938,37.2136589784513,20.1902114586436,54.6624355084895,44.2244181056614,54.5263259735979,7.346195848474,58.3059455262221,83.0985889438556,15.7136794518588,25.8067802829679,40.4977220597141,188.314974776665,143.267361106619,34.0390785062174,60.1130197707627,37.0812088277596,111.474556486018,30.761927822316,295.989402902883,4786.98576005842,94.1254635210407,64.1888538006511,35.3174991330884,206.914033012297,7.09944354544282,11.5012279954586,86.8041122830944,52.2340581595661,16.1856278118266,80.7273600791586,125.357134329631,301.519437244631,13.1727500449259,10924.1801764747,57.8106002538729,91.0325051132682,52.8467209601295,2303.84000673825,15.6506480614871,37.8006195114518,36.7599736846305,13.6269218444718,211.006837785038,13.9299421114554,52.0323783595367,111.820566822587,75.168866317873,171.327518011266,495.27341095497,"BW vs. WB","WB"
"LOC111113650",7.23890832766605,22.0417332385208,2.34459450896041,2.11031723901664e-21,5.62189477907811e-18,0,0,1.900090383644,0,0,0,0,0,0,0,4.03501588160025,0,0,21.2120749235143,0,0,1.5026309810852,0,0,0,0,6.35730458148136,5.67834812555389,0,207.694842881916,6.27005044714986,0,4.3637118388573,0,9.07908347561561,0,0,0,0,6.03038190771033,0,0,0,0,0,1.94886480302041,4.64861233394763,0,3.72136589784513,0,0,2.05694967933309,0,0,0,0,7.39467268322767,0,0.987749318529613,6.55008607918834,0,0,0,0,0,1.80952516601859,2.03429142888579,39.8915480004868,0,3.50121020730824,6.42136347874334,2.11136768379895,0,1.91687133257644,4.06894276327005,0,1.79840309020296,0,0,2.21705468562228,0,163.893709565147,0,1.97896750246235,4.06513238154843,109.134533131016,3.68250542623227,0,0,0,2.01920418933051,0,0,0,2.21084900934921,3.25305413945443,8.53919674060293,"BW vs. WB","WB"
"LOC111131292",60.3903381136824,3.27951807253924,1.0410182213961,1.665606498327e-05,0.00415993387694906,20.7753721692697,21.055138399115,31.351491330126,18.3688448084804,18.4982846425536,22.0864020603632,15.7121238692666,35.0817439234413,14.3422013566776,9.97957452691517,15.1313095560009,366.02310585834,10.4817815163245,41.098395164309,20.0369386636836,37.5467058300227,21.7881492257354,11.4530966435605,9.13257611942276,25.9265379058073,39.3748886181201,33.9056244345672,38.8020455246182,30.9222257424238,937.976709789296,21.9451765650245,6.08615908452129,34.9096947108584,64.6844961254167,17.0232815167793,27.8540926091385,32.312208671218,14.0153896907766,50.2545847034167,94.2247173079739,17.8984445470664,32.3446347240221,19.3870690900405,10.2438336855505,35.2861829138498,10.7187564166123,37.188898671581,26.7261231724531,13.0247806424579,52.4945497924734,19.7715192264749,45.252892945328,11.5868442693896,10.49456549782,3.23921919590123,23.0829413732932,23.1083521350865,17.2045201886453,29.6324795558884,18.0127367177679,51.8575110754019,21.2744240663859,43.6304175755536,19.6312282029315,20.0403697053515,19.0000142431952,44.7544114354874,93.4046001962618,19.2092782696001,8.16949048371923,16.0534086968583,17.9466253122911,17.0386645090628,13.4180993280351,27.126285088467,23.2151369598072,48.5568834354799,11.7296164217581,26.9585235117486,62.0775311974239,20.265769299886,1188.89382830501,11.3354118144849,76.1902488448005,52.1691988965381,620.765234323213,11.9681426352549,16.2002655049079,28.5910906436015,34.6867101495645,29.2784607452923,18.5732561486072,11.6807379990797,17.291840230297,9.94882054207142,35.7835955339987,100.335561702084,"BW vs. WB","WB"
"LOC111102585",73.718975261236,2.44224077474746,2.1674042186808,0.000428531689976664,0.0414162533728235,7.55468078882533,34.0892716938053,59.852847084786,95.3430516249696,77.4615669406931,0,177.416065357136,14.4454239684758,2.20649251641193,3.99182981076607,7.06127779280044,346.926248161383,166.660326109559,7.95452809631787,9.01662239865762,0,141.998627712551,11.4530966435605,24.6579555224414,2.77784334705078,2.863628263136,9.53595687222203,12.3030876053668,2.37863274941721,73.6981700548733,7.31505885500817,6.08615908452129,151.638986400291,470.527544396176,12.4837397789715,5.57081852182771,187.187967474642,104.114323417198,58.0527099160159,0.753797738463791,2.1056993584784,9.70339041720663,11.8008246635029,10.2438336855505,252.349671747532,73.0824301132655,37.9636673939057,3.7119615517296,0,44.418465209016,43.0321300811513,16.4555974346647,4.08947444801985,415.584793713672,0,13.8497648239759,5.54600451242075,3.82322670858784,247.925078950933,111.351463346202,1.75788173136955,44.6762905394103,0.969564835012302,35.9905850387078,2.50504621316894,64.23814339366,0,3.89185834151091,125.820772665881,7.00242041461648,10.7022724645722,156.241208601123,0,326.826562204283,3.39078563605838,33.6619485917204,1.79840309020296,4.13986461944403,552.649731990845,67.6201679114797,2.0265769299886,26.5773583078616,13.6024941773819,5.93690250738706,10.1628309538711,18.0222164803513,3.68250542623227,169.562778951369,6.53510643282319,3.71643323031048,53.5089110172584,11.1439536891643,0,949.898423317647,30.9518861308889,22.771378976181,407.74664436379,"BW vs. WB","WB"
"LOC111133984",71.5733122760084,1.67312048176852,1.68005451005103,0.000568957138282657,0.0484528318048502,13.2206913804443,3.00787691415929,25.651220179194,32.3641551387512,34.6842837047879,46.4976885481331,48.4457152635721,0,40.8201115536207,26.9448512226709,50.4376985200031,19.0968576969569,36.6862353071357,7.95452809631787,0,8.58210418971948,112.69732358139,45.8123865742419,86.7594731345162,3.70379112940104,23.624933170872,37.0842767253079,24.6061752107335,10.7038473723775,5.58319470112676,16.720134525733,25.3589961855054,77.455885139717,7.30308827222446,27.2372504268468,18.569395072759,490.254200528825,90.0989337264211,97.0433359790116,32.413302753943,35.7968890941329,19.4067808344133,19.3870690900405,10.2438336855505,52.3946352357163,15.5909184241633,44.1618171725025,2.96956924138368,7.44273179569026,14.1331480210505,51.1733438802881,24.6833961519971,16.3578977920794,36.73097924237,41.0301098147489,40.3951474032631,8.31900676863113,39.1880737630254,11.8529918223554,31.1129088761446,14.0630538509564,26.5930300829823,5.81738901007381,575.849360619325,36.3231700909497,1586.0488080153,26.4457885755153,42.81044175662,13.4464947887201,11.6707006910275,44.9495443512034,36.9489344664817,15.6187757999742,0.958435666288219,21.7010280707736,26.6974075037782,25.1776432628414,6.89977436574005,878.847866483003,748.255956397521,36.4783847397948,10.6309433231446,20.4037412660728,11.8738050147741,4.74265444513983,10.0123424890841,3.68250542623227,27.0004425081798,3.2675532164116,24.7762215354032,4.03840837866101,35.2891866823537,5.30942636321803,16.1390508816105,28.7410371215397,30.361838634908,17.0783934812059,"BW vs. WB","WB"
"LOC111137698",86.8748967780428,3.60263730602176,1.68183467003156,7.08843173590171e-05,0.0129912085231724,34.9403986483171,2.00525127610619,135.856462430546,22.74237928669,21.9667130130324,9.29953770962662,7.2013901067472,35.0817439234413,8.82597006564773,0,20.1750794080012,384.059027016577,4.1927126065298,13.2575468271965,35.0646426614463,43.9832839723123,25.5447266784484,22.9061932871209,9.13257611942276,5.55568669410156,2.863628263136,23.310116798765,55.8370899012799,7.13589824825164,1563.29451631549,2.09001681571662,7.1005189319415,15.2729914360005,215.962753192923,15.8883960823273,5.57081852182771,12.2563550132206,19.0208860089111,29.4595841364857,55.7810326463206,16.8455948678272,30.1883257424206,3.37166418957227,46.0972515849772,10.6927827011666,10.7187564166123,34.0898237822826,1.48478462069184,1.86068294892256,19.1807008857114,9.30424434187056,16.4555974346647,11.5868442693896,12.593478597384,15.1163562475391,34.6244120599398,8.31900676863113,12.4254868029105,0,134.276764623361,3.51576346273911,67.0144358091155,13.5739076901722,2.18124757810351,43.8383087304565,6.33333808106507,52.8915771510306,542.914238640772,17.2883504426401,16.3389809674385,6.42136347874334,76.0092366167623,5.67955483635425,5.75061399772931,65.1030842123208,18.5721095678457,6.29441081571036,8.27972923888806,31.0023020385108,129.697699108904,2.0265769299886,1920.6570937148,20.4037412660728,11.8738050147741,10.8403530174625,1115.37495328397,5.5237581393484,25.9204248078526,24.506649123087,11.1492996909314,133.267476495813,13.0012793040251,5.30942636321803,31.1253124145346,39.7952821682857,98.6759755634509,102.470360887235,"BW vs. WB","WB"
"LOC111136726",21.7704005215589,3.7518845656229,1.88175082600031,8.70568818442831e-05,0.0146145968437667,11.332021183238,2.00525127610619,12.350587493686,3.49882758256769,3.46842837047879,8.13709549592329,17.0214675250388,20.6363199549655,6.6194775492358,0,4.03501588160025,125.19051156894,4.1927126065298,0,2.00369386636836,1.07276302371494,24.7934111879058,2.64302230236011,10.045833731365,1.85189556470052,0,14.8337106901232,18.9278270851796,3.56794912412582,435.489186687887,5.22504203929155,4.05743938968086,4.3637118388573,14.6061765444489,4.5395417378078,3.71387901455181,49.0254200528825,9.00989337264211,4.3322917847773,9.0455728615655,2.1056993584784,2.15630898160147,5.0574962843584,1.02438336855505,0,2.92329720453062,3.87384361162303,0,23.2585368615321,10.0951057293218,6.97818325640292,5.14237419833273,0,17.840761346294,0,1.15414706866466,0,0,3.95099727411845,0,3.51576346273911,8.50976962655434,0,7.63436652336227,6.26261553292235,11.7619135791208,12.2057485733148,82.7019897571068,7.68371130784006,9.33656055282198,2.14045449291445,6.33410305139686,7.09944354544282,9.58435666288218,11.5286711625985,1.16075684799036,6.29441081571036,3.44988718287002,26.9585235117486,15.519382799356,0,551.923140859926,12.4689529959334,5.93690250738706,4.06513238154843,178.219696305697,12.8887689918129,8.64014160261755,3.2675532164116,2.47762215354032,22.2112460826356,0,0,6.91673609211879,2.21084900934921,14.0965679376358,10.6739959257537,"BW vs. WB","WB"
"LOC111137304",46.6769902172562,3.81329489587968,2.11606352766539,0.000114457951895763,0.0178210901691252,1.88867019720633,6.01575382831857,15.200723069152,3.49882758256769,26.5912841736708,30.2234975562865,1.96401548365833,0,6.6194775492358,13.9714043376812,1.00875397040006,270.538817373556,1.04817815163245,6.62877341359823,10.0184693318418,12.8731562845792,41.322351979843,0,1.82651522388455,4.6297389117513,0.715907065784001,18.0123629808638,22.7133925022155,3.56794912412582,748.148089950986,7.31505885500817,0,4.3637118388573,16.6927731936559,4.5395417378078,3.71387901455181,0,0,3.46583342782184,16.5835502462034,2.1056993584784,0,5.0574962843584,2.0487667371101,0,9.74432401510207,15.4953744464921,2.96956924138368,0,22.209232604508,16.2824275982735,5.14237419833273,15.6763187174094,4.197826199128,0,20.7746472359639,1.84866817080692,14.3371001572044,17.779487733533,26.2003443167534,18.4577581793803,23.4018664730244,5.81738901007381,11.9968616795693,17.5353234921826,0,11.1886028588719,306.483844393984,15.3674226156801,3.50121020730824,0,35.8932506245822,0,0,4.06894276327005,3.48227054397107,4.4960077255074,0.689977436574005,29.6543758629234,24.3876015418451,18.2391923698974,1754.10564831887,13.6024941773819,8.90535376108059,4.06513238154843,392.483825572096,8.2856372090226,9.72015930294474,4.9013298246174,3.71643323031048,18.1728377039746,4.64331403715181,0,2.30557869737293,2.21084900934921,6.50610827890885,38.4263853327132,"BW vs. WB","WB"
"LOC144626693",557.597155132529,3.16545962188429,3.38654547727942,0.000476665754652697,0.0438377620930594,0,136.357086775221,862.641034174376,0,1918.04088887477,1.16244221370333,45.8270279520276,0,0,6.98570216884062,1.00875397040006,39.2546519326336,1108.97248442713,1.32575468271965,0,0,1.5026309810852,1.76201486824007,0,0,14.31814131568,22.2505660351847,0.946391354258981,0,15.6329451631549,0,0,451.64417532173,541.471830469214,1.13488543445195,0,880.229132767663,681.748598529919,795.408771685113,3.01519095385517,0,36.6572526872251,2.5287481421792,1.02438336855505,18.1777305919832,3.89772960604083,0,0,1.86068294892256,7.06657401052527,1.16303054273382,3.08542451899964,2.04473722400992,4294.37620170794,0,0,0,3.82322670858784,47.4119672894214,1624.42134763871,0.878940865684777,2.12744240663859,0.969564835012302,1.09062378905175,55.1110166897167,0,0,9.72964585377727,3.84185565392003,21.0072612438494,1.07022724645722,378.990499241912,0.709944354544282,1366.729260127,5.4252570176934,892.04163768059,0,13.1095712949061,204.884778689289,5.54263671405571,6.07973078996579,11.51685526674,3.40062354434547,3.9579350049247,71.8173387406889,4.00493699563363,0,4362.19149162154,0,0,32.3072670292881,0,21.2377054528721,26903.7978196447,14.3705185607698,8.67481103854514,3312.14093576136,"BW vs. WB","WB"
"LOC111134056",425.600685833237,5.7110482091381,1.01106924082023,3.59413743569435e-09,2.08092389032531e-06,73.6581376910469,40.1050255221238,228.960891229102,51.6077068428735,77.4615669406931,67.421648394793,32.7335913943054,202.235935558662,23.1681714223253,51.8937875399589,48.420190579203,2644.91479102853,149.88947568344,38.4468857988697,36.0664895946305,21.4552604742987,229.151224615493,207.917754452328,34.7037892538065,25.9265379058073,342.919484510537,107.014627121603,191.171053560314,22.0023529321092,7001.32615521296,35.5302858671825,30.4307954226064,26.1822710331438,441.315191307278,22.697708689039,131.842705016589,95.8224119215431,39.0428712814491,19.0620838530201,139.452581615801,24.2155426225016,35.5790981964243,35.4024739905088,24.5852008453212,528.22346543763,49.6960524770206,153.404207020272,61.6185617587114,21.3978539126095,8.07608458345745,54.6624355084895,45.252892945328,904.455432087056,62.96739298692,62.6249044540904,62.3239417078917,513.929751484323,38.2322670858784,9.87749318529613,153.927022860926,33.3997528960215,129.773986804954,355.830294449515,11.9968616795693,56.3635397963012,76.9048195557901,129.177505734248,939.883789474884,52.8255152414004,22.1743313129522,81.3372707307489,192.134459225705,50.406049172644,92.9682596299572,82.0570123926127,38.885354407677,54.8512942511903,869.371570083246,128.052986680806,492.186140208147,249.268962388598,12994.5563886571,61.2112237982184,59.3690250738706,67.074684295549,4790.90588102673,25.7775379836259,41.0406726124334,8.16888304102899,44.5971987637258,148.411507915792,188.518549908363,112.559838900222,53.0283100395774,187.922165794682,168.074463871812,281.793492439897,"BW vs. WB","WB"
"LOC111134355",424.437557973923,5.93194432242918,1.19958754122224,1.21849591894963e-07,5.74836732134108e-05,34.9403986483171,13.0341332946902,159.607592226096,100.591292998821,132.956420868354,38.3605930522098,5.23737462308887,24.7635839459586,3.3097387746179,23.9509788645964,40.3501588160025,2997.14572188351,8.3854252130596,45.0756592124679,53.0978874587615,13.9459193082942,178.061771258596,9.6910817753204,73.9738665673244,11.1113733882031,205.465327880008,81.5854087956774,200.634967102904,19.623720182692,7473.66442692828,0,25.3589961855054,33.818766751144,440.271892982675,52.2047299847898,22.2832740873108,150.41890243498,132.145102798751,2.59937507086638,193.726018785194,8.42279743391361,31.2664802332214,2.5287481421792,14.3413671597707,55.6024700460663,9.74432401510207,121.638689404963,65.330523310441,28.8405857082997,53.5040603654056,20.9345497692088,186.153945979645,20.4473722400992,16.791304796512,8.6379178557366,58.8615005018977,9.24334085403459,118.520027966223,5.92649591117768,70.4134253512747,43.9470432842389,12.7646544398315,159.008632942017,43.6249515620701,35.0706469843652,54.2857549805577,150.537565737549,1265.82692557642,54.7464430683604,23.3414013820549,12.8427269574867,244.918651320679,29.8176628908598,23.0024559909172,49.5054702864523,57.4574639755227,28.7744494432474,34.4988718287002,150.967731665792,528.767542520915,149.966692819156,14786.7562505506,79.3478827013942,34.6319312930912,87.4003462032912,6098.51781010111,8.2856372090226,20.5203363062167,0,22.2985993818629,199.90121474372,29.7172098377716,7.43319690850524,69.1673609211879,51.9549517197063,147.471787655267,342.635269216693,"BW vs. WB","WB"
"LOC111136478",19.5832609417421,2.61575821790444,2.44252751873637,0.000471721350685908,0.043540222495375,4.72167549301583,0,3.800180767288,1.74941379128385,0,9.29953770962662,0,0,1.10324625820597,7.98365962153213,0,106.093653871983,5.24089075816225,2.65150936543929,0,4.29105209485974,7.513154905426,6.16705203884025,8.21931850748048,0,4.29544239470401,2.11910152716045,5.67834812555389,6.54124006089734,361.791016633014,0,0,24.0004151137151,18.7793698428629,1.13488543445195,0,0,1.0010992636269,1.73291671391092,3.01519095385517,0,3.23446347240221,0,2.0487667371101,16.0391740517499,1.94886480302041,6.97291850092145,0,1.86068294892256,6.05706343759309,3.48909162820146,2.05694967933309,1.36315814933995,0,0,25.3912355106225,6.47033859782421,0,1.97549863705923,0,0,0,0.969564835012302,5.45311894525876,3.75756931975341,0,8.13716571554317,56.4319459519082,1.92092782696001,1.16707006910275,0,19.0023091541906,5.67955483635425,1.91687133257644,4.06894276327005,5.80378423995179,6.29441081571036,2.06993230972201,0,7.75969139967799,5.06644232497149,688.353580173616,0,1.97896750246235,1.35504412718281,192.236975790414,0,0,13.0702128656464,9.91048861416129,6.05761256799152,6.50063965201253,5.30942636321803,14.9862615329241,12.1596695514206,7.59045965872699,28.8197889995349,"BW vs. WB","WB"
"LOC111136946",98.0436836117643,4.93748138045822,0.895684579415305,1.17151133820169e-08,6.21755236264336e-06,33.0517284511108,13.0341332946902,27.551310562838,21.8676723910481,48.5579971867031,33.7108241973965,31.4242477385332,0,31.994141487973,7.98365962153213,34.2976349936021,45.6202711649526,47.1680168234602,34.4696217507108,12.0221631982102,20.3824974505838,73.6289180731748,24.668208155361,20.0916674627301,3.70379112940104,25.05674730244,16.9528122172836,18.9278270851796,6.54124006089734,11.1663894022535,7.31505885500817,12.1723181690426,15.2729914360005,12.5195798952419,34.0465630335585,18.569395072759,362.119579936064,38.0417720178222,48.5216679895058,10.5531683384931,20.0041439055448,44.2043341228302,8.42916047393067,12.2926004226606,23.5241219425665,28.258539643796,58.88242289667,18.559807758648,1.86068294892256,8.07608458345745,10.4672748846044,17.4840722743313,19.0842140907593,37.780435792152,36.7111508868806,25.3912355106225,5.54600451242075,17.2045201886453,2.96324795558884,78.6010329502601,7.03152692547822,42.5488481327717,14.5434725251845,235.574738435179,31.3130776646118,2768.57350400844,20.3429142888579,46.7023000981309,13.4464947887201,4.66828027641099,16.0534086968583,19.0023091541906,15.6187757999742,5.75061399772931,10.8505140353868,35.9834622877011,8.9920154510148,1.37995487314801,2814.46985462655,975.504061673805,16.2126154399088,22.1477985898847,14.7360353588303,9.89483751231176,25.068316352882,32.039495965069,3.68250542623227,29.1604779088342,6.53510643282319,13.6269218444718,6.05761256799152,11.1439536891643,6.37131163586163,17.291840230297,21.0030655888175,14.0965679376358,4.26959837030146,"BW vs. WB","WB"
"LOC111124006",132.695392228971,-1.91491584326293,1.58648069194838,0.000336273155348897,0.0353181216759566,43.4394145357456,52.136533178761,5.700271150932,335.012741030857,193.075845956653,41.8479196933198,250.084638252494,30.9544799324482,207.410296542722,208.573107612527,25.2188492600016,40.3155884713534,89.0951428887582,2.65150936543929,406.749854872777,140.531956106656,213.373599314098,68.7185798613628,1938.84591015345,56.4828147233659,25.772654368224,180.123629808638,48.265959067208,10.7038473723775,269.10998459431,319.772572804643,20.2871969484043,63.2738216634308,33.3855463873118,71.4977823704729,16.7124555654831,540.393834673818,50.054963181345,18.1956254960647,98.7475037387567,88.4393730560929,2.15630898160147,269.733135165781,834.872445372364,363.554611839664,18.5142156286939,6.19814977859684,55.679423275944,11.1640976935354,65.6181872405918,231.44307800403,81.2495123336571,9.54210704537964,24.137500644986,342.277495033563,18.4663530986346,110.920090248415,120.431641320517,85.9341907120764,199.777625415245,40.4312798214997,36.166520912856,79.5043164710087,34.8999612496561,345.696377417314,32.5714529883346,65.0973257243453,81.729025171729,61.4696904627205,26.8426115893632,22.4747721756017,41.1716698340796,1.41988870908856,199.354618587949,69.8501841028026,232.151369598072,48.5568834354799,180.774088382389,107.834094046994,8.86821874248914,18.2391923698974,25.6914463642662,11.3354118144849,30.6739962881665,44.7164561970327,18.0222164803513,380.218685258482,6.48010620196316,50.6470748543798,457.121287328189,35.3360733132839,45.5044775640877,63.7131163586163,70.3201502698744,33.1627351402381,85.6637590056332,57.6395779990698,"BW vs. WB","BW"
"LOC111135465",32.7944875699239,1.35715711232434,1.19566231668535,0.000322830844358597,0.0351457938463045,33.996063549714,10.026256380531,48.452304782922,50.7329999472316,26.5912841736708,13.9493065644399,24.222857631786,4.12726399099309,8.82597006564773,16.9652766957558,24.2100952896015,11.6703019259181,53.4570857332549,79.5452809631787,7.01292853228926,25.7463125691584,32.3065660933318,20.2631709847608,26.484470746326,25.9265379058073,30.784003828712,15.8932614537034,49.212350421467,20.8130365574006,26.7993345654085,21.9451765650245,0,29.4550549122867,17.7360715182594,23.832594123491,33.4249111309663,53.4822764213264,16.0175882180304,18.1956254960647,9.0455728615655,2.1056993584784,19.4067808344133,21.0729011848267,11.2682170541055,17.1084523218665,0.974432401510207,18.5944493357905,11.1358846551888,46.5170737230641,6.05706343759309,8.14121379913674,44.2244181056614,1.36315814933995,38.829892341934,32.3921919590123,69.2488241198797,12.016343110245,41.0996871173193,26.6692316002996,16.3752151979709,22.8524625078042,20.2107028630666,12.6043428551599,46.8968229292254,37.5756931975341,8.14286324708366,36.6172457199443,35.9996896589759,40.3394843661603,64.1888538006511,34.2472718866311,33.7818829407833,79.5137677089595,30.669941321223,23.057342325197,19.1524879918409,36.8672633491607,1.37995487314801,71.4400873061337,55.4263671405571,103.355423429418,281.719998063333,26.0714471733152,11.8738050147741,28.455926670839,99.1221906419323,7.36501085246453,34.5605664104702,31.8586438600131,44.5971987637258,29.2784607452923,42.7184891417966,12.7426232717233,32.278101763221,45.3224046916587,36.8679469138168,82.1897686283032,"BW vs. WB","WB"
"LOC111135673",48.3832369405533,3.85765864775727,2.0740276175044,0.000104515715235482,0.0166408615351495,10.3876860846348,2.00525127610619,77.903705729404,80.4730343990569,91.3352804226082,81.3709549592329,58.9204645097498,0,6.6194775492358,6.98570216884062,73.6390398392046,3.18280961615948,7.33724706142715,0,11.020316265026,0,59.3539237528654,10.5720892094404,0.913257611942276,0,2.863628263136,9.53595687222203,131.548398241998,64.8177424216191,4.46655576090141,9.40507567072478,11.1579583216224,0,65.7277944500202,79.4419804116366,6.49928827546566,74.6523441714347,8.00879410901521,30.3260424934411,1.50759547692758,1.0528496792392,17.2504718528118,20.2299851374336,81.9506694844038,115.482053172599,61.3892412951431,19.3692180581151,2.96956924138368,0,46.4374863548803,22.0975803119426,26.7403458313302,10.9052651947196,0,0,16.1580589613053,64.7033859782421,0,14.8162397779442,93.3387266284339,0,68.0781570124348,0.969564835012302,9.81561410146577,5.01009242633788,0,0,8.75668126839954,11.5255669617601,31.5108918657742,1154.77519892734,11.6125222608942,87.3231556089466,1.91687133257644,11.5286711625985,48.1714091915998,1.79840309020296,8.96970667546206,145.576026963442,737.170682969409,0,35.4364777438155,0,3.9579350049247,0,152.187605834078,1.84125271311613,86.4014160261755,23.6897608189841,7.43286646062097,63.6049319639109,2.78598842229108,1.06188527264361,18.4446295789834,1.1054245046746,11.9278651779996,0,"BW vs. WB","WB"
"LOC111137922",160.507200492911,-1.52496038316755,1.557759268438,0.000575395089644981,0.0485370526778341,19.8310370706665,413.081762877875,32.301536521948,94.4683447293277,9.24914232127678,6.97465328221997,11.78409290195,7.22271198423791,536.1776814881,126.740596491823,10.0875397040006,95.4842884847844,45.0716605201953,169.696599388115,400.738773273672,139.459193082942,24.0420956973632,309.233609376133,70.3208361195552,329.637410516693,25.05674730244,83.7045103228378,37.8556541703592,49.9512877377615,391.940268019099,448.308606971215,46.6605529813299,67.6375335022881,63.6411978008132,21.5628232545871,326.821353280559,67.9670596187689,464.510058322882,38.1241677060403,64.0728077694223,548.534682883624,6.46892694480442,272.261883307961,26.6339675824312,36.3554611839664,21.4375128332246,416.050803888313,278.39711637972,69.7756105845962,870.19811386754,320.996429794534,2.05694967933309,62.7052748696376,342.122835228932,322.842179858156,72.7112653258737,36.9733634161384,58.3042073059646,346.700010803894,19.650258237565,287.413663078922,81.9065326555856,95.9869186662178,26.1749709372421,219.191543652282,303.095465308114,137.314671449791,51.5671230250195,327.518194496682,120.208217117583,101.671588413436,402.215543763701,999.601651198348,158.141884937556,292.963878955444,17.4113527198554,119.593805498497,6.89977436574005,52.5691208479097,25.4961288846563,39.5182501347777,3.54364777438155,94.0839180602245,453.183558063879,269.653781309379,13.0160452358093,57.0788341066001,62.6410266189772,14.7039894738522,61.9405538385081,417.975267191415,25.0738958006198,75.393854357696,29.9725230658481,43.1115556823095,2.16870275963628,96.0659633317829,"BW vs. WB","BW"
"LOC144626783",75.030486946269,24.1695701834563,4.21191993750099,2.11682929055597e-09,1.28395776611699e-06,1.88867019720633,0,0,0,0,333.620915332855,0,543.76703081334,0,0,0,36.0718423164741,322.838870702794,0,0,0,0,703.924939861909,0,0,0,0,0,0,359.557738752564,489.063934877689,0,0,0,0,0,0,0,0,0,0,0,0,0,0,0,0,0,468.892103128486,0,0,0,2.7263162986799,0,0,0,0,0,427.695454923323,0,217.977334689825,0,0,0,11.2727079592602,0.904762583009296,6.10287428665738,0,0,0,683.875210486165,0,0,579.853578104372,0,0,10.7904185412178,2.06993230972201,0,0,0,429.667292643763,0,0,0,0,0,0,2.4506649123087,0,0,0,454.486896691463,315.864281540092,497.441027103571,0,0,"BW vs. WB","WB"
"LOC111134790",911.747925173645,5.06319955384236,1.06154678392164,3.84660113443905e-07,0.000158051877257798,132.206913804443,23.0603896752212,270.76287966927,109.33836195524,363.028836110114,179.016100910312,38.6256378452804,326.053855288454,143.422013566776,73.8488514991722,226.969643340014,3759.95909322307,109.010527769775,987.687238626136,26.0480202627887,34.3284167588779,1012.02196576088,95.1488028849639,415.532213433736,41.6676502057617,53.6930299338001,218.267457297527,320.826669093795,459.670778824877,16537.4227047375,109.725882825122,26.3733560329256,39.2734065497157,848.201537902641,158.883960823273,38.067259899156,159.332615171868,40.043970545076,139.499795469829,644.497066386542,31.5854903771761,66.8455784296457,419.772191601747,30.7315010566514,165.738131868082,120.829617787266,569.455010908585,23.0141616207235,11.1640976935354,305.881703598451,289.594605140721,71.9932387766582,8.17894889603969,24.137500644986,371.430467796674,147.730824789077,15.7136794518588,42.0554937944663,188.660119839156,170.302238058897,68.5573875234126,266.994022033143,55.2651955957012,63.2561797650016,326.908530818547,128.47628678732,266.492177184039,1858.36235807146,175.764896166841,96.866815735528,92.0395431953212,297.702843415653,31.2375515999484,86.2592099659397,585.249600783676,128.84401012693,67.440115882611,85.5572021351766,206.232704864876,1439.97701831167,7.09301925496009,27539.4586786062,107.686412237606,85.0956026058811,123.309015573636,15133.6556722506,15.6506480614871,333.725469401103,1262.90931814308,112.731807986085,229.179675489012,136.513432692263,28.6709023613773,138.334721842376,198.976410841428,303.61838634908,560.384786102067,"BW vs. WB","WB"
"LOC111133272",8.052266856127,4.39099133762843,3.00947326529262,0.000160609236776232,0.0228576553456676,0.944335098603166,0,3.800180767288,2.62412068692577,0,0,13.0934365577222,0,0,0,0,20.1577942356767,26.2044537908112,0,0,0,6.7618394148834,0,0.913257611942276,0,1.431814131568,0,3.78556541703592,0,152.979534810873,1.04500840785831,0,10.9092795971432,15.6494748690524,6.80931260671171,0,0,4.0043970545076,1.73291671391092,1.50759547692758,1.0528496792392,0,0,1.02438336855505,17.1084523218665,15.5909184241633,2.32430616697382,0,0,0,11.6303054273382,1.02847483966655,0,1.049456549782,0,0,0,0,4.93874659264807,6.55008607918834,0,0,0,10.9062378905175,2.50504621316894,0,5.08572857221448,43.7834063419977,1.92092782696001,0,1.07022724645722,27.4477798893864,2.12983306363284,5.75061399772931,8.1378855265401,1.16075684799036,9.89121699611628,0,0,1.10852734281114,3.0398653949829,190.471067873008,3.40062354434547,2.96845125369353,1.35504412718281,56.0691179388708,0.920626356558067,4.32007080130877,0.816888304102899,0,0,0,0,9.22231478949172,0,0,10.6739959257537,"BW vs. WB","WB"
"LOC111138387",78.3329007069951,7.54463494761471,1.77812389134443,6.26311833852114e-07,0.000245466061036655,0,1.0026256380531,39.901898056524,6.99765516513539,26.5912841736708,2.32488442740666,2.61868731154444,0,0,3.99182981076607,7.06127779280044,391.485582787616,0,0,0,0,39.0684055082152,0,1.82651522388455,0,1.431814131568,10.5955076358023,4.7319567712949,1.18931637470861,1959.70134009549,2.09001681571662,2.02871969484043,0,68.8576894238307,15.8883960823273,0,8.91371273688773,6.00659558176141,0,31.6595050154792,0,2.15630898160147,0.842916047393067,8.19506694844038,2.13855654023332,3.89772960604083,31.7655176153088,4.45435386207552,1.86068294892256,0,18.6084886837411,0,0,0,0,11.5414706866466,1.84866817080692,1.91161335429392,15.8039890964738,13.1001721583767,5.27364519410866,19.1469816597473,3.87825934004921,4.36249515620701,5.01009242633788,3.61905033203718,8.13716571554317,341.510569467582,31.6953091448402,11.6707006910275,2.14045449291445,19.0023091541906,0,3.83374266515287,25.7699708340437,3.48227054397107,3.59680618040592,2.75990974629602,0,86.4651327392691,0,2460.17746736439,6.80124708869093,0,2.71008825436562,1143.4095122534,0,19.4403186058895,0,0,40.3840837866101,11.1439536891643,0,48.4171526448315,14.3705185607698,32.5305413945443,91.7963649614815,"BW vs. WB","WB"
"LOC111135629",201.526010978064,2.07697052554919,0.907096480002648,4.15132330745181e-05,0.00874007944275496,59.4931112119995,85.2231792345131,76.953660537582,192.435517041223,176.889846894418,168.554120986983,218.66039051396,147.549687678003,41.9233578118267,150.691575356419,355.081397580822,1312.37849839643,194.961136203636,107.386129300291,113.208703449812,64.3657814228961,287.002517387273,213.203799057049,199.090159403416,79.6315092821224,91.6361044203521,83.7045103228378,89.9071786546032,85.0361207916654,91.5643930984789,126.446017350855,100.421624894601,198.548888668007,263.954476124684,196.335180160188,92.8469753637952,998.335826531425,197.216554934499,162.027712750671,58.0424258617119,92.6507717730497,64.6892694480442,69.9620319336245,164.925722337363,184.985140730182,280.63653163494,91.4227092343034,28.9533001034909,124.665757577812,443.175141517228,195.389131179282,88.4488362113229,71.5658028403473,268.660876744192,185.715233898337,41.5492944719278,116.466094760836,111.829381226194,95.8116838973725,330.779346999011,43.9470432842389,244.655876763437,95.9869186662178,148.324835311038,96.4442792070043,55.190517563567,145.451837165334,102.161281464661,354.411184074123,99.2009558737335,81.3372707307489,137.238899446932,81.6436007725924,248.234837568649,50.8617845408756,127.102874854944,62.0449066120021,125.575893456469,2604.19337123491,84.2480780536468,176.312192909008,108.081257118637,138.292024136716,127.643403908822,81.9801696945599,58.0715864366876,125.205184491897,906.134850574515,167.462102341094,118.925863369935,72.6913508158982,168.087968144895,96.6315598105681,397.712325296831,93.9610828973412,82.4107048661788,499.543009325271,"BW vs. WB","WB"
"LOC144626296",12.1049357596113,2.27498859815276,1.67039091948284,0.000252097396269169,0.0307281395691727,6.61034569022216,11.0288820185841,0,2.62412068692577,6.93685674095759,1.16244221370333,1.96401548365833,10.3181599774827,1.10324625820597,1.99591490538303,16.140063526401,7.42655577103879,8.3854252130596,22.537829606234,6.01108159910508,6.43657814228961,18.0315717730224,8.81007434120036,6.39280328359593,8.33353004115235,1.431814131568,14.8337106901232,0.946391354258981,20.8130365574006,8.93311152180282,4.18003363143324,24.3446363380851,3.27278387914297,6.25978994762097,3.40465630335585,5.57081852182771,7.79949864477676,6.00659558176141,48.5216679895058,6.03038190771033,1.0528496792392,78.7052778284538,3.37166418957227,9.21945031699543,4.27711308046664,8.76989161359186,5.42338105627224,4.45435386207552,4.65170737230641,9.08559515638963,0,21.5979716329974,5.45263259735979,7.346195848474,10.7973973196708,2.30829413732932,4.6216704270173,12.4254868029105,0,16.3752151979709,0,31.9116360995788,4.84782417506151,7.63436652336227,2.50504621316894,1.80952516601859,0,0,16.3278865291601,3.50121020730824,10.7022724645722,2.11136768379895,2.83977741817713,1.91687133257644,4.06894276327005,2.90189211997589,3.59680618040592,0.689977436574005,5.39170470234971,2.21705468562228,11.1461731149373,1.77182388719077,9.06832945158791,5.93690250738706,0,15.0185137336261,10.1268899221387,14.0402301042535,328.389098249366,2.47762215354032,9.08641885198728,0.928662807430361,14.8663938170105,10.3751041381782,4.42169801869841,37.952298293635,8.53919674060293,"BW vs. WB","WB"
"LOC111136353",229.31278118103,2.46643614755744,0.538142968701054,9.34790886516811e-07,0.000350202909323761,397.565076511933,89.2336817867255,185.25881240529,134.704861928856,62.4317106686183,117.406663584036,129.62502192145,80.4816478243653,140.112274792158,122.748766681057,162.40938923441,253.563832754039,103.769637011613,221.401032014181,91.1680709197604,71.8751225889006,286.25120189673,261.659207933651,95.892049253939,480.566899039785,149.624576748856,181.183180572219,178.867965954947,167.693608833914,87.0978373375775,128.536034166572,192.728371009841,185.457753151435,190.92359340244,157.749075388821,165.267616147555,81.3376287241005,177.194569661961,99.642711049878,156.789929600469,131.6062099049,635.032995081634,92.7207652132373,170.047639180138,89.8193746897994,124.727347393307,518.320275235161,170.750231379562,135.829855271347,108.017631303743,173.291550867339,189.239370498644,99.5105449018162,153.220656268172,334.719316909793,103.87323617982,155.288126347781,528.561092462269,163.966386875916,127.726678544173,93.1677317625864,160.621901701213,153.191243931944,152.687330467245,311.878253539533,115.80961062519,287.85223718734,179.998448294879,250.681081418282,192.566561401953,88.8288614559495,102.401332664249,249.190468445043,545.349894117996,101.04541195454,125.361739582959,205.917153828239,184.913953001833,311.370946560696,187.341120935083,421.528001437628,159.46414984717,97.48454160457,557.079351943152,233.745111939035,174.214759310063,992.435212369596,128.522106338936,130.702128656464,760.630001136879,159.51713095711,135.584769884833,131.673773807807,2598.38719193929,120.491271009532,182.171031809448,118.481354775866,"BW vs. WB","WB"
"LOC111137426",243.270734569444,1.13089728612481,1.1758008328076,0.000500785324826677,0.0454003777578633,155.815291269522,288.756183759292,306.864596958506,172.317258441459,233.540843612239,66.2592061810897,473.327731561657,27.8590319392034,112.531118337009,61.873362066874,135.173032033608,861.4804694405,736.869240597612,119.317921444768,96.1773055856813,63.2930183991812,357.626173498277,141.842196893326,154.340536418245,63.890396982168,190.431279498544,103.835974830862,137.226746367552,124.283561157049,85.9811983973521,190.191530230212,124.766261232686,620.73800907745,470.527544396176,88.5210638872522,124.414946987486,794.434647675119,403.443003241641,376.04292691867,42.9664710924361,100.020719527724,126.144075423686,78.3911924075552,112.682170541055,310.090698333831,609.99468334539,147.980825964,159.614346724373,40.9350248762964,390.680591724754,304.714002196261,85.3634116923232,71.5658028403473,604.486972674432,124.170069176214,65.7863829138857,39.7463656723487,66.9064674002873,96.7994332159021,566.582445849792,58.0100971351953,205.298192240624,22.2999912052829,193.04041066216,52.6059704765478,103.14293446306,95.6116971576322,100.215352293906,169.041648772481,166.891019881693,196.921813348129,607.018209092199,107.911541890731,460.049119818345,110.539611735503,221.704557966158,76.4321313336258,93.1469539374907,1651.2095650946,174.038792821349,63.8371732946408,329.559243017484,69.1460120683578,92.0219888644994,126.696625891593,118.145641371192,161.109612397662,722.531841518893,155.208777779551,55.7464984546572,157.497926767779,130.941455847681,130.611888535163,1409.86137344355,60.7983477571032,107.350786601996,1015.09701253917,"BW vs. WB","WB"
"LOC111135095",16.0185649190271,4.33869468587613,4.07893911753681,0.000248358917096903,0.0305144383213626,0,0,18.050858644618,0.874706895641923,5.78071395079799,0,6.54671827886109,0,0,0.997957452691516,0,106.093653871983,5.24089075816225,2.65150936543929,0,0,1.5026309810852,0,0,0,0,6.35730458148136,9.46391354258981,0,231.144260626648,4.18003363143324,0,0,43.8185296333468,0,0,0,0,0,0,0,0,0,0,2.13855654023332,1.94886480302041,10.8467621125445,0,0,4.03804229172873,0,0,6.13421167202977,0,0,2.30829413732932,0,0,0,6.55008607918834,8.78940865684777,0,0,0,0,1.80952516601859,8.13716571554317,205.2955275147,0,2.33414013820549,0,4.22273536759791,0,0,0,0,0,0,8.08755705352457,36.5814023127677,0,582.930058885765,0,3.9579350049247,0,79.0975056637642,0,11.8801947035991,0,2.47762215354032,8.07681675732202,0,0,2.30557869737293,0,6.50610827890885,24.5501906292334,"BW vs. WB","WB"
"LOC111134020",53.2132967850664,-4.47481526268793,3.42693914383752,0.000186377395296537,0.0244740419854602,0,66.1732921115043,0,541.443568402351,0,0,0,8.25452798198618,0,0.997957452691516,6.05252382240037,0,1.04817815163245,0,8.01477546547344,422.668631343684,0.7513154905426,0,0,3.70379112940104,8.59088478940801,1.05955076358023,4.7319567712949,2.37863274941721,1.11663894022535,7.31505885500817,3.04307954226064,240.004151137151,0,0,0,0,10.010992636269,3.46583342782184,525.397023709262,1.0528496792392,0,0.842916047393067,1.02438336855505,6.41566962069995,0,2.32430616697382,3.7119615517296,0.930341474461282,5.04755286466091,2.32606108546764,2.05694967933309,0,1.049456549782,49.6680276704855,6.92488241198797,479.729390324395,0,2.96324795558884,16.3752151979709,0,52.1223389626454,1.9391296700246,0,0,31.6666904053253,0,0,0,5.83535034551373,2.14045449291445,494.060038008955,0,0,8.81604265375178,0,0.89920154510148,0.689977436574005,0,0,1.0132884649943,0,5.66770590724244,3.9579350049247,6.77522063591404,517.638106685647,2.7618790696742,11.8801947035991,0,6.19405538385081,0,631.490709052646,2.12377054528721,0,0,659.28563892943,0,"BW vs. WB","BW"
"LOC111133456",15.576324493034,1.90936935288167,1.48920709876597,0.000278009183016856,0.0324875409970386,20.7753721692697,5.01312819026548,10.450497110042,41.1112240951704,4.62457116063839,23.2488442740666,3.27335913943055,7.22271198423791,12.1357088402656,21.9550639592134,35.3063889640022,19.0968576969569,10.4817815163245,0,3.00554079955254,11.8003932608643,2.2539464716278,25.549215589481,5.47954567165366,15.7411122999544,17.8976766446,4.2382030543209,16.0886530224027,7.73055643560594,3.34991682067606,5.22504203929155,11.1579583216224,13.0911355165719,25.0391597904839,7.94419804116366,0,2.22842818422193,7.00769484538831,12.1304169973765,2.26139321539137,8.42279743391361,1.07815449080074,8.42916047393067,0,7.48494789081661,6.82102681057145,3.09907488929842,0.742392310345921,18.6068294892256,2.01902114586436,3.48909162820146,12.3416980759985,0.681579074669974,3.148369649346,12.9568767836049,12.6956177553113,3.69733634161384,1.91161335429392,6.91424522970729,8.18760759898543,14.0630538509564,0,5.81738901007381,4.36249515620701,6.26261553292235,2.71428774902789,31.5315171477298,4.86482292688863,1.92092782696001,16.3389809674385,10.7022724645722,53.8398759368733,14.1988870908856,6.70904966401753,4.06894276327005,9.28605478392286,25.1776432628414,20.6993230972201,10.7834094046994,415.697753554178,19.2524808348917,22.1477985898847,26.0714471733152,11.8738050147741,3.38761031795702,5.00617124454204,13.809395348371,2.16003540065439,4.9013298246174,27.2538436889435,22.2112460826356,13.0012793040251,7.43319690850524,17.291840230297,21.0030655888175,16.2652706972721,4.26959837030146,"BW vs. WB","WB"
"LOC111105844",8.11305712462054,1.64281985221947,1.54409925731687,0.000459984076251106,0.0434003494166552,14.1650264790475,3.00787691415929,9.50045191822,0,5.78071395079799,12.7868643507366,11.78409290195,0,2.20649251641193,1.99591490538303,4.03501588160025,9.54842884847844,9.43360336469205,1.32575468271965,0,2.14552604742987,48.0841913947264,1.76201486824007,3.6530304477691,17.593007864655,6.44316359205601,3.17865229074068,0,7.13589824825164,3.34991682067606,6.27005044714986,2.02871969484043,8.72742367771459,6.25978994762097,0,1.8569395072759,11.1421409211097,8.00879410901521,16.4627087821538,6.78417964617412,0,2.15630898160147,13.4866567582891,8.19506694844038,9.62350443104993,7.79545921208166,7.74768722324605,7.42392310345921,0,11.104616302254,5.8151527136691,16.4555974346647,10.2236861200496,0,0,2.30829413732932,3.69733634161384,9.55806677146961,10.8652425038257,19.650258237565,9.66834952253255,0,16.4826021952091,5.45311894525876,10.0201848526758,7.23810066407436,6.10287428665738,5.83778751226636,7.68371130784006,5.83535034551373,12.8427269574867,2.11136768379895,2.12983306363284,10.5427923291704,0,6.96454108794214,8.9920154510148,6.89977436574005,21.5668188093988,13.3023281137337,4.0531538599772,39.8660374617924,5.66770590724244,31.6634800393976,7.45274269950545,14.0172794847177,15.6506480614871,9.72015930294474,0,6.19405538385081,2.01920418933051,6.50063965201253,7.43319690850524,25.3613656711022,12.1596695514206,0,6.4043975554522,"BW vs. WB","WB"
"LOC144617571",62.7825748798826,-3.04835915062398,1.46886865313622,7.7361465642248e-05,0.013689868422768,0.944335098603166,297.779814501769,325.865500794946,67.3524309644281,5.78071395079799,36.0357086248032,1.30934365577222,0,552.726375361189,70.8549791410977,34.2976349936021,63.6561923231896,15.7226722744867,23.8635842889536,86.1588362538395,127.658799822077,8.2644703959686,9.6910817753204,8.21931850748048,80.5574570644727,14.31814131568,147.277556137651,61.5154380268337,71.3589824825164,87.0978373375775,3.13502522357493,4.05743938968086,21.8185591942865,41.7319329841398,182.716554946764,2.78540926091385,157.104186987646,137.150599116885,14.7297920682428,156.789929600469,74.7523272259833,32.3446347240221,21.0729011848267,106.535870329725,6.41566962069995,98.4176725525309,34.8645925046072,86.1175080001268,16.7461465403031,158.493159950352,132.585481871655,210.837342131642,17.0394768667494,11.544022047602,36.7111508868806,48.4741768839158,15.7136794518588,24.850973605821,22.7182343261811,101.526334227419,53.6153928067714,101.053514315333,56.2347604307135,56.7124370306911,1.25252310658447,75.0952943897715,6.10287428665738,72.9723439033295,137.346339627641,235.748153958755,57.79227130869,17.9466253122911,7.8093878999871,25.8777629897819,7.45972839932843,1.16075684799036,48.5568834354799,0.689977436574005,8.08755705352457,34.3643476271454,14.1860385099202,1.77182388719077,15.8695765402788,137.538241421133,93.4980447756138,131.161686607001,12.8887689918129,35.6405841107974,25.3235374271899,7.43286646062097,23.2208481773008,24.1452329931894,11.6807379990797,4.61115739474586,3.31627351402381,41.2053524330894,8.53919674060293,"BW vs. WB","BW"
"LOC111110657",71.3600681030968,7.9566164245904,1.54988878829941,1.08412930182329e-08,5.98987444196892e-06,3.77734039441266,0,14.25067787733,0,12.7175706917556,4.64976885481331,0,52.6226158851619,2.20649251641193,0.997957452691516,60.5252382240037,300.245040457711,2.0963563032649,15.9090561926357,0,2.14552604742987,25.5447266784484,0,0.913257611942276,1.85189556470052,1.431814131568,10.5955076358023,18.9278270851796,0,1552.12812691324,8.36006726286648,18.2584772535639,44.7280463482873,22.9525631412769,4.5395417378078,0.928469753637951,18.9416395658864,8.00879410901521,2.59937507086638,8.2917751231017,2.1056993584784,1.07815449080074,1.68583209478613,0,40.632574264433,8.76989161359186,11.6215308348691,4.45435386207552,7.44273179569026,6.05706343759309,2.32606108546764,1.02847483966655,51.1184306002481,0,0,10.387323617982,0,6.69064674002873,5.92649591117768,103.163855747216,0.878940865684777,0,21.3304263702706,0,7.51513863950682,9.04762583009296,8.13716571554317,294.808269369451,8.64417522132007,0,0,86.5660750357571,4.96961048180997,0,20.3447138163503,2.32151369598072,12.5888216314207,77.2774728962886,71.4400873061337,27.7131835702785,26.3455000898518,2562.05734087786,13.6024941773819,0,13.5504412718281,716.88372221842,1.84125271311613,4.32007080130877,2.4506649123087,4.95524430708064,17.1632356093093,0.928662807430361,0,11.5278934868647,3.31627351402381,0,46.9655820733161,"BW vs. WB","WB"
"LOC144617712",213.478181960685,-3.61892789967545,2.39408760656641,0.000183034859812778,0.0244669356806323,28.330052958095,1438.76779060619,5.700271150932,1698.68079133662,8.09299953111719,9.29953770962662,34.6976068779638,72.2271198423791,2014.52766748409,44.9080853711182,3.02626191120019,25.4624769292759,8.3854252130596,0,6.01108159910508,45.0560469960273,37.56577452713,1.76201486824007,5.47954567165366,37.9638590763607,16.465862513032,2.11910152716045,45.4267850044311,17.2450874332748,20.0995009240563,28.2152270121744,2.02871969484043,13.0911355165719,26.0824581150874,1276.74611375844,0,2.22842818422193,1658.82147982977,11.263958640421,0.753797738463791,25.2683923017408,26.9538622700184,911.192247231905,1370.62494712665,10.6927827011666,6.82102681057145,51.1347356734239,1244.99190445011,37.2136589784513,18.1711903127793,1409.59301779339,0,0,7.346195848474,9.71765758770368,9.23317654931729,0,0,0,691.03408135437,0,916.927677261231,6.78695384508611,16.3593568357763,2.50504621316894,56.0952801465763,0,18.4863271221768,1830.64421909289,5.83535034551373,1.07022724645722,0,24.8480524090499,19.1687133257644,10.1723569081751,13.3487037518891,118.694603953395,14.4895261680541,32.3502282140983,1.10852734281114,5.06644232497149,25.6914463642662,7.93478827013942,33.64244754186,1018.99318364147,20.0246849781681,19.3331534877194,805.693204444086,19.6053192984696,35.9255212263347,27.2592565559618,4.64331403715181,4.24754109057442,0,7.73797153272222,22.771378976181,16.0109938886305,"BW vs. WB","BW"
"LOC144617830",10.8244210943368,20.1886652649926,2.67785754001926,1.28699865411286e-14,1.31145162854101e-11,0,0,4.75022595911,4.37353447820962,16.1859990622344,0,5.89204645097498,0,0,0,0,39.2546519326336,7.33724706142715,0,0,0,25.5447266784484,0,0,0,0,6.35730458148136,0,0,16.7495841033803,0,0,80.72866901886,4.17319329841398,28.3721358612988,0,109.192981026875,2.0021985272538,8.66458356955461,0,0,0,0,0,65.2259744771162,3.89772960604083,2.32430616697382,0.742392310345921,0,10.0951057293218,0,0,0,131.18206872275,0,0,0,0,54.3262125191287,111.351463346202,0,0,0,0,0,2.71428774902789,0,0,13.4464947887201,0,0,130.904796395535,0,23.9608916572055,0.678157127211675,35.9834622877011,0,0,9.43548322911199,0,0,0,0,0,0,0,1.84125271311613,18.3603009055623,0,0,3.02880628399576,0,2.12377054528721,10.3751041381782,0,0,4.26959837030146,"BW vs. WB","WB"
"LOC111108717",31.3685315557462,4.62167462865858,1.25433891982047,6.81860308314475e-06,0.00180941576607409,191.700025016443,1.0026256380531,9.50045191822,6.99765516513539,12.7175706917556,3.48732664110998,4.58270279520276,1.03181599774827,8.82597006564773,5.9877447161491,22.1925873488014,153.835798114375,22.0117411842814,2.65150936543929,2.00369386636836,0,7.513154905426,4.40503717060018,3.6530304477691,3.70379112940104,12.886327184112,12.7146091629627,11.3566962511078,5.94658187354303,505.837439922085,12.5401008942997,0,6.54556775828594,30.2556514135014,56.7442717225976,0,0,95.1044300445556,17.3291671391092,9.0455728615655,6.31709807543521,4.31261796320295,3.37166418957227,0,4.27711308046664,33.130701651347,16.2701431688167,2.96956924138368,0,8.07608458345745,18.6084886837411,8.22779871733236,4.08947444801985,8.395652398256,5.39869865983538,8.07902948065263,0.924334085403459,2.86742003144088,6.91424522970729,22.9253012771592,2.63682259705433,0,18.4217318652337,5.45311894525876,5.01009242633788,5.42857549805577,22.3772057177437,125.512431513727,19.2092782696001,1.16707006910275,32.1068173937167,12.6682061027937,10.6491653181642,6.70904966401753,10.8505140353868,1.16075684799036,2.69760463530444,14.4895261680541,33.6981543896857,15.519382799356,12.1594615799316,651.14527854261,2.26708236289698,7.91587000984941,8.13026476309685,342.422113126675,1.84125271311613,12.9602124039263,0.816888304102899,3.71643323031048,7.06721466265677,5.57197684458217,12.7426232717233,8.06952544080526,8.84339603739682,23.8557303559991,21.3479918515073,"BW vs. WB","WB"
"LOC111109446",107.801090315842,-2.28303330782173,2.26116067070248,0.000565160698763158,0.0484528318048502,288.966540172569,337.884840023893,10.450497110042,263.286775588219,334.125266356124,29.0610553425832,0,0,468.879659737536,218.552682139442,584.068548861636,26.5234134679957,0,176.325372801713,8.01477546547344,2.14552604742987,15.7776253013946,11.4530966435605,442.016684180062,294.451394787383,10.022698920976,0,127.762832824962,167.693608833914,5.58319470112676,20.9001681571662,9.12923862678193,277.095701767438,131.45558890004,43.1256465091741,279.469395845023,13.3705691053316,32.0351764360608,564.064390378005,1.50759547692758,14.7398955093488,0,4.21458023696533,17.4145172654358,27.8012350230331,418.031500247879,161.151894243518,650.335663863026,65.1239032122897,97.9225255744216,16.2824275982735,1.02847483966655,3.40789537334987,28.335326844114,0,3.46244120599398,8.31900676863113,1.91161335429392,9.87749318529613,257.090878608143,10.5472903882173,358.474045518602,110.530391191402,25.0843471481903,11.2727079592602,7.23810066407436,40.6858285777158,125.512431513727,16.3278865291601,5.83535034551373,11.7724997110295,222.74929064079,132.759594299781,92.9682596299572,14.9194567986569,297.153753085532,363.277424220998,4.13986461944403,0,38.79845699839,21.2790577648803,10.6309433231446,326.459860257165,286.950287857041,3.38761031795702,8.00987399126726,10.1268899221387,3.24005310098158,0,19.8209772283226,16.153633514644,1.85732561486072,0,10.3751041381782,0,274.34089909399,53.3699796287683,"BW vs. WB","BW"
"LOC111107413",93.5645979029229,1.43276683305462,1.083321525024,0.000196587852661669,0.0255514058497756,140.705929691872,48.1260306265486,55.102621125676,49.8582930515896,13.8737134819152,61.6094373262764,43.8630124683693,26.8272159414551,9.9292163238537,79.8365962153213,46.4026826384029,152.774861575655,207.539274023225,70.2649981841412,70.1292853228926,24.6735495454435,45.8302449230986,46.6933940083619,69.407578507613,67.594188111569,68.0111712494801,105.955076358023,94.6391354258981,42.2207313021555,475.688188536,59.5654792479236,79.1200680987767,62.1828937037165,88.6803575912971,137.321137568686,79.8483988128638,18.9416395658864,57.0626580267333,33.791875921263,42.2126733539723,26.32124198098,24.7975532884169,68.2761998388384,53.2679351648625,83.4037050690994,24.3608100377552,103.044240069172,49.7402847931767,94.8948303950508,23.2187431774402,93.0424434187056,78.1640878146574,128.136866037955,71.363045385176,62.6249044540904,54.2449122272391,86.8874040279252,83.1551809117856,57.2894604747176,37.662994955333,24.6103442391738,187.214931784196,71.7477977909103,134.146726053366,50.1009242633788,47.0476543164834,156.640440024206,143.025794050526,117.176597444561,105.036306219247,59.9327258016045,104.512700348048,76.6739902907824,104.469487625416,28.4825993428904,69.0650324554263,50.3552865256829,168.354494524057,91.6589799399451,121.938007709226,59.7840194346636,919.576597452012,102.018706330364,28.6950287857041,126.696625891593,446.55047501315,70.8882294549712,160.922637348752,74.3368356733639,28.4926547657137,52.4993089225932,84.5083154761629,76.4557396303396,96.8343052896631,156.970279663794,75.9045965872699,54.4373792213437,"BW vs. WB","WB"
"LOC111108454",37.9522946740009,5.59915916259474,1.52088486938418,5.43001819441928e-06,0.00152010674178935,13.2206913804443,4.01050255221238,38.00180767288,5.24824137385154,13.8737134819152,6.97465328221997,7.2013901067472,0,0,7.98365962153213,8.0700317632005,151.713925036935,11.5299596679569,0,0,2.14552604742987,16.5289407919372,0,0,1.85189556470052,0,19.0719137444441,34.0700887533233,5.94658187354303,688.966226119043,18.8101513414496,23.3302764906649,7.63649571800027,41.7319329841398,15.8883960823273,6.49928827546566,36.7690650396619,3.0032977908807,0,43.7202688308999,0,34.5009437056236,3.37166418957227,2.0487667371101,0,4.87216200755104,39.5132048385549,0,0,4.03804229172873,18.6084886837411,5.14237419833273,8.17894889603969,0,0,18.4663530986346,12.016343110245,4.77903338573481,0,19.650258237565,0,0,7.75651868009841,5.45311894525876,10.0201848526758,5.42857549805577,14.2400400022005,76.8642022448404,6.72324739436005,29.1767517275687,4.28090898582889,64.3967143558681,61.0552144908082,13.4180993280351,20.3447138163503,4.64302739196143,0,1.37995487314801,31.0023020385108,57.6434218261794,15.1993269749145,1009.93961569874,6.80124708869093,3.9579350049247,14.2279633354195,512.631935441105,0,3.24005310098158,13.0702128656464,7.43286646062097,12.115225135983,4.64331403715181,0,9.22231478949172,17.6867920747936,13.0122165578177,25.6175902218088,"BW vs. WB","WB"
"LOC111110340",43.4399004883731,5.84954360227386,2.33113746852417,2.80086324162467e-05,0.0063707134893204,0.944335098603166,3.00787691415929,3.800180767288,1.74941379128385,0,2.32488442740666,3.92803096731665,0,1.10324625820597,0,0,6.36561923231896,0,2.65150936543929,0,6.43657814228961,936.890416706622,0,0.913257611942276,12.0373211705534,0,953.595687222203,13.2494789596257,3.56794912412582,11.1663894022535,2.09001681571662,0,0,0,2.2697708689039,0,0,5.0054963181345,1.73291671391092,1.50759547692758,1.0528496792392,7.54708143560516,2.5287481421792,0,37.4247394540831,5.84659440906124,3.09907488929842,6.68153079311328,6.51239032122897,6.05706343759309,1.16303054273382,3.08542451899964,1.36315814933995,9.445108948038,0,0,39.7463656723487,0,1.97549863705923,0,0,0,0,2.18124757810351,0,1.80952516601859,1.0171457144429,0,0,1.16707006910275,0,3.16705152569843,11.3591096727085,0,4.74709989048173,2.32151369598072,0,4.13986461944403,0,2.21705468562228,0,1686.77634060562,7.93478827013942,1.97896750246235,6.77522063591404,8.00987399126726,0,1.08001770032719,0,0,3.02880628399576,0.928662807430361,134.859429625738,0,1.1054245046746,0,0,"BW vs. WB","WB"
"LOC111131183",6.61352620276078,20.517722633405,3.18183729379266,2.37992143274838e-11,1.89464057810203e-08,10.3876860846348,0,5.700271150932,0,0,0,0.654671827886109,0,0,0,0,113.520209643022,0,10.6060374617572,0,0,0,0,0,0,0,0,2.83917406277694,0,163.029285272901,3.13502522357493,0,0,0,0,0,0,0,0,1.50759547692758,0,2.15630898160147,0,0,0,0,0,0,0,0,6.97818325640292,4.11389935866618,6.13421167202977,0,0,2.30829413732932,0,3.82322670858784,0,9.82512911878252,0,0,0,3.27187136715526,0,0,0,23.3511500490654,0,0,0,2.11136768379895,0,0,0,0,3.59680618040592,0,0,9.97674608530028,0,62.8997479952725,0,0,0,149.183903087353,0,0,0,0,4.03840837866101,0,0,0,2.21084900934921,1.08435137981814,0,"BW vs. WB","WB"
"LOC111106396",22.239537232836,24.1811439799719,2.14715357881608,7.48027496742095e-30,4.76400011987622e-26,0,0,1.900090383644,0,4.62457116063839,0,0,0,0,0,0,143.226432727177,0,0,0,0,9.0157858865112,0,0,0,0,2.11910152716045,5.67834812555389,0,573.952415275831,4.18003363143324,2.02871969484043,8.72742367771459,12.5195798952419,4.5395417378078,0,0,2.0021985272538,3.46583342782184,12.8145615538845,0,2.15630898160147,0,0,2.13855654023332,1.94886480302041,10.8467621125445,2.96956924138368,0,0,0,8.22779871733236,2.7263162986799,0,0,2.30829413732932,0,0,0,6.55008607918834,0,37.2302421161753,0,0,0,3.61905033203718,3.05143714332869,29.1889375613318,0,0,0,8.44547073519582,0,0,6.10341414490508,1.16075684799036,0,0,64.7004564281965,32.1472929415231,0,652.917102429801,0,0,1.35504412718281,333.4110048865,0,4.32007080130877,0.816888304102899,1.23881107677016,4.03840837866101,0,0,3.4583680460594,2.21084900934921,21.6870275963628,4.26959837030146,"BW vs. WB","WB"
"LOC111109825",44.5767149292784,5.05576851777769,3.85310400639978,0.000148554472080947,0.0216252867214979,0,0,3.800180767288,0,2.3122855803192,0,0,0,0,0,4.03501588160025,324.646580848267,35.6380571555033,2.65150936543929,1.00184693318418,0,4.5078929432556,0,1.82651522388455,0,0,6.35730458148136,11.3566962511078,0,801.746759081803,0,0,13.0911355165719,31.2989497381048,6.80931260671171,0,2.22842818422193,0,0,30.1519095385517,0,2.15630898160147,0,2.0487667371101,0,0,10.8467621125445,2.96956924138368,0,0,2.32606108546764,2.05694967933309,0,0,0,2.30829413732932,0,1.91161335429392,0,13.1001721583767,1.75788173136955,0,1.9391296700246,0,7.51513863950682,5.42857549805577,10.171457144429,674.264457666765,23.0511339235202,0,0,19.0023091541906,0,0,12.2068282898102,0,0,2.75990974629602,0,42.1240390268234,0,1422.77458141419,2.26708236289698,0,0,475.586268231493,0,4.32007080130877,0,0,16.153633514644,0,0,6.91673609211879,6.63254702804762,19.5183248367266,23.4827910366581,"BW vs. WB","WB"
"LOC111106424",288.928329193139,32.1705322002334,4.47972637326678,1.01330943495164e-13,9.92848379053574e-11,0,0,0,0,0,0,0,0,0,0,0,0,0,0,0,0,0,532.128490208502,0,0,0,0,617.047162976855,0,0,524.594220744871,1184.77230178681,1191.29333200804,1386.54347339804,0,0,1537.61544711313,0,0,1.50759547692758,0,0,0,0,0,0,426.897566000857,0,657.751422444126,0,0,0,0,834.31795707669,0,0,0,0,0,0,0,0,0,2031.83211900341,562.382874856427,0,1007.99140301291,0,0,1583.71408377243,0,0,0,0,344.503820623531,0,0,0,0,765.992393882499,1944.50056432406,1595.52741041529,0,0,0,0,2476.4848991412,0,0,1679.82782010034,0,2204.64550483968,688.101656673056,0,801.432765889087,0,0,"BW vs. WB","WB"
"LOC111106867",366.249636742206,25.2309052873769,4.77229253865695,2.00115647171199e-08,9.99597276801235e-06,0.944335098603166,0,0,0,0,0,0.654671827886109,0,0,0,0,0,0,0,0,0,0,1006.9914971992,0,0,0,0,2550.52469972795,0,0,3445.39272070885,4933.84629785192,1033.10877784946,1648.41135287352,0,0,0,0,0,0,0,0,0,0,0,0,3599.57548392012,0,191.650343739024,0,0,0,0,484.848925999284,0,0,0,0,0.987749318529613,0,0,0,0,592.208717455102,1348.96738579147,0,429.235491494902,2.91889375613318,0,2026.03363996237,0,0,0,0,1974.11539731319,0,0,0,0,166.279101421671,1848.2381601496,1304.06238097241,0,0,0,0,0,0,0,0,0,2028.19957142791,1530.17667787943,0,1547.59430654444,0,0,"BW vs. WB","WB"
"LOC111106656",120.708076225343,-2.79348471041754,2.9226869851014,0.00054902032497995,0.0478982629413158,16.0536966762538,6.01575382831857,0,0,2112.27287762159,2.32488442740666,0,1.03181599774827,3788.54765067929,0,0,0,1.04817815163245,0,21.0387855968678,151.259586343806,17.2802562824798,8.81007434120036,0,10.1854256058529,0,54.0370889425915,0,23.7863274941721,51.3653912503662,5.22504203929155,0,25.0913430734295,0,0,0,0,13.0142904271497,3107.11966804228,36.182291446262,25.2683923017408,2.15630898160147,16.8583209478613,0,0,0,0,0.742392310345921,0.930341474461282,0,16.2824275982735,39.0820439073287,47.0289561522282,8.395652398256,0,0,0,363.206537315845,18.7672370520627,81.8760759898543,9.66834952253255,37.2302421161753,0,51.2593180854324,25.0504621316894,36.1905033203718,8.13716571554317,34.0537604882204,19.2092782696001,15.1719108983357,0,2.11136768379895,20.5883862817842,10.5427923291704,4.74709989048173,540.912691163507,10.7904185412178,26.9091200263862,9.43548322911199,18.8449648277894,0,0,0,0,4.74265444513983,3.00370274672522,0,3.24005310098158,9.80265964923479,0,0,23.216570185759,8.49508218114884,3.4583680460594,89.5393848786428,6.50610827890885,0,"BW vs. WB","BW"
"LOC111106976",30.6951549039292,-7.33938607060213,1.84638549504169,1.45795560595376e-06,0.000482356091710028,2.8330052958095,1.0026256380531,19.950949028262,11.371189643345,322.563838454528,0,0,0,499.770554967303,10.9775319796067,7.06127779280044,1.06093653871983,5.24089075816225,29.1666030198322,15.0277039977627,0,5.2592084337982,0,23.7446979104992,34.2600679469596,42.2385168812561,0,0.946391354258981,23.7863274941721,60.298502772169,0,2.02871969484043,2.18185591942865,17.7360715182594,28.3721358612988,13.9270463045693,18.9416395658864,2.0021985272538,442.76022040424,0.753797738463791,36.8497387733721,2.15630898160147,0.842916047393067,3.07315010566514,7.48494789081661,0,0,4.45435386207552,12.0944391679967,86.8179092721676,0,0,1.36315814933995,64.016849536702,17.2758357114732,0,14.7893453664553,284.830389789794,1.97549863705923,0,7.03152692547822,0,0,0,0,6.33333808106507,0,0.972964585377727,2.88139174044002,15.1719108983357,5.35113623228612,3.16705152569843,31.2375515999484,0.958435666288219,5.4252570176934,418.452843700524,0.89920154510148,0.689977436574005,0,0,2.0265769299886,0,4.53416472579395,47.4952200590964,15.5830074626023,0,10.1268899221387,7.56012390229036,0,13.6269218444718,7.06721466265677,29.7172098377716,0,1.15278934868647,0,0,3.2021987777261,"BW vs. WB","BW"
"LOC144627767",18.7589686329851,23.7116294734141,2.94215572848268,2.67441160866082e-16,3.40653178653172e-13,0,0,107.355106675886,0,0,0,0,172.313271623962,0,0,0,0,0,0,0,0,0.7513154905426,0,0,0,61.5680076574241,1.05955076358023,11.3566962511078,0,0,0,0,91.6379486160032,0,0,0,0,10.010992636269,6.93166685564369,2.26139321539137,0,4.31261796320295,97.7782614975958,0,0,3.89772960604083,0,0,0,0,9.30424434187056,9.25627355699891,74.2921191390272,0,26.9934932991769,0,0,21.0277468972331,0,0,0,0,0,58.8936846087946,0,0,0,2.91889375613318,7.68371130784006,126.043567463097,0,0,0,95.8435666288218,13.5631425442335,0,71.9361236081184,115.916209344433,94.3548322911199,0,96.2624041744584,116.940376554591,2.26708236289698,0,0,0,0,0,209.940294154445,0,0,0,0,1.15278934868647,0,0,0,"BW vs. WB","WB"
"LOC111107388",169.891711445843,-2.914727973612,2.32975411454323,0.000318100670746438,0.0351457938463045,31.1630582539045,16.0420102088495,157.707501842452,202.057292893284,142.205563189631,75.5587438907163,658.599858853426,38.1771919166861,12.1357088402656,31.9346384861285,140.216801885609,1.06093653871983,20.963563032649,0,210.387855968678,995.52408600746,165.289407919372,33.4782824965614,28.3109859702106,21.296798994056,22.909026105088,23.310116798765,56.7834812555388,208.130365574006,82.6312815766761,5.22504203929155,25.3589961855054,495.281293710303,33.3855463873118,153.209533651013,186.622420481228,1418.39453925726,156.171485125797,12.9968753543319,36.9360891847258,197.93573969697,8.62523592640589,0,1410.5758985003,166.807410138199,0,24.7925991143874,122.494731207077,28.8405857082997,168.588265679674,1.16303054273382,46.2813677849945,0,0,0,8.07902948065263,216.294175984409,72.641307463169,212.366103483867,944.849916922919,165.240882748738,0,22.2999912052829,29.4468423043973,0,256.95257357464,107.817445730947,26.2700438051986,270.850823601362,193.733631471056,17.1236359433156,131.960480237435,0,173.476855598168,31.8733849789487,170.631256654583,25.1776432628414,1238.50949865034,0,6.65116405686685,22.2923462298746,1.77182388719077,34.0062354434546,48.4847038103276,116.533794937722,881.086139039398,515.550759672517,190.083115257586,0,12.3881107677016,1336.71317333679,0,0,34.583680460594,1.1054245046746,17.3496220770903,20.280592258932,"BW vs. WB","BW"
"LOC144627358",73.508070092087,-2.96942287733411,1.63915839728987,0.000117114508171729,0.0179728439498481,77.4354780854596,54.1417844548672,74.103524962116,150.449586050411,40.4649976555859,80.2085127455296,12.4387647298361,27.8590319392034,140.112274792158,12.9734468849897,148.286833648809,37.1327788551939,5.24089075816225,51.7044326260662,299.55223302207,63.2930183991812,57.0999772812376,27.3112304577211,32.8772740299219,125.928898399635,0,92.1809164314797,225.241142313637,39.247440365384,256.826956251831,52.2504203929155,0,55.6373259454305,330.725568899308,124.837397789715,58.4935944791909,53.4822764213264,77.0846432992714,0,52.0120439540016,49.4839349242425,15.0941628712103,136.552399677677,131.121071175046,34.2169046437331,7.79545921208166,17.0449118911413,106.904492689813,2.79102442338385,140.321969637573,190.737009008346,113.13223236332,13.6315814933995,29.384783393896,0,64.632235845221,57.3087132950145,12.4254868029105,201.500860980041,163.752151979709,50.9785702097171,53.1860601659646,187.126013157374,39.2624564058631,5.01009242633788,77.8095821387994,55.9430142943593,3.89185834151091,145.030050935481,210.072612438494,29.9663629008022,105.568384189948,114.301041081629,175.393726930744,16.9539281802919,51.0733013115757,311.123734605112,8.96970667546206,0,6.65116405686685,0,5.31547166157232,26.0714471733152,17.8107075221612,100.273265411528,76.093802917039,89.3007565861325,129.602124039263,0,90.4332086042217,0,21.3592445708983,4.24754109057442,25.3613656711022,13.2650940560952,6.50610827890885,84.3245678134539,"BW vs. WB","BW"
"LOC111107493",3128.12894391082,2.85750067062392,3.11459236024477,0.000562441935785778,0.0484528318048502,1.88867019720633,28.0735178654867,80.75384130487,67.3524309644281,1726.12118570828,9.29953770962662,5.89204645097498,0,29.7876489715611,0,42.3676667568026,963.330377157603,128.925912650791,9.28028277903752,1.00184693318418,4.29105209485974,28.5499886406188,0,8.21931850748048,281.488125834479,115.261037591224,74.1685534506158,17.0350443766617,6.54124006089734,896.661069000958,1.04500840785831,15.2153977113032,1.09092795971432,15702.6830836072,15.8883960823273,0,9234.60639541568,114.125316053467,4561.9032493705,19.5987412000586,2.1056993584784,99.1902131536678,21.9158172322197,3.07315010566514,0,122.778482590286,10.8467621125445,5.93913848276736,0,3.02853171879654,6.97818325640292,24.6833961519971,3.40789537334987,46448.9468933513,0,9.23317654931729,0,5.73484006288177,840.574670068701,21438.4317371835,12.3051721195869,0,0,19.6312282029315,2.50504621316894,68.7619563087065,0,20.4322562929323,0,67.6900640079593,26.7556811614306,3092.09797292357,48.2762161090112,9083.09480941345,1.35631425442335,2080.65665002272,7.19361236081184,322.909440316634,142.880174612267,21.0620195134117,17.2259039049031,9.74503137954926,27.2049883547637,57.3900575714082,81.3026476309685,45.0555412008783,2.7618790696742,52422.9791561817,0,0,187.785989607737,4.64331403715181,4.24754109057442,8067.21986210789,237.66626850504,6.50610827890885,108359.204439473,"BW vs. WB","WB"
"LOC111107498",2062.23256324029,3.94087133254996,3.33329206836464,0.000262295711273542,0.0313708133553684,0,33.0866460557522,47.5022595911,6.12294826949346,17194.1555752535,9.29953770962662,22.9135139760138,0,33.097387746179,0,18.1575714672011,218.552926976284,69.1797580077417,1.32575468271965,0,1.07276302371494,4.5078929432556,0,0.913257611942276,118.521316140833,34.363539157632,22.2505660351847,2.83917406277694,8.91987281031455,236.727455327775,4.18003363143324,1.01435984742021,15.2729914360005,4190.92936993224,1.13488543445195,0,12060.2533330091,14.0153896907766,10836.7946704419,8.2917751231017,0,50.6732610676346,13.4866567582891,5.12191684277524,0,84.775618931388,3.87384361162303,5.93913848276736,0,6.05706343759309,3.48909162820146,3.08542451899964,0.681579074669974,15165.6966008997,0,17.3122060299699,0,19.1161335429392,405.964969915671,11744.3043399847,7.910467791163,0,0.969564835012302,35.9905850387078,15.0302772790136,3.61905033203718,3.05143714332869,3.89185834151091,0,25.6755415202604,10.7022724645722,367.377976981018,12.7789983817971,11991.9470565982,0.678157127211675,37823.8422701898,5.39520927060888,125.575893456469,5.39170470234971,6.65116405686685,2.0265769299886,23.0337105334801,66.8789297054608,28.6950287857041,33.1985811159788,8.00987399126726,0,22420.0874410922,1.6337766082058,2.47762215354032,192.834000081063,6.50063965201253,12.7426232717233,11969.4118074116,169.129949215214,7.59045965872699,31589.690942268,"BW vs. WB","WB"
"LOC111109871",273.014719150984,5.17745522370689,1.15838767858761,1.02017940596833e-06,0.000371272433814904,42.4950794371425,12.0315076566371,67.453208619362,21.8676723910481,52.0264255571819,29.0610553425832,3.27335913943055,15.4772399662241,17.6519401312955,57.881532256108,18.1575714672011,565.479175137668,252.61093454342,13.2575468271965,40.0738773273672,8.58210418971948,60.105239243408,5.28604460472022,98.6318220897658,18.5189556470052,20.045397841952,97.4786702493808,22.7133925022155,35.6794912412582,1901.63611520378,6.27005044714986,39.5600340493884,8.72742367771459,80.3339709944691,13.6186252134234,6.49928827546566,90.2513414609882,67.0736506630024,5.19875014173276,174.127277585136,16.8455948678272,36.6572526872251,3.37166418957227,6.14630021133029,33.1476263736164,399.517284619185,30.9907488929842,27.4685154827991,52.0991225698318,36.3423806255585,67.4557714785615,37.0250942279956,68.1579074669974,41.97826199128,0,107.335677385813,29.5786907329107,20.0719402200862,17.779487733533,72.0509468710718,21.9735216421194,19.1469816597473,34.9043340604429,23.9937233591386,26.3029852382739,27.1428774902789,106.800300016504,2883.86703105958,52.8255152414004,52.5181531096236,1.07022724645722,54.8955597787728,5.67955483635425,23.0024559909172,50.183627413664,39.4657328316722,52.1536896158859,55.1981949259204,28.306449687336,426.78302698229,1.0132884649943,10796.608856597,21.5372824475213,22.7581262783171,58.9444195324522,4602.67384223195,11.0475162786968,19.4403186058895,4.9013298246174,8.67167753739113,117.113842981169,7.42930245944289,112.559838900222,27.6669443684752,44.2169801869841,114.941246260723,86.4593669986047,"BW vs. WB","WB"
"LOC111131734",36.2395562204096,3.31557506647876,1.22793107381271,3.18083978494451e-05,0.00702243329447349,37.7734039441266,10.026256380531,31.351491330126,34.9882758256769,11.561427901596,9.29953770962662,32.7335913943054,0,6.6194775492358,16.9652766957558,76.6653017504047,14.8531115420776,69.1797580077417,15.9090561926357,9.01662239865762,38.6194688537377,10.5184168675964,15.8581338141606,7.30606089553821,4.6297389117513,8.59088478940801,54.0370889425915,12.3030876053668,18.4344038079834,13.3996672827042,38.6653110907574,0,42.5461904288586,15.6494748690524,65.8233551982132,40.8526691600699,4.45685636844386,0,10.3975002834655,32.413302753943,9.47564711315282,43.1261796320295,1.68583209478613,18.4389006339909,40.632574264433,72.1079977117553,21.6935242250889,45.2859309311011,18.6068294892256,12.1141268751862,4.65212217093528,13.3701729156651,0,18.890217896076,12.9568767836049,16.1580589613053,9.24334085403459,15.2929068343514,19.7549863705923,8.18760759898543,3.51576346273911,80.8428114522663,21.3304263702706,121.059240584745,10.0201848526758,7.23810066407436,188.171957171936,36.9726542443536,13.4464947887201,2.33414013820549,28.896135654345,40.1159859921801,19.8784419272399,28.7530699886466,2.7126285088467,10.4468116319132,16.1856278118266,6.20979692916604,5.39170470234971,1060.86066707026,6.07973078996579,1.77182388719077,20.4037412660728,5.93690250738706,35.231147306753,27.033324720527,18.4125271311613,25.9204248078526,29.4079789477044,2.47762215354032,3.02880628399576,63.1490709052646,73.2700838124088,18.4446295789834,23.2139145981667,54.2175689909071,8.53919674060293,"BW vs. WB","WB"
"LOC111133694",3149.53923140829,6.05953586316566,2.78231829125031,3.95371266465911e-05,0.0083934025110159,12.2763562818412,145.380717517699,1680.62994433312,14.8700172259127,10612.234670875,51.1474574029464,342.393365984435,0,8.82597006564773,6.98570216884062,14.1225555856009,361.779359703461,4740.90977983357,2.65150936543929,12.0221631982102,0,16.5289407919372,0,14.6121217910764,69.4460836762696,31.499910894496,23.310116798765,6.62473947981287,2.37863274941721,200.995009240563,12.5401008942997,0,2618.22710331438,7916.54768709132,14.7535106478754,3.71387901455181,20711.0115441586,5918.49884656224,3928.52219043606,15.0759547692758,3.1585490377176,47.4387975952324,8.42916047393067,0,164.668853597966,3558.62713031528,13.1710682795183,5.93913848276736,0,147.388543648099,244.236413974102,3.08542451899964,19.0842140907593,20958.6967556963,0,17.3122060299699,0,19.1161335429392,1100.35274084199,37271.6273121015,3.51576346273911,2172.118697178,0,19.6312282029315,32.5656007711962,37.0952659033811,4.06858285777158,19.4592917075545,10.5651030482801,26.8426115893632,12.8427269574867,3784.62657320962,26.9778854726827,8611.54446159964,9.49419978096345,13519.9153869677,2.69760463530444,133.165645258783,3136.62421059194,104.201570224247,1.0132884649943,8.85911943595387,17.0031177217273,18.8001912733923,58.2668974688608,70.0863974235885,3.68250542623227,41779.4047194572,0,4.95524430708064,78.7489633838897,3.71465122972145,4.24754109057442,46428.5910183474,92.8556583926666,2.16870275963628,46424.4104798804,"BW vs. WB","WB"
"LOC111135884",42.3796823639794,4.22504361035151,2.38698038568928,0.000111220595045457,0.0174897818443396,9.44335098603166,5.01312819026548,17.100813452796,3.49882758256769,26.5912841736708,0,60.229808165522,0,0,1.99591490538303,2.01750794080012,110.337400026862,129.974090802424,0,4.00738773273672,6.43657814228961,13.5236788297668,8.81007434120036,4.56628805971138,0,0,27.5483198530859,32.1773060448053,4.75726549883443,491.321133699155,0,21.3015567958245,14.1820634762862,85.5504626174866,0,0,43.4543495923277,11.0120918998959,38.1241677060403,68.595594200205,0,0,5.0574962843584,0,23.5241219425665,1.94886480302041,35.6393612269318,2.22717693103776,0,10.0951057293218,32.564855196547,6.17084903799927,4.08947444801985,20.98913099564,0,25.3912355106225,1.84866817080692,0,0,18.0127367177679,1.75788173136955,0,7.75651868009841,2.18124757810351,1.25252310658447,0,26.4457885755153,107.02610439155,26.8929895774402,9.33656055282198,2.14045449291445,69.6751335653655,2.83977741817713,45.0464763155463,25.091813706832,47.5910307676047,0,8.27972923888806,43.1336376187977,39.9069843412011,0,1087.89986673514,13.6024941773819,0,6.77522063591404,518.639340934555,7.36501085246453,47.5207788143965,1.6337766082058,2.47762215354032,8.07681675732202,0,0,110.667777473901,30.9518861308889,16.2652706972721,151.570742145702,"BW vs. WB","WB"
"LOC111136285",87.100411495634,2.39454265373137,2.20517079718434,0.000470668847919804,0.043540222495375,18.8867019720633,6.01575382831857,10.450497110042,22.74237928669,0,22.0864020603632,7.2013901067472,17.5408719617206,8.82597006564773,5.9877447161491,3.02626191120019,16.9749846195172,2.0963563032649,5.30301873087858,14.0258570645785,25.7463125691584,4.5078929432556,14.9771263800406,2.73977283582683,76.8536659350716,412.362469891585,313.627026019747,46.3731763586901,5.35192368618873,5.58319470112676,3.13502522357493,651.219022043778,994.926299259464,17.7360715182594,443.740204870713,8.35622778274156,4.45685636844386,2.0021985272538,9.53104192651007,24.1215276308413,12.6341961508704,7.54708143560516,5.90041233175147,1.02438336855505,4.27711308046664,10.7187564166123,5.42338105627224,8.16631541380513,0.930341474461282,10.0951057293218,27.9127330256117,17.4840722743313,18.4026350160893,24.137500644986,396.264481631917,10.387323617982,7.39467268322767,18.1603268657923,2.96324795558884,9.82512911878252,0.878940865684777,1.06372120331929,19.391296700246,15.2687330467245,12.5252310658447,0.904762583009296,26.4457885755153,5.83778751226636,4.80231956740004,9.33656055282198,1489.75632706845,1.05568384189948,4.25966612726569,24.9193273234937,3.39078563605838,1.74113527198554,0,4.13986461944403,2.69585235117486,21.0620195134117,738.687290980844,842.502258359213,7.93478827013942,55.4110900689459,3.38761031795702,8.00987399126726,172.157128676358,4.32007080130877,66.1679526323348,12.3881107677016,3.02880628399576,7.42930245944289,4.24754109057442,502.616156027299,76.2742908225476,5.42175689909071,25.6175902218088,"BW vs. WB","WB"
"LOC144618830",92.1218619467049,-4.0779380276488,0.970489475713166,2.65646680823738e-06,0.000835475209133918,7.55468078882533,626.641023783185,138.706598006012,57.7306551123669,60.1194250882991,49.9850151892431,13.7481083856083,36.1135599211896,1384.57405404849,16.9652766957558,22.1925873488014,23.3406038518362,46.1198386718278,55.6816966742251,99.1828463852338,50.4198621146019,48.0841913947264,12.3341040776805,9.13257611942276,16.6670600823047,64.4316359205601,40.2629290160486,92.7463527173801,5.94658187354303,496.904328400282,354.257850263967,17.2441174061436,6.54556775828594,46.9484246071573,52.2047299847898,29.7110321164144,72.4239159872128,362.397933432938,57.1862515590604,34.6746959693344,321.119152167956,48.5169520860332,125.594491061567,34.8290345308716,44.9096873448997,1.94886480302041,8.52245594557066,214.551377689971,26.9799027593772,8.07608458345745,557.0916299695,7.19932387766582,55.2079050482679,47.22554474019,86.379178557366,25.3912355106225,8.31900676863113,44.9229138259072,115.566670267965,52.4006886335068,91.4098500312168,42.5488481327717,45.5695472455782,9.81561410146577,66.383724648977,168.285840439729,28.4800800044011,8.75668126839954,27.8534534909202,56.0193633169319,80.2670434842917,118.236590292741,13.4889427363414,40.2542979841052,692.39842688312,30.7600564717445,17.9840309020296,18.6293907874981,5.39170470234971,32.1472929415231,18.2391923698974,9.74503137954926,39.6739413506971,23.7476100295482,143.634677481378,49.060478196512,5.5237581393484,33.480548710143,9.80265964923479,0,38.3648795972796,58.5057568681128,48.8467225416058,2.30557869737293,29.8464616262143,13.0122165578177,12.8087951109044,"BW vs. WB","BW"
"LOC111136928",30.7955716133412,6.64412686837153,3.94211011362506,5.8456698423266e-05,0.0114552645564054,1.88867019720633,0,36.101717289236,1.74941379128385,9.24914232127678,0,0,2.06363199549655,0,0,2.01750794080012,131.556130801259,0,0,0,0,7.513154905426,0,1.82651522388455,0,0,0,0,0,0,2.09001681571662,8.11487877936172,124.365787407433,2.08659664920699,0,0,20.0558536579974,60.065955817614,0,0,0,2.15630898160147,0,0,0,0,0,0,0,0,8.14121379913674,2.05694967933309,0,0,0,0,0,0,4.93874659264807,1.63752151979709,0,17.0195392531087,0,4.36249515620701,0,10.8571509961115,4.06858285777158,0,3.84185565392003,0,6.42136347874334,17.9466253122911,0,0,304.492550118042,1.16075684799036,0,0,18.870966458224,0,0,1.77182388719077,0,0,1.35504412718281,0,0,2.16003540065439,0,1.23881107677016,4.03840837866101,1.85732561486072,0,1997.78394127364,0,0,4.26959837030146,"BW vs. WB","WB"
"LOC144618933",50.5735884015717,4.0808631221038,1.52992006475313,3.30561163085192e-05,0.00719747489708997,9.44335098603166,0,11.400542301864,6.12294826949346,6.93685674095759,59.2845528988697,2.61868731154444,0,13.2389550984716,7.98365962153213,17.1488174968011,2.12187307743965,7.33724706142715,0,100.184693318418,2.14552604742987,27.7986731500762,0,1.82651522388455,26.8524856881576,8.59088478940801,0,13.2494789596257,10.7038473723775,51.3653912503662,11.4950924864414,7.1005189319415,0,2.08659664920699,35.1814484680105,2.78540926091385,1.11421409211097,19.0208860089111,6.06520849868823,0,124.236262150226,81.939741300856,12.643740710896,4.09753347422019,2.13855654023332,4.87216200755104,4.64861233394763,7.42392310345921,120.944391679967,42.3994440631516,0,10.2847483966655,5.45263259735979,4.197826199128,0,0,8.31900676863113,11.4696801257635,6.91424522970729,14.7376936781738,4.39470432842389,48.9311753526875,5.81738901007381,4.36249515620701,0,2.71428774902789,2.03429142888579,9.72964585377727,1.92092782696001,0,7.49159072520056,10.5568384189948,7.09944354544282,0,4.74709989048173,27.8581643517686,10.7904185412178,18.6293907874981,41.7857114432103,4.43410937124457,6.07973078996579,9.74503137954926,24.9379059918667,82.1271513521876,29.8109707980218,2.00246849781681,6.44438449590647,19.4403186058895,14.7039894738522,0,3.02880628399576,24.1452329931894,28.6709023613773,3241.64364850634,6.63254702804762,0,2.13479918515073,"BW vs. WB","WB"
"LOC111112780",116.336621654601,1.28386136961736,1.15877920313191,0.000334968467958982,0.0353181216759566,581.71042073955,154.404348260177,109.25519705953,22.74237928669,28.90356975399,82.5333971729363,123.732975470475,19.6045039572172,93.7759319475071,36.9244257495861,39.3414048456024,51.9858903972715,114.251418527937,155.113297878199,94.1736117193129,71.8751225889006,21.7881492257354,575.297854480384,77.6268970150934,75.9277181527214,73.0225207099681,118.669685520985,167.51126970384,80.8735134801853,75.931447935324,158.841277994463,173.455533908857,72.0012453411454,102.243235811142,85.1164075838963,178.266192698487,21.1700677501083,61.067055081241,127.369378472453,89.7019308771912,85.2808240183753,120.753302969683,85.9774368340928,136.242988017821,35.2861829138498,63.3381060981635,56.5581167296962,37.8620078276419,83.7307327015154,83.7893775533711,43.0321300811513,166.61292402598,12.9500024187295,74.511415034522,366.031769136839,48.4741768839158,48.0653724409799,38.2322670858784,118.529918223554,42.5755595147242,116.899135136075,97.862350705375,85.3217054810825,25.0843471481903,26.3029852382739,36.1905033203718,47.8058485788161,12.6485396099104,45.1418039335603,46.6828027641099,53.5113623228611,92.900178087154,56.0856040089982,54.6308329784285,143.091153841663,84.7352499032961,40.4640695295666,20.6993230972201,106.486167871407,108.635679595492,58.7707309696693,227.679369504015,51.009353165182,99.9378588743488,49.4591106421725,47.0580096986951,76.4119875943195,33.480548710143,125.800798831847,411.285277487693,41.3936858812754,43.647151949227,1512.12462824449,480.713158402256,38.6898576636111,75.9045965872699,164.379537256606,"BW vs. WB","WB"
"LOC111136012",21.0747578726121,-1.23696174720197,1.29473434490745,0.000548609809583511,0.0478982629413158,11.332021183238,54.1417844548672,1.900090383644,11.371189643345,3.46842837047879,19.7615176329566,16.3667956971527,0,2.20649251641193,96.8018729110771,17.1488174968011,6.36561923231896,38.7825916104006,3.97726404815894,37.0683365278147,23.6007865217286,5.2592084337982,13.2151115118005,14.6121217910764,10.1854256058529,13.602234249896,8.47640610864181,95.5855267801571,10.7038473723775,6.69983364135212,14.6301177100163,18.2584772535639,19.6367032748578,20.8659664920699,7.94419804116366,29.7110321164144,2.22842818422193,16.0175882180304,1.73291671391092,29.3981118000879,21.056993584784,6.46892694480442,7.5862444265376,11.2682170541055,17.1084523218665,13.6420536211429,22.4682929474135,4.45435386207552,8.37307327015154,20.1902114586436,29.0757635683455,25.7118709916636,66.1131702429875,78.70924123365,33.4719316909793,33.4702649912752,41.5950338431557,16.2487135114983,2.96324795558884,13.1001721583767,13.1841129852717,20.2107028630666,132.830382396685,10.9062378905175,20.0403697053515,12.6666761621301,24.4114971466295,12.6485396099104,23.0511339235202,4.66828027641099,20.3343176826872,0,4.96961048180997,12.4596636617468,46.7928417776056,26.6974075037782,12.5888216314207,34.4988718287002,0,15.519382799356,19.2524808348917,0.885911943595387,48.742270802285,23.7476100295482,17.6155736533765,22.027153475985,24.8569116270678,16.2002655049079,0,32.2090879960242,11.1056230413178,32.5031982600626,11.6807379990797,11.5278934868647,27.6356126168651,7.59045965872699,26.6849898143842,"BW vs. WB","BW"
"LOC111132953",36.7535819002596,4.68439782120727,3.05008329951765,0.00013279279643544,0.019899391112899,1.88867019720633,0,1.900090383644,0,12.7175706917556,0,3.92803096731665,42.3044559076792,0,5.9877447161491,4.03501588160025,173.993592350052,0,2.65150936543929,1.00184693318418,0,2.2539464716278,0,2.73977283582683,0,0,6.35730458148136,3.78556541703592,0,311.542264322873,0,0,10.9092795971432,68.8576894238307,7.94419804116366,0,4.45685636844386,0,0,10.5531683384931,0,2.15630898160147,3.37166418957227,473.265116272432,0,2.92329720453062,6.97291850092145,1.48478462069184,0,0,4.65212217093528,0,2.7263162986799,2.098913099564,6.47843839180245,5.77073534332331,0,0,0,6.55008607918834,0,0,0,2.18124757810351,5.01009242633788,1.80952516601859,14.2400400022005,186.809200392524,1.92092782696001,0,10.7022724645722,6.33410305139686,0,1.91687133257644,7.45972839932843,7.54491951193732,0,0,21.5668188093988,34.3643476271454,0,1448.46602777846,0,0,1.35504412718281,359.443095358118,0,4.32007080130877,0,2.47762215354032,0,0,4.24754109057442,13.8334721842376,0,6.50610827890885,40.5611845178639,"BW vs. WB","WB"
"LOC111133447",8.59219013583439,20.7234622613571,3.09378942399827,5.02781189612741e-12,4.41667269151193e-09,0,0,18.050858644618,0,41.6211404457455,1.16244221370333,18.3308111808111,0,0,0,0,7.42655577103879,30.397166397341,0,0,0,1.5026309810852,0,0,0,0,0,0,0,0,0,0,8.72742367771459,23.9958614658804,0,0,44.5685636844386,1.0010992636269,8.66458356955461,0.753797738463791,0,0,0,0,2.13855654023332,15.5909184241633,0,0,0,2.01902114586436,9.30424434187056,0,1.36315814933995,17.840761346294,0,0,0,0,24.6937329632403,36.0254734355359,0,70.2055994190733,0,0,0,0,0,0,14.4069587022001,0,0,13.7238899446932,0,119.804458286027,0,21.4740016878216,0,0,17.5230402826366,0,0,0,0,0,0,0,0,17.2802832052351,0,0,0,0,0,74.9313076646202,0,0,125.953151923893,"BW vs. WB","WB"
"LOC144619165",247.601596554956,5.25075271930701,2.05499172669831,3.12343667349327e-05,0.00702243329447349,550.547362485646,15.0393845707964,0.950045191822,14.8700172259127,2.3122855803192,1.16244221370333,1.30934365577222,0,0,2.99387235807455,11.0962936744007,31.8280961615948,0,0,2.00369386636836,107.276302371494,9.0157858865112,125.984063079165,0,2.77784334705078,9.30679185519201,91.1213656678994,42.5876109416541,55.8978696113045,7.81647258157747,7.31505885500817,11.1579583216224,0,7.30308827222446,2.2697708689039,8.35622778274156,1096.38666663719,27.0296801179263,669.772309926571,61.0576168155671,2.1056993584784,605.922823830014,2218.55503673855,0,25.6626784827998,25.3352424392654,4.64861233394763,2.96956924138368,1.86068294892256,59.5611238029987,32.564855196547,13.3701729156651,1894.78982758253,4.197826199128,658.641236499916,429.342709543254,0,66.9064674002873,0.987749318529613,9.82512911878252,1.75788173136955,20.2107028630666,69.8086681208857,0,12.5252310658447,8.14286324708366,2560.15576325277,71.9993793179518,23.0511339235202,5.83535034551373,8.56181797165778,7.38978689329634,0,0.958435666288219,2.7126285088467,0.580378423995179,1.79840309020296,13.1095712949061,1787.35010882893,1.10852734281114,3.0398653949829,10.6309433231446,10.2018706330364,2.96845125369353,8.13026476309685,3.00370274672522,1.84125271311613,6.48010620196316,7577.45590885849,7.43286646062097,2.01920418933051,0,1481.32995533783,9.22231478949172,1.1054245046746,9.75916241836328,13.8761947034798,"BW vs. WB","WB"
"LOC111136975",812.624081536855,1.15071178824344,0.664010356366028,4.81201972073561e-05,0.00972906368140791,831.014886770786,366.960983527433,939.594694711958,493.334689142045,1357.31163564737,1334.48366133142,807.210363783572,633.53502261744,392.755667921324,533.907237189961,1259.93370902968,1066.24122141343,1011.49191632531,637.688002388149,321.592865552122,704.805306580712,1145.00480758692,788.501653537432,431.057592836754,893.539609968002,1082.45148346541,431.237160777152,558.370899012799,1013.29755125173,595.168555140113,692.840574410059,502.108124473006,1056.01826500347,535.212040521593,1168.93199748551,586.792884299185,797.777289951452,711.781576438726,1433.12212240433,477.15396844758,462.20100918601,479.778748406328,1339.39359930758,380.046229733923,382.801620701764,1326.20249845539,633.760814861527,311.062378034941,636.353568531517,997.396446056995,728.057119751371,389.791964233621,816.531731454629,682.1467573583,614.371907489266,483.587621770493,423.345011114784,993.083137555692,731.922245030443,2511.95801136873,1122.40748547946,539.306650082882,846.430100965739,420.980782573976,810.382449960153,1004.28646714032,435.338365781559,725.831580691784,596.448090271085,1311.78675767149,345.683400605683,1085.24298947266,862.582390771302,746.621384038522,1326.47534082604,666.274430746465,671.703554190806,388.457296791165,3596.26703646726,606.364456517695,1212.90629259818,828.327667261687,776.475709292215,635.248568290415,1218.18467033735,466.575159991318,663.771603078366,1213.93989516777,1101.98232223481,853.540831894641,509.849057805953,558.126347265647,298.389761612853,1370.66653558821,620.143147122452,373.016874657441,1035.37760479811,"BW vs. WB","WB"
"LOC111138475",889.9098664768,1.3458696357467,0.778352354612494,6.47996285350201e-05,0.0122279299031825,560.935048570281,543.423095824778,896.842661079968,797.732688825434,736.462957331664,893.918062337859,589.859316925384,634.566838615188,816.402231072415,484.009364555386,812.04694617205,721.436846329482,888.855072584317,689.392435014216,801.477546547344,680.131757035269,2698.72524202902,575.297854480384,535.168960598174,722.239270233203,730.225207099681,953.595687222203,1291.82419856351,735.592177757273,599.635110901014,318.727564396784,370.241344308378,2866.95867812924,628.065591411304,780.801178902942,722.349468330326,508.0816260026,2315.54259676902,1281.49190993713,722.138233448312,649.608252090587,707.269345965283,1024.98591362997,698.629457354543,554.955422190546,762.980570382492,970.010440350406,512.250694138685,458.658346909412,757.132929699136,564.069813225903,603.714730884262,529.58694101857,698.938062154812,557.145701695011,650.938946726869,844.841354058762,580.174653028205,687.473525696611,1339.49260319402,795.441483444723,478.674541493682,596.282373532565,232.302867068023,569.898013495934,2111.7158687437,773.030742976601,806.587641278135,877.864016920727,912.648794038348,721.333164112168,808.653822894999,614.101866680804,568.352350108914,826.673538071032,773.064060761578,663.610740284892,390.527229100887,9039.19293348929,1265.93822549032,883.587541475029,1118.90678476097,1961.02624390588,749.039199682,713.430732961749,587.724504109235,647.200328660321,830.533611551612,422.331253221199,367.926889800738,623.934094503126,707.641059261935,674.297148128689,443.823899244289,811.381586431158,660.369990309248,785.606100135469,"BW vs. WB","WB"
"LOC111137604",15.8846403205493,3.42575630246001,1.40546882629904,4.64297492892543e-05,0.00960075750135608,4.72167549301583,4.01050255221238,13.300632685508,13.9953103302708,3.46842837047879,11.6244221370333,8.51073376251942,0,2.20649251641193,9.97957452691517,17.1488174968011,44.5593346262327,3.14453445489735,7.95452809631787,0,3.21828907114481,6.7618394148834,8.81007434120036,3.6530304477691,27.7784334705078,0.715907065784001,8.47640610864181,0,12.4878219344404,84.8645594571268,12.5401008942997,10.1435984742021,13.0911355165719,34.4288447119153,4.5395417378078,21.3548043336729,5.57107046055483,6.00659558176141,32.9254175643075,6.78417964617412,3.1585490377176,7.54708143560516,5.0574962843584,10.2438336855505,2.13855654023332,5.84659440906124,17.0449118911413,2.22717693103776,0,2.01902114586436,6.97818325640292,14.3986477553316,21.8105303894392,23.088044095204,0,5.77073534332331,2.77300225621038,0.955806677146961,0,21.2877797573621,1.75788173136955,0,9.69564835012302,35.9905850387078,12.5252310658447,3.61905033203718,22.3772057177437,21.40522087831,0.960463913480007,19.8401911747467,2.14045449291445,11.6125222608942,11.3591096727085,26.8361986560701,0,3.48227054397107,16.1856278118266,0,37.741932916448,16.6279101421671,4.0531538599772,261.344023360639,51.009353165182,1.97896750246235,8.13026476309685,71.0876316724969,28.5394170533001,9.72015930294474,7.35199473692609,7.43286646062097,14.1344293253135,11.1439536891643,19.1139349075849,27.6669443684752,19.8976410841428,33.6148927743624,29.8871885921102,"BW vs. WB","WB"
"LOC111134516",250.615108892026,5.39559466145344,1.82454679002279,1.75973861325839e-05,0.00431051357430361,25.4970476622855,19.0498871230088,73.153479770294,20.1182585997642,61.2755678784587,16.2741909918466,6.54671827886109,0,0,19.9591490538303,3.02626191120019,1863.00456199202,1.04817815163245,13.2575468271965,2.00369386636836,70.8023595651857,65.3644476772062,162.986375312207,12.7856065671919,13.8892167352539,12.170420118328,65.692147341974,82.3360478205313,4.16260731148012,3879.20367834287,19.8551597493079,0,8.72742367771459,212.832858219113,7.94419804116366,38.067259899156,34.5406368554399,23.0252830634187,12.9968753543319,140.960177092729,2.1056993584784,22.6412443068155,0,0,11.7620609712833,13.6420536211429,100.719933902199,11.8782769655347,3.72136589784513,27.2567854691689,50.0103133375542,15.4271225949982,4.08947444801985,2.098913099564,19.4353151754074,43.8575886092571,0,5.73484006288177,0,21.2877797573621,6.15258605979344,79.779090248947,11.6347780201476,2.18124757810351,7.51513863950682,11.7619135791208,111.886028588719,1257.07024430802,80.6789687323206,3.50121020730824,5.35113623228612,109.791119557546,0,1.91687133257644,82.0570123926127,14.5094605998795,4.4960077255074,3.44988718287002,25.6105973361611,422.348917611045,2.0265769299886,9604.1713805176,11.3354118144849,13.8527725172365,34.5536252431616,3184.92614577764,15.6506480614871,25.9204248078526,0,33.4478990727943,95.912198993199,1.85732561486072,0,61.0978354803827,34.2681596449127,116.025597640541,231.625711588854,"BW vs. WB","WB"
"LOC111134517",154.050057637071,6.25605439213036,1.6896875131289,4.1865880950158e-06,0.00122590036460376,14.1650264790475,5.01312819026548,63.653027852074,0.874706895641923,6.93685674095759,11.6244221370333,2.61868731154444,17.5408719617206,1.10324625820597,0.997957452691516,1.00875397040006,1438.62994650409,0,6.62877341359823,4.00738773273672,1.07276302371494,29.3013041311614,8.81007434120036,5.47954567165366,0,0,16.9528122172836,16.0886530224027,9.51453099766885,4361.59170052023,4.18003363143324,2.02871969484043,6.54556775828594,217.006051517527,2.2697708689039,0.928469753637951,14.4847831974426,4.0043970545076,8.66458356955461,62.5652122924947,6.31709807543521,7.54708143560516,0,3.07315010566514,10.6927827011666,8.76989161359186,72.8282598985129,0,0,9.08559515638963,38.380007910216,10.2847483966655,7.49736982136972,19.939674445858,29.152972763111,8.07902948065263,0,5.73484006288177,0,0,2.63682259705433,0,8.72608351511071,5.45311894525876,5.01009242633788,0.904762583009296,75.2687828687743,1121.82816694052,13.4464947887201,21.0072612438494,4.28090898582889,12.6682061027937,0.709944354544282,5.75061399772931,11.5286711625985,4.64302739196143,6.29441081571036,3.44988718287002,16.1751141070491,189.558175620705,5.06644232497149,2302.48514140441,0,1.97896750246235,7.45274269950545,3409.20261753313,2.7618790696742,2.16003540065439,0,0,55.5281152065889,5.57197684458217,2.12377054528721,3.4583680460594,19.8976410841428,24.9400817358173,236.962709551731,"BW vs. WB","WB"
"LOC111099547",277.870462784872,1.16104579235718,0.746240329928119,7.8218679233468e-05,0.0137422127825696,212.475397185712,208.546132715044,297.364145040286,320.142723804944,283.254983589102,355.707317393218,403.932517805729,158.899663653234,130.183058468304,181.628256389856,373.238969048023,752.204005952357,422.415795107877,148.4845244646,174.321366374047,227.425761027566,320.060398971147,153.295293536886,136.988641791341,191.671190946504,135.306435433176,155.753962246293,270.667927318069,205.157074637235,130.646756006366,312.457513949635,338.796189038352,353.460658947441,525.822355600161,430.121579657289,259.971531018626,441.228780475942,299.328679824443,263.40334051446,113.823458508032,189.512942263056,213.474589178546,241.91690560181,270.437209298533,253.418950017648,391.721825407103,232.430616697382,169.26544675887,196.30205111133,205.940156878165,204.693375521152,107.989858164987,67.4763283923274,508.98642664427,187.874713362271,147.730824789077,173.77480805585,112.785187903341,273.606561232703,614.070569923907,182.819700062434,204.234471037304,130.891252726661,258.477838005265,180.363327348164,242.476372246491,195.291977173036,238.376323417543,229.550875321722,344.28567038531,204.41340407333,732.644586278237,217.952916845094,302.865670547077,255.665236958802,226.34758535812,244.582820267603,189.053817621277,1822.3961893942,208.403140448495,209.75071225382,312.726916089172,241.444271648528,158.317400196988,359.086693703444,123.151812615734,205.299677512449,667.450938802206,170.729655557506,213.075505204468,99.95060737186,136.513432692263,155.035249805966,562.561202158995,144.810610112373,250.485168737991,491.003812584668,"BW vs. WB","WB"
"LOC111100871",108.509478016058,5.85256712275874,1.26516013918969,4.60754148908905e-07,0.000183401749116474,2.8330052958095,6.01575382831857,34.201626905592,5.24824137385154,47.4018543965435,17.4366332055499,5.23737462308887,0,4.41298503282386,13.9714043376812,36.3151429344022,352.230930854983,0,23.8635842889536,17.0313978641311,6.43657814228961,24.7934111879058,14.0961189459206,12.7856065671919,17.593007864655,2.863628263136,40.2629290160486,5.67834812555389,2.37863274941721,1459.44709487454,9.40507567072478,0,4.3637118388573,63.6411978008132,35.1814484680105,0,4.45685636844386,16.0175882180304,20.7950005669311,44.4740665693637,13.6870458301096,6.46892694480442,20.2299851374336,13.3169837912156,4.27711308046664,4.87216200755104,17.0449118911413,5.93913848276736,13.0247806424579,16.1521691669149,11.6303054273382,20.5694967933309,0,2.098913099564,0,10.387323617982,12.9406771956484,7.64645341717569,7.90199454823691,27.8378658365505,9.66834952253255,21.2744240663859,6.78695384508611,0,12.5252310658447,14.4762013281487,31.5315171477298,752.101624496983,12.4860308752401,12.8377707601302,0,73.8978689329634,15.6187757999742,17.2518419931879,10.1723569081751,6.38416266394697,1.79840309020296,8.27972923888806,8.08755705352457,95.3333514817582,4.0531538599772,4957.56323635979,18.1366589031758,44.5267688054029,16.9380515897851,980.208329681331,11.9681426352549,15.1202478045807,7.35199473692609,22.2985993818629,41.3936858812754,0,7.43319690850524,6.91673609211879,6.63254702804762,34.6992441541805,130.222750294195,"BW vs. WB","WB"
"LOC111100360",311.092726435618,6.45114607354552,1.72103453654618,3.55937935408951e-06,0.00106676692994624,8.4990158874285,0,126.356010512326,32.3641551387512,80.9299953111719,67.421648394793,1.30934365577222,111.436127756813,12.1357088402656,4.98978726345758,21.1838333784013,1908.62483315697,9.43360336469205,25.1893389716733,39.072030394183,0,114.951270053018,0.881007434120036,11.8723489552496,0,0,68.8707996327147,76.6576996949774,1.18931637470861,5655.77623224141,6.27005044714986,48.6892726761703,13.0911355165719,290.036934239772,53.3396154192417,0,90.2513414609882,9.00989337264211,49.3881263464613,128.899413277308,0,7.54708143560516,14.3295728056821,0,18.1777305919832,20.4630804317143,87.5488656226804,12.6206692758806,0,6.05706343759309,18.6084886837411,2.05694967933309,14.9947396427394,2.098913099564,9.71765758770368,57.7073534332331,0,6.69064674002873,29.6324795558884,111.351463346202,14.9419947166412,53.1860601659646,0,6.54374273431051,31.3130776646118,16.2857264941673,126.126068590919,1716.30952860631,65.3115461166405,26.8426115893632,0,145.684370182128,0.709944354544282,4.79217833144109,222.435537725429,5.22340581595661,0.89920154510148,28.2890748995342,51.2211946723223,308.170601301497,3.0398653949829,10949.871622839,11.3354118144849,1.97896750246235,45.3939782606241,4797.91452076909,0,72.361185921922,11.4364362574406,8.67167753739113,87.835382235877,0,0,39.1948378553398,17.6867920747936,86.7481103854514,175.05353318236,"BW vs. WB","WB"
"LOC111101447",247.739534076002,-3.20335405732087,1.47018977421022,6.69013288837569e-05,0.0125317011273067,74.6024727896501,49.1286562646017,39.901898056524,20.1182585997642,117.926564596279,11.6244221370333,11.1294210740639,15.4772399662241,25.3746639387372,11.9754894322982,801.95940646805,126.251448107659,53.4570857332549,42.4241498470287,85.1569893206553,27.8918386165883,23.2907802068206,31.7162676283213,8378.22533195844,19.4449034293555,62.2839147232081,167.409020645676,44.4803936501721,79.6841971054767,52.4820301905916,90.9157314836729,16.2297575587234,57.8191818648592,210.746261569906,6.80931260671171,19.497864826397,79.1092005398786,110.120918998959,34.6583342782184,90.455728615655,20.0041439055448,28.0320167608192,14.3295728056821,48.1460183220873,33.1476263736164,61.3892412951431,51.9095043957485,89.8294695518564,41.8653663507577,198.87358286764,61.6406187648924,57.5945910213265,48.3921143015682,48.275001289972,15.1163562475391,6151.60387598264,32.3516929891211,42.0554937944663,137.297155275616,39.3005164751301,18.4577581793803,399.959172448054,258.873810948285,20.7218519919833,17.5353234921826,9.04762583009296,16.2743314310863,108.972033562305,38.4185565392003,60.6876435933428,51.3709078299467,21.1136768379895,330.124124863091,56.5477043110049,140.378525332817,71.9669245754022,4.4960077255074,27.5990974629602,41.7857114432103,63.1860585402351,37.4916732047891,208.189306744916,30.6056118991092,1462.45698431968,210.031839713335,52.0641809432372,12.8887689918129,10.8001770032719,6.53510643282319,39.6419544566452,63.6049319639109,12.0726164965947,14.8663938170105,253.613656711022,69.6417437945,203.858059405811,35.2241865549871,"BW vs. WB","BW"
"LOC111100330",125.765436552741,7.84618837199057,2.1510514114497,2.37081999743696e-06,0.000754957992933833,0.944335098603166,0,26.601265371016,1.74941379128385,35.8404264949475,2.32488442740666,0.654671827886109,0,0,5.9877447161491,0,605.794763609021,2.0963563032649,0,0,0,9.7671013770538,0,3.6530304477691,0,0,44.5011320703695,26.4989579192515,0,1765.40616449628,0,0,8.72742367771459,111.632920732574,9.07908347561561,0,30.0837804869961,2.0021985272538,0,31.6595050154792,0,5.39077245400368,0,0,0,11.6931888181225,45.7113546171517,8.16631541380513,3.72136589784513,0,9.30424434187056,6.17084903799927,5.45263259735979,0,17.2758357114732,18.4663530986346,0,2.86742003144088,0,34.3879519157388,7.910467791163,0,1.9391296700246,0,0,4.52381291504648,44.7544114354874,381.402117468069,20.1697421830802,18.673121105644,0,53.8398759368733,0,7.66748533030575,45.4365275231822,0.580378423995179,0,2.75990974629602,17.5230402826366,118.612425680792,0,5461.64713226556,3.40062354434547,0.989483751231176,29.1334487344304,2244.76718605265,0,12.9602124039263,0.816888304102899,6.19405538385081,22.2112460826356,0,0,6.91673609211879,9.94882054207142,29.2774872550898,122.750953146167,"BW vs. WB","WB"
"LOC144618467",13.2668962327275,3.03297759126278,3.5137685127857,0.00054223378327249,0.0477972513109574,0.944335098603166,0,9.50045191822,1.74941379128385,5.78071395079799,0,0,0,0,1.99591490538303,0,56.2296365521508,0,0,0,0,10.5184168675964,4.40503717060018,0,0,0,10.5955076358023,12.3030876053668,1.18931637470861,152.979534810873,2.09001681571662,0,12.0002075568576,25.0391597904839,6.80931260671171,0,6.68528455266579,0,0,13.5683592923482,0,2.15630898160147,0,2.0487667371101,0,0,13.9458370018429,0.742392310345921,0,0,0,0,0,0,6.47843839180245,0,0,0,0,4.91256455939126,0,21.2744240663859,0,0,12.5252310658447,0,13.2228942877576,60.3238042934191,1.92092782696001,1.16707006910275,0,24.280728363688,0,0,6.10341414490508,0,5.39520927060888,0,0,18.8449648277894,0,494.338864526226,3.40062354434547,0,1.35504412718281,164.202416820979,0,0,0,0,6.05761256799152,0,2.12377054528721,1.15278934868647,0,3.25305413945443,14.9435942960551,"BW vs. WB","WB"
"LOC111129345",1080.13002492328,1.92396225213026,0.384805617108631,2.00936060959293e-07,8.98043184725964e-05,4489.36905875945,333.874337471681,1369.96516660732,637.661326922962,983.877514425818,666.079388452007,449.104873929871,555.117006788571,347.522571334879,703.560004147519,2034.65675829693,791.458657884991,602.702437188659,890.907146787602,780.438760950476,340.065878517634,2214.12675062904,1291.55689841997,699.555330747783,776.870189391869,1559.96149634334,2013.14645080243,726.828560070897,1565.73500730388,658.816974732958,1563.33257815603,549.783037301756,2282.22129172237,655.191347850995,1694.38395363676,497.659787949942,611.70353656892,782.859624156236,906.315441375412,578.916663140192,1093.91081672953,1923.42761158851,450.960085355291,439.460465110116,526.084908897396,1714.02659425645,1197.01767599151,2216.78343869292,1564.83436004388,462.355842402939,614.080126563457,1367.87153675651,596.381690336228,775.548390288898,463.208345013875,397.026591620643,525.946094594568,1470.03066945203,522.519389502165,2030.52668454839,642.505772815572,2710.36162605756,738.808404279374,959.748934365542,325.656007711962,559.143276299745,820.836591555417,2199.87292753904,485.994740220884,503.007199783284,955.7129310863,778.038991479915,2175.26950232368,631.609104083936,719.524711971588,1123.61262885467,639.332298567153,606.49016674855,3009.91915008673,798.139686824022,524.883424867047,3981.28827451767,710.730320768202,688.680690856899,2300.86492795641,688.849163248984,1284.2737673985,1315.46155899852,775.227000593651,386.50905595229,780.422419176241,585.057568681128,1405.93610098013,2403.56579201128,935.189130954714,634.345557193613,629.765759619466,"BW vs. WB","WB"
"LOC111130430",971.821316224106,1.25414131227304,0.974639252750664,0.000187568262004254,0.0245041101259403,1745.13126221865,573.501864966371,1958.04314034514,298.275051413896,877.512377731135,1199.64036454183,1391.17763425798,400.34460712633,101.498655754949,281.424001659008,822.134485876051,1529.87048883399,2555.45833367991,1275.3760047763,575.060139647719,769.171088003608,1561.98490483806,1118.87944133245,492.245852836887,419.454345404668,839.043081098849,1036.24064678146,859.323349667155,1848.19764629717,856.462067152845,567.439565467062,590.357431198565,1640.75565141034,1010.95607654079,1101.97375685284,776.200714041328,1167.69636853229,634.696933139455,2171.34464253038,379.914060185751,286.375112753063,832.335266898169,351.495991762909,244.827625084656,1846.64357249147,1922.55512817964,1031.21716941405,679.288963966517,609.37366577214,586.525642873597,882.740181934969,517.322844352272,318.979006945548,1373.73862366464,146.844603547522,602.464769842953,330.911602574438,544.809805973768,403.989471278612,2538.15835568548,1084.61302825502,1954.05585049754,339.347692254306,451.518248667425,594.948475627624,453.286054087657,277.680780042911,705.399324398852,461.022678470404,547.355862409188,671.032483528679,837.157286626285,1799.70893876975,1235.42357384551,1483.12963721193,1103.29938401483,478.375221993988,460.214950194861,3727.01587549924,1114.0699795252,602.906636671608,2084.55080327995,669.922838236057,438.341301795411,953.951065536697,386.476420078645,333.26674107402,2317.71798490216,347.994417547835,489.330375324214,460.378555167355,607.345476059456,469.353290508473,3159.7956047496,864.441962655539,432.656200547439,3533.09265142446,"BW vs. WB","WB"
"LOC111131156",33.8758279750472,2.35414476689808,1.68970362077557,0.000238676258258619,0.0298052827408741,12.2763562818412,15.0393845707964,44.652124015634,12.2458965389869,24.2789985933516,11.6244221370333,23.5681858038999,2.06363199549655,0,23.9509788645964,5.04376985200031,31.8280961615948,9.43360336469205,50.3786779433465,1.00184693318418,6.43657814228961,15.026309810852,13.2151115118005,18.2651522388455,8.33353004115235,9.30679185519201,1.05955076358023,41.6412195873952,14.2717964965033,269.10998459431,12.5401008942997,23.3302764906649,5.45463979857162,31.2989497381048,23.832594123491,20.4263345800349,34.5406368554399,6.00659558176141,16.4627087821538,85.1791444464084,10.528496792392,7.54708143560516,31.1878937535435,18.4389006339909,19.2470088620999,32.1562692498368,19.3692180581151,4.45435386207552,1.86068294892256,13.1236374481184,19.7715192264749,1.02847483966655,6.81579074669974,6.296739298692,44.2693290106501,30.0078237852812,1.84866817080692,15.2929068343514,11.8529918223554,27.8378658365505,0,14.8920968464701,14.5434725251845,32.7187136715526,17.5353234921826,6.33333808106507,14.2400400022005,90.4857064401286,0,14.004840829233,0,71.7865012491644,1.41988870908856,118.846022619739,47.4709989048173,6.96454108794214,10.7904185412178,1.37995487314801,48.5253423211474,60.9690038546128,10.132884649943,604.191945532054,10.2018706330364,5.93690250738706,25.068316352882,331.408536388683,63.5232186025066,16.2002655049079,14.7039894738522,18.5821661515524,25.2400523666313,52.9337800235306,20.1758201802285,1.15278934868647,56.3766497384047,9.75916241836328,32.021987777261,"BW vs. WB","WB"
"LOC111131383",265.967815057099,2.60550334028113,1.6995901054562,0.00018605432073251,0.0244740419854602,36.8290688455235,24.0630153132743,420.870019977146,506.455292576674,582.695966240437,46.4976885481331,605.571440794651,1286.6745491921,69.5045142669759,16.9652766957558,455.956794620828,334.195009696746,434.993932927467,74.2422622323001,34.0627957282621,12.8731562845792,496.619539248658,3.52402973648014,11.8723489552496,19.4449034293555,288.510547510952,766.055202068503,69.0865688609056,105.849157349066,63.6484195928451,503.694052587705,392.557260951623,586.919242326306,462.181157799348,365.433109893528,551.511033660943,34.5406368554399,330.362756996877,51.9875014173276,603.038190771033,61.0652813958737,849.585738750981,42.9887184170464,188.486539814129,28.8705132931498,816.574352465554,11.6215308348691,15.5902385172643,13.9551221169192,19.1807008857114,253.540658315973,219.065140848974,27.263162986799,170.011961064684,0,511.287151418445,54.5357110388041,304.902330009881,37.5344741041253,838.411018136108,19.3366990450651,465.90988705385,329.652043904183,242.118481169489,8.7676617460913,57.0000427295856,52.8915771510306,35.0267250735982,573.396956347564,18.673121105644,27.8259084078878,461.333838910071,231.441859581436,270.278857893278,12.2068282898102,33.6619485917204,411.834307656478,501.613596389302,715.748799236924,32.1472929415231,350.597808888027,475.734713710723,612.112237982184,27.7055450344729,103.660875729485,5.00617124454204,11.9681426352549,664.210885701224,937.787773110128,18.5821661515524,448.263330031372,4.64331403715181,8.49508218114884,14.9862615329241,635.619090187897,495.548580576891,39.4937849252885,"BW vs. WB","WB"
"LOC111130451",170.869672493886,5.17816804198301,1.49624290365588,8.82250809741308e-06,0.00229340197736325,579.821750542344,7.01837946637167,90.25429322309,15.7447241215546,20.8105702228728,5.81221106851664,5.23737462308887,68.099855851386,0,32.93259593882,9.07878573360056,762.813371339556,4.1927126065298,2.65150936543929,9.01662239865762,28.9646016403032,22.539464716278,64.3135426907626,20.0916674627301,5.55568669410156,1.431814131568,43.4415813067893,13.2494789596257,1.78397456206291,4316.92614291121,14.6301177100163,15.2153977113032,99.2744443340035,141.888572146075,1.13488543445195,3.71387901455181,62.3959891582141,0,93.5775025511898,34.6746959693344,4.21139871695681,8.62523592640589,1.68583209478613,0,24.5934002126832,9.74432401510207,34.0898237822826,5.93913848276736,3.72136589784513,37.3518911984907,15.1193970555397,23.6549213123305,8.17894889603969,15.74184824673,0,6.92488241198797,0,7.64645341717569,0.987749318529613,26.2003443167534,1.75788173136955,17.0195392531087,0,27.2655947262938,18.7878465987671,7.23810066407436,26.4457885755153,484.536363518108,8.64417522132007,0,4.28090898582889,169.965098545816,0,577.936706771796,37.9767991238538,6.96454108794214,3.59680618040592,6.89977436574005,146.92395313903,58.7519491689905,43.5714039947549,5367.74046624445,21.5372824475213,3.9579350049247,21.0031839713335,1434.76867868575,10.1268899221387,42.1206903127606,0,6.19405538385081,22.2112460826356,72.4356989795682,22.2995907255157,13.8334721842376,29.8464616262143,60.7236772698159,109.942158035263,"BW vs. WB","WB"
"LOC111128496",96.0511641270114,3.86855880319474,2.54567265430571,0.000171637220764986,0.0240244955988353,7.55468078882533,2.00525127610619,71.25338938665,10.4964827477031,32.3719981244687,6.97465328221997,0.654671827886109,0,0,9.97957452691517,4.03501588160025,832.835182895064,1.04817815163245,5.30301873087858,18.0332447973152,8.58210418971948,26.296042168991,0,10.045833731365,0,7.15907065784001,25.4292183259254,67.1937861523876,3.56794912412582,1654.85890941397,2.09001681571662,0,0,67.8143910992272,13.6186252134234,0,8.91371273688773,2.0021985272538,6.06520849868823,39.1974824001171,0,14.0160083804096,3.37166418957227,0,6.41566962069995,7.79545921208166,52.6842731180732,2.22717693103776,3.72136589784513,2.01902114586436,9.30424434187056,3.08542451899964,23.1736885387791,6.296739298692,34.5516714229464,8.07902948065263,0,0,2.96324795558884,40.9380379949272,6.15258605979344,0,3.87825934004921,0,15.0302772790136,19.9047768262045,20.3429142888579,1006.04538128057,15.3674226156801,9.33656055282198,4.28090898582889,62.2853466720691,0,0,40.6894276327005,0.580378423995179,3.59680618040592,11.0396389851841,21.5668188093988,114.178316309548,0,2639.13167997066,32.8726942620062,0,16.9380515897851,1405.7328854674,0,4.32007080130877,0,9.91048861416129,41.3936858812754,5.57197684458217,2.12377054528721,18.4446295789834,55.2712252337301,23.8557303559991,60.8417767767959,"BW vs. WB","WB"
"LOC111127855",7801.07614124962,7.43172598949117,2.2215187800759,4.95117693386775e-06,0.00140145813766979,152.982285973713,134.351835499115,235.611207571856,97.0924654162535,47481.6282490645,70.908975035903,1.30934365577222,0,58.4720516849162,0.997957452691516,56.4902223424035,100.788971178384,861.602440641874,0,1.00184693318418,20.3824974505838,55.5973463001524,0.881007434120036,33.7905316418642,712.979792409701,327.169529063288,72.0494519234554,12.3030876053668,30.9222257424238,686.732948238592,152.571227547313,33.4738749648671,823.650609584315,9496.10135054101,11.3488543445195,11.1416370436554,32054.8252159404,94.1033307809287,9541.43942679353,14.322157030812,0,69.0018874112472,227.587332796128,7.17068357988534,110.135661822016,557.375333663838,24.7925991143874,51.2250694138685,15.8158050658418,9.08559515638963,4.65212217093528,32.9111948693294,8.86052797070966,60933.5461934425,0,18.4663530986346,0,59.2600139831116,2414.05933448638,162632.087260167,14.9419947166412,0,7.75651868009841,73.0717938664674,23.7979390251049,77.8095821387994,19.325768574415,69.0804855618186,0,478.498728332126,39.5984081189172,7636.81691230082,90.872877381668,22845.272541646,5.4252570176934,47135.4337047684,11.6896200863192,276.680952066176,64.7004564281965,46.558148398068,45.5979809247435,61.1279241080817,90.6832945158791,135.559273918671,372.637134975272,78.0962714148558,9.20626356558067,73994.1726848167,3.2675532164116,2.47762215354032,151.440314199788,20.4305817634679,12.7426232717233,112853.46607901,156.970279663794,14.0965679376358,120164.643933357,"BW vs. WB","WB"
"LOC111128055",134.960332578041,4.2353335053995,2.62976115033811,0.000138041578779668,0.0203272209214569,7.55468078882533,0,31.351491330126,8.74706895641923,19.6544274327132,0,2.61868731154444,4.12726399099309,0,10.9775319796067,6.05252382240037,1756.91090812003,23.0599193359139,5.30301873087858,0,36.4739428063078,30.8039351122466,1.76201486824007,14.6121217910764,0,1.431814131568,44.5011320703695,23.6597838564745,0,2244.44426985296,9.40507567072478,4.05743938968086,6.54556775828594,58.4247061777957,6.80931260671171,24.1402135945867,15.5989972895535,0,15.5962504251983,26.3829208462327,0,8.62523592640589,4.21458023696533,2.0487667371101,12.8313392413999,3.89772960604083,29.441211448335,0.742392310345921,0,18.1711903127793,22.0975803119426,26.7403458313302,2.04473722400992,0,0,13.8497648239759,0,1.91161335429392,0,29.4753873563476,1.75788173136955,31.9116360995788,0,0,5.01009242633788,9.95238841310225,24.4114971466295,990.477947914526,26.8929895774402,0,2.14045449291445,49.6171405692754,29.8176628908598,3.83374266515287,6.78157127211675,11.6075684799036,0,6.20979692916604,16.1751141070491,118.612425680792,0,4548.27191841872,5.66770590724244,5.93690250738706,8.13026476309685,1591.96245576437,0,2.16003540065439,0,0,74.7105550052287,1.85732561486072,4.24754109057442,23.0557869737293,93.9610828973412,34.6992441541805,69.3809735173988,"BW vs. WB","WB"
"LOC111129282",11.0379925192392,23.3271250960438,3.48386518755251,6.34746302543696e-12,5.39005401910021e-09,3.77734039441266,0,1.900090383644,0,0,0,0,0,0,0,0,31.8280961615948,0,0,0,0,0.7513154905426,0,0,0,0,0,17.0350443766617,0,60.298502772169,6.27005044714986,0,0,6.25978994762097,0,0,45.6827777765496,0,0,3.01519095385517,0,0,0,0,0,0,4.64861233394763,0,9.30341474461282,0,0,0,0,0,0,0,0,0,0,0,0,0,0,4.36249515620701,0,0,0,107.999068976928,0,0,0,19.0023091541906,4.25966612726569,0,0,0,0,0,0,1.10852734281114,0,503.19798396218,0,0,2.71008825436562,168.207353816612,0,0,0,0,0,2.78598842229108,0,4.61115739474586,2.21084900934921,0,4.26959837030146,"BW vs. WB","WB"
"LOC144619734",25.65857965062,2.77086802403776,1.41723083460864,9.04726666536257e-05,0.0150211281282697,39.662074141333,14.0367589327433,7.600361534576,13.9953103302708,25.4351413835112,13.9493065644399,297.221009860294,14.4454239684758,2.20649251641193,19.9591490538303,6.05252382240037,110.337400026862,33.5417008522384,5.30301873087858,6.01108159910508,0,36.0631435460448,12.3341040776805,6.39280328359593,3.70379112940104,4.29544239470401,6.35730458148136,9.46391354258981,1.18931637470861,11.1663894022535,14.6301177100163,14.201037863883,34.9096947108584,59.4680045023992,4.5395417378078,3.71387901455181,104.736124658431,46.0505661268374,15.5962504251983,15.0759547692758,6.31709807543521,12.9378538896088,6.74332837914453,8.19506694844038,53.463913505833,13.6420536211429,15.4953744464921,7.42392310345921,1.86068294892256,22.209232604508,54.6624355084895,0,0.681579074669974,14.692391696948,0,2.30829413732932,7.39467268322767,26.7625869601149,3.95099727411845,16.3752151979709,5.27364519410866,75.5242054356698,13.5739076901722,4.36249515620701,15.0302772790136,36.1905033203718,6.10287428665738,9.72964585377727,36.4976287122403,16.3389809674385,10.7022724645722,38.0046183083812,8.51933225453138,36.4205553189523,4.06894276327005,3.48227054397107,7.19361236081184,2.06993230972201,91.6589799399451,11.0852734281114,0,21.2618866462893,2.26708236289698,3.9579350049247,4.74265444513983,16.0197479825345,12.8887689918129,79.9213098242123,326.75532164116,9.91048861416129,6.05761256799152,7.42930245944289,10.6188527264361,71.4729396185609,11.054245046746,8.67481103854514,46.9655820733161,"BW vs. WB","WB"
"LOC144620161",7.38861480781503,3.20589072081409,2.04972558247845,0.000177353628733932,0.0243201824947937,0,3.00787691415929,0,7.87236206077731,4.62457116063839,6.97465328221997,0,0,0,0,5.04376985200031,4.24374615487931,0,0,6.01108159910508,5.36381511857468,2.2539464716278,0,0.913257611942276,3.70379112940104,1.431814131568,2.11910152716045,1.89278270851796,1.18931637470861,15.6329451631549,6.27005044714986,2.02871969484043,2.18185591942865,0,1.13488543445195,10.2131672900175,12.2563550132206,4.0043970545076,6.93166685564369,1.50759547692758,7.36994775467441,1.07815449080074,6.74332837914453,10.2438336855505,4.27711308046664,0,0,0,1.86068294892256,10.0951057293218,5.8151527136691,6.17084903799927,0.681579074669974,3.148369649346,0,3.46244120599398,1.84866817080692,2.86742003144088,1.97549863705923,4.91256455939126,0,37.2302421161753,3.87825934004921,0,7.51513863950682,5.42857549805577,5.08572857221448,0,2.88139174044002,0,0,10.5568384189948,0,0,0,3.48227054397107,1.79840309020296,6.20979692916604,6.73963087793714,50.9922577693125,0,295.894589160859,0,0,13.5504412718281,4.00493699563363,3.68250542623227,0,5.7182181287203,2.47762215354032,0,0.928662807430361,8.49508218114884,1.15278934868647,0,1.08435137981814,9.6065963331783,"BW vs. WB","WB"
"LOC111130914",38.4793235436597,3.99978407659043,2.00934127262911,8.49960593985444e-05,0.0146145968437667,24.5527125636823,2.00525127610619,12.350587493686,1.74941379128385,9.24914232127678,4.64976885481331,7.85606193463331,0,0,1.99591490538303,2.01750794080012,115.642082720461,0,5.30301873087858,2.00369386636836,17.164208379439,1.5026309810852,11.4530966435605,17.3518946269032,0,0.715907065784001,6.35730458148136,15.1422616681437,10.1091891850232,464.521799133747,0,13.1866780164628,4.3637118388573,7.30308827222446,0,1.8569395072759,0,2.0021985272538,11.263958640421,36.182291446262,10.528496792392,3.23446347240221,3.37166418957227,0,0,6.82102681057145,8.52245594557066,2.96956924138368,4.65170737230641,19.1807008857114,3.48909162820146,14.3986477553316,4.08947444801985,2.098913099564,30.2327124950781,10.387323617982,3.69733634161384,25.8067802829679,0,0,3.51576346273911,0,22.2999912052829,4.36249515620701,7.51513863950682,27.1428774902789,0,79.7830960009736,1.92092782696001,7.00242041461648,5.35113623228612,14.7795737865927,48.2762161090112,13.4180993280351,4.74709989048173,5.80378423995179,41.3632710746681,20.0093456606461,0,21.0620195134117,0,1413.91546197824,0,9.89483751231176,12.1953971446453,653.80596453719,14.7300217049291,2.16003540065439,4.9013298246174,23.5374104586331,30.2880628399576,7.42930245944289,6.37131163586163,9.22231478949172,4.42169801869841,2.16870275963628,53.3699796287683,"BW vs. WB","WB"
"LOC144619979",10.3427621929723,-1.93162676652421,1.70377355819339,0.000408170108467472,0.0404596634755209,2.8330052958095,10.026256380531,4.75022595911,3.49882758256769,26.5912841736708,3.48732664110998,1.96401548365833,0,23.1681714223253,236.515916287889,5.04376985200031,0,8.3854252130596,7.95452809631787,4.00738773273672,3.21828907114481,3.756577452713,4.40503717060018,1.82651522388455,2.77784334705078,1.431814131568,3.17865229074068,2.83917406277694,7.73055643560594,7.81647258157747,12.5401008942997,19.2728371009841,19.6367032748578,2.08659664920699,10.2139689100676,10.2131672900175,6.68528455266579,13.0142904271497,1.73291671391092,15.0759547692758,2.1056993584784,26.9538622700184,1.68583209478613,14.3413671597707,6.41566962069995,5.84659440906124,1.54953744464921,11.1358846551888,34.4226345550674,7.06657401052527,4.65212217093528,9.25627355699891,0.681579074669974,4.197826199128,0,3.46244120599398,5.54600451242075,0.955806677146961,3.95099727411845,6.55008607918834,18.4577581793803,4.25488481327717,22.2999912052829,0,5.01009242633788,3.61905033203718,0,3.89185834151091,1.92092782696001,2.33414013820549,2.14045449291445,4.22273536759791,3.54972177272141,0,7.45972839932843,24.3758938077975,10.7904185412178,2.75990974629602,0,6.65116405686685,57.757442504675,5.31547166157232,0,2.96845125369353,3.38761031795702,1.00123424890841,29.4600434098581,7.56012390229036,13.8871011697493,8.67167753739113,9.08641885198728,15.7872677263161,0,0,7.73797153272222,2.16870275963628,24.5501906292334,"BW vs. WB","BW"
"LOC111128365",23.6578600293162,1.41638534679058,1.36685321817265,0.00045734989916131,0.0433122255804251,11.332021183238,6.01575382831857,19.00090383644,23.6170861823319,56.6509967178203,46.4976885481331,11.1294210740639,56.749879876155,6.6194775492358,27.9428086753625,23.2013413192014,32.8890327003146,5.24089075816225,9.28028277903752,21.0387855968678,7.50934116600455,36.8144590365874,20.2631709847608,1.82651522388455,10.1854256058529,10.73860598676,10.5955076358023,13.2494789596257,1.78397456206291,148.512979049972,13.585109302158,0,26.1822710331438,27.1257564396909,2.2697708689039,18.569395072759,15.5989972895535,24.0263823270456,5.19875014173276,22.6139321539137,10.528496792392,21.5630898160147,30.3449777061504,12.2926004226606,17.1084523218665,3.89772960604083,19.3692180581151,12.6206692758806,2.79102442338385,1.00951057293218,18.6084886837411,12.3416980759985,1.36315814933995,44.077175090844,0,13.8497648239759,10.167674939438,15.2929068343514,11.8529918223554,22.9253012771592,9.66834952253255,19.1469816597473,10.6652131851353,2.18124757810351,58.8685860094701,13.5714387451394,15.2571857166434,80.7560605863513,18.2488143561201,9.33656055282198,37.4579536260028,43.2830375178786,14.1988870908856,7.66748533030575,14.2412996714452,16.250595871865,13.4880231765222,11.0396389851841,35.0460805652731,19.9534921706006,22.2923462298746,225.021633673228,18.1366589031758,3.9579350049247,14.9054853990109,82.1012084104894,12.8887689918129,16.2002655049079,132.33590526467,9.91048861416129,11.1056230413178,9.28662807430361,25.4852465434465,14.9862615329241,32.0573106355635,10.8435137981814,28.8197889995349,"BW vs. WB","WB"
"LOC111131210",52.8643956765483,2.66206759867376,2.25907987428268,0.000377516164132268,0.0387529655843797,30.2187231553013,3.00787691415929,169.108044144316,1.74941379128385,52.0264255571819,40.6854774796165,5.23737462308887,38.1771919166861,0,5.9877447161491,4.03501588160025,24.401540390556,4.1927126065298,18.560565558075,4.00738773273672,4.29105209485974,25.5447266784484,0,23.7446979104992,7.40758225880209,1.431814131568,0,26.4989579192515,1.18931637470861,360.674377692789,56.4304540243487,0,2.18185591942865,82.4205676436761,2.2697708689039,0,42.3401355002167,2.0021985272538,18.1956254960647,13.5683592923482,3.1585490377176,175.73918200052,8.42916047393067,0,4.27711308046664,0,13.9458370018429,14.8478462069184,0,26.2472748962367,0,42.1674684263283,56.5710631976079,2.098913099564,32.3921919590123,140.805942377089,3.69733634161384,72.641307463169,279.533057143881,114.626506385796,26.3682259705433,29.7841936929402,7.75651868009841,13.087485468621,85.171571247744,63.3333808106507,6.10287428665738,91.4586710255063,49.9441235009604,0,32.1068173937167,808.653822894999,0,40.2542979841052,17.6320853075036,2.32151369598072,3.59680618040592,33.1189169555522,67.3963087793714,113.069788966736,54.7175771096921,14.1745910975262,2.26708236289698,1.97896750246235,20.3256619077421,273.336949951995,0,4.32007080130877,0,27.2538436889435,8.07681675732202,26.0025586080501,4.24754109057442,859.980854120103,2.21084900934921,2.16870275963628,8.53919674060293,"BW vs. WB","WB"
"LOC144620797",10.1532910337501,-1.61038903845883,1.21653612896821,0.000219828598512981,0.0278613609309363,8.4990158874285,16.0420102088495,9.50045191822,16.6194310171965,3.46842837047879,6.97465328221997,9.82007741829164,0,3.3097387746179,13.9714043376812,10.0875397040006,4.24374615487931,12.5781378195894,10.6060374617572,7.01292853228926,16.091445355724,5.2592084337982,7.04805947296029,6.39280328359593,24.0746423411068,9.30679185519201,8.47640610864181,22.7133925022155,9.51453099766885,1.11663894022535,12.5401008942997,5.07179923710107,9.81835163742892,12.5195798952419,24.9674795579429,29.7110321164144,3.3426422763329,7.00769484538831,8.66458356955461,3.01519095385517,4.21139871695681,12.9378538896088,13.4866567582891,25.6095842138762,11.7620609712833,5.84659440906124,8.52245594557066,5.93913848276736,8.37307327015154,4.03804229172873,6.97818325640292,11.313223236332,6.81579074669974,8.395652398256,0,11.5414706866466,24.0326862204899,11.4696801257635,10.8652425038257,11.4626506385796,14.0630538509564,28.7204724896209,9.69564835012302,4.36249515620701,3.75756931975341,5.42857549805577,12.2057485733148,19.4592917075545,17.2883504426401,11.6707006910275,24.6152266685161,15.8352576284922,3.54972177272141,14.3765349943233,9.49419978096345,6.38416266394697,11.6896200863192,8.27972923888806,0,3.32558202843343,11.1461731149373,2.65773583078616,5.66770590724244,7.91587000984941,8.13026476309685,12.0148109869009,11.0475162786968,15.1202478045807,0,6.19405538385081,20.1920418933051,3.71465122972145,5.30942636321803,0,9.94882054207142,6.50610827890885,21.3479918515073,"BW vs. WB","BW"
"LOC111121060",33.4574775201883,3.10312316863335,2.9292421857479,0.000420840427291614,0.0410762830852638,13.2206913804443,1.0026256380531,9.50045191822,0,0,0,7.85606193463331,0,0,2.99387235807455,3.02626191120019,216.431053898845,0,0,8.01477546547344,0,16.5289407919372,2.64302230236011,3.6530304477691,0,0,10.5955076358023,6.62473947981287,0,557.202831172451,8.36006726286648,3.04307954226064,0,20.8659664920699,4.5395417378078,0,1.11421409211097,14.0153896907766,5.19875014173276,15.0759547692758,0,4.31261796320295,0,2.0487667371101,0,5.84659440906124,15.4953744464921,0,3.72136589784513,0,12.793335970072,0,0,5.24728274891,4.3189589278683,2.30829413732932,0,0,0,0,7.910467791163,36.166520912856,0,14.1781092576728,0,9.04762583009296,10.171457144429,34.0537604882204,9.60463913480007,1.16707006910275,8.56181797165778,2.11136768379895,8.51933225453138,0,2.7126285088467,0,0,1.37995487314801,16.1751141070491,32.1472929415231,0,1197.75294774096,0,3.9579350049247,1.35504412718281,626.772639816663,6.44438449590647,2.16003540065439,0,0,6.05761256799152,5.57197684458217,0,2.30557869737293,8.84339603739682,8.67481103854514,26.6849898143842,"BW vs. WB","WB"
"LOC111118976",51.9095307036813,2.62953164492593,1.93483054341953,0.000262116250572288,0.0313708133553684,29.2743880566981,14.0367589327433,38.951852864702,7.87236206077731,68.2124246194163,23.2488442740666,1.30934365577222,0,2.20649251641193,1.99591490538303,11.0962936744007,264.173198141237,10.4817815163245,5.30301873087858,19.0350917304994,9.65486721343441,30.052619621704,12.3341040776805,22.8314402985569,7.40758225880209,35.079446223416,22.2505660351847,69.0865688609056,5.35192368618873,862.045261853972,5.22504203929155,3.04307954226064,10.9092795971432,40.6886346595363,4.5395417378078,1.8569395072759,16.7132113816645,6.00659558176141,9.53104192651007,425.141924493578,1.0528496792392,4.31261796320295,6.74332837914453,0,0,10.7187564166123,45.7113546171517,20.7869846896858,0.930341474461282,10.0951057293218,26.7497024828779,20.5694967933309,11.5868442693896,4.197826199128,21.5947946393415,28.8536767166165,9.24334085403459,22.9393602515271,5.92649591117768,1.63752151979709,7.03152692547822,15.9558180497894,18.4217318652337,27.2655947262938,17.5353234921826,13.5714387451394,24.4114971466295,240.322252588299,10.5651030482801,1.16707006910275,6.42136347874334,83.3990235100587,9.22927660907566,14.3765349943233,24.4136565796203,13.9290821758843,10.7904185412178,6.89977436574005,9.43548322911199,85.3566053964579,9.11959618494869,1048.03382927334,13.6024941773819,23.7476100295482,39.9738017518929,424.523321537165,5.5237581393484,8.64014160261755,6.53510643282319,0,28.2688586506271,20.4305817634679,2.12377054528721,20.7502082763564,40.9007066729603,39.0366496734531,53.3699796287683,"BW vs. WB","WB"
"LOC111119936",22.4410028793094,23.8276027807394,2.8356539272584,1.54165975071856e-17,2.31022247938561e-14,0,0,0,0,4.62457116063839,2.32488442740666,0,0,0,0,0,109.276463488142,0,0,0,0,3.0052619621704,0,0,0,0,11.6550583993825,14.1958703138847,0,483.504661117578,0,0,0,25.0391597904839,4.5395417378078,0,0,0,0,8.2917751231017,0,0,0,0,0,0,4.64861233394763,0,0,0,2.32606108546764,0,1.36315814933995,0,0,2.30829413732932,0,3.82322670858784,0,3.27504303959417,0,0,0,0,0,0,4.06858285777158,225.727783807633,3.84185565392003,0,2.14045449291445,3.16705152569843,0,0,8.1378855265401,0,0,0,0,25.4961288846563,0,780.488422307536,4.53416472579395,0,1.35504412718281,291.359166432347,0,0,0,0,8.07681675732202,0,0,4.61115739474586,4.42169801869841,8.67481103854514,4.26959837030146,"BW vs. WB","WB"
"LOC111119937",13.6313959895784,23.7134545507296,3.82830252603469,1.53593423560187e-10,1.08688679588771e-07,0,0,0,0,9.24914232127678,0,0,0,0,0,0,56.2296365521508,0,0,0,0,3.0052619621704,0,0,0,0,3.17865229074068,0,0,273.576540355211,0,0,0,21.9092648166734,0,0,0,0,0,13.5683592923482,0,2.15630898160147,0,0,0,0,13.9458370018429,0,0,0,2.32606108546764,0,0,0,0,0,0,0,0,0,0,8.50976962655434,0,0,0,0,8.13716571554317,85.62088351324,0,0,0,3.16705152569843,0,0,13.5631425442335,0,0,0,0,4.43410937124457,0,533.318990044423,0,3.9579350049247,0,169.208588065521,0,0,0,0,12.115225135983,0,0,0,0,6.50610827890885,6.4043975554522,"BW vs. WB","WB"
"LOC111119939",54.9197142850076,3.53019477571892,3.30396120126164,0.000351788394995857,0.0365349709766333,1.88867019720633,1.0026256380531,22.801084603728,0.874706895641923,13.8737134819152,2.32488442740666,2.61868731154444,0,0,1.99591490538303,0,211.126371205246,0,5.30301873087858,0,10.7276302371494,4.5078929432556,0,0,1.85189556470052,0,11.6550583993825,58.6762639640568,4.16260731148012,608.568222422817,0,0,1.09092795971432,68.8576894238307,2.2697708689039,2.78540926091385,0,0,0,45.2278643078275,0,2.15630898160147,0,0,0,0,30.9907488929842,0,3.72136589784513,0,0,1.02847483966655,0,0,0,0,0.924334085403459,0,0,6.55008607918834,7.03152692547822,0,1.9391296700246,0,1.25252310658447,5.42857549805577,9.15431142998606,443.671850932243,23.0511339235202,2.33414013820549,0,13.7238899446932,0,0.958435666288219,22.3791851979853,1.16075684799036,0,4.13986461944403,0,3.32558202843343,0,2157.19558265477,0,11.8738050147741,4.06513238154843,1089.34286281235,0,3.24005310098158,0,2.47762215354032,24.2304502719661,0,0,6.91673609211879,14.3705185607698,26.0244331156354,43.76338329559,"BW vs. WB","WB"
"LOC111118928",68.9573157329344,5.03035435648609,2.44147375539298,6.23041577612754e-05,0.012024230446731,1.88867019720633,3.00787691415929,2.850135575466,1.74941379128385,0,0,0.654671827886109,0,3.3097387746179,0.997957452691516,2.01750794080012,952.721011770405,1.04817815163245,0,1.00184693318418,0,0,0,0,2.77784334705078,0.715907065784001,1.05955076358023,0,2.37863274941721,1.11663894022535,1.04500840785831,1.01435984742021,2.18185591942865,6.25978994762097,6.80931260671171,0.928469753637951,0,0,0.866458356955461,0.753797738463791,3.1585490377176,0,0,1.02438336855505,0,2.92329720453062,3.87384361162303,1.48478462069184,0.930341474461282,0,0,0,2.7263162986799,4.197826199128,707.229524438434,1.15414706866466,4.6216704270173,0.955806677146961,8.88974386676652,0,4.39470432842389,2.12744240663859,0,1317.47353717452,776.564326082372,2.71428774902789,6.10287428665738,0,11.5255669617601,0,842.268842961834,1.05568384189948,0.709944354544282,4.79217833144109,0,2.90189211997589,5.39520927060888,4.82984205601803,249.366342483674,0,0,0,3.40062354434547,0,6.77522063591404,2.00246849781681,0,5.40008850163597,573.455589480235,765.585245443959,0,0.928662807430361,5.30942636321803,2.30557869737293,2.21084900934921,1.08435137981814,1.06739959257537,"BW vs. WB","WB"
"LOC111120583",339.22762436805,6.95299522362246,1.62581394843844,7.99595658736115e-07,0.000304025364273172,40.6064092399361,4.01050255221238,169.108044144316,34.9882758256769,86.7107092619699,27.8986131288799,10.4747492461777,63.9725918603929,4.41298503282386,16.9652766957558,12.1050476448007,2714.93660258404,2.0963563032649,5.30301873087858,6.01108159910508,0,70.6236561110044,0,18.2651522388455,0,0,86.8831626135785,945.444962904722,8.32521462296025,7211.25427597533,12.5401008942997,0,8.72742367771459,219.092648166734,21.5628232545871,14.8555160582072,57.9391327897702,8.00879410901521,8.66458356955461,89.7019308771912,0,21.5630898160147,0,0,41.7018525345497,3.89772960604083,75.1525660654867,11.8782769655347,8.37307327015154,2.01902114586436,48.8472827948204,8.22779871733236,15.6763187174094,8.395652398256,100.415795072938,36.9327061972692,88.7360721987321,7.64645341717569,49.3874659264807,73.6884683908689,54.4943336724562,0,3.87825934004921,0,30.0605545580273,19.9047768262045,130.194651448691,2854.67809349825,66.2720100301205,37.3462422112879,0,174.187833913414,0,7.66748533030575,71.8846554844376,12.1879469038988,0,23.4592328435162,32.3502282140983,524.33343314967,0,10719.5345175042,15.8695765402788,43.5372850541717,48.7815885785811,3096.8175318737,0,25.9204248078526,3.2675532164116,9.91048861416129,119.1330471705,1.85732561486072,6.37131163586163,34.583680460594,9.94882054207142,156.146598693812,290.3326891805,"BW vs. WB","WB"
"LOC111122132",592.919959162463,1.77912939052453,0.598374256514098,1.11036365733704e-05,0.00285722365360214,380.567044737076,444.163157657521,315.415003684904,487.211740872551,371.121835641231,304.559859990272,603.607425310993,789.339238277429,532.867942713482,214.560852328676,364.160183314423,267.356007757396,662.448591831708,546.210929280494,705.300240961663,461.288100197422,393.689317044322,459.004873176539,493.159110448829,321.30388047554,390.885257918065,477.857394374682,392.752412017477,695.155421017181,410.92313000293,475.478825575531,540.653798674974,637.101928473165,426.709014762829,306.419067302027,423.382207658906,337.606869909623,306.336374669832,434.962095191641,240.461478569949,615.917062354933,563.874798688785,341.380999194192,460.972515849772,598.795831265329,677.230519049594,242.502610087601,959.170864966929,369.345565361129,810.636990064542,526.85283585842,181.011571781312,304.665846377478,455.464142605388,1128.32801990559,558.607181233696,513.00541739892,544.809805973768,495.850157901866,221.065405172607,471.112304007041,412.723826887886,331.591173574207,548.583765893031,415.837671386044,2555.04953441825,1027.31717158732,723.885651521029,629.103863329405,399.137963633139,354.245218577341,369.489344664817,286.81751923589,1434.77819243346,422.491890252874,315.145484229382,577.28739195515,254.601674095808,207.580631040464,532.093124549348,640.398309876397,466.875594274769,559.969343635553,471.983749337271,346.891296558799,718.886190716236,600.24838447586,442.807257134149,736.833250300815,330.762557497633,451.292136315368,494.977276360383,7845.20839429095,970.648631594004,389.10942564546,383.860388455622,245.501906292334,"BW vs. WB","WB"
"LOC111122008",88.6313410543653,1.99466510218539,1.04063978889558,7.53748213396848e-05,0.0136860086243423,632.704516064121,31.081394779646,55.102621125676,43.7353447820962,139.893277609311,13.9493065644399,73.9779165511303,5.15907998874137,35.3038802625909,16.9652766957558,194.689516287212,101.849907717103,60.7943327946821,27.8408483371126,46.0849589264723,24.6735495454435,135.236788297668,84.5767136755235,33.7905316418642,13.8892167352539,280.635569787328,101.716873303702,82.3360478205313,228.943402131407,102.730782500732,107.635866009406,22.3159166432447,157.093626198863,46.9484246071573,190.660752987928,14.8555160582072,86.9086991846553,54.0593602358526,105.707919548566,15.0759547692758,52.6424839619601,250.131841865771,28.6591456113643,7.17068357988534,19.2470088620999,125.701779794817,34.8645925046072,118.782769655347,146.063611490421,41.3899334902194,47.6842522520866,30.8542451899964,27.263162986799,33.582609593024,126.329548640148,124.647883415783,44.368036099366,190.205528752245,11.8529918223554,116.264027905593,32.5208120303368,59.5683873858804,31.0260747203936,89.4311507022437,27.5555083448584,67.8571937256972,38.65153714883,359.023932004381,14.4069587022001,44.3486626259044,47.0899988441178,35.8932506245822,315.215293417661,46.9633476481227,39.3331133782772,118.397198495016,8.9920154510148,35.8788267018483,188.70966458224,137.457390508582,36.4783847397948,383.599871576803,46.475188439388,16.82122377093,193.771310187142,39.0481357074279,53.3963286803679,99.3616284301018,16.337766082058,34.6867101495645,52.4993089225932,37.1465122972144,42.4754109057442,268.599918243946,58.5874987477539,11.9278651779996,77.9201702580017,"BW vs. WB","WB"
"LOC111119920",40.8778237417748,4.1180463846943,2.26334183538708,0.000106125181463257,0.0167921676880526,1.88867019720633,4.01050255221238,34.201626905592,0,6.93685674095759,2.32488442740666,13.7481083856083,0,0,18.9611916011388,2.01750794080012,224.918546208603,2.0963563032649,29.1666030198322,2.00369386636836,4.29105209485974,21.0368337351928,7.04805947296029,3.6530304477691,1.85189556470052,0,13.7741599265429,17.0350443766617,1.18931637470861,544.919802829972,8.36006726286648,22.3159166432447,8.72742367771459,82.4205676436761,4.5395417378078,0.928469753637951,2.22842818422193,4.0043970545076,0,33.1671004924068,0,3.23446347240221,0,1.02438336855505,4.27711308046664,1.94886480302041,12.3962995571937,4.45435386207552,51.1687810953705,0,4.65212217093528,4.11389935866618,4.08947444801985,6.296739298692,0,26.5453825792872,1.84866817080692,1.91161335429392,4.93874659264807,6.55008607918834,0,0,3.87825934004921,79.6155366007779,10.0201848526758,3.61905033203718,6.10287428665738,58.3778751226636,0,29.1767517275687,2.14045449291445,16.8909414703916,12.7789983817971,0,8.1378855265401,4.64302739196143,0,1.37995487314801,8.08755705352457,65.4031132258574,0,1498.9630085634,0,9.89483751231176,6.09769857232264,510.629466943288,0,4.32007080130877,13.8871011697493,4.95524430708064,48.4609005439321,0,6.37131163586163,4.61115739474586,25.4247636075159,19.5183248367266,34.1567869624117,"BW vs. WB","WB"
"LOC111118047",403.997485656839,-4.01918287547388,1.42843257039838,2.7143666756995e-05,0.00628154509659003,12.2763562818412,186.488368677876,25.651220179194,1219.34141252484,487.89225744735,520.774111739091,49.1003870914582,2.06363199549655,553.829621619395,1489.95047686843,700.075255457643,21.2187307743965,328.079761460957,111.36339334845,827.525566810133,10.7276302371494,1136.74033719095,464.290917781259,50.2291686568252,64.8163447645182,286.3628263136,47.6797843611102,654.902817147215,679.099649958614,329.408487366479,1118.15899640839,20.2871969484043,34.9096947108584,35.4721430365188,721.787136311441,388.100357020664,1166.58215444018,322.353962887862,34.6583342782184,49.7506507386102,855.966789221471,669.533938787258,1020.771333393,789.799577155942,1264.95619354801,2.92329720453062,10.8467621125445,870.826180035765,28.8405857082997,684.448168448019,1836.4252269767,808.381223977904,6.13421167202977,829.07067432778,47.5085482065513,4.61658827465864,1103.65489797173,33.4532337001436,512.641896316869,720.509468710718,506.269938634432,332.944736638939,883.273564696207,567.124370306911,47.5958780502099,1588.76309576432,18.3086228599721,29.1889375613318,635.827110723765,33.8450320039797,38.52818087246,523.619185582141,23.4281636999613,52.713961645852,530.31887347953,907.71185512846,730.151654622402,20.6993230972201,2.69585235117486,6.65116405686685,20.265769299886,64.6715718824633,2.26708236289698,29.6845125369353,514.239246265876,17.0209822314429,642.597196877531,464.407611140693,10.6195479533377,0,55.5281152065889,429.042217032827,29.7327876340209,14.9862615329241,399.058246187532,679.888315145975,60.8417767767959,"BW vs. WB","BW"
"LOC111121702",191.971154440691,8.33908424713268,1.97659467593693,4.12565373995376e-07,0.000166827030198924,13.2206913804443,2.00525127610619,76.00361534576,2.62412068692577,34.6842837047879,4.64976885481331,2.61868731154444,0,0,1.99591490538303,2.01750794080012,1070.48496756831,0,0,4.00738773273672,0,30.8039351122466,3.52402973648014,0.913257611942276,37.0379112940104,2.863628263136,48.7393351246904,51.105133129985,1.78397456206291,4328.09253231347,0,0,0,132.498887224644,6.80931260671171,0,6.68528455266579,0,8.66458356955461,29.3981118000879,0,25.8757077792177,0,0,17.1084523218665,15.5909184241633,100.719933902199,0.742392310345921,0,2.01902114586436,22.0975803119426,2.05694967933309,2.7263162986799,0,51.8275071344196,25.3912355106225,1.84866817080692,1.91161335429392,0,29.4753873563476,7.910467791163,6.38232721991576,1.9391296700246,0,7.51513863950682,9.04762583009296,42.7201200066016,1097.50405230608,21.1302060965602,0,0,80.2319719843602,0,0.958435666288219,30.5170707245254,1.16075684799036,0,6.89977436574005,21.5668188093988,168.496156107294,0,6216.44410820883,23.8043648104183,29.6845125369353,24.3907942892906,3225.97674998289,0,33.480548710143,8.98577134513189,9.91048861416129,31.2976649346228,0,0,57.6394674343233,63.0091967664524,108.435137981814,121.683553553592,"BW vs. WB","WB"
"LOC111119242",44.8929688276955,-2.50040085153038,2.57847920800584,0.000590584933750057,0.0496539643144644,0,1.0026256380531,1.900090383644,0.874706895641923,4.62457116063839,8.13709549592329,349.594756091182,0,9.9292163238537,716.533451032509,8.0700317632005,2.12187307743965,2.0963563032649,1.32575468271965,4.00738773273672,4.29105209485974,2.2539464716278,0,722.38677104634,2.77784334705078,0.715907065784001,0,208.206097936976,2.97329093677152,2.2332778804507,7.31505885500817,0,3.27278387914297,0,4.5395417378078,2.78540926091385,0,15.0164889544035,0,0.753797738463791,7.36994775467441,7.54708143560516,3.37166418957227,6.14630021133029,5.3463913505833,622.662304565022,3.09907488929842,6.68153079311328,9.30341474461282,1.00951057293218,1.16303054273382,0,391.907967935235,8.395652398256,0,2.30829413732932,0,251.377156089651,0.987749318529613,3.27504303959417,4.39470432842389,0,3.87825934004921,0,1.25252310658447,3.61905033203718,584.858785804665,5.83778751226636,0.960463913480007,3.50121020730824,0,0,1.41988870908856,0.958435666288219,7.45972839932843,0,0.89920154510148,1.37995487314801,6.73963087793714,19.9534921706006,0,0,0,3.9579350049247,3.38761031795702,8.00987399126726,13.809395348371,0,6.53510643282319,0,10.0960209466525,4.64331403715181,1.06188527264361,0,5.52712252337301,3.25305413945443,1.06739959257537,"BW vs. WB","BW"
"LOC144617502",68.1245720150005,-2.42039017633906,2.41796978285258,0.000564397079669116,0.0484528318048502,1.88867019720633,88.2310561486724,187.158902788934,149.574879154769,1.1561427901596,5.81221106851664,3.92803096731665,2.06363199549655,1.10324625820597,180.630298937164,135.173032033608,13.7921750033578,7.33724706142715,133.901222954684,4.00738773273672,152.332349367521,1.5026309810852,1.76201486824007,196.350386567589,0,2.147721197352,121.848337811726,13.2494789596257,254.513704187642,102.730782500732,117.040941680131,129.838060469787,0,0,292.800442088603,110.487900682916,6.68528455266579,133.146202062378,1.73291671391092,13.5683592923482,162.138850602837,2.15630898160147,164.368629241648,165.950105705918,69.5030875575828,1.94886480302041,0,2.22717693103776,9.30341474461282,276.605896983418,98.8575961323747,0,2.04473722400992,0,0,1.15414706866466,2.77300225621038,135.724548154868,110.627923675317,76.963511430463,161.725119285999,127.646544398315,1.9391296700246,202.856024763626,2.50504621316894,8.14286324708366,36.6172457199443,236.430394246788,121.978917011961,284.76509686107,6.42136347874334,160.46394396872,144.118703972489,16.2934063268997,1.35631425442335,123.620604310973,12.5888216314207,135.235577568505,1.34792617558743,4.43410937124457,0,1.77182388719077,4.53416472579395,0,2.71008825436562,180.222164803513,112.316415500084,0,0,50.7912541475766,245.333309003656,5.57197684458217,9.55696745379245,2.30557869737293,5.52712252337301,5.42175689909071,1.06739959257537,"BW vs. WB","BW"
"LOC111115103",50.902041800724,-23.6739620992071,2.07997954805953,1.97756934797711e-30,1.67928597132389e-26,0,53.1391588168141,97.854654757666,143.451930885275,90.1791376324486,1.16244221370333,0,0,227.268729190429,6.98570216884062,0,162.323290424134,0,1.32575468271965,1.00184693318418,0,97.671013770538,0,9.13257611942276,237.968580064017,0,1.05955076358023,0,6.54124006089734,159.679368452225,156.751261178746,4.05743938968086,0,0,107.814116272935,72.4206407837602,1.11421409211097,83.0912388810328,0,0.753797738463791,141.081857018053,0,147.510308293787,215.12050739656,52.3946352357163,0,150.305132130973,0,1.86068294892256,4.03804229172873,133.748512414389,1.02847483966655,0,113.341307376456,0,0,0,12.4254868029105,79.0199454823691,60.5882962324922,87.0151457027929,134.028871618231,0,0,0,169.190603022738,36.6172457199443,3.89185834151091,205.539277484722,116.707006910275,92.0395431953212,80.2319719843602,4.25966612726569,0,0,67.9042756074359,227.497990910675,3.44988718287002,0,0,0,0,282.251754180674,0,0.677522063591404,83.1024426593978,149.141469762407,89.6414691271571,0,0,3.02880628399576,8.35796526687325,0,0,0,0,3.2021987777261,"BW vs. WB","BW"
"LOC111115455",20.3470870233984,3.34048284846585,1.70520472506499,9.36123705889519e-05,0.0151896505780481,91.6005045645071,4.01050255221238,25.651220179194,6.12294826949346,3.46842837047879,22.0864020603632,17.6761393529249,14.4454239684758,0,0,4.03501588160025,13.7921750033578,34.5898790038708,49.0529232606269,6.01108159910508,4.29105209485974,9.0157858865112,12.3341040776805,0,5.55568669410156,10.73860598676,8.47640610864181,26.4989579192515,1.18931637470861,10.0497504620282,32.3952606436076,4.05743938968086,26.1822710331438,0,19.2930523856832,11.1416370436554,11.1421409211097,11.0120918998959,5.19875014173276,0,22.1098432640232,144.472701767299,7.5862444265376,0,13.9006175115166,45.7983228709797,35.6393612269318,13.3630615862266,15.8158050658418,8.07608458345745,16.2824275982735,5.14237419833273,8.86052797070966,32.533153043242,57.226205794255,2.30829413732932,2.77300225621038,16.2487135114983,9.87749318529613,21.2877797573621,0.878940865684777,17.0195392531087,5.81738901007381,2.18124757810351,93.9392329938353,73.285769223753,7.12002000110027,1.94592917075545,134.464947887201,0,63.1434075409762,5.27841920949739,8.51933225453138,15.3349706606115,6.78157127211675,18.5721095678457,18.8832324471311,13.1095712949061,21.5668188093988,50.9922577693125,7.09301925496009,8.85911943595387,12.4689529959334,2.96845125369353,2.03256619077421,43.0530727030615,2.7618790696742,3.24005310098158,0,14.8657329212419,1.00960209466525,43.647151949227,6.37131163586163,182.140717092462,0,2.16870275963628,0,"BW vs. WB","WB"
"LOC144621477",14.3891700601336,38.8517710699902,3.46233993906071,1.81555670151262e-30,1.67928597132389e-26,0,0,0,0,0,0,0,0,0,0,0,0,2.0963563032649,0,0,0,0,2.64302230236011,0,0,1.431814131568,0,0,0,0,0,0,0,441.315191307278,0,0,28.9695663948851,2.0021985272538,160.29479603676,0,0,0,0,0,0,105.238699363102,0,0,0,190.797498284182,0,9.25627355699891,0,0,0,0,0,3.82322670858784,0,0,0,0,0,0,0,0,0,0,25.9325256639602,0,0,0,0,6.70904966401753,0.678157127211675,4.64302739196143,0,0.689977436574005,4.04377852676228,0,10.132884649943,0,0,0,0,0,0,0,0,0,0,0,0,9.22231478949172,0,4.33740551927257,309.545881846856,"BW vs. WB","WB"
"LOC111112797",30.9038043003027,3.8071980929543,3.00872744477498,0.000249146346254894,0.0305144383213626,8.4990158874285,0,3.800180767288,1.74941379128385,5.78071395079799,3.48732664110998,12.4387647298361,42.3044559076792,0,0,0,125.19051156894,0,10.6060374617572,0,0,10.5184168675964,7.04805947296029,8.21931850748048,26.8524856881576,119.556479985928,13.7741599265429,20.8206097936976,1.18931637470861,338.341598888282,0,0,0,33.3855463873118,13.6186252134234,0,2.22842818422193,8.00879410901521,0,15.8297525077396,0,1.07815449080074,0,0,0,5.84659440906124,13.1710682795183,0,0,2.01902114586436,32.564855196547,91.5342607303225,14.9947396427394,0,23.7542741032757,10.387323617982,0,0,0,9.82512911878252,0,0,98.8956131712548,3.27187136715526,0,0,4.06858285777158,398.915480004868,0.960463913480007,0,13.9129542039439,12.6682061027937,19.8784419272399,0,10.1723569081751,1.74113527198554,6.29441081571036,4.13986461944403,41.7857114432103,38.79845699839,0,766.31383121001,10.2018706330364,41.5583175517094,0.677522063591404,183.225867550239,0,0,3.2675532164116,0,70.6721466265677,0.928662807430361,0,12.6806828355511,19.8976410841428,19.5183248367266,20.280592258932,"BW vs. WB","WB"
"LOC111114163",42.2394893582824,24.16569800185,3.88006036529474,1.25578891324577e-10,9.14034930426741e-08,0,0,11.400542301864,29.7400344518254,70.5247101997355,0,10.4747492461777,0,0,0,0,0,0,0,0,0,0,0,0,0,1.431814131568,0,1.89278270851796,0,0,0,0,5.45463979857162,35.4721430365188,0,0,95.8224119215431,0,116.105419832032,0,0,3.23446347240221,0,0,25.6626784827998,1.94886480302041,0,0,0,2.01902114586436,0,0,0,243.473919549424,0,0,0,0,0,158.839587420317,0,0,0,0,0,0,0,0,0,0,0,86.5660750357571,0,43.1296049829698,0,8.70567635992768,0,0,0,1.10852734281114,0,0,0,0,0,1.00123424890841,0,32.4005310098158,0,0,0,0,0,2643.34597653807,0,6.50610827890885,249.771504662636,"BW vs. WB","WB"
"LOC111114484",1917.00779334351,4.2851823867483,2.20723991584419,8.67847443593099e-05,0.0146145968437667,1809.34604892367,42.11027679823,5268.95063384481,22.74237928669,65.9001390390971,5627.38275653781,5308.73385232846,128.976999718534,30.8908952297671,29.9387235807455,17.1488174968011,3405.60628929065,20.963563032649,82.196790328618,132.243795180312,13.9459193082942,114.199954562475,1710.03542962699,48.4026534329406,23.1486945587565,8373.24904140968,3092.82867889068,19.8742184394386,3916.41882191544,4373.87472886271,20.9001681571662,34.4882348122873,26.1822710331438,12.5195798952419,91.925720190608,14.8555160582072,31.197994579107,16.0175882180304,1584.75233487154,7375.15707312973,45.2725362072857,154.176092184505,125.594491061567,3622.21959121065,26.7319567529165,3831.46820273813,17.8196806134659,20.7869846896858,6043.49821810049,3246.5860025499,18.6084886837411,6357.00298397892,47.7105352268982,28.335326844114,1683.31424213667,7625.44968266742,6073.79927518613,9226.40185449961,19.7549863705923,36.0254734355359,5226.18238736168,24.4655876763437,7146.66239887567,31.6280898825008,1756.03739543143,6183.14749228553,24.4114971466295,21.40522087831,3761.17668518771,4513.05995722032,39.5984081189172,12.6682061027937,3514.93449934874,4319.669547961,26.4481279612553,28.4385427757638,2961.96988956428,29.6690297726822,59.3087517258468,7036.93157216513,6144.58125172543,58.4701882772956,32.8726942620062,26.7160612832418,157.185118753206,48.0592439476035,104.030778291062,70.2011505212676,6072.74765270095,4062.06152072936,75.720157099894,3052.5146480236,43.5372961783878,1851.37969399046,6677.86943273927,21.6870275963628,9.6065963331783,"BW vs. WB","WB"
"LOC111115093",10.3462107542193,23.8654127716572,2.69084219938089,2.65710428266558e-19,4.83498082863612e-16,0,0,9.50045191822,0,6.93685674095759,0,0,0,0,0,0,65.7780654006293,0,0,0,0,1.5026309810852,0,0,0,0,2.11910152716045,3.78556541703592,0,183.128786196958,1.04500840785831,0,2.18185591942865,7.30308827222446,0,0,0,2.0021985272538,0,3.01519095385517,0,0,0,0,8.55422616093327,0,9.29722466789526,0,0,0,1.16303054273382,0,0,0,0,0,0,0,0,0,0,0,0,0,0,0,1.0171457144429,32.107831317465,11.5255669617601,0,0,2.11136768379895,0,0,2.7126285088467,0,0,0,0,7.75969139967799,0,437.640500136121,1.13354118144849,0,2.71008825436562,123.151812615734,0,4.32007080130877,0,0,3.02880628399576,0,0,4.61115739474586,0,2.16870275963628,8.53919674060293,"BW vs. WB","WB"
"LOC111110895",14.8292729000991,20.5475232660915,3.41056719419164,2.990542474693e-10,2.05902890656228e-07,23.6083774650792,0,0,0,0,0,0,67.0680398536377,0,0,0,0,0,55.6816966742251,0,0,0,52.8604460472022,0,0,0,16.9528122172836,5.67834812555389,0,0,0,0,0,0,7.94419804116366,0,0,0,0,0,0,2.15630898160147,47.2032986540117,0,54.5331917759496,0,66.630110119916,106.904492689813,0,0,9.30424434187056,0,0,0,57.226205794255,0,49.9140406117868,0,0,0,0,0,1.9391296700246,0,131.514926191369,0,0,3.89185834151091,0,0,0,0,0,0,40.6894276327005,0,0,0,16.1751141070491,0,0,0,99.751623967467,67.28489508372,0,0,220.029699217378,0,102.927926316965,28.4926547657137,0,0,0,13.8334721842376,0,14.0965679376358,0,"BW vs. WB","WB"
"LOC111115092",176.550475492224,4.63754422730757,3.4842828003658,0.00017057068135396,0.0240071166159786,2.8330052958095,1.0026256380531,64.603073043896,0.874706895641923,41.6211404457455,9.29953770962662,0,0,0,1.99591490538303,0,941.050709844487,0,0,0,0,20.2855182446502,0,21.0049250746723,0,0,42.382030543209,32.1773060448053,0,4484.42198394502,0,0,0,125.195798952419,1.13488543445195,0,26.7411382106632,3.0032977908807,0,41.4588756155085,2.1056993584784,4.31261796320295,0,0,2.13855654023332,0,39.5132048385549,4.45435386207552,0,3.02853171879654,10.4672748846044,15.4271225949982,3.40789537334987,0,17.2758357114732,33.4702649912752,0,0.955806677146961,0,67.1383823116805,0.878940865684777,31.9116360995788,8.72608351511071,0,1.25252310658447,18.0952516601859,37.6343914343871,1153.93599825798,15.3674226156801,12.8377707601302,0,104.512700348048,0.709944354544282,0,20.3447138163503,6.96454108794214,2.69760463530444,1.37995487314801,10.7834094046994,197.317867020383,0,6261.6256173322,0,0,6.77522063591404,1954.40925386921,0,9.72015930294474,0,0,85.8161780465465,0,0,13.8334721842376,28.7410371215397,33.6148927743624,157.975139701154,"BW vs. WB","WB"
"LOC111113338",1331.36966624783,4.22484264421308,0.947986447771363,1.36858889919548e-06,0.000458747397460589,401.342416906346,14.0367589327433,605.178787190614,83.9718619816246,889.073805632731,51.1474574029464,151.229192241691,73.2589358401274,499.770554967303,551.870471338409,389.379032574424,5734.36199178067,302.923485821778,1104.35365070546,465.858823930644,190.951818221258,779.114163692676,797.311727878633,252.97235850801,374.082904069505,221.93119039304,226.743863406168,600.012118600194,265.812209747374,15389.5178741858,38.6653110907574,408.787018510346,305.459828720011,1001.56639161936,98.7350327973197,417.811389137078,197.215894303641,194.213257143619,287.664174509213,358.053925770301,242.155426225016,530.452009473963,23.6016493270059,170.047639180138,190.331532080765,280.63653163494,533.815649681653,272.457977896953,374.927614207897,448.222694381889,308.203093824462,406.247561668285,128.136866037955,532.074470739474,367.111508868806,472.046151083846,290.240902816686,255.200382798239,421.768959012145,864.611362452861,60.6469197322496,298.905658132721,198.760791177522,208.309143708885,905.574206060572,610.714743531275,401.772557204944,10052.6700961227,478.311028913044,619.714206693559,316.787264951338,744.257108539131,403.248393381152,119.804458286027,733.766011643033,300.636023629503,313.821339240417,429.855942985605,107.834094046994,1217.16302240663,552.242213421893,41706.9624805837,226.708236289698,464.067879327422,716.140821216114,13940.1844475518,138.09395348371,438.487186332841,131.519016960567,249.001026430802,502.781843143296,404.896984039638,356.793451608251,444.976688592976,851.176868599444,839.287967979242,1163.46555590715,"BW vs. WB","WB"
"LOC111112969",228.643314660283,-1.55730087210183,1.08174508506743,0.00015834651157467,0.0227207382388346,205.86505149549,104.273066357522,294.51400946482,292.152103144402,291.347983120219,87.1831660277496,19.6401548365833,260.017631432565,588.03025562378,384.213619286234,319.77500861682,118.824892336621,88.0469647371258,47.7271685779072,287.53006982386,159.841690533525,159.278883995031,202.631709847608,422.838274329274,586.124946227715,121.70420118328,141.97980231975,391.806020663218,73.7376152319336,165.262563153352,106.590857601548,323.580791327048,248.731574814866,207.616366596095,139.59090843759,343.533808846042,305.294661238405,187.20556229823,450.55834561684,468.108395586014,505.367846034817,171.426564037317,5.0574962843584,85.023819590069,126.174835873766,299.150747263634,363.36653077024,106.904492689813,426.096395303267,30.2853171879654,113.976993187914,241.691587321638,229.010569089111,108.094024627546,64.7843839180245,248.141619762902,256.040541656758,280.05135640406,674.632784555726,76.963511430463,85.2572639714234,292.523330912806,201.669485682559,330.459008082681,200.403697053515,179.142991435841,200.37770574525,156.647298245814,102.769638742361,347.786880592619,168.025677693784,206.914033012297,132.759594299781,96.8020022951101,284.147836301692,359.834622877011,380.362253577926,353.268447525891,35.0460805652731,19.9534921706006,285.747347128392,243.625784488732,11.3354118144849,781.692163472629,313.69271544282,131.161686607001,382.980564328156,164.162690449733,8.16888304102899,208.120260897387,268.554157180957,156.944014455731,73.2700838124088,29.9725230658481,372.528058075341,240.726006319628,220.951715663101,"BW vs. WB","BW"
"LOC111114890",28.0913491813497,6.68174435312762,1.94870448522308,5.77280694195368e-06,0.00156449209410926,0,0,12.350587493686,0,10.4052851114364,2.32488442740666,0,0,0,1.99591490538303,0,130.495194262539,2.0963563032649,9.28028277903752,1.00184693318418,0,3.756577452713,1.76201486824007,0.913257611942276,0,0,2.11910152716045,2.83917406277694,0,750.381367831437,3.13502522357493,11.1579583216224,0,4.17319329841398,0,2.78540926091385,0,14.0153896907766,0,10.5531683384931,0,3.23446347240221,0.842916047393067,1.02438336855505,3.20783481034998,0.974432401510207,10.0719933902199,2.96956924138368,0,2.01902114586436,4.65212217093528,3.08542451899964,0,0,0,1.15414706866466,0,1.91161335429392,0,1.63752151979709,3.51576346273911,0,1.9391296700246,0,0,9.95238841310225,0,70.0534501471963,11.5255669617601,2.33414013820549,3.21068173937167,16.8909414703916,0,0,5.4252570176934,0.580378423995179,0,4.82984205601803,80.8755705352457,4.43410937124457,4.0531538599772,799.092573123039,51.009353165182,5.93690250738706,1.35504412718281,411.507276301355,0,4.32007080130877,0,6.19405538385081,10.0960209466525,5.57197684458217,0,6.91673609211879,4.42169801869841,17.3496220770903,26.6849898143842,"BW vs. WB","WB"
"LOC144621318",21.3363923599477,-44.0814657216912,4.70324093140946,1.48479663460988e-22,5.40359918095526e-19,0,117.307199652212,0,0,0,54.6347840440564,0,0,0,0,0,0,0,0,0,0,0,0,0,0,0,0,0,0,58.0652248917183,108.680874417264,0,0,0,155.479304519917,184.765480973952,0,70.0769484538831,0,0,108.443516961638,0,96.0924294028096,66.5849189560781,102.650713931199,0,0,0,0,0,70.944863106763,0,0,90.253263281252,0,0,0.924334085403459,0,0,157.20206590052,71.1942101204669,128.710265601634,0,0,0,0,0,0,91.2440717806007,0,0,0,0,0,0,93.4409262632238,0,0,0,0,0,0,0,0,0,0,136.252700770594,0,0,0,0,0,0,0,0,0,0,"BW vs. WB","BW"
"LOC111111521",26.3849864609071,2.02052820233012,1.53969961102206,0.000267033376355905,0.0316403500589147,15.1093615776507,11.0288820185841,31.351491330126,6.12294826949346,5.78071395079799,18.5990754192532,9.16540559040553,8.25452798198618,1.10324625820597,15.9673192430643,14.1225555856009,76.3874307878276,0,1.32575468271965,4.00738773273672,17.164208379439,23.2907802068206,0.881007434120036,11.8723489552496,9.25947782350261,1.431814131568,21.1910152716045,26.4989579192515,3.56794912412582,302.609152801071,7.31505885500817,6.08615908452129,22.9094871540008,73.0308827222446,0,14.8555160582072,0,21.0230845361649,7.79812521259915,11.3069660769569,18.9512942263056,9.70339041720663,11.8008246635029,10.2438336855505,7.48494789081661,1.94886480302041,30.9907488929842,28.9533001034909,0,13.1236374481184,3.48909162820146,12.3416980759985,8.17894889603969,45.126631640626,0,28.8536767166165,8.31900676863113,4.77903338573481,19.7549863705923,13.1001721583767,21.0945807764347,19.1469816597473,5.81738901007381,29.4468423043973,11.2727079592602,13.5714387451394,4.06858285777158,20.4322562929323,13.4464947887201,52.5181531096236,2.14045449291445,34.8375667826827,7.8093878999871,36.4205553189523,19.6665566891386,9.28605478392286,37.7664648942622,22.0792779703682,24.2626711605737,24.3876015418451,31.4119424148233,365.881632704895,20.4037412660728,12.8632887660053,8.13026476309685,173.213525061154,34.9838015492065,12.9602124039263,54.7315163748943,7.43286646062097,21.2016439879703,10.215290881734,20.1758201802285,48.4171526448315,13.2650940560952,31.4461900147261,73.6505718877003,"BW vs. WB","WB"
"LOC111114672",31.7561963337326,5.5615619384463,1.27340549206187,1.1926766080258e-06,0.000421992174853574,10.3876860846348,0,17.100813452796,2.62412068692577,10.4052851114364,0,2.61868731154444,8.25452798198618,1.10324625820597,1.99591490538303,5.04376985200031,192.029513508289,3.14453445489735,9.28028277903752,0,1.07276302371494,3.0052619621704,3.52402973648014,10.045833731365,24.0746423411068,1.431814131568,10.5955076358023,14.1958703138847,1.18931637470861,637.600834868676,2.09001681571662,2.02871969484043,0,21.9092648166734,0,0,5.57107046055483,27.0296801179263,10.3975002834655,17.3373479846672,0,2.15630898160147,19.3870690900405,0,7.48494789081661,3.89772960604083,53.4590418403978,2.96956924138368,1.86068294892256,2.01902114586436,8.14121379913674,19.5410219536644,3.40789537334987,2.098913099564,18.3555754434403,16.1580589613053,1.84866817080692,5.73484006288177,9.87749318529613,18.0127367177679,12.3051721195869,0,13.5739076901722,0,2.50504621316894,6.33333808106507,1.0171457144429,27.2430083905763,20.1697421830802,16.3389809674385,2.14045449291445,17.9466253122911,2.83977741817713,1.91687133257644,17.6320853075036,0.580378423995179,15.2864262667252,2.75990974629602,18.870966458224,18.8449648277894,8.10630771995439,848.703641964381,4.53416472579395,27.7055450344729,4.06513238154843,426.525790034982,1.84125271311613,6.48010620196316,68.6186175446436,8.67167753739113,5.04801047332626,2.78598842229108,0,20.7502082763564,16.581367570119,8.67481103854514,10.6739959257537,"BW vs. WB","WB"
"LOC144621764",97.4128514010584,-22.7010039144701,5.82455399477553,9.56330354878376e-07,0.000353079938993139,0,0,177.658450870714,653.406051044517,0,0,0,0,356.348541400527,0,451.921778739228,391.485582787616,0,0,0,0,687.453673846479,0,904.125035822853,0,0,0,0,0,0,0,0,0,355.764728689792,0,0,822.289999977893,0,0,290.21212930856,0,0,0,0,0,0,0,305.865631862519,0,0,0,0,0,0,0,0,601.741489597652,0,429.670953560382,0,294.4451900044,0,0,0,0,575.429002793912,0,0,0,204.237262092981,0,368.433660822917,0,0,221.079223471006,0,0,0,0,0,0,0,0,0,329.275722905423,0,0,0,0,0,336.197497523529,0,0,0,0,0,204.94072177447,"BW vs. WB","BW"
"LOC111111765",4.63190574578889,18.9355103040234,3.25696788054755,6.18223719815928e-10,4.14453927955547e-07,3.77734039441266,0,0.950045191822,4.37353447820962,6.93685674095759,0,1.30934365577222,0,0,0,0,61.53431924575,0,0,0,0,0,0,0,0,0,6.35730458148136,3.78556541703592,0,151.862895870648,0,4.05743938968086,0,16.6927731936559,0,0,0,0,0,2.26139321539137,0,2.15630898160147,0.842916047393067,0,0,0,0,0,0,0,0,2.05694967933309,0,0,0,16.1580589613053,0,0,0,0,0,0,0,0,15.0302772790136,0,1.0171457144429,6.81075209764409,0,0,0,2.11136768379895,0,0,5.4252570176934,0,0,0,0,4.43410937124457,0,23.0337105334801,9.06832945158791,0,0,74.0913344192221,0,0,0,0,0,0,0,0,0,0,0,"BW vs. WB","WB"
"LOC111111141",38.9581494029557,2.85407933550052,3.2892176445816,0.000594447037986094,0.0498110887282358,4.72167549301583,4.01050255221238,25.651220179194,1.74941379128385,0,3.48732664110998,18.3308111808111,0,0,0.997957452691516,0,384.059027016577,5.24089075816225,10.6060374617572,0,2.14552604742987,19.5342027541076,0,0,0,1.431814131568,4.2382030543209,10.4103048968488,0,696.78269870062,0,0,0,7.30308827222446,0,1.8569395072759,6.68528455266579,4.0043970545076,0,16.5835502462034,0,4.31261796320295,0,0,2.13855654023332,0,1.54953744464921,0,1.86068294892256,0,4.65212217093528,0,0,0,63.7046441860574,4.61658827465864,0,0,0,4.91256455939126,0,0,0,0,3.75756931975341,1.80952516601859,33.5658085766156,145.944687806659,3.84185565392003,0,12.8427269574867,7.38978689329634,0,0,0,1.16075684799036,0.89920154510148,0.689977436574005,0,99.7674608530028,0,1099.41672200188,2.26708236289698,0,0,790.975056637642,0,12.9602124039263,0,0,8.07681675732202,0,0,3.4583680460594,8.84339603739682,5.42175689909071,23.4827910366581,"BW vs. WB","WB"
