"Gene","baseMean","log2FoldChange","lfcSE","pvalue","padj","B1_B1_O01","B1_W5_O50","B2_B5_O51","B2_C4_O40","B3_B4_O41","B3_C3_O30","B3_C6_O66","B3_H4_O41","B3_W1_O06","B3_W4_O41","B4_B2_O19","B4_B3_O32","B4_C5_O56","B4_H1_O07","B4_H5_O55","B4_W2_O19","B4_W6_O67","B5_B6_O69","B5_H2_O21","B5_W3_O33","B6_C2_O24","B6_H3_O35","B6_H6_O72","C_W5_W52","C1_C4_W37","C1_H2_W13","C1_H6_W62","C2_B2_W16","C2_C1_W03","C2_H1_W04","C2_W2_W15","C3_B3_W30","C3_C2_W17","C3_W3_W29","C4_B1_W07","C4_B5_W56","C4_C6_W67","C4_H5_W56","C5_B4_W46","C5_C3_W33","C5_W1_W09","C5_W4_W45","C6_B6_W71","C6_C5_W59","C6_H3_W36","C6_H4_W48","C6_W6_W72","H1_B2_B13","H1_B6_B61","H1_C6_B62","H1_W4_B38","H1_W5_B49","H2_B5_B51","H2_C1_B04","H2_H1_B03","H2_W2_B16","H3_B4_B41","H3_C5_B54","H3_H4_B41","H3_H6_B66","H3_W3_B30","H3_W6_B66","H4_H2_B19","H4_W1_B07","H5_B1_B09","H5_B3_B34","H5_C2_B22","H5_C4_B46","H6_C3_B36","H6_H3_B35","W1_C1_G02","W1_C6_G61","W1_H5_G49","W1_W1_G01","W1_W6_G62","W2_B2_G04","W2_B6_G64","W2_C2_G15","W3_B5_G54","W3_C3_G29","W3_H2_G18","W3_H3_G30","W4_C5_G55","W4_H1_G08","W4_W5_G56","W5_B2_G21","W5_C4_G45","W5_H4_G46","W5_W2_G22","W6_B3_G35","W6_B4_G48","W6_H6_G71","W6_W3_G36","W6_W4_G48","pair","DEG_group"
"LOC111104490",380.627984986584,-1.36399020153836,0.922998845648746,4.65002604206849e-05,0.0103673224843694,304.075901750219,318.834952900884,115.905513402284,678.772551018133,225.447844081122,426.616292429121,509.989353923279,104.213415772576,185.345371378602,117.758979417599,648.62880296724,762.813371339556,1599.51985939112,125.123069224923,75.5680169150198,309.570702353912,288.573253379318,653.644476772062,118.054996172085,150.687505970476,190.745243164154,178.260859380216,270.185444712958,259.311231066961,990.910030298501,177.208139831582,652.117141091606,300.962421463193,190.699651315,183.275897232006,421.492523139812,318.902807080998,801.269397389552,174.931612461422,251.275915170352,277.266674225747,227.646917016065,265.318119168279,212.396434687745,177.855285999937,658.678505980896,475.828830201913,221.196155142817,142.557444907727,293.244962586639,2227.23748986031,232.187431774402,210.508528234821,228.321414405973,194.931615355613,293.84783393896,258.057795940131,238.908443213585,511.156749228113,230.349409192418,211.378354165337,216.152840613215,130.962188987032,265.930300829823,268.569459298408,460.24323897984,110.222033379433,249.714472910566,393.635391489401,240.322252588299,442.773864114283,312.774778519536,1659.92245925515,211.136768379895,111.461263663452,152.391270939827,236.676837396875,210.67736791025,421.725524652594,202.163388916183,98.3986108178822,228.356632619095,135.780654309236,473.076977879937,325.326319075716,355.224666691992,740.531615505405,267.329544458545,284.473544176443,654.490726398279,570.188036263824,249.001026430802,389.706408540788,1705.02491444214,108.312297809648,221.335554947801,1154.06318288029,290.606169791262,360.781062290474,"CH vs. BH","CH"
"LOC144623446",54.6562047549461,-3.53161700625341,2.30066371563473,6.61369784551477e-05,0.0136921260664242,0.944335098603166,101.265189443363,1.900090383644,103.215413685747,3.46842837047879,47.6601307618364,8.51073376251942,0,11.0324625820597,55.8856173507249,80.700317632005,5.30468269359914,3.14453445489735,0,0,68.1255914565242,2.14552604742987,1.5026309810852,5.28604460472022,2.73977283582683,59.2606580704167,1.431814131568,3.17865229074068,14.1958703138847,150.911270011866,2.37863274941721,173.07903573493,1.04500840785831,1.01435984742021,0,1.04329832460349,3.40465630335585,65.9213525082946,7.79949864477676,5.0054963181345,582.26001587407,21.1063366769862,91.5979220938105,18.3286263436125,0.842916047393067,58.3898520076377,99.4428791208493,524.244632012491,4.64861233394763,123.237123517423,94.8948303950508,18.1711903127793,2.32606108546764,0,3.40789537334987,0,0,2.30829413732932,92.4334085403459,2.86742003144088,47.4119672894214,8.18760759898543,67.6784466577278,139.347477634827,0,9.81561410146577,11.2727079592602,10.8571509961115,107.817445730947,3.89185834151091,33.6162369718003,0,96.3204521811501,20.0579929960901,2.83977741817713,2.87530699886466,560.157787076844,3.48227054397107,6.29441081571036,6.20979692916604,0,4.43410937124457,3.0398653949829,5.31547166157232,53.276435528079,55.4110900689459,129.406714145958,4.00493699563363,1.84125271311613,12.9602124039263,45.7457450297624,27.2538436889435,5.04801047332626,107.724885661922,7.43319690850524,5.76394674343233,789.273096337666,4.33740551927257,4.26959837030146,"CH vs. BH","CH"
"LOC111103782",142.876737898481,-1.61547799809772,2.25060935297322,0.000534420994976076,0.0398444360466569,16.0536966762538,0,830.339497652428,12.2458965389869,0,8.13709549592329,40.5896533289388,0,6.6194775492358,2.99387235807455,55.4814683720034,18.0359211582371,1.04817815163245,0,10.6060374617572,1723.17672507679,3.21828907114481,103.681537694879,5.28604460472022,352.517438209718,0,5.72725652627201,115.491033230245,223.348359605119,51.0435177981311,2520.16139800754,1870.37022487747,18.8101513414496,0,5.45463979857162,8.34638659682796,88.5210638872522,7.42775802910361,1.11421409211097,237.260525479576,0.866458356955461,17.3373479846672,1825.64134380078,6.46892694480442,0,12.2926004226606,5.3463913505833,211.451831127715,216.935242250889,0,3.72136589784513,65.6181872405918,237.258230717699,81.2495123336571,15.6763187174094,1.049456549782,8.6379178557366,0,0,21.9835535743801,0.987749318529613,9.82512911878252,0,0,0,62.1655559759499,12.5252310658447,38.0000284863904,73.2344914398885,17.5133625367991,0,1114.55191599312,127.35704232841,64.3967143558681,3.54972177272141,0,90.1948979191528,2.32151369598072,6.29441081571036,3.44988718287002,76.8317920084834,28.8217109130897,0,181.611948437054,38.5404001692486,1.97896750246235,18.2930957169679,9.01110824017567,1.84125271311613,21.6003540065439,0,1.23881107677016,79.758565478555,25.0738958006198,2.12377054528721,0,227.717447962968,1.08435137981814,13.8761947034798,"CH vs. BH","CH"
"LOC111103547",300.087045719186,-4.37301279284188,1.62436088080543,1.13407479299177e-05,0.00453375728018967,668.589249811042,597.564880279645,135.856462430546,133.830155033214,108.677422275002,127.868643507366,1255.66056588556,66.0362238558895,16.5486938730895,22.9530214119049,48.420190579203,117.763955797901,268.333606817907,89.3736208749449,3.97726404815894,19.0350917304994,45.0560469960273,84.8986504313138,5.28604460472022,42.0098501493447,0,4.29544239470401,49.7988858882706,0.946391354258981,740.1310080729,1.18931637470861,222.211149104845,548.629414125612,309.379753463165,8245.23351952086,28.1690547642944,254.214337317237,14.8555160582072,132.591476961205,160.175882180304,413.300636267755,17.3373479846672,54.7481833204385,46.3606431044317,1744.83621810365,33.8046511623166,565.648204891713,98.4176725525309,33.315055059958,291.760177965947,14.8854635913805,9.08559515638963,75.5969852776983,0,39.5315863308585,737.767954496746,132.80798703195,70.4029711885443,51.7627087825937,59.2600139831116,95.8116838973725,255.453357088345,58.8890380008801,95.7349082987364,19.391296700246,143.962340154831,16.2828003855981,115.80961062519,22.3772057177437,39.8915480004868,923.005820854287,51.3510830405209,31.0365901472595,1902.34228310286,9.22927660907566,1498.99338207477,71.2064983572259,27.8581643517686,31.4720540785518,0.689977436574005,2051.54363924407,42.1240390268234,1.0132884649943,19.4900627590985,300.388413083849,3.9579350049247,115.85627287413,48.0592439476035,81.9357457336679,228.963752469365,16.337766082058,37.1643323031048,24.2304502719661,3.71465122972145,26.5471318160901,332.003332421702,33.1627351402381,20.6026762165447,350.10706636472,"CH vs. BH","CH"
"LOC111102559",367.214333569606,4.29256243299331,1.10565697678845,1.98034602261555e-06,0.00124103468179424,2043.54115337725,44.1155280743362,25.651220179194,55.9812413210831,54.3387111375011,170.879005414389,83.797993969422,1919.17775581179,34.200634004385,62.8713195195655,48.420190579203,306.61065969003,31.4453445489735,2140.49821995493,82.196790328618,22.040632530052,74.0206486363305,44.3276139420134,2062.438403275,70.3208361195552,62.0385014174675,23.624933170872,41.3224797796288,10.4103048968488,52.1531594893948,48.1673131756986,10.0497504620282,37.6203026828991,75.0626287090959,46.9099022677159,38.6020380103293,49.9349591158858,12.0701067972934,227.299674790637,57.0626580267333,28.5931257795302,103.270290169539,28.4269413394584,87.3305137548597,2153.65050108929,24.5852008453212,36.3554611839664,27.2841072422858,50.3599669510993,35.6348308966042,59.541854365522,44.418465209016,115.140023730648,215.979716329974,2587.27416744722,38.829892341934,4940.88901348134,33.4702649912752,28.6543566475072,87.9342142975204,361.516250581838,131.001721583767,77.3467961802604,40.4214057261331,105.682567016341,22.9030995700868,3991.79114068471,23.5238271582417,219.703474319666,227.673712978388,135.425411800681,17.5060510365412,17.1236359433156,64.3967143558681,26.9778854726827,56.5477043110049,11.5286711625985,29.0189211997589,14.3872247216237,83.4872698254546,222.407818971926,151.868245965126,24.3189231598632,23.9196224770755,209.70511856797,88.0640538595747,17.6155736533765,43.0530727030615,86.5388775164583,65.8810797199588,206.672740938034,2848.0266654946,23.2208481773008,39.0038379120752,204.943857620216,3577.1053489741,29.8464616262143,53.133217611089,48.0329816658915,"CH vs. BH","BH"
"LOC111102724",34.4800534860927,2.48534958284607,1.95109269413291,0.000134744732063222,0.0209465558351098,12.2763562818412,9.02363074247786,7.600361534576,6.99765516513539,5.78071395079799,1.16244221370333,1.96401548365833,427.171823067785,13.2389550984716,11.9754894322982,10.0875397040006,0,0,8.93736208749449,369.885556478781,3.00554079955254,10.7276302371494,9.0157858865112,181.487531428727,0.913257611942276,0,0,11.6550583993825,8.51752218833083,0,17.8397456206291,4.46655576090141,6.27005044714986,5.07179923710107,1.09092795971432,5.21649162301747,2.2697708689039,318.465125497817,20.0558536579974,2.0021985272538,1.73291671391092,5.27658416924654,1.0528496792392,12.9378538896088,238.545241412238,26.6339675824312,7.48494789081661,40.9261608634287,6.19814977859684,6.68153079311328,20.4675124381482,25.2377643233045,8.14121379913674,10.2847483966655,241.278992433171,12.593478597384,14.036616515572,0,2.77300225621038,25.8067802829679,3.95099727411845,19.650258237565,0.878940865684777,252.101925186672,1.9391296700246,18.5406044138798,278.060129661753,2.71428774902789,33.5658085766156,4.86482292688863,13.4464947887201,5.83535034551373,8.56181797165778,5.27841920949739,11.3591096727085,0,2.7126285088467,3.48227054397107,12.5888216314207,18.6293907874981,1.34792617558743,7.75969139967799,3.0398653949829,12.4027672103354,10.2018706330364,9.89483751231176,10.8403530174625,13.0160452358093,104.030778291062,3.24005310098158,35.1261970764247,64.4181759920484,21.2016439879703,14.8586049188858,8.49508218114884,1.15278934868647,9.94882054207142,7.59045965872699,2.13479918515073,"CH vs. BH","BH"
"LOC111104411",41.1711160992708,-1.60257210822191,2.03709872097066,0.00049159186860085,0.0382501364337178,39.662074141333,127.333456032743,1.900090383644,0,3.46842837047879,0,44.5176842962554,0,9.9292163238537,3.99182981076607,29.2538651416018,28.6452865454353,0,0,1.32575468271965,4.00738773273672,0,117.205216524646,4.40503717060018,11.8723489552496,13.8892167352539,4.29544239470401,3.17865229074068,10.4103048968488,4.43856676505487,261.649602435893,27.9159735056338,1.04500840785831,5.07179923710107,0,0,3.40465630335585,1.8569395072759,181.616897014087,20.021985272538,2.59937507086638,16.5835502462034,9.47564711315282,6.46892694480442,1.68583209478613,131.121071175046,0,10.7187564166123,0,36.3772232069501,15.8158050658418,226.130368336809,11.6303054273382,201.581068574643,2.04473722400992,101.797285328854,0,132.726912896436,6.47033859782421,15.2929068343514,23.7059836447107,0,21.0945807764347,8.50976962655434,9.69564835012302,258.477838005265,3.75756931975341,53.3809923975484,32.5486628621727,15.5674333660436,174.804432253361,8.16949048371923,22.4747721756017,5.27841920949739,6.38949919089853,22.044020324629,4.06894276327005,2.90189211997589,151.065859577049,10.3496615486101,8.08755705352457,0,158.073000539111,43.409685236174,43.0745648950426,0,141.602111290604,44.0543069519699,3.68250542623227,157.68258424777,36.7599736846305,0,6.05761256799152,439.257507914561,44.5991814510314,8.06952544080526,4.42169801869841,0,2.13479918515073,"CH vs. BH","CH"
"LOC111104336",89.309846880399,5.33843357558805,1.00765823637744,1.7021681910552e-08,2.19267632477761e-05,52.8827655217773,47.1234049884955,262.212472942872,34.113568930035,10.4052851114364,9.29953770962662,3.92803096731665,314.703879313223,16.5486938730895,22.9530214119049,63.5515001352039,0,83.854252130596,4.46868104374725,15.9090561926357,3.00554079955254,55.7836772331766,19.5342027541076,5.28604460472022,27.3977283582683,11.1113733882031,5.72725652627201,3548.43550723018,57.7298726097978,99.8677522137347,2.37863274941721,7.81647258157747,24.0351933807411,21.3015567958245,3.27278387914297,820.032483138347,15.8883960823273,12.0701067972934,28.9695663948851,15.0164889544035,36.3912509921294,67.0879987232774,5.26424839619601,6.46892694480442,63.21870355448,41.999718110757,0,6.82102681057145,50.3599669510993,17.0750231379562,31.6316101316836,13.1236374481184,13.9563665128058,61.7084903799927,7.49736982136972,7.346195848474,11.8771370516378,80.7902948065263,1.84866817080692,1.91161335429392,6.91424522970729,24.5628227969563,1.75788173136955,44.6762905394103,14.5434725251845,63.2561797650016,8.7676617460913,19.9047768262045,3.05143714332869,14.5944687806659,33.6162369718003,24.5084714511577,43.8793171047461,81.2876558262597,4.25966612726569,33.5452483200876,141.73483958724,56.8770855515275,1.79840309020296,200.093456606461,370.679698286543,16.6279101421671,20.265769299886,103.65169740066,53.276435528079,15.8317400196988,4.74265444513983,29.0357932183438,143.617711623058,8.64014160261755,18.7884309943667,102.821319371923,11.1056230413178,30.6458726452019,6.37131163586163,41.5004165527128,97.277356411365,221.207681482901,22.4153914440827,"CH vs. BH","BH"
"LOC111105472",128.081818398493,4.17699357381574,2.44462707978299,4.0243727559799e-05,0.00993105086401665,1.88867019720633,5.01312819026548,27.551310562838,53.3571206341573,3.46842837047879,9.29953770962662,5.89204645097498,2.06363199549655,0,47.9019577291928,19.1663254376012,0,17.8190285777516,4.46868104374725,30.4923577025518,9.01662239865762,1386.0098266397,82.644703959686,4.40503717060018,42.923107761287,0,354.373997563081,1426.15532777898,945.444962904722,8.87713353010975,8.32521462296025,0,0,0,4.3637118388573,1248.82809455038,38.5861047713663,0,0,4.0043970545076,256.471673658816,5.27658416924654,8.42279743391361,288.945403534597,0,6.14630021133029,11.7620609712833,25.3352424392654,12.3962995571937,1.48478462069184,0,8.07608458345745,2.32606108546764,2.05694967933309,206.518459625002,7.346195848474,184.63549416637,345.089973530734,478.805056238992,1.91161335429392,0,32.7504303959417,2.63682259705433,0,1349.63425033712,5.45311894525876,0,161.952502358664,7.12002000110027,14.5944687806659,0,22.1743313129522,1.07022724645722,6.33410305139686,20.5883862817842,2.87530699886466,2.7126285088467,2.32151369598072,15.2864262667252,198.713501733313,9.43548322911199,2.21705468562228,0,6.20138360516771,29.4720707176607,93.0114726157306,0.677522063591404,19.0234507292597,0,42.1206903127606,8.16888304102899,8.67167753739113,10.0960209466525,2.78598842229108,4.24754109057442,4.61115739474586,3.31627351402381,1268.69111438723,1035.37760479811,"CH vs. BH","BH"
"LOC144624357",22.3053340364053,2.91029533747726,1.50712021096034,3.87159603143329e-05,0.00986491177811468,74.6024727896501,10.026256380531,10.450497110042,3.49882758256769,16.1859990622344,16.2741909918466,3.27335913943055,1.03181599774827,16.5486938730895,18.9611916011388,17.1488174968011,218.552926976284,2.0963563032649,58.0928535687142,3.97726404815894,4.00738773273672,23.6007865217286,6.7618394148834,80.1716765049233,5.47954567165366,2.77784334705078,245.556123563912,6.35730458148136,19.8742184394386,13.3157002951646,8.32521462296025,6.69983364135212,4.18003363143324,29.4164355751862,3.27278387914297,3.12989497381048,2.2697708689039,0.928469753637951,5.57107046055483,25.0274815906725,3.46583342782184,21.1063366769862,0,23.7193987976162,2.5287481421792,2.0487667371101,9.62350443104993,6.82102681057145,41.0627422832041,0.742392310345921,9.30341474461282,4.03804229172873,4.65212217093528,10.2847483966655,20.4473722400992,12.593478597384,1.07973973196708,114.260559797801,28.6543566475072,3.82322670858784,0,6.55008607918834,8.78940865684777,14.8920968464701,13.5739076901722,40.3530801949148,100.201848526758,8.14286324708366,21.3600600033008,15.5674333660436,5.76278348088004,9.33656055282198,11.7724997110295,5.27841920949739,20.5883862817842,24.9193273234937,17.6320853075036,2.90189211997589,0.89920154510148,15.8694810412021,37.741932916448,6.65116405686685,14.1860385099202,17.7182388719077,41.9410237135941,9.89483751231176,14.2279633354195,12.0148109869009,3.68250542623227,1.08001770032719,3.2675532164116,133.791596291177,45.4320942599364,52.9337800235306,15.9282790896541,33.4308911119075,8.84339603739682,6.50610827890885,5.33699796287683,"CH vs. BH","BH"
"LOC111104745",14.7957294629112,-1.44032452027709,2.1373435790201,0.000658534611523468,0.0435904962979543,5.666010591619,23.0603896752212,27.551310562838,0,18.4982846425536,0,5.89204645097498,0,0,14.9693617903727,0,56.2296365521508,0,0,0,3.00554079955254,0,13.5236788297668,3.52402973648014,5.47954567165366,0,0,3.17865229074068,10.4103048968488,36.6181758117027,4.75726549883443,275.809818235662,22.9901849728828,6.08615908452129,0,6.25978994762097,23.832594123491,0,15.5989972895535,12.0131911635228,0,12.8145615538845,4.21139871695681,5.39077245400368,2.5287481421792,6.14630021133029,0,10.7187564166123,6.19814977859684,0.742392310345921,0,2.01902114586436,4.65212217093528,6.17084903799927,23.8552676134491,6.296739298692,0,17.3122060299699,0,0,19.7549863705923,3.27504303959417,14.9419947166412,0,0,0,0,1.80952516601859,2.03429142888579,92.431635610884,5.76278348088004,12.8377707601302,10.7022724645722,7.38978689329634,2.12983306363284,0,25.091813706832,2.90189211997589,0,19.3193682240721,2.69585235117486,29.9302382559008,1.0132884649943,234.766665052778,0,5.93690250738706,0,132.16292085591,0,9.72015930294474,10.6195479533377,0,2.01920418933051,0,3.18565581793082,5.76394674343233,24.3193391028413,0,4.26959837030146,"CH vs. BH","CH"
"LOC144620845",22.8557932958948,-1.08819783561941,1.37656326999397,0.000572017367738319,0.0410630548165585,11.332021183238,24.0630153132743,30.401446138304,18.3688448084804,4.62457116063839,34.8732664110998,0,5.15907998874137,24.2714176805313,52.8917449926504,14.1225555856009,25.4624769292759,16.7708504261192,0,0,48.0886527928406,4.29105209485974,163.786776938287,3.52402973648014,13.6988641791341,18.5189556470052,0,14.8337106901232,11.3566962511078,33.2892507379116,3.56794912412582,52.4820301905916,29.2602354200327,0,56.7282539051449,7.30308827222446,14.7535106478754,46.4234876818976,42.3401355002167,22.0241837997918,44.1893762047285,21.1063366769862,61.0652813958737,7.54708143560516,12.643740710896,43.024101479312,41.7018525345497,3.89772960604083,27.1169052813612,17.0750231379562,20.4675124381482,31.2948277608976,25.586671940144,18.5125471139978,7.49736982136972,18.890217896076,96.0968361450697,72.7112653258737,28.6543566475072,1.91161335429392,52.3507138820695,16.3752151979709,19.3366990450651,8.50976962655434,13.5739076901722,40.3530801949148,21.292892811936,4.52381291504648,54.9258685799164,7.78371668302181,8.64417522132007,4.66828027641099,31.0365901472595,20.0579929960901,21.2983306363284,16.2934063268997,52.8962559225107,46.4302739196143,16.1856278118266,3.44988718287002,8.08755705352457,45.4496210552568,0,8.85911943595387,15.8695765402788,18.8001912733923,10.1628309538711,2.00246849781681,5.5237581393484,69.1211328209404,4.0844415205145,0,16.153633514644,9.28662807430361,0,10.3751041381782,0,8.67481103854514,6.4043975554522,"CH vs. BH","CH"
"LOC111099855",12.0482130783878,-4.89655020762207,1.60056720207854,5.91192191313401e-06,0.00279754557958854,0,1.0026256380531,3.800180767288,4.37353447820962,1.1561427901596,2.32488442740666,22.2588421481277,0,25.3746639387372,0.997957452691516,3.02626191120019,1.06093653871983,0,0,0,7.01292853228926,19.3097344268688,4.5078929432556,0.881007434120036,14.6121217910764,3.70379112940104,2.863628263136,4.2382030543209,5.67834812555389,1.10964169126372,478.10518263286,8.93311152180282,4.18003363143324,4.05743938968086,5.45463979857162,7.30308827222446,0,0,5.57107046055483,1.0010992636269,6.93166685564369,1.50759547692758,11.5813464716312,2.15630898160147,8.42916047393067,21.512050739656,3.20783481034998,0,6.19814977859684,2.96956924138368,0.930341474461282,231.17792120147,5.8151527136691,0,0,10.49456549782,0,2.30829413732932,4.6216704270173,0.955806677146961,0,0,0,0,6.78695384508611,13.087485468621,1.25252310658447,0.904762583009296,14.2400400022005,8.75668126839954,0,7.00242041461648,20.3343176826872,2.11136768379895,6.38949919089853,0,2.03447138163503,5.80378423995179,8.9920154510148,4.13986461944403,2.69585235117486,0,0,7.97320749235849,6.80124708869093,1.97896750246235,2.71008825436562,0,0,1.08001770032719,0,0,7.06721466265677,16.7159305337465,0,9.22231478949172,3.31627351402381,2.16870275963628,4.26959837030146,"CH vs. BH","CH"
"LOC111099841",640.889469711164,1.34812177361388,2.11356183561411,0.00074658760407834,0.0457966316819166,304.075901750219,20.0525127610619,4082.34418925913,13.9953103302708,109.833565065162,0,1.30934365577222,0,182.035632603984,24.9489363172879,251.179738629616,5.30468269359914,18.8672067293841,0,0,113.208703449812,0,347.859072121224,0,1480.39058895843,11.1113733882031,0.715907065784001,14259.4341762627,4041.09108268585,76.5652766971966,12.4878219344404,58.0652248917183,66.8805381029318,5.07179923710107,3.27278387914297,1181.01370345116,826.19659628102,0,60.1675609739922,1007.10585920866,3.46583342782184,40.7050778770447,87.3865233768537,3.23446347240221,150.039056435966,170.047639180138,2.13855654023332,49.6960524770206,1175.32415176643,157.387169793335,4.65170737230641,43.4089546360838,804.817135571803,106.961383325321,2.7263162986799,82.907067432778,0,50.7824710212451,238.478194034092,17.2045201886453,73.0934495711914,101.526334227419,108.988667344912,2.12744240663859,1.9391296700246,1062.26757053641,0,513.000384566271,267.509322898482,4.86482292688863,110.453350050201,36.1791721421852,4593.4153417944,92.900178087154,4.25966612726569,2.87530699886466,588.640386419734,215.320395302211,2.69760463530444,8.27972923888806,6203.15626005334,155.19382799356,14.1860385099202,8862.66308372826,1177.74928752498,269.13958033488,32.5210590523874,6.00740549345044,101.268899221387,680.411151206132,4.9013298246174,6.19405538385081,894.507455873414,987.168564298474,4.24754109057442,27.6669443684752,138.178063084325,1070.25481188051,61.9091763693712,"CH vs. BH","BH"
"LOC111101591",132.43471891554,-2.75479129930094,2.37818486522886,0.000151170012750609,0.0217712986686234,28.330052958095,10.026256380531,19.00090383644,3.49882758256769,5.78071395079799,9.29953770962662,17.0214675250388,0,2.20649251641193,5.9877447161491,4.03501588160025,369.2059154745,27.2526319424437,13.4060431312417,1.32575468271965,8.01477546547344,8.58210418971948,7.513154905426,3.52402973648014,122.376520000265,0,0,14.8337106901232,179.814357309206,223.037979944007,8.91987281031455,1277.4349476178,0,12.1723181690426,10.9092795971432,70.9442860730377,4.5395417378078,0,11.1421409211097,1.0010992636269,10.3975002834655,17.3373479846672,0,8.62523592640589,3.37166418957227,0,14.9698957816332,0,17.0449118911413,7.42392310345921,1.86068294892256,30.2853171879654,11.6303054273382,80.2210374939905,7.49736982136972,0,4.3189589278683,2.30829413732932,5.54600451242075,3.82322670858784,3.95099727411845,3.27504303959417,1.75788173136955,5.31860601659647,15.5130373601968,15.2687330467245,5.01009242633788,21.7143019922231,16.2743314310863,133.296148196749,7.68371130784006,18.673121105644,4.28090898582889,46.450089043577,4.25966612726569,41.2127336503934,21.0228709435619,2.32151369598072,0,5.51981949259204,91.6589799399451,55.4263671405571,12.1594615799316,2992.61054546522,13.6024941773819,0,9.48530889027966,780.962714148558,1820.0783069153,54.0008850163597,14.7039894738522,3347.26752943298,19.1824397986398,1.85732561486072,4.24754109057442,23.0557869737293,2.21084900934921,55.3019203707252,70.4483731099742,"CH vs. BH","CH"
"LOC111101515",74.3837332178391,-1.91996203089107,2.42917325287325,0.00038416876898043,0.0341873435069904,8.4990158874285,4.01050255221238,30.401446138304,1.74941379128385,16.1859990622344,9.29953770962662,5.23737462308887,0,0,0,14.1225555856009,421.191805871771,0,0,10.6060374617572,0,15.0186823320091,12.0210478486816,3.52402973648014,1.82651522388455,0,0,10.5955076358023,18.9278270851796,252.998305608128,0.594658187354303,1360.06622919448,29.2602354200327,4.05743938968086,12.0002075568576,53.2082145547782,9.07908347561561,5.57081852182771,6.68528455266579,0,5.19875014173276,34.6746959693344,0,20.484935325214,0,0,17.1084523218665,0,20.9187555027643,0,0,10.0951057293218,18.6084886837411,0,14.9947396427394,10.49456549782,0,9.23317654931729,0,0,0,13.1001721583767,8.78940865684777,5.31860601659647,7.75651868009841,5.45311894525876,20.0403697053515,7.23810066407436,10.171457144429,661.615918056854,9.60463913480007,2.33414013820549,2.14045449291445,52.7841920949738,1.41988870908856,1.91687133257644,12.2068282898102,8.1252979359325,2.69760463530444,20.6993230972201,0,59.8604765118017,0,2446.00287626686,0,0.989483751231176,14.9054853990109,934.151554231544,5.5237581393484,21.6003540065439,4.9013298246174,0,9.08641885198728,1.85732561486072,1.06188527264361,13.8334721842376,17.6867920747936,35.7835955339987,92.8637645540568,"CH vs. BH","CH"
"LOC111124501",156.482302475821,-1.73937670647126,1.79303266623111,0.000299673792555675,0.0294996324037544,87.8231641700944,120.315076566371,868.341305325308,10.4964827477031,33.5281409146283,0,3.92803096731665,28.8908479369516,49.6460816192685,39.9182981076607,331.880056261621,525.163586666314,18.8672067293841,31.2807673062307,11.9317921444768,36.0664895946305,30.0373646640182,379.414322724013,0.881007434120036,143.381445074937,12.9632689529036,2.863628263136,42.382030543209,646.385294958884,287.397198037303,30.9222257424238,1583.39401723955,15.6751261178746,22.3159166432447,8.72742367771459,55.2948112039852,24.9674795579429,97.4893241319849,13.3705691053316,43.0472683359567,30.3260424934411,48.2430552616826,8.42279743391361,64.6892694480442,9.27207652132373,30.7315010566514,19.2470088620999,263.096748407756,270.394284091287,8.16631541380513,47.4474151975254,34.3233594796942,624.547401448061,8.22779871733236,32.7157955841588,47.22554474019,109.053712928675,20.7746472359639,22.184018049683,34.4090403772906,21.7304850076515,3.27504303959417,10.5472903882173,55.3135025726032,32.9652043904183,196.312282029315,38.8282163041186,10.8571509961115,284.800800044011,194.592917075545,20.1697421830802,19.8401911747467,147.691360011097,82.3433396681592,74.5441572271496,34.5036839863759,115.964868753196,34.8227054397107,14.3872247216237,42.7786010675883,434.032228539152,96.4418788245693,14.1860385099202,2358.29759385092,520.295402284856,23.7476100295482,24.3907942892906,1187.46381920537,7.36501085246453,275.404513583434,6.53510643282319,18.5821661515524,657.25096362708,36.2178494897841,5.30942636321803,16.1390508816105,46.4278291963333,41.2053524330894,131.29014988677,"CH vs. BH","CH"
"LOC111127072",342.275936115133,1.82211565205352,1.9809869435273,0.000334579925777413,0.0319255339053534,804.573504009897,26.0682665893805,2697.17829958266,54.2318275297992,19.6544274327132,58.1221106851664,19.6401548365833,17.5408719617206,61.7817904595341,54.8876598980334,487.22816770323,82.7530500201465,35.6380571555033,8.93736208749449,7.95452809631787,476.87914019567,36.4739428063078,1083.39693736243,40.5263419695217,1310.52467313717,25.9265379058073,7.15907065784001,2294.98695391477,708.847124339977,207.502996266315,20.2183783700463,27.9159735056338,100.320807154398,10.1435984742021,9.81835163742892,39.6453363349328,1006.64338035888,38.995729652794,55.7107046055483,2382.61624743202,22.527917280842,11.3069660769569,24.2155426225016,19.4067808344133,18.5441530426475,66.5849189560781,19.2470088620999,89.6477809389391,1570.45620015197,10.3934923448429,26.0495612849159,37.3518911984907,2230.69258096347,194.381744696977,6.13421167202977,72.412501934958,0,6.92488241198797,24.0326862204899,9.55806677146961,41.4854713782438,44.2130810345213,21.9735216421194,11.7009332365122,41.691287905529,823.420960734073,27.5555083448584,331.143105381402,378.378205772757,37.9456188297313,54.7464430683604,7.00242041461648,1103.4042910974,415.939433708394,34.0773290181255,25.8777629897819,868.041122830944,423.67624951648,26.0768448079429,16.5594584777761,1981.45147811352,930.054440618548,24.3189231598632,2834.03230756164,459.084178486638,47.4952200590964,18.2930957169679,360.444329607027,32.2219224795323,829.453593851285,23.6897608189841,12.3881107677016,483.599403344656,265.597562925083,42.4754109057442,34.583680460594,29.8464616262143,131.206516957995,118.481354775866,"CH vs. BH","BH"
"LOC111113280",174.810743192585,-3.36201538430176,2.98088258283105,0.000104373578270017,0.0187605438709061,1.88867019720633,6.01575382831857,34.201626905592,3.49882758256769,32.3719981244687,0,9.16540559040553,0,4.41298503282386,5.9877447161491,6.05252382240037,752.204005952357,2.0963563032649,0,7.95452809631787,4.00738773273672,2.14552604742987,42.0736674703856,0,1.82651522388455,0,0.715907065784001,21.1910152716045,28.3917406277694,1279.41687002707,0,4053.39935301803,6.27005044714986,0,0,115.806114030988,9.07908347561561,0,20.0558536579974,4.0043970545076,5.19875014173276,43.7202688308999,0,8.62523592640589,0,2.0487667371101,8.55422616093327,4.87216200755104,82.1254845664081,2.96956924138368,5.58204884676769,0,9.30424434187056,8.22779871733236,0,0,49.6680276704855,20.7746472359639,0,5.73484006288177,0,39.3005164751301,7.03152692547822,59.5683873858804,13.5739076901722,0,42.585785623872,9.04762583009296,65.0973257243453,3342.13335077249,19.2092782696001,4.66828027641099,0,42.2273536759791,0,2.87530699886466,40.0112705054888,13.9290821758843,0,1.37995487314801,0,176.255847506972,4.0531538599772,3638.44035234626,15.8695765402788,5.93690250738706,6.77522063591404,1882.32038794781,0,6.48010620196316,0,2.47762215354032,48.4609005439321,0,0,20.7502082763564,27.6356126168651,65.0610827890885,117.41395518329,"CH vs. BH","CH"
"LOC111113283",53.3060092393441,-1.53999965659752,2.4075141484521,0.000579422013050495,0.0413132940770253,2.8330052958095,3.00787691415929,26.601265371016,1.74941379128385,16.1859990622344,4.64976885481331,6.54671827886109,0,0,0,0,380.876217400418,4.1927126065298,0,0,13.0240101313943,9.65486721343441,30.052619621704,2.64302230236011,27.3977283582683,0,0,11.6550583993825,14.1958703138847,209.722279648843,0,1241.70250153059,0,39.5600340493884,0,51.1216179055712,1.13488543445195,0,17.8274254737755,20.021985272538,12.9968753543319,15.0759547692758,0,0,0,0,0,2.92329720453062,3.87384361162303,1.48478462069184,0,3.02853171879654,19.7715192264749,6.17084903799927,1.36315814933995,0,0,3.46244120599398,0,1.91161335429392,0,0,0,0,0,0,0,0,8.13716571554317,666.480740983743,1.92092782696001,11.6707006910275,10.7022724645722,25.3364122055874,0.709944354544282,25.8777629897819,15.5976139258685,21.4740016878216,0,4.13986461944403,17.5230402826366,26.6046562274674,0,1367.84804091128,0,5.93690250738706,8.13026476309685,433.53442977734,0,15.1202478045807,0,1.23881107677016,67.6433403425719,4.64331403715181,0,9.22231478949172,11.054245046746,10.8435137981814,30.9545881846856,"CH vs. BH","CH"
"LOC111126273",163.804990839356,-4.86250586419092,1.98444510238195,1.27777923960138e-05,0.00485702741453068,4.72167549301583,1.0026256380531,32.301536521948,30.6147413474673,50.8702827670223,6.97465328221997,1.30934365577222,0,0,3.99182981076607,4.03501588160025,485.908934733681,6.2890689097947,26.8120862624835,2.65150936543929,2.00369386636836,2.14552604742987,20.2855182446502,7.04805947296029,10.045833731365,1.85189556470052,1.431814131568,23.310116798765,16.0886530224027,480.47485231719,13.0824801217947,4775.86474734383,2.09001681571662,11.1579583216224,10.9092795971432,77.2040760206586,5.67442717225976,1.8569395072759,5.57107046055483,4.0043970545076,7.79812521259915,18.8449434615948,0,6.46892694480442,0,0,6.41566962069995,2.92329720453062,32.5402863376334,1.48478462069184,0,16.1521691669149,46.5212217093528,21.5979716329974,6.13421167202977,14.692391696948,10.7973973196708,20.7746472359639,0,0,0,85.1511190294485,5.27364519410866,0,3.87825934004921,4.36249515620701,11.2727079592602,14.4762013281487,23.3943514321866,1799.98448294879,19.2092782696001,14.004840829233,2.14045449291445,65.4523981977676,9.93922096361994,0,27.8044422156787,9.28605478392286,94.4161622356554,25.5291651532382,10.7834094046994,157.410882679182,0,4544.72827064434,15.8695765402788,5.93690250738706,12.8729192082367,1790.20683704823,0,25.9204248078526,0,9.91048861416129,52.4993089225932,35.2891866823537,2.12377054528721,36.8892591579669,15.4759430654444,44.4584065725438,78.9875698505771,"CH vs. BH","CH"
"LOC144622560",11.5838297346275,1.49663999719776,2.00738946446404,0.000568277508530412,0.0409212751251387,2.8330052958095,1.0026256380531,0,1.74941379128385,0,3.48732664110998,17.6761393529249,113.49975975231,1.10324625820597,4.98978726345758,0,82.7530500201465,6.2890689097947,40.2181293937252,1.32575468271965,1.00184693318418,11.8003932608643,18.782887263565,6.16705203884025,4.56628805971138,4.6297389117513,22.193119039304,0,2.83917406277694,4.43856676505487,1.78397456206291,0,2.09001681571662,6.08615908452129,4.3637118388573,0,83.9815221494444,0.928469753637951,2.22842818422193,0,0.866458356955461,0.753797738463791,0,9.70339041720663,0.842916047393067,0,5.3463913505833,3.89772960604083,3.87384361162303,0,0.930341474461282,0,0,1.02847483966655,6.13421167202977,24.137500644986,26.9934932991769,16.1580589613053,0.924334085403459,2.86742003144088,5.92649591117768,11.4626506385796,0,0,3.87825934004921,3.27187136715526,16.2828003855981,0,15.2571857166434,0,41.2999482796403,0,27.8259084078878,19.0023091541906,0,72.8411106379046,2.7126285088467,1.16075684799036,31.4720540785518,4.82984205601803,6.73963087793714,0,0,123.141760159759,22.6708236289698,0.989483751231176,0,18.0222164803513,1.84125271311613,9.72015930294474,13.8871011697493,6.19405538385081,4.03840837866101,36.2178494897841,2.12377054528721,8.06952544080526,16.581367570119,1.08435137981814,1.06739959257537,"CH vs. BH","BH"
"LOC111122572",95.6320426484158,-1.68196706884944,2.0142464009169,0.000427080435177282,0.0358793987335349,3.77734039441266,11.0288820185841,19.950949028262,8.74706895641923,30.0597125441496,4.64976885481331,12.4387647298361,5.15907998874137,17.6519401312955,0,18.1575714672011,232.345101979642,4.1927126065298,0,0,5.0092346659209,6.43657814228961,54.0947153190672,6.16705203884025,1.82651522388455,3.70379112940104,21.47721197352,9.53595687222203,14.1958703138847,411.67706745884,0,950.259738131775,4.18003363143324,1.01435984742021,10.9092795971432,78.2473743452621,11.3488543445195,2.78540926091385,3.3426422763329,39.0428712814491,12.1304169973765,21.8601344154499,4.21139871695681,29.1101712516199,11.8008246635029,9.21945031699543,1.06927827011666,11.6931888181225,70.5039537315391,12.6206692758806,12.0944391679967,11.104616302254,12.793335970072,12.3416980759985,8.17894889603969,7.346195848474,2.15947946393415,35.7785591286045,15.7136794518588,24.850973605821,5.92649591117768,45.8506025543184,16.6998764480108,0,8.72608351511071,0,15.0302772790136,44.3333665674555,56.9601600088022,1070.2610439155,33.6162369718003,3.50121020730824,8.56181797165778,88.6774427195561,4.96961048180997,3.83374266515287,17.6320853075036,13.3487037518891,0,4.13986461944403,6.73963087793714,66.5116405686685,30.398653949829,3959.14047592779,28.3385295362122,11.8738050147741,18.2930957169679,903.113292515383,0,33.480548710143,9.80265964923479,11.1492996909314,32.3072670292881,2.78598842229108,0,5.76394674343233,6.63254702804762,18.4339734569084,72.5831722951249,"CH vs. BH","CH"
"LOC144622298",14.8257605549511,1.31601083708881,1.77058549073635,0.000631294917558219,0.0428006878755042,12.2763562818412,6.01575382831857,7.600361534576,7.87236206077731,8.09299953111719,4.64976885481331,43.2083406404832,0,3.3097387746179,2.99387235807455,3.02626191120019,26.5234134679957,5.24089075816225,198.856306446752,0,2.00369386636836,0,6.0105239243408,280.160364050171,72.1473513434398,2.77784334705078,11.454513052544,2.11910152716045,1.89278270851796,57.7013679457134,0,8.93311152180282,65.8355296950735,2.02871969484043,4.3637118388573,9.38968492143145,1.13488543445195,7.42775802910361,45.6827777765496,5.0054963181345,17.3291671391092,1.50759547692758,6.31709807543521,19.4067808344133,0,0,7.48494789081661,0.974432401510207,27.1169052813612,2.96956924138368,6.51239032122897,4.03804229172873,0,1.02847483966655,0,12.593478597384,21.5947946393415,2.30829413732932,3.69733634161384,0.955806677146961,7.90199454823691,27.8378658365505,0,6.38232721991576,0.969564835012302,2.18124757810351,7.51513863950682,0.904762583009296,5.08572857221448,0.972964585377727,16.3278865291601,25.6755415202604,0,10.5568384189948,5.67955483635425,21.0855846583408,8.1378855265401,7.54491951193732,13.4880231765222,6.20979692916604,10.7834094046994,8.86821874248914,2.0265769299886,1.77182388719077,0,4.94741875615588,0.677522063591404,0,21.1744062008355,57.2409381173413,0.816888304102899,2.47762215354032,1.00960209466525,7.42930245944289,4.24754109057442,33.4308911119075,0,1.08435137981814,9.6065963331783,"CH vs. BH","BH"
"LOC111124282",27.4115460671787,-2.74749503145859,2.24462030777714,0.000137938784252705,0.0209465558351098,2.8330052958095,2.00525127610619,26.601265371016,5.24824137385154,9.24914232127678,18.5990754192532,1.30934365577222,0,0,0,2.01750794080012,143.226432727177,2.0963563032649,0,0,4.00738773273672,17.164208379439,9.7671013770538,0,11.8723489552496,15.7411122999544,0,12.7146091629627,28.3917406277694,97.6484688312072,10.1091891850232,377.423961796169,13.585109302158,40.5743938968086,7.63649571800027,27.1257564396909,21.5628232545871,1.8569395072759,0,31.0340771724339,0.866458356955461,11.3069660769569,15.792745188588,20.484935325214,10.1149925687168,3.07315010566514,5.3463913505833,6.82102681057145,7.74768722324605,3.7119615517296,0.930341474461282,11.104616302254,3.48909162820146,15.4271225949982,20.4473722400992,2.098913099564,6.47843839180245,25.3912355106225,7.39467268322767,0,6.91424522970729,16.3752151979709,6.15258605979344,0,51.386936255652,18.5406044138798,0,4.52381291504648,39.6686828632729,127.458360684482,5.76278348088004,19.8401911747467,4.28090898582889,9.50115457709529,12.7789983817971,17.2518419931879,4.06894276327005,5.80378423995179,3.59680618040592,4.13986461944403,18.870966458224,5.54263671405571,13.1727500449259,624.567920234748,11.3354118144849,13.8527725172365,5.42017650873124,296.365337676889,0,0,0,2.47762215354032,11.1056230413178,0,21.2377054528721,2.30557869737293,4.42169801869841,14.0965679376358,54.4373792213437,"CH vs. BH","CH"
"LOC111124626",95.3244029262834,-1.78478444030737,2.05219034864135,0.000378822432486699,0.0341873435069904,18.8867019720633,4.01050255221238,83.603976880336,5.24824137385154,23.122855803192,47.6601307618364,17.0214675250388,0,0,0,3.02626191120019,294.940357764112,8.3854252130596,0,14.5833015099161,2.00369386636836,36.4739428063078,16.5289407919372,0,37.4435620896333,50.9271280292643,10.73860598676,51.9179874154311,72.8721342779415,318.467165392687,53.5192368618873,1571.11098889707,65.8355296950735,100.421624894601,52.3645420662876,110.58962240797,30.6419067302027,3.71387901455181,8.91371273688773,75.0824447720176,33.791875921263,42.9664710924361,65.2766801128305,37.7354071780258,10.1149925687168,0,4.27711308046664,13.6420536211429,25.567367836712,57.9066002069818,34.4226345550674,37.3518911984907,15.1193970555397,54.5091665023269,47.0289561522282,0,0,31.1619708539459,67.4763882344525,2.86742003144088,59.2649591117768,49.1256455939126,41.3102206871845,0,244.3303384231,117.787369217589,2.50504621316894,9.04762583009296,166.811897168635,526.37384068935,22.0906700100402,31.5108918657742,0,33.7818829407833,6.38949919089853,49.8386546469874,16.9539281802919,3.48227054397107,1.79840309020296,20.6993230972201,17.5230402826366,56.5348944833682,43.5714039947549,2371.58627300485,23.8043648104183,65.3059275812576,6.09769857232264,903.113292515383,0.920626356558067,10.8001770032719,4.9013298246174,3.71643323031048,63.6049319639109,0,48.8467225416058,14.9862615329241,30.9518861308889,19.5183248367266,100.335561702084,"CH vs. BH","CH"
"LOC111123512",109.95386432115,2.77696475610571,2.2851355338135,0.000138216373087152,0.0209465558351098,22.664042366476,60.1575382831857,1493.47104154418,44.6100516777381,15.0298562720748,2.32488442740666,6.54671827886109,29.9226639346999,1.10324625820597,159.673192430643,22.1925873488014,1.06093653871983,5.24089075816225,8.93736208749449,2.65150936543929,1.00184693318418,33.255653735163,93.1631208272824,37.8833196671616,0,0,1.431814131568,4692.75033189682,37.8556541703592,128.718436186591,2.37863274941721,11.1663894022535,13.585109302158,3.04307954226064,6.54556775828594,828.378869735175,6.80931260671171,10.2131672900175,2.22842818422193,24.0263823270456,2.59937507086638,12.8145615538845,4.21139871695681,3.23446347240221,21.0729011848267,3.07315010566514,2.13855654023332,0,823.579151831055,112.101238862234,1.86068294892256,3.02853171879654,13.9563665128058,23.6549213123305,4.77105352268982,10.49456549782,0,230.829413732932,0,2.86742003144088,0.987749318529613,11.4626506385796,0.878940865684777,3.19116360995788,0.969564835012302,23.9937233591386,11.2727079592602,22.6190645752324,22.3772057177437,16.5403979514214,11.5255669617601,2.33414013820549,190.500449869386,43.2830375178786,9.22927660907566,2.87530699886466,6.78157127211675,196.748285734366,2.69760463530444,53.1282626161984,111.877872573757,9.97674608530028,9.11959618494869,92.1348421339203,17.0031177217273,15.8317400196988,12.8729192082367,17.0209822314429,8.2856372090226,6.48010620196316,0,27.2538436889435,5.04801047332626,16.7159305337465,15.9282790896541,25.3613656711022,34.2681596449127,186.50843732872,4.26959837030146,"CH vs. BH","BH"
"LOC111124238",445.673857526818,-1.45925421851618,1.56059526638718,0.000336691066947896,0.0319953105300035,1320.18046784723,185.485743039823,791.387644787726,1940.97460142943,109.833565065162,480.088634259474,608.844799934081,0,286.844027133551,468.042045312321,127.103000270408,66.8390019393491,1123.64697854999,15.6403836531154,55.6816966742251,861.588362538395,137.313667035512,410.969573326802,18.5011561165208,340.645089254469,769.462607133067,242.692495300776,239.458472569131,361.521497326931,600.316154973672,82.0628298548939,2362.80799751685,1376.27607314939,404.729579120666,110.183723931147,368.284308585034,1175.74131009222,658.285055329308,1318.11527096727,120.131911635228,2.59937507086638,45.2278643078275,2227.82992127015,83.0178957916567,202.299851374336,365.704862574152,1504.47452605414,1074.79893886576,491.978138676124,1065.3329653464,0.930341474461282,81.7703564075067,911.815945503315,132.673254316984,403.494812204625,60.868479887356,47.5085482065513,0,419.64767477317,465.47785177057,594.625089754827,655.008607918834,223.250979883933,495.694080746791,208.456439527645,50.1686942963806,37.5756931975341,457.809867002704,530.950062939192,143.025794050526,423.564585844683,946.493826042328,9.63204521811501,472.946361170966,83.0634894816809,389.124880513017,606.950628854449,41.2068681036577,105.206580776873,55.1981949259204,16.1751141070491,128.589171766092,78.023211804561,39.8660374617924,512.360614014717,583.795413226394,1196.50396430242,38.0469014585195,14.7300217049291,497.888159850836,357.79707719707,310.94158026931,669.366188763063,37.1465122972144,515.014357232149,177.529559697716,854.493142113468,126.869111438723,81.1223690357278,"CH vs. BH","CH"
"LOC111127436",26.2082843544812,-4.36089690956662,1.92376353825184,1.95112914703061e-05,0.0062834488239165,1.88867019720633,18.0472614849557,1.900090383644,48.9835861559477,27.7474269638304,17.4366332055499,49.7550589193443,0,18.7551863895014,4.98978726345758,19.1663254376012,10.6093653871983,19.9153848810165,0,0,29.0535610623412,23.6007865217286,120.961793977359,0.881007434120036,0,1.85189556470052,0.715907065784001,3.17865229074068,118.298919282373,24.4121172078018,4.75726549883443,43.5489186687888,5.22504203929155,6.08615908452129,98.1835163742892,8.34638659682796,53.3396154192417,7.42775802910361,128.134620592761,123.135209426109,19.9285422099756,0.753797738463791,68.4352291505481,0,2.5287481421792,18.4389006339909,26.7319567529165,48.7216200755104,0,46.770715551793,5.58204884676769,0,196.552161722016,49.3667923039942,8.86052797070966,4.197826199128,0,13.8497648239759,5.54600451242075,7.64645341717569,26.6692316002996,1.63752151979709,5.27364519410866,36.166520912856,24.2391208753075,116.696745428538,0,18.0952516601859,0,0.972964585377727,146.950978762441,0,0,68.619449723466,6.38949919089853,26.8361986560701,51.5399416680873,36.5638407116963,0.89920154510148,20.6993230972201,2.69585235117486,24.3876015418451,2.0265769299886,17.7182388719077,0,11.8738050147741,10.1628309538711,24.0296219738018,85.6182511599002,65.8810797199588,9.80265964923479,0,5.04801047332626,1.85732561486072,2.12377054528721,1.15278934868647,16.581367570119,15.180919317454,14.9435942960551,"CH vs. BH","CH"
"LOC111126696",25.4487390058419,-1.43783031999672,2.21711609162384,0.000667589537745198,0.0437271147223105,1.88867019720633,1.0026256380531,19.950949028262,0,5.78071395079799,0,6.54671827886109,0,0,0.997957452691516,10.0875397040006,207.943561589086,2.0963563032649,0,0,0,0,16.5289407919372,0,4.56628805971138,0,0,8.47640610864181,9.46391354258981,65.4688597845594,0,456.705326552169,8.36006726286648,0,0,29.2123530888979,7.94419804116366,1.8569395072759,4.45685636844386,24.0263823270456,25.1272923517084,3.76898869231896,2.1056993584784,0,8.42916047393067,0,0,1.94886480302041,0,0,0.930341474461282,0,36.0539468247484,3.08542451899964,0,8.395652398256,0,13.8497648239759,3.69733634161384,0,1.97549863705923,6.55008607918834,1.75788173136955,40.4214057261331,1.9391296700246,2.18124757810351,3.75756931975341,8.14286324708366,8.13716571554317,91.4586710255063,7.68371130784006,0,0,12.6682061027937,0,0,2.03447138163503,2.32151369598072,14.3872247216237,1.37995487314801,16.1751141070491,14.4108554565448,0,807.951692558993,6.80124708869093,1.97896750246235,0,268.330778707453,0,2.16003540065439,10.6195479533377,0,12.115225135983,3.71465122972145,3.18565581793082,10.3751041381782,2.21084900934921,3.25305413945443,21.3479918515073,"CH vs. BH","CH"
"LOC111124176",212.704605204555,-3.4420601174155,2.55485284398891,8.54799057834042e-05,0.0161140046780471,7.55468078882533,1.0026256380531,77.903705729404,12.2458965389869,46.2457116063839,11.6244221370333,1.96401548365833,0,2.20649251641193,3.99182981076607,0,724.619655945642,2.0963563032649,17.874724174989,3.97726404815894,10.0184693318418,0,35.3118280555022,4.40503717060018,1.82651522388455,5.55568669410156,10.022698920976,33.9056244345672,37.8556541703592,984.252180150918,0,4550.30368141831,4.18003363143324,0,2.18185591942865,199.269979999268,5.67442717225976,0,13.3705691053316,10.010992636269,0,73.8721783694515,1.0528496792392,6.46892694480442,5.90041233175147,12.2926004226606,9.62350443104993,1.94886480302041,82.1254845664081,2.96956924138368,7.44273179569026,8.07608458345745,9.30424434187056,7.19932387766582,6.81579074669974,0,72.342562041794,43.8575886092571,3.69733634161384,0.955806677146961,0,75.325989910666,6.15258605979344,4.25488481327717,3.87825934004921,1.09062378905175,38.8282163041186,16.2857264941673,61.0287428665738,1983.87478958518,24.9720617504802,12.8377707601302,0,92.900178087154,4.25966612726569,4.79217833144109,40.0112705054888,2.90189211997589,3.59680618040592,17.9394133509241,26.9585235117486,156.302355336371,0,7571.88938190978,6.80124708869093,1.97896750246235,16.9380515897851,2334.87826845441,5.5237581393484,11.8801947035991,0.816888304102899,2.47762215354032,63.6049319639109,3.71465122972145,0,28.8197337171616,13.2650940560952,63.9767314092704,112.076957220413,"CH vs. BH","CH"
"LOC111122730",31.023854797685,1.75545545934879,2.77870177786978,0.000415183644276499,0.0355234802946096,15.1093615776507,0,127.306055704148,1.74941379128385,0,0,1.30934365577222,0,0,3.99182981076607,28.2451111712017,2.12187307743965,0,0,0,52.0960405255774,0,107.438115147592,0,305.941300000662,0,0,333.758490527771,71.9257429236825,6.65785014758231,0,0,0,0,0,11.4762815706384,26.1023649923949,0,6.68528455266579,206.226448307142,0,0,0,0,0,0,2.13855654023332,0,242.502610087601,1.48478462069184,0,2.01902114586436,104.672748846044,16.4555974346647,0,6.296739298692,0,2.30829413732932,0,0,0,0,2.63682259705433,0,0,115.606121639486,0,16.2857264941673,36.6172457199443,1.94592917075545,0,7.00242041461648,133.778405807153,2.11136768379895,0,9.58435666288218,32.5515421061604,12.1879469038988,0,2.75990974629602,157.707362543729,42.1240390268234,2.0265769299886,484.593833146677,11.3354118144849,14.8422562684676,4.06513238154843,5.00617124454204,0,34.5605664104702,3.2675532164116,0,28.2688586506271,31.5745354526323,0,16.1390508816105,6.63254702804762,4.33740551927257,10.6739959257537,"CH vs. BH","BH"
"LOC111124110",38.2276771752863,1.28262703267112,1.51652984145978,0.000458007058783161,0.0373936960281872,62.326116507809,28.0735178654867,17.100813452796,19.2435517041223,12.7175706917556,9.29953770962662,54.9924335424332,121.754287734296,50.7493278774744,3.99182981076607,28.2451111712017,3.18280961615948,2.0963563032649,0,340.718953458949,5.0092346659209,20.3824974505838,3.756577452713,44.9313791401218,1.82651522388455,7.40758225880209,32.9317250260641,228.862964933329,3.78556541703592,8.87713353010975,6.54124006089734,4.46655576090141,50.1604035771988,56.804151455532,27.2731989928581,232.655526386579,61.2838134604054,19.497864826397,11.1421409211097,48.0527646540912,6.93166685564369,302.27289312398,15.792745188588,8.62523592640589,48.8891307487979,25.6095842138762,2.13855654023332,9.74432401510207,24.7925991143874,15.5902385172643,6.51239032122897,44.418465209016,5.8151527136691,164.555974346647,2.7263162986799,2.098913099564,11.8771370516378,20.7746472359639,12.016343110245,17.2045201886453,1.97549863705923,14.7376936781738,13.1841129852717,38.2939633194946,12.6043428551599,4.36249515620701,7.51513863950682,1.80952516601859,125.108922876476,158.593227416569,10.5651030482801,23.3414013820549,12.8427269574867,17.9466253122911,44.7264943362897,39.295862317817,4.06894276327005,2.90189211997589,13.4880231765222,61.4079918550864,37.741932916448,1.10852734281114,68.9036156196123,2.65773583078616,29.4720707176607,3.9579350049247,4.06513238154843,9.01110824017567,30.3806697664162,3.24005310098158,79.2381654979812,49.5524430708064,8.07681675732202,11.1439536891643,75.393854357696,3.4583680460594,11.054245046746,165.905761112176,11.741395518329,"CH vs. BH","BH"
"LOC111125810",36.0422180233689,19.3308217574223,2.06880136052741,4.94247351553623e-21,2.86502833511846e-17,0,12.0315076566371,0,0,19.6544274327132,0,0,0,0,14.9693617903727,1.00875397040006,239.771657750681,4.1927126065298,0,14.5833015099161,2.00369386636836,0,6.7618394148834,2.64302230236011,6.39280328359593,5.55568669410156,1.431814131568,5.29775381790113,37.8556541703592,61.0302930195045,0,0,0,2.02871969484043,0,0,0,1.8569395072759,0,0,33.791875921263,13.5683592923482,0,1.07815449080074,0,0,32.0783481034998,0,3.87384361162303,0,0,49.4660180736769,0,2.05694967933309,0.681579074669974,0,0,2.30829413732932,14.7893453664553,46.8345271802011,0,1.63752151979709,4.39470432842389,0,10.6652131851353,0,3.75756931975341,10.8571509961115,16.2743314310863,44.7563709273754,1.92092782696001,0,0,0,19.1684975726956,18.2102776594762,0,23.2151369598072,0.89920154510148,1.37995487314801,48.5253423211474,4.43410937124457,0,541.292197536782,4.53416472579395,0,2.71008825436562,1892.33273043689,2.7618790696742,4.32007080130877,0,0,35.3360733132839,0,0,6.91673609211879,1.1054245046746,0,46.9655820733161,"CH vs. BH","BH"
"LOC111122856",40.1267441215069,-19.2069544152263,2.17532557319258,5.51134151245715e-19,2.12985792748907e-15,1.88867019720633,23.0603896752212,17.100813452796,8.74706895641923,26.5912841736708,3.48732664110998,40.5896533289388,0,13.2389550984716,0,4.03501588160025,164.445163501573,159.323079048132,0,0,7.01292853228926,0,15.7776253013946,0,0.913257611942276,9.25947782350261,0,0,0,116.51237758269,0,5.58319470112676,3.13502522357493,0,97.0925884145748,0,2.2697708689039,0,518.109552831599,17.0186874816573,744.287728624741,0.753797738463791,0,0,1.68583209478613,2.0487667371101,51.3253569655996,41.9005932649389,7.74768722324605,3.7119615517296,0,19.1807008857114,155.846092726332,0,1.36315814933995,109.143481177328,0,0,1.84866817080692,1.91161335429392,12.840741140885,137.551807662955,0.878940865684777,0,0,0,0,1.80952516601859,10.171457144429,0,16.3278865291601,0,0,161.51962781062,0,20.1271489920526,0,391.755436196746,10.7904185412178,0,129.400912856393,25.4961288846563,2.0265769299886,0.885911943595387,0,3.9579350049247,6.09769857232264,0,0,325.085327798485,0,0,0,0,0,26.5141550197887,0,0,90.7289653689061,"CH vs. BH","CH"
"LOC111125681",249.482165672491,-1.75534415476765,2.9529697864822,0.000384277531656423,0.0341873435069904,0,613.606890488495,378.117986345156,494.209396037687,421.992118408253,0,713.592292395859,0,2.20649251641193,1.99591490538303,6.05252382240037,78.5093038652672,550.293529607036,0,0,5.0092346659209,0,155.522306542318,1.76201486824007,0,4.6297389117513,1.431814131568,0,0,1146.25986707542,0,37.965723967662,0,778.014002971304,1239.29416223547,179.447311831801,2.2697708689039,9.28469753637951,453.485135489163,407.447400296149,1049.28107027306,3.01519095385517,0,5.39077245400368,5.90041233175147,8.19506694844038,2092.5775746183,1132.29045055486,5.42338105627224,3.7119615517296,0,88.836930418032,19.7715192264749,0,1.36315814933995,911.977741760558,0,0,7.39467268322767,0,29.6324795558884,659.921172478226,14.9419947166412,0,0,2.18124757810351,0,0.904762583009296,10.171457144429,0,40.3394843661603,0,4.28090898582889,1260.48650722798,0,491.677496805856,0,435.283817996384,0,0,365.287993584193,445.627991810079,0,0.885911943595387,6.80124708869093,0,7.45274269950545,0,0,1643.78693989799,0,0,0,3.71465122972145,0,4523.54540424569,0,8.67481103854514,478.195017473764,"CH vs. BH","CH"
"LOC111113898",46.9075757355783,-3.28282488634514,1.68055290063505,3.79084055817843e-05,0.00976646889138703,10.3876860846348,313.821824710619,25.651220179194,191.560810145581,182.670560845216,140.655507858103,49.7550589193443,1.03181599774827,78.3304843326236,4.98978726345758,21.1838333784013,7.42655577103879,7.33724706142715,0,1.32575468271965,6.01108159910508,19.3097344268688,98.4223292610806,7.04805947296029,27.3977283582683,1.85189556470052,7.15907065784001,6.35730458148136,12.3030876053668,15.5349836776921,1.18931637470861,11.1663894022535,0,57.8185113029522,42.5461904288586,77.2040760206586,153.209533651013,139.270463045693,113.649837395318,116.127514580721,3.46583342782184,4.52278643078275,268.476668205996,37.7354071780258,16.0154049004683,8.19506694844038,16.0391740517499,17.5397832271837,2.32430616697382,2.22717693103776,155.367026235034,20.1902114586436,51.1733438802881,104.904433645988,36.8052700321786,150.072286618826,11.8771370516378,35.7785591286045,4.6216704270173,175.868428595041,7.90199454823691,18.0127367177679,132.720070718401,2.12744240663859,161.917327447054,4.36249515620701,16.2828003855981,99.5238841310225,32.5486628621727,19.4592917075545,10.5651030482801,58.3535034551373,68.4945437732623,12.6682061027937,31.2375515999484,60.3814469761578,16.2757710530802,31.9208133197348,5.39520927060888,20.0093456606461,14.8271879314617,11.0852734281114,99.3022695694413,6.20138360516771,0,6.92638625861823,119.243883192087,14.0172794847177,1.84125271311613,31.3205133094886,83.3226070184957,14.8657329212419,14.1344293253135,16.7159305337465,21.2377054528721,36.8892591579669,2.21084900934921,5.42175689909071,26.6849898143842,"CH vs. BH","CH"
"LOC111113892",126.686266072018,1.87069760255152,1.87929226393123,0.000275281863382971,0.0281049629225291,37.7734039441266,10.026256380531,584.27779297053,24.4917930779739,25.4351413835112,24.4112864877699,37.9709660173943,0,36.4071265207969,887.184175442758,114.997952625607,10.6093653871983,506.270047238473,22.3434052187362,2.65150936543929,65.1200506569717,49.347099090887,12.0210478486816,650.183486380587,26.484470746326,20.3708512117057,769.600095717801,51.9179874154311,39.7484368788772,38.8374591942301,6.54124006089734,12.2830283424789,40.7553279064741,81.1487877936172,19.6367032748578,389.150275077104,14.7535106478754,13.9270463045693,44.5685636844386,12.0131911635228,888.986274236303,24.8753253693051,40.0082878110897,587.594197486402,4.21458023696533,27.6583509509863,32.0783481034998,16.5653508256735,21.6935242250889,13.3630615862266,0,4.03804229172873,69.7818325640292,47.3098426246611,23.8552676134491,54.571740588664,542.029345447472,759.428771181347,21.2596839642796,11.4696801257635,41.4854713782438,50.7631671137097,12.3051721195869,2.12744240663859,6.78695384508611,19.6312282029315,538.584935831322,19.0000142431952,51.8744314365877,38.9185834151091,31.6953091448402,644.222678144716,5.35113623228612,106.624068031847,15.6187757999742,23.0024559909172,11.5286711625985,22.634758535812,216.707572369457,92.4569765009167,4.04377852676228,65.4031132258574,32.4252308798176,9.74503137954926,13.6024941773819,14.8422562684676,56.911853341678,12.0148109869009,23.0156589139517,11.8801947035991,150.307447954933,0,23.2208481773008,29.7172098377716,1018.34797646522,17.291840230297,6.63254702804762,153.977895934176,439.768632141051,"CH vs. BH","BH"
"LOC111126409",316.044871721396,-2.34490874422064,1.14704511213203,2.50979573861123e-05,0.00718452269026895,490.109916175043,173.454235383186,333.465862329522,851.089809459591,335.281409146283,1151.98023378,224.552436964935,255.890367441572,658.638016148962,90.814128194928,462.009318443229,584.576032834625,206.491095871593,13.4060431312417,1.32575468271965,779.436914017292,749.86135357674,199.098604993789,131.270107683885,237.446979104992,373.156956287155,24.340840236656,29.6674213802463,246.061752107335,238.5729636217,1084.65653373425,1257.33544669375,799.431432011607,415.887537442288,326.187459954583,514.346074029523,169.097929733341,296.181851410507,222.842818422193,302.331977615324,196.68604702889,33.9208982308706,553.79893127982,100.268367644469,216.629424180018,280.681042984083,173.223079758899,203.656371915633,331.601013154931,202.673100724436,73.4969764824413,505.764797039023,218.649742033958,335.282797731294,575.934318096128,868.950023219496,0,11.5414706866466,151.590790006167,179.691655303629,119.517667542083,181.764888697477,507.148879500116,191.469816597473,553.621520792024,125.421735740952,48.8484011567944,422.524126265341,84.4230942987604,422.266630053933,368.818142776323,60.6876435933428,47.0899988441178,219.582239115091,234.991581354157,193.60400459022,135.631425442335,253.625371285893,474.778415813582,431.235897858753,308.675094209521,419.023335582612,89.1693849194983,329.559243017484,89.5497533344306,517.500001893905,127.374147955184,316.390022655057,216.347193791146,275.404513583434,253.235374271899,16.1045439980121,730.951916537643,70.5783733647075,567.046735591685,236.321816480725,234.349994991016,182.171031809448,207.075520959621,"CH vs. BH","CH"
"LOC111115158",21.1427071760146,-1.88153486902394,1.6640485124949,0.000191723936047533,0.0238148932652855,10.3876860846348,21.055138399115,17.100813452796,31.4894482431092,52.0264255571819,25.5737287014732,0,0,1.10324625820597,0,30.2626191120019,22.2796673131164,31.4453445489735,0,18.560565558075,16.0295509309469,18.2369714031539,39.8197209987578,1.76201486824007,7.30606089553821,1.85189556470052,5.72725652627201,6.35730458148136,13.2494789596257,28.8506839728567,13.677138309149,1.11663894022535,9.40507567072478,4.05743938968086,341.460451390583,47.9917229317608,26.1023649923949,5.57081852182771,27.8553523027741,17.0186874816573,18.1956254960647,18.091145723131,2.1056993584784,18.3286263436125,11.8008246635029,30.7315010566514,11.7620609712833,12.6676212196327,7.74768722324605,12.6206692758806,5.58204884676769,10.0951057293218,1.16303054273382,29.8257703503298,12.9500024187295,0,0,3.46244120599398,9.24334085403459,4.77903338573481,64.2037057044249,32.7504303959417,43.0681024185541,31.9116360995788,19.391296700246,13.087485468621,0,23.5238271582417,4.06858285777158,5.83778751226636,59.5487626357605,52.5181531096236,22.4747721756017,26.3920960474869,14.9088314454299,14.3765349943233,13.5631425442335,3.48227054397107,8.09281390591332,13.7995487314801,13.4792617558743,2.21705468562228,10.132884649943,23.9196224770755,5.66770590724244,9.89483751231176,42.0063679426671,2.00246849781681,12.8887689918129,102.601681531083,4.9013298246174,3.71643323031048,17.1632356093093,5.57197684458217,4.24754109057442,2.30557869737293,18.7922165794682,17.3496220770903,105.672559664961,"CH vs. BH","CH"
"LOC144623771",173.669726818751,6.42365279249341,2.68093457542211,5.89547859845224e-06,0.00279754557958854,500.497602259678,2.00525127610619,1.900090383644,12.2458965389869,8.09299953111719,4.64976885481331,373.162941895082,0,5.51623129102983,235.517958835198,29.2538651416018,0,376.295956436049,1778.5350554114,0,10.0184693318418,8.58210418971948,883.547016878097,482.79207389778,1391.80460060003,45.3714413351628,733.804742428601,5.29775381790113,0,22.1928338252744,0.594658187354303,1.11663894022535,0,133.895499859468,4.3637118388573,3.12989497381048,1.13488543445195,0,0,0,0.866458356955461,4.52278643078275,1.0528496792392,1.07815449080074,0,11.2682170541055,181.777305919832,599.275926928777,33.315055059958,0,0,2.01902114586436,0,0,170.394768667494,0,817.362977099076,717.879476709419,242.175530375706,0.955806677146961,0,36.0254734355359,0,0,1.9391296700246,1152.7893450277,0,0.904762583009296,10.171457144429,0,33.6162369718003,0,1.07022724645722,9.50115457709529,0,7.66748533030575,0,9.86643320791804,612.356252214108,191.123749930999,8.08755705352457,18.8449648277894,700.182329311061,1180.03470886906,9.06832945158791,919.230404893763,14.2279633354195,4.00493699563363,544.090176725818,23.7603894071983,20.4222076025725,485.613942093903,0,182.946573063781,19.1139349075849,44.9587845987722,233.244570486341,9.75916241836328,1.06739959257537,"CH vs. BH","BH"
"LOC144617638",21.3379437297142,-23.1347021106233,2.65999773384613,1.44514349152762e-18,4.78693459115013e-15,0,20.0525127610619,31.351491330126,39.3618103038865,40.4649976555859,0,0,0,25.3746639387372,0,33.2888810232021,8.48749230975862,0,0,0,0,0,39.8197209987578,0,20.0916674627301,0,0,0,0,0,114.174371972026,18.982861983831,0,0,0,0,28.3721358612988,38.067259899156,0,62.0681543448678,0,0,31.5854903771761,0,0,56.3410852705276,0,0,0,25.2413385517613,267.008003170388,137.293437918777,22.0975803119426,0,78.381593587047,20.98913099564,0,0,0,0,0,0,10.5472903882173,0,0,0,0,23.5238271582417,326.50377433617,0,94.1254635210407,24.5084714511577,0,8.44547073519582,0,0,0,64.4220050634648,0.89920154510148,0,4.04377852676228,144.108554565448,0,0,1.13354118144849,2.96845125369353,0,0,31.3012961229743,19.4403186058895,11.4364362574406,28.4926547657137,0,0,50.9704930868931,0,0,0,0,"CH vs. BH","CH"
"LOC111109868",114.204791051934,-24.5124282639448,3.01378407536133,1.58650347165358e-16,4.59828199965395e-13,0,82.2153023203538,570.977160285022,160.071361902472,190.763560376334,20.9239598466599,0,0,146.731752341394,0,236.048429073615,103.971780794543,0,0,0,0,0,214.876230295184,0,359.823499105257,0,0,0,0,0,292.571828178317,107.197338261634,0,0,0,0,135.051366699782,133.699644523865,0,190.208860089111,0,0,155.821752527402,0,0,392.338830156583,0,0,0,97.9957849656615,1180.60333109137,580.468579436004,203.530344978418,0,269.22373449464,74.511415034522,0,0,0,0,0,0,57.1311562695105,0,0,0,0,204.476343760101,1598.95306310423,0,383.225101478523,175.060510365412,0,53.8398759368733,0,0,0,324.431539013305,109.702588502381,0,29.6543758629234,621.883839317051,0,0,57.8106002538729,96.9694076206552,0,0,196.093413946868,142.56233644319,433.76768947864,123.881107677016,0,0,226.181563073088,0,0,0,0,"CH vs. BH","CH"
"LOC144623806",9.03881963454725,-1.35847905443958,2.32437638488443,0.000715298229199778,0.0446416058866101,0,0,4.75022595911,31.4894482431092,0,0,0,0,0,37.9223832022776,47.4114366088029,0,0,0,0,1.00184693318418,28.9646016403032,6.0105239243408,0,0.913257611942276,9.25947782350261,0,0,3.78556541703592,0,2.37863274941721,0,0,6.08615908452129,33.818766751144,10.4329832460349,1.13488543445195,0,0,6.00659558176141,2.59937507086638,0.753797738463791,25.2683923017408,0,0,71.7068357988534,0,7.79545921208166,3.09907488929842,0,55.8204884676769,6.05706343759309,0,2.05694967933309,21.8105303894392,0,0,0,11.0920090248415,81.2435675574917,5.92649591117768,0,0,0,1.9391296700246,0,0,3.61905033203718,45.7715571499303,1.94592917075545,5.76278348088004,7.00242041461648,10.7022724645722,23.2250445217885,0.709944354544282,0,12.2068282898102,0,0,24.1492102800902,5.39170470234971,49.8837304265014,10.132884649943,0,0,9.89483751231176,1.35504412718281,0,16.5712744180452,0,11.4364362574406,2.47762215354032,1.00960209466525,19.5019189560376,1.06188527264361,0,0,46.6271093321801,10.6739959257537,"CH vs. BH","CH"
"LOC111103066",13.9890919691005,-3.26505985197905,2.86224031861349,0.000111679728802397,0.0190405725863321,9.44335098603166,12.0315076566371,4.75022595911,5.24824137385154,2.3122855803192,130.193527934773,30.7695759106471,0,1.10324625820597,8.98161707422365,3.02626191120019,0,8.3854252130596,2.23434052187362,0,109.201315717076,15.0186823320091,4.5078929432556,0.881007434120036,0,114.817525011432,0,0,0,9.98677522137347,0,131.763394946592,0,5.07179923710107,0,1.04329832460349,0,15.7839858118452,4.45685636844386,6.00659558176141,8.66458356955461,6.03038190771033,126.341961508704,0,0,0,0,0,2.32430616697382,0.742392310345921,3.72136589784513,0,1.16303054273382,0,0,1.049456549782,0,0,0,0,0.987749318529613,22.9253012771592,1.75788173136955,0,0.969564835012302,32.7187136715526,5.01009242633788,0,17.2914771455292,0,4.80231956740004,1.16707006910275,14.9831814504011,3.16705152569843,46.8563273999226,6.70904966401753,0,5.22340581595661,0,0,1.34792617558743,5.54263671405571,8.10630771995439,18.6041508155031,0,94.9904401181929,0,0,123.363931778781,0,4.9013298246174,56.9853095314274,2.01920418933051,7.42930245944289,9.55696745379245,1.15278934868647,5.52712252337301,21.6870275963628,2.13479918515073,"CH vs. BH","CH"
"LOC144623909",48.9826081032571,-4.17464484261482,0.897556697346753,3.65395494804594e-07,0.000353017722418088,6.61034569022216,109.286194547787,2.850135575466,100.591292998821,47.4018543965435,168.554120986983,2.61868731154444,1.03181599774827,49.6460816192685,9.97957452691517,94.8228732176059,66.8390019393491,55.5534420365198,6.70302156562087,1.32575468271965,332.613181817148,13.9459193082942,69.8723406204618,7.92906690708032,62.1015176120748,130.558637311387,4.29544239470401,6.35730458148136,22.7133925022155,27.741042281593,18.4344038079834,186.478703017634,39.7103194986158,50.7179923710107,25.0913430734295,21.9092648166734,59.0140425915015,26.9256228555006,101.393482382098,50.054963181345,0,15.0759547692758,211.62278552708,23.7193987976162,33.7166418957227,68.6336856931882,68.4338092874662,21.4375128332246,22.4682929474135,28.210907793145,152.57600181165,30.2853171879654,66.2927409358277,19.5410219536644,18.4026350160893,60.868479887356,1.07973973196708,8.07902948065263,80.4170654301009,8.60226009432265,116.554419586494,19.650258237565,18.4577581793803,2.12744240663859,7.75651868009841,2.18124757810351,7.51513863950682,46.1428917334741,172.914771455292,18.4863271221768,106.611494396281,1.16707006910275,10.7022724645722,93.9558619290535,47.5662717544669,42.1711693166816,71.2064983572259,100.405467351166,41.3632710746681,28.9790523361082,2.69585235117486,60.9690038546128,11.1461731149373,24.8055344206708,11.3354118144849,177.117591470381,30.4884928616132,71.0876316724969,19.3331534877194,55.0809027166869,16.337766082058,0,26.2496544612966,22.2879073783287,19.1139349075849,25.3613656711022,61.9037722617778,81.3263534863606,10.6739959257537,"CH vs. BH","CH"
"LOC144623134",274.832972244593,21.7336861134116,3.6571409308736,9.20936621135819e-10,1.25610337848684e-06,0,0,870.241395708952,0,0,0,0,0,0,0.997957452691516,560.867207542435,4.24374615487931,0,0,275.756974005686,3313.10780804008,0,0,0.881007434120036,0,1080.58106200275,0,14.8337106901232,235.651447210486,418.334917606422,0,0,685.525515555051,18.2584772535639,0,0,391.535474885923,616.5039164156,851.259566372778,0,0,4.52278643078275,0,0,235.173577222666,2904.12684985356,1535.48359588752,0,0,0,0,0,0,0,0,0,0,0,1127.68758419222,38.2322670858784,2097.9795525569,404.46781538988,820.051827683897,887.14348356829,13.5739076901722,1502.87958131331,0,0,0,0,1317.75648929457,0,0,0,0,637.359718081665,1011.13227667261,0,0,0,0,177.364374849783,0,0,0,0,429.54898831695,129.159218109185,0,1179.3793287573,0,0,0,0,0,0,0,0,42.6959837030146,"CH vs. BH","BH"
"LOC111112191",253.121329762338,23.4826084353744,3.70949028026285,8.9509918053662e-11,1.38364431327351e-07,0,0,2577.47260541309,0,0,0,0,0,0,0,138.199293944809,0,0,0,762.308942563796,2804.16956598252,0,0.7513154905426,0,0,1582.4447600366,0,52.9775381790113,822.414086851054,641.372897550429,0,0,196.461580677362,76.0769885565161,0,0,72.6326678049249,107.702491422002,151.533116527091,0,0,8.2917751231017,0,0,66.5903677440523,2458.52008453212,977.320338886626,0,0,0,0,0,0,0,0,0,0,0,1128.61191827762,193.072948783686,2500.98127451698,73.6884683908689,1652.40882748738,206.361913443943,12.6043428551599,1506.15145268047,0,0,0,0,255.483400985682,0,0,0,0,1013.06649926665,798.869095855354,0,0,0,0,158.519410021993,0,0,0,0,130.761758273141,308.380148663789,0,241.923964873291,0,0,0,0,0,0,0,0,115.27915599814,"CH vs. BH","BH"
"LOC111110993",61.9759504550852,1.10145760164243,1.62003177322143,0.000843421042972428,0.0490715448158373,261.580822313077,4.01050255221238,217.560348927238,6.99765516513539,10.4052851114364,9.29953770962662,44.5176842962554,35.0817439234413,36.4071265207969,81.8325111207044,126.094246300008,25.4624769292759,89.0951428887582,0,10.6060374617572,38.0701834609988,7.50934116600455,157.776253013946,111.887944133245,40.1833349254601,7.40758225880209,17.181769578816,447.130422230855,312.309146905464,32.1796090466478,2.97329093677152,7.81647258157747,16.720134525733,18.2584772535639,20.7276312345722,21.9092648166734,79.4419804116366,1.8569395072759,42.3401355002167,100.10992636269,115.238961475076,0.753797738463791,0,10.7815449080074,27.8162295639712,2.0487667371101,12.8313392413999,13.6420536211429,223.908160751811,10.3934923448429,0,3.02853171879654,131.422451328922,22.626446472664,11.5868442693896,1.049456549782,0,18.4663530986346,4.6216704270173,2.86742003144088,13.8284904594146,19.650258237565,7.910467791163,140.411198838147,2.9086945050369,79.6155366007779,0,57.9048053125949,88.4916771565319,1.94592917075545,11.5255669617601,12.8377707601302,204.41340407333,31.6705152569843,7.8093878999871,30.669941321223,186.493209983211,53.3948150075564,0.89920154510148,1.37995487314801,421.900892958865,164.062046736049,0,477.506537597914,205.170953842176,16.82122377093,2.71008825436562,28.0345589694354,8.2856372090226,98.2816107297746,11.4364362574406,35.9255212263347,111.056230413178,96.5809319727576,2.12377054528721,70.3201502698744,48.6386782056825,14.0965679376358,3.2021987777261,"CH vs. BH","BH"
"LOC111115408",142.568991514949,2.8714270175552,1.51900640404925,4.13795955444428e-05,0.00993105086401665,1259.74302153662,27.0708922274336,38.00180767288,77.8489137121312,73.9931385702143,68.5840906084963,51.0644025751165,38.1771919166861,157.764214923453,70.8549791410977,91.7966113064057,20.1577942356767,25.1562756391788,24.5777457406099,30.4923577025518,18.0332447973152,52.5653881620318,59.3539237528654,534.771512510862,37.4435620896333,25.9265379058073,75.1702419073201,2089.43410578021,26.4989579192515,123.170227730273,17.8397456206291,29.0326124458592,17.7651429335913,30.4307954226064,29.4550549122867,36.5154413611223,2461.56650732628,38.995729652794,46.7969918686606,21.0230845361649,37.2577093490848,30.1519095385517,44.2196865280465,10.7815449080074,29.5020616587573,35.8534178994267,65.2259744771162,39.9517284619185,68.1796475645652,30.4380847241827,52.0991225698318,61.5801449488631,13.9563665128058,31.8827200296629,74.9736982136972,68.21467573583,12.9568767836049,27.6995296479519,54.5357110388041,135.724548154868,26.6692316002996,122.814113984781,26.3682259705433,4.25488481327717,87.2608351511071,371.902712066648,13.7777541724292,16.2857264941673,37.6343914343871,37.9456188297313,58.5882987222804,18.673121105644,68.4945437732623,64.3967143558681,145.538592681578,77.6332889693457,18.3102424347152,53.9751934315516,50.3552865256829,122.815983710173,20.2188926338114,1202.75216695009,15.1993269749145,20.3759747026939,12.4689529959334,59.3690250738706,49.4591106421725,6.00740549345044,69.046976741855,62.6410266189772,224.644283628297,511.628974706077,29.2784607452923,551.625707613635,114.683609445509,25.3613656711022,49.7441027103571,91.0855159047239,109.942158035263,"CH vs. BH","BH"
"LOC144624036",47.2894907891413,2.79974139698366,1.66821877133489,6.05035062573946e-05,0.0127535890871837,460.835528118345,9.02363074247786,21.851039411906,9.62177585206116,26.5912841736708,1.16244221370333,29.4602322548749,18.5726879594689,18.7551863895014,14.9693617903727,36.3151429344022,15.9140480807974,13.6263159712218,192.153284881132,190.908674311629,29.0535610623412,22.5280234980136,6.0105239243408,16.7391412482807,5.47954567165366,18.5189556470052,7.15907065784001,12.7146091629627,19.8742184394386,3.32892507379116,6.54124006089734,0,450.398623786931,24.3446363380851,16.3639193957149,3.12989497381048,18.1581669512312,3.71387901455181,16.7132113816645,51.0560624449719,29.4595841364857,25.6291231077689,2.1056993584784,17.2504718528118,15.1724888530752,40.9753347422019,8.55422616093327,7.79545921208166,28.6664427260104,0.742392310345921,2.79102442338385,23.2187431774402,22.0975803119426,66.8508645783254,64.7500120936476,6.296739298692,18.3555754434403,25.3912355106225,4.6216704270173,40.1438804401724,22.7182343261811,8.18760759898543,5.27364519410866,13.8283756431508,35.8738988954552,17.449980624828,37.5756931975341,22.6190645752324,11.1886028588719,10.702610439155,13.4464947887201,16.3389809674385,3.21068173937167,15.8352576284922,321.60479260856,24.9193273234937,8.1378855265401,20.8936232638264,31.4720540785518,0,5.39170470234971,27.7131835702785,410.381828322691,21.2618866462893,0,9.89483751231176,20.3256619077421,489.603547716211,25.7775379836259,3.24005310098158,53.0977397666885,30.970276919254,362.447151984826,16.7159305337465,8.49508218114884,24.2085763224158,6.63254702804762,31.4461900147261,13.8761947034798,"CH vs. BH","BH"
"LOC111110854",8.83463444407041,1.76806836464341,1.65380237480083,0.000226128988045671,0.02562481616121,3.77734039441266,0,4.75022595911,6.12294826949346,3.46842837047879,4.64976885481331,1.30934365577222,82.5452798198618,17.6519401312955,4.98978726345758,13.1138016152008,13.7921750033578,3.14453445489735,4.46868104374725,1.32575468271965,0,1.07276302371494,2.2539464716278,8.81007434120036,6.39280328359593,12.9632689529036,2.863628263136,19.0719137444441,4.7319567712949,0,1.78397456206291,0,6.27005044714986,4.05743938968086,1.09092795971432,8.34638659682796,14.7535106478754,0,16.7132113816645,9.00989337264211,2.59937507086638,7.53797738463791,2.1056993584784,18.3286263436125,0.842916047393067,23.5608174767661,7.48494789081661,3.89772960604083,4.64861233394763,0,5.58204884676769,37.3518911984907,6.97818325640292,7.19932387766582,4.77105352268982,2.098913099564,3.23921919590123,9.23317654931729,5.54600451242075,1.91161335429392,1.97549863705923,6.55008607918834,0,78.7153690456277,9.69564835012302,5.45311894525876,5.01009242633788,0,5.08572857221448,3.89185834151091,10.5651030482801,10.5036306219247,4.28090898582889,11.6125222608942,8.51933225453138,12.4596636617468,1.35631425442335,0,14.3872247216237,0,10.7834094046994,8.86821874248914,16.2126154399088,3.54364777438155,14.7360353588303,7.91587000984941,18.2930957169679,2.00246849781681,16.5712744180452,6.48010620196316,8.16888304102899,4.95524430708064,6.05761256799152,6.50063965201253,1.06188527264361,49.569941993518,6.63254702804762,5.42175689909071,6.4043975554522,"CH vs. BH","BH"
"LOC144624203",151.48668819524,-6.31455385443352,1.31130563367558,5.14240275875091e-08,5.67794727462654e-05,28.330052958095,60.1575382831857,4.75022595911,103.215413685747,11.561427901596,2127.26925107709,14.4027802134944,0,15.4454476148835,1.99591490538303,59.5164842536037,4.24374615487931,0,0,6.62877341359823,1588.92923603011,2.14552604742987,26.296042168991,4.40503717060018,3.6530304477691,2050.97433790583,7.15907065784001,7.41685534506158,73.8185256322005,3.32892507379116,44.5993640515728,1813.42163892597,164.066320033755,5.07179923710107,4.3637118388573,0,31.7767921646546,18.569395072759,138.16254742176,46.0505661268374,3.46583342782184,17.3373479846672,1994.09729247905,3.23446347240221,45.5174665592256,99.3651867498397,38.4940177241997,8.76989161359186,6.97291850092145,3.7119615517296,15.8158050658418,26.2472748962367,141.889726213526,23.6549213123305,17.0394768667494,133.280981822314,0,4.61658827465864,77.6440631738906,19.1161335429392,0,167.027195019303,1.75788173136955,82.9702538589049,27.1478153803444,39.2624564058631,7.51513863950682,0.904762583009296,11.1886028588719,12.6485396099104,24.0115978370002,4.66828027641099,1.07022724645722,60.1739789882702,1.41988870908856,10.5427923291704,9.49419978096345,8.70567635992768,88.1217514199451,2.06993230972201,8.08755705352457,12.1938007709226,6.07973078996579,0,0,2243.15966404108,66.3971622319576,6.00740549345044,9.20626356558067,1.08001770032719,80.871942106187,2.47762215354032,9.08641885198728,6.50063965201253,10.6188527264361,4.61115739474586,4.42169801869841,47.7114607119982,8.53919674060293,"CH vs. BH","CH"
"LOC144624224",24.1124099485952,22.0834908078705,2.19198083665213,3.30964399301851e-24,3.56927972050121e-20,6.61034569022216,0,70.303344194828,0,20.8105702228728,0,0,0,62.8850367177401,2.99387235807455,0,119.88582887534,0,6.70302156562087,0,0,0,0,0.881007434120036,6.39280328359593,0,119.556479985928,5.29775381790113,1.89278270851796,0,0,0,13.585109302158,13.1866780164628,0,106.416429109556,0,0,47.9112059607715,0,64.1179184147041,12.0607638154207,0,90.5649772272619,0,31.7558844252065,0,0,12.3962995571937,0,0,0,0,0,0,91.302719831034,76.6615209696623,173.122060299699,15.7136794518588,101.315507777578,0,0,0,0,0,331.549631871733,12.5252310658447,50.6667046485206,6.10287428665738,92.431635610884,0,2.33414013820549,0,0,3.54972177272141,0,0,33.6619485917204,0,8.27972923888806,12.1313355802868,9.97674608530028,0,0,0,0,2.03256619077421,0,18.4125271311613,17.2802832052351,26.9573140353957,4.95524430708064,55.5281152065889,0,101.940986173786,31.1253124145346,0,1.08435137981814,169.716535219483,"CH vs. BH","BH"
"LOC111114760",140.192984408975,-19.5686362710021,2.9649124230888,1.59982221084196e-11,2.64964840019947e-08,0,11.0288820185841,22.801084603728,8.74706895641923,860.170235878741,10.46197992333,22.9135139760138,0,0,0,4.03501588160025,8.48749230975862,14.6744941228543,0,0,49.0904997260248,0,53.3433998285246,0,0,2.77784334705078,0,0,0,3436.56031784374,0,45.7821965492395,0,0,1.09092795971432,236.828719684993,0,0,1429.53668017837,44.0483675995836,149.030837396339,0,0,0,5.0574962843584,0,96.2350443104993,12.6676212196327,0,0,0,26.2472748962367,8.14121379913674,0,0,1245.70492459123,0,0,0,0,41.4854713782438,1640.79656283668,0,65.9507146057962,0,0,0,9.04762583009296,0,1.94592917075545,30.7348452313602,0,0,461.333838910071,0,105.427923291704,0,571.672747635251,0,15.1795036046281,6.73963087793714,1.10852734281114,0,5.31547166157232,0,0.989483751231176,4.06513238154843,0,0,1076.77764722621,0,0,0,0,0,544.116572580012,3.31627351402381,0,786.673499728045,"CH vs. BH","CH"
"LOC111117549",344.100821403846,-4.15331507408189,0.917497743876031,5.13070052766437e-07,0.000475862212539815,1014.2158958998,44.1155280743362,19.00090383644,439.102861612246,128.331849707715,51.1474574029464,209.494984923555,53.6544318829102,167.693431247307,39.9182981076607,52.4552064608032,545.321380901991,871.036044006566,116.185707137428,29.1666030198322,279.515294358386,86.8938049209097,197.595974012704,113.649959001485,15.5253794030187,218.523676634662,100.942896275544,31.7865229074068,162.779312932545,27.741042281593,247.37780593939,5041.62481511747,48.0703867614822,16.2297575587234,4395.34874968901,70.9442860730377,17.0232815167793,189.407829742142,99.1650541978759,12.0131911635228,141.23271218374,44.4740665693637,136.870458301096,3.23446347240221,37.931222132688,24.5852008453212,37.4247394540831,33.130701651347,20.1439867804397,157.387169793335,20.4675124381482,57.5421026571343,125.607298615253,41.1389935866618,3141.39795515391,104.9456549782,87.4589182893331,251.604060968896,213.521173728199,29.6300069915558,21.7304850076515,145.739415261941,274.229550093651,30.8479148962595,11.6347780201476,58.8936846087946,12.5252310658447,190.904905014961,267.509322898482,28.2159729759541,27.8534534909202,3938.86148322177,326.419310169453,222.74929064079,53.9557709453654,244.401094903496,15.5976139258685,240.276667534004,75.5329297885243,631.329354465215,21.5668188093988,21.0620195134117,45.5979809247435,2083.66489133635,57.8106002538729,1135.92734641339,314.370237506412,73.0901001703137,952.848279037599,16.2002655049079,65.351064328232,24.7762215354032,147.401905821127,76.1503502092896,44.5991814510314,345.83680460594,127.123818037579,82.4107048661788,27.7523894069595,"CH vs. BH","CH"
"LOC111116922",86.2665756677536,-3.07734128904249,3.09947141702555,0.000132850938671769,0.0209465558351098,0,134.351835499115,68.403253811184,10.4964827477031,69.3685674095759,9.29953770962662,434.04742188849,0,8.82597006564773,0,33.2888810232021,237.649784673241,375.247778284417,0,0,16.0295509309469,0,101.427591223251,0,8.21931850748048,0,0,1.05955076358023,1.89278270851796,442.747034814224,0,10.0497504620282,78.3756305893732,10.1435984742021,175.639401514006,257.694686177063,35.1814484680105,7.42775802910361,449.028279120719,81.089040353779,61.5185433438377,0,1.0528496792392,23.7193987976162,26.1303974691851,10.2438336855505,179.638749379599,105.238699363102,0,2.22717693103776,0,51.4850392195413,338.441887935542,2.05694967933309,7.49736982136972,1387.3815588118,38.8706303508147,11.5414706866466,18.4866817080692,2.86742003144088,49.3874659264807,103.163855747216,0,258.484252406588,0,839.780317569849,0,9.04762583009296,18.3086228599721,0,81.6394326458006,2.33414013820549,18.1938631897728,158.352576284922,0,215.648024914849,0,90.5390341432479,0,35.1888492652742,63.3525302526091,53.2093124549348,0,1.77182388719077,0,0,2.71008825436562,13.0160452358093,1.84125271311613,367.206018111246,1.6337766082058,0,0,0,0,139.487511191062,0,0,259.378100995814,"CH vs. BH","CH"
"LOC144624376",26.9027642426108,2.96790811421313,1.94265665745374,7.86590797099988e-05,0.0154565091630148,34.9403986483171,14.0367589327433,0,13.9953103302708,9.24914232127678,25.5737287014732,16.3667956971527,692.348534489091,8.82597006564773,33.9305533915116,11.0962936744007,3.18280961615948,14.6744941228543,4.46868104374725,10.6060374617572,14.0258570645785,3.21828907114481,6.7618394148834,29.9542527600812,0,0,17.181769578816,5.29775381790113,5.67834812555389,0,3.56794912412582,4.46655576090141,37.6203026828991,432.117295001011,8.72742367771459,8.34638659682796,15.8883960823273,14.8555160582072,8.91371273688773,23.0252830634187,4.3322917847773,0,2.1056993584784,23.7193987976162,21.9158172322197,24.5852008453212,35.2861829138498,0,14.7206057241675,3.7119615517296,11.1640976935354,4.03804229172873,2.32606108546764,6.17084903799927,7.49736982136972,4.197826199128,34.5516714229464,0,13.8650112810519,407.173644464605,23.7059836447107,3.27504303959417,6.15258605979344,6.38232721991576,3.87825934004921,2.18124757810351,20.0403697053515,5.42857549805577,1.0171457144429,3.89185834151091,22.0906700100402,2.33414013820549,4.28090898582889,7.38978689329634,0.709944354544282,27.7946343223583,1.35631425442335,8.70567635992768,1.79840309020296,15.8694810412021,10.7834094046994,1.10852734281114,10.132884649943,11.51685526674,0,4.94741875615588,6.77522063591404,19.0234507292597,21.1744062008355,6.48010620196316,28.5910906436015,17.3433550747823,0,13.9299421114554,0,10.3751041381782,37.5844331589365,6.50610827890885,0,"CH vs. BH","BH"
"LOC144625150",17.8362290465684,-2.38071955720826,2.79704492014509,0.000244841001579187,0.0265286369327879,0,0,0,54.2318275297992,53.1825683473415,5.81221106851664,5.89204645097498,0,9.9292163238537,0,1.00875397040006,44.5593346262327,2.0963563032649,2.23434052187362,0,63.1163567906034,0,93.1631208272824,0,6.39280328359593,0,0,0,9.46391354258981,37.7278175029664,13.677138309149,69.2316142939719,5.22504203929155,0,1.09092795971432,0,9.07908347561561,0.928469753637951,5.57107046055483,10.010992636269,0,0,98.967869848485,0,0,66.5849189560781,23.5241219425665,21.4375128332246,3.87384361162303,2.22717693103776,1.86068294892256,2.01902114586436,101.183657217842,0,8.17894889603969,2.098913099564,0,11.5414706866466,19.4110157934726,4.77903338573481,2.96324795558884,0,5.27364519410866,65.9507146057962,0,143.962340154831,0,102.23817188005,57.9773057232451,1.94592917075545,145.990514848961,0,1.07022724645722,2.11136768379895,53.2458265908211,0,2.7126285088467,5.80378423995179,0,8.96970667546206,10.7834094046994,1.10852734281114,0,7.0872955487631,0,0,12.8729192082367,0,42.3488124016711,85.3213983258483,21.2390959066754,13.6269218444718,2.01920418933051,6.50063965201253,0,0,0,2.16870275963628,0,"CH vs. BH","CH"
"LOC111101350",66.7206180677215,-4.00690617330799,1.6129616123923,1.62363956508485e-05,0.00579189701471115,1.88867019720633,34.0892716938053,9.50045191822,30.6147413474673,17.342141852394,3.48732664110998,10.4747492461777,0,46.3363428446506,8.98161707422365,35.3063889640022,337.377819312905,0,0,5.30301873087858,1.00184693318418,23.6007865217286,18.782887263565,12.3341040776805,16.438637014961,36.1119635116602,5.72725652627201,20.1314645080243,26.4989579192515,203.06442950126,10.7038473723775,1258.45208563397,1.04500840785831,0,44.7280463482873,172.144223559577,27.2372504268468,16.7124555654831,18.9416395658864,14.0153896907766,119.571253259854,27.8905163231603,6.31709807543521,14.0160083804096,0,2.0487667371101,11.7620609712833,7.79545921208166,75.1525660654867,2.96956924138368,29.770927182761,7.06657401052527,9.30424434187056,14.3986477553316,28.6263211361389,12.593478597384,12.9568767836049,24.2370884419579,14.7893453664553,4.77903338573481,23.7059836447107,6.55008607918834,8.78940865684777,52.1223389626454,2.9086945050369,9.81561410146577,12.5252310658447,4.52381291504648,49.8401400077019,51.5671230250195,5.76278348088004,1.16707006910275,6.42136347874334,57.0069274625718,15.6187757999742,40.2542979841052,10.1723569081751,29.5992996237541,18.8832324471311,4.82984205601803,25.6105973361611,92.0077694533248,5.06644232497149,1933.05986092514,51.009353165182,43.5372850541717,52.1691988965381,525.647980676914,16.5712744180452,5.40008850163597,8.98577134513189,2.47762215354032,102.979413655856,14.8586049188858,12.7426232717233,13.8334721842376,3.31627351402381,30.361838634908,25.6175902218088,"CH vs. BH","CH"
"LOC111099732",207.39791179259,-3.85965868776891,1.89801214916939,3.0746482786992e-05,0.00854000154086492,16.998031774857,0,111.155287443174,14.8700172259127,45.0895688162243,8.13709549592329,4.58270279520276,0,11.0324625820597,0.997957452691516,12.1050476448007,809.494579043228,0,22.3434052187362,2.65150936543929,17.0313978641311,9.65486721343441,43.5762984514708,5.28604460472022,9.13257611942276,29.6303290352083,5.72725652627201,38.1438274888881,47.319567712949,1343.77608812036,13.0824801217947,2491.22147564276,4.18003363143324,4.05743938968086,27.2731989928581,161.711240313542,15.8883960823273,5.57081852182771,20.0558536579974,2.0021985272538,10.3975002834655,159.05132281586,7.36994775467441,29.1101712516199,25.287481421792,3.07315010566514,33.1476263736164,7.79545921208166,103.044240069172,22.2717693103776,61.4025373144446,34.3233594796942,25.586671940144,24.6833961519971,4.77105352268982,6.296739298692,77.7412607016294,40.3951474032631,14.7893453664553,33.4532337001436,7.90199454823691,40.9380379949272,12.3051721195869,27.6567512863016,23.2695560402952,13.087485468621,25.0504621316894,1.80952516601859,90.5259685854177,2051.00934597625,38.4185565392003,103.869236150144,2.14045449291445,129.849112553636,11.3591096727085,9.58435666288218,88.8385836647295,4.06264896796625,0,24.8391877166642,47.17741614556,148.542663936693,14.1860385099202,6319.2098936659,11.3354118144849,13.8527725172365,25.068316352882,3612.45317006153,5.5237581393484,9.72015930294474,8.16888304102899,22.2985993818629,47.4512984492669,73.3643617869985,4.24754109057442,36.8892591579669,26.5301881121905,74.8202452074518,210.277719737347,"CH vs. BH","CH"
"LOC111136589",419.680628558788,-1.09662723927114,1.36810744185111,0.000547695986323842,0.0402786449938089,115.208882029586,129.338707308849,149.157095116054,2041.56589442825,1418.58720352583,132.518412362179,84.4526657973081,109.372495761317,327.664138687172,157.67727752526,111.971690714407,699.157179016366,138.359516015483,2.23434052187362,67.6134888187019,1815.34664292973,179.151424960394,1839.22032084828,59.0274980860424,222.834857313915,123.151055052585,52.9771228680161,264.887690895056,193.063836268832,44.3856676505487,122.499586594986,1886.00317004062,42.8453447221907,155.197056655293,17.4548473554292,147.105063769093,93.06060562506,49.2088969428114,111.421409211097,83.0912388810328,168.959379606315,33.9208982308706,2525.78638049484,84.0960502824575,42.1458023696533,2349.93544746528,137.936896845049,97.4432401510207,24.7925991143874,120.267554276039,79.079025329209,255.406174951842,2149.2804429721,89.4773110509894,25.218425762789,90.253263281252,37.7908906188476,64.632235845221,80.4170654301009,123.299061351958,38.5222234226549,63.8633392720864,171.393468808532,3516.66229817358,60.1130197707627,147.234211521987,76.4039095016527,2228.43024195189,176.983354313064,97.2964585377727,2293.58782539026,203.070192023878,32.1068173937167,111.902487241345,1007.41103909834,84.3423386333632,107.826983226656,1524.07374141134,54.8512942511903,84.8672246986026,124.009208154043,119.720953023603,64.8504617596351,93.0207540775157,740.202391485863,167.222753958069,113.823706683356,36.0444329607027,507.265122463495,2301.51771939725,136.420346785184,205.642638743847,173.651560282424,106.796222854492,88.1364776294192,14.9862615329241,144.810610112373,182.171031809448,281.793492439897,"CH vs. BH","CH"
"LOC144625332",60.5844283864311,-1.77992221385581,2.13303181889794,0.000406201944301054,0.0353530113896267,39.662074141333,26.0682665893805,0.950045191822,22.74237928669,47.4018543965435,56.9596684714631,36.006950533736,0,37.5103727790029,0,66.5777620464041,9.54842884847844,1.04817815163245,0,0,26.0480202627887,11.8003932608643,30.8039351122466,0,29.2242435821528,59.2606580704167,6.44316359205601,10.5955076358023,0,231.915113474117,5.94658187354303,16.7495841033803,88.8257146679563,5.07179923710107,10.9092795971432,0,118.028085183003,16.7124555654831,91.3655555530992,179.196768189215,1.73291671391092,3.76898869231896,72.6466278675049,8.62523592640589,52.2607949383701,26.6339675824312,34.2169046437331,1.94886480302041,40.2879735608795,46.0283232414471,348.878052922981,3.02853171879654,84.9012296195688,8.22779871733236,35.4421118828387,29.384783393896,0,0,13.8650112810519,43.0113004716132,76.0566975267802,24.5628227969563,36.9155163587606,17.0195392531087,2.9086945050369,752.530414445709,0,72.3810066407436,11.1886028588719,0,37.4580926257203,14.004840829233,26.7556811614306,27.4477798893864,0,857.799921327956,33.2296992333721,11.0271900559084,28.7744494432474,25.5291651532382,5.39170470234971,769.317975910932,24.3189231598632,17.7182388719077,2.26708236289698,79.1587000984941,55.5568092144952,1.00123424890841,8.2856372090226,60.4809912183228,156.842554387757,9.91048861416129,2.01920418933051,299.958086800007,2.12377054528721,3.4583680460594,1.1054245046746,2.16870275963628,0,"CH vs. BH","CH"
"LOC144625452",570.947073356018,-3.13061108609376,1.81786011984941,5.56229968607537e-05,0.0119419484093546,159.592631663935,43.1129024362831,28.50135575466,156.572534319904,35.8404264949475,75.5587438907163,136.171740200311,37.1453759189378,39.7168652954148,96.8018729110771,199.733286139212,493.33549050472,54.5052638848874,4.46868104374725,45.0756592124679,119.219785048917,82.60275282605,111.194692600305,30.8352601942013,198.176901791474,25.000590123457,34.363539157632,130.324743920368,447.643110564498,57.7013679457134,136.77138309149,59.1818638319437,126.446017350855,57.8185113029522,126.547643326862,175.274118533387,119.162970617455,36.2103203918801,6663.00027082358,655.72001767562,207.083547312355,233.677298923775,87.3865233768537,48.5169520860332,72.4907800758037,85.023819590069,79.1265919886328,1541.55205918915,1347.32280812249,36.3772232069501,5552.27791958493,97.9225255744216,88.3903212477703,576.974385052932,3.40789537334987,74.511415034522,17.2758357114732,35.7785591286045,73.9467268322767,298.211683269852,65.1914550229545,26.2003443167534,14.0630538509564,34.0390785062174,288.930320833666,556.218132416394,33.8181238777807,58.8095678956042,10312.8403987365,280.213800588785,12081.675567665,4.66828027641099,173.37681392607,104.512700348048,136.309316072502,58.4645756435813,208.194238053984,109.111143711094,61.1457050669007,49.6783754333284,110.529946398169,5359.72970249187,79.0365002695553,223.249809786038,137.158482955267,10.8843212635429,73.1723828678717,149.183903087353,240.283479061655,90.7214868274843,40.0275269010421,37.1643323031048,200.910816838385,216.378434131274,101.940986173786,79.5424650593661,43.1115556823095,96.5072728038146,165.446936849182,"CH vs. BH","CH"
"LOC144625721",10.0147071276169,-2.37765504865859,2.14724501990944,0.000190846315962073,0.0238148932652855,4.72167549301583,13.0341332946902,2.850135575466,3.49882758256769,1.1561427901596,6.97465328221997,10.4747492461777,0,25.3746639387372,0,4.03501588160025,22.2796673131164,11.5299596679569,0,0,8.01477546547344,2.14552604742987,8.2644703959686,1.76201486824007,18.2651522388455,1.85189556470052,1.431814131568,3.17865229074068,7.57113083407185,45.4953093418125,48.1673131756986,101.614143560507,4.18003363143324,2.02871969484043,5.45463979857162,3.12989497381048,1.13488543445195,2.78540926091385,14.4847831974426,2.0021985272538,9.53104192651007,10.5531683384931,18.9512942263056,2.15630898160147,3.37166418957227,1.02438336855505,39.5632959943164,11.6931888181225,0,2.22717693103776,0,0,3.48909162820146,0,0,11.544022047602,0,12.6956177553113,4.6216704270173,3.82322670858784,2.96324795558884,21.2877797573621,8.78940865684777,1.06372120331929,1.9391296700246,0,0,12.6666761621301,23.3943514321866,129.404289855238,20.1697421830802,0,5.35113623228612,1.05568384189948,0,6.70904966401753,7.45972839932843,4.64302739196143,0,2.75990974629602,0,6.65116405686685,0,54.0406285593186,6.80124708869093,10.8843212635429,9.48530889027966,29.0357932183438,7.36501085246453,8.64014160261755,0,2.47762215354032,5.04801047332626,0,9.55696745379245,4.61115739474586,3.31627351402381,4.33740551927257,5.33699796287683,"CH vs. BH","CH"
"LOC111125742",23.9246865956995,-2.14566815598155,2.13042721108465,0.000249255875833997,0.0268813767114553,0,0,9.50045191822,15.7447241215546,21.9667130130324,4.64976885481331,0.654671827886109,0,12.1357088402656,13.9714043376812,32.280127052802,0,3.14453445489735,4.46868104374725,1.32575468271965,45.0831119932881,70.8023595651857,4.5078929432556,0.881007434120036,0,35.1860157293099,0,2.11910152716045,236.597838564745,25.5217588990655,28.5435929930066,2.2332778804507,1.04500840785831,0,19.6367032748578,55.2948112039852,2.2697708689039,11.1416370436554,7.79949864477676,16.0175882180304,6.93166685564369,16.5835502462034,48.4310852450033,44.2043341228302,0.842916047393067,28.6827343195413,2.13855654023332,50.6704848785308,0.774768722324605,0.742392310345921,96.7555133439733,33.313848906762,6.97818325640292,24.6833961519971,44.3026398535483,56.670653688228,0,2.30829413732932,0,0.955806677146961,0,90.0636835888397,2.63682259705433,0,3.87825934004921,0,5.01009242633788,22.6190645752324,86.4573857276462,9.72964585377727,13.4464947887201,3.50121020730824,72.7754527590912,2.11136768379895,3.54972177272141,3.83374266515287,35.9423277422188,16.250595871865,76.4321313336258,31.7389620824042,0,28.8217109130897,54.7175771096921,20.3759747026939,12.4689529959334,29.6845125369353,16.2605295261937,16.0197479825345,88.3801302295744,10.8001770032719,8.98577134513189,106.537752602234,36.3456754079491,91.9376179356058,5.30942636321803,34.583680460594,5.52712252337301,29.2774872550898,22.4153914440827,"CH vs. BH","CH"
"LOC111125477",226.160825143067,-4.67850349242986,1.05019987813888,5.47174124933346e-07,0.000487974093647288,49.1054251273646,35.0918973318583,118.75564897775,50.7329999472316,63.5878534587779,32.5483819836932,24.8775294596721,0,61.7817904595341,16.9652766957558,6.05252382240037,888.003882908495,44.0234823685629,31.2807673062307,0,18.0332447973152,43.9832839723123,62.3591857150358,16.7391412482807,42.0098501493447,6.48163447645182,40.8067027496881,45.5606828339497,92.7463527173801,139.814853099229,17.2450874332748,4722.26607821302,14.6301177100163,31.4451552700266,36.0006226705727,197.183383350061,53.3396154192417,18.569395072759,67.9670596187689,21.0230845361649,34.6583342782184,159.805120554324,0,51.7514155584354,25.287481421792,14.3413671597707,41.7018525345497,48.7216200755104,46.4861233394763,17.8174154483021,26.0495612849159,48.4565075007447,53.4994049657557,99.7620594476549,21.8105303894392,24.137500644986,21.5947946393415,88.8693242871789,31.4273589037176,21.0277468972331,33.5834768300069,86.7886405492456,47.462806746978,80.8428114522663,60.1130197707627,34.8999612496561,101.454371633342,16.2857264941673,90.5259685854177,2073.38753143994,96.0463913480007,31.5108918657742,22.4747721756017,97.1229134547519,24.1381080545056,43.1296049829698,78.6662267565543,47.5910307676047,39.5648679844651,26.9091200263862,57.9608255502594,385.767515298277,12.1594615799316,6178.34989463423,45.3416472579395,15.8317400196988,75.8824711222373,2687.31272407017,20.2537798442775,12.9602124039263,18.7884309943667,83.0003421436008,123.171455549161,39.0038379120752,42.4754109057442,53.0283100395774,54.1658007290555,84.5794076258151,148.368543367976,"CH vs. BH","CH"
"LOC111135615",36.2815020233779,-3.14661277368474,2.33267884876947,9.85602926733295e-05,0.0182825400497319,13.2206913804443,0,5.700271150932,6.99765516513539,24.2789985933516,5.81221106851664,0,0,0,3.99182981076607,12.1050476448007,114.581146181741,7.33724706142715,0,0,21.0387855968678,0,42.8249829609282,6.16705203884025,25.5712131343837,0,0,10.5955076358023,10.4103048968488,125.3895111128,0,683.383031417916,1.04500840785831,8.11487877936172,0,10.4329832460349,0,1.8569395072759,11.1421409211097,48.0527646540912,6.93166685564369,6.03038190771033,8.42279743391361,10.7815449080074,10.1149925687168,17.4145172654358,2.13855654023332,0.974432401510207,3.87384361162303,1.48478462069184,16.7461465403031,2.01902114586436,18.6084886837411,0,0,1.049456549782,0,5.77073534332331,53.6113769534006,21.9835535743801,0,0,3.51576346273911,25.529308879663,0,2.18124757810351,5.01009242633788,12.6666761621301,10.171457144429,185.836235807146,10.5651030482801,3.50121020730824,13.9129542039439,10.5568384189948,7.8093878999871,38.3374266515287,5.4252570176934,13.9290821758843,0,4.82984205601803,21.5668188093988,23.279074199034,39.5182501347777,890.341503313364,4.53416472579395,0.989483751231176,4.06513238154843,525.647980676914,3.68250542623227,20.5203363062167,16.337766082058,7.43286646062097,15.1440314199788,23.216570185759,15.9282790896541,18.4446295789834,11.054245046746,18.4339734569084,8.53919674060293,"CH vs. BH","CH"
"LOC111102674",374.001109049963,1.01257786087286,1.02664855850061,0.000261935218224648,0.0273580716440311,182.256674030411,46.1207793504424,303.064416191218,368.25160306525,123.707278547077,90.6704926688596,129.62502192145,73.2589358401274,122.460334660862,264.458724963252,396.440310367225,70.0218115555086,296.634416911983,4184.9197974693,475.945931096353,91.1680709197604,822.809239189355,133.734157316583,1539.1199874077,276.71705641851,213.89393772291,524.759879219673,374.02141954382,291.488537111766,468.268793713289,212.887631072841,117.247088723662,229.901849728828,851.04791198556,547.645835776591,164.841135287352,246.270139276073,117.91565871202,155.989972895535,122.134110162482,116.971878188987,118.346244938815,115.813464716312,48.5169520860332,279.848127734498,189.510923182684,51.3253569655996,985.151157926819,98.3956277352248,299.184101069406,137.69053822027,206.949667451097,81.4121379913674,393.905863592287,297.168476556109,59.819023337574,364.952029404871,392.410003345985,686.78022545477,305.858136687028,111.615672993846,1308.37969431787,152.935710629151,79.779090248947,314.139006543986,91.6123982803472,181.615850454748,218.95254508825,489.247088647033,297.727163125584,269.890359687882,660.561659112155,336.051355387568,598.572738357003,184.585532181513,140.890042944368,133.5969540607,294.251860965556,71.0369220630169,198.713501733313,218.364040445163,155.19382799356,249.268962388598,659.118486034968,451.149390216498,225.602295280708,156.507596689614,486.599844969486,1019.13337670978,327.24536319914,569.371147959721,930.347118654391,76.7297591945592,443.900821951713,374.845501243193,1737.2535484705,481.965084038127,326.389765325261,273.254295699294,"CH vs. BH","BH"
"LOC111106037",21.0777004853333,-1.38169773069025,2.21347696643134,0.000716206382447878,0.0446416058866101,1.88867019720633,6.01575382831857,17.100813452796,3.49882758256769,0,20.9239598466599,4.58270279520276,0,71.7110067833878,0,19.1663254376012,0,1.04817815163245,0,0,24.0443263964203,9.65486721343441,3.0052619621704,4.40503717060018,4.56628805971138,0,1.431814131568,0,0,0,0,343.924793589409,97.1857819308228,0,0,4.17319329841398,77.1722095427327,22.2832740873108,98.050840105765,131.144003535124,6.93166685564369,10.5531683384931,18.9512942263056,7.54708143560516,11.8008246635029,85.023819590069,111.204940092133,22.4119452347348,15.4953744464921,2.96956924138368,0,2.01902114586436,2.32606108546764,4.11389935866618,1.36315814933995,0,0,23.0829413732932,0,1.91161335429392,150.137896416501,19.650258237565,74.7099735832061,2.12744240663859,0,0,0,86.8572079688924,0,1.94592917075545,17.2883504426401,2.33414013820549,0,0,11.3591096727085,0,114.608554498773,0,13.4880231765222,0.689977436574005,2.69585235117486,5.54263671405571,0,14.1745910975262,0,0,56.911853341678,10.0123424890841,0,6.48010620196316,27.7742023394986,2.47762215354032,16.153633514644,0.928662807430361,14.8663938170105,6.91673609211879,24.3193391028413,2.16870275963628,0,"CH vs. BH","CH"
"LOC111131377",305.151688390251,-1.21809243625309,1.75402405265767,0.000758380860542619,0.0462752026668466,25.4970476622855,24.0630153132743,54.152575933854,1608.5859810855,1255.57107011332,9.29953770962662,47.1363716077999,21.6681359527137,540.590666520923,24.9489363172879,6.05252382240037,2.12187307743965,60.7943327946821,46.9211509593461,43.7499045297483,1470.71129791438,13.9459193082942,1997.74788935277,66.9565649931227,34.7037892538065,684.275411156843,21.47721197352,4.2382030543209,123.977267407926,26.6314005903292,10.7038473723775,42.4322797285634,54.3404372086321,47.6749128287501,19.6367032748578,28.1690547642944,46.53030281253,23.2117438409488,2119.23520319506,28.0307793815532,175.024588105003,12.0607638154207,2318.37499368472,76.5489688468523,6.74332837914453,5.12191684277524,11.7620609712833,37.0284312573879,725.958292818155,1302.89850465709,38.1440004529126,32.3043383338298,1199.08448955857,50.3952671436607,17.7210559414193,6.296739298692,125.249808908181,385.485120933997,1550.1082612216,21.9835535743801,42.4732206967734,4.91256455939126,16.6998764480108,28.7204724896209,26.1782505453321,16.3593568357763,12.5252310658447,7.23810066407436,51.8744314365877,37.9456188297313,1237.07752056225,92.198535459117,32.1068173937167,1012.4008043816,7.09944354544282,1123.28660088979,11.5286711625985,1196.15993185406,17.0848293569281,47.6084431236063,6.73963087793714,63.1860585402351,505.630944032155,1010.82552764234,17.0031177217273,1599.00574198958,23.0357501621077,165.203651069887,66.2850976721808,1222.58003677038,1.6337766082058,28.4926547657137,57.5473193959194,34.3605238749234,41.4135256331006,10.3751041381782,42.0061311776349,18.4339734569084,14.9435942960551,"CH vs. BH","CH"
"LOC144625842",25.5582198621968,2.57267539274679,2.02114668136347,0.00013309681461816,0.0209465558351098,4.72167549301583,3.00787691415929,134.906417238724,1.74941379128385,1.1561427901596,6.97465328221997,3.92803096731665,68.099855851386,2.20649251641193,9.97957452691517,8.0700317632005,14.8531115420776,20.963563032649,2.23434052187362,19.8863202407947,6.01108159910508,23.6007865217286,3.0052619621704,1.76201486824007,7.30606089553821,16.6670600823047,11.454513052544,8.47640610864181,301.898842008615,21.0831921340107,0,0,8.36006726286648,20.2871969484043,0,29.2123530888979,14.7535106478754,7.42775802910361,6.68528455266579,15.0164889544035,1.73291671391092,6.03038190771033,0,2.15630898160147,32.8737258483296,7.17068357988534,400.979351293747,3.89772960604083,65.8553413975914,2.22717693103776,2.79102442338385,0,60.4775882221586,10.2847483966655,17.0394768667494,3.148369649346,4.3189589278683,5.77073534332331,5.54600451242075,12.4254868029105,0.987749318529613,11.4626506385796,2.63682259705433,0,10.6652131851353,10.9062378905175,5.01009242633788,3.61905033203718,4.06858285777158,4.86482292688863,27.8534534909202,28.0096816584659,4.28090898582889,3.16705152569843,9.93922096361994,6.70904966401753,3.39078563605838,1.74113527198554,10.7904185412178,51.7483077430504,2.69585235117486,57.6434218261794,24.3189231598632,186.041508155031,11.3354118144849,11.8738050147741,0.677522063591404,304.375211668156,10.1268899221387,9.72015930294474,65.351064328232,26.0150326121734,12.115225135983,10.215290881734,4.24754109057442,6.91673609211879,2.21084900934921,0,4.26959837030146,"CH vs. BH","BH"
"LOC111100849",375.28464142118,-4.36040175289944,1.3010228786906,4.59233709908855e-06,0.00231483739818622,42.4950794371425,51.1339075407079,205.209761433552,22.74237928669,119.082707386439,233.650884954369,145.991817618602,27.8590319392034,9.9292163238537,101.791660174535,18.1575714672011,1278.42852915739,30.397166397341,29.0464267843571,9.28028277903752,144.265958378522,60.0747293280364,106.686799657049,29.9542527600812,18.2651522388455,27.7784334705078,37.9430744865521,48.7393351246904,157.100964806991,3304.51295658335,11.8931637470861,5557.51200550158,20.9001681571662,20.2871969484043,36.0006226705727,439.228594658071,82.8466367149924,64.9928827546566,92.4797696452102,20.021985272538,32.058959207352,120.607638154207,178.984445470664,88.4086682456604,16.8583209478613,32.7802677937615,8.55422616093327,31.1818368483266,196.79125547045,74.981623344938,37.2136589784513,20.1902114586436,54.6624355084895,44.2244181056614,54.5263259735979,7.346195848474,58.3059455262221,83.0985889438556,15.7136794518588,25.8067802829679,40.4977220597141,188.314974776665,143.267361106619,34.0390785062174,60.1130197707627,37.0812088277596,111.474556486018,30.761927822316,295.989402902883,4786.98576005842,94.1254635210407,64.1888538006511,35.3174991330884,206.914033012297,7.09944354544282,11.5012279954586,86.8041122830944,52.2340581595661,16.1856278118266,80.7273600791586,125.357134329631,301.519437244631,13.1727500449259,10924.1801764747,57.8106002538729,91.0325051132682,52.8467209601295,2303.84000673825,15.6506480614871,37.8006195114518,36.7599736846305,13.6269218444718,211.006837785038,13.9299421114554,52.0323783595367,111.820566822587,75.168866317873,171.327518011266,495.27341095497,"CH vs. BH","CH"
"LOC111130942",40.7856930746094,-1.44697096497607,2.34665105067606,0.000648439884353268,0.0430819632364064,3.77734039441266,20.0525127610619,2.850135575466,0,57.8071395079799,39.5230352659131,3.92803096731665,0,9.9292163238537,0,2.01750794080012,186.72483081469,0,0,10.6060374617572,0,0,12.7723633392242,0,0,0,0,2.11910152716045,2.83917406277694,57.7013679457134,4.16260731148012,1046.29068699116,42.8453447221907,5.07179923710107,0,34.4288447119153,4.5395417378078,31.5679716236904,16.7132113816645,11.0120918998959,0,7.53797738463791,0,10.7815449080074,16.0154049004683,23.5608174767661,25.6626784827998,12.6676212196327,0,0,0,4.03804229172873,16.2824275982735,1.02847483966655,1.36315814933995,6.296739298692,20.5150549073744,0,0,0,0,78.6010329502601,28.1261077019129,40.4214057261331,5.81738901007381,1.09062378905175,0,66.0476685596786,8.13716571554317,201.403669173189,3.84185565392003,0,0,10.5568384189948,1.41988870908856,0,18.3102424347152,0,0,0,5.39170470234971,35.4728749699565,0,1108.27584143783,2.26708236289698,0,39.2962796883015,336.414707633225,5.5237581393484,2.16003540065439,0,0,34.3264712186186,0,0,6.91673609211879,9.94882054207142,15.180919317454,13.8761947034798,"CH vs. BH","CH"
"LOC111132676",532.444355957601,1.08346772805441,1.38349530741196,0.00058880687026572,0.0413717118207614,642.147867050153,178.467363573451,223.26062007817,66.4777240687862,2320.37857985031,132.518412362179,271.034136744849,5350.99776432254,65.091529234152,738.488514991722,44.3851746976027,36.0718423164741,1221.1275466518,42.4524699155988,1141.47478182161,20.0369386636836,61.1474923517513,230.653855596578,105.720892094404,80.3666698509203,1653.74273927757,660.782221718633,34.9651751981475,239.437012627522,286.287556346039,38.0581239906754,75.931447935324,416.958354735465,372.270064003219,37.091550630287,54.2515128793817,46.53030281253,142.984342060245,69.0812737108799,94.1033307809287,629.91522550662,431.172306401289,11.5813464716312,2509.94365458412,5571.67507326817,43.024101479312,104.789270471433,18.5142156286939,1459.66427285956,233.111185448619,430.748102675574,121.141268751862,518.711622059284,250.947860878637,450.523768356853,1446.1511255996,1210.38823953509,260.837237518213,435.361354225029,3286.06335603125,519.556141546577,75.325989910666,238.192974600575,167.004228921129,156.099938436981,1752.63242900617,541.089982044491,94.0953086329667,55.9430142943593,87.5668126839954,37.4580926257203,344.28567038531,585.414303812101,6.33410305139686,116.430874145262,148.557528274674,233.964208888028,760.876113857679,182.537913655601,110.396389851841,66.048382603784,254.961288846563,378.969885907868,157.692325959979,623.447649796669,691.649142110592,243.907942892906,440.543069519699,660.089097652134,125.282053237954,1592.93219300065,465.792964865581,53.5089110172584,199.662503597528,503.333619233069,18.4446295789834,464.278291963333,134.45957109745,141.964145812524,"CH vs. BH","BH"
"LOC111133647",43.1376857666819,-1.18138054065207,1.64932557466823,0.000724986407934598,0.0448273595754121,139.761594593269,2.00525127610619,0.950045191822,2.62412068692577,3.46842837047879,102.294914805893,15.7121238692666,6.19089598648964,104.808394529567,182.626213842548,6.05252382240037,1.06093653871983,2.0963563032649,6.70302156562087,9.28028277903752,114.210550382997,6.43657814228961,0,7.04805947296029,158.906824477956,90.7428826703255,12.886327184112,0,1.89278270851796,14.4253419864283,3.56794912412582,240.077372148451,136.896101429439,12.1723181690426,1.09092795971432,14.6061765444489,70.362896936021,69.6352315228464,16.7132113816645,65.0714521357486,9.53104192651007,36.9360891847258,195.830040338492,7.54708143560516,99.4640935923819,118.828470752386,6.41566962069995,1.94886480302041,22.4682929474135,154.417600551951,21.3978539126095,12.1141268751862,93.0424434187056,2.05694967933309,21.8105303894392,0,5.39869865983538,6.92488241198797,12.016343110245,5.73484006288177,430.658702878911,16.3752151979709,150.298888032097,0,10.6652131851353,38.1718326168113,10.0201848526758,64.23814339366,5.08572857221448,0.972964585377727,177.685823993801,0,20.3343176826872,2.11136768379895,33.3673846635812,1.91687133257644,26.4481279612553,82.4137362073154,47.6576818903785,10.3496615486101,2.69585235117486,31.038765598712,1.0132884649943,12.4027672103354,44.208106076491,40.5688338004782,99.5957433479364,4.00493699563363,46.0313178279033,14.0402301042535,26.1404257312928,17.3433550747823,35.3360733132839,30.6458726452019,19.1139349075849,23.0557869737293,5.52712252337301,4.33740551927257,12.8087951109044,"CH vs. BH","CH"
"LOC144626844",12.7595631770368,5.20723517054005,1.99380981142298,8.98392735034569e-06,0.0037874604267721,39.662074141333,23.0603896752212,15.200723069152,8.74706895641923,2.3122855803192,36.0357086248032,0,82.5452798198618,20.9616789059134,9.97957452691517,2.01750794080012,32.8890327003146,4.1927126065298,51.3898320030933,132.575468271965,0,15.0186823320091,29.3013041311614,5.28604460472022,0,0,11.454513052544,19.0719137444441,3.78556541703592,18.8639087514832,0,0,1.04500840785831,1.01435984742021,3.27278387914297,0,13.6186252134234,0,18.9416395658864,2.0021985272538,12.9968753543319,1.50759547692758,0,0,26.9733135165781,8.19506694844038,21.3855654023332,28.258539643796,0,0,0,6.05706343759309,0,4.11389935866618,25.218425762789,6.296739298692,0,50.7824710212451,6.47033859782421,0,0,37.662994955333,0,11.7009332365122,1.9391296700246,15.2687330467245,17.5353234921826,0,24.4114971466295,1.94592917075545,15.3674226156801,23.3414013820549,1.07022724645722,6.33410305139686,1.41988870908856,12.4596636617468,17.6320853075036,0,1.79840309020296,31.7389620824042,9.43548322911199,0,0,17.7182388719077,0,0,0,4.00493699563363,4.60313178279033,21.6003540065439,58.8159578954088,11.1492996909314,3.02880628399576,23.216570185759,0,18.4446295789834,0,3.25305413945443,0,"CH vs. BH","BH"
"LOC111137698",89.1943543222634,-1.28853611010071,1.69846423983969,0.000610352496666976,0.0419013483128825,34.9403986483171,2.00525127610619,135.856462430546,22.74237928669,21.9667130130324,9.29953770962662,7.2013901067472,35.0817439234413,8.82597006564773,0,20.1750794080012,384.059027016577,4.1927126065298,11.1717026093681,13.2575468271965,35.0646426614463,43.9832839723123,25.5447266784484,22.9061932871209,9.13257611942276,5.55568669410156,2.863628263136,23.310116798765,55.8370899012799,380.607100103455,7.13589824825164,1563.29451631549,2.09001681571662,7.1005189319415,15.2729914360005,215.962753192923,15.8883960823273,5.57081852182771,12.2563550132206,19.0208860089111,29.4595841364857,55.7810326463206,16.8455948678272,30.1883257424206,3.37166418957227,46.0972515849772,10.6927827011666,10.7187564166123,34.0898237822826,1.48478462069184,1.86068294892256,19.1807008857114,9.30424434187056,16.4555974346647,11.5868442693896,12.593478597384,15.1163562475391,34.6244120599398,8.31900676863113,12.4254868029105,0,134.276764623361,3.51576346273911,67.0144358091155,13.5739076901722,2.18124757810351,43.8383087304565,6.33333808106507,52.8915771510306,542.914238640772,17.2883504426401,16.3389809674385,6.42136347874334,76.0092366167623,5.67955483635425,5.75061399772931,65.1030842123208,18.5721095678457,6.29441081571036,8.27972923888806,31.0023020385108,129.697699108904,2.0265769299886,1920.6570937148,20.4037412660728,11.8738050147741,10.8403530174625,1115.37495328397,5.5237581393484,25.9204248078526,24.506649123087,11.1492996909314,133.267476495813,13.0012793040251,5.30942636321803,31.1253124145346,39.7952821682857,98.6759755634509,102.470360887235,"CH vs. BH","CH"
"LOC111137304",47.1948642177588,-1.85441454395615,2.16992040772307,0.000376044650221463,0.0341873435069904,1.88867019720633,6.01575382831857,15.200723069152,3.49882758256769,26.5912841736708,30.2234975562865,1.96401548365833,0,6.6194775492358,13.9714043376812,1.00875397040006,270.538817373556,1.04817815163245,0,6.62877341359823,10.0184693318418,12.8731562845792,41.322351979843,0,1.82651522388455,4.6297389117513,0.715907065784001,18.0123629808638,22.7133925022155,142.034136481756,3.56794912412582,748.148089950986,7.31505885500817,0,4.3637118388573,16.6927731936559,4.5395417378078,3.71387901455181,0,0,3.46583342782184,16.5835502462034,2.1056993584784,0,5.0574962843584,2.0487667371101,0,9.74432401510207,15.4953744464921,2.96956924138368,0,22.209232604508,16.2824275982735,5.14237419833273,15.6763187174094,4.197826199128,0,20.7746472359639,1.84866817080692,14.3371001572044,17.779487733533,26.2003443167534,18.4577581793803,23.4018664730244,5.81738901007381,11.9968616795693,17.5353234921826,0,11.1886028588719,306.483844393984,15.3674226156801,3.50121020730824,0,35.8932506245822,0,0,4.06894276327005,3.48227054397107,4.4960077255074,0.689977436574005,29.6543758629234,24.3876015418451,18.2391923698974,1754.10564831887,13.6024941773819,8.90535376108059,4.06513238154843,392.483825572096,8.2856372090226,9.72015930294474,4.9013298246174,3.71643323031048,18.1728377039746,4.64331403715181,0,2.30557869737293,2.21084900934921,6.50610827890885,38.4263853327132,"CH vs. BH","CH"
"LOC111137067",14.0368670640306,1.47678487606974,1.85561001062905,0.000512178015359527,0.0393240782852362,66.1034569022216,1.0026256380531,0,1.74941379128385,9.24914232127678,4.64976885481331,13.0934365577222,0,1.10324625820597,13.9714043376812,2.01750794080012,7.42655577103879,13.6263159712218,118.420047659302,13.2575468271965,11.020316265026,2.14552604742987,1.5026309810852,0.881007434120036,12.7856065671919,2.77784334705078,2.863628263136,46.6202335975299,62.4618293810927,31.0699673553841,4.75726549883443,2.2332778804507,29.2602354200327,125.780621080107,0,2.08659664920699,22.697708689039,2.78540926091385,4.45685636844386,6.00659558176141,1.73291671391092,1.50759547692758,1.0528496792392,33.4227892148228,0.842916047393067,0,8.55422616093327,46.7727552724899,14.7206057241675,1.48478462069184,0,7.06657401052527,0,20.5694967933309,0,8.395652398256,0,6.92488241198797,5.54600451242075,5.73484006288177,2.96324795558884,4.91256455939126,2.63682259705433,0,21.3304263702706,8.72499031241402,7.51513863950682,10.8571509961115,8.13716571554317,18.4863271221768,3.84185565392003,0,8.56181797165778,0,9.22927660907566,13.4180993280351,4.74709989048173,7.54491951193732,23.3792401726385,138.685464751375,14.8271879314617,8.86821874248914,16.2126154399088,21.2618866462893,0,1.97896750246235,0,32.039495965069,7.36501085246453,10.8001770032719,12.2533245615435,49.5524430708064,14.1344293253135,10.215290881734,0,0,9.94882054207142,10.8435137981814,0,"CH vs. BH","BH"
"LOC144626878",144.068473405587,-1.88461942349484,2.71187282330413,0.000384359271988399,0.0341873435069904,0,588.541249537167,209.959987392662,27.9906206605415,194.231988746812,0,106.05683611755,0,0,5.9877447161491,3.02626191120019,140.043623111017,106.91417146651,0,0,649.196812703349,4.29105209485974,325.319607404946,1.76201486824007,6.39280328359593,0,0,0,0,420.554200988949,0,93.7976709789296,8.36006726286648,2.02871969484043,236.731367258008,428.795611412036,2.2697708689039,0,939.282479649544,205.225349043515,45.055834561684,1.50759547692758,4.21139871695681,6.46892694480442,3.37166418957227,15.3657505283257,672.576031903379,61.3892412951431,4.64861233394763,0,0,40.3804229172873,5163.85560973816,4.11389935866618,0.681579074669974,287.551094640268,0,6.92488241198797,0,0,159.027640283268,286.56626596449,5.27364519410866,105.30839912861,0,0,7.51513863950682,3.61905033203718,0,1.94592917075545,58.5882987222804,3.50121020730824,0,221.69360679889,2.83977741817713,117.887586953451,4.74709989048173,51.6536797355709,2.69760463530444,0.689977436574005,62.0046040770217,27.7131835702785,0,2.65773583078616,0,1.97896750246235,5.42017650873124,0,5.5237581393484,813.253328346377,0.816888304102899,3.71643323031048,12.115225135983,1.85732561486072,2.12377054528721,263.988760849201,1.1054245046746,5.42175689909071,274.321695291869,"CH vs. BH","CH"
"LOC111134355",430.30450157421,-1.61429111578344,1.95285545300525,0.000448576384811493,0.0370261564685756,34.9403986483171,13.0341332946902,159.607592226096,100.591292998821,132.956420868354,38.3605930522098,5.23737462308887,24.7635839459586,3.3097387746179,23.9509788645964,40.3501588160025,2997.14572188351,8.3854252130596,0,45.0756592124679,53.0978874587615,13.9459193082942,178.061771258596,9.6910817753204,73.9738665673244,11.1113733882031,205.465327880008,81.5854087956774,200.634967102904,1400.36781437481,19.623720182692,7473.66442692828,0,25.3589961855054,33.818766751144,440.271892982675,52.2047299847898,22.2832740873108,150.41890243498,132.145102798751,2.59937507086638,193.726018785194,8.42279743391361,31.2664802332214,2.5287481421792,14.3413671597707,55.6024700460663,9.74432401510207,121.638689404963,65.330523310441,28.8405857082997,53.5040603654056,20.9345497692088,186.153945979645,20.4473722400992,16.791304796512,8.6379178557366,58.8615005018977,9.24334085403459,118.520027966223,5.92649591117768,70.4134253512747,43.9470432842389,12.7646544398315,159.008632942017,43.6249515620701,35.0706469843652,54.2857549805577,150.537565737549,1265.82692557642,54.7464430683604,23.3414013820549,12.8427269574867,244.918651320679,29.8176628908598,23.0024559909172,49.5054702864523,57.4574639755227,28.7744494432474,34.4988718287002,150.967731665792,528.767542520915,149.966692819156,14786.7562505506,79.3478827013942,34.6319312930912,87.4003462032912,6098.51781010111,8.2856372090226,20.5203363062167,0,22.2985993818629,199.90121474372,29.7172098377716,7.43319690850524,69.1673609211879,51.9549517197063,147.471787655267,342.635269216693,"CH vs. BH","CH"
"LOC111135110",304.305600981773,4.2371595343201,2.56896414605355,4.13139886988866e-05,0.00993105086401665,770.577440460184,4.01050255221238,411.369568058926,20.1182585997642,20.8105702228728,2.32488442740666,2.61868731154444,0,2.20649251641193,1.99591490538303,462.009318443229,8.48749230975862,39.8307697620331,4.46868104374725,7.95452809631787,1297.39177847351,0,842.975980388797,1.76201486824007,85.8462155225739,0,1.431814131568,3264.47590259068,1463.12103368438,81.0038434622515,5.94658187354303,8.93311152180282,15.6751261178746,37.5313143545479,2.18185591942865,12.5195798952419,508.428674634474,18.569395072759,17.8274254737755,1481.62691016781,3.46583342782184,12.8145615538845,4.21139871695681,0,12.643740710896,6.14630021133029,9.62350443104993,1.94886480302041,456.338777449192,10.3934923448429,1.86068294892256,4.03804229172873,1664.2967066521,1701.09738480847,4.08947444801985,36.73097924237,0,2.30829413732932,16.6380135372623,9.55806677146961,3.95099727411845,0,11.4262312539021,51.0586177593261,8.72608351511071,357.724602808975,5.01009242633788,316.666904053253,2776.80780042911,35.9996896589759,5.76278348088004,9.33656055282198,1090.56156413991,174.187833913414,12.0690540272528,22.044020324629,837.524052106419,21.4740016878216,7.19361236081184,5.51981949259204,961.071363193836,240.550433390018,27.3587885548461,1155.22917444839,512.360614014717,7.91587000984941,50.8141547693553,161.198714074254,1.84125271311613,154.442531146789,51.4639631584827,9.91048861416129,2829.9146713467,1722.66950778332,8.49508218114884,56.4866780856368,11.054245046746,7.59045965872699,17.0783934812059,"CH vs. BH","BH"
"LOC111132165",48.3419932686464,-22.3923896909368,2.23037486654471,4.6180356068071e-24,3.56927972050121e-20,0,44.1155280743362,65.553118235718,24.4917930779739,143.36170597979,13.9493065644399,113.912898052183,0,0,0,8.0700317632005,65.7780654006293,288.248991698924,0,0,10.0184693318418,0,52.592084337982,0,0,0,0,0,0,198.625862736206,0,0,0,2.02871969484043,334.914883632297,115.806114030988,0,6.49928827546566,262.954525738188,36.0395734905684,214.881672524954,2.26139321539137,0,8.62523592640589,7.5862444265376,0,117.620609712833,36.0539988558777,6.19814977859684,0,0,93.8844832826929,24.4236413974102,0,2.04473722400992,185.753809311414,0,0,0,0,33.5834768300069,530.556972414256,1.75788173136955,21.2744240663859,0,2.18124757810351,0,5.42857549805577,0,1.94592917075545,57.6278348088004,5.83535034551373,0,109.791119557546,0,200.313054254238,17.6320853075036,99.8250889271708,0,2.75990974629602,98.3986108178822,14.4108554565448,0,0,2.26708236289698,0,1.35504412718281,9.01110824017567,0,247.324053374927,0,0,0,1.85732561486072,12.7426232717233,350.447962000685,0,2.16870275963628,227.356113218553,"CH vs. BH","CH"
"LOC144626768",35.4954245952823,1.88146243366595,2.33302254839835,0.000392972103681511,0.0345145612426637,16.998031774857,2.00525127610619,342.01626905592,13.9953103302708,23.122855803192,19.7615176329566,0,1.03181599774827,2.20649251641193,5.9877447161491,29.2538651416018,323.585644309547,1.04817815163245,75.9675777437032,584.657815079364,2.00369386636836,0,9.7671013770538,0.881007434120036,8.21931850748048,0,6.44316359205601,2.11910152716045,40.6948282331362,13.3157002951646,1.18931637470861,0,0,4.05743938968086,6.54556775828594,2.08659664920699,11.3488543445195,0,0,0,3.46583342782184,3.01519095385517,3.1585490377176,7.54708143560516,26.9733135165781,0,0,2.92329720453062,0.774768722324605,0.742392310345921,3.72136589784513,0,3.48909162820146,0,2.7263162986799,0,36.7111508868806,4.61658827465864,0,0,11.8529918223554,13.1001721583767,28.1261077019129,0,1.9391296700246,6.54374273431051,73.8988632884838,15.380963911158,13.2228942877576,0,24.9720617504802,4.66828027641099,1.07022724645722,10.5568384189948,542.397486871831,7.66748533030575,0,2.90189211997589,5.39520927060888,17.9394133509241,0,0,3.0398653949829,158.578237903574,1.13354118144849,0,10.1628309538711,27.033324720527,0,19.4403186058895,9.80265964923479,27.2538436889435,580.52120443252,5.57197684458217,11.6807379990797,47.2643632961451,2.21084900934921,0,1.06739959257537,"CH vs. BH","BH"
"LOC111138387",79.6646367513248,-5.15172310544367,2.49943224247523,1.67774154779895e-05,0.0058942111013355,0,1.0026256380531,39.901898056524,6.99765516513539,26.5912841736708,2.32488442740666,2.61868731154444,0,0,3.99182981076607,7.06127779280044,391.485582787616,0,0,0,0,0,39.0684055082152,0,1.82651522388455,0,1.431814131568,10.5955076358023,4.7319567712949,281.848989580984,1.18931637470861,1959.70134009549,2.09001681571662,2.02871969484043,0,68.8576894238307,15.8883960823273,0,8.91371273688773,6.00659558176141,0,31.6595050154792,0,2.15630898160147,0.842916047393067,8.19506694844038,2.13855654023332,3.89772960604083,31.7655176153088,4.45435386207552,1.86068294892256,0,18.6084886837411,0,0,0,0,11.5414706866466,1.84866817080692,1.91161335429392,15.8039890964738,13.1001721583767,5.27364519410866,19.1469816597473,3.87825934004921,4.36249515620701,5.01009242633788,3.61905033203718,8.13716571554317,341.510569467582,31.6953091448402,11.6707006910275,2.14045449291445,19.0023091541906,0,3.83374266515287,25.7699708340437,3.48227054397107,3.59680618040592,2.75990974629602,0,86.4651327392691,0,2460.17746736439,6.80124708869093,0,2.71008825436562,1143.4095122534,0,19.4403186058895,0,0,40.3840837866101,11.1439536891643,0,48.4171526448315,14.3705185607698,32.5305413945443,91.7963649614815,"CH vs. BH","CH"
"LOC111099091",14.957390946681,1.85909179525998,2.42954165331253,0.000410976154122635,0.0355234802946096,0,14.0367589327433,5.700271150932,37.6123965126027,13.8737134819152,4.64976885481331,26.1868731154444,0,0,0,25.2188492600016,1.06093653871983,2.0963563032649,20.1090646968626,2.65150936543929,0,10.7276302371494,23.2907802068206,3.52402973648014,229.227660597511,0,21.47721197352,10.5955076358023,0,11.0964169126372,0,0,0,0,0,15.6494748690524,13.6186252134234,0,25.6269241185522,6.00659558176141,12.1304169973765,7.53797738463791,0,0,17.7012369952544,7.17068357988534,25.6626784827998,2.92329720453062,1.54953744464921,0,0,0,3.48909162820146,4.11389935866618,25.900004837459,6.296739298692,0,4.61658827465864,33.2760270745245,1.91161335429392,0,8.18760759898543,3.51576346273911,6.38232721991576,17.4521670302214,5.45311894525876,0,3.61905033203718,0,36.9726542443536,14.4069587022001,2.33414013820549,11.7724997110295,1.05568384189948,4.25966612726569,24.9193273234937,0,11.0271900559084,0,13.1095712949061,18.870966458224,6.65116405686685,57.757442504675,400.432198505115,2.26708236289698,0,0,4.00493699563363,0,15.1202478045807,17.9715426902638,0,0,3.71465122972145,0,16.1390508816105,0,0,20.280592258932,"CH vs. BH","BH"
"LOC144626919",58.196807263291,-20.1482830103039,2.62382031751158,7.70183574708573e-15,1.98424961630752e-11,0,22.0577640371681,49.402349974744,5.24824137385154,9.24914232127678,34.8732664110998,391.493753075893,0,0,0,0,397.851202019935,121.588665589364,0,0,363.670436745857,0,148.009151636892,0,0,0,0,0,0,509.325536290047,0,0,0,0,58.9101098245735,95.9834458635215,2.2697708689039,0,616.160392937364,108.118720471705,20.7950005669311,0,0,0,3.37166418957227,0,127.244114143882,41.9005932649389,0,10.3934923448429,0,44.418465209016,280.290360798851,0,0,90.253263281252,0,0,0,0,33.5834768300069,19.650258237565,0,2.12744240663859,0,30.5374660934491,0,30.761927822316,0,0,66.2720100301205,0,0,84.4547073519582,0,62.2983183087342,10.8505140353868,1.16075684799036,0,0,117.269577276106,11.0852734281114,0,0,2.26708236289698,0,0,0,0,329.405398599794,0,0,4.03840837866101,1.85732561486072,0,185.599085138521,0,2.16870275963628,922.233247985116,"CH vs. BH","CH"
"LOC144626386",196.954337828119,-5.03498260233362,0.746679472497979,3.59971257035862e-12,6.42050272068503e-09,150.149280677903,64.1680408353981,59.852847084786,84.8465688772666,65.9001390390971,24.4112864877699,16.3667956971527,41.2726399099309,45.2330965864446,120.752851775673,128.111754240808,90.1796057911853,14.6744941228543,87.1392803530713,50.3786779433465,22.040632530052,20.3824974505838,148.760467127435,35.2402973648014,32.8772740299219,73.1498748056706,41.5226098154721,42.382030543209,40.6948282331362,196.406579353678,61.2497932974932,48.0154744296902,53.2954288007738,47.6749128287501,96.0016604548605,85.5504626174866,53.3396154192417,7.42775802910361,55.7107046055483,44.0483675995836,19.9285422099756,18.8449434615948,43.1668368488073,127.222229914487,46.3603826066187,38.9265680050918,83.4037050690994,15.5909184241633,58.1076541743454,11051.2519318094,400.977175492813,110.036652449608,32.564855196547,42.1674684263283,53.844746898928,54.571740588664,26.9934932991769,253.912355106225,28.6543566475072,101.315507777578,25.6814822817699,81.8760759898543,49.2206884783475,140.411198838147,20.3608615352583,32.7187136715526,83.9190481411595,34.3809781543532,17.2914771455292,71.0264147325741,142.148659195041,71.1912742152676,447.354989019119,80.2319719843602,27.687829827227,94.8851309625336,54.252570176934,19.7328664158361,23.3792401726385,47.6084431236063,109.182020222582,48.7752030836902,65.8637502246294,97.4503137954926,49.8758119837335,95.9799238694241,25.7458384164734,46.0567754497867,15.6506480614871,8.64014160261755,76.7875005856725,86.7167753739113,98.9410052771948,631.490709052646,37.1659845425262,99.139883987036,312.835134822913,90.0011645249058,94.9985637392076,"CH vs. BH","CH"
"LOC144626483",129.682501450082,-14.2890654195778,3.08470839564538,2.48529905519943e-08,3.03298048383733e-05,0,0,605.178787190614,463.594654690219,328.344552405326,333.620915332855,1100.50334267655,0,5.51623129102983,0.997957452691516,522.534556667232,47.7421442423922,1.04817815163245,0,0,0,0,1334.33631120366,0,0,0,0,0,5.67834812555389,0,0.594658187354303,1.11663894022535,0,0,0,15.6494748690524,529.991497889061,61.2790037401048,577.16289971348,1.0010992636269,0,53.5196394309292,0,20.484935325214,0,344.192811834496,327.199150655698,0,5.42338105627224,0,0,1.00951057293218,0,0,0,0,0,0,397.463656723487,0,0.987749318529613,615.708091443704,382.339276572878,376.55730597503,7.75651868009841,0,0,0,6.10287428665738,23.3511500490654,1805.67215734241,0,3.21068173937167,0,0,0,0,452.114792292244,0,0,2.69585235117486,0,0,990.449552939643,0,4.94741875615588,0.677522063591404,1.00123424890841,0,405.006637622698,0,0,1.00960209466525,9.28662807430361,0,0,0,5.42175689909071,10.6739959257537,"CH vs. BH","CH"
"LOC144627119",6484.16779346107,1.87976827564647,1.78342219548697,0.000236200061610643,0.0259987663658633,513.718293640122,1267.31880649911,1085.90165425255,5626.11475276885,1378.12220587024,76595.6423453397,150.574520413805,2472.23113060486,2338.88206739665,24190.4886532424,1538.3498048601,93533.2261900787,1524.05103247358,46168.1782034747,4158.89243969153,3468.39408268363,569.63716559263,376.409060761842,1855.4016562568,255.712131343837,1515.77651970738,284.215105116248,5411.12574960421,5088.74631185054,3398.83250034077,824.196247673064,450.005492910817,11845.1703030739,1229.4041350733,929.470621676604,7334.38722196257,26858.1986917399,3758.44556272643,35661.5362321036,505.555128131585,314.524383574832,220.108939631427,1052.8496792392,1709.95302240997,424.829687886106,17996.3670187751,368.901003190247,294.278585256083,470.284614451035,234.595970069311,858.705180927763,3325.32782723861,2490.04839199311,5361.4393391817,800.85541273722,1884.82396340847,1659.55996803339,2745.71587635323,1580.61128603992,1083.88477188465,929.472108736366,4743.89984285216,159.967237554629,510.586177593261,2436.51643038591,407.893297105355,984.483161775394,2197.66831412958,4248.61764922798,1576.20262831192,11582.2343326554,9218.6864758426,349.964309591512,10137.7319337607,241.381080545056,3888.3734981313,351.963549022859,546.136096979463,328.20856396204,414.676439380977,6544.18158247696,1129.58936232455,36057.8700268221,2769.36073567918,12157.229171035,628.322182031797,350.956428940347,16864.7896886132,1399.35206196826,1588.7060371813,7110.19579891164,20338.8002584125,1019.69811561191,1264.83874372015,4600.0870010921,514.144049514164,952.875923029507,19044.463283746,881.672063467252,"CH vs. BH","BH"
"LOC144627120",9043.30266922606,3.00590997209862,1.50131910984737,3.46754451955375e-05,0.00928813596762845,848.012918545643,3235.47293399734,3211.15274835836,11838.2831256178,3017.53268231655,81599.9560753325,431.428734576946,4079.80045509667,14640.0778463932,7272.11595776308,3080.73462560179,73031.6885158567,2894.01987665719,81077.5145172282,9033.69240805167,4763.78216729078,1523.32349367521,608.565547339506,7658.59762480547,1025.58829821118,1685.22496387747,307.84003828712,7911.66555165355,12732.7492802003,7186.03959262384,1100.11764660546,1659.32546517487,15040.8060143046,1639.20551343107,1003.65372293718,6418.3712929607,30467.1343732971,4717.55481823443,56008.1997681419,1010.10915699954,438.427928619463,597.761606601787,1300.26935386041,3218.2911550402,1582.15342095679,38114.2319938277,1074.62466146724,1859.21702208148,671.724482255433,622.124756069881,1851.37953417795,8052.86584028001,2514.47203339052,5748.14587889632,1014.18966310892,3351.96422000371,4992.71652061576,3643.64229577434,1947.57191794509,2099.90726969187,1148.75245744994,7824.07782159048,396.402330423835,2228.49592095392,1643.41239534585,1081.89879873934,2012.80463228124,2417.52562180084,5734.66753802905,1474.04134684726,12529.2517513467,14915.1554831331,1621.39427838269,19607.215995599,768.869735971457,7942.55636653047,940.603935442594,817.753199409207,1154.5747839103,665.828226293915,11642.0383785486,2381.11673235833,30388.521065179,2997.92601712679,17976.8295965916,1741.49140216687,346.213774495208,25033.8599254569,3796.66309444547,3537.05796857156,10956.9228229322,41835.8888736051,5529.59067248159,2225.07608660315,1517.43405460771,1891.72732119449,1789.68227306818,47222.4182397003,1879.69068252522,"CH vs. BH","BH"
"LOC144627893",21.0594319917003,4.98129642281213,1.22743090345788,1.18467876310747e-06,0.000915638216005765,3.77734039441266,10.026256380531,12.350587493686,6.99765516513539,3.46842837047879,2.32488442740666,1.96401548365833,10.3181599774827,1.10324625820597,6.98570216884062,0,11.6703019259181,2.0963563032649,442.399423330977,10.6060374617572,0,3.21828907114481,1.5026309810852,414.073494036417,2.73977283582683,0.925947782350261,6.44316359205601,10.5955076358023,3.78556541703592,8.87713353010975,4.16260731148012,0,0,7.1005189319415,12.0002075568576,1.04329832460349,6.80931260671171,3.71387901455181,4.45685636844386,1.0010992636269,0,8.2917751231017,0,6.46892694480442,4.21458023696533,4.09753347422019,0,0,8.52245594557066,0.742392310345921,0.930341474461282,4.03804229172873,4.65212217093528,18.5125471139978,3.40789537334987,0,0,2.30829413732932,1.84866817080692,1.91161335429392,0,0,1.75788173136955,31.9116360995788,7.75651868009841,1.09062378905175,348.201423630483,3.61905033203718,14.2400400022005,9.72964585377727,12.4860308752401,17.5060510365412,5.35113623228612,1.05568384189948,6.38949919089853,0,6.10341414490508,0,4.4960077255074,0.689977436574005,20.2188926338114,1.10852734281114,36.4783847397948,7.0872955487631,6.80124708869093,4.94741875615588,10.1628309538711,1.00123424890841,13.809395348371,10.8001770032719,4.9013298246174,6.19405538385081,20.1920418933051,7.42930245944289,8.49508218114884,232.863448434666,13.2650940560952,9.75916241836328,3.2021987777261,"CH vs. BH","BH"
"LOC111108634",260.762139887194,2.64633421613739,2.77048527919971,0.000192611155937967,0.0238148932652855,236.083774650791,0,1396.56643197834,6.12294826949346,5.78071395079799,1.16244221370333,1.96401548365833,0,0,1.99591490538303,751.521707948046,2.12187307743965,0,15.6403836531154,2.65150936543929,565.041670315878,15.0186823320091,1117.20613443685,9.6910817753204,1405.50346477916,1.85189556470052,4.29544239470401,1837.26102404811,863.10891508419,4.43856676505487,0.594658187354303,6.69983364135212,6.27005044714986,3.04307954226064,9.81835163742892,16.6927731936559,781.936064337394,3.71387901455181,26.7411382106632,1505.65329249486,3.46583342782184,41.4588756155085,0,2.15630898160147,3.37166418957227,0,6.41566962069995,0,1428.67352396657,3.7119615517296,0,5.04755286466091,2427.24474268548,316.770250617296,0,4.197826199128,0,6.92488241198797,9.24334085403459,1.91161335429392,2.96324795558884,6.55008607918834,4.39470432842389,22.3381452697052,8.72608351511071,658.736768587258,0,463.238442500759,188.171957171936,5.83778751226636,3.84185565392003,4.66828027641099,1143.00269921631,219.582239115091,2.83977741817713,2.87530699886466,581.180658020406,77.770708815354,5.39520927060888,4.82984205601803,1306.14046414422,412.372171525745,0,2232.49809786038,559.969343635553,39.579350049247,14.9054853990109,227.280174502208,20.2537798442775,255.964194977545,17.9715426902638,2.47762215354032,846.046555329482,206.16314324954,6.37131163586163,18.4446295789834,2.21084900934921,60.7236772698159,8.53919674060293,"CH vs. BH","BH"
"LOC111108717",31.4921909955603,-1.24404990815985,1.67127828184338,0.000648007752562333,0.0430819632364064,191.700025016443,1.0026256380531,9.50045191822,6.99765516513539,12.7175706917556,3.48732664110998,4.58270279520276,1.03181599774827,8.82597006564773,5.9877447161491,22.1925873488014,153.835798114375,22.0117411842814,2.23434052187362,2.65150936543929,2.00369386636836,0,7.513154905426,4.40503717060018,3.6530304477691,3.70379112940104,12.886327184112,12.7146091629627,11.3566962511078,72.1267099321417,5.94658187354303,505.837439922085,12.5401008942997,0,6.54556775828594,30.2556514135014,56.7442717225976,0,0,95.1044300445556,17.3291671391092,9.0455728615655,6.31709807543521,4.31261796320295,3.37166418957227,0,4.27711308046664,33.130701651347,16.2701431688167,2.96956924138368,0,8.07608458345745,18.6084886837411,8.22779871733236,4.08947444801985,8.395652398256,5.39869865983538,8.07902948065263,0.924334085403459,2.86742003144088,6.91424522970729,22.9253012771592,2.63682259705433,0,18.4217318652337,5.45311894525876,5.01009242633788,5.42857549805577,22.3772057177437,125.512431513727,19.2092782696001,1.16707006910275,32.1068173937167,12.6682061027937,10.6491653181642,6.70904966401753,10.8505140353868,1.16075684799036,2.69760463530444,14.4895261680541,33.6981543896857,15.519382799356,12.1594615799316,651.14527854261,2.26708236289698,7.91587000984941,8.13026476309685,342.422113126675,1.84125271311613,12.9602124039263,0.816888304102899,3.71643323031048,7.06721466265677,5.57197684458217,12.7426232717233,8.06952544080526,8.84339603739682,23.8557303559991,21.3479918515073,"CH vs. BH","CH"
"LOC144617980",34.3820916501305,-1.34703208524791,2.00451271192653,0.000722895163432264,0.0448175672580318,24.5527125636823,44.1155280743362,55.102621125676,3.49882758256769,80.9299953111719,56.9596684714631,11.78409290195,0,75.0207455580057,3.99182981076607,34.2976349936021,88.0577327137457,6.2890689097947,2.23434052187362,0,83.153295454287,56.8564402568916,99.9249602421658,0,59.3617447762479,64.8163447645182,0,2.11910152716045,0.946391354258981,19.9735504427469,20.2183783700463,12.2830283424789,59.5654792479236,35.5025946597075,0,12.5195798952419,0,68.7067617692084,71.3097018951018,1.0010992636269,97.0433359790116,4.52278643078275,77.9108762637009,45.2824886136309,93.5636812606304,0,50.256078695483,40.9261608634287,51.9095043957485,0.742392310345921,0,2.01902114586436,0,6.17084903799927,0,64.016849536702,0,55.3990592959037,59.1573814658214,0,114.578920949435,0,198.64063564476,0,3.87825934004921,155.959201834401,21.292892811936,36.1905033203718,7.12002000110027,0,0,24.5084714511577,0,39.0603021502806,55.375659654454,67.0904966401753,160.045082021955,44.6891386476288,61.1457050669007,22.7692554069422,8.08755705352457,8.86821874248914,0,23.9196224770755,2.26708236289698,40.5688338004782,39.9738017518929,129.159218109185,20.2537798442775,0,20.4222076025725,12.3881107677016,20.1920418933051,49.2191287938091,0,20.7502082763564,1.1054245046746,15.180919317454,3.2021987777261,"CH vs. BH","CH"
"LOC144617825",28.9575454805331,-22.1280743649141,2.11592679011942,6.23597023529386e-26,1.44593441845759e-21,0,38.0997742460176,83.603976880336,17.4941379128385,5.78071395079799,9.29953770962662,96.8914305271441,0,0,0,10.0875397040006,112.459273104302,251.562756391788,0,0,6.01108159910508,0,24.7934111879058,0,0,3.70379112940104,0,0,5.67834812555389,305.151465097523,0,0,0,0,272.731989928581,66.7710927746237,0,0,177.160040645644,67.0736506630024,70.1831269133923,0,0,2.15630898160147,1.68583209478613,0,71.6416440978162,83.8011865298778,0,0,0,18.1711903127793,65.1297103930939,0,0,110.19293772711,0,12.6956177553113,0,0,4.93874659264807,18.0127367177679,0.878940865684777,48.9311753526875,1.9391296700246,4.36249515620701,8.7676617460913,0,0,0,38.4185565392003,0,1.07022724645722,103.457016506149,0,56.5477043110049,1.35631425442335,22.0543801118168,5.39520927060888,1.37995487314801,17.5230402826366,15.519382799356,0,6.20138360516771,2.26708236289698,3.9579350049247,0,4.00493699563363,0,143.642354143517,51.4639631584827,0,8.07681675732202,13.0012793040251,0,63.4034141777556,0,2.16870275963628,83.2571682208786,"CH vs. BH","CH"
"LOC144627284",171.735303608544,-1.31159933297799,1.87824424010612,0.000708417996517222,0.0443948326628239,63.2704516064121,211.554009629203,8.550406726398,691.018447557119,75.1492813603739,381.281046094691,16.3667956971527,20.6363199549655,643.192568534078,15.9673192430643,37.3238969048023,0,20.963563032649,8.93736208749449,0,42.0775711937356,0,97.671013770538,11.4530966435605,3.6530304477691,32.4081723822591,10.022698920976,11.6550583993825,841.341913936234,0,632.716311344979,227.794343805972,75.2406053657983,233.302764906649,69.8193894217167,646.844961254167,418.77272531277,25.9971531018626,60.1675609739922,467.513356113763,11.263958640421,18.091145723131,66.3295297920697,0,332.951838720261,470.191966166767,23.5241219425665,0,25.567367836712,424.648401517867,2.79102442338385,642.048724384867,369.843712589355,8.22779871733236,6.13421167202977,44.077175090844,50.7477674024525,26.5453825792872,20.3353498788761,0,21.7304850076515,374.992428033533,21.0945807764347,93.6074658920978,1087.8517448838,655.464897220103,12.5252310658447,40.7143162354183,2.03429142888579,732.642332789428,997.922006105728,21.0072612438494,12.8427269574867,8.44547073519582,0,2.87530699886466,26.4481279612553,31.9208133197348,312.022936150214,0,4.04377852676228,0,85.1162310595211,313.612828032767,3.40062354434547,29.6845125369353,428.871466253359,267.329544458545,0,536.768797062615,95.5759315800392,4.95524430708064,94.9025968985338,14.8586049188858,3.18565581793082,108.362198776528,13.2650940560952,653.86388203034,383.196453734556,"CH vs. BH","CH"
"LOC144627547",20.5120462128799,-19.1894270561106,2.63281848889607,1.40992024244424e-13,2.97198369650497e-10,0,35.0918973318583,26.601265371016,30.6147413474673,28.90356975399,6.97465328221997,66.7765264443831,0,0,0,0,13.7921750033578,199.153848810165,0,0,0,0,78.1368110164304,0,0,0,0,0,0,119.841302656482,0,0,0,0,90.5470206562889,6.25978994762097,1.13488543445195,0,114.764051487429,127.139606480616,12.9968753543319,1.50759547692758,0,0,0,0,201.024314781932,73.0824301132655,0,0,1.86068294892256,27.2567854691689,6.97818325640292,0,0,13.642935147166,0,0,0,0,1.97549863705923,42.5755595147242,0,21.2744240663859,0,1.09062378905175,0,0.904762583009296,0,0,3.84185565392003,0,0,139.350267130731,0,13.4180993280351,2.7126285088467,0.580378423995179,0,0,63.3525302526091,26.6046562274674,0,11.51685526674,0,0,0,0,0,172.802832052351,0,0,0,0,0,58.7922567830097,0,0,83.2571682208786,"CH vs. BH","CH"
"LOC111106863",85.6758072103936,3.17723063387604,2.529719547535,0.000108425793051076,0.0190405725863321,38.7177390427298,5.01312819026548,4.75022595911,0,41.6211404457455,0,0,55.7180638784067,70.6077605251818,0,9.07878573360056,150.652988498215,0,151.935155487406,5.30301873087858,16.0295509309469,0,6.7618394148834,41.4073494036417,6.39280328359593,5.55568669410156,327.885436129073,281.84050311234,249.847317524371,6.65785014758231,11.2985055597318,0,0,234.31712475407,1.09092795971432,16.6927731936559,335.926088597777,11.1416370436554,0,137.150599116885,369.977718419982,0.753797738463791,0,107.815449080074,48.0462147014048,0,0,95.4943753480003,22.4682929474135,2.22717693103776,0,29.2758066150333,6.97818325640292,20.5694967933309,130.863182336635,193.100005159888,357.393851281102,168.505472025041,0,32.4974270229967,0.987749318529613,0,0,0,90.169529656144,346.818364918457,0,9.04762583009296,18.3086228599721,114.809821074572,1.92092782696001,0,6.42136347874334,0,88.7430443180352,211.814282249696,202.768981036291,42.9480033756432,0,400.186913212923,109.182020222582,261.612452903429,129.70092351927,25.6914463642662,217.63990683811,1.97896750246235,206.644229395378,0,389.424948824062,6.48010620196316,1.6337766082058,599.584561156758,38.3648795972796,331.532622252639,288.832794159061,58.7922567830097,1.1054245046746,29.2774872550898,11.741395518329,"CH vs. BH","BH"
"LOC111110463",77.3669078844151,2.21729275414122,0.776190186044866,4.24451847066555e-06,0.00218705888398493,34.9403986483171,19.0498871230088,128.25610089597,17.4941379128385,78.6177097308527,31.3859397699899,324.71722663151,77.3861998311205,15.4454476148835,45.9060428238098,61.5339921944038,31.8280961615948,170.853038716089,656.896113430845,428.218762518446,23.0424794632361,84.7482788734799,24.0420956973632,45.8123865742419,48.4026534329406,48.1492846822136,74.4543348415361,58.2752919969124,68.1401775066466,41.0567425767576,57.0871859860131,45.7821965492395,22.9901849728828,139.98165894399,39.2734065497157,79.2906726698656,38.5861047713663,55.7081852182771,32.312208671218,35.0384742269415,102.242086120744,70.1031896771326,28.4269413394584,75.4708143560516,39.6170542274741,26.6339675824312,69.5030875575828,56.517079287592,29.441211448335,31.1804770345287,37.2136589784513,32.3043383338298,47.6842522520866,40.1105187469953,197.657931654293,54.571740588664,79.9007401655636,57.7073534332331,56.384379209611,22.9393602515271,45.4364686523622,40.9380379949272,67.6784466577278,30.8479148962595,63.0217142757996,223.577876755609,75.1513863950682,51.5714672315299,68.148762867674,32.107831317465,48.0231956740004,222.910383198625,38.52818087246,65.4523981977676,174.646311217893,59.4230113098695,52.218098795299,52.2340581595661,38.6656664393637,185.603930438407,102.442389344645,44.3410937124457,74.9833464095781,48.7251568977463,82.7485062457396,53.4321225664835,59.6219415960436,70.0863974235885,34.0631751926485,39.9606549121062,77.6043888897754,59.4629316849677,54.5185131119237,45.5044775640877,36.1040992698826,69.1673609211879,197.870986336754,80.2420021065425,65.1113751470973,"CH vs. BH","BH"
"LOC144627666",18.2150739824372,3.03788716122167,1.88705688257208,6.77644248438284e-05,0.0139049001668482,12.2763562818412,3.00787691415929,10.450497110042,5.24824137385154,2.3122855803192,16.2741909918466,15.7121238692666,9.28634397973446,2.20649251641193,5.9877447161491,13.1138016152008,49.8640173198319,16.7708504261192,8.93736208749449,249.241880351293,3.00554079955254,7.50934116600455,0,0,166.212885373494,9.25947782350261,180.408580577568,3.17865229074068,123.977267407926,3.32892507379116,2.37863274941721,3.34991682067606,3.13502522357493,6.08615908452129,0,16.6927731936559,3.40465630335585,1.8569395072759,2.22842818422193,14.0153896907766,141.23271218374,7.53797738463791,6.31709807543521,3.23446347240221,11.8008246635029,38.9265680050918,6.41566962069995,1.94886480302041,0.774768722324605,6.68153079311328,1.86068294892256,1.00951057293218,5.8151527136691,7.19932387766582,2.04473722400992,3.148369649346,69.1033428458928,9.23317654931729,4.6216704270173,0,9.87749318529613,0,2.63682259705433,0,6.78695384508611,1.09062378905175,8.7676617460913,7.23810066407436,4.06858285777158,7.78371668302181,7.68371130784006,14.004840829233,18.1938631897728,8.44547073519582,8.51933225453138,0,62.3904557034741,2.32151369598072,4.4960077255074,8.96970667546206,1.34792617558743,5.54263671405571,1.0132884649943,12.4027672103354,82.7485062457396,2.96845125369353,11.5178750810539,0,18.4125271311613,1.08001770032719,5.7182181287203,11.1492996909314,30.2880628399576,6.50063965201253,3.18565581793082,16.1390508816105,1.1054245046746,3.25305413945443,14.9435942960551,"CH vs. BH","BH"
"LOC144618098",303.080872295821,25.0303874227699,2.82838465026313,3.22812996646943e-19,1.49701299065053e-15,320.129598426473,0,0,509.079413263599,0,0,1040.92820633891,699.571246473329,0,28.940766128054,259.249770392816,0,0,167.575539140522,110.037638665731,0,0,1283.9981733373,86.3387285437635,98.6318220897658,0,1136.14451339921,0,0,415.005992532631,0,0,0,0,0,690.663490887514,5.67442717225976,0,0,0,2928.62924650946,0,0,39.8917161596273,927.207652132373,1.02438336855505,1207.21516696171,0,0,0,0,0,55.8254660512233,0,0,0,1850.67390059157,281.611884754177,1660.10401738461,55.4367872745237,0,0,0,0,45.5695472455782,0,472.201211182346,28.9524026562975,4427.63529496993,33.0807959028427,0,1065.53497309081,82.4074979772062,412.772382182695,0,0,0,0,0,0,603.870926663168,0,39.5182501347777,15.0605030411216,0,0,0,116.143172873375,1690.26999064061,1676.1874709078,637.172877200261,571.091906391044,171.632356093093,48.2904659863788,13.8045085443669,8.06952544080526,64.1146212711269,406.631767431803,0,"CH vs. BH","BH"
"LOC111110389",126.889222691813,-19.3833198050929,2.72452121645973,4.93909024575002e-13,9.54355712735047e-10,0,9.02363074247786,155.807411458808,0,361.872693319954,2.32488442740666,82.4886503136497,0,0,0,0,98.6670981009439,101.673280708348,0,0,956.763821190892,0,64.6131321866636,0,0,1.85189556470052,0,0,0,264.094722520765,0,0,28.2152270121744,0,36.0006226705727,54.2515128793817,5.67442717225976,0,2774.3930893563,131.144003535124,190.620838530201,0,0,0,6.74332837914453,0,38.4940177241997,6.82102681057145,4.64861233394763,0,0,27.2567854691689,17.4454581410073,4.11389935866618,5.45263259735979,371.507618622828,0,0,0,0,36.5467247855957,1955.20069463772,14.0630538509564,236.146107136883,0,1.09062378905175,0,1.80952516601859,6.10287428665738,0,11.5255669617601,2.33414013820549,0,122.459325660339,0,229.066124242884,1.35631425442335,521.760203171666,0,0.689977436574005,359.896288881843,6.65116405686685,0,5.31547166157232,0,0,8.13026476309685,0,0,1303.58136429492,0,0,2.01920418933051,0,0,847.300171284552,0,0,452.577427251955,"CH vs. BH","CH"
"LOC111117896",17.6163988464183,3.83064193549554,3.30870565094568,7.31162090259044e-05,0.0147421351189882,1.88867019720633,2.00525127610619,0,0,0,1.16244221370333,0,53.6544318829102,0,14.9693617903727,0,0,0,0,0,0,0,1.5026309810852,113.649959001485,3.6530304477691,3.70379112940104,0.715907065784001,90.0618149043192,2.83917406277694,0,0,0,2.09001681571662,98.3929051997608,0,0,0,0,1.11421409211097,4.0043970545076,3.46583342782184,201.263996169832,0,31.2664802332214,21.9158172322197,0,0,1.94886480302041,0,0,0,0,0,4.11389935866618,0,0,0,5.77073534332331,0.924334085403459,0,0.987749318529613,0,0,192.533537800792,81.4434461410333,10.9062378905175,127.757356871616,0,3.05143714332869,0,9.60463913480007,0,0,0,9.22927660907566,0,4.74709989048173,0,6.29441081571036,12.4195938583321,4.04377852676228,2.21705468562228,4.0531538599772,0,0,2.96845125369353,0,7.00863974235885,11.0475162786968,0,1.6337766082058,1.23881107677016,0,103.08157162477,105.126641991717,0,99.4882054207142,71.5671910679974,117.41395518329,"CH vs. BH","BH"
"LOC111133291",78.5484464991964,-3.32812373028758,1.04898463047858,5.87890905655709e-06,0.00279754557958854,63.2704516064121,19.0498871230088,25.651220179194,55.9812413210831,10.4052851114364,382.443488308395,15.0574520413805,26.8272159414551,49.6460816192685,49.8978726345758,20.1750794080012,13.7921750033578,22.0117411842814,22.3434052187362,5.30301873087858,15.0277039977627,23.6007865217286,9.7671013770538,73.123617031963,11.8723489552496,462.97389117513,14.31814131568,9.53595687222203,628.403859227963,13.3157002951646,24.9756438688807,637.600834868676,13.585109302158,21.3015567958245,42.5461904288586,16.6927731936559,19.2930523856832,11.1416370436554,57.9391327897702,11.0120918998959,9.53104192651007,9.79937060002929,1165.5045949178,1.07815449080074,10.1149925687168,24.5852008453212,16.0391740517499,16.5653508256735,9.29722466789526,26.7261231724531,97.6858548184346,51.4850392195413,15.1193970555397,38.0535690676622,8.17894889603969,85.005980532342,249.419878084394,19.6205001672992,22.184018049683,2.86742003144088,621.294321355127,49.1256455939126,13.1841129852717,15.9558180497894,15.5130373601968,68.7092987102604,81.4140019279906,30.761927822316,28.4800800044011,21.40522087831,24.0115978370002,25.6755415202604,33.1770446401739,6.33410305139686,12.7789983817971,9.58435666288218,14.9194567986569,12.1879469038988,125.888216314207,31.0489846458302,41.7857114432103,45.4496210552568,21.2790577648803,23.9196224770755,29.4720707176607,922.198856147456,17.6155736533765,10.0123424890841,7.36501085246453,17.2802832052351,22.8728725148812,22.2985993818629,9.08641885198728,35.2891866823537,26.5471318160901,49.569941993518,36.4790086542619,18.4339734569084,6.4043975554522,"CH vs. BH","CH"
"LOC111132763",9759.95531599616,-9.42879158979139,2.62297554177777,1.81651246623773e-07,0.00019145215706661,14.1650264790475,21961.511975915,1.900090383644,22390.747114642,1.1561427901596,123.218874652553,8.51073376251942,11.349975975231,30268.6643401389,8.98161707422365,16584.9240273474,1.06093653871983,3.14453445489735,2.23434052187362,23.8635842889536,6.01108159910508,2433.02653778547,24988.0018999563,9.6910817753204,3.6530304477691,62.9644491998177,7.87497772362401,13.7741599265429,1952.40536383628,9.98677522137347,71933.4222915007,38837.818979978,298.872404647477,66349.2776197562,0,0,2.2697708689039,20795.8655419828,13459.7062327005,33309.5757986579,74511.0864063849,2.26139321539137,29666.145411923,34451.3485990467,31462.6843849936,22200.436363325,0,23.386377636245,206.088480138345,4.45435386207552,22.3281953870708,52798.412474926,0,1970.5577928011,0.681579074669974,29626.1584003459,20.5150549073744,34908.3322388313,38107.5213389284,75.5087274946099,25.6814822817699,49648.0149587279,12.3051721195869,22324.316894062,96.9564835012302,2.18124757810351,13.7777541724292,57.9048053125949,740.482080114428,1530.47329279916,89.3231439536407,8.16949048371923,22.4747721756017,29013.3590269233,5.67955483635425,11.5012279954586,0,4.64302739196143,50900.2026620144,8.96970667546206,1.34792617558743,202.860503734439,5.06644232497149,3.54364777438155,0,50.46367131279,21879.2199995572,2431.99799059852,0,0,11.4364362574406,1.23881107677016,3464.95438889115,6.50063965201253,9.55696745379245,17666.4967686201,9.94882054207142,1235.07622161286,2.13479918515073,"CH vs. BH","CH"
"LOC111137034",451.610222721808,-1.3104400973964,2.47558261807791,0.000687894569827426,0.044201868551844,1.88867019720633,436.142152553097,408.51943248346,140.82781019835,164.172276202663,5.81221106851664,1457.95416070236,6.19089598648964,0,0,0,787.214911730112,2716.87776903131,0,0,5292.75734801202,0,690.458935808649,0,9.13257611942276,8.33353004115235,0.715907065784001,0,0,2989.37471626446,0,48.0154744296902,14.6301177100163,4.05743938968086,1364.75087760262,594.680045023992,3.40465630335585,6.49928827546566,1977.73001349696,782.859624156236,931.44273372712,3.01519095385517,0,9.70339041720663,19.3870690900405,4.09753347422019,1145.19702729494,1405.13152297772,1.54953744464921,6.68153079311328,0.930341474461282,218.054283753351,8570.37206940552,0,0,812.279369531268,43.189589278683,3.46244120599398,0,0,87.9096893491356,884.261620690427,1.75788173136955,442.508020580826,0,4.36249515620701,0,0,0,0,289.099637957482,0,2.14045449291445,1242.53988191568,0,726.49423504647,10.8505140353868,332.556836949237,1.79840309020296,11.7296164217581,1330.40313530479,525.441960492481,2.0265769299886,5.31547166157232,0,5.93690250738706,2.71008825436562,2.00246849781681,0,2191.35591396388,11.4364362574406,0,13.1248272306483,13.0012793040251,0,487.629894494375,0,2.16870275963628,733.303520099277,"CH vs. BH","CH"
"LOC144618811",44.2502222813695,-1.84579726952922,1.86436491965026,0.000280189543672463,0.0283701089481807,4.72167549301583,41.1076511601769,0.950045191822,34.113568930035,32.3719981244687,45.3352463344298,5.23737462308887,24.7635839459586,40.8201115536207,93.8080005530025,27.2363572008017,116.703019259181,596.413368278864,0,0,44.0812650601039,3.21828907114481,27.0473576595336,4.40503717060018,243.839782388588,15.7411122999544,0.715907065784001,4.2382030543209,1.89278270851796,6.65785014758231,4.75726549883443,26.7993345654085,36.5752942750408,0,6.54556775828594,0,19.2930523856832,36.2103203918801,14.4847831974426,17.0186874816573,6.06520849868823,3.76898869231896,55.8010329996777,16.1723173620111,9.27207652132373,34.8290345308716,38.4940177241997,200.733074711103,1.54953744464921,456.571270862741,3.72136589784513,2.01902114586436,120.955176444317,5.14237419833273,5.45263259735979,40.928805441498,11.8771370516378,4.61658827465864,219.991512326023,11.4696801257635,11.8529918223554,14.7376936781738,34.2786937617063,46.8037329460489,10.6652131851353,6.54374273431051,2.50504621316894,27.1428774902789,173.931917169735,4.86482292688863,20.1697421830802,4.66828027641099,75.9861344984628,33.7818829407833,156.187757999742,20.1271489920526,12.8849854170218,33.0815701677252,1.79840309020296,9.65968411203607,91.6589799399451,9.97674608530028,11.1461731149373,74.4166032620125,128.090153503679,28.6950287857041,25.068316352882,4.00493699563363,0.920626356558067,24.8404071075255,8.16888304102899,2.47762215354032,2.01920418933051,52.0051172161002,88.1364776294192,11.5278934868647,54.1658007290555,7.59045965872699,6.4043975554522,"CH vs. BH","CH"
"LOC144618933",49.6864297872853,-3.52030210311851,2.01675858685308,4.99719572259247e-05,0.0109621959877465,9.44335098603166,0,11.400542301864,6.12294826949346,6.93685674095759,59.2845528988697,2.61868731154444,0,13.2389550984716,7.98365962153213,17.1488174968011,2.12187307743965,7.33724706142715,0,0,100.184693318418,2.14552604742987,27.7986731500762,0,1.82651522388455,26.8524856881576,8.59088478940801,0,13.2494789596257,17.7542670602195,10.7038473723775,51.3653912503662,11.4950924864414,7.1005189319415,0,2.08659664920699,35.1814484680105,2.78540926091385,1.11421409211097,19.0208860089111,6.06520849868823,0,124.236262150226,81.939741300856,12.643740710896,4.09753347422019,2.13855654023332,4.87216200755104,4.64861233394763,7.42392310345921,120.944391679967,42.3994440631516,0,10.2847483966655,5.45263259735979,4.197826199128,0,0,8.31900676863113,11.4696801257635,6.91424522970729,14.7376936781738,4.39470432842389,48.9311753526875,5.81738901007381,4.36249515620701,0,2.71428774902789,2.03429142888579,9.72964585377727,1.92092782696001,0,7.49159072520056,10.5568384189948,7.09944354544282,0,4.74709989048173,27.8581643517686,10.7904185412178,18.6293907874981,41.7857114432103,4.43410937124457,6.07973078996579,9.74503137954926,24.9379059918667,82.1271513521876,29.8109707980218,2.00246849781681,6.44438449590647,19.4403186058895,14.7039894738522,0,3.02880628399576,24.1452329931894,28.6709023613773,3241.64364850634,6.63254702804762,0,2.13479918515073,"CH vs. BH","CH"
"LOC111099066",20.7726412450967,-3.09131343768199,1.76504315272229,5.3145044676819e-05,0.0115165808497327,33.0517284511108,11.0288820185841,23.75112979555,19.2435517041223,11.561427901596,16.2741909918466,89.0353685925108,0,9.9292163238537,3.99182981076607,22.1925873488014,98.6670981009439,10.4817815163245,0,0,2.00369386636836,9.65486721343441,9.7671013770538,6.16705203884025,12.7856065671919,8.33353004115235,1.431814131568,4.2382030543209,15.1422616681437,132.047361260383,178.397456206291,7.81647258157747,6.27005044714986,0,27.2731989928581,57.3814078531922,13.6186252134234,0,118.106693763762,23.0252830634187,15.5962504251983,4.52278643078275,5.26424839619601,1.07815449080074,10.9579086161099,1.02438336855505,59.8795831265329,24.3608100377552,3.09907488929842,16.3326308276103,11.1640976935354,199.883093440572,4.65212217093528,2.05694967933309,4.08947444801985,48.275001289972,0,2.30829413732932,0,2.86742003144088,17.779487733533,32.7504303959417,8.78940865684777,26.5930300829823,0,8.72499031241402,15.0302772790136,6.33333808106507,12.2057485733148,0,0,14.004840829233,8.56181797165778,33.7818829407833,11.3591096727085,43.1296049829698,6.78157127211675,10.4468116319132,16.1856278118266,3.44988718287002,32.3502282140983,23.279074199034,2.0265769299886,7.0872955487631,1.13354118144849,5.93690250738706,4.06513238154843,9.01110824017567,18.4125271311613,48.6007965147237,42.4781918133508,2.47762215354032,22.2112460826356,2.78598842229108,12.7426232717233,10.3751041381782,17.6867920747936,6.50610827890885,7.47179714802756,"CH vs. BH","CH"
"LOC111099227",4118.84342016731,-1.17042397485882,0.720465049878682,2.13062439753514e-05,0.00667605241968207,1786.68200655719,2744.18637135132,2834.93485239685,5408.31273575401,3165.51895945698,15603.4618345398,2587.91773563379,3079.9707532786,3678.22302485869,1824.26622352009,4742.15241485069,1569.12514076662,1583.79718711663,714.988966999559,3596.7724542184,10171.751912619,5783.26546084721,4249.44041450894,1914.42915434284,2757.12473045373,14566.0845641519,2640.98116567718,3025.01743002154,3658.74897556522,2201.52911546722,7747.80152303922,14516.3062229296,1812.04457922631,4606.20806713519,4284.07409779815,3989.57279328376,4050.40611555901,3342.49111309663,2062.4102844974,2561.81301562124,2129.75464139652,2878.75356319322,12725.7940729642,3866.26200401144,3752.66224299393,3609.92699078799,2518.15032612473,5320.40091224573,2534.26849072378,2196.73884631358,10403.0783674261,5247.43595810148,6467.61284814277,3310.66050888661,2258.07147438162,2604.75115655892,1591.53636491947,2926.91696613358,3566.08090148654,3728.6018475503,4512.03888704327,4521.19691615975,3360.1909295129,2966.71843605751,2620.73374903825,1466.88899627461,2161.8548819648,3668.81227410269,4802.96206359935,2358.46615495561,4872.43343308408,3715.95110002315,8236.46888873479,4862.47977578899,1712.38578316081,3983.25862909384,2869.96096235981,2558.30809297075,5437.47174322865,3572.7031665802,1407.23492731327,9643.07935511412,3475.57943493045,2919.9657660904,1499.67498305635,11906.4579785647,2607.78242276332,2626.23743488675,4001.96277195792,3714.18087142522,2486.60799768923,6045.39805463839,4325.13537354594,2299.36911119757,1740.42996186287,2212.20276012933,4626.20155206321,4453.43111691311,2419.79487636835,"CH vs. BH","CH"
"LOC111133323",39.4646434217063,-3.42633841598847,1.45859657067838,2.0644296101503e-05,0.00655725059870615,21.7197072678728,17.0446358469026,31.351491330126,1.74941379128385,26.5912841736708,9.29953770962662,11.78409290195,2.06363199549655,66.194775492358,25.9468937699794,2.01750794080012,112.459273104302,47.1680168234602,8.93736208749449,2.65150936543929,6.01108159910508,11.8003932608643,29.3013041311614,10.5720892094404,11.8723489552496,8.33353004115235,1.431814131568,12.7146091629627,43.5340022959131,99.8677522137347,42.2207313021555,587.352082558535,17.7651429335913,19.2728371009841,8.72742367771459,17.7360715182594,0,29.7110321164144,35.6548509475509,11.0120918998959,64.1179184147041,52.7658416924654,18.9512942263056,7.54708143560516,8.42916047393067,16.3901338968808,16.0391740517499,5.84659440906124,31.7655176153088,7.42392310345921,31.6316101316836,8.07608458345745,18.6084886837411,3.08542451899964,34.0789537334987,11.544022047602,34.5516714229464,17.3122060299699,16.6380135372623,17.2045201886453,17.779487733533,3.27504303959417,4.39470432842389,3.19116360995788,24.2391208753075,15.2687330467245,45.0908318370409,3.61905033203718,19.325768574415,192.64698790479,0,8.16949048371923,4.28090898582889,57.0069274625718,2.83977741817713,23.0024559909172,22.3791851979853,69.0650324554263,0,7.58975180231405,35.0460805652731,101.984515538625,4.0531538599772,557.238612521499,17.0031177217273,9.89483751231176,28.455926670839,368.454203598294,8.2856372090226,4.32007080130877,8.16888304102899,7.43286646062097,10.0960209466525,21.3592445708983,30.7946729066645,13.8334721842376,48.6386782056825,28.1931358752717,69.3809735173988,"CH vs. BH","CH"
"LOC111134517",166.189333525542,-4.27128310805279,2.46643464357714,3.7434281536345e-05,0.00975268186498013,14.1650264790475,5.01312819026548,63.653027852074,0.874706895641923,6.93685674095759,11.6244221370333,2.61868731154444,17.5408719617206,1.10324625820597,0.997957452691516,1.00875397040006,1438.62994650409,0,0,6.62877341359823,4.00738773273672,1.07276302371494,29.3013041311614,8.81007434120036,5.47954567165366,0,0,16.9528122172836,16.0886530224027,1449.19204879042,9.51453099766885,4361.59170052023,4.18003363143324,2.02871969484043,6.54556775828594,217.006051517527,2.2697708689039,0.928469753637951,14.4847831974426,4.0043970545076,8.66458356955461,62.5652122924947,6.31709807543521,7.54708143560516,0,3.07315010566514,10.6927827011666,8.76989161359186,72.8282598985129,0,0,9.08559515638963,38.380007910216,10.2847483966655,7.49736982136972,19.939674445858,29.152972763111,8.07902948065263,0,5.73484006288177,0,0,2.63682259705433,0,8.72608351511071,5.45311894525876,5.01009242633788,0.904762583009296,75.2687828687743,1121.82816694052,13.4464947887201,21.0072612438494,4.28090898582889,12.6682061027937,0.709944354544282,5.75061399772931,11.5286711625985,4.64302739196143,6.29441081571036,3.44988718287002,16.1751141070491,189.558175620705,5.06644232497149,2302.48514140441,0,1.97896750246235,7.45274269950545,3409.20261753313,2.7618790696742,2.16003540065439,0,0,55.5281152065889,5.57197684458217,2.12377054528721,3.4583680460594,19.8976410841428,24.9400817358173,236.962709551731,"CH vs. BH","CH"
"LOC111133021",16.442394516975,-4.24062038902712,2.20749304101763,3.09380311999247e-05,0.00854000154086492,0,7.01837946637167,36.101717289236,5.24824137385154,39.3088548654263,51.1474574029464,4.58270279520276,0,5.51623129102983,0,49.4289445496031,0,3.14453445489735,0,0,22.040632530052,4.29105209485974,19.5342027541076,0,10.9590913433073,12.9632689529036,0,2.11910152716045,7.57113083407185,75.4556350059329,7.13589824825164,33.4991682067606,9.40507567072478,0,2.18185591942865,7.30308827222446,15.8883960823273,6.49928827546566,10.0279268289987,0,27.7266674225747,9.0455728615655,68.4352291505481,70.0800419020479,11.8008246635029,0,27.8012350230331,7.79545921208166,16.2701431688167,29.6956924138368,13.9551221169192,14.1331480210505,23.2606108546764,0,1.36315814933995,4.197826199128,0,297.769943715483,3.69733634161384,9.55806677146961,0,0,0,0,4.84782417506151,6.54374273431051,0,9.95238841310225,18.3086228599721,0,3.84185565392003,10.5036306219247,10.7022724645722,2.11136768379895,5.67955483635425,1.91687133257644,2.7126285088467,6.38416266394697,0,4.13986461944403,9.43548322911199,17.7364374849783,14.1860385099202,1.77182388719077,2.26708236289698,102.906310128042,7.45274269950545,14.0172794847177,145.458964336175,10.8001770032719,8.98577134513189,9.91048861416129,4.03840837866101,7.42930245944289,4.24754109057442,6.91673609211879,0,5.42175689909071,0,"CH vs. BH","CH"
"LOC111101606",177.237373081085,1.19073941695466,1.17276320408644,0.00023988057262746,0.0262363718750609,365.457683159425,104.273066357522,223.26062007817,116.336017120376,253.195271044952,23.2488442740666,227.17112427648,355.976519223154,226.165482932223,110.773277248758,326.83628640962,223.857609669884,186.575710990576,1769.59769332391,381.817348623258,182.336141839521,104.058013300349,39.8197209987578,21.1441784188809,326.032967463392,67.594188111569,237.681145840288,182.242731335799,21.7670011479566,14.4253419864283,17.8397456206291,24.5660566849578,559.079498204195,17.2441174061436,181.094041312578,119.979307329402,161.153731692177,111.416370436554,59.0533468818812,38.0417720178222,4.3322917847773,54.273437169393,75.8051769052225,125.065920932885,50.574962843584,45.0728682164221,96.2350443104993,88.6733485374289,412.951728999015,132.88822355192,66.9845861612123,91.8654621368285,32.564855196547,163.527499506981,77.7000145123771,115.44022047602,370.350728064707,15.0039118926406,138.650112810519,9.55806677146961,112.603422312376,194.865060855853,129.204307255662,163.813065311171,116.347780201476,474.421348237512,440.888133517734,73.285769223753,83.4059485843175,144.971723221281,20.1697421830802,94.5326755973225,546.886122939641,65.4523981977676,107.911541890731,235.775173906902,62.3904557034741,322.110025317324,134.880231765222,84.1772472620286,111.877872573757,247.201597446885,206.710846858837,104.537609344256,108.819953419055,139.517208923596,15.5830074626023,148.182668838444,100.348272864829,60.4809912183228,186.250533335461,526.494707627318,150.430712105123,67.7923849424164,203.881972347572,394.253957250771,277.461550673325,144.218733515813,309.545881846856,"CH vs. BH","BH"
"LOC144618609",34.5118593995336,-1.32338809785921,2.0967967956764,0.000771475995925312,0.0464963497844313,0.944335098603166,50.1312819026548,12.350587493686,70.8512585469958,40.4649976555859,10.46197992333,0,0,19.8584326477074,1.99591490538303,2.01750794080012,49.8640173198319,1.04817815163245,2.23434052187362,0,28.051714129157,115.858406561213,3.756577452713,0,20.0916674627301,0,0,10.5955076358023,8.51752218833083,102.087035596262,11.8931637470861,333.87504312738,99.2757987465394,3.04307954226064,96.0016604548605,6.25978994762097,13.6186252134234,93.7754451174331,65.738631434547,46.0505661268374,2.59937507086638,9.79937060002929,50.5367846034817,0,12.643740710896,91.1701198013993,68.4338092874662,2.92329720453062,3.09907488929842,58.6489925173277,5.58204884676769,4.03804229172873,51.1733438802881,2.05694967933309,7.49736982136972,86.055437082124,0,3.46244120599398,65.6277200636456,0,0,155.564544380723,10.5472903882173,119.136774771761,0,0,10.0201848526758,1.80952516601859,4.06858285777158,53.513052195775,3.84185565392003,0,0,78.1206043005613,4.25966612726569,0.958435666288219,67.8157127211675,67.3238971834407,0,4.13986461944403,6.73963087793714,8.86821874248914,1.0132884649943,479.278361485105,2.26708236289698,0,16.9380515897851,184.227101799147,0,0,0,0,5.04801047332626,0,0,3.4583680460594,0,82.4107048661788,26.6849898143842,"CH vs. BH","CH"
"LOC111130846",70.7116654724655,-2.06103585910432,2.10022015703799,0.000270318256469198,0.0278571973900058,1.88867019720633,85.2231792345131,111.155287443174,48.1088792603058,49.7141399768627,11.6244221370333,140.099771167627,0,0,18.9611916011388,20.1750794080012,78.5093038652672,144.648584925278,0,0,36.0664895946305,8.58210418971948,265.96568365208,4.40503717060018,14.6121217910764,14.8151645176042,2.147721197352,4.2382030543209,13.2494789596257,459.391660183179,26.1649602435893,24.5660566849578,22.9901849728828,32.4595151174469,193.094248869435,203.443173297682,27.2372504268468,3.71387901455181,588.30504063459,101.111025626317,116.105419832032,12.0607638154207,24.2155426225016,7.54708143560516,8.42916047393067,0,343.238324707448,62.3636736966533,18.5944493357905,2.96956924138368,1.86068294892256,96.9130150014894,45.358191166619,18.5125471139978,23.1736885387791,324.282073882638,8.6379178557366,2.30829413732932,9.24334085403459,3.82322670858784,56.301711156188,132.639243103564,19.3366990450651,34.0390785062174,12.6043428551599,4.36249515620701,10.0201848526758,12.6666761621301,6.10287428665738,0,33.6162369718003,4.66828027641099,2.14045449291445,276.589166577663,9.22927660907566,560.684864778608,26.4481279612553,54.5555718555468,54.8512942511903,2.75990974629602,68.7442349549588,31.038765598712,8.10630771995439,12.4027672103354,13.6024941773819,21.7686425270859,6.77522063591404,20.0246849781681,14.7300217049291,453.607434137421,0,19.8209772283226,2.01920418933051,18.5732561486072,0,224.793922993861,3.31627351402381,22.771378976181,504.880007288148,"CH vs. BH","CH"
"LOC111131540",48.1840349076949,-1.03658118436748,1.38983191211794,0.000685465488319298,0.044201868551844,16.998031774857,44.1155280743362,0.950045191822,69.9765516513539,131.800278078194,12.7868643507366,40.5896533289388,4.12726399099309,38.6136190372088,10.9775319796067,29.2538651416018,108.215526949422,6.2890689097947,2.23434052187362,1.32575468271965,108.199468783891,5.36381511857468,130.728895354412,4.40503717060018,9.13257611942276,201.856616552357,2.863628263136,8.47640610864181,29.3381319820284,6.65785014758231,24.9756438688807,33.4991682067606,80.4656474050898,178.527333145958,10.9092795971432,30.2556514135014,107.814116272935,74.2775802910361,20.0558536579974,45.0494668632105,20.7950005669311,4.52278643078275,34.7440394148937,25.8757077792177,38.7741381800811,101.41395348695,41.7018525345497,24.3608100377552,169.674350189089,110.616454241542,7.44273179569026,24.2282537503724,46.5212217093528,25.7118709916636,10.9052651947196,65.066306086484,50.7477674024525,3.46244120599398,122.93643335866,6.69064674002873,48.399716607951,94.976248148231,39.552338955815,6.38232721991576,17.4521670302214,0,33.8181238777807,45.2381291504648,4.06858285777158,28.2159729759541,113.334741790641,0,130.567724067781,39.0603021502806,161.867312836096,6.70904966401753,38.6549562510655,94.6016831112141,14.3872247216237,134.545600131931,31.0023020385108,87.5736600820802,8.10630771995439,38.0942135746017,3.40062354434547,244.4024865541,42.0063679426671,13.0160452358093,104.030778291062,108.001770032719,74.3368356733639,52.0300652243468,31.2976649346228,7.42930245944289,1.06188527264361,6.91673609211879,2.21084900934921,52.0488662312708,3.2021987777261,"CH vs. BH","CH"
"LOC111130451",170.682401068099,-1.34967789474943,1.8906363667007,0.000667447681564807,0.0437271147223105,579.821750542344,7.01837946637167,90.25429322309,15.7447241215546,20.8105702228728,5.81221106851664,5.23737462308887,68.099855851386,0,32.93259593882,9.07878573360056,762.813371339556,4.1927126065298,17.874724174989,2.65150936543929,9.01662239865762,28.9646016403032,22.539464716278,64.3135426907626,20.0916674627301,5.55568669410156,1.431814131568,43.4415813067893,13.2494789596257,306.261106788786,1.78397456206291,4316.92614291121,14.6301177100163,15.2153977113032,99.2744443340035,141.888572146075,1.13488543445195,3.71387901455181,62.3959891582141,0,93.5775025511898,34.6746959693344,4.21139871695681,8.62523592640589,1.68583209478613,0,24.5934002126832,9.74432401510207,34.0898237822826,5.93913848276736,3.72136589784513,37.3518911984907,15.1193970555397,23.6549213123305,8.17894889603969,15.74184824673,0,6.92488241198797,0,7.64645341717569,0.987749318529613,26.2003443167534,1.75788173136955,17.0195392531087,0,27.2655947262938,18.7878465987671,7.23810066407436,26.4457885755153,484.536363518108,8.64417522132007,0,4.28090898582889,169.965098545816,0,577.936706771796,37.9767991238538,6.96454108794214,3.59680618040592,6.89977436574005,146.92395313903,58.7519491689905,43.5714039947549,5367.74046624445,21.5372824475213,3.9579350049247,21.0031839713335,1434.76867868575,10.1268899221387,42.1206903127606,0,6.19405538385081,22.2112460826356,72.4356989795682,22.2995907255157,13.8334721842376,29.8464616262143,60.7236772698159,109.942158035263,"CH vs. BH","CH"
"LOC111128241",140.57285089892,2.59094125042067,1.90149696835801,0.000111523654502723,0.0190405725863321,111.431541635174,78.2047997681415,1551.42379824533,8.74706895641923,18.4982846425536,17.4366332055499,5.23737462308887,0,8.82597006564773,43.9101279184267,55.4814683720034,10.6093653871983,26.2044537908112,26.8120862624835,3.97726404815894,14.0258570645785,19.3097344268688,107.438115147592,1.76201486824007,3.6530304477691,2.77784334705078,25.772654368224,4308.1334047172,88.9607873003442,188.639087514832,8.91987281031455,27.9159735056338,8.36006726286648,47.6749128287501,43.637118388573,1585.81345339731,39.7209902058183,7.42775802910361,6.68528455266579,39.0428712814491,22.527917280842,16.5835502462034,9.47564711315282,21.5630898160147,18.5441530426475,21.512050739656,51.3253569655996,6.82102681057145,795.687477827369,112.101238862234,33.4922930806062,17.1616797398471,79.0860769058997,98.7335846079883,9.54210704537964,26.23641374455,0,372.789503178686,12.9406771956484,25.8067802829679,1.97549863705923,6.55008607918834,22.8524625078042,21.2744240663859,14.5434725251845,91.6123982803472,13.7777541724292,42.5238414014369,15.2571857166434,54.4860167811527,11.5255669617601,46.6828027641099,13.9129542039439,91.8444942452545,16.3287201545185,19.1687133257644,57.6433558129924,341.262513309165,17.0848293569281,93.1469539374907,610.610557541105,27.7131835702785,32.4252308798176,132.000879595713,31.7391530805577,85.0956026058811,39.9738017518929,42.0518384541531,3.68250542623227,15.1202478045807,8.16888304102899,61.9405538385081,157.497926767779,28.7885470303412,13.8045085443669,199.432557322759,50.8495272150317,326.389765325261,58.7069775916451,"CH vs. BH","BH"
"LOC111128496",97.7145181385164,-1.3936130562163,2.10194752318445,0.000697726424761334,0.0442026847293471,7.55468078882533,2.00525127610619,71.25338938665,10.4964827477031,32.3719981244687,6.97465328221997,0.654671827886109,0,0,9.97957452691517,4.03501588160025,832.835182895064,1.04817815163245,4.46868104374725,5.30301873087858,18.0332447973152,8.58210418971948,26.296042168991,0,10.045833731365,0,7.15907065784001,25.4292183259254,67.1937861523876,343.988924291753,3.56794912412582,1654.85890941397,2.09001681571662,0,0,67.8143910992272,13.6186252134234,0,8.91371273688773,2.0021985272538,6.06520849868823,39.1974824001171,0,14.0160083804096,3.37166418957227,0,6.41566962069995,7.79545921208166,52.6842731180732,2.22717693103776,3.72136589784513,2.01902114586436,9.30424434187056,3.08542451899964,23.1736885387791,6.296739298692,34.5516714229464,8.07902948065263,0,0,2.96324795558884,40.9380379949272,6.15258605979344,0,3.87825934004921,0,15.0302772790136,19.9047768262045,20.3429142888579,1006.04538128057,15.3674226156801,9.33656055282198,4.28090898582889,62.2853466720691,0,0,40.6894276327005,0.580378423995179,3.59680618040592,11.0396389851841,21.5668188093988,114.178316309548,0,2639.13167997066,32.8726942620062,0,16.9380515897851,1405.7328854674,0,4.32007080130877,0,9.91048861416129,41.3936858812754,5.57197684458217,2.12377054528721,18.4446295789834,55.2712252337301,23.8557303559991,60.8417767767959,"CH vs. BH","CH"
"LOC111128126",19.6528896714589,-19.3304446200636,3.25937074752586,8.16502286660053e-10,1.18326490754917e-06,0,40.1050255221238,45.602169207456,7.87236206077731,11.561427901596,22.0864020603632,4.58270279520276,0,0,0,4.03501588160025,19.0968576969569,81.7578958273311,0,0,0,0,4.5078929432556,0,0,0,0,0,0,613.631855268836,0,0,0,0,36.0006226705727,2.08659664920699,0,0,104.736124658431,0,19.9285422099756,0,0,0,0,0,23.5241219425665,5.84659440906124,0,1.48478462069184,1.86068294892256,0,0,0,0,18.890217896076,0,0,0,0,0,111.351463346202,0,0,0,0,0,0,0,0,0,15.1719108983357,0,124.570693344138,0,17.2518419931879,0,4.64302739196143,0,0,41.7857114432103,6.65116405686685,0,0,0,0,0,0,0,123.1220178373,0,0,0,0,0,267.44712889526,0,0,66.1787747396727,"CH vs. BH","CH"
"LOC111128341",846.289619927903,2.16173337143229,2.45508364545095,0.000295957983258056,0.0293264006743784,907.506029757643,36.0945229699114,1424.11774254118,25.3664999736158,538.762540214373,68.5840906084963,50.4097307472304,0,11.0324625820597,41.9142130130437,1853.08104362491,9.54842884847844,802.904464150456,17.874724174989,0,165.30474397539,8.58210418971948,1494.36651068923,0,530.602672538462,0,28.63628263136,4168.27270392461,7721.60705939902,127.608794495328,4.16260731148012,26.7993345654085,7.31505885500817,220.116086890187,15.2729914360005,190.92359340244,1008.91315122778,240.473666192229,0,395.434209132626,36.3912509921294,596.254011124859,6.31709807543521,59.2984969940405,40.4599702748672,17.4145172654358,3.20783481034998,5.84659440906124,16332.1246666027,10.3934923448429,20.4675124381482,13.1236374481184,81.4121379913674,214.951241490308,148.584238278054,65.066306086484,79.9007401655636,129.264471690442,393.766320381874,256.156189475386,29.6324795558884,49.1256455939126,64.1626831949887,57.4409449792418,0,3115.91216532086,135.272495511123,135.714387451394,1301.94651448691,483.56339893273,0,695.573761185237,7125.57300691219,1702.81803698386,5.67955483635425,3.83374266515287,5006.15591307659,16.8309742958602,48.5568834354799,4.82984205601803,40.4377852676228,3423.13243460081,2.0265769299886,4902.63669585687,4344.86334849206,139.517208923596,102.305831602302,3259.01748019687,0,794.893027440815,12.2533245615435,6.19405538385081,319.03426191422,1198.9036843926,0,2.30557869737293,28.7410371215397,331.811522224351,8.53919674060293,"CH vs. BH","BH"
"LOC111131595",7013.04270911367,-5.94132045049163,1.32269283253748,2.33483062838265e-07,0.000235381381653516,4833.107034651,23417.3244023681,1116.30310039085,16877.4695514109,5233.8584110525,25746.932591315,1278.57407986157,2.06363199549655,4740.64917151104,40.9162555603522,21903.0749592966,1287.97695800587,768.314585146586,6.70302156562087,53.0301873087858,16285.0218989088,4.29105209485974,22007.5333489738,8.81007434120036,647.499646867074,11423.4177908552,0,316.805678310488,10333.6471971538,641.372897550429,788.516756431806,21906.222729341,19936.6704051208,609.630268299549,6.54556775828594,2705.27255569686,4600.82555126821,21796.7559364045,9952.16027073515,13464.7850957818,93.5775025511898,519.366641801552,19058.684893588,571.421880124391,20986.0808319452,21529.4652569214,12286.0073236404,2268.47863071576,6862.12657362903,1435.78672820901,1036.40040254987,32.3043383338298,7848.13010236781,0,3463.78485747281,20781.3385987832,3148.52105841599,86.5610301498496,27061.7290183571,2545.31318124236,15152.0745462443,27611.8878668185,20004.6941029855,12585.9492776739,2176.67305460262,30.5374660934491,4044.39711116126,16630.4410382939,14849.3102851518,0,13907.5174671905,5969.56340346055,3151.81924081652,15195.5132203011,2662.29132954106,4881.3128484059,9306.35025672582,2579.20171623457,8292.43664892585,2831.66739969972,2245.64500852865,0,0,2744.55520125851,12153.8285474907,10984.2591224173,13339.0543879876,1099.35520530143,613.137153467673,2860.96688816674,2810.91265441808,49.5524430708064,759.22077518827,2868.63941215239,1202.05412863256,19.5974189276699,88.4339603739682,4951.14840024964,2214.85415459388,"CH vs. BH","CH"
"LOC111131350",15288.2476449528,1.31691477972932,0.619583458715566,3.79443237739793e-06,0.00209479770320776,11598.3236810441,28785.3820685044,14474.8885426,9020.85221475516,14946.6139911833,13473.8676990353,10817.7972839901,8304.0551498781,8031.63275973943,11499.4637273643,12880.7794480384,18142.014812109,17291.7949674805,123543.390475958,23443.3200545315,12039.1945960743,20632.4512351093,10977.4706323179,8235.6574941541,11121.651198233,10096.5346187472,12773.9297747839,13314.3148951491,9053.17969484141,12900.694302632,8802.72514740575,7443.5151755422,15098.2814767369,8446.57444946813,10271.0867407104,20838.8407356302,17002.8535789591,11901.1253021313,9442.96443064044,9434.35946041991,36698.8437088485,16113.180457402,11990.9049968553,19386.295899088,13260.7552575877,14569.8046509584,20261.7539404406,13534.8660569768,10223.8480597955,9087.62427094441,10110.9511444452,8507.14559809949,15332.2316448599,11437.6686919316,40768.6523513845,14032.2835271351,34574.3459573177,16153.4423730306,9817.35232107014,10027.3678499488,18154.8324745743,17631.1942036552,15104.5987767929,11317.9936033173,7315.36668016782,8784.97462081186,31046.2902429093,16764.3459005792,12504.789413361,14026.2574628053,9799.61330923651,9864.07622405642,14436.2953274615,10467.1052924333,16915.1341913721,8923.03605314331,11826.3821414444,10473.509039417,11893.7388370573,18334.770422081,13182.717997245,15641.3208070652,11589.9934626048,16455.8143522843,16384.2042366565,6530.59275812576,9551.70605251162,24446.1354213477,9693.27490819989,10727.81581735,7002.36654277005,12710.2016476619,10374.6711247801,14246.6161287892,11047.8543765841,19544.3906176303,12733.3848693467,15563.6953545298,22113.3173593839,"CH vs. BH","BH"
"LOC111127764",136.745504272703,2.18142717742916,0.662150310653789,1.65318353306349e-06,0.00118689788946973,86.8788290714913,81.2126766823007,94.054473990378,135.579568824498,58.9632822981395,131.355970148476,80.5246348299914,215.649543529389,43.0266040700327,132.728341207972,50.4376985200031,89.1186692524655,215.924699236285,91.6079613968186,1903.78372438541,84.1551423874711,168.423794723245,67.618394148834,109.244921830884,25.5712131343837,192.597138728854,125.2837365122,132.443845447528,218.616402833825,145.363061555547,44.0047058642185,81.5146426364507,253.937043109569,165.340655129495,123.274859447719,145.018467119886,54.4745008536936,119.772598219296,36.7690650396619,54.0593602358526,67.5837518425259,123.622829108062,93.7036214522889,80.8615868100553,152.567804578145,62.4873854818579,118.689887982949,55.5426468860818,385.834823717653,123.237123517423,35.3529760295287,35.3328700526263,79.0860769058997,46.2813677849945,130.181603261965,180.506526562504,221.34664505325,146.576677720412,207.975169215778,138.591968186309,72.1057002526618,78.6010329502601,123.930662061554,181.896325767599,99.8651780062671,40.3530801949148,182.868373561333,240.666847080473,94.5945514431893,76.8642022448404,27.8534534909202,253.254204995296,142.340223778811,173.132150071514,138.439149136135,32.5868126537994,233.964208888028,81.8333577833202,102.508976141569,130.405735512487,79.5276443596582,75.3798593111576,164.152731329076,45.1815091233648,180.23304785031,160.296367699451,63.687073977592,113.13947012665,148.220843405849,100.441646130429,75.1537239774667,161.045439980121,110.046628318513,51.0764544086699,38.2278698151698,136.029143145003,231.033721476992,119.278651779996,50.1677808510422,"CH vs. BH","BH"
"LOC144619664",77.9176270650354,-1.0160712276865,1.24135330723363,0.000517242356290499,0.0393738704914428,181.312338931808,18.0472614849557,30.401446138304,55.9812413210831,38.1527120752667,66.2592061810897,59.5751363376359,57.7816958739033,13.2389550984716,6.98570216884062,42.3676667568026,13.7921750033578,121.588665589364,2.23434052187362,59.6589607223841,73.1348261224452,9.65486721343441,237.415695011462,5.28604460472022,100.45833731365,187.041452034753,19.329490776168,25.4292183259254,21.7670011479566,11.0964169126372,97.5239427261058,318.242097964225,57.475462432207,15.2153977113032,92.7288765757175,136.672080523058,14.7535106478754,71.4921710301223,15.5989972895535,158.17368365305,72.7825019842587,14.322157030812,429.562669129594,63.6111149572435,145.824476199001,48.1460183220873,42.7711308046664,134.471671408409,120.089151960314,176.689369862329,93.9644889205895,51.4850392195413,69.7818325640292,84.3349368526567,50.4368515255781,66.115762636266,0,41.5492944719278,73.9467268322767,43.0113004716132,234.096588491518,81.8760759898543,19.3366990450651,32.9753573028981,146.404290086858,15.2687330467245,13.7777541724292,43.4286039844462,27.4629342899582,49.6211938542641,45.1418039335603,108.537516426555,197.992040594586,150.962789391625,12.0690540272528,6.70904966401753,12.8849854170218,6.96454108794214,97.1137668709599,12.4195938583321,17.5230402826366,106.41862490987,60.7973078996579,683.038108512044,128.090153503679,23.7476100295482,42.6838900062585,74.0913344192221,113.237041856642,8.64014160261755,7.35199473692609,29.7314658424839,183.747581229076,18.5732561486072,11.6807379990797,21.9029976250428,186.816741290008,22.771378976181,9.6065963331783,"CH vs. BH","CH"
"LOC111111622",24.3606851150285,-1.20340682490935,1.84708032736198,0.000848651807959233,0.0490715448158373,3.77734039441266,12.0315076566371,21.851039411906,13.9953103302708,10.4052851114364,9.29953770962662,65.4671827886109,0,4.41298503282386,3.99182981076607,0,274.782563528435,63.9388672495794,0,7.95452809631787,18.0332447973152,0,27.0473576595336,1.76201486824007,0,71.2979792409701,0,2.11910152716045,1.89278270851796,113.183452508899,4.75726549883443,126.180200245465,0,14.201037863883,66.5466055425738,65.7277944500202,2.2697708689039,1.8569395072759,130.363048776983,17.0186874816573,22.527917280842,0,76.8580265844617,6.46892694480442,3.37166418957227,4.09753347422019,33.1476263736164,40.9261608634287,3.87384361162303,6.68153079311328,3.72136589784513,35.3328700526263,39.5430384529499,6.17084903799927,0,26.23641374455,0,2.30829413732932,0,0,100.750430490021,29.4753873563476,1.75788173136955,61.695829792519,0,4.36249515620701,2.50504621316894,21.7143019922231,0,0,16.3278865291601,4.66828027641099,6.42136347874334,60.1739789882702,9.93922096361994,43.1296049829698,1.35631425442335,17.9917311438505,5.39520927060888,1.37995487314801,49.8732684967348,46.558148398068,8.10630771995439,10.6309433231446,9.06832945158791,7.91587000984941,1.35504412718281,0,0,100.441646130429,6.53510643282319,4.95524430708064,6.05761256799152,1.85732561486072,0,109.514988125214,2.21084900934921,2.16870275963628,66.1787747396727,"CH vs. BH","CH"
"LOC144620060",138.843014136433,-1.63936582114606,2.35034181614132,0.000524426569733173,0.0397381662496833,0,505.32332157876,0,640.285447609888,5.78071395079799,805.572454096406,70.7045574116998,1.03181599774827,0,22.9530214119049,12.1050476448007,81.6921134814267,38.7825916104006,0,17.2348108753554,6.01108159910508,1.07276302371494,406.461680383546,0,0.913257611942276,0,0,1.05955076358023,98.424700842934,36.6181758117027,0.594658187354303,538.21996918862,550.719430941329,38.5456742019681,9.81835163742892,12.5195798952419,604.89393656289,431.738435441647,439.000352291721,367.403429751073,1.73291671391092,5.27658416924654,532.741937695036,674.924711241261,5.0574962843584,4.09753347422019,565.648204891713,7.79545921208166,0,3.7119615517296,63.2632202633672,1.00951057293218,394.267353986765,0,141.086868456685,0,9.71765758770368,16.1580589613053,0,0,548.200871783935,540.382101533038,0.878940865684777,21.2744240663859,0,7.63436652336227,1.25252310658447,707.524339913269,10.171457144429,5.83778751226636,0,14.004840829233,187.289768130014,487.725934957558,0.709944354544282,0,678.835284338887,425.417384788466,0.89920154510148,53.1282626161984,0,13.3023281137337,6.07973078996579,12.4027672103354,4.53416472579395,0.989483751231176,489.848451976585,4.00493699563363,23.9362852705097,381.246248215499,4.0844415205145,1.23881107677016,10.0960209466525,63.1490709052646,40.351640360457,9.22231478949172,59.6929232524285,60.7236772698159,3.2021987777261,"CH vs. BH","CH"
"LOC144619542",227.583772096814,-2.87754393934799,2.14150639106379,0.000109256823695139,0.0190405725863321,23.6083774650792,271.711547912389,989.947089878524,190.686103249939,208.105702228728,245.275307091402,2.61868731154444,13.4136079707276,1153.99558608344,2.99387235807455,184.601976583211,54.1077634747112,4.1927126065298,24.5777457406099,41.098395164309,134.24748904668,6.43657814228961,126.972317901699,5.28604460472022,183.564780000397,35.1860157293099,21.47721197352,5.29775381790113,81.3896564662724,479.365210625926,2556.43554743615,261.293512012732,2704.4817595373,100.421624894601,46.9099022677159,388.1069767525,15.8883960823273,315.679716236904,34.5406368554399,25.0274815906725,1315.28378585839,2.26139321539137,157.92745188588,0,2.5287481421792,189.510923182684,146.491123005982,848.73062171539,10.8467621125445,115.070808103618,7.44273179569026,4.03804229172873,782.719555259861,14.3986477553316,22.4921094641091,355.765770376098,0,8.07902948065263,305.030248183142,408.129451141752,5.92649591117768,235.80309885078,3.51576346273911,135.09259282155,26.1782505453321,210.490391286988,18.7878465987671,2.71428774902789,391.601100060515,4.86482292688863,127.741700492841,2038.8714107225,96.3204521811501,166.798047020117,35.4972177272141,71.8826749716164,130.884325551853,1.16075684799036,250.877231083313,37.2587815749963,14.8271879314617,16.6279101421671,49.6511347847206,8.85911943595387,2.26708236289698,6.92638625861823,212.06440590411,0,30.3806697664162,2.16003540065439,15.5208777779551,276.254870119746,719.846293496325,354.749192438398,16.9901643622977,16.1390508816105,4.42169801869841,9.75916241836328,7.47179714802756,"CH vs. BH","CH"
"LOC144617656",50.761868743831,2.90576669219424,2.34651846772785,0.000126721768671896,0.0209465558351098,0,0,0.950045191822,0,10.4052851114364,5.81221106851664,5.23737462308887,20.6363199549655,2.20649251641193,142.707915734887,14.1225555856009,143.226432727177,7.33724706142715,0,17.2348108753554,27.0498671959729,38.6194688537377,84.8986504313138,161.224360443967,53.8821991045943,38.8898068587109,759.577396796825,0,1.89278270851796,0,0.594658187354303,14.5163062229296,1.04500840785831,12.1723181690426,1.09092795971432,1.04329832460349,5.67442717225976,0,8.91371273688773,10.010992636269,66.7172934855705,0,2.1056993584784,35.5790981964243,4.21458023696533,0,4.27711308046664,15.5909184241633,16.2701431688167,4.45435386207552,1.86068294892256,0,18.6084886837411,18.5125471139978,2.7263162986799,7.346195848474,165.200178990963,71.557118257209,0,478.859145250627,16.7917384150034,31.1129088761446,9.66834952253255,0,500.295454866348,3.27187136715526,5.01009242633788,0.904762583009296,2.03429142888579,620.75140547099,93.1649996075607,0,4.28090898582889,32.7261990988838,38.3369951453912,121.721329618604,2.03447138163503,0,0.89920154510148,13.1095712949061,0,24.3876015418451,368.837001257925,0,3.40062354434547,8.90535376108059,3.38761031795702,92.1135508995735,12.8887689918129,1.08001770032719,39.2106385969392,4.95524430708064,52.4993089225932,1.85732561486072,2.12377054528721,63.4034141777556,87.3285358692936,0,4.26959837030146,"CH vs. BH","BH"
"LOC111120564",18.0825095839677,-1.31292529488584,1.9315988592908,0.000734926780154373,0.0452802699755084,5.666010591619,2.00525127610619,22.801084603728,57.7306551123669,4.62457116063839,11.6244221370333,3.92803096731665,0,3.3097387746179,1.99591490538303,23.2013413192014,16.9749846195172,6.2890689097947,0,2.65150936543929,2.00369386636836,0,2.2539464716278,0,1.82651522388455,1.85189556470052,1.431814131568,6.35730458148136,19.8742184394386,123.170227730273,0,213.278037583042,1.04500840785831,0,2.18185591942865,10.4329832460349,38.5861047713663,3.71387901455181,2.22842818422193,34.0373749633146,10.3975002834655,24.1215276308413,6.31709807543521,0,2.5287481421792,14.3413671597707,2.13855654023332,37.0284312573879,17.8196806134659,57.9066002069818,0,0,11.6303054273382,5.14237419833273,0,23.088044095204,0,2.30829413732932,22.184018049683,0,8.88974386676652,0,6.15258605979344,0,2.9086945050369,8.72499031241402,0,9.04762583009296,15.2571857166434,104.107210635417,10.5651030482801,8.16949048371923,2.14045449291445,29.5591475731854,0,0.958435666288219,10.8505140353868,6.96454108794214,26.0768448079429,6.89977436574005,0,15.519382799356,2.0265769299886,240.968048657945,36.2733178063516,0,8.13026476309685,118.145641371192,21.1744062008355,68.0411151206132,0,0,7.06721466265677,13.0012793040251,0,1.15278934868647,24.3193391028413,14.0965679376358,8.53919674060293,"CH vs. BH","CH"
"LOC111118238",36.6213869850547,3.04632901642464,0.731055986036337,9.11210396063198e-07,0.000728559843224737,13.2206913804443,26.0682665893805,8.550406726398,63.8536033818604,41.6211404457455,29.0610553425832,41.2443251568249,111.436127756813,41.9233578118267,18.9611916011388,40.3501588160025,14.8531115420776,11.5299596679569,44.6868104374725,1144.12629118705,31.0572549287096,23.6007865217286,20.2855182446502,25.549215589481,24.6579555224414,61.1125536351172,0.715907065784001,19.0719137444441,4.7319567712949,14.4253419864283,19.0290619953377,50.2487523101409,53.2954288007738,22.3159166432447,18.5457753151435,18.7793698428629,6.80931260671171,12.9985765509313,15.5989972895535,23.0252830634187,38.1241677060403,14.322157030812,28.4269413394584,20.484935325214,16.8583209478613,9.21945031699543,12.8313392413999,11.6931888181225,10.0719933902199,16.3326308276103,12.0944391679967,23.2187431774402,50.0103133375542,25.7118709916636,16.3578977920794,31.48369649346,20.5150549073744,21.9287943046286,7.39467268322767,50.6577538887889,53.3384632005991,29.4753873563476,21.9735216421194,82.9702538589049,20.3608615352583,38.1718326168113,55.1110166897167,27.1428774902789,14.2400400022005,13.6215041952882,36.4976287122403,22.1743313129522,3.21068173937167,23.2250445217885,9.93922096361994,3.83374266515287,10.8505140353868,26.6974075037782,8.9920154510148,2.06993230972201,5.39170470234971,11.0852734281114,24.3189231598632,22.1477985898847,1.13354118144849,39.579350049247,6.77522063591404,20.0246849781681,11.0475162786968,24.8404071075255,26.1404257312928,4.95524430708064,12.115225135983,30.6458726452019,12.7426232717233,29.9725230658481,48.6386782056825,41.2053524330894,10.6739959257537,"CH vs. BH","BH"
"LOC111121377",8.05042454158673,-2.76312975801099,2.48269304632045,0.000159012096459779,0.0222109245820054,0,21.055138399115,15.200723069152,0.874706895641923,2.3122855803192,52.3098996166498,22.2588421481277,0,0,0,15.1313095560009,5.30468269359914,14.6744941228543,0,0,7.01292853228926,5.36381511857468,11.269732358139,0,0,1.85189556470052,0,0,5.67834812555389,11.0964169126372,18.4344038079834,0,0,0,16.3639193957149,12.5195798952419,7.94419804116366,1.8569395072759,5.57107046055483,29.0318786451801,17.3291671391092,3.01519095385517,22.1098432640232,1.07815449080074,3.37166418957227,20.487667371101,7.48494789081661,17.5397832271837,2.32430616697382,3.7119615517296,0,2.01902114586436,10.4672748846044,2.05694967933309,2.04473722400992,15.74184824673,0,0,12.9406771956484,10.5138734486166,10.8652425038257,11.4626506385796,5.27364519410866,14.8920968464701,0,0,0,26.2381149072696,2.03429142888579,0,19.2092782696001,4.66828027641099,0,10.5568384189948,0,14.3765349943233,15.5976139258685,8.70567635992768,0,2.06993230972201,2.69585235117486,3.32558202843343,11.1461731149373,0,7.93478827013942,1.97896750246235,42.0063679426671,0,0.920626356558067,41.0406726124334,0,0,6.05761256799152,6.50063965201253,4.24754109057442,8.06952544080526,4.42169801869841,0,33.0893873698363,"CH vs. BH","CH"
"LOC111121907",251.694503118033,-3.25625418959357,2.8121108149556,0.000111456619929585,0.0190405725863321,1.88867019720633,145.380717517699,392.368664222486,24.4917930779739,320.251552874209,2.32488442740666,725.376385297809,0,2.20649251641193,0.997957452691516,8.0700317632005,622.769748228539,656.159522921913,0,0,14.0258570645785,3.21828907114481,236.664379520919,0,4.56628805971138,7.40758225880209,5.01134946048801,2.11910152716045,13.2494789596257,3473.17849365544,20.8130365574006,31.2658903263099,6.27005044714986,13.1866780164628,679.648118902024,391.236871726311,7.94419804116366,12.9985765509313,1304.74470186194,510.560624449719,545.002306524985,5.27658416924654,0,8.62523592640589,0,0,429.849864586897,316.690530490817,8.52245594557066,0.742392310345921,3.72136589784513,202.911625159368,546.624355084895,8.22779871733236,2.7263162986799,940.313068604672,0,3.46244120599398,5.54600451242075,19.1161335429392,80.0076948008987,3623.83512331095,0.878940865684777,781.83508443968,19.391296700246,8.72499031241402,16.2828003855981,8.14286324708366,2.03429142888579,4.86482292688863,57.6278348088004,9.33656055282198,6.42136347874334,464.50089043577,9.93922096361994,632.567539750224,4.74709989048173,455.01668441222,168.150688933977,1.37995487314801,342.373248599207,109.744206938303,18.2391923698974,7.97320749235849,4.53416472579395,1.97896750246235,1.35504412718281,6.00740549345044,6.44438449590647,1330.5818068031,8.98577134513189,0,13.1248272306483,143.014072344276,6.37131163586163,1567.79351421359,4.42169801869841,3.25305413945443,1039.64720316841,"CH vs. BH","CH"
"LOC111120163",392.922726853545,-2.64225671135651,2.66150290834277,0.000190591425745263,0.0238148932652855,4.72167549301583,617.617393040707,467.422234376424,348.133344465485,797.738525210123,453.352463344298,2242.25101050992,0,1.10324625820597,5.9877447161491,216.882103636013,440.288663568728,2433.86966809055,0,0,5.0092346659209,0,475.582705513466,0,0.913257611942276,14.8151645176042,17.8976766446,4.2382030543209,88.0143959460852,5023.34793635085,2.37863274941721,6.69983364135212,8.36006726286648,18.2584772535639,1298.20427206005,521.649162301747,131.646710396426,24.1402135945867,545.964905134373,769.845333729087,863.858981884594,0,265.318119168279,6.46892694480442,2.5287481421792,19.4632840025459,834.037050690994,1524.98670836347,15.4953744464921,19.3022000689939,15.8158050658418,170.607286825539,471.027369807197,22.626446472664,8.86052797070966,1742.09787263812,0,5.77073534332331,56.384379209611,31.5416203458497,312.128784655358,628.808263602081,170.514527942847,571.21828618246,23.2695560402952,53.4405656635359,5.01009242633788,238.857321914454,0,1.94592917075545,360.173967555003,3.50121020730824,16.0534086968583,1158.08517456373,11.3591096727085,1263.21820816787,163.435867658014,1064.99440803115,8.9920154510148,9.65968411203607,463.686604402075,425.674499639478,36.4783847397948,9.74503137954926,29.4720707176607,126.653920157591,21.0031839713335,6.00740549345044,1.84125271311613,1558.46554157214,10.6195479533377,16.1045439980121,0,0,0,2465.81641684035,15.4759430654444,2.16870275963628,2618.33120058737,"CH vs. BH","CH"
"LOC111122081",142.078466430437,3.38352417088036,0.88611003770616,2.07978662425626e-06,0.001269052959385,43.4394145357456,56.1470357309734,61.75293746843,36.7376896169608,56.6509967178203,34.8732664110998,2539.47202037022,2619.78081828287,31.994141487973,87.8202558368534,56.4902223424035,179.298275043651,109.010527769775,55.8585130468406,15.9090561926357,19.0350917304994,42.9105209485974,90.157858865112,73.123617031963,47.4893958209983,9.25947782350261,21.47721197352,41.3224797796288,401.269934205808,147.582344938075,43.4100476768641,24.5660566849578,40.7553279064741,39.5600340493884,62.1828937037165,93.8968492143145,93.06060562506,33.4249111309663,109.192981026875,59.0648565539871,48.5216679895058,49.7506507386102,38.9554381318505,34.5009437056236,2587.75226549672,43.024101479312,111.204940092133,54.5682144845716,59.6571916189946,23.0141616207235,32.5619516061449,57.5421026571343,47.6842522520866,19.5410219536644,29.3079002108089,78.70924123365,79.9007401655636,39.2410003345985,37.8976975015418,49.701947211642,33.5834768300069,72.0509468710718,22.8524625078042,122.327938381719,39.7521582355044,74.1624176555192,26.3029852382739,149.285826196534,46.7887028643732,50.5941584396418,85.4812882997206,50.1840129714181,40.6686353653745,54.8955597787728,40.4668282090241,77.6332889693457,36.6204848694305,30.1796780477493,61.1457050669007,53.1282626161984,118.617503451694,98.6589335101916,16.2126154399088,54.926540502914,41.9410237135941,25.7265775320106,23.7132722256992,52.0641809432372,29.4600434098581,111.241823133701,59.6328461995117,37.1643323031048,61.5857277745804,70.5783733647075,27.6090170887337,107.209409427841,74.0634418131984,50.9645148514527,124.885752331318,"CH vs. BH","BH"
"LOC111120583",345.797903587837,-1.51427825959296,2.21314489347207,0.000604838982091038,0.0419013483128825,40.6064092399361,4.01050255221238,169.108044144316,34.9882758256769,86.7107092619699,27.8986131288799,10.4747492461777,63.9725918603929,4.41298503282386,16.9652766957558,12.1050476448007,2714.93660258404,2.0963563032649,0,5.30301873087858,6.01108159910508,0,70.6236561110044,0,18.2651522388455,0,0,86.8831626135785,945.444962904722,1296.06149539602,8.32521462296025,7211.25427597533,12.5401008942997,0,8.72742367771459,219.092648166734,21.5628232545871,14.8555160582072,57.9391327897702,8.00879410901521,8.66458356955461,89.7019308771912,0,21.5630898160147,0,0,41.7018525345497,3.89772960604083,75.1525660654867,11.8782769655347,8.37307327015154,2.01902114586436,48.8472827948204,8.22779871733236,15.6763187174094,8.395652398256,100.415795072938,36.9327061972692,88.7360721987321,7.64645341717569,49.3874659264807,73.6884683908689,54.4943336724562,0,3.87825934004921,0,30.0605545580273,19.9047768262045,130.194651448691,2854.67809349825,66.2720100301205,37.3462422112879,0,174.187833913414,0,7.66748533030575,71.8846554844376,12.1879469038988,0,23.4592328435162,32.3502282140983,524.33343314967,0,10719.5345175042,15.8695765402788,43.5372850541717,48.7815885785811,3096.8175318737,0,25.9204248078526,3.2675532164116,9.91048861416129,119.1330471705,1.85732561486072,6.37131163586163,34.583680460594,9.94882054207142,156.146598693812,290.3326891805,"CH vs. BH","CH"
"LOC111120219",92.5428293375943,-1.10604715652108,1.20362647532553,0.000345592130432117,0.0324422863495121,18.8867019720633,40.1050255221238,105.455016292242,40.2365171995285,45.0895688162243,102.294914805893,39.9349815010527,15.4772399662241,26.4779101969432,33.9305533915116,42.3676667568026,44.5593346262327,41.927126065298,64.7958751343351,13.2575468271965,192.354611171363,195.242870316118,21.0368337351928,17.6201486824007,72.1473513434398,10.1854256058529,10.73860598676,23.310116798765,310.416364196946,216.380129796425,249.756438688807,152.979534810873,27.170218604316,10.1435984742021,18.5457753151435,382.890485129483,66.9582406326651,40.8526691600699,80.2234146319895,64.0703528721216,32.9254175643075,195.987412000586,136.870458301096,352.556518491841,18.5441530426475,39.9509513736469,89.8193746897994,96.4688077495105,23.2430616697382,43.0587540000634,304.221662148839,68.6467189593883,29.0757635683455,33.939669708996,21.8105303894392,96.550002579944,30.2327124950781,13.8497648239759,41.5950338431557,22.9393602515271,125.444163453261,37.662994955333,144.146301972303,32.9753573028981,26.1782505453321,29.4468423043973,100.201848526758,74.1905318067622,269.543614327367,360.969861175137,86.4417522132007,9.33656055282198,119.865451603209,54.8955597787728,109.331430599819,44.0880406492581,42.7238990143355,45.2695170716239,44.960077255074,10.3496615486101,57.9608255502594,329.232620814909,0,170.98100511391,24.9379059918667,147.433078933445,35.9086693703444,22.027153475985,23.0156589139517,68.0411151206132,33.4924204682189,24.7762215354032,67.6433403425719,146.728723573997,234.676645254237,46.1115739474586,90.6448093833174,402.294361912531,474.992818696038,"CH vs. BH","CH"
"LOC111121247",358.257235415437,1.71921716909852,2.17601985928638,0.000453224113344106,0.037265629489751,30.2187231553013,608.593762298229,821.78909092603,12.2458965389869,30.0597125441496,25.5737287014732,3.27335913943055,0,2668.75269860023,33.9305533915116,6.05252382240037,963.330377157603,35.6380571555033,268.120862624835,0,48.0886527928406,6.43657814228961,12.0210478486816,1402.5638351191,397.26706119489,27.7784334705078,2428.35676713933,45.5606828339497,1200.97062855465,41.0567425767576,2.37863274941721,13.3996672827042,8.36006726286648,22.3159166432447,0,16.6927731936559,15.8883960823273,556.153382429133,484.68313006827,968.062987927213,51.9875014173276,24.1215276308413,21.056993584784,10.7815449080074,28.6591456113643,12.2926004226606,264.111732718815,11.6931888181225,18.5944493357905,22.2717693103776,66.054244686751,2.01902114586436,0,1303.07762185751,208.563196849012,47.22554474019,0,2.30829413732932,10.167674939438,20.0719402200862,12.840741140885,0,29.0050485675976,673.335521701112,823.160544925444,1764.62929068574,33.8181238777807,9.04762583009296,878.813897278662,2089.92792939136,0.960463913480007,2224.43555170984,217.256131030816,19.0023091541906,17.0386645090628,1122.3281652235,56.2870415585691,745.786274833805,34.1696587138563,0,86.2672752375954,134.131808480148,1092.32496526385,568.755467788239,1187.95115815802,3.9579350049247,18.9706177805593,14.0172794847177,937.197630976112,7.56012390229036,5.7182181287203,359.255212263347,164.565141430436,26.9312214154805,1209.48732554107,1759.15654609555,8.84339603739682,2.16870275963628,6.4043975554522,"CH vs. BH","BH"
"LOC111121702",198.015093400509,-1.40239857745568,2.3038371173397,0.000688032532286299,0.044201868551844,13.2206913804443,2.00525127610619,76.00361534576,2.62412068692577,34.6842837047879,4.64976885481331,2.61868731154444,0,0,1.99591490538303,2.01750794080012,1070.48496756831,0,0,0,4.00738773273672,0,30.8039351122466,3.52402973648014,0.913257611942276,37.0379112940104,2.863628263136,48.7393351246904,51.105133129985,952.072571104271,1.78397456206291,4328.09253231347,0,0,0,132.498887224644,6.80931260671171,0,6.68528455266579,0,8.66458356955461,29.3981118000879,0,25.8757077792177,0,0,17.1084523218665,15.5909184241633,100.719933902199,0.742392310345921,0,2.01902114586436,22.0975803119426,2.05694967933309,2.7263162986799,0,51.8275071344196,25.3912355106225,1.84866817080692,1.91161335429392,0,29.4753873563476,7.910467791163,6.38232721991576,1.9391296700246,0,7.51513863950682,9.04762583009296,42.7201200066016,1097.50405230608,21.1302060965602,0,0,80.2319719843602,0,0.958435666288219,30.5170707245254,1.16075684799036,0,6.89977436574005,21.5668188093988,168.496156107294,0,6216.44410820883,23.8043648104183,29.6845125369353,24.3907942892906,3225.97674998289,0,33.480548710143,8.98577134513189,9.91048861416129,31.2976649346228,0,0,57.6394674343233,63.0091967664524,108.435137981814,121.683553553592,"CH vs. BH","CH"
"LOC144620589",117.174673132172,-2.10681419021138,1.65524248879074,0.000135198501815929,0.0209465558351098,173.757658142983,162.425353364601,4.75022595911,297.400344518254,172.26527573378,126.706201293663,3.27335913943055,0,140.112274792158,20.9571065065218,71.6215318984044,59.4124461683103,563.919845578258,2.23434052187362,6.62877341359823,204.376774369573,49.347099090887,158.527568504489,12.3341040776805,28.3109859702106,88.890987105625,7.87497772362401,57.2157412333322,172.243226475135,256.327230681919,52.924578674533,193.178536658986,192.281547045929,26.3733560329256,8.72742367771459,55.2948112039852,144.130450175398,64.9928827546566,242.898672080191,146.160492489528,8.66458356955461,17.3373479846672,262.159570130561,11.8596993988081,144.138644104214,202.8279069739,229.894828075082,15.5909184241633,3.87384361162303,99.4805695863534,405.628882865119,88.836930418032,131.422451328922,31.8827200296629,240.597413358501,70.313588835394,0,6.92488241198797,497.291737947061,16.2487135114983,133.346158001498,158.839587420317,101.957140419434,94.6711870954171,42.6608527405413,227.940371911816,380.767024401679,161.952502358664,27.4629342899582,20.4322562929323,124.860308752401,2.33414013820549,361.736809302541,61.2296628301697,7.09944354544282,331.618740535724,82.0570123926127,157.862931326689,146.569851851541,48.2984205601803,78.1797181840708,3.32558202843343,17.2259039049031,29.2350941386478,164.363471310031,67.28489508372,103.660875729485,18.0222164803513,132.570195344362,82.0813452248667,7.35199473692609,136.269218444718,19.1824397986398,509.835881279268,367.412304334687,36.8892591579669,33.1627351402381,44.4584065725438,37.3589857401378,"CH vs. BH","CH"
"LOC144620917",44.7816552005887,2.9356792304113,2.60376924553866,0.000141299217735965,0.0211374513654439,26.4413827608887,13.0341332946902,21.851039411906,0,2.3122855803192,1.16244221370333,0,103.181599774827,5.51623129102983,4.98978726345758,3.02626191120019,12.7312384646379,3.14453445489735,8.93736208749449,339.393198776229,5.0092346659209,0,0,5.28604460472022,0.913257611942276,20.3708512117057,4.29544239470401,5.29775381790113,0,28.8506839728567,1.18931637470861,1.11663894022535,0,4.05743938968086,0,14.6061765444489,5.67442717225976,0,4.45685636844386,1.0010992636269,10.3975002834655,4.52278643078275,5.26424839619601,5.39077245400368,11.8008246635029,20.487667371101,0,9.74432401510207,8.52245594557066,0,0,10.0951057293218,0,12.3416980759985,109.734231021866,19.939674445858,28.073233031144,21.9287943046286,6.47033859782421,5.73484006288177,0,0,3.51576346273911,0,1.9391296700246,15.2687330467245,5.01009242633788,3.61905033203718,116.971757160933,0,0,39.6803823494934,39.5984081189172,6.33410305139686,387.629617581178,15.3349706606115,0,3.48227054397107,481.072826629292,4.13986461944403,1.34792617558743,429.000081667912,0,0,2.26708236289698,417.562143019556,20.3256619077421,612.755360331945,11.9681426352549,0,1.6337766082058,27.2538436889435,471.484178208673,28.7885470303412,10.6188527264361,58.7922567830097,43.1115556823095,0,10.6739959257537,"CH vs. BH","BH"
"LOC111111250",164.533516032391,-24.847192105659,3.35855052432129,5.03285104587206e-14,1.16696717200635e-10,3.77734039441266,1375.60237540885,282.163421971134,280.780913501057,0,22.0864020603632,1518.83864069577,0,0,1.99591490538303,0,22.2796673131164,677.123085954562,0,0,0,0,480.090598456721,0,0,0,0,0,0.946391354258981,1924.11869265129,0,0,0,0,1994.21631035778,1.04329832460349,0,0,85.7944850925444,319.350665096981,201.018338813667,0,0,0,2.5287481421792,0,1213.63083658241,362.488853361797,3.87384361162303,0,0,0,0,1.02847483966655,0,0,0,0,0,0,0,0,0,0,0.969564835012302,0,0,1.80952516601859,0,0,0.960463913480007,0,0,1703.87372082576,0,0,0,0,0,0,571.520698449069,130.806226451715,0,0,0,0,0,0,0,1347.86209000834,0,0,0,0.928662807430361,0,10.3751041381782,0,2.16870275963628,920.098448799966,"CH vs. BH","CH"
"LOC111115103",49.8308243335944,-1.30463260608146,2.36973631912622,0.000736216922446486,0.0452802699755084,0,53.1391588168141,97.854654757666,143.451930885275,90.1791376324486,1.16244221370333,0,0,227.268729190429,6.98570216884062,0,162.323290424134,0,0,1.32575468271965,1.00184693318418,0,97.671013770538,0,9.13257611942276,237.968580064017,0,1.05955076358023,0,1.10964169126372,6.54124006089734,159.679368452225,156.751261178746,4.05743938968086,0,0,107.814116272935,72.4206407837602,1.11421409211097,83.0912388810328,0,0.753797738463791,141.081857018053,0,147.510308293787,215.12050739656,52.3946352357163,0,150.305132130973,0,1.86068294892256,4.03804229172873,133.748512414389,1.02847483966655,0,113.341307376456,0,0,0,12.4254868029105,79.0199454823691,60.5882962324922,87.0151457027929,134.028871618231,0,0,0,169.190603022738,36.6172457199443,3.89185834151091,205.539277484722,116.707006910275,92.0395431953212,80.2319719843602,4.25966612726569,0,0,67.9042756074359,227.497990910675,3.44988718287002,0,0,0,0,282.251754180674,0,0.677522063591404,83.1024426593978,149.141469762407,89.6414691271571,0,0,3.02880628399576,8.35796526687325,0,0,0,0,3.2021987777261,"CH vs. BH","CH"
"LOC111115910",219.837100933554,2.0736015790907,2.93014832714945,0.000306245652532847,0.0298357896860468,244.58279053822,8.02100510442476,1609.37655494647,8.74706895641923,0,0,16.3667956971527,0,0,711.543663769051,135.173032033608,6.36561923231896,9.43360336469205,4.46868104374725,0,279.515294358386,0,527.423474360905,0,2315.10804627367,0,0,1566.01602857157,190.224662206055,13.3157002951646,4.16260731148012,1.11663894022535,3.13502522357493,0,2.18185591942865,4.17319329841398,257.618993620593,0.928469753637951,25.6269241185522,942.034407072914,20.7950005669311,4.52278643078275,0,0,0.842916047393067,1.02438336855505,8.55422616093327,8.76989161359186,1269.84593589003,0,0,2.01902114586436,1645.68821796835,53.4806916626603,1.36315814933995,11.544022047602,0,2.30829413732932,4.6216704270173,0,0,0,0,0,3.87825934004921,620.564935970447,0,213.523969590194,199.360560030808,3.89185834151091,0,9.33656055282198,1232.90178791872,4.22273536759791,1.41988870908856,23.0024559909172,91.5512121735762,67.9042756074359,0,0.689977436574005,582.304107853769,460.038847266624,0,3435.56651726291,138.292024136716,0.989483751231176,0.677522063591404,10.0123424890841,0,221.403628567075,0,4.95524430708064,479.560994965995,268.383551347374,6.37131163586163,13.8334721842376,623.459420636476,0,24.5501906292334,"CH vs. BH","BH"
"LOC144621877",5.41509427931695,-1.37659556669061,1.99252870674983,0.000684431841142675,0.044201868551844,13.2206913804443,11.0288820185841,9.50045191822,1.74941379128385,10.4052851114364,3.48732664110998,5.23737462308887,0,9.9292163238537,1.99591490538303,0,0,0,0,0,12.0221631982102,0,0,0,5.47954567165366,12.0373211705534,0,0,0,2.21928338252744,4.16260731148012,6.69983364135212,17.7651429335913,0,0,3.12989497381048,13.6186252134234,0,10.0279268289987,1.0010992636269,5.19875014173276,0,6.31709807543521,9.70339041720663,0,1.02438336855505,21.3855654023332,1.94886480302041,20.9187555027643,3.7119615517296,14.8854635913805,2.01902114586436,2.32606108546764,3.08542451899964,4.08947444801985,4.197826199128,0,0,12.9406771956484,1.91161335429392,9.87749318529613,6.55008607918834,2.63682259705433,0,1.9391296700246,2.18124757810351,0,14.4762013281487,37.6343914343871,4.86482292688863,1.92092782696001,11.6707006910275,11.7724997110295,11.6125222608942,2.83977741817713,0,6.10341414490508,5.80378423995179,7.19361236081184,0,5.39170470234971,21.0620195134117,2.0265769299886,15.946414984717,2.26708236289698,8.90535376108059,2.03256619077421,0,0,6.48010620196316,0,2.47762215354032,3.02880628399576,0.928662807430361,2.12377054528721,0,0,13.0122165578177,13.8761947034798,"CH vs. BH","CH"
"LOC144621867",141.51256450281,-1.78507868602941,2.06300575820774,0.000382212138263269,0.0341873435069904,7.55468078882533,142.37284060354,21.851039411906,275.532672127206,9.24914232127678,92.9953770962662,17.0214675250388,0,20.9616789059134,1.99591490538303,5.04376985200031,305.54972315131,24.1080974875463,0,6.62877341359823,2.00369386636836,17.164208379439,247.182796388515,2.64302230236011,21.9181826866146,12.0373211705534,26.488561434008,30.7269721438266,19.8742184394386,53.2628011806585,27.354276618298,896.661069000958,296.78238783176,0,0,11.4762815706384,532.261268757965,234.902847670402,0,495.544135495316,22.527917280842,49.7506507386102,216.887033923276,98.1120586628671,267.204387023602,96.2920366441745,102.650713931199,28.258539643796,20.9187555027643,5.19674617242144,479.12585934756,6.05706343759309,220.975803119426,4.11389935866618,1518.5581783647,131.18206872275,0,10.387323617982,73.9467268322767,22.9393602515271,12.840741140885,237.440620370577,268.955904899542,135.09259282155,9.69564835012302,11.9968616795693,12.5252310658447,14.4762013281487,38.65153714883,62.2697334641745,480.231956740004,63.0217837315483,0,9.50115457709529,38.3369951453912,10.5427923291704,64.4249270851092,291.34996884558,13.4880231765222,1531.74990919429,47.17741614556,261.612452903429,16.2126154399088,55.8124524465094,22.6708236289698,10.8843212635429,993.92486728859,75.0925686681306,0.920626356558067,1123.21840834028,4.9013298246174,65.6569870688185,32.3072670292881,13.0012793040251,15.9282790896541,0,19.8976410841428,0,2.13479918515073,"CH vs. BH","CH"
"LOC111115403",18.4770909812557,-1.54529546998148,2.11908733111065,0.00056294189270051,0.0406633447540396,0,9.02363074247786,61.75293746843,6.12294826949346,26.5912841736708,8.13709549592329,48.4457152635721,0,4.41298503282386,3.99182981076607,16.140063526401,45.6202711649526,52.4089075816225,0,0,12.0221631982102,0,60.8565547339506,0,9.13257611942276,1.85189556470052,2.147721197352,0,8.51752218833083,8.87713353010975,0.594658187354303,54.7153080710423,14.6301177100163,0,26.1822710331438,2.08659664920699,0,0,220.614390237971,1.0010992636269,23.3943756377974,2.26139321539137,4.21139871695681,0,20.2299851374336,5.12191684277524,13.9006175115166,10.7187564166123,17.8196806134659,8.90870772415105,5.58204884676769,0,119.792145901583,4.11389935866618,1.36315814933995,16.791304796512,0,13.8497648239759,29.5786907329107,31.5416203458497,25.6814822817699,91.7012051086368,7.03152692547822,81.9065326555856,4.84782417506151,27.2655947262938,1.25252310658447,43.4286039844462,2.03429142888579,5.83778751226636,0.960463913480007,1.16707006910275,4.28090898582889,14.7795737865927,0,2.87530699886466,86.1259551558828,7.54491951193732,0.89920154510148,0,45.8294899699725,31.038765598712,5.06644232497149,8.85911943595387,0,4.94741875615588,6.77522063591404,19.0234507292597,6.44438449590647,99.3616284301018,14.7039894738522,0,15.1440314199788,0.928662807430361,3.18565581793082,12.6806828355511,0,2.16870275963628,16.0109938886305,"CH vs. BH","CH"
"LOC111115635",36.5866571154221,-2.35834521173802,2.03172302297597,0.000173081266762672,0.0234692124703279,11.332021183238,13.0341332946902,40.851943248346,9.62177585206116,9.24914232127678,10.46197992333,26.1868731154444,0,0,7.98365962153213,26.2276032304016,45.6202711649526,37.7344134587682,0,0,37.0683365278147,0,45.078929432556,12.3341040776805,2.73977283582683,14.8151645176042,5.72725652627201,3.17865229074068,5.67834812555389,93.2099020661524,7.13589824825164,11.1663894022535,1.04500840785831,23.3302764906649,108.001868011718,49.0350212563643,29.5070212957507,13.9270463045693,404.459715436281,62.0681543448678,37.2577093490848,15.8297525077396,0,2.15630898160147,3.37166418957227,4.09753347422019,36.3554611839664,14.6164860226531,22.4682929474135,340.758070448778,1.86068294892256,17.1616797398471,54.6624355084895,0,2.7263162986799,61.917936437138,0,18.4663530986346,1.84866817080692,2.86742003144088,24.6937329632403,32.7504303959417,3.51576346273911,486.120589916917,10.6652131851353,38.1718326168113,8.7676617460913,27.1428774902789,5.08572857221448,5.83778751226636,45.1418039335603,5.83535034551373,13.9129542039439,45.3944052016775,3.54972177272141,31.6283769875112,21.7010280707736,24.9562722317927,12.5888216314207,6.89977436574005,53.9170470234971,9.97674608530028,4.0531538599772,10.6309433231446,28.3385295362122,5.93690250738706,2.71008825436562,5.00617124454204,351.679268205182,32.4005310098158,0,0,62.5953298692457,10.215290881734,16.9901643622977,74.9313076646202,6.63254702804762,4.33740551927257,98.2007625169337,"CH vs. BH","CH"
"LOC144621935",23.6493391353664,1.1314044973766,1.3463128871779,0.000470515362512754,0.037750310417243,11.332021183238,5.01312819026548,15.200723069152,11.371189643345,16.1859990622344,20.9239598466599,11.78409290195,36.1135599211896,9.9292163238537,164.6629796941,21.1838333784013,7.42655577103879,5.24089075816225,20.1090646968626,296.969048929201,7.01292853228926,9.65486721343441,29.3013041311614,2.64302230236011,38.3568197015756,2.77784334705078,3.57953532892001,16.9528122172836,13.2494789596257,8.87713353010975,20.2183783700463,5.58319470112676,13.585109302158,9.12923862678193,3.27278387914297,25.0391597904839,2.2697708689039,1.8569395072759,12.2563550132206,8.00879410901521,61.5185433438377,53.5196394309292,1.0528496792392,36.6572526872251,23.6016493270059,15.3657505283257,73.7802006380495,1.94886480302041,13.9458370018429,2.22717693103776,13.9551221169192,10.0951057293218,33.7278857392808,18.5125471139978,111.778968245876,37.780435792152,0,35.7785591286045,81.3413995155044,6.69064674002873,26.6692316002996,18.0127367177679,11.4262312539021,45.7400117427296,6.78695384508611,37.0812088277596,30.0605545580273,15.380963911158,11.1886028588719,0,8.64417522132007,32.6779619348769,6.42136347874334,5.27841920949739,30.5276072454041,32.5868126537994,27.8044422156787,25.5366506557879,29.6736509883489,6.89977436574005,33.6981543896857,12.1938007709226,9.11959618494869,18.6041508155031,12.4689529959334,6.92638625861823,2.03256619077421,58.0715864366876,7.36501085246453,2.16003540065439,39.2106385969392,6.19405538385081,28.2688586506271,18.5732561486072,13.8045085443669,11.5278934868647,2.21084900934921,7.59045965872699,4.26959837030146,"CH vs. BH","BH"
"LOC111112083",430.207915793382,-2.56886702339426,2.99405761119723,0.000203235126229548,0.0245438170410653,3.77734039441266,0,2.850135575466,1455.51227434816,5.78071395079799,1850.6080042157,877.260249367386,1.03181599774827,8.82597006564773,0,1819.79216260171,31.8280961615948,2547.07290846685,2.23434052187362,17.2348108753554,1179.17384035778,2560.68533760755,0.7513154905426,5.28604460472022,3.6530304477691,1.85189556470052,0,0,2629.07518213145,8.87713353010975,1.78397456206291,1681.65824397938,6.27005044714986,6.08615908452129,794.195554672028,0,5.67442717225976,0,0,2.0021985272538,2.59937507086638,8.2917751231017,1372.91598172792,0,6.74332837914453,6.14630021133029,5.3463913505833,3058.74330834054,6.97291850092145,270.973193276261,4.65170737230641,2.01902114586436,2.32606108546764,0,2.7263162986799,803.883717133012,46.4288084745842,1806.24016246019,9.24334085403459,2.86742003144088,1513.23195598737,78.6010329502601,4.39470432842389,0,4.84782417506151,887.767764288127,8.7676617460913,1708.19175672155,1332.46088592019,0,2.88139174044002,0,7.49159072520056,1267.87629412127,97.2623765725666,0,2475.27351432262,6.96454108794214,751.732491704838,26.9091200263862,2.69585235117486,0,2.0265769299886,0.885911943595387,586.040790808868,0.989483751231176,7.45274269950545,4.00493699563363,8.2856372090226,0,0,2.47762215354032,8.07681675732202,14.8586049188858,560.675423955823,11.5278934868647,2280.49075314371,1842.31299431102,2.13479918515073,"CH vs. BH","CH"
"LOC111114672",31.5058221049743,-1.26275114038713,1.75064110239591,0.000688055017203088,0.044201868551844,10.3876860846348,0,17.100813452796,2.62412068692577,10.4052851114364,0,2.61868731154444,8.25452798198618,1.10324625820597,1.99591490538303,5.04376985200031,192.029513508289,3.14453445489735,4.46868104374725,9.28028277903752,0,1.07276302371494,3.0052619621704,3.52402973648014,10.045833731365,24.0746423411068,1.431814131568,10.5955076358023,14.1958703138847,35.508534120439,1.18931637470861,637.600834868676,2.09001681571662,2.02871969484043,0,21.9092648166734,0,0,5.57107046055483,27.0296801179263,10.3975002834655,17.3373479846672,0,2.15630898160147,19.3870690900405,0,7.48494789081661,3.89772960604083,53.4590418403978,2.96956924138368,1.86068294892256,2.01902114586436,8.14121379913674,19.5410219536644,3.40789537334987,2.098913099564,18.3555754434403,16.1580589613053,1.84866817080692,5.73484006288177,9.87749318529613,18.0127367177679,12.3051721195869,0,13.5739076901722,0,2.50504621316894,6.33333808106507,1.0171457144429,27.2430083905763,20.1697421830802,16.3389809674385,2.14045449291445,17.9466253122911,2.83977741817713,1.91687133257644,17.6320853075036,0.580378423995179,15.2864262667252,2.75990974629602,18.870966458224,18.8449648277894,8.10630771995439,848.703641964381,4.53416472579395,27.7055450344729,4.06513238154843,426.525790034982,1.84125271311613,6.48010620196316,68.6186175446436,8.67167753739113,5.04801047332626,2.78598842229108,0,20.7502082763564,16.581367570119,8.67481103854514,10.6739959257537,"CH vs. BH","CH"
