"Gene","baseMean","log2FoldChange","lfcSE","pvalue","padj","B1_B1_O01","B1_W5_O50","B2_B5_O51","B2_C4_O40","B3_B4_O41","B3_C3_O30","B3_C6_O66","B3_H4_O41","B3_W1_O06","B3_W4_O41","B4_B2_O19","B4_B3_O32","B4_C5_O56","B4_H1_O07","B4_H5_O55","B4_W2_O19","B4_W6_O67","B5_B6_O69","B5_H2_O21","B5_W3_O33","B6_C2_O24","B6_H3_O35","B6_H6_O72","C_W5_W52","C1_C4_W37","C1_H2_W13","C1_H6_W62","C2_B2_W16","C2_C1_W03","C2_H1_W04","C2_W2_W15","C3_B3_W30","C3_C2_W17","C3_W3_W29","C4_B1_W07","C4_B5_W56","C4_C6_W67","C4_H5_W56","C5_B4_W46","C5_C3_W33","C5_W1_W09","C5_W4_W45","C6_B6_W71","C6_C5_W59","C6_H3_W36","C6_H4_W48","C6_W6_W72","H1_B2_B13","H1_B6_B61","H1_C6_B62","H1_W4_B38","H1_W5_B49","H2_B5_B51","H2_C1_B04","H2_H1_B03","H2_W2_B16","H3_B4_B41","H3_C5_B54","H3_H4_B41","H3_H6_B66","H3_W3_B30","H3_W6_B66","H4_H2_B19","H4_W1_B07","H5_B1_B09","H5_B3_B34","H5_C2_B22","H5_C4_B46","H6_C3_B36","H6_H3_B35","W1_C1_G02","W1_C6_G61","W1_H5_G49","W1_W1_G01","W1_W6_G62","W2_B2_G04","W2_B6_G64","W2_C2_G15","W3_B5_G54","W3_C3_G29","W3_H2_G18","W3_H3_G30","W4_C5_G55","W4_H1_G08","W4_W5_G56","W5_B2_G21","W5_C4_G45","W5_H4_G46","W5_W2_G22","W6_B3_G35","W6_B4_G48","W6_H6_G71","W6_W3_G36","W6_W4_G48","pair","DEG_group"
"LOC111102852",22.1112270480672,2.62610091683186,1.95703916707524,0.0001994410988625,0.0423320804282583,2.8330052958095,4.01050255221238,37.051762481058,2.62412068692577,57.8071395079799,0,17.6761393529249,4.12726399099309,0,3.99182981076607,0,89.1186692524655,29.3489882457086,20.1090646968626,7.95452809631787,22.040632530052,0,10.5184168675964,1.76201486824007,21.9181826866146,9.25947782350261,1.431814131568,4.2382030543209,32.1773060448053,8.87713353010975,4.75726549883443,266.876706713859,1.04500840785831,0,4.3637118388573,10.4329832460349,2.2697708689039,2.78540926091385,4.45685636844386,7.00769484538831,1.73291671391092,63.3190100309585,15.792745188588,6.46892694480442,3.37166418957227,0,13.9006175115166,2.92329720453062,38.7384361162303,2.22717693103776,7.44273179569026,4.03804229172873,0,3.08542451899964,2.04473722400992,18.890217896076,0,10.387323617982,3.69733634161384,8.60226009432265,19.7549863705923,3.27504303959417,9.66834952253255,25.529308879663,0.969564835012302,34.8999612496561,1.25252310658447,8.14286324708366,74.2516371543314,26.2700438051986,8.64417522132007,25.6755415202604,1.07022724645722,6.33410305139686,33.3673846635812,3.83374266515287,4.74709989048173,78.3510872393491,8.09281390591332,10.3496615486101,10.7834094046994,28.8217109130897,35.4650962748005,340.190186340629,9.06832945158791,3.9579350049247,6.09769857232264,259.319670467277,17.4919007746033,4.32007080130877,21.2390959066754,7.43286646062097,18.1728377039746,9.28662807430361,2.12377054528721,0,8.84339603739682,5.42175689909071,6.4043975554522,"CB vs. WB","WB"
"LOC144622074",201.360548529976,-2.17496193098518,0.785607329572243,2.36409427320516e-05,0.0101511581320015,162.425636959745,42.11027679823,128.25610089597,223.05025838869,175.733704104259,210.402040680302,185.926799119655,156.836031657737,153.351229890629,137.718128471429,120.041722477607,143.226432727177,115.299596679569,332.91673775917,123.295185492927,160.295509309469,135.168140988082,144.252574184179,187.654583467568,40.1833349254601,87.9650393232748,113.829223459656,67.8112488691345,66.2473947981287,249.669380534337,48.1673131756986,116.130449783437,88.8257146679563,182.584772535639,290.18683728401,181.533908481008,86.2512930183483,215.404982844005,135.934119237538,111.122018262586,2253.65818644115,96.4861105233653,128.447660867183,15.0941628712103,187.127362521261,179.267089497133,99.4428791208493,2153.49560733756,115.440539626366,163.326308276103,124.665757577812,92.8749727097607,94.2054739614394,55.5376413419934,99.5105449018162,91.302719831034,164.120439258995,32.3161179226105,150.666455920764,327.841690261408,57.2894604747176,201.415146935042,77.3467961802604,45.7400117427296,82.4130109760456,174.49980624828,103.959417846511,127.571524204311,172.914771455292,129.404289855238,117.176597444561,162.222739605282,69.5647710197195,154.129840917324,209.433584590563,197.437747255373,145.125625223299,159.023688174679,112.400193137685,136.615532441653,233.191228376625,117.503898337981,229.003193088712,87.7052824159434,148.493894769752,61.3479925763329,249.328119401637,103.127127637566,98.5070201517131,206.283380762494,160.926995908271,195.732150129685,173.651560282424,90.080292320745,147.602052897461,148.709825980554,1801.8419426196,132.290868337813,162.244738071456,"CB vs. WB","CB"
"LOC111102559",367.214333569606,2.95991220892502,1.62083890511751,9.02113692141384e-05,0.0258238397280028,2043.54115337725,44.1155280743362,25.651220179194,55.9812413210831,54.3387111375011,170.879005414389,83.797993969422,1919.17775581179,34.200634004385,62.8713195195655,48.420190579203,306.61065969003,31.4453445489735,2140.49821995493,82.196790328618,22.040632530052,74.0206486363305,44.3276139420134,2062.438403275,70.3208361195552,62.0385014174675,23.624933170872,41.3224797796288,10.4103048968488,52.1531594893948,48.1673131756986,10.0497504620282,37.6203026828991,75.0626287090959,46.9099022677159,38.6020380103293,49.9349591158858,12.0701067972934,227.299674790637,57.0626580267333,28.5931257795302,103.270290169539,28.4269413394584,87.3305137548597,2153.65050108929,24.5852008453212,36.3554611839664,27.2841072422858,50.3599669510993,35.6348308966042,59.541854365522,44.418465209016,115.140023730648,215.979716329974,2587.27416744722,38.829892341934,4940.88901348134,33.4702649912752,28.6543566475072,87.9342142975204,361.516250581838,131.001721583767,77.3467961802604,40.4214057261331,105.682567016341,22.9030995700868,3991.79114068471,23.5238271582417,219.703474319666,227.673712978388,135.425411800681,17.5060510365412,17.1236359433156,64.3967143558681,26.9778854726827,56.5477043110049,11.5286711625985,29.0189211997589,14.3872247216237,83.4872698254546,222.407818971926,151.868245965126,24.3189231598632,23.9196224770755,209.70511856797,88.0640538595747,17.6155736533765,43.0530727030615,86.5388775164583,65.8810797199588,206.672740938034,2848.0266654946,23.2208481773008,39.0038379120752,204.943857620216,3577.1053489741,29.8464616262143,53.133217611089,48.0329816658915,"CB vs. WB","WB"
"LOC111102991",413.014322553395,-4.64023576234891,1.71730714226228,1.76390685421449e-05,0.00786532850551373,0.944335098603166,861.255423087609,6.650316342754,76.0994999208473,764.210384295494,152.279929995136,1.30934365577222,2.06363199549655,1236.73905544889,6.98570216884062,92.8053652768057,1008.95064832256,55.5534420365198,2.23434052187362,1019.50535101141,1091.01131023757,8.58210418971948,760.331276429111,5.28604460472022,342.471604478353,1.85189556470052,1014.44031221593,30.7269721438266,2.83917406277694,17.7542670602195,923.504164961233,115.013810843211,959.317718413928,37.5313143545479,2.18185591942865,830.465466384382,995.294526014361,66.8498222619325,1246.80556907217,1794.97097968303,8.66458356955461,6.03038190771033,1217.09422920052,6.46892694480442,637.244531829159,814.384778001263,52.3946352357163,714.258950306982,3.87384361162303,841.872879932274,3.72136589784513,1286.1164699156,945.543831242595,838.206994328234,12.2684233440595,612.882625072688,53.9869865983538,4.61658827465864,898.452731012162,899.41408319529,771.432217771628,635.358349681269,593.285084337225,352.091718298686,1009.31699324781,752.530414445709,7.51513863950682,1014.23885555342,5.08572857221448,1195.77347542923,1041.14288221233,3.50121020730824,262.20567538202,700.974071021253,29.1077185363155,10.5427923291704,579.824343765982,678.462377650364,14.3872247216237,1.37995487314801,13.4792617558743,6.65116405686685,449.900078457469,3.54364777438155,0,0.989483751231176,86.0453020761084,9.01110824017567,15.6506480614871,467.647664241675,44.1119684215566,0,1372.04924665008,646.349313971532,8.49508218114884,4.61115739474586,638.93536370192,4.33740551927257,1.06739959257537,"CB vs. WB","CB"
"LOC144619712",77.7994855497043,-24.1782727862148,2.27561882609015,8.97294435421629e-27,6.93518869137377e-23,0,201.527753248672,0,0,320.251552874209,0,0,0,268.08884074405,0.997957452691516,3.02626191120019,48.8030807811121,0,0,68.9392435014216,167.308437841758,0,235.161748539834,0,0.913257611942276,0,98.7951750781921,0,0,0,9.51453099766885,0,154.66124436303,0,0,57.3814078531922,215.628232545871,0,368.80486448873,260.285808542994,0,0,172.667347395229,0,159.31113295729,132.145454543601,3.20783481034998,36.0539988558777,0,230.884008517581,0,16.1521691669149,188.410947922879,155.299700789648,0,119.638046675148,0,0,106.298419821398,78.3761475260508,645.000304999837,194.865060855853,181.940759196749,104.244677925291,46.5391120805905,145.052963943883,3.75756931975341,230.71445866737,0,152.755439904303,407.236699315523,0,11.7724997110295,174.187833913414,0.709944354544282,0,177.677167329459,326.17267428529,0,1.37995487314801,0,0,96.2624041744584,0,0,1.97896750246235,0,0,0,307.80504459325,0,0,64.6145340585762,141.156746729415,0,0,18.7922165794682,0,0,"CB vs. WB","CB"
"LOC111104559",149.630988132985,5.82334157738798,1.41728829357274,1.07521521851328e-06,0.00131215869850881,3.77734039441266,674.767054409733,4.75022595911,34.9882758256769,0,32.5483819836932,624.556923803348,1.03181599774827,3.3097387746179,37.9223832022776,59.5164842536037,8.48749230975862,0,0,50.3786779433465,14.0258570645785,38.6194688537377,13.5236788297668,121.579025908565,7.30606089553821,66.6682403292188,8.59088478940801,72.0494519234554,547.014202761691,156.459478468184,0.594658187354303,830.779371527662,0,8.11487877936172,17.4548473554292,11.4762815706384,19.2930523856832,9.28469753637951,6.68528455266579,1.0010992636269,5.19875014173276,3.01519095385517,25.2683923017408,7.54708143560516,2.5287481421792,2.0487667371101,5.3463913505833,0,49.5851982287747,4.45435386207552,159.088392132879,8.07608458345745,0,66.8508645783254,599.108006634907,0,9.71765758770368,4.61658827465864,3.69733634161384,0,2110.82029369778,24.5628227969563,18.4577581793803,0,20.3608615352583,7.63436652336227,157.817911429643,2.71428774902789,2.03429142888579,1.94592917075545,2.88139174044002,5.83535034551373,99.5311339205217,80.2319719843602,8.51933225453138,9.58435666288218,0,1.74113527198554,65.6417127924081,14.4895261680541,20.2188926338114,993.240499158783,50.6644232497149,2.65773583078616,866.025462626645,111.811663889123,473.587922450392,411.507276301355,414.28186045113,18.3603009055623,2191.71131990808,260.150326121734,18.1728377039746,174.588607796908,5.30942636321803,816.174858870017,116.069572990833,36.8679469138168,6.4043975554522,"CB vs. WB","WB"
"LOC144623030",584.627644889003,-6.26821594083647,1.71141510598104,1.72455400957227e-06,0.0019041539914263,8.4990158874285,1553.06711334424,0,1.74941379128385,1942.31988746812,1.16244221370333,5.89204645097498,2160.62269928488,1931.78419811865,15.9673192430643,3.02626191120019,11.6703019259181,5.24089075816225,0,54.3559419915055,1572.89968509916,2.14552604742987,1534.18623168799,10.5720892094404,5.47954567165366,0.925947782350261,4.29544239470401,170.587672936416,30.2845233362874,814.477001387569,10.1091891850232,2.2332778804507,1960.43577314219,1.01435984742021,42.5461904288586,6.25978994762097,2345.80819301218,6.49928827546566,1772.71462054855,1877.06111930044,7.79812521259915,4.52278643078275,2187.82163345906,11.8596993988081,3600.09443841579,1569.35532062633,6.41566962069995,104.264266961592,7.74768722324605,1757.98499089914,1225.25972186551,26.2472748962367,1778.27369984001,4.11389935866618,47.0289561522282,1224.71579359559,1.07973973196708,4.61658827465864,1432.71783237536,148.150034957779,1188.26243019112,1308.37969431787,1240.18556148122,1.06372120331929,2.9086945050369,14.1781092576728,10.0201848526758,1829.4299428448,5.08572857221448,1.94592917075545,1984.3184452497,1.16707006910275,1452.29837344245,1038.79290042909,1586.01568805193,3.83374266515287,1313.59035540902,1066.15516487914,7.19361236081184,1450.33257167856,0,16.6279101421671,18.2391923698974,0.885911943595387,0,2.96845125369353,14.2279633354195,915.128103502284,3.68250542623227,896.414691271571,0.816888304102899,1.23881107677016,29.2784607452923,1416.2107813313,8.49508218114884,0,1102.10823116058,5.42175689909071,2.13479918515073,"CB vs. WB","CB"
"LOC111102730",1079.80925578523,2.79930261751118,2.7629869583419,0.000250121209136162,0.0472530521398697,9.44335098603166,3559.32101508849,19.00090383644,3904.69158214555,106.365136694683,0,3509.04099746954,3981.77793531059,90.4661931728892,4627.52870813056,3778.79237311863,12.7312384646379,6.2890689097947,536.24172524967,2370.44937270273,5.0092346659209,979.432640651736,14.2749943203094,11.4530966435605,84.0197002986894,968.541380338373,7.15907065784001,4.2382030543209,43.5340022959131,4.43856676505487,1.18931637470861,14.5163062229296,2.09001681571662,8694.07825223866,2180.76499146893,2524.78194554046,5.67442717225976,5.57081852182771,26.7411382106632,4.0043970545076,129.102295186364,6.03038190771033,3.1585490377176,38.8135616688265,6.74332837914453,27.6583509509863,0,4.87216200755104,0.774768722324605,3634.01035914328,2880.33720493213,1.00951057293218,60.4775882221586,0,2901.48212087008,29.384783393896,9.71765758770368,4835.87621770493,45.2923701847695,1.91161335429392,2.96324795558884,967.775218200078,2.63682259705433,1.06372120331929,3.87825934004921,0,6.26261553292235,3978.24107749187,4053.32567205494,30.1619021467095,4825.37070132356,8.16949048371923,10.7022724645722,2592.75951570512,827.795117398632,2511.10144567513,7.45972839932843,104.468116319132,53.9520927060888,23.4592328435162,1795.43766588245,3893.14802795273,0,4348.05581916616,3500.37516831293,2.96845125369353,0,3970.89503117074,118.760799995991,3.24005310098158,6192.83023340408,53.2688763011169,2.01920418933051,12.0726164965947,5.30942636321803,3.4583680460594,5.52712252337301,869.64980661415,3.2021987777261,"CB vs. WB","WB"
"LOC144620030",426.09995505378,-25.3495025466093,2.51484534374326,2.45146530178448e-24,1.42105314881192e-20,0,1974.16988132655,829.389452460606,0,1553.8559099745,1505.36266674581,0,632.503206619691,310.012198555877,0,0,0,0,0,0,619.141404707823,0,432.006407061995,0,0,1434.29311486055,410.214748694233,0,0,21.0831921340107,457.292146075459,0,582.069683177078,0,0,642.671767955753,633.266072424189,1050.09929136452,416.716070449501,218.239639470664,664.573559784838,0,853.861089862993,446.355959191505,2280.08790819825,842.043128952249,0,0,1397.68277507359,1109.13411165681,4.65170737230641,426.013461777381,131.422451328922,0,0,534.173383839038,627.328784272871,1483.07898323409,736.694266066557,0,760.566975267802,740.159726948283,3679.24646375648,543.561534896159,0,0,0,1287.47715562223,502.469982934791,8.75668126839954,342.885617112363,921.98535459117,68.4945437732623,783.317410689412,0,0,1154.90158764148,583.86069453915,0,0,0,0,0,0,887.562745074166,940.009563669617,0,0,428.091255799501,253.80415957689,0,0,230.189277583678,30.6458726452019,0,0,97.277356411365,0,548.643390583738,"CB vs. WB","CB"
"LOC111101591",132.43471891554,5.92320909723028,1.38060748041247,6.51359170277012e-07,0.00100687100541421,28.330052958095,10.026256380531,19.00090383644,3.49882758256769,5.78071395079799,9.29953770962662,17.0214675250388,0,2.20649251641193,5.9877447161491,4.03501588160025,369.2059154745,27.2526319424437,13.4060431312417,1.32575468271965,8.01477546547344,8.58210418971948,7.513154905426,3.52402973648014,122.376520000265,0,0,14.8337106901232,179.814357309206,223.037979944007,8.91987281031455,1277.4349476178,0,12.1723181690426,10.9092795971432,70.9442860730377,4.5395417378078,0,11.1421409211097,1.0010992636269,10.3975002834655,17.3373479846672,0,8.62523592640589,3.37166418957227,0,14.9698957816332,0,17.0449118911413,7.42392310345921,1.86068294892256,30.2853171879654,11.6303054273382,80.2210374939905,7.49736982136972,0,4.3189589278683,2.30829413732932,5.54600451242075,3.82322670858784,3.95099727411845,3.27504303959417,1.75788173136955,5.31860601659647,15.5130373601968,15.2687330467245,5.01009242633788,21.7143019922231,16.2743314310863,133.296148196749,7.68371130784006,18.673121105644,4.28090898582889,46.450089043577,4.25966612726569,41.2127336503934,21.0228709435619,2.32151369598072,0,5.51981949259204,91.6589799399451,55.4263671405571,12.1594615799316,2992.61054546522,13.6024941773819,0,9.48530889027966,780.962714148558,1820.0783069153,54.0008850163597,14.7039894738522,3347.26752943298,19.1824397986398,1.85732561486072,4.24754109057442,23.0557869737293,2.21084900934921,55.3019203707252,70.4483731099742,"CB vs. WB","WB"
"LOC111100784",47.3179453471497,-2.67810151241574,1.20075572060298,5.19140240220692e-05,0.0179661264925331,24.5527125636823,20.0525127610619,14.25067787733,22.74237928669,24.2789985933516,9.29953770962662,11.1294210740639,61.9089598648964,11.0324625820597,5.9877447161491,19.1663254376012,79.570240403987,75.4688269175364,15.6403836531154,13.2575468271965,19.0350917304994,65.438544446611,68.3697096393766,3.52402973648014,29.2242435821528,20.3708512117057,17.181769578816,11.6550583993825,10.4103048968488,5.54820845631859,16.0557710585662,15.6329451631549,12.5401008942997,17.2441174061436,27.2731989928581,23.9958614658804,13.6186252134234,23.2117438409488,38.9974932238838,12.0131911635228,621.250641937065,15.8297525077396,29.4797910186976,596.219433412807,16.0154049004683,22.5364341082111,37.4247394540831,56.517079287592,6.19814977859684,43.8011463104093,6.51239032122897,21.1997220315758,34.8909162820146,13.3701729156651,10.2236861200496,7.346195848474,559.305181158945,609.389652254941,0.924334085403459,21.9835535743801,13.8284904594146,14.7376936781738,11.4262312539021,7.44604842323505,23.2695560402952,50.1686942963806,21.292892811936,13.5714387451394,11.1886028588719,21.40522087831,48.9836595874804,18.673121105644,63.1434075409762,16.8909414703916,15.6187757999742,4.79217833144109,2.7126285088467,14.5094605998795,45.8592788001755,22.0792779703682,14.8271879314617,59.8604765118017,16.2126154399088,31.0069180258386,21.5372824475213,24.7370937807794,13.5504412718281,18.0222164803513,13.809395348371,44.2807257134149,21.2390959066754,18.5821661515524,20.1920418933051,10.215290881734,3.18565581793082,12.6806828355511,11.054245046746,22.771378976181,38.4263853327132,"CB vs. WB","CB"
"LOC111123811",64.3283119817875,2.65914578851278,1.70242999655034,0.000139891288406662,0.0317600377377661,7.55468078882533,12.0315076566371,796.137870746836,32.3641551387512,129.487992497875,140.655507858103,14.4027802134944,41.2726399099309,12.1357088402656,14.9693617903727,4.03501588160025,94.4233519460646,47.1680168234602,75.9675777437032,13.2575468271965,16.0295509309469,25.7463125691584,40.5710364893004,1.76201486824007,40.1833349254601,12.0373211705534,4.29544239470401,34.9651751981475,666.259513398322,38.8374591942301,1.18931637470861,107.197338261634,24.0351933807411,2.02871969484043,87.2742367771459,30.2556514135014,10.2139689100676,16.7124555654831,436.771924107499,12.0131911635228,4.3322917847773,12.8145615538845,15.792745188588,3.23446347240221,12.643740710896,262.242142350092,12.8313392413999,3.89772960604083,92.197477956628,6.68153079311328,30.7012686572223,8.07608458345745,17.4454581410073,11.313223236332,3.40789537334987,3.148369649346,37.7908906188476,26.5453825792872,11.0920090248415,0.955806677146961,23.7059836447107,32.7504303959417,110.746549076282,52.1223389626454,2.9086945050369,63.2561797650016,18.7878465987671,18.0952516601859,42.7201200066016,30.1619021467095,2.88139174044002,131.87891780861,8.56181797165778,25.3364122055874,7.09944354544282,143.765349943233,4.74709989048173,75.4491951193732,1.79840309020296,72.4476308402705,6.73963087793714,349.18611298551,54.7175771096921,364.109808817704,1.13354118144849,3.9579350049247,11.5178750810539,580.715864366876,9.20626356558067,0,35.9430853805276,14.8657329212419,15.1440314199788,17.6445933411769,35.042213997239,19.5974189276699,8.84339603739682,8.67481103854514,19.2131926663566,"CB vs. WB","WB"
"LOC111113280",174.810743192585,2.78671415230822,2.81584043518399,0.000250663104895156,0.0472530521398697,1.88867019720633,6.01575382831857,34.201626905592,3.49882758256769,32.3719981244687,0,9.16540559040553,0,4.41298503282386,5.9877447161491,6.05252382240037,752.204005952357,2.0963563032649,0,7.95452809631787,4.00738773273672,2.14552604742987,42.0736674703856,0,1.82651522388455,0,0.715907065784001,21.1910152716045,28.3917406277694,1279.41687002707,0,4053.39935301803,6.27005044714986,0,0,115.806114030988,9.07908347561561,0,20.0558536579974,4.0043970545076,5.19875014173276,43.7202688308999,0,8.62523592640589,0,2.0487667371101,8.55422616093327,4.87216200755104,82.1254845664081,2.96956924138368,5.58204884676769,0,9.30424434187056,8.22779871733236,0,0,49.6680276704855,20.7746472359639,0,5.73484006288177,0,39.3005164751301,7.03152692547822,59.5683873858804,13.5739076901722,0,42.585785623872,9.04762583009296,65.0973257243453,3342.13335077249,19.2092782696001,4.66828027641099,0,42.2273536759791,0,2.87530699886466,40.0112705054888,13.9290821758843,0,1.37995487314801,0,176.255847506972,4.0531538599772,3638.44035234626,15.8695765402788,5.93690250738706,6.77522063591404,1882.32038794781,0,6.48010620196316,0,2.47762215354032,48.4609005439321,0,0,20.7502082763564,27.6356126168651,65.0610827890885,117.41395518329,"CB vs. WB","WB"
"LOC111126273",163.804990839356,6.16513430956454,1.41389033410625,4.40619847405173e-07,0.00078589633859875,4.72167549301583,1.0026256380531,32.301536521948,30.6147413474673,50.8702827670223,6.97465328221997,1.30934365577222,0,0,3.99182981076607,4.03501588160025,485.908934733681,6.2890689097947,26.8120862624835,2.65150936543929,2.00369386636836,2.14552604742987,20.2855182446502,7.04805947296029,10.045833731365,1.85189556470052,1.431814131568,23.310116798765,16.0886530224027,480.47485231719,13.0824801217947,4775.86474734383,2.09001681571662,11.1579583216224,10.9092795971432,77.2040760206586,5.67442717225976,1.8569395072759,5.57107046055483,4.0043970545076,7.79812521259915,18.8449434615948,0,6.46892694480442,0,0,6.41566962069995,2.92329720453062,32.5402863376334,1.48478462069184,0,16.1521691669149,46.5212217093528,21.5979716329974,6.13421167202977,14.692391696948,10.7973973196708,20.7746472359639,0,0,0,85.1511190294485,5.27364519410866,0,3.87825934004921,4.36249515620701,11.2727079592602,14.4762013281487,23.3943514321866,1799.98448294879,19.2092782696001,14.004840829233,2.14045449291445,65.4523981977676,9.93922096361994,0,27.8044422156787,9.28605478392286,94.4161622356554,25.5291651532382,10.7834094046994,157.410882679182,0,4544.72827064434,15.8695765402788,5.93690250738706,12.8729192082367,1790.20683704823,0,25.9204248078526,0,9.91048861416129,52.4993089225932,35.2891866823537,2.12377054528721,36.8892591579669,15.4759430654444,44.4584065725438,78.9875698505771,"CB vs. WB","WB"
"LOC111127419",111.83581508131,3.65295587481102,1.70021622992347,5.01926482406302e-05,0.0179048759193153,61.3817814092058,0,105.455016292242,34.9882758256769,2.3122855803192,6.97465328221997,8.51073376251942,2.06363199549655,3.3097387746179,33.9305533915116,13.1138016152008,482.726125117521,4.1927126065298,0,99.4316012039734,24.0443263964203,15.0186823320091,16.5289407919372,27.3112304577211,21.9181826866146,10.1854256058529,3.57953532892001,44.5011320703695,109.781397094042,257.436872373183,19.623720182692,2040.09934379172,14.6301177100163,51.7323522184309,5.45463979857162,70.9442860730377,11.3488543445195,7.42775802910361,41.2259214081057,25.0274815906725,0.866458356955461,24.1215276308413,23.1626929432624,39.8917161596273,0.842916047393067,5.12191684277524,19.2470088620999,72.1079977117553,34.8645925046072,19.3022000689939,14.8854635913805,28.2662960421011,66.2927409358277,8.22779871733236,12.2684233440595,2.098913099564,0,43.8575886092571,13.8650112810519,0,9.87749318529613,16.3752151979709,7.03152692547822,0,36.8434637304675,8.72499031241402,5.01009242633788,23.5238271582417,33.5658085766156,58.3778751226636,16.3278865291601,14.004840829233,37.4579536260028,59.1182951463707,8.51933225453138,32.5868126537994,58.9996700674158,18.5721095678457,5.39520927060888,37.2587815749963,40.4377852676228,79.8139686824022,1.0132884649943,4024.69795975385,13.6024941773819,17.8107075221612,12.8729192082367,1452.7908951661,7.36501085246453,36.7206018111246,3.2675532164116,21.0597883050927,28.2688586506271,13.0012793040251,1.06188527264361,34.583680460594,9.94882054207142,35.7835955339987,85.3919674060293,"CB vs. WB","WB"
"LOC111122569",86.5387180135641,3.36492284481799,2.15351125210181,0.000114165863376796,0.0282783721983157,11.332021183238,8.02100510442476,7.600361534576,3.49882758256769,65.9001390390971,11.6244221370333,10.4747492461777,0,17.6519401312955,0,10.0875397040006,317.220025077228,5.24089075816225,11.1717026093681,0,2.00369386636836,0,52.592084337982,9.6910817753204,3.6530304477691,0,2.147721197352,33.9056244345672,240.383403981781,110.964169126372,22.0023529321092,517.003829324338,5.22504203929155,0,2.18185591942865,50.0783195809678,20.4279378201351,1.8569395072759,0,15.0164889544035,5.19875014173276,33.1671004924068,3.1585490377176,15.0941628712103,16.8583209478613,19.4632840025459,2.13855654023332,64.3125384996737,37.9636673939057,0,4.65170737230641,16.1521691669149,4.65212217093528,24.6833961519971,10.9052651947196,3.148369649346,0,6.92488241198797,9.24334085403459,9.55806677146961,1.97549863705923,29.4753873563476,14.0630538509564,0,16.4826021952091,1.09062378905175,0,25.3333523242603,37.6343914343871,692.750784788941,54.7464430683604,2.33414013820549,10.7022724645722,29.5591475731854,17.0386645090628,16.2934063268997,25.091813706832,15.6702174478698,9.89121699611628,1.37995487314801,2.69585235117486,55.4263671405571,2.0265769299886,4235.54500232955,38.5404001692486,0,12.1953971446453,603.74425209177,1.84125271311613,10.8001770032719,6.53510643282319,9.91048861416129,4.03840837866101,3.71465122972145,18.0520496349413,21.9029976250428,122.702120018881,13.0122165578177,114.211756405564,"CB vs. WB","WB"
"LOC111122572",95.6320426484158,4.0885175101815,1.78226821587226,3.61444992832654e-05,0.0137730650112258,3.77734039441266,11.0288820185841,19.950949028262,8.74706895641923,30.0597125441496,4.64976885481331,12.4387647298361,5.15907998874137,17.6519401312955,0,18.1575714672011,232.345101979642,4.1927126065298,0,0,5.0092346659209,6.43657814228961,54.0947153190672,6.16705203884025,1.82651522388455,3.70379112940104,21.47721197352,9.53595687222203,14.1958703138847,411.67706745884,0,950.259738131775,4.18003363143324,1.01435984742021,10.9092795971432,78.2473743452621,11.3488543445195,2.78540926091385,3.3426422763329,39.0428712814491,12.1304169973765,21.8601344154499,4.21139871695681,29.1101712516199,11.8008246635029,9.21945031699543,1.06927827011666,11.6931888181225,70.5039537315391,12.6206692758806,12.0944391679967,11.104616302254,12.793335970072,12.3416980759985,8.17894889603969,7.346195848474,2.15947946393415,35.7785591286045,15.7136794518588,24.850973605821,5.92649591117768,45.8506025543184,16.6998764480108,0,8.72608351511071,0,15.0302772790136,44.3333665674555,56.9601600088022,1070.2610439155,33.6162369718003,3.50121020730824,8.56181797165778,88.6774427195561,4.96961048180997,3.83374266515287,17.6320853075036,13.3487037518891,0,4.13986461944403,6.73963087793714,66.5116405686685,30.398653949829,3959.14047592779,28.3385295362122,11.8738050147741,18.2930957169679,903.113292515383,0,33.480548710143,9.80265964923479,11.1492996909314,32.3072670292881,2.78598842229108,0,5.76394674343233,6.63254702804762,18.4339734569084,72.5831722951249,"CB vs. WB","WB"
"LOC111122699",71.892507491022,5.50904527078265,1.40139422550118,1.91522892806392e-06,0.00201856423431901,23.6083774650792,3.00787691415929,19.00090383644,6.99765516513539,34.6842837047879,52.3098996166498,1.30934365577222,0,0,4.98978726345758,2.01750794080012,231.284165440922,5.24089075816225,0,2.65150936543929,8.01477546547344,1.07276302371494,20.2855182446502,10.5720892094404,12.7856065671919,21.296798994056,7.15907065784001,32.846073670987,24.6061752107335,219.709054870216,0,1161.30449783437,2.09001681571662,6.08615908452129,9.81835163742892,14.6061765444489,4.5395417378078,0,16.7132113816645,2.0021985272538,0,18.8449434615948,10.528496792392,6.46892694480442,0,4.09753347422019,10.6927827011666,13.6420536211429,16.2701431688167,0,0,4.03804229172873,61.6406187648924,11.313223236332,25.218425762789,1.049456549782,25.9137535672098,28.8536767166165,0,0.955806677146961,27.6569809188292,3.27504303959417,14.9419947166412,25.529308879663,0.969564835012302,52.3499418744841,8.7676617460913,3.61905033203718,15.2571857166434,129.404289855238,19.2092782696001,0,147.691360011097,19.0023091541906,4.25966612726569,3.83374266515287,57.6433558129924,3.48227054397107,0,4.13986461944403,45.8294899699725,36.5814023127677,0,2519.53356758528,7.93478827013942,15.8317400196988,5.42017650873124,1181.45641371192,8.2856372090226,4.32007080130877,17.1546543861609,13.6269218444718,8.07681675732202,47.3618031789484,0,18.4446295789834,4.42169801869841,24.9400817358173,55.504778813919,"CB vs. WB","WB"
"LOC111123510",410.563384368251,-1.61522909360306,1.03119408455617,0.000124409518718194,0.0292771740087646,220.030077974538,236.619650580531,93.104428798556,652.531344148875,246.258414303994,807.897338523813,375.781629206627,768.702918322463,846.189880043976,254.479150436337,709.154041191244,179.298275043651,342.754255583811,268.120862624835,80.8710356458984,580.06937431364,500.980332074875,343.351179177968,109.244921830884,208.222735522839,937.985103520814,227.658446919312,368.723665725919,285.810188986212,493.790552612355,349.064355976976,490.20449475893,178.696437743771,801.344279461969,435.280255926015,314.032795705652,278.046931440728,120.701067972934,131.477262869094,867.953061564523,1410.59420512349,814.855355279358,386.395832280787,339.618664602232,621.22912692869,748.82424241374,64.1566962069996,169.551237862776,244.052147532251,674.834610104442,457.728005434951,193.826030002979,87.2272907050365,904.029384066893,301.939530078799,128.033699073404,183.555754434403,384.330973865332,915.090744549424,1416.5054955318,604.502582940123,63.8633392720864,382.339276572878,325.498688215704,1349.63425033712,502.777566752858,123.999787551863,346.52406929256,148.503274308663,240.322252588299,923.966284767767,114.372866772069,561.869304390042,374.767763874314,63.8949919089853,714.034571384723,299.74545022756,394.657328316722,356.083811860186,100.736705739805,132.096765207568,33.2558202843343,131.727500449259,47.8392449541509,275.450507091983,391.835565487546,406.513238154843,344.424581624492,737.421711603012,263.524318879835,146.223006434419,460.8377205585,295.813413736919,93.7949435504665,214.500825074008,137.181932493689,1214.86153063739,417.475281229985,305.276283476555,"CB vs. WB","CB"
"LOC111124176",212.704605204555,6.70751134038432,1.48697342968184,1.59054543936906e-07,0.000368799771026504,7.55468078882533,1.0026256380531,77.903705729404,12.2458965389869,46.2457116063839,11.6244221370333,1.96401548365833,0,2.20649251641193,3.99182981076607,0,724.619655945642,2.0963563032649,17.874724174989,3.97726404815894,10.0184693318418,0,35.3118280555022,4.40503717060018,1.82651522388455,5.55568669410156,10.022698920976,33.9056244345672,37.8556541703592,984.252180150918,0,4550.30368141831,4.18003363143324,0,2.18185591942865,199.269979999268,5.67442717225976,0,13.3705691053316,10.010992636269,0,73.8721783694515,1.0528496792392,6.46892694480442,5.90041233175147,12.2926004226606,9.62350443104993,1.94886480302041,82.1254845664081,2.96956924138368,7.44273179569026,8.07608458345745,9.30424434187056,7.19932387766582,6.81579074669974,0,72.342562041794,43.8575886092571,3.69733634161384,0.955806677146961,0,75.325989910666,6.15258605979344,4.25488481327717,3.87825934004921,1.09062378905175,38.8282163041186,16.2857264941673,61.0287428665738,1983.87478958518,24.9720617504802,12.8377707601302,0,92.900178087154,4.25966612726569,4.79217833144109,40.0112705054888,2.90189211997589,3.59680618040592,17.9394133509241,26.9585235117486,156.302355336371,0,7571.88938190978,6.80124708869093,1.97896750246235,16.9380515897851,2334.87826845441,5.5237581393484,11.8801947035991,0.816888304102899,2.47762215354032,63.6049319639109,3.71465122972145,0,28.8197337171616,13.2650940560952,63.9767314092704,112.076957220413,"CB vs. WB","WB"
"LOC111123596",208.738308129155,2.94707325354861,3.01156373124067,0.000205450978055499,0.0423320804282583,14.1650264790475,0,25.651220179194,12.2458965389869,40.4649976555859,16.2741909918466,2.61868731154444,4.12726399099309,0,11.9754894322982,4.03501588160025,807.372705965788,0,0,7.95452809631787,6.01108159910508,0,35.3118280555022,0,3.6530304477691,0,0,57.2157412333322,43.5340022959131,957.620779560589,0,3907.11965184851,2.09001681571662,0,0,119.979307329402,15.8883960823273,0,2.22842818422193,0,19.9285422099756,65.5804032463498,0,8.62523592640589,0,0,2.13855654023332,1.94886480302041,52.6842731180732,0,0,8.07608458345745,27.9127330256117,6.17084903799927,4.77105352268982,0,84.2196990934319,11.5414706866466,0,1.91161335429392,0,36.0254734355359,8.78940865684777,56.3772237759225,9.69564835012302,0,13.7777541724292,10.8571509961115,56.9601600088022,1875.87572060826,17.2883504426401,7.00242041461648,0,49.6171405692754,0,0,29.8389135973137,0.580378423995179,0,8.27972923888806,13.4792617558743,152.976773307938,0,7966.12019680972,2.26708236289698,1.97896750246235,20.3256619077421,2604.21028141077,0,11.8801947035991,1.6337766082058,4.95524430708064,35.3360733132839,0,0,21.9029976250428,29.8464616262143,73.7358938276336,106.739959257537,"CB vs. WB","WB"
"LOC144617570",12.3666781577038,-3.20661498429735,1.67471448579178,7.62006634941153e-05,0.0229462959017929,1.88867019720633,5.01312819026548,1.900090383644,12.2458965389869,2.3122855803192,1.16244221370333,0.654671827886109,8.25452798198618,2.20649251641193,4.98978726345758,34.2976349936021,5.30468269359914,1.04817815163245,11.1717026093681,10.6060374617572,27.0498671959729,10.7276302371494,1.5026309810852,0,10.045833731365,1.85189556470052,12.170420118328,0,5.67834812555389,5.54820845631859,4.75726549883443,0,3.13502522357493,24.3446363380851,0,7.30308827222446,6.80931260671171,23.2117438409488,3.3426422763329,2.0021985272538,51.9875014173276,9.79937060002929,9.47564711315282,146.6290107489,1.68583209478613,6.14630021133029,16.0391740517499,40.9261608634287,1.54953744464921,5.19674617242144,0,3.02853171879654,180.269734123742,20.5694967933309,12.2684233440595,6.296739298692,38.8706303508147,68.094677051215,38.8220315869453,5.73484006288177,0,3.27504303959417,0.878940865684777,0,0,14.1781092576728,12.5252310658447,3.61905033203718,15.2571857166434,4.86482292688863,7.68371130784006,3.50121020730824,19.26409043623,10.5568384189948,7.8093878999871,12.4596636617468,5.4252570176934,12.1879469038988,0,2.75990974629602,4.04377852676228,0,0,0,2.26708236289698,1.97896750246235,8.13026476309685,28.0345589694354,11.0475162786968,15.1202478045807,0.816888304102899,1.23881107677016,6.05761256799152,8.35796526687325,2.12377054528721,6.91673609211879,3.31627351402381,10.8435137981814,0,"CB vs. WB","CB"
"LOC111125139",58.223705165291,4.3624421423062,2.40185323043516,5.11458132842472e-05,0.0179661264925331,1.88867019720633,16.0420102088495,8.550406726398,0.874706895641923,77.4615669406931,2.32488442740666,0,0,14.3422013566776,5.9877447161491,2.01750794080012,364.962169319621,9.43360336469205,11.1717026093681,0,1.00184693318418,0,22.539464716278,7.92906690708032,5.47954567165366,0,9.30679185519201,21.1910152716045,3.78556541703592,176.433028910931,0,885.494679598705,2.09001681571662,0,2.18185591942865,34.4288447119153,4.5395417378078,48.2804271891735,2.22842818422193,0,8.66458356955461,18.091145723131,0,7.54708143560516,9.27207652132373,0,0,2.92329720453062,37.9636673939057,0,3.72136589784513,0,1.16303054273382,4.11389935866618,24.5368466881191,0,0,16.1580589613053,0,0,0,9.82512911878252,0.878940865684777,0,2.9086945050369,0,2.50504621316894,4.52381291504648,9.15431142998606,129.404289855238,1.92092782696001,1.16707006910275,3.21068173937167,52.7841920949738,10.6491653181642,15.3349706606115,12.8849854170218,5.80378423995179,0,0,4.04377852676228,36.5814023127677,18.2391923698974,2319.31746833272,0,1.97896750246235,4.74265444513983,854.052814318871,0,2.16003540065439,0,1.23881107677016,7.06721466265677,9.28662807430361,6.37131163586163,2.30557869737293,3.31627351402381,17.3496220770903,45.8981824807407,"CB vs. WB","WB"
"LOC144623005",239.051146059778,-4.73496602532089,3.31068997204732,4.09870238907912e-05,0.014849470671184,337.12763020133,0,834.139678419716,79.598327503415,766.522669875814,0,0,0,1366.92211391719,725.515068106732,292.538651416018,0,0,0,23.8635842889536,249.459886362861,139.459193082942,378.66300723347,417.597523772897,166.212885373494,0,176.829045248648,0,0,491.571269229827,132.014117592655,0,0,562.969715318219,464.735310838302,967.13754690744,0,0,0,349.383643005788,209.682922383222,911.341465802724,208.464236489362,0,171.954873668186,225.364341082111,0,0,0,129.918654310536,320.037467214681,0,0,291.058379625632,84.5158052590768,246.62228919877,350.915412889299,181.201089780352,223.688848667637,694.871454285841,217.304850076515,0,152.056769763466,204.234471037304,0,170.137311092073,0,0,0,153.728404489681,634.866646810285,767.932105469608,0,71.7865012491644,0,864.508970991973,16.2757710530802,199.069799430346,205.917153828239,425.026100929587,0,0,1009.23531113432,0,923.836062880518,0,138.892023036238,0,575.391472848792,0,0,462.07653163527,1134.79275440374,146.728723573997,1.06188527264361,0,0,69.3984883083611,754.651511950784,"CB vs. WB","CB"
"LOC111125679",63.5186376383231,3.39924655558248,1.39067515402438,3.66266111068599e-05,0.0137730650112258,10.3876860846348,20.0525127610619,57.952756701142,12.2458965389869,45.0895688162243,6.97465328221997,1.30934365577222,0,12.1357088402656,29.9387235807455,137.190539974408,96.5452250235043,2.0963563032649,42.4524699155988,17.2348108753554,27.0498671959729,76.1661746837604,44.3276139420134,39.6453345354016,31.0507588060374,8.33353004115235,10.022698920976,20.1314645080243,56.7834812555388,103.196677287526,28.5435929930066,701.249254461521,15.6751261178746,4.05743938968086,8.72742367771459,39.6453363349328,27.2372504268468,5.57081852182771,11.1421409211097,7.00769484538831,12.9968753543319,30.9057072770154,6.31709807543521,11.8596993988081,7.5862444265376,16.3901338968808,13.9006175115166,4.87216200755104,72.8282598985129,32.6652616552205,3.72136589784513,27.2567854691689,12.793335970072,15.4271225949982,10.2236861200496,38.829892341934,7.55817812376953,31.1619708539459,23.1083521350865,10.5138734486166,0,0,55.373274538141,22.3381452697052,49.4478065856274,1169.14870186348,105.211940953096,14.4762013281487,26.4457885755153,54.4860167811527,24.0115978370002,50.1840129714181,6.42136347874334,62.2853466720691,9.93922096361994,11.5012279954586,17.6320853075036,23.2151369598072,121.3922085887,6.89977436574005,20.2188926338114,69.8372225971019,1.0132884649943,1092.32942645311,6.80124708869093,6.92638625861823,47.4265444513983,342.422113126675,3.68250542623227,10.8001770032719,21.2390959066754,14.8657329212419,9.08641885198728,116.082850928795,38.2278698151698,92.2231478949172,11.054245046746,31.4461900147261,56.5721784064944,"CB vs. WB","WB"
"LOC111123678",81.8371850492798,21.4223993202293,3.38792188738928,3.79856723139302e-11,1.7615475678862e-07,1027.43658728024,0,0,0,0,0,9.82007741829164,0,0,10.9775319796067,0,75.3264942491077,0,55.8585130468406,0,0,0,0,1295.08092815645,0,56.4828147233659,0,0,0,0,0,0,0,0,2.18185591942865,0,0,0,0,0,0,0,21.056993584784,0,0,90.1457364328442,0,0,103.044240069172,0,0,35.3328700526263,0,0,0,0,1528.91146046538,0,0,0,37.5344741041253,0,0,0,0,8.72499031241402,48.8484011567944,155.619164277599,104.766008587618,0,0,0,0,0,102.941931408921,71.8826749716164,0,0,152.864262667252,1.37995487314801,43.1336376187977,0,13.1727500449259,7.0872955487631,103.152247511812,70.2533463374135,0.677522063591404,1.00123424890841,0,0,0.816888304102899,2332.68125755821,0,0,0,124.501249658138,0,0,0,"CB vs. WB","WB"
"LOC111126449",74.5990684817778,4.98500146689823,1.63382455434865,9.72105167730174e-06,0.00577953910875886,2.8330052958095,7.01837946637167,25.651220179194,11.371189643345,19.6544274327132,5.81221106851664,5.23737462308887,2.06363199549655,6.6194775492358,6.98570216884062,21.1838333784013,344.804375083944,4.1927126065298,4.46868104374725,10.6060374617572,0,1.07276302371494,39.0684055082152,5.28604460472022,53.8821991045943,0,10.73860598676,50.8584366518508,40.6948282331362,175.323387219668,0,1181.40399875842,0,2.02871969484043,9.81835163742892,61.5546011516062,10.2139689100676,0,11.1421409211097,23.0252830634187,0,28.6443140616241,0,2.15630898160147,8.42916047393067,10.2438336855505,23.5241219425665,2.92329720453062,22.4682929474135,5.93913848276736,0,4.03804229172873,30.2387941110793,2.05694967933309,6.81579074669974,11.544022047602,0,6.92488241198797,0.924334085403459,9.55806677146961,0,18.0127367177679,1.75788173136955,5.31860601659647,13.5739076901722,0,6.26261553292235,14.4762013281487,32.5486628621727,439.779992590732,19.2092782696001,9.33656055282198,35.3174991330884,48.5614567273759,26.9778854726827,4.79217833144109,16.2757710530802,0.580378423995179,0,3.44988718287002,21.5668188093988,62.0775311974239,8.10630771995439,2540.79545423157,10.2018706330364,3.9579350049247,6.09769857232264,1106.36384504379,1.84125271311613,24.8404071075255,8.98577134513189,2.47762215354032,72.6913508158982,5.57197684458217,3.18565581793082,12.6806828355511,14.3705185607698,15.180919317454,64.043975554522,"CB vs. WB","WB"
"LOC111113200",47.6778515263183,4.11279955288664,2.75119127175732,7.4689860314503e-05,0.0227872867251629,18.8867019720633,1.0026256380531,5.700271150932,0.874706895641923,13.8737134819152,0,13.0934365577222,33.0181119279447,6.6194775492358,5.9877447161491,0,159.140480807974,0,8.93736208749449,0,0,0,1.5026309810852,0.881007434120036,24.6579555224414,0,0.715907065784001,16.9528122172836,12.3030876053668,193.077654279887,0,771.597507695719,2.09001681571662,0,0,32.3422480627083,0,0,0,0,6.93166685564369,69.3493919386688,0,4.31261796320295,19.3870690900405,0,2.13855654023332,0.974432401510207,5.42338105627224,1.48478462069184,0,0,1.16303054273382,0,2.7263162986799,23.088044095204,49.6680276704855,3.46244120599398,0,1.91161335429392,0.987749318529613,9.82512911878252,0,0,0,15.2687330467245,2.50504621316894,12.6666761621301,8.13716571554317,223.781854636877,6.72324739436005,0,0,24.280728363688,0,0,1.35631425442335,1.74113527198554,27.8752478981459,8.27972923888806,8.08755705352457,17.7364374849783,0,1859.52916960672,9.06832945158791,0,7.45274269950545,584.72080136251,0,4.32007080130877,10.6195479533377,4.95524430708064,11.1056230413178,26.0025586080501,5.30942636321803,2.30557869737293,3.31627351402381,10.8435137981814,57.6395779990698,"CB vs. WB","WB"
"LOC111112507",18.7639007500462,5.53357347748388,2.37099219803568,1.43831994564686e-05,0.00694798428744038,0,23.0603896752212,5.700271150932,2.62412068692577,0,38.3605930522098,14.4027802134944,6.19089598648964,0,1.99591490538303,1.00875397040006,68.9608750167888,0,0,0,31.0572549287096,9.65486721343441,12.0210478486816,0,24.6579555224414,1.85189556470052,0,0,29.3381319820284,0,19.623720182692,31.2658903263099,0,0,10.9092795971432,78.2473743452621,0,17.6409253191211,13.3705691053316,0,0,63.3190100309585,17.8984445470664,1.07815449080074,9.27207652132373,0,50.256078695483,0,0,0,0.930341474461282,22.209232604508,165.150337068202,15.4271225949982,22.4921094641091,0,0,0,29.5786907329107,4.77903338573481,6.91424522970729,1.63752151979709,29.8839894332824,0,0,2.18124757810351,0,0,6.10287428665738,16.5403979514214,14.4069587022001,19.8401911747467,0,0,2.83977741817713,0,0,0,0,57.2681272356424,35.0460805652731,171.821738135727,0,57.5842763337002,0,132.590822664978,0,0,0,234.363840971001,35.1261970764247,2.47762215354032,4.03840837866101,2.78598842229108,0,63.4034141777556,0,13.0122165578177,9.6065963331783,"CB vs. WB","WB"
"LOC111115657",25.5067353893491,3.57850996782546,2.50461918713173,0.000115709416927085,0.0282783721983157,1.88867019720633,1.0026256380531,254.612111408296,0.874706895641923,1.1561427901596,0,0,6.19089598648964,1.10324625820597,44.9080853711182,0,9.54842884847844,74.4206487659039,35.749448349978,10.6060374617572,6.01108159910508,4.29105209485974,13.5236788297668,12.3341040776805,25.5712131343837,0,0,2.11910152716045,393.698803371736,27.741042281593,1.78397456206291,3.34991682067606,3.13502522357493,3.04307954226064,1.09092795971432,15.6494748690524,2.2697708689039,0,8.91371273688773,1.0010992636269,0.866458356955461,2.26139321539137,0,0,0,8.19506694844038,7.48494789081661,0.974432401510207,13.9458370018429,12.6206692758806,0.930341474461282,5.04755286466091,63.9666798503601,8.22779871733236,4.77105352268982,2.098913099564,0,49.6283239525804,0,0,0,9.82512911878252,2.63682259705433,0,0,13.087485468621,8.7676617460913,14.4762013281487,5.08572857221448,2.91889375613318,1.92092782696001,65.3559238697538,62.0731802945189,8.44547073519582,4.25966612726569,159.100320603844,1.35631425442335,7.54491951193732,0.89920154510148,17.9394133509241,0,144.108554565448,0,368.539368535681,0,0.989483751231176,1.35504412718281,209.257958021857,1.84125271311613,0,5.7182181287203,1.23881107677016,0,18.5732561486072,4.24754109057442,10.3751041381782,87.3285358692936,9.75916241836328,0,"CB vs. WB","WB"
"LOC144624511",44.8034979254554,-3.70012108055177,2.46181026209248,0.000101036543543139,0.0272171627382119,0,32.0840204176991,10.450497110042,6.99765516513539,3.46842837047879,1.16244221370333,4.58270279520276,0,3.3097387746179,0,3.02626191120019,0,1.04817815163245,0,10.6060374617572,168.310284774942,0,1.5026309810852,4.40503717060018,21.9181826866146,0.925947782350261,10.022698920976,0,0,0,16.0557710585662,7.81647258157747,290.51233738461,334.738749648671,1.09092795971432,3.12989497381048,194.065409291284,318.465125497817,173.817398369311,7.00769484538831,157.695420965894,4.52278643078275,11.5813464716312,31.2664802332214,224.215668606556,235.608174767661,157.183905707149,3.89772960604083,6.97291850092145,4.45435386207552,0,22.209232604508,1.16303054273382,0,0,2.098913099564,0,0,202.429164703358,1.91161335429392,212.366103483867,119.539070945187,3.51576346273911,207.425634647262,5.81738901007381,0,1.25252310658447,4.52381291504648,5.08572857221448,7.78371668302181,98.9277830884408,11.6707006910275,11.7724997110295,3.16705152569843,8.51933225453138,11.5012279954586,218.366594962159,6.96454108794214,6.29441081571036,1.37995487314801,4.04377852676228,3.32558202843343,9.11959618494869,0,28.3385295362122,8.90535376108059,138.214500972647,183.225867550239,10.1268899221387,172.802832052351,3.2675532164116,1.23881107677016,2.01920418933051,0,0,0,2.21084900934921,1.08435137981814,0,"CB vs. WB","CB"
"LOC111114517",52.6812685326002,2.90312599265328,1.969283399989,0.000151658031718244,0.0338124498216436,43.4394145357456,2.00525127610619,21.851039411906,56.855948216725,33.5281409146283,1.16244221370333,22.9135139760138,46.4317198986723,2.20649251641193,94.8059580056941,56.4902223424035,207.943561589086,3.14453445489735,0,15.9090561926357,3.00554079955254,51.4926251383169,95.4170672989102,21.1441784188809,103.198110149477,1.85189556470052,0.715907065784001,30.7269721438266,72.8721342779415,104.30631897879,13.0824801217947,576.185693156282,0,1.01435984742021,24.0004151137151,45.9051262825538,27.2372504268468,3.71387901455181,1.11421409211097,4.0043970545076,12.1304169973765,64.8266055078861,4.21139871695681,28.0320167608192,37.931222132688,0,5.3463913505833,15.5909184241633,38.7384361162303,5.93913848276736,2.79102442338385,25.2377643233045,11.6303054273382,1.02847483966655,6.81579074669974,8.395652398256,4.3189589278683,12.6956177553113,3.69733634161384,9.55806677146961,0.987749318529613,14.7376936781738,20.2156399107499,15.9558180497894,0,5.45311894525876,13.7777541724292,9.04762583009296,33.5658085766156,59.3508397080413,2.88139174044002,16.3389809674385,0,98.1785972966514,1.41988870908856,23.9608916572055,39.3331133782772,2.90189211997589,0,10.3496615486101,279.020718346598,43.2325663696345,2.0265769299886,1250.90766435669,0,0,24.3907942892906,413.509744799172,10.1268899221387,4.32007080130877,248.334044447281,64.4181759920484,23.2208481773008,0,15.9282790896541,38.0420485066534,8.84339603739682,22.771378976181,45.8981824807407,"CB vs. WB","WB"
"LOC111114598",179.536887613689,3.59186179107696,2.43135954985094,0.000110452620171749,0.0281435703727731,36.8290688455235,6.01575382831857,779.03705729404,996.291154136151,2.3122855803192,8.13709549592329,87.7260249367386,24.7635839459586,19.8584326477074,31.9346384861285,969.41256555446,240.832594289401,31.4453445489735,0,14.5833015099161,12.0221631982102,964.413958319727,24.0420956973632,7.92906690708032,63.9280328359593,7.40758225880209,2.147721197352,1153.85078153887,654.902817147215,4.43856676505487,4.16260731148012,3.34991682067606,0,2.02871969484043,7.63649571800027,20.8659664920699,7.94419804116366,2.78540926091385,38.9974932238838,2.0021985272538,0,1586.74423946628,6.31709807543521,4.31261796320295,5.90041233175147,3.07315010566514,3.20783481034998,5.84659440906124,102.269471346848,7.42392310345921,21.3978539126095,13.1236374481184,4.65212217093528,11.313223236332,12.2684233440595,5.24728274891,0,9.23317654931729,6.47033859782421,0,3.95099727411845,1074.21411698689,4.39470432842389,7.44604842323505,1814.05580630802,44.7155753511218,13.7777541724292,9.04762583009296,2.03429142888579,3.89185834151091,9.60463913480007,107.370446357453,7.49159072520056,936.391567764836,0.709944354544282,132.264121947774,1.35631425442335,4.06264896796625,0.89920154510148,74.5175631499925,24.2626711605737,427.891554325101,4.0531538599772,680.380372681258,0,25.7265775320106,8.80778682668826,980.208329681331,2.7618790696742,3.24005310098158,13.8871011697493,7.43286646062097,5.04801047332626,13.0012793040251,3.18565581793082,16.1390508816105,6.63254702804762,1081.09832567869,1277.67731231271,"CB vs. WB","WB"
"LOC111113113",68.1463199677799,4.37827336616924,2.49727499866941,5.30148682732793e-05,0.0180772904507725,3.77734039441266,0,43.702078823812,5.24824137385154,23.122855803192,2.32488442740666,0,0,0,3.99182981076607,2.01750794080012,463.629267420564,4.1927126065298,0,7.95452809631787,2.00369386636836,0,27.0473576595336,5.28604460472022,4.56628805971138,0,0,19.0719137444441,11.3566962511078,267.423647594556,1.18931637470861,1322.10050522682,2.09001681571662,0,4.3637118388573,54.2515128793817,9.07908347561561,2.78540926091385,0,0,0,33.9208982308706,0,2.15630898160147,3.37166418957227,0,1.06927827011666,9.74432401510207,9.29722466789526,4.45435386207552,1.86068294892256,0,3.48909162820146,6.17084903799927,3.40789537334987,0,19.4353151754074,20.7746472359639,0,0,0,16.3752151979709,1.75788173136955,93.6074658920978,11.6347780201476,5.45311894525876,10.0201848526758,9.04762583009296,24.4114971466295,170.268802441102,19.2092782696001,3.50121020730824,0,26.3920960474869,0,0,21.7010280707736,3.48227054397107,0,2.75990974629602,2.69585235117486,94.2248241389471,0,2335.26388331744,15.8695765402788,3.9579350049247,10.8403530174625,980.208329681331,1.84125271311613,6.48010620196316,1.6337766082058,3.71643323031048,20.1920418933051,0,0,5.76394674343233,18.7922165794682,21.6870275963628,51.2351804436176,"CB vs. WB","WB"
"LOC144624634",425.810467629453,-4.78155683088382,2.27212753118489,3.03508264183716e-05,0.0123463967046102,2748.95947203382,13.0341332946902,584.27779297053,98.8418792075373,8.09299953111719,5.81221106851664,8.51073376251942,1.03181599774827,23.1681714223253,708.549791410977,117.015460566407,10.6093653871983,2069.10367132246,13.4060431312417,1.32575468271965,6.01108159910508,0,15.7776253013946,2749.62420188863,13.6988641791341,1.85189556470052,57.2725652627201,0,6.62473947981287,557.040129014387,0,0,55.3854456164904,1.01435984742021,105.820012092289,89.7236559159006,11.3488543445195,13.9270463045693,18.9416395658864,3581.93316525705,2.59937507086638,49.7506507386102,16.8455948678272,6.46892694480442,0.842916047393067,15.3657505283257,50.256078695483,4122.82349078969,21.6935242250889,1691.91207527835,10.2337562190741,4.03804229172873,5.8151527136691,4590.08320943179,12.9500024187295,18.890217896076,5.39869865983538,3.46244120599398,65.6277200636456,4.77903338573481,10.8652425038257,94.976248148231,9.66834952253255,29.7841936929402,2517.95987652695,1.09062378905175,2.50504621316894,19.9047768262045,22.3772057177437,48.6482292688863,11.5255669617601,708.411531945367,478.391579166379,97.1229134547519,19.1684975726956,1.91687133257644,6.78157127211675,8.70567635992768,30.5728525334503,3.44988718287002,0,39.9069843412011,2591.99189345542,3.54364777438155,3372.28501480925,4.94741875615588,8.13026476309685,4.00493699563363,11.9681426352549,5.40008850163597,8.98577134513189,1951.127445913,127.209863927822,29.7172098377716,2.12377054528721,17.291840230297,3262.10771329475,0,64.043975554522,"CB vs. WB","CB"
"LOC144624150",18.0544364188825,-2.39604831825827,1.77583552554957,0.000206116208999201,0.0423320804282583,3.77734039441266,14.0367589327433,0,0,1.1561427901596,24.4112864877699,8.51073376251942,0,13.2389550984716,5.9877447161491,1.00875397040006,16.9749846195172,6.2890689097947,4.46868104374725,0,8.01477546547344,2.14552604742987,10.5184168675964,14.0961189459206,1.82651522388455,1.85189556470052,23.624933170872,8.47640610864181,20.8206097936976,6.65785014758231,136.176724904135,4.46655576090141,648.95022128001,4.05743938968086,9.81835163742892,0,3.40465630335585,25.0686833482247,8.91371273688773,12.0131911635228,14.7297920682428,11.3069660769569,27.3740916602192,0,2.5287481421792,11.2682170541055,10.6927827011666,1.94886480302041,3.09907488929842,11.8782769655347,7.44273179569026,148.398054221031,15.1193970555397,5.14237419833273,1.36315814933995,7.346195848474,6.47843839180245,5.77073534332331,22.184018049683,9.55806677146961,11.8529918223554,11.4626506385796,15.820935582326,19.1469816597473,10.6652131851353,4.36249515620701,5.01009242633788,13.5714387451394,5.08572857221448,31.1348667320873,1.92092782696001,0,2.14045449291445,0,8.51933225453138,1.91687133257644,17.6320853075036,2.90189211997589,0,5.51981949259204,18.870966458224,11.0852734281114,7.09301925496009,0.885911943595387,4.53416472579395,5.93690250738706,10.8403530174625,9.01110824017567,12.8887689918129,3.24005310098158,4.9013298246174,0,9.08641885198728,7.42930245944289,5.30942636321803,9.22231478949172,11.054245046746,16.2652706972721,6.4043975554522,"CB vs. WB","CB"
"LOC111117026",28.9079822066372,3.26429725423125,1.94947623543195,0.000103295394874829,0.0272171627382119,8.4990158874285,8.02100510442476,21.851039411906,1.74941379128385,0,6.97465328221997,2.61868731154444,0,0,0.997957452691516,4.03501588160025,25.4624769292759,0,29.0464267843571,0,3.00554079955254,2.14552604742987,11.269732358139,26.4302230236011,10.045833731365,3.70379112940104,12.886327184112,1.05955076358023,6.62473947981287,43.276025959285,5.35192368618873,36.8490850274366,30.305243827891,0,0,57.3814078531922,2.2697708689039,0.928469753637951,0,0,3.46583342782184,3.01519095385517,10.528496792392,9.70339041720663,6.74332837914453,22.5364341082111,1.06927827011666,13.6420536211429,22.4682929474135,2.96956924138368,11.1640976935354,18.1711903127793,27.9127330256117,14.3986477553316,1.36315814933995,0,0,4.61658827465864,0,7.64645341717569,7.90199454823691,3.27504303959417,1.75788173136955,26.5930300829823,0,58.8936846087946,13.7777541724292,12.6666761621301,38.65153714883,133.296148196749,22.0906700100402,7.00242041461648,9.63204521811501,12.6682061027937,0,9.58435666288218,3.39078563605838,3.48227054397107,7.19361236081184,20.6993230972201,17.5230402826366,7.75969139967799,2.0265769299886,1471.49973831194,2.26708236289698,25.7265775320106,5.42017650873124,106.130830384291,7.36501085246453,0,3.2675532164116,7.43286646062097,19.1824397986398,40.8611635269359,7.43319690850524,6.91673609211879,17.6867920747936,4.33740551927257,27.7523894069595,"CB vs. WB","WB"
"LOC144624186",15.6965225241979,-3.33591948736763,1.21662929199195,2.51622769698286e-05,0.0106079584745348,11.332021183238,6.01575382831857,7.600361534576,20.1182585997642,28.90356975399,2.32488442740666,3.92803096731665,4.12726399099309,31.994141487973,16.9652766957558,4.03501588160025,29.7062230841552,5.24089075816225,0,6.62877341359823,14.0258570645785,8.58210418971948,97.671013770538,11.4530966435605,6.39280328359593,10.1854256058529,4.29544239470401,8.47640610864181,3.78556541703592,11.0964169126372,10.1091891850232,7.81647258157747,11.4950924864414,1.01435984742021,15.2729914360005,6.25978994762097,34.0465630335585,5.57081852182771,1.11421409211097,6.00659558176141,2.59937507086638,9.0455728615655,8.42279743391361,3.23446347240221,0,7.17068357988534,6.41566962069995,252.377991991144,78.2516409547851,17.8174154483021,9.30341474461282,7.06657401052527,6.97818325640292,13.3701729156651,11.5868442693896,10.49456549782,6.47843839180245,15.0039118926406,12.9406771956484,2.86742003144088,23.7059836447107,1.63752151979709,3.51576346273911,0,5.81738901007381,8.72499031241402,18.7878465987671,3.61905033203718,40.6858285777158,0.972964585377727,118.137061358041,8.16949048371923,2.14045449291445,4.22273536759791,18.4585532181513,8.62592099659397,13.5631425442335,22.0543801118168,1.79840309020296,5.51981949259204,0,9.97674608530028,1.0132884649943,4.42955971797694,6.80124708869093,10.8843212635429,12.1953971446453,1.00123424890841,9.20626356558067,85.3213983258483,1.6337766082058,2.47762215354032,4.03840837866101,22.2879073783287,3.18565581793082,2.30557869737293,32.0573106355635,8.67481103854514,12.8087951109044,"CB vs. WB","CB"
"LOC111116717",53.8049654207192,2.65008195772922,1.44959774826813,9.27843701982215e-05,0.0262005691593184,13.2206913804443,35.0918973318583,53.202530742032,30.6147413474673,2.3122855803192,70.908975035903,19.6401548365833,0,28.6844027133551,87.8202558368534,12.1050476448007,23.3406038518362,13.6263159712218,75.9675777437032,10.6060374617572,101.186540251602,35.4011797825929,12.7723633392242,29.9542527600812,0,10.1854256058529,32.21581796028,44.5011320703695,65.3010034438697,118.731660965218,27.9489348056523,44.6655576090141,7.31505885500817,81.1487877936172,44.7280463482873,50.0783195809678,2.2697708689039,47.3519574355355,22.2842818422193,23.0252830634187,19.0620838530201,26.3829208462327,55.8010329996777,0,21.0729011848267,17.4145172654358,14.9698957816332,11.6931888181225,8.52245594557066,47.5131078621389,180.486246045489,54.5135709383378,203.530344978418,134.730203996317,8.17894889603969,19.939674445858,8.6379178557366,116.568853935131,28.6543566475072,41.0996871173193,63.2159563858953,22.9253012771592,36.9155163587606,94.6711870954171,25.2086857103198,8.72499031241402,479.716349821852,16.2857264941673,25.4286428610724,8.75668126839954,10.5651030482801,25.6755415202604,254.714084656819,4.22273536759791,10.6491653181642,4.79217833144109,16.9539281802919,30.7600564717445,38.6656664393637,79.3474052060106,26.9585235117486,84.2480780536468,9.11959618494869,63.7856599388679,6.80124708869093,75.2007650935694,28.455926670839,5.00617124454204,9.20626356558067,16.2002655049079,26.1404257312928,3.71643323031048,45.4320942599364,538.62442830961,253.790580161822,242.085763224158,0,30.361838634908,37.3589857401378,"CB vs. WB","WB"
"LOC111117549",344.100821403846,2.20743334172562,1.58501262123656,0.000193090150321789,0.0414553825510309,1014.2158958998,44.1155280743362,19.00090383644,439.102861612246,128.331849707715,51.1474574029464,209.494984923555,53.6544318829102,167.693431247307,39.9182981076607,52.4552064608032,545.321380901991,871.036044006566,116.185707137428,29.1666030198322,279.515294358386,86.8938049209097,197.595974012704,113.649959001485,15.5253794030187,218.523676634662,100.942896275544,31.7865229074068,162.779312932545,27.741042281593,247.37780593939,5041.62481511747,48.0703867614822,16.2297575587234,4395.34874968901,70.9442860730377,17.0232815167793,189.407829742142,99.1650541978759,12.0131911635228,141.23271218374,44.4740665693637,136.870458301096,3.23446347240221,37.931222132688,24.5852008453212,37.4247394540831,33.130701651347,20.1439867804397,157.387169793335,20.4675124381482,57.5421026571343,125.607298615253,41.1389935866618,3141.39795515391,104.9456549782,87.4589182893331,251.604060968896,213.521173728199,29.6300069915558,21.7304850076515,145.739415261941,274.229550093651,30.8479148962595,11.6347780201476,58.8936846087946,12.5252310658447,190.904905014961,267.509322898482,28.2159729759541,27.8534534909202,3938.86148322177,326.419310169453,222.74929064079,53.9557709453654,244.401094903496,15.5976139258685,240.276667534004,75.5329297885243,631.329354465215,21.5668188093988,21.0620195134117,45.5979809247435,2083.66489133635,57.8106002538729,1135.92734641339,314.370237506412,73.0901001703137,952.848279037599,16.2002655049079,65.351064328232,24.7762215354032,147.401905821127,76.1503502092896,44.5991814510314,345.83680460594,127.123818037579,82.4107048661788,27.7523894069595,"CB vs. WB","WB"
"LOC144624364",93.3292907135692,-4.13610093285669,1.14359440111445,6.24716571650452e-06,0.00456183065713789,407.952762596568,4.01050255221238,10.450497110042,1.74941379128385,8.09299953111719,87.1831660277496,105.402164289664,5.15907998874137,9.9292163238537,8.98161707422365,14.1225555856009,9.54842884847844,2.0963563032649,2.23434052187362,13.2575468271965,14.0258570645785,21.4552604742987,60.105239243408,82.8146988072834,0.913257611942276,155.559227434844,24.340840236656,1.05955076358023,18.9278270851796,9.98677522137347,23.7863274941721,2.2332778804507,14.6301177100163,37.5313143545479,4.3637118388573,26.0824581150874,4553.16036302123,309.180427961438,15.5989972895535,6.00659558176141,450.55834561684,8.2917751231017,215.834184244036,32.3446347240221,6.74332837914453,7.17068357988534,2.13855654023332,8.76989161359186,10.8467621125445,34.8924385862583,25.1192198104546,48.4565075007447,20.9345497692088,50.3952671436607,4.77105352268982,36.73097924237,1.07973973196708,57.7073534332331,10.167674939438,3.82322670858784,138.284904594146,27.8378658365505,63.283742329304,19.1469816597473,34.9043340604429,115.606121639486,3.75756931975341,20.8095394092138,31.5315171477298,36.9726542443536,524.413296760084,15.1719108983357,38.52818087246,1.05568384189948,27.687829827227,1.91687133257644,6.78157127211675,9.28605478392286,12.5888216314207,7.58975180231405,32.3502282140983,15.519382799356,12.1594615799316,4.42955971797694,7.93478827013942,6.92638625861823,10.8403530174625,17.0209822314429,34.0631751926485,15.1202478045807,116.815027486715,9.91048861416129,43.4128900706059,83.5796526687325,10.6188527264361,23.0557869737293,19.8976410841428,29.2774872550898,34.1567869624117,"CB vs. WB","CB"
"LOC111117324",28.0778795828498,4.54460214900848,1.29742493440527,6.43937069001247e-06,0.00456183065713789,4.72167549301583,0,15.200723069152,6.99765516513539,8.09299953111719,9.29953770962662,226.516452448594,2.06363199549655,0,10.9775319796067,18.1575714672011,39.2546519326336,8.3854252130596,46.9211509593461,0,1.00184693318418,20.3824974505838,0,5.28604460472022,2.73977283582683,0,2.147721197352,9.53595687222203,49.212350421467,39.9471008854939,10.1091891850232,109.430616142085,1.04500840785831,16.2297575587234,2.18185591942865,13.5628782198454,0,6.49928827546566,15.5989972895535,11.0120918998959,8.66458356955461,7.53797738463791,2.1056993584784,8.62523592640589,6.74332837914453,0,9.62350443104993,5.84659440906124,6.97291850092145,0,0,13.1236374481184,5.8151527136691,6.17084903799927,4.08947444801985,11.544022047602,0,0,2.77300225621038,0.955806677146961,2.96324795558884,1.63752151979709,2.63682259705433,0,26.1782505453321,9.81561410146577,5.01009242633788,3.61905033203718,25.4286428610724,24.3241146344432,1.92092782696001,0,18.1938631897728,11.6125222608942,2.12983306363284,13.4180993280351,3.39078563605838,5.80378423995179,44.0608757099725,8.96970667546206,8.08755705352457,13.3023281137337,2.0265769299886,462.446034556792,11.3354118144849,0,2.71008825436562,168.207353816612,4.60313178279033,23.7603894071983,220.559842107783,7.43286646062097,2.01920418933051,13.0012793040251,618.017228678578,9.22231478949172,4.42169801869841,11.9278651779996,32.021987777261,"CB vs. WB","WB"
"LOC111100718",77.3760054815294,-3.03557620756859,0.907382285842303,1.14168487940519e-05,0.00644334303873589,23.6083774650792,16.0420102088495,16.150768260974,50.7329999472316,24.2789985933516,30.2234975562865,32.7335913943054,12.3817919729793,54.0590666520923,16.9652766957558,80.700317632005,42.4374615487931,16.7708504261192,40.2181293937252,15.9090561926357,78.1440607883661,51.4926251383169,36.0631435460448,15.8581338141606,39.2700773135179,12.9632689529036,20.761304907736,44.5011320703695,42.5876109416541,18.8639087514832,59.4658187354303,29.0326124458592,24.0351933807411,15.2153977113032,52.3645420662876,19.8226681674664,40.8558756402702,22.2832740873108,100.279268289987,1335.46641767829,97.0433359790116,21.8601344154499,13.6870458301096,67.9237329204464,10.1149925687168,16.3901338968808,29.9397915632665,15.5909184241633,61.9814977859684,18.559807758648,49.3080981464479,70.6657401052527,66.2927409358277,51.4237419833273,186.752666459573,18.890217896076,7.55817812376953,616.314534666929,9.24334085403459,1482.45615625494,17.779487733533,40.9380379949272,15.820935582326,76.5879266389891,30.0565098853813,46.8968229292254,17.5353234921826,31.6666904053253,15.2571857166434,87.5668126839954,26.8929895774402,4.66828027641099,40.6686353653745,26.3920960474869,85.9032668998581,10.5427923291704,11.5286711625985,24.3758938077975,32.3712556236533,87.6271344448986,16.1751141070491,29.9302382559008,20.265769299886,16.8323269283124,17.0031177217273,228.570746534402,75.8824711222373,77.0950371659474,219.10907286082,47.5207788143965,22.0559842107783,78.0450978365201,48.4609005439321,16.7159305337465,36.1040992698826,39.1948378553398,30.9518861308889,61.8080286496341,16.0109938886305,"CB vs. WB","CB"
"LOC111110550",18.7639227234994,3.1297456260578,0.775890120121,3.7245013001173e-06,0.00297793143606275,12.2763562818412,7.01837946637167,9.50045191822,0.874706895641923,13.8737134819152,2.32488442740666,10.4747492461777,1.03181599774827,6.6194775492358,10.9775319796067,4.03501588160025,6.36561923231896,7.33724706142715,0,5.30301873087858,20.0369386636836,19.3097344268688,12.0210478486816,17.6201486824007,75.8003817912089,11.1113733882031,22.193119039304,0,19.8742184394386,9.98677522137347,15.4611128712119,10.0497504620282,15.6751261178746,16.2297575587234,4.3637118388573,28.1690547642944,4.5395417378078,4.64234876818976,2.22842818422193,9.00989337264211,12.9968753543319,16.5835502462034,15.792745188588,8.62523592640589,10.9579086161099,9.21945031699543,31.0090698333831,4.87216200755104,15.4953744464921,23.0141616207235,13.9551221169192,17.1616797398471,3.48909162820146,8.22779871733236,18.4026350160893,10.49456549782,0,15.0039118926406,16.6380135372623,28.6742003144088,5.92649591117768,18.0127367177679,19.3366990450651,0,26.1782505453321,26.1749709372421,2.50504621316894,9.95238841310225,13.2228942877576,20.4322562929323,3.84185565392003,16.3389809674385,16.0534086968583,11.6125222608942,11.3591096727085,12.4596636617468,22.3791851979853,8.1252979359325,32.3712556236533,15.1795036046281,9.43548322911199,4.43410937124457,22.2923462298746,11.51685526674,10.2018706330364,4.94741875615588,8.13026476309685,47.0580096986951,10.1268899221387,7.56012390229036,402.725933922729,17.3433550747823,11.1056230413178,38.0751751046448,9.55696745379245,118.737302914706,3.31627351402381,26.0244331156354,12.8087951109044,"CB vs. WB","WB"
"LOC111099732",207.39791179259,5.76337972131071,1.1795694130693,1.05545326964633e-07,0.000271919944036548,16.998031774857,0,111.155287443174,14.8700172259127,45.0895688162243,8.13709549592329,4.58270279520276,0,11.0324625820597,0.997957452691516,12.1050476448007,809.494579043228,0,22.3434052187362,2.65150936543929,17.0313978641311,9.65486721343441,43.5762984514708,5.28604460472022,9.13257611942276,29.6303290352083,5.72725652627201,38.1438274888881,47.319567712949,1343.77608812036,13.0824801217947,2491.22147564276,4.18003363143324,4.05743938968086,27.2731989928581,161.711240313542,15.8883960823273,5.57081852182771,20.0558536579974,2.0021985272538,10.3975002834655,159.05132281586,7.36994775467441,29.1101712516199,25.287481421792,3.07315010566514,33.1476263736164,7.79545921208166,103.044240069172,22.2717693103776,61.4025373144446,34.3233594796942,25.586671940144,24.6833961519971,4.77105352268982,6.296739298692,77.7412607016294,40.3951474032631,14.7893453664553,33.4532337001436,7.90199454823691,40.9380379949272,12.3051721195869,27.6567512863016,23.2695560402952,13.087485468621,25.0504621316894,1.80952516601859,90.5259685854177,2051.00934597625,38.4185565392003,103.869236150144,2.14045449291445,129.849112553636,11.3591096727085,9.58435666288218,88.8385836647295,4.06264896796625,0,24.8391877166642,47.17741614556,148.542663936693,14.1860385099202,6319.2098936659,11.3354118144849,13.8527725172365,25.068316352882,3612.45317006153,5.5237581393484,9.72015930294474,8.16888304102899,22.2985993818629,47.4512984492669,73.3643617869985,4.24754109057442,36.8892591579669,26.5301881121905,74.8202452074518,210.277719737347,"CB vs. WB","WB"
"LOC111104618",70.8257140904701,4.09973880709121,2.57735208885534,7.21478787610548e-05,0.0226066603355754,8.4990158874285,16.0420102088495,915.843564916408,1.74941379128385,3.46842837047879,0,8.51073376251942,0,1.10324625820597,6.98570216884062,0,6.36561923231896,63.9388672495794,0,1.32575468271965,4.00738773273672,62.2202553754662,28.5499886406188,19.3821635506408,52.0556838807097,7.40758225880209,0.715907065784001,18.0123629808638,1877.64044684982,12.2060586039009,1.78397456206291,8.93311152180282,0,2.02871969484043,10.9092795971432,41.7319329841398,2.2697708689039,4.64234876818976,0,2.0021985272538,0,0,1.0528496792392,0,4.21458023696533,0,0,11.6931888181225,159.602356798869,2.96956924138368,0.930341474461282,2.01902114586436,4.65212217093528,0,14.3131605680695,4.197826199128,0,60.0156475705624,1.84866817080692,3.82322670858784,0,0,0,36.166520912856,10.6652131851353,52.3499418744841,21.292892811936,1.80952516601859,5.08572857221448,0,0,255.588345133502,12.8427269574867,10.5568384189948,7.8093878999871,2.87530699886466,0,20.8936232638264,1.79840309020296,104.186592922675,17.5230402826366,752.690065768765,14.1860385099202,737.964649014958,2.26708236289698,0,18.2930957169679,977.204626934606,11.0475162786968,0,5.7182181287203,12.3881107677016,0,5.57197684458217,30.7946729066645,33.4308911119075,22.1084900934921,10.8435137981814,0,"CB vs. WB","WB"
"LOC111104470",53.4237903649233,5.51398310522518,1.43005772419814,2.1923986070625e-06,0.00209890219812974,0.944335098603166,26.0682665893805,19.00090383644,9.62177585206116,6.93685674095759,18.5990754192532,26.8415449433305,24.7635839459586,0,1.99591490538303,2.01750794080012,241.893530828121,62.890689097947,15.6403836531154,37.1211311161501,4.00738773273672,3.21828907114481,34.5605125649596,0,17.3518946269032,0,1.431814131568,24.3696675623452,8.51752218833083,347.317849365544,1.18931637470861,1034.00765864868,0,1.01435984742021,66.5466055425738,43.8185296333468,0,13.9270463045693,14.4847831974426,6.00659558176141,5.19875014173276,27.8905163231603,2.1056993584784,4.31261796320295,0.842916047393067,27.6583509509863,0,0,26.3421365590366,4.45435386207552,2.79102442338385,11.104616302254,11.6303054273382,5.14237419833273,9.54210704537964,3.148369649346,0,9.23317654931729,0,1.91161335429392,0.987749318529613,26.2003443167534,2.63682259705433,21.2744240663859,0.969564835012302,4.36249515620701,5.01009242633788,19.9047768262045,6.10287428665738,268.538225564253,9.60463913480007,0,0,23.2250445217885,2.83977741817713,2.87530699886466,5.4252570176934,2.32151369598072,0,11.0396389851841,44.4815637943851,103.093042881436,0,1297.86099736724,24.9379059918667,7.91587000984941,16.9380515897851,737.909641445496,5.5237581393484,3.24005310098158,1.6337766082058,4.95524430708064,14.1344293253135,2.78598842229108,0,23.0557869737293,7.73797153272222,13.0122165578177,29.8871885921102,"CB vs. WB","WB"
"LOC111103776",18.2191183967189,4.1579566710266,1.87643022744983,3.83921830558818e-05,0.0141301515637576,11.332021183238,0,10.450497110042,8.74706895641923,1.1561427901596,3.48732664110998,3.92803096731665,0,0,22.9530214119049,9.07878573360056,70.0218115555086,6.2890689097947,2.23434052187362,1.32575468271965,0,5.36381511857468,5.2592084337982,2.64302230236011,34.7037892538065,4.6297389117513,1.431814131568,1.05955076358023,13.2494789596257,74.3459933146691,5.35192368618873,152.979534810873,3.13502522357493,41.5887537442288,2.18185591942865,31.2989497381048,0,12.9985765509313,7.79949864477676,2.0021985272538,0,4.52278643078275,0,6.46892694480442,3.37166418957227,15.3657505283257,5.3463913505833,0,5.42338105627224,0.742392310345921,0.930341474461282,4.03804229172873,18.6084886837411,0,2.7263162986799,1.049456549782,0,115.414706866466,3.69733634161384,0.955806677146961,0,16.3752151979709,0,4.25488481327717,0,2.18124757810351,0,0.904762583009296,14.2400400022005,156.647298245814,1.92092782696001,0,0,19.0023091541906,13.4889427363414,4.79217833144109,11.5286711625985,0.580378423995179,0,17.2494359143501,6.73963087793714,6.65116405686685,5.06644232497149,476.620625654318,18.1366589031758,1.97896750246235,7.45274269950545,90.1110824017567,11.0475162786968,0,4.9013298246174,7.43286646062097,6.05761256799152,2.78598842229108,1.06188527264361,2.30557869737293,11.054245046746,19.5183248367266,28.8197889995349,"CB vs. WB","WB"
"LOC111127852",51.523316223892,4.52554042101953,1.13957485279283,2.95971961937819e-06,0.00254174143757489,9.44335098603166,15.0393845707964,15.200723069152,0,9.24914232127678,12.7868643507366,1.96401548365833,26.8272159414551,31.994141487973,0.997957452691516,15.1313095560009,37.1327788551939,4.1927126065298,20.1090646968626,7.95452809631787,18.0332447973152,2.14552604742987,11.269732358139,9.6910817753204,4.56628805971138,15.7411122999544,1.431814131568,8.47640610864181,19.8742184394386,385.04566686851,3.56794912412582,264.643428833409,4.18003363143324,0,2.18185591942865,14.6061765444489,21.5628232545871,4.64234876818976,38.9974932238838,20.021985272538,17.3291671391092,48.2430552616826,5.26424839619601,18.3286263436125,7.5862444265376,0,5.3463913505833,0.974432401510207,27.8916740036858,24.4989462414154,10.2337562190741,8.07608458345745,5.8151527136691,7.19932387766582,13.6315814933995,6.296739298692,31.3124522270452,12.6956177553113,4.6216704270173,5.73484006288177,19.7549863705923,26.2003443167534,27.2471668362281,5.31860601659647,3.87825934004921,17.449980624828,20.0403697053515,0,9.15431142998606,11.6755750245327,52.8255152414004,3.50121020730824,0,8.44547073519582,4.25966612726569,7.66748533030575,43.4020561415472,19.1524879918409,0.89920154510148,6.89977436574005,14.8271879314617,3.32558202843343,7.09301925496009,2739.23972959694,19.2702000846243,4.94741875615588,19.6481398441507,220.27153475985,13.809395348371,1.08001770032719,2.4506649123087,3.71643323031048,10.0960209466525,6.50063965201253,3.18565581793082,25.3613656711022,27.6356126168651,2.16870275963628,111.009557627838,"CB vs. WB","WB"
"LOC111125477",226.160825143067,4.4407643875964,1.04565026723628,1.72184863753336e-06,0.0019041539914263,49.1054251273646,35.0918973318583,118.75564897775,50.7329999472316,63.5878534587779,32.5483819836932,24.8775294596721,0,61.7817904595341,16.9652766957558,6.05252382240037,888.003882908495,44.0234823685629,31.2807673062307,0,18.0332447973152,43.9832839723123,62.3591857150358,16.7391412482807,42.0098501493447,6.48163447645182,40.8067027496881,45.5606828339497,92.7463527173801,139.814853099229,17.2450874332748,4722.26607821302,14.6301177100163,31.4451552700266,36.0006226705727,197.183383350061,53.3396154192417,18.569395072759,67.9670596187689,21.0230845361649,34.6583342782184,159.805120554324,0,51.7514155584354,25.287481421792,14.3413671597707,41.7018525345497,48.7216200755104,46.4861233394763,17.8174154483021,26.0495612849159,48.4565075007447,53.4994049657557,99.7620594476549,21.8105303894392,24.137500644986,21.5947946393415,88.8693242871789,31.4273589037176,21.0277468972331,33.5834768300069,86.7886405492456,47.462806746978,80.8428114522663,60.1130197707627,34.8999612496561,101.454371633342,16.2857264941673,90.5259685854177,2073.38753143994,96.0463913480007,31.5108918657742,22.4747721756017,97.1229134547519,24.1381080545056,43.1296049829698,78.6662267565543,47.5910307676047,39.5648679844651,26.9091200263862,57.9608255502594,385.767515298277,12.1594615799316,6178.34989463423,45.3416472579395,15.8317400196988,75.8824711222373,2687.31272407017,20.2537798442775,12.9602124039263,18.7884309943667,83.0003421436008,123.171455549161,39.0038379120752,42.4754109057442,53.0283100395774,54.1658007290555,84.5794076258151,148.368543367976,"CB vs. WB","WB"
"LOC111100849",375.28464142118,4.83877469234085,1.07702637503195,7.65114818527204e-07,0.00110879483107439,42.4950794371425,51.1339075407079,205.209761433552,22.74237928669,119.082707386439,233.650884954369,145.991817618602,27.8590319392034,9.9292163238537,101.791660174535,18.1575714672011,1278.42852915739,30.397166397341,29.0464267843571,9.28028277903752,144.265958378522,60.0747293280364,106.686799657049,29.9542527600812,18.2651522388455,27.7784334705078,37.9430744865521,48.7393351246904,157.100964806991,3304.51295658335,11.8931637470861,5557.51200550158,20.9001681571662,20.2871969484043,36.0006226705727,439.228594658071,82.8466367149924,64.9928827546566,92.4797696452102,20.021985272538,32.058959207352,120.607638154207,178.984445470664,88.4086682456604,16.8583209478613,32.7802677937615,8.55422616093327,31.1818368483266,196.79125547045,74.981623344938,37.2136589784513,20.1902114586436,54.6624355084895,44.2244181056614,54.5263259735979,7.346195848474,58.3059455262221,83.0985889438556,15.7136794518588,25.8067802829679,40.4977220597141,188.314974776665,143.267361106619,34.0390785062174,60.1130197707627,37.0812088277596,111.474556486018,30.761927822316,295.989402902883,4786.98576005842,94.1254635210407,64.1888538006511,35.3174991330884,206.914033012297,7.09944354544282,11.5012279954586,86.8041122830944,52.2340581595661,16.1856278118266,80.7273600791586,125.357134329631,301.519437244631,13.1727500449259,10924.1801764747,57.8106002538729,91.0325051132682,52.8467209601295,2303.84000673825,15.6506480614871,37.8006195114518,36.7599736846305,13.6269218444718,211.006837785038,13.9299421114554,52.0323783595367,111.820566822587,75.168866317873,171.327518011266,495.27341095497,"CB vs. WB","WB"
"LOC111122605",503.154756715221,6.07016024691104,2.86022136250519,1.05529316073053e-05,0.00611727062946467,0.944335098603166,2.00525127610619,16847.1513865795,0,6.93685674095759,4.64976885481331,3.92803096731665,66.0362238558895,0,2.99387235807455,0,5.30468269359914,614.232396856615,0,1.32575468271965,0,275.700097094738,278.738046991304,1.76201486824007,430.144335224812,0,15.749955447248,11.6550583993825,12509.4009205952,3.32892507379116,0,2.2332778804507,0,61.8759506926331,2.18185591942865,15.6494748690524,0,3.71387901455181,2.22842818422193,3.0032977908807,6.06520849868823,0,1.0528496792392,0,0,13.3169837912156,21.3855654023332,3.89772960604083,1036.64055047032,0,3.72136589784513,12.1141268751862,12.793335970072,16.4555974346647,0,0,46.4288084745842,6.92488241198797,0,2.86742003144088,0,0,9.66834952253255,0,9.69564835012302,247.571600114748,2.50504621316894,2.71428774902789,1.0171457144429,2.91889375613318,0,2448.51300497756,34.2472718866311,0,0,0.958435666288219,11.5286711625985,5.80378423995179,0,654.788587308731,0,3242.44247772259,0,5319.9012212903,3.40062354434547,0,4.74265444513983,2757.39912149375,0,0,34.3093087723218,61.9405538385081,2.01920418933051,3.71465122972145,4.24754109057442,54.1810993882639,15.4759430654444,2.16870275963628,2.13479918515073,"CB vs. WB","WB"
"LOC111131292",61.5496506926357,2.28403883960553,1.45591986475991,0.000141082670763355,0.0317600377377661,20.7753721692697,21.055138399115,31.351491330126,18.3688448084804,18.4982846425536,22.0864020603632,15.7121238692666,35.0817439234413,14.3422013566776,9.97957452691517,15.1313095560009,366.02310585834,10.4817815163245,8.93736208749449,41.098395164309,20.0369386636836,37.5467058300227,21.7881492257354,11.4530966435605,9.13257611942276,25.9265379058073,39.3748886181201,33.9056244345672,38.8020455246182,220.81869656148,30.9222257424238,937.976709789296,21.9451765650245,6.08615908452129,34.9096947108584,64.6844961254167,17.0232815167793,27.8540926091385,32.312208671218,14.0153896907766,50.2545847034167,94.2247173079739,17.8984445470664,32.3446347240221,19.3870690900405,10.2438336855505,35.2861829138498,10.7187564166123,37.188898671581,26.7261231724531,13.0247806424579,52.4945497924734,19.7715192264749,45.252892945328,11.5868442693896,10.49456549782,3.23921919590123,23.0829413732932,23.1083521350865,17.2045201886453,29.6324795558884,18.0127367177679,51.8575110754019,21.2744240663859,43.6304175755536,19.6312282029315,20.0403697053515,19.0000142431952,44.7544114354874,93.4046001962618,19.2092782696001,8.16949048371923,16.0534086968583,17.9466253122911,17.0386645090628,13.4180993280351,27.126285088467,23.2151369598072,48.5568834354799,11.7296164217581,26.9585235117486,62.0775311974239,20.265769299886,1188.89382830501,11.3354118144849,76.1902488448005,52.1691988965381,620.765234323213,11.9681426352549,16.2002655049079,28.5910906436015,34.6867101495645,29.2784607452923,18.5732561486072,11.6807379990797,17.291840230297,9.94882054207142,35.7835955339987,100.335561702084,"CB vs. WB","WB"
"LOC111137698",89.1943543222634,2.92838496735363,1.89418547159832,0.000135892081950742,0.0312604955093521,34.9403986483171,2.00525127610619,135.856462430546,22.74237928669,21.9667130130324,9.29953770962662,7.2013901067472,35.0817439234413,8.82597006564773,0,20.1750794080012,384.059027016577,4.1927126065298,11.1717026093681,13.2575468271965,35.0646426614463,43.9832839723123,25.5447266784484,22.9061932871209,9.13257611942276,5.55568669410156,2.863628263136,23.310116798765,55.8370899012799,380.607100103455,7.13589824825164,1563.29451631549,2.09001681571662,7.1005189319415,15.2729914360005,215.962753192923,15.8883960823273,5.57081852182771,12.2563550132206,19.0208860089111,29.4595841364857,55.7810326463206,16.8455948678272,30.1883257424206,3.37166418957227,46.0972515849772,10.6927827011666,10.7187564166123,34.0898237822826,1.48478462069184,1.86068294892256,19.1807008857114,9.30424434187056,16.4555974346647,11.5868442693896,12.593478597384,15.1163562475391,34.6244120599398,8.31900676863113,12.4254868029105,0,134.276764623361,3.51576346273911,67.0144358091155,13.5739076901722,2.18124757810351,43.8383087304565,6.33333808106507,52.8915771510306,542.914238640772,17.2883504426401,16.3389809674385,6.42136347874334,76.0092366167623,5.67955483635425,5.75061399772931,65.1030842123208,18.5721095678457,6.29441081571036,8.27972923888806,31.0023020385108,129.697699108904,2.0265769299886,1920.6570937148,20.4037412660728,11.8738050147741,10.8403530174625,1115.37495328397,5.5237581393484,25.9204248078526,24.506649123087,11.1492996909314,133.267476495813,13.0012793040251,5.30942636321803,31.1253124145346,39.7952821682857,98.6759755634509,102.470360887235,"CB vs. WB","WB"
"LOC111137304",47.1948642177588,5.10624305858024,1.55518731565,6.73677020941618e-06,0.00459427914252156,1.88867019720633,6.01575382831857,15.200723069152,3.49882758256769,26.5912841736708,30.2234975562865,1.96401548365833,0,6.6194775492358,13.9714043376812,1.00875397040006,270.538817373556,1.04817815163245,0,6.62877341359823,10.0184693318418,12.8731562845792,41.322351979843,0,1.82651522388455,4.6297389117513,0.715907065784001,18.0123629808638,22.7133925022155,142.034136481756,3.56794912412582,748.148089950986,7.31505885500817,0,4.3637118388573,16.6927731936559,4.5395417378078,3.71387901455181,0,0,3.46583342782184,16.5835502462034,2.1056993584784,0,5.0574962843584,2.0487667371101,0,9.74432401510207,15.4953744464921,2.96956924138368,0,22.209232604508,16.2824275982735,5.14237419833273,15.6763187174094,4.197826199128,0,20.7746472359639,1.84866817080692,14.3371001572044,17.779487733533,26.2003443167534,18.4577581793803,23.4018664730244,5.81738901007381,11.9968616795693,17.5353234921826,0,11.1886028588719,306.483844393984,15.3674226156801,3.50121020730824,0,35.8932506245822,0,0,4.06894276327005,3.48227054397107,4.4960077255074,0.689977436574005,29.6543758629234,24.3876015418451,18.2391923698974,1754.10564831887,13.6024941773819,8.90535376108059,4.06513238154843,392.483825572096,8.2856372090226,9.72015930294474,4.9013298246174,3.71643323031048,18.1728377039746,4.64331403715181,0,2.30557869737293,2.21084900934921,6.50610827890885,38.4263853327132,"CB vs. WB","WB"
"LOC111134056",427.566824864845,5.55440254552015,0.990659946478049,3.47073105856702e-09,1.34126401758322e-05,73.6581376910469,40.1050255221238,228.960891229102,51.6077068428735,77.4615669406931,67.421648394793,32.7335913943054,202.235935558662,23.1681714223253,51.8937875399589,48.420190579203,2644.91479102853,149.88947568344,107.248345049934,38.4468857988697,36.0664895946305,21.4552604742987,229.151224615493,207.917754452328,34.7037892538065,25.9265379058073,342.919484510537,107.014627121603,191.171053560314,928.770095587732,22.0023529321092,7001.32615521296,35.5302858671825,30.4307954226064,26.1822710331438,441.315191307278,22.697708689039,131.842705016589,95.8224119215431,39.0428712814491,19.0620838530201,139.452581615801,24.2155426225016,35.5790981964243,35.4024739905088,24.5852008453212,528.22346543763,49.6960524770206,153.404207020272,61.6185617587114,21.3978539126095,8.07608458345745,54.6624355084895,45.252892945328,904.455432087056,62.96739298692,62.6249044540904,62.3239417078917,513.929751484323,38.2322670858784,9.87749318529613,153.927022860926,33.3997528960215,129.773986804954,355.830294449515,11.9968616795693,56.3635397963012,76.9048195557901,129.177505734248,939.883789474884,52.8255152414004,22.1743313129522,81.3372707307489,192.134459225705,50.406049172644,92.9682596299572,82.0570123926127,38.885354407677,54.8512942511903,869.371570083246,128.052986680806,492.186140208147,249.268962388598,12994.5563886571,61.2112237982184,59.3690250738706,67.074684295549,4790.90588102673,25.7775379836259,41.0406726124334,8.16888304102899,44.5971987637258,148.411507915792,188.518549908363,112.559838900222,53.0283100395774,187.922165794682,168.074463871812,281.793492439897,"CB vs. WB","WB"
"LOC111134355",430.30450157421,5.30060355310891,1.23995101532688,1.04889801964464e-06,0.00131215869850881,34.9403986483171,13.0341332946902,159.607592226096,100.591292998821,132.956420868354,38.3605930522098,5.23737462308887,24.7635839459586,3.3097387746179,23.9509788645964,40.3501588160025,2997.14572188351,8.3854252130596,0,45.0756592124679,53.0978874587615,13.9459193082942,178.061771258596,9.6910817753204,73.9738665673244,11.1113733882031,205.465327880008,81.5854087956774,200.634967102904,1400.36781437481,19.623720182692,7473.66442692828,0,25.3589961855054,33.818766751144,440.271892982675,52.2047299847898,22.2832740873108,150.41890243498,132.145102798751,2.59937507086638,193.726018785194,8.42279743391361,31.2664802332214,2.5287481421792,14.3413671597707,55.6024700460663,9.74432401510207,121.638689404963,65.330523310441,28.8405857082997,53.5040603654056,20.9345497692088,186.153945979645,20.4473722400992,16.791304796512,8.6379178557366,58.8615005018977,9.24334085403459,118.520027966223,5.92649591117768,70.4134253512747,43.9470432842389,12.7646544398315,159.008632942017,43.6249515620701,35.0706469843652,54.2857549805577,150.537565737549,1265.82692557642,54.7464430683604,23.3414013820549,12.8427269574867,244.918651320679,29.8176628908598,23.0024559909172,49.5054702864523,57.4574639755227,28.7744494432474,34.4988718287002,150.967731665792,528.767542520915,149.966692819156,14786.7562505506,79.3478827013942,34.6319312930912,87.4003462032912,6098.51781010111,8.2856372090226,20.5203363062167,0,22.2985993818629,199.90121474372,29.7172098377716,7.43319690850524,69.1673609211879,51.9549517197063,147.471787655267,342.635269216693,"CB vs. WB","WB"
"LOC111136478",20.160433070822,4.53210653060232,2.19166886946725,3.68279652691595e-05,0.0137730650112258,4.72167549301583,0,3.800180767288,1.74941379128385,0,9.29953770962662,0,0,1.10324625820597,7.98365962153213,0,106.093653871983,5.24089075816225,31.2807673062307,2.65150936543929,0,4.29105209485974,7.513154905426,6.16705203884025,8.21931850748048,0,4.29544239470401,2.11910152716045,5.67834812555389,62.1399347107682,6.54124006089734,361.791016633014,0,0,24.0004151137151,18.7793698428629,1.13488543445195,0,0,1.0010992636269,1.73291671391092,3.01519095385517,0,3.23446347240221,0,2.0487667371101,16.0391740517499,1.94886480302041,6.97291850092145,0,1.86068294892256,6.05706343759309,3.48909162820146,2.05694967933309,1.36315814933995,0,0,25.3912355106225,6.47033859782421,0,1.97549863705923,0,0,0,0.969564835012302,5.45311894525876,3.75756931975341,0,8.13716571554317,56.4319459519082,1.92092782696001,1.16707006910275,0,19.0023091541906,5.67955483635425,1.91687133257644,4.06894276327005,5.80378423995179,6.29441081571036,2.06993230972201,0,7.75969139967799,5.06644232497149,688.353580173616,0,1.97896750246235,1.35504412718281,192.236975790414,0,0,13.0702128656464,9.91048861416129,6.05761256799152,6.50063965201253,5.30942636321803,14.9862615329241,12.1596695514206,7.59045965872699,28.8197889995349,"CB vs. WB","WB"
"LOC111136078",152.869355532059,1.2357347857917,0.994652133472699,0.000209134176253485,0.0425367907437681,78.3798131840628,457.197290952212,159.607592226096,162.695482589398,232.384700822079,224.351347244742,115.222241707955,47.4635358964206,51.8525741356804,124.74468158644,102.892904980806,51.9858903972715,134.166803408954,109.482685571808,66.2877341359823,90.1662239865762,84.7482788734799,87.1525969029416,71.3616021637229,37.4435620896333,162.966809693646,173.249509919728,90.0618149043192,171.296835120876,119.841302656482,67.7910333583906,118.363727663887,79.4206389972315,49.7036325235905,130.911355165719,97.026744188125,107.814116272935,598.862991096479,73.5381300793237,56.0615587631064,90.1116691233679,106.285481123395,81.0694253014185,92.7212862088634,201.456935326943,150.584355177592,164.668853597966,131.548374203878,175.097731245361,89.8294695518564,163.740099505186,44.418465209016,68.6188020212954,127.530880118652,79.063172661717,151.121743168608,21.5947946393415,229.675266664268,217.218510069813,149.105841634926,78.0321961638395,139.189329182752,128.325366389977,615.894576721871,109.56082635639,43.6249515620701,80.1614788214061,120.333423540236,81.3716571554317,143.025794050526,30.7348452313602,147.050828706946,127.35704232841,172.076466229615,170.386645090628,151.432835273539,92.2293693007879,77.1903303913588,93.516960690554,91.0770216277687,66.048382603784,89.7907147677025,171.245750584037,108.967169062233,89.5497533344306,104.885277630505,147.699809862926,206.254255275132,826.722468189144,106.921752332392,381.486838016054,240.329348893411,46.4416963546016,80.7936642464414,698.720509399492,801.188597337093,121.596695514206,117.109949020359,149.435942960551,"CB vs. WB","WB"
"LOC111136946",96.5156722825387,3.93041113888615,0.930160949643348,2.15140502699887e-06,0.00209890219812974,33.0517284511108,13.0341332946902,27.551310562838,21.8676723910481,48.5579971867031,33.7108241973965,31.4242477385332,0,31.994141487973,7.98365962153213,34.2976349936021,45.6202711649526,47.1680168234602,44.6868104374725,34.4696217507108,12.0221631982102,20.3824974505838,73.6289180731748,24.668208155361,20.0916674627301,3.70379112940104,25.05674730244,16.9528122172836,18.9278270851796,7.76749183884603,6.54124006089734,11.1663894022535,7.31505885500817,12.1723181690426,15.2729914360005,12.5195798952419,34.0465630335585,18.569395072759,362.119579936064,38.0417720178222,48.5216679895058,10.5531683384931,20.0041439055448,44.2043341228302,8.42916047393067,12.2926004226606,23.5241219425665,28.258539643796,58.88242289667,18.559807758648,1.86068294892256,8.07608458345745,10.4672748846044,17.4840722743313,19.0842140907593,37.780435792152,36.7111508868806,25.3912355106225,5.54600451242075,17.2045201886453,2.96324795558884,78.6010329502601,7.03152692547822,42.5488481327717,14.5434725251845,235.574738435179,31.3130776646118,2768.57350400844,20.3429142888579,46.7023000981309,13.4464947887201,4.66828027641099,16.0534086968583,19.0023091541906,15.6187757999742,5.75061399772931,10.8505140353868,35.9834622877011,8.9920154510148,1.37995487314801,2814.46985462655,975.504061673805,16.2126154399088,22.1477985898847,14.7360353588303,9.89483751231176,25.068316352882,32.039495965069,3.68250542623227,29.1604779088342,6.53510643282319,13.6269218444718,6.05761256799152,11.1439536891643,6.37131163586163,17.291840230297,21.0030655888175,14.0965679376358,4.26959837030146,"CB vs. WB","WB"
"LOC144626807",8.99891032546981,-5.00351652224042,1.09337623409821,5.46019255406751e-07,0.000904324891079739,0,4.01050255221238,6.650316342754,15.7447241215546,9.24914232127678,11.6244221370333,0,0,15.4454476148835,12.9734468849897,3.02626191120019,0,3.14453445489735,2.23434052187362,1.32575468271965,28.051714129157,7.50934116600455,14.2749943203094,1.76201486824007,10.045833731365,0,0.715907065784001,4.2382030543209,20.8206097936976,1.10964169126372,3.56794912412582,5.58319470112676,10.4500840785831,1.01435984742021,3.27278387914297,4.17319329841398,245.135253841621,4.64234876818976,2.22842818422193,8.00879410901521,0.866458356955461,10.5531683384931,24.2155426225016,38.8135616688265,1.68583209478613,8.19506694844038,8.55422616093327,8.76989161359186,7.74768722324605,6.68153079311328,2.79102442338385,0,5.8151527136691,2.05694967933309,0,2.098913099564,0,0,12.016343110245,0.955806677146961,2.96324795558884,9.82512911878252,7.03152692547822,1.06372120331929,2.9086945050369,0,12.5252310658447,5.42857549805577,0,14.5944687806659,23.0511339235202,18.673121105644,6.42136347874334,5.27841920949739,14.9088314454299,2.87530699886466,14.2412996714452,7.54491951193732,1.79840309020296,4.13986461944403,0,4.43410937124457,0,0,4.53416472579395,2.96845125369353,9.48530889027966,0,9.20626356558067,4.32007080130877,0,7.43286646062097,4.03840837866101,10.215290881734,2.12377054528721,0,2.21084900934921,11.9278651779996,13.8761947034798,"CB vs. WB","CB"
"LOC111134790",934.925266841039,5.04166507757092,1.04277986013199,2.16979857451545e-07,0.000419259329560748,132.206913804443,23.0603896752212,270.76287966927,109.33836195524,363.028836110114,179.016100910312,38.6256378452804,326.053855288454,143.422013566776,73.8488514991722,226.969643340014,3759.95909322307,109.010527769775,118.420047659302,987.687238626136,26.0480202627887,34.3284167588779,1012.02196576088,95.1488028849639,415.532213433736,41.6676502057617,53.6930299338001,218.267457297527,320.826669093795,3883.74591942302,459.670778824877,16537.4227047375,109.725882825122,26.3733560329256,39.2734065497157,848.201537902641,158.883960823273,38.067259899156,159.332615171868,40.043970545076,139.499795469829,644.497066386542,31.5854903771761,66.8455784296457,419.772191601747,30.7315010566514,165.738131868082,120.829617787266,569.455010908585,23.0141616207235,11.1640976935354,305.881703598451,289.594605140721,71.9932387766582,8.17894889603969,24.137500644986,371.430467796674,147.730824789077,15.7136794518588,42.0554937944663,188.660119839156,170.302238058897,68.5573875234126,266.994022033143,55.2651955957012,63.2561797650016,326.908530818547,128.47628678732,266.492177184039,1858.36235807146,175.764896166841,96.866815735528,92.0395431953212,297.702843415653,31.2375515999484,86.2592099659397,585.249600783676,128.84401012693,67.440115882611,85.5572021351766,206.232704864876,1439.97701831167,7.09301925496009,27539.4586786062,107.686412237606,85.0956026058811,123.309015573636,15133.6556722506,15.6506480614871,333.725469401103,1262.90931814308,112.731807986085,229.179675489012,136.513432692263,28.6709023613773,138.334721842376,198.976410841428,303.61838634908,560.384786102067,"CB vs. WB","WB"
"LOC111133252",42.273334084452,2.56948504730194,2.17598655001857,0.000258653845478771,0.0483661831864214,8.4990158874285,0,5.700271150932,14.8700172259127,4.62457116063839,1.16244221370333,9.82007741829164,61.9089598648964,2.20649251641193,6.98570216884062,16.140063526401,113.520209643022,3.14453445489735,0,5.30301873087858,6.01108159910508,7.50934116600455,28.5499886406188,2.64302230236011,542.475021493712,9.25947782350261,7.15907065784001,12.7146091629627,41.6412195873952,78.784560079724,0,479.038105356676,6.27005044714986,4.05743938968086,2.18185591942865,27.1257564396909,9.07908347561561,0,14.4847831974426,27.0296801179263,6.93166685564369,61.8114145540309,0,5.39077245400368,1.68583209478613,1.02438336855505,18.1777305919832,0,18.5944493357905,8.16631541380513,24.1888783359933,1.00951057293218,2.32606108546764,2.05694967933309,6.81579074669974,4.197826199128,0,13.8497648239759,2.77300225621038,34.4090403772906,13.8284904594146,9.82512911878252,1.75788173136955,0,40.7217230705167,2.18124757810351,5.01009242633788,7.23810066407436,17.2914771455292,109.944998147683,12.4860308752401,29.1767517275687,4.28090898582889,45.3944052016775,4.25966612726569,3.83374266515287,27.8044422156787,5.22340581595661,1.79840309020296,11.0396389851841,24.2626711605737,35.4728749699565,16.2126154399088,1334.18338705465,6.80124708869093,1.97896750246235,5.42017650873124,303.373977419247,4.60313178279033,8.64014160261755,8.16888304102899,26.0150326121734,12.115225135983,0,1.06188527264361,0,4.42169801869841,7.59045965872699,46.9655820733161,"CB vs. WB","WB"
"LOC111138386",96.6175757230024,-3.55077995593919,0.628265030451553,8.13492498547292e-09,2.69463579483087e-05,22.664042366476,203.533004524778,50.352395166566,86.5959826685504,85.5545664718103,79.0460705318263,39.9349815010527,60.8771438671481,87.1564543982713,26.9448512226709,82.7178255728051,36.0718423164741,24.1080974875463,120.654388181176,50.3786779433465,54.0997343919457,114.785643537498,52.592084337982,36.1213047989215,40.1833349254601,33.3341201646094,209.760770274712,76.2876549777763,22.7133925022155,22.1928338252744,93.9559936019799,102.730782500732,1724.26387296621,93.3211059626597,62.1828937037165,50.0783195809678,79.4419804116366,173.623843930297,43.4543495923277,124.136308689736,497.347096892434,48.9968530001464,86.3336736976145,51.7514155584354,85.9774368340928,136.242988017821,39.5632959943164,84.775618931388,10.8467621125445,121.752338896731,83.7307327015154,178.683371408996,51.1733438802881,20.5694967933309,98.1473867524763,44.077175090844,82.0602196294977,212.363060634298,51.7627087825937,27.7183936372619,161.003138920327,86.7886405492456,116.899135136075,8.50976962655434,159.97819777703,30.5374660934491,30.0605545580273,124.857236455283,163.760460025306,32.107831317465,68.1929378570805,109.704586495658,21.4045449291445,81.2876558262597,57.5054927180868,25.8777629897819,96.9764691912696,150.898390238746,58.4481004315962,77.9674503328626,55.2649731990845,11.0852734281114,38.5049616697834,37.2083016310063,115.621200507746,72.2323138398759,75.8824711222373,64.0789919301381,46.0313178279033,319.685239296849,40.844415205145,22.2985993818629,38.3648795972796,46.4331403715181,8.49508218114884,46.1115739474586,8.84339603739682,49.8801634716345,42.6959837030146,"CB vs. WB","CB"
"LOC111138387",79.6646367513248,3.68906061464286,2.64210130528784,0.000109063309422693,0.0281435703727731,0,1.0026256380531,39.901898056524,6.99765516513539,26.5912841736708,2.32488442740666,2.61868731154444,0,0,3.99182981076607,7.06127779280044,391.485582787616,0,0,0,0,0,39.0684055082152,0,1.82651522388455,0,1.431814131568,10.5955076358023,4.7319567712949,281.848989580984,1.18931637470861,1959.70134009549,2.09001681571662,2.02871969484043,0,68.8576894238307,15.8883960823273,0,8.91371273688773,6.00659558176141,0,31.6595050154792,0,2.15630898160147,0.842916047393067,8.19506694844038,2.13855654023332,3.89772960604083,31.7655176153088,4.45435386207552,1.86068294892256,0,18.6084886837411,0,0,0,0,11.5414706866466,1.84866817080692,1.91161335429392,15.8039890964738,13.1001721583767,5.27364519410866,19.1469816597473,3.87825934004921,4.36249515620701,5.01009242633788,3.61905033203718,8.13716571554317,341.510569467582,31.6953091448402,11.6707006910275,2.14045449291445,19.0023091541906,0,3.83374266515287,25.7699708340437,3.48227054397107,3.59680618040592,2.75990974629602,0,86.4651327392691,0,2460.17746736439,6.80124708869093,0,2.71008825436562,1143.4095122534,0,19.4403186058895,0,0,40.3840837866101,11.1439536891643,0,48.4171526448315,14.3705185607698,32.5305413945443,91.7963649614815,"CB vs. WB","WB"
"LOC111132030",86.1143659549737,1.2588895816943,0.997023267792725,0.000201694484021559,0.0423320804282583,384.344385131489,153.401722622124,103.554925908598,85.7212757729085,40.4649976555859,144.142834499213,42.5536688125971,71.1953038446308,52.9558203938864,61.873362066874,103.901658951206,32.8890327003146,57.6497983397847,49.1554914812197,30.4923577025518,85.1569893206553,79.3844637549052,36.0631435460448,425.526590679977,131.509096119688,207.412303246458,28.63628263136,49.7988858882706,135.333963659034,85.4424102273063,57.6818441733674,154.096173751099,33.4402690514659,56.804151455532,61.0919657440021,80.3339709944691,17.0232815167793,97.4893241319849,17.8274254737755,34.0373749633146,48.5216679895058,120.607638154207,140.029007338814,59.2984969940405,50.574962843584,47.1216349535322,81.2651485288661,57.4915116891022,49.5851982287747,46.0283232414471,66.054244686751,69.6562295323205,47.6842522520866,39.0820439073287,45.6657980028883,69.264132285612,60.4654249901562,163.888883750382,53.6113769534006,71.6855007860221,127.41966209032,58.9507747126951,25.4892851048585,192.533537800792,75.6260571309595,77.4342890226744,96.4442792070043,40.7143162354183,73.2344914398885,61.2967688787968,30.7348452313602,70.0242041461648,50.3006805834895,48.5614567273759,28.3977741817713,42.1711693166816,53.5744130497224,48.751787615595,80.9281390591332,73.1376082768445,90.3110537643577,107.527152252681,71.9434810145952,178.068300662673,71.4130944312548,152.380497689601,53.5242430237209,244.301156733651,41.428186045113,19.4403186058895,98.8434847964508,73.0898535294395,63.6049319639109,133.727444269972,74.3319690850524,421.920901619246,51.9549517197063,66.1454341689067,49.1003812584668,"CB vs. WB","WB"
"LOC111133456",15.6123006387491,3.17274536532528,1.08273473547192,1.99978736465238e-05,0.00874888106116881,20.7753721692697,5.01312819026548,10.450497110042,41.1112240951704,4.62457116063839,23.2488442740666,3.27335913943055,7.22271198423791,12.1357088402656,21.9550639592134,35.3063889640022,19.0968576969569,10.4817815163245,20.1090646968626,0,3.00554079955254,11.8003932608643,2.2539464716278,25.549215589481,5.47954567165366,15.7411122999544,17.8976766446,4.2382030543209,16.0886530224027,14.4253419864283,7.73055643560594,3.34991682067606,5.22504203929155,11.1579583216224,13.0911355165719,25.0391597904839,7.94419804116366,0,2.22842818422193,7.00769484538831,12.1304169973765,2.26139321539137,8.42279743391361,1.07815449080074,8.42916047393067,0,7.48494789081661,6.82102681057145,3.09907488929842,0.742392310345921,18.6068294892256,2.01902114586436,3.48909162820146,12.3416980759985,0.681579074669974,3.148369649346,12.9568767836049,12.6956177553113,3.69733634161384,1.91161335429392,6.91424522970729,8.18760759898543,14.0630538509564,0,5.81738901007381,4.36249515620701,6.26261553292235,2.71428774902789,31.5315171477298,4.86482292688863,1.92092782696001,16.3389809674385,10.7022724645722,53.8398759368733,14.1988870908856,6.70904966401753,4.06894276327005,9.28605478392286,25.1776432628414,20.6993230972201,10.7834094046994,415.697753554178,19.2524808348917,22.1477985898847,26.0714471733152,11.8738050147741,3.38761031795702,5.00617124454204,13.809395348371,2.16003540065439,4.9013298246174,27.2538436889435,22.2112460826356,13.0012793040251,7.43319690850524,17.291840230297,21.0030655888175,16.2652706972721,4.26959837030146,"CB vs. WB","WB"
"LOC111106792",172.631174071753,3.14435801056849,2.94429270068533,0.000179102944311775,0.0388117754182908,448.559171836504,255.669537703539,0,14.8700172259127,17.342141852394,8.13709549592329,5.89204645097498,0,0,1.99591490538303,9.07878573360056,2.12187307743965,0,712.754626477686,364.582537747903,9.01662239865762,347.575219683639,9.0157858865112,598.204047767504,3.6530304477691,0,11.454513052544,731.090026870356,1021.15627124544,9.98677522137347,657.097297026505,6.69983364135212,0,314.451552700266,0,780.387146803414,0,265.542349540454,7.79949864477676,0,0,633.190100309585,2.1056993584784,0,6.74332837914453,1.02438336855505,3.20783481034998,4.87216200755104,0.774768722324605,0,840.098351438538,846.9793706901,0,970.880248645219,530.95009916791,305.391855986562,1.07973973196708,6.92488241198797,8.31900676863113,5.73484006288177,12.840741140885,0,4.39470432842389,331.881015435619,888.121388871268,1118.9800075671,454.665887690163,10.8571509961115,0,496.211938542641,0,47.8498728332126,2.14045449291445,10.5568384189948,3.54972177272141,0,2.7126285088467,12.1879469038988,6.29441081571036,0.689977436574005,0,2.21705468562228,0,4.42955971797694,0,0,0,0,19.3331534877194,0,8.16888304102899,4.95524430708064,7.06721466265677,269.312214154805,3.18565581793082,662.853875494718,5.52712252337301,640.851665472522,413.083642326667,"CB vs. WB","WB"
"LOC111110657",72.2413262935996,5.01506270996634,1.78046675892017,1.26641139532798e-05,0.00652539578299331,3.77734039441266,0,14.25067787733,0,12.7175706917556,4.64976885481331,0,52.6226158851619,2.20649251641193,0.997957452691516,60.5252382240037,300.245040457711,2.0963563032649,44.6868104374725,15.9090561926357,0,2.14552604742987,25.5447266784484,0,0.913257611942276,1.85189556470052,1.431814131568,10.5955076358023,18.9278270851796,180.871595675986,0,1552.12812691324,8.36006726286648,18.2584772535639,44.7280463482873,22.9525631412769,4.5395417378078,0.928469753637951,18.9416395658864,8.00879410901521,2.59937507086638,8.2917751231017,2.1056993584784,1.07815449080074,1.68583209478613,0,40.632574264433,8.76989161359186,11.6215308348691,4.45435386207552,7.44273179569026,6.05706343759309,2.32606108546764,1.02847483966655,51.1184306002481,0,0,10.387323617982,0,6.69064674002873,5.92649591117768,103.163855747216,0.878940865684777,0,21.3304263702706,0,7.51513863950682,9.04762583009296,8.13716571554317,294.808269369451,8.64417522132007,0,0,86.5660750357571,4.96961048180997,0,20.3447138163503,2.32151369598072,12.5888216314207,77.2774728962886,71.4400873061337,27.7131835702785,26.3455000898518,2562.05734087786,13.6024941773819,0,13.5504412718281,716.88372221842,1.84125271311613,4.32007080130877,2.4506649123087,4.95524430708064,17.1632356093093,0.928662807430361,0,11.5278934868647,3.31627351402381,0,46.9655820733161,"CB vs. WB","WB"
"LOC144627559",158.893349914351,5.98623337074349,4.40547035741706,1.42076413167773e-05,0.00694798428744038,939.61342311015,0,323.965410411302,0.874706895641923,472.862401175276,0,17.0214675250388,30.9544799324482,0,0,0,33.9499692390345,0,8.93736208749449,947.914598144547,233.430335431914,0,0,1276.57977203993,0,812.056205121179,0,0,267.828753255292,0,39.247440365384,166.379202093578,0,0,0,102.243235811142,0,0.928469753637951,0,0,0.866458356955461,563.840708370916,0,0,0,0,210.647819212982,0,0.774768722324605,0.742392310345921,11.1640976935354,0,0,13.3701729156651,0,6.296739298692,0,0,584.179141974986,0,0,0,0,0,58.1738901007381,1665.38252588203,11.2727079592602,34.3809781543532,0,169.295837855724,0,963.999877078869,0,0,12.7789983817971,0,0,66.1631403354504,0,0,489.297201738236,181.798484221027,0,19.4900627590985,211.972200930867,0,0,89.1098481528483,7.36501085246453,0,196.053192984696,471.987020249431,67.6433403425719,9.28662807430361,159.282790896541,2984.57162374926,0,0,0,"CB vs. WB","WB"
"LOC111109548",90.1423131191204,1.97098866267264,1.56262947389949,0.000248594059146735,0.0472530521398697,74.6024727896501,15.0393845707964,184.308767213468,4.37353447820962,21.9667130130324,76.7211861044196,21.6041703202416,4.12726399099309,150.041491116011,27.9428086753625,30.2626191120019,207.943561589086,90.1433210403907,105.01400452806,66.2877341359823,9.01662239865762,84.7482788734799,71.374971601547,30.8352601942013,61.1882600001325,81.4834048468229,55.8407511311521,68.8707996327147,107.888614385524,71.017068240878,198.615834576337,659.933613673183,3.13502522357493,62.8903105400533,50.1826861468589,65.7277944500202,22.697708689039,21.3548043336729,0,30.032977908807,78.8477104829469,85.1791444464084,107.390667282399,31.2664802332214,105.364505924133,12.2926004226606,2.13855654023332,54.5682144845716,21.6935242250889,31.1804770345287,56.7508299421382,329.100446775891,18.6084886837411,59.6515407006596,111.778968245876,3.148369649346,30.2327124950781,71.557118257209,22.184018049683,36.3206537315845,105.689177082669,52.4006886335068,56.2522154038257,7.44604842323505,31.995639555406,50.1686942963806,80.1614788214061,94.0953086329667,70.1830542965598,94.3775647816395,52.8255152414004,64.1888538006511,41.7388626118317,51.7285082530744,49.6961048180997,23.9608916572055,40.0112705054888,2.90189211997589,4.4960077255074,48.2984205601803,122.661281978456,66.5116405686685,52.6910001797035,1754.99156026246,123.555988777885,230.549714036864,33.1985811159788,507.625764196562,25.7775379836259,69.1211328209404,13.8871011697493,18.5821661515524,48.4609005439321,97.5095947801879,43.5372961783878,4.61115739474586,40.9007066729603,29.2774872550898,60.8417767767959,"CB vs. WB","WB"
"LOC144627832",7.9997336825551,-3.70692097429602,2.40039272487021,9.72517115227306e-05,0.0265291227656183,13.2206913804443,0,35.151672097414,13.1206034346288,3.46842837047879,18.5990754192532,1.30934365577222,0,7.72272380744176,9.97957452691517,13.1138016152008,2.12187307743965,5.24089075816225,2.23434052187362,5.30301873087858,5.0092346659209,0,13.5236788297668,5.28604460472022,1.82651522388455,0.925947782350261,16.465862513032,0,0.946391354258981,9.98677522137347,0,2.2332778804507,0,22.3159166432447,12.0002075568576,0,0,0,0,54.0593602358526,0,0,7.36994775467441,17.2504718528118,0.842916047393067,3.07315010566514,0,24.3608100377552,0,2.22717693103776,1.86068294892256,2.01902114586436,5.8151527136691,17.4840722743313,0,11.544022047602,25.9137535672098,1.15414706866466,11.0920090248415,12.4254868029105,0,1.63752151979709,0,0,41.691287905529,9.81561410146577,5.01009242633788,8.14286324708366,0,12.6485396099104,0,28.0096816584659,11.7724997110295,7.38978689329634,0,6.70904966401753,10.8505140353868,0,11.6896200863192,0,0,0,50.6644232497149,0,4.53416472579395,11.8738050147741,12.1953971446453,5.00617124454204,6.44438449590647,3.24005310098158,0,33.4478990727943,6.05761256799152,19.5019189560376,1.06188527264361,0,11.054245046746,11.9278651779996,0,"CB vs. WB","CB"
"LOC111106066",56.1436536491042,4.88737243377698,1.41737239722352,5.99267872467733e-06,0.00456183065713789,64.2147867050153,73.191671577876,448.421330539984,6.12294826949346,0,13.9493065644399,0.654671827886109,0,12.1357088402656,35.9264682968946,12.1050476448007,337.377819312905,28.3008100940761,46.9211509593461,0,11.020316265026,0,45.078929432556,29.9542527600812,0,10.1854256058529,1.431814131568,559.442803170359,23.6597838564745,104.30631897879,18.4344038079834,17.8662230436056,0,2.02871969484043,8.72742367771459,1003.65298826856,6.80931260671171,1.8569395072759,0,2.0021985272538,4.3322917847773,12.0607638154207,3.1585490377176,1.07815449080074,129.809071298532,30.7315010566514,0,0,196.79125547045,54.9370309655981,28.8405857082997,1.00951057293218,16.2824275982735,33.939669708996,3.40789537334987,0,0,103.87323617982,3.69733634161384,25.8067802829679,0.987749318529613,13.1001721583767,2.63682259705433,102.117235518652,1.9391296700246,14.1781092576728,46.3433549436254,69.6667188917158,7.12002000110027,19.4592917075545,28.8139174044002,2.33414013820549,14.9831814504011,12.6682061027937,183.875587826969,7.66748533030575,1.35631425442335,26.6974075037782,2.69760463530444,57.9581046722164,578.260329327007,13.3023281137337,10.132884649943,111.624904893019,15.8695765402788,47.4952200590964,34.5536252431616,25.0308562227102,4.60313178279033,35.6405841107974,1.6337766082058,13.6269218444718,52.4993089225932,6.50063965201253,7.43319690850524,58.7922567830097,14.3705185607698,40.1210010532713,13.8761947034798,"CB vs. WB","WB"
"LOC111106976",30.1601134901502,-6.31818382563679,1.90596740008033,2.73982742484136e-06,0.0024433991730691,2.8330052958095,1.0026256380531,19.950949028262,11.371189643345,322.563838454528,0,0,0,499.770554967303,10.9775319796067,7.06127779280044,1.06093653871983,5.24089075816225,0,29.1666030198322,15.0277039977627,0,5.2592084337982,0,23.7446979104992,34.2600679469596,42.2385168812561,0,0.946391354258981,11.0964169126372,23.7863274941721,60.298502772169,0,2.02871969484043,2.18185591942865,17.7360715182594,28.3721358612988,13.9270463045693,18.9416395658864,2.0021985272538,442.76022040424,0.753797738463791,36.8497387733721,2.15630898160147,0.842916047393067,3.07315010566514,7.48494789081661,0,0,4.45435386207552,12.0944391679967,86.8179092721676,0,0,1.36315814933995,64.016849536702,17.2758357114732,0,14.7893453664553,284.830389789794,1.97549863705923,0,7.03152692547822,0,0,0,0,6.33333808106507,0,0.972964585377727,2.88139174044002,15.1719108983357,5.35113623228612,3.16705152569843,31.2375515999484,0.958435666288219,5.4252570176934,418.452843700524,0.89920154510148,0.689977436574005,0,0,2.0265769299886,0,4.53416472579395,47.4952200590964,15.5830074626023,0,10.1268899221387,7.56012390229036,0,13.6269218444718,7.06721466265677,29.7172098377716,0,1.15278934868647,0,0,3.2021987777261,"CB vs. WB","CB"
"LOC111108516",12.8591987697427,5.05388068017163,1.90245584857815,1.48060803755917e-05,0.0070062976667111,15.1093615776507,5.01312819026548,22.801084603728,1.74941379128385,9.24914232127678,0,6.54671827886109,3.09544799324482,0,0,0,27.5843500067155,1.04817815163245,4.46868104374725,21.2120749235143,2.00369386636836,61.1474923517513,7.513154905426,6.16705203884025,1.82651522388455,0,0,0,61.5154380268337,12.2060586039009,0,74.8148089950986,0,0,32.7278387914297,8.34638659682796,0,0.928469753637951,2.22842818422193,0,0,8.2917751231017,0,3.23446347240221,10.1149925687168,0,32.0783481034998,0,11.6215308348691,0.742392310345921,2.79102442338385,0,10.4672748846044,5.14237419833273,6.13421167202977,1.049456549782,0,6.92488241198797,14.7893453664553,23.895166928674,0,49.1256455939126,0,6.38232721991576,15.5130373601968,6.54374273431051,18.7878465987671,1.80952516601859,4.06858285777158,21.40522087831,2.88139174044002,25.6755415202604,0,5.27841920949739,5.67955483635425,1.91687133257644,42.7238990143355,1.16075684799036,12.5888216314207,8.27972923888806,52.5691208479097,5.54263671405571,4.0531538599772,186.927420098627,0,0,14.2279633354195,100.123424890841,1.84125271311613,4.32007080130877,27.7742023394986,2.47762215354032,27.2592565559618,0.928662807430361,6.37131163586163,9.22231478949172,4.42169801869841,2.16870275963628,2.13479918515073,"CB vs. WB","WB"
"LOC111109871",271.527055845217,3.1189336044098,1.87313159697007,0.000109299577095068,0.0281435703727731,42.4950794371425,12.0315076566371,67.453208619362,21.8676723910481,52.0264255571819,29.0610553425832,3.27335913943055,15.4772399662241,17.6519401312955,57.881532256108,18.1575714672011,565.479175137668,252.61093454342,8.93736208749449,13.2575468271965,40.0738773273672,8.58210418971948,60.105239243408,5.28604460472022,98.6318220897658,18.5189556470052,20.045397841952,97.4786702493808,22.7133925022155,397.251725472411,35.6794912412582,1901.63611520378,6.27005044714986,39.5600340493884,8.72742367771459,80.3339709944691,13.6186252134234,6.49928827546566,90.2513414609882,67.0736506630024,5.19875014173276,174.127277585136,16.8455948678272,36.6572526872251,3.37166418957227,6.14630021133029,33.1476263736164,399.517284619185,30.9907488929842,27.4685154827991,52.0991225698318,36.3423806255585,67.4557714785615,37.0250942279956,68.1579074669974,41.97826199128,0,107.335677385813,29.5786907329107,20.0719402200862,17.779487733533,72.0509468710718,21.9735216421194,19.1469816597473,34.9043340604429,23.9937233591386,26.3029852382739,27.1428774902789,106.800300016504,2883.86703105958,52.8255152414004,52.5181531096236,1.07022724645722,54.8955597787728,5.67955483635425,23.0024559909172,50.183627413664,39.4657328316722,52.1536896158859,55.1981949259204,28.306449687336,426.78302698229,1.0132884649943,10796.608856597,21.5372824475213,22.7581262783171,58.9444195324522,4602.67384223195,11.0475162786968,19.4403186058895,4.9013298246174,8.67167753739113,117.113842981169,7.42930245944289,112.559838900222,27.6669443684752,44.2169801869841,114.941246260723,86.4593669986047,"CB vs. WB","WB"
"LOC144627337",1325.94632979145,3.53432212778452,1.88735662382853,7.34170415475638e-05,0.0226976125648448,0,37.0971486079645,42.75203363199,106.714241268315,79.7738525210123,105.782241447003,58.2657926818637,268.272159414551,121.357088402656,14.9693617903727,41.3589127864026,315.098151999789,127.877734499159,26.8120862624835,725.187811447646,44.0812650601039,1162.87511770699,34.5605125649596,253.73014102657,552.520855225077,24.0746423411068,186.13583710384,426.998957722831,567.834812555388,44.3856676505487,823.006931298356,127.29683918569,16.720134525733,615.71642738407,238.913223177437,461.137859474745,148.669991913206,73.3491105373982,114.764051487429,183.201165243723,195.819588671934,453.032440816739,11.5813464716312,26.9538622700184,49.7320467961909,107.56025369828,66.2952527472329,50.6704848785308,1.54953744464921,53.4522463449063,4630.3095183938,1451.67620387648,80.2491074486336,876.260563395896,361.918488649756,12.593478597384,225.665603981119,75.019559463203,40.6706997577522,500.842698825008,47.4119672894214,189.952496296462,114.262312539021,113.818168755164,4834.25026737134,38.1718326168113,27085.8121798892,36.1905033203718,3205.02614620957,376.53729454118,32.6557730583202,57.1864333860346,64.2136347874334,83.3990235100587,767.449847262368,127.471943616333,272.619165139093,106.789630015113,3104.94293523541,347.058650596724,12.1313355802868,1134.0234716958,180.365346768985,29.2350941386478,223.307612745352,2087.81071509778,79.2700814401943,605.746720589586,46.9519441844614,33.480548710143,132.33590526467,1.23881107677016,1040.89975959988,20312.6415869243,15977.1258121957,243.238552572844,22863.4950301848,499.885986096163,687.405337618536,"CB vs. WB","WB"
"LOC144618948",281.558213197913,3.44406322462868,1.68876932642327,6.11035997717892e-05,0.0196779051098399,6428.08901619175,9.02363074247786,313.51491330126,175.816086024027,117.926564596279,16.2741909918466,4.58270279520276,228.031335502368,169.899923763719,545.882726622259,111.971690714407,3.18280961615948,200.202026961798,1099.29553676182,303.597822342799,28.051714129157,145.895771225231,4.5078929432556,2412.19835462066,71.2340937314975,219.449624417012,3.57953532892001,4.2382030543209,100.317483551452,215.270488105161,11.2985055597318,15.6329451631549,7.31505885500817,11.1579583216224,117.820219649147,8.34638659682796,7.94419804116366,9.28469753637951,11.1421409211097,7.00769484538831,19.0620838530201,5.27658416924654,42.1139871695681,40.969870650428,11.8008246635029,8.19506694844038,7.48494789081661,180.269994279388,65.0805726752668,105.419708069121,99.5465377673572,30.2853171879654,454.744942208923,14.3986477553316,234.463201686471,251.86957194768,88.5386580213002,41.5492944719278,23.1083521350865,15.2929068343514,25.6814822817699,135.914286143158,5.27364519410866,17.0195392531087,8.72608351511071,632.561797650016,92.6867098872508,9.04762583009296,248.183554324067,4.86482292688863,696.336337273005,359.457581283646,504.077033081352,102.401332664249,354.262232917597,73.7995463041928,2.7126285088467,13.9290821758843,449.60077255074,235.282305871736,130.74883903198,479.992339437224,11.1461731149373,76.1884271492033,91.8168356973276,170.191205211762,17.6155736533765,150.185137336261,144.538337979617,9.72015930294474,225.4611719324,29.7314658424839,3.02880628399576,873.87170179197,288.832794159061,4560.43466340366,252.036787065809,88.9168131450876,11.741395518329,"CB vs. WB","WB"
"LOC144618543",660.752252108361,2.75640406043503,1.51753462481604,9.37873480926135e-05,0.0262005691593184,4031.36653593692,971.54424327345,485.473093021042,191.560810145581,98.2721371635658,226.676231672149,1858.61331936866,4678.25373379067,70.6077605251818,2154.59014036098,50.4376985200031,38.1937153939138,1462.20852152727,446.868104374725,1000.94478545333,586.080455912745,281.063912213313,190.83413459782,863.387285437635,301.375011940951,497.23395912209,375.851209536601,226.743863406168,36.9092628161003,479.365210625926,615.471223911704,147.396340109747,78.3756305893732,131.866780164628,430.916544087158,104.329832460349,264.428306227305,707.493952272119,80.2234146319895,168.184676289319,64.9843767716596,149.251952215831,196.882890017731,180.051799963723,2913.11785979044,57.3654686390827,227.756271534848,49.6960524770206,44.9365858948271,1412.03017427794,1052.21620761571,723.819080792374,47.6842522520866,418.589259744284,1078.93967520257,128.033699073404,699.671346314665,85.4068830811849,28.6543566475072,113.740994580488,204.46410893563,109.713941826405,445.623018902182,74.4604842323505,375.221591149761,3565.24916641018,499.756719527204,81.4286324708366,170.880480026407,289.943446442563,76.8371130784006,484.33407867764,1460.86019141411,16.8909414703916,52.5358822362768,145.682221275809,48.8273131592406,37.7245975596866,90.8193560552495,236.662260744884,3953.46747299793,446.73651915289,246.229096993615,367.653456592086,190.434918483346,715.39675214014,4.74265444513983,73.0901001703137,223.71220464361,153.362513446461,2433.51025792254,218.030749511548,73.7009529105635,5333.31050307256,2446.58366817087,296.266862612422,2208.63816033986,139.88132799654,112.076957220413,"CB vs. WB","WB"
"LOC144618933",49.6864297872853,3.08935728198233,1.86771646794051,0.00011186202093404,0.0281928769499738,9.44335098603166,0,11.400542301864,6.12294826949346,6.93685674095759,59.2845528988697,2.61868731154444,0,13.2389550984716,7.98365962153213,17.1488174968011,2.12187307743965,7.33724706142715,0,0,100.184693318418,2.14552604742987,27.7986731500762,0,1.82651522388455,26.8524856881576,8.59088478940801,0,13.2494789596257,17.7542670602195,10.7038473723775,51.3653912503662,11.4950924864414,7.1005189319415,0,2.08659664920699,35.1814484680105,2.78540926091385,1.11421409211097,19.0208860089111,6.06520849868823,0,124.236262150226,81.939741300856,12.643740710896,4.09753347422019,2.13855654023332,4.87216200755104,4.64861233394763,7.42392310345921,120.944391679967,42.3994440631516,0,10.2847483966655,5.45263259735979,4.197826199128,0,0,8.31900676863113,11.4696801257635,6.91424522970729,14.7376936781738,4.39470432842389,48.9311753526875,5.81738901007381,4.36249515620701,0,2.71428774902789,2.03429142888579,9.72964585377727,1.92092782696001,0,7.49159072520056,10.5568384189948,7.09944354544282,0,4.74709989048173,27.8581643517686,10.7904185412178,18.6293907874981,41.7857114432103,4.43410937124457,6.07973078996579,9.74503137954926,24.9379059918667,82.1271513521876,29.8109707980218,2.00246849781681,6.44438449590647,19.4403186058895,14.7039894738522,0,3.02880628399576,24.1452329931894,28.6709023613773,3241.64364850634,6.63254702804762,0,2.13479918515073,"CB vs. WB","WB"
"LOC111138373",62.804806038086,4.04807291014418,1.2630929687214,1.16924486663054e-05,0.00644334303873589,8.4990158874285,14.0367589327433,2564.17197272758,16.6194310171965,9.24914232127678,72.0714172496063,12.4387647298361,21.6681359527137,4.41298503282386,6.98570216884062,8.0700317632005,3.18280961615948,86.9987865854933,0,3.97726404815894,24.0443263964203,101.912487252919,20.2855182446502,14.9771263800406,38.3568197015756,12.0373211705534,5.72725652627201,48.7393351246904,289.595754403248,1.10964169126372,37.4634658033211,43.5489186687888,6.27005044714986,109.550863521383,12.0002075568576,33.3855463873118,11.3488543445195,9.28469753637951,8.91371273688773,9.00989337264211,4.3322917847773,44.4740665693637,15.792745188588,8.62523592640589,10.1149925687168,10.2438336855505,12.8313392413999,5.84659440906124,124.737764294261,2.22717693103776,10.2337562190741,27.2567854691689,5.8151527136691,16.4555974346647,10.2236861200496,12.593478597384,38.8706303508147,32.3161179226105,2.77300225621038,15.2929068343514,24.6937329632403,9.82512911878252,9.66834952253255,2.12744240663859,32.9652043904183,65.4374273431051,13.7777541724292,9.04762583009296,10.171457144429,1.94592917075545,4.80231956740004,138.881338223227,2.14045449291445,2.11136768379895,1.41988870908856,3.83374266515287,6.10341414490508,2.90189211997589,19.7824339922326,142.825329370819,31.0023020385108,563.13189014806,7.09301925496009,501.426160074989,1.13354118144849,13.8527725172365,10.1628309538711,67.0826946768633,11.9681426352549,1.08001770032719,3.2675532164116,3.71643323031048,15.1440314199788,6.50063965201253,14.8663938170105,16.1390508816105,3.31627351402381,21.6870275963628,25.6175902218088,"CB vs. WB","WB"
"LOC111133945",174.744096835966,1.61117691053385,0.903393909381328,8.40106418412445e-05,0.0246576550933283,148.260610480697,109.286194547787,152.957275883342,103.215413685747,60.1194250882991,115.081779156629,160.394597832097,33.0181119279447,38.6136190372088,167.656852052175,109.954182773607,168.688909656453,219.069233691182,218.965371143615,164.393580657236,65.1200506569717,180.224187984109,94.6657518083676,190.297605769928,328.772740299219,213.89393772291,269.896963800568,192.838238971601,250.79370887863,95.4291854486798,101.091891850232,61.4151417123944,135.85109302158,127.809340774947,81.8195969785743,208.659664920699,147.535106478754,113.27330994383,159.332615171868,50.054963181345,66.7172934855705,130.407008754236,89.4922227353321,132.613002368491,97.7782614975958,157.755038757477,114.412774902483,112.059726173674,148.755594686324,77.9511925863217,1076.4050859517,275.596386410486,125.607298615253,70.9647639369916,146.539501054044,90.253263281252,505.318194560591,324.31532629477,122.012099273257,134.768741477722,74.081198889721,124.451635504579,83.4993822400538,67.0144358091155,129.921687891648,81.7967841788814,77.6564326082372,34.3809781543532,147.48612859422,88.5397772693731,101.809174828881,190.232421263748,142.340223778811,86.5660750357571,181.745754763336,201.271489920526,151.229039368204,338.940999613184,79.1297359689303,98.6667734300827,173.882476650778,101.984515538625,112.475019614367,284.377733894119,194.96908320914,195.917782743773,88.755390330474,299.369040423614,162.03023875422,129.602124039263,225.4611719324,177.149983978133,183.747581229076,204.305817634679,1684.15004241276,174.071191651656,100.593629925389,137.712625236904,276.45649447702,"CB vs. WB","WB"
"LOC111134466",133.613370154706,4.84709801145504,1.10825181300997,1.05340053373615e-06,0.00131215869850881,152.03795087511,9.02363074247786,51.302440358388,9.62177585206116,4.62457116063839,2.32488442740666,2943.40453817595,8.25452798198618,46.3363428446506,29.9387235807455,50.4376985200031,31.8280961615948,34.5898790038708,107.248345049934,0,49.0904997260248,160.91445355724,35.3118280555022,64.3135426907626,236.533721493049,43.5195457704623,1.431814131568,101.716873303702,136.280355013293,56.5917262544496,73.1429570445793,41.315640788338,43.890353130049,20.2871969484043,24.0004151137151,94.940147538918,36.3163339024624,23.2117438409488,74.6523441714347,47.0516653904643,0,9.0455728615655,7.36994775467441,0,34.5595579431157,83.9994362215139,7.48494789081661,1.94886480302041,26.3421365590366,2.22717693103776,1.86068294892256,95.9035044285572,54.6624355084895,119.303081401319,2.7263162986799,3.148369649346,0,2.30829413732932,153.439458176974,5.73484006288177,0.987749318529613,39.3005164751301,10.5472903882173,0,44.5999824105659,43.6249515620701,47.5958780502099,1.80952516601859,97.645988586518,198.484775417056,0,68.8571340770621,46.0197715976606,8.44547073519582,9.93922096361994,15.3349706606115,87.4822694103061,94.021304687219,1.79840309020296,13.1095712949061,88.9631275887702,65.4031132258574,21.2790577648803,296.780501104455,32.8726942620062,51.4531550640212,31.1660149252046,30.0370274672522,30.3806697664162,21.6003540065439,4974.84977198666,99.1048861416129,136.296282779809,26.9312214154805,29.7327876340209,102.598252033095,18.7922165794682,49.8801634716345,164.379537256606,"CB vs. WB","WB"
"LOC111134522",93.6395620238763,1.08679258046027,0.917062970650891,0.000219615366482764,0.0438984612296195,68.9364621980311,57.1496613690264,155.807411458808,167.069017067607,73.9931385702143,96.4827037373762,51.7190744030026,163.026927644227,25.3746639387372,176.638469126398,73.6390398392046,51.9858903972715,98.5287462534503,53.624172524967,31.8181123852715,80.1477546547344,35.4011797825929,60.8565547339506,29.9542527600812,42.0098501493447,120.373211705534,68.7270783152641,54.0370889425915,107.888614385524,108.744885743844,61.2497932974932,51.3653912503662,45.9803699457656,65.9333900823139,144.002490682291,60.5113028270027,57.8791571570495,170.838434669383,50.1396341449935,69.0758491902562,43.322917847773,39.9512801385809,53.6953336411993,100.268367644469,132.337819440711,115.75532064672,102.650713931199,36.0539988558777,145.656519797026,128.433869689844,113.501659884276,33.313848906762,34.8909162820146,81.2495123336571,96.1026495284664,32.533153043242,12.9568767836049,139.651795308424,140.498780981326,119.47583464337,75.0689482082506,126.089157024376,130.083248121347,63.8232721991576,72.7173626259226,16.3593568357763,73.8988632884838,45.2381291504648,94.5945514431893,171.24176702648,62.4301543762005,179.728790641823,105.952497399265,180.521936964811,182.45569911788,69.0073679727517,62.3904557034741,114.33454952705,74.6337282434229,48.2984205601803,60.6566779014343,123.046535052037,106.395288824401,60.2420121644863,130.357235866576,56.400573820177,142.279633354195,121.149344117917,59.8407131762743,59.4009735179957,57.9990695913059,87.9555864506814,56.5377173012542,39.9325007195055,812.342233572358,86.4592011514849,46.4278291963333,81.3263534863606,131.29014988677,"CB vs. WB","WB"
"LOC144618861",25.481707289384,3.45275238299809,1.13627409310857,1.67271375005546e-05,0.00760494386716393,0,19.0498871230088,6.650316342754,12.2458965389869,9.24914232127678,38.3605930522098,14.4027802134944,3.09544799324482,4.41298503282386,7.98365962153213,15.1313095560009,4.24374615487931,7.33724706142715,31.2807673062307,37.1211311161501,18.0332447973152,68.6568335177558,22.539464716278,19.3821635506408,2.73977283582683,23.1486945587565,0.715907065784001,13.7741599265429,92.7463527173801,2.21928338252744,28.5435929930066,13.3996672827042,12.5401008942997,59.8472309977926,6.54556775828594,12.5195798952419,6.80931260671171,16.7124555654831,21.1700677501083,10.010992636269,4.3322917847773,37.6898869231896,9.47564711315282,7.54708143560516,72.4907800758037,2.0487667371101,0,5.84659440906124,3.09907488929842,17.0750231379562,48.3777566719867,45.4279757819482,17.4454581410073,34.9681445486625,44.9842189282183,29.384783393896,15.1163562475391,21.9287943046286,1.84866817080692,13.3812934800575,4.93874659264807,57.313253192898,2.63682259705433,23.4018664730244,23.2695560402952,26.1749709372421,23.7979390251049,57.0000427295856,2.03429142888579,20.4322562929323,7.68371130784006,0,11.7724997110295,8.44547073519582,117.850762854351,1.91687133257644,0,1.16075684799036,24.27844171774,4.13986461944403,206.232704864876,27.7131835702785,4.0531538599772,11.51685526674,0,4.94741875615588,10.8403530174625,13.0160452358093,3.68250542623227,10.8001770032719,400.275269010421,61.9405538385081,10.0960209466525,22.2879073783287,11.6807379990797,41.5004165527128,9.94882054207142,29.2774872550898,2.13479918515073,"CB vs. WB","WB"
"LOC111134516",258.315420237881,5.29750030909433,1.75792735693006,8.49006675641631e-06,0.0051805046810796,25.4970476622855,19.0498871230088,73.153479770294,20.1182585997642,61.2755678784587,16.2741909918466,6.54671827886109,0,0,19.9591490538303,3.02626191120019,1863.00456199202,1.04817815163245,2.23434052187362,13.2575468271965,2.00369386636836,70.8023595651857,65.3644476772062,162.986375312207,12.7856065671919,13.8892167352539,12.170420118328,65.692147341974,82.3360478205313,1222.82514377262,4.16260731148012,3879.20367834287,19.8551597493079,0,8.72742367771459,212.832858219113,7.94419804116366,38.067259899156,34.5406368554399,23.0252830634187,12.9968753543319,140.960177092729,2.1056993584784,22.6412443068155,0,0,11.7620609712833,13.6420536211429,100.719933902199,11.8782769655347,3.72136589784513,27.2567854691689,50.0103133375542,15.4271225949982,4.08947444801985,2.098913099564,19.4353151754074,43.8575886092571,0,5.73484006288177,0,21.2877797573621,6.15258605979344,79.779090248947,11.6347780201476,2.18124757810351,7.51513863950682,11.7619135791208,111.886028588719,1257.07024430802,80.6789687323206,3.50121020730824,5.35113623228612,109.791119557546,0,1.91687133257644,82.0570123926127,14.5094605998795,4.4960077255074,3.44988718287002,25.6105973361611,422.348917611045,2.0265769299886,9604.1713805176,11.3354118144849,13.8527725172365,34.5536252431616,3184.92614577764,15.6506480614871,25.9204248078526,0,33.4478990727943,95.912198993199,1.85732561486072,0,61.0978354803827,34.2681596449127,116.025597640541,231.625711588854,"CB vs. WB","WB"
"LOC111134517",166.189333525542,3.84540515723169,2.46486382165978,8.79653177918382e-05,0.0254956477954919,14.1650264790475,5.01312819026548,63.653027852074,0.874706895641923,6.93685674095759,11.6244221370333,2.61868731154444,17.5408719617206,1.10324625820597,0.997957452691516,1.00875397040006,1438.62994650409,0,0,6.62877341359823,4.00738773273672,1.07276302371494,29.3013041311614,8.81007434120036,5.47954567165366,0,0,16.9528122172836,16.0886530224027,1449.19204879042,9.51453099766885,4361.59170052023,4.18003363143324,2.02871969484043,6.54556775828594,217.006051517527,2.2697708689039,0.928469753637951,14.4847831974426,4.0043970545076,8.66458356955461,62.5652122924947,6.31709807543521,7.54708143560516,0,3.07315010566514,10.6927827011666,8.76989161359186,72.8282598985129,0,0,9.08559515638963,38.380007910216,10.2847483966655,7.49736982136972,19.939674445858,29.152972763111,8.07902948065263,0,5.73484006288177,0,0,2.63682259705433,0,8.72608351511071,5.45311894525876,5.01009242633788,0.904762583009296,75.2687828687743,1121.82816694052,13.4464947887201,21.0072612438494,4.28090898582889,12.6682061027937,0.709944354544282,5.75061399772931,11.5286711625985,4.64302739196143,6.29441081571036,3.44988718287002,16.1751141070491,189.558175620705,5.06644232497149,2302.48514140441,0,1.97896750246235,7.45274269950545,3409.20261753313,2.7618790696742,2.16003540065439,0,0,55.5281152065889,5.57197684458217,2.12377054528721,3.4583680460594,19.8976410841428,24.9400817358173,236.962709551731,"CB vs. WB","WB"
"LOC111101052",17.8614508979937,23.0196311725267,2.05768339056011,1.98215980883514e-29,4.59603394874604e-25,0,2.00525127610619,3.800180767288,3.49882758256769,0,0,0,0,0,7.98365962153213,6.05252382240037,95.4842884847844,0,0,0,0,0,13.5236788297668,1.76201486824007,0,0,1.431814131568,2.11910152716045,0.946391354258981,48.8242344156036,0,383.007156497296,0,0,0,14.6061765444489,0,0,0,0,0,3.01519095385517,1.0528496792392,0,0,6.14630021133029,0,0,3.87384361162303,1.48478462069184,1.86068294892256,0,11.6303054273382,1.02847483966655,3.40789537334987,6.296739298692,0,13.8497648239759,0,6.69064674002873,0,29.4753873563476,0,18.083260456428,3.87825934004921,0,0,5.42857549805577,2.03429142888579,136.215041952882,8.64417522132007,2.33414013820549,0,25.3364122055874,0,3.83374266515287,24.4136565796203,0,0,1.37995487314801,0,3.32558202843343,0,362.337984930513,4.53416472579395,0,4.74265444513983,325.401130895232,0,19.4403186058895,0,0,16.153633514644,1.85732561486072,0,4.61115739474586,2.21084900934921,10.8435137981814,17.0783934812059,"CB vs. WB","WB"
"LOC111100871",110.832372405061,4.88211316442026,1.43837411580403,6.49244885865141e-06,0.00456183065713789,2.8330052958095,6.01575382831857,34.201626905592,5.24824137385154,47.4018543965435,17.4366332055499,5.23737462308887,0,4.41298503282386,13.9714043376812,36.3151429344022,352.230930854983,0,58.0928535687142,23.8635842889536,17.0313978641311,6.43657814228961,24.7934111879058,14.0961189459206,12.7856065671919,17.593007864655,2.863628263136,40.2629290160486,5.67834812555389,377.278175029664,2.37863274941721,1459.44709487454,9.40507567072478,0,4.3637118388573,63.6411978008132,35.1814484680105,0,4.45685636844386,16.0175882180304,20.7950005669311,44.4740665693637,13.6870458301096,6.46892694480442,20.2299851374336,13.3169837912156,4.27711308046664,4.87216200755104,17.0449118911413,5.93913848276736,13.0247806424579,16.1521691669149,11.6303054273382,20.5694967933309,0,2.098913099564,0,10.387323617982,12.9406771956484,7.64645341717569,7.90199454823691,27.8378658365505,9.66834952253255,21.2744240663859,6.78695384508611,0,12.5252310658447,14.4762013281487,31.5315171477298,752.101624496983,12.4860308752401,12.8377707601302,0,73.8978689329634,15.6187757999742,17.2518419931879,10.1723569081751,6.38416266394697,1.79840309020296,8.27972923888806,8.08755705352457,95.3333514817582,4.0531538599772,4957.56323635979,18.1366589031758,44.5267688054029,16.9380515897851,980.208329681331,11.9681426352549,15.1202478045807,7.35199473692609,22.2985993818629,41.3936858812754,0,7.43319690850524,6.91673609211879,6.63254702804762,34.6992441541805,130.222750294195,"CB vs. WB","WB"
"LOC111100360",319.489309184727,3.73156140787047,2.56579697425652,0.00010235614734556,0.0272171627382119,8.4990158874285,0,126.356010512326,32.3641551387512,80.9299953111719,67.421648394793,1.30934365577222,111.436127756813,12.1357088402656,4.98978726345758,21.1838333784013,1908.62483315697,9.43360336469205,0,25.1893389716733,39.072030394183,0,114.951270053018,0.881007434120036,11.8723489552496,0,0,68.8707996327147,76.6576996949774,1411.46423128745,1.18931637470861,5655.77623224141,6.27005044714986,48.6892726761703,13.0911355165719,290.036934239772,53.3396154192417,0,90.2513414609882,9.00989337264211,49.3881263464613,128.899413277308,0,7.54708143560516,14.3295728056821,0,18.1777305919832,20.4630804317143,87.5488656226804,12.6206692758806,0,6.05706343759309,18.6084886837411,2.05694967933309,14.9947396427394,2.098913099564,9.71765758770368,57.7073534332331,0,6.69064674002873,29.6324795558884,111.351463346202,14.9419947166412,53.1860601659646,0,6.54374273431051,31.3130776646118,16.2857264941673,126.126068590919,1716.30952860631,65.3115461166405,26.8426115893632,0,145.684370182128,0.709944354544282,4.79217833144109,222.435537725429,5.22340581595661,0.89920154510148,28.2890748995342,51.2211946723223,308.170601301497,3.0398653949829,10949.871622839,11.3354118144849,1.97896750246235,45.3939782606241,4797.91452076909,0,72.361185921922,11.4364362574406,8.67167753739113,87.835382235877,0,0,39.1948378553398,17.6867920747936,86.7481103854514,175.05353318236,"CB vs. WB","WB"
"LOC111100330",128.614175259187,3.58081273399614,3.06826222274532,0.000119394883260582,0.0285403005996196,0.944335098603166,0,26.601265371016,1.74941379128385,35.8404264949475,2.32488442740666,0.654671827886109,0,0,5.9877447161491,0,605.794763609021,2.0963563032649,0,0,0,0,9.7671013770538,0,3.6530304477691,0,0,44.5011320703695,26.4989579192515,519.31231151142,0,1765.40616449628,0,0,8.72742367771459,111.632920732574,9.07908347561561,0,30.0837804869961,2.0021985272538,0,31.6595050154792,0,5.39077245400368,0,0,0,11.6931888181225,45.7113546171517,8.16631541380513,3.72136589784513,0,9.30424434187056,6.17084903799927,5.45263259735979,0,17.2758357114732,18.4663530986346,0,2.86742003144088,0,34.3879519157388,7.910467791163,0,1.9391296700246,0,0,4.52381291504648,44.7544114354874,381.402117468069,20.1697421830802,18.673121105644,0,53.8398759368733,0,7.66748533030575,45.4365275231822,0.580378423995179,0,2.75990974629602,17.5230402826366,118.612425680792,0,5461.64713226556,3.40062354434547,0.989483751231176,29.1334487344304,2244.76718605265,0,12.9602124039263,0.816888304102899,6.19405538385081,22.2112460826356,0,0,6.91673609211879,9.94882054207142,29.2774872550898,122.750953146167,"CB vs. WB","WB"
"LOC111130657",57.9120412158486,2.66075182584338,1.62883376309768,0.000125002813079212,0.0292771740087646,60.4374463106026,101.265189443363,19.950949028262,17.4941379128385,3.46842837047879,3.48732664110998,3.92803096731665,87.7043598086032,14.3422013566776,26.9448512226709,36.3151429344022,192.029513508289,10.4817815163245,33.5151078281043,30.4923577025518,3.00554079955254,26.8190755928734,59.3539237528654,46.6933940083619,71.2340937314975,0,13.602234249896,43.4415813067893,21.7670011479566,175.323387219668,22.5970111194635,858.695345033296,18.8101513414496,22.3159166432447,14.1820634762862,42.7752313087433,5.67442717225976,0.928469753637951,42.3401355002167,15.0164889544035,32.9254175643075,34.6746959693344,1.0528496792392,7.54708143560516,3.37166418957227,0,3.20783481034998,29.2329720453062,22.4682929474135,5.19674617242144,27.9102442338385,42.3994440631516,43.0321300811513,71.9932387766582,19.0842140907593,32.533153043242,15.1163562475391,6.92488241198797,15.7136794518588,45.8787205030541,9.87749318529613,24.5628227969563,0,12.7646544398315,35.8738988954552,22.9030995700868,40.0807394107031,13.5714387451394,61.0287428665738,442.698886346866,15.3674226156801,4.66828027641099,40.6686353653745,24.280728363688,3.54972177272141,6.70904966401753,37.9767991238538,20.3132448398313,14.3872247216237,20.6993230972201,79.5276443596582,74.2713319683465,23.3056346948689,1164.08829388434,45.3416472579395,1.97896750246235,16.9380515897851,245.30239098256,34.9838015492065,25.9204248078526,3.2675532164116,18.5821661515524,10.0960209466525,39.9325007195055,60.5274605406855,43.8059952500857,54.1658007290555,20.6026762165447,22.4153914440827,"CB vs. WB","WB"
"LOC111130451",170.682401068099,4.20198062803325,1.85414007249814,3.55666950519292e-05,0.0137730650112258,579.821750542344,7.01837946637167,90.25429322309,15.7447241215546,20.8105702228728,5.81221106851664,5.23737462308887,68.099855851386,0,32.93259593882,9.07878573360056,762.813371339556,4.1927126065298,17.874724174989,2.65150936543929,9.01662239865762,28.9646016403032,22.539464716278,64.3135426907626,20.0916674627301,5.55568669410156,1.431814131568,43.4415813067893,13.2494789596257,306.261106788786,1.78397456206291,4316.92614291121,14.6301177100163,15.2153977113032,99.2744443340035,141.888572146075,1.13488543445195,3.71387901455181,62.3959891582141,0,93.5775025511898,34.6746959693344,4.21139871695681,8.62523592640589,1.68583209478613,0,24.5934002126832,9.74432401510207,34.0898237822826,5.93913848276736,3.72136589784513,37.3518911984907,15.1193970555397,23.6549213123305,8.17894889603969,15.74184824673,0,6.92488241198797,0,7.64645341717569,0.987749318529613,26.2003443167534,1.75788173136955,17.0195392531087,0,27.2655947262938,18.7878465987671,7.23810066407436,26.4457885755153,484.536363518108,8.64417522132007,0,4.28090898582889,169.965098545816,0,577.936706771796,37.9767991238538,6.96454108794214,3.59680618040592,6.89977436574005,146.92395313903,58.7519491689905,43.5714039947549,5367.74046624445,21.5372824475213,3.9579350049247,21.0031839713335,1434.76867868575,10.1268899221387,42.1206903127606,0,6.19405538385081,22.2112460826356,72.4356989795682,22.2995907255157,13.8334721842376,29.8464616262143,60.7236772698159,109.942158035263,"CB vs. WB","WB"
"LOC111128496",97.7145181385164,3.41377969953011,2.51917349556557,0.000136167250892507,0.0312604955093521,7.55468078882533,2.00525127610619,71.25338938665,10.4964827477031,32.3719981244687,6.97465328221997,0.654671827886109,0,0,9.97957452691517,4.03501588160025,832.835182895064,1.04817815163245,4.46868104374725,5.30301873087858,18.0332447973152,8.58210418971948,26.296042168991,0,10.045833731365,0,7.15907065784001,25.4292183259254,67.1937861523876,343.988924291753,3.56794912412582,1654.85890941397,2.09001681571662,0,0,67.8143910992272,13.6186252134234,0,8.91371273688773,2.0021985272538,6.06520849868823,39.1974824001171,0,14.0160083804096,3.37166418957227,0,6.41566962069995,7.79545921208166,52.6842731180732,2.22717693103776,3.72136589784513,2.01902114586436,9.30424434187056,3.08542451899964,23.1736885387791,6.296739298692,34.5516714229464,8.07902948065263,0,0,2.96324795558884,40.9380379949272,6.15258605979344,0,3.87825934004921,0,15.0302772790136,19.9047768262045,20.3429142888579,1006.04538128057,15.3674226156801,9.33656055282198,4.28090898582889,62.2853466720691,0,0,40.6894276327005,0.580378423995179,3.59680618040592,11.0396389851841,21.5668188093988,114.178316309548,0,2639.13167997066,32.8726942620062,0,16.9380515897851,1405.7328854674,0,4.32007080130877,0,9.91048861416129,41.3936858812754,5.57197684458217,2.12377054528721,18.4446295789834,55.2712252337301,23.8557303559991,60.8417767767959,"CB vs. WB","WB"
"LOC111131150",1038.57965832015,-2.73834148492045,2.11362669083536,0.000206302026497313,0.0423320804282583,65.1591218036185,100.26256380531,1407.01692908838,55.1065344254412,110.989707855321,1832.00892879644,72.013901067472,1064.83410967622,1070.14887045979,40.9162555603522,42.3676667568026,1003.64596562896,5873.99036174825,0,3317.03821616455,24.0443263964203,1799.02359076995,81.1420729786008,37.0023122330415,1162.57694000252,4.6297389117513,5047.86072084299,1331.85530982034,2679.23392390717,949.853287721743,1700.72241583331,1712.92413430569,70.0155633265067,16.2297575587234,20.7276312345722,1948.88127035933,156.614189954369,176.409253191211,25.6269241185522,1275.40046186067,5343.44868734433,3714.71525514956,14.7398955093488,29.1101712516199,52.2607949383701,24.5852008453212,17.1084523218665,3306.24913832413,20.9187555027643,146.993677448492,1402.02460201315,2119.97220315758,983.923839152811,2268.8154963044,26.581583912129,37.780435792152,1602.33376223914,2335.99366697727,320.743927635,2375.1795927102,86.921940030606,103.163855747216,2209.65733633153,19.1469816597473,3147.20745444993,74.1624176555192,42.585785623872,70.5714814747251,80.3545114409888,2172.62991914846,1901.71854869041,3361.16179901591,1370.9611027117,60.1739789882702,23.4281636999613,31.6283769875112,86.1259551558828,1331.38810464494,42.2624726197696,2241.73669142894,87.6152014131828,89.7907147677025,3290.14764583649,45.1815091233648,1871.47649057145,7.91587000984941,1886.89894710206,1995.45985807446,36.8250542623227,1476.38419634727,71.0692824569523,26.0150326121734,104.998617845186,30.6458726452019,86.012707084132,35.7364698092804,2556.84687931236,1918.21759089829,1132.51096772246,"CB vs. WB","CB"
"LOC111128055",139.077217855403,4.32984084691212,2.52241496555304,5.62893974546244e-05,0.0185645435689676,7.55468078882533,0,31.351491330126,8.74706895641923,19.6544274327132,0,2.61868731154444,4.12726399099309,0,10.9775319796067,6.05252382240037,1756.91090812003,23.0599193359139,0,5.30301873087858,0,36.4739428063078,30.8039351122466,1.76201486824007,14.6121217910764,0,1.431814131568,44.5011320703695,23.6597838564745,656.907881228121,0,2244.44426985296,9.40507567072478,4.05743938968086,6.54556775828594,58.4247061777957,6.80931260671171,24.1402135945867,15.5989972895535,0,15.5962504251983,26.3829208462327,0,8.62523592640589,4.21458023696533,2.0487667371101,12.8313392413999,3.89772960604083,29.441211448335,0.742392310345921,0,18.1711903127793,22.0975803119426,26.7403458313302,2.04473722400992,0,0,13.8497648239759,0,1.91161335429392,0,29.4753873563476,1.75788173136955,31.9116360995788,0,0,5.01009242633788,9.95238841310225,24.4114971466295,990.477947914526,26.8929895774402,0,2.14045449291445,49.6171405692754,29.8176628908598,3.83374266515287,6.78157127211675,11.6075684799036,0,6.20979692916604,16.1751141070491,118.612425680792,0,4548.27191841872,5.66770590724244,5.93690250738706,8.13026476309685,1591.96245576437,0,2.16003540065439,0,0,74.7105550052287,1.85732561486072,4.24754109057442,23.0557869737293,93.9610828973412,34.6992441541805,69.3809735173988,"CB vs. WB","WB"
"LOC111130914",40.2755399051184,4.84506246410986,1.64635749519826,1.1955034791686e-05,0.00644334303873589,24.5527125636823,2.00525127610619,12.350587493686,1.74941379128385,9.24914232127678,4.64976885481331,7.85606193463331,0,0,1.99591490538303,2.01750794080012,115.642082720461,0,84.9049398311977,5.30301873087858,2.00369386636836,17.164208379439,1.5026309810852,11.4530966435605,17.3518946269032,0,0.715907065784001,6.35730458148136,15.1422616681437,160.898045233239,10.1091891850232,464.521799133747,0,13.1866780164628,4.3637118388573,7.30308827222446,0,1.8569395072759,0,2.0021985272538,11.263958640421,36.182291446262,10.528496792392,3.23446347240221,3.37166418957227,0,0,6.82102681057145,8.52245594557066,2.96956924138368,4.65170737230641,19.1807008857114,3.48909162820146,14.3986477553316,4.08947444801985,2.098913099564,30.2327124950781,10.387323617982,3.69733634161384,25.8067802829679,0,0,3.51576346273911,0,22.2999912052829,4.36249515620701,7.51513863950682,27.1428774902789,0,79.7830960009736,1.92092782696001,7.00242041461648,5.35113623228612,14.7795737865927,48.2762161090112,13.4180993280351,4.74709989048173,5.80378423995179,41.3632710746681,20.0093456606461,0,21.0620195134117,0,1413.91546197824,0,9.89483751231176,12.1953971446453,653.80596453719,14.7300217049291,2.16003540065439,4.9013298246174,23.5374104586331,30.2880628399576,7.42930245944289,6.37131163586163,9.22231478949172,4.42169801869841,2.16870275963628,53.3699796287683,"CB vs. WB","WB"
"LOC111131556",87.4117333436663,3.65097297697569,2.81327096624112,0.000115859980111269,0.0282783721983157,20.7753721692697,2.00525127610619,0,0,2.3122855803192,18.5990754192532,3.92803096731665,0,0,1026.89821881957,10.0875397040006,9.54842884847844,8.3854252130596,4.46868104374725,0,10.0184693318418,4.29105209485974,17.2802562824798,21.1441784188809,3.6530304477691,0,0,2.11910152716045,0,1327.13146275141,33.300858491841,20.0995009240563,0,5.07179923710107,2.18185591942865,0,0,7.42775802910361,0,2.0021985272538,0,4.52278643078275,4.21139871695681,0,1.68583209478613,4.09753347422019,0,10.7187564166123,15.4953744464921,9.65110003449697,6.51239032122897,15.1426585939827,112.81396264518,2.05694967933309,6.13421167202977,11.544022047602,22.6745343713086,1.15414706866466,0,0,8.88974386676652,4.91256455939126,7.03152692547822,0,0,0,1197.41208989475,0,0,0,2.88139174044002,0,1195.44383429272,13.7238899446932,2.12983306363284,0,0,10.4468116319132,2.69760463530444,11.0396389851841,63.3525302526091,6.65116405686685,0,1.77182388719077,10.2018706330364,21.7686425270859,2.71008825436562,8.00987399126726,131.649568987804,22.6803717068711,0,4.95524430708064,0,5.57197684458217,1415.49306843393,10.3751041381782,1232.54832271218,16.2652706972721,14.9435942960551,"CB vs. WB","WB"
"LOC144619542",227.583772096814,-4.97911490088678,1.32720075150602,3.57030033398505e-06,0.00295659120871826,23.6083774650792,271.711547912389,989.947089878524,190.686103249939,208.105702228728,245.275307091402,2.61868731154444,13.4136079707276,1153.99558608344,2.99387235807455,184.601976583211,54.1077634747112,4.1927126065298,24.5777457406099,41.098395164309,134.24748904668,6.43657814228961,126.972317901699,5.28604460472022,183.564780000397,35.1860157293099,21.47721197352,5.29775381790113,81.3896564662724,479.365210625926,2556.43554743615,261.293512012732,2704.4817595373,100.421624894601,46.9099022677159,388.1069767525,15.8883960823273,315.679716236904,34.5406368554399,25.0274815906725,1315.28378585839,2.26139321539137,157.92745188588,0,2.5287481421792,189.510923182684,146.491123005982,848.73062171539,10.8467621125445,115.070808103618,7.44273179569026,4.03804229172873,782.719555259861,14.3986477553316,22.4921094641091,355.765770376098,0,8.07902948065263,305.030248183142,408.129451141752,5.92649591117768,235.80309885078,3.51576346273911,135.09259282155,26.1782505453321,210.490391286988,18.7878465987671,2.71428774902789,391.601100060515,4.86482292688863,127.741700492841,2038.8714107225,96.3204521811501,166.798047020117,35.4972177272141,71.8826749716164,130.884325551853,1.16075684799036,250.877231083313,37.2587815749963,14.8271879314617,16.6279101421671,49.6511347847206,8.85911943595387,2.26708236289698,6.92638625861823,212.06440590411,0,30.3806697664162,2.16003540065439,15.5208777779551,276.254870119746,719.846293496325,354.749192438398,16.9901643622977,16.1390508816105,4.42169801869841,9.75916241836328,7.47179714802756,"CB vs. WB","CB"
"LOC144620797",10.3639947289714,-2.13543506421372,1.10861795333365,7.72528671700993e-05,0.022964900398373,8.4990158874285,16.0420102088495,9.50045191822,16.6194310171965,3.46842837047879,6.97465328221997,9.82007741829164,0,3.3097387746179,13.9714043376812,10.0875397040006,4.24374615487931,12.5781378195894,24.5777457406099,10.6060374617572,7.01292853228926,16.091445355724,5.2592084337982,7.04805947296029,6.39280328359593,24.0746423411068,9.30679185519201,8.47640610864181,22.7133925022155,15.5349836776921,9.51453099766885,1.11663894022535,12.5401008942997,5.07179923710107,9.81835163742892,12.5195798952419,24.9674795579429,29.7110321164144,3.3426422763329,7.00769484538831,8.66458356955461,3.01519095385517,4.21139871695681,12.9378538896088,13.4866567582891,25.6095842138762,11.7620609712833,5.84659440906124,8.52245594557066,5.93913848276736,8.37307327015154,4.03804229172873,6.97818325640292,11.313223236332,6.81579074669974,8.395652398256,0,11.5414706866466,24.0326862204899,11.4696801257635,10.8652425038257,11.4626506385796,14.0630538509564,28.7204724896209,9.69564835012302,4.36249515620701,3.75756931975341,5.42857549805577,12.2057485733148,19.4592917075545,17.2883504426401,11.6707006910275,24.6152266685161,15.8352576284922,3.54972177272141,14.3765349943233,9.49419978096345,6.38416266394697,11.6896200863192,8.27972923888806,0,3.32558202843343,11.1461731149373,2.65773583078616,5.66770590724244,7.91587000984941,8.13026476309685,12.0148109869009,11.0475162786968,15.1202478045807,0,6.19405538385081,20.1920418933051,3.71465122972145,5.30942636321803,0,9.94882054207142,6.50610827890885,21.3479918515073,"CB vs. WB","CB"
"LOC111118976",52.3870624309294,4.16117231662402,1.36725255390287,1.40108933372297e-05,0.00694798428744038,29.2743880566981,14.0367589327433,38.951852864702,7.87236206077731,68.2124246194163,23.2488442740666,1.30934365577222,0,2.20649251641193,1.99591490538303,11.0962936744007,264.173198141237,10.4817815163245,2.23434052187362,5.30301873087858,19.0350917304994,9.65486721343441,30.052619621704,12.3341040776805,22.8314402985569,7.40758225880209,35.079446223416,22.2505660351847,69.0865688609056,146.472703246811,5.35192368618873,862.045261853972,5.22504203929155,3.04307954226064,10.9092795971432,40.6886346595363,4.5395417378078,1.8569395072759,16.7132113816645,6.00659558176141,9.53104192651007,425.141924493578,1.0528496792392,4.31261796320295,6.74332837914453,0,0,10.7187564166123,45.7113546171517,20.7869846896858,0.930341474461282,10.0951057293218,26.7497024828779,20.5694967933309,11.5868442693896,4.197826199128,21.5947946393415,28.8536767166165,9.24334085403459,22.9393602515271,5.92649591117768,1.63752151979709,7.03152692547822,15.9558180497894,18.4217318652337,27.2655947262938,17.5353234921826,13.5714387451394,24.4114971466295,240.322252588299,10.5651030482801,1.16707006910275,6.42136347874334,83.3990235100587,9.22927660907566,14.3765349943233,24.4136565796203,13.9290821758843,10.7904185412178,6.89977436574005,9.43548322911199,85.3566053964579,9.11959618494869,1048.03382927334,13.6024941773819,23.7476100295482,39.9738017518929,424.523321537165,5.5237581393484,8.64014160261755,6.53510643282319,0,28.2688586506271,20.4305817634679,2.12377054528721,20.7502082763564,40.9007066729603,39.0366496734531,53.3699796287683,"CB vs. WB","WB"
"LOC111119005",73.5155416431922,-3.96686793979909,1.24392309969379,1.22269846769474e-05,0.00644334303873589,0.944335098603166,21.055138399115,32.301536521948,43.7353447820962,40.4649976555859,120.893990225146,41.898996984711,49.5271678919171,30.8908952297671,30.936681033437,83.7265795432052,31.8280961615948,58.6979764914172,40.2181293937252,31.8181123852715,38.0701834609988,9.65486721343441,5.2592084337982,28.1922378918412,47.4893958209983,43.5195457704623,35.079446223416,81.5854087956774,0.946391354258981,39.9471008854939,0,66.9983364135212,6.27005044714986,3.04307954226064,50.1826861468589,28.1690547642944,73.7675532393768,22.2832740873108,10.0279268289987,1208.32681119767,158.561879322849,1.50759547692758,50.5367846034817,12.9378538896088,47.2032986540117,83.9994362215139,22.4548436724498,75.0312949162859,0.774768722324605,2.96956924138368,26.0495612849159,29.2758066150333,80.2491074486336,962.652449927886,0,27.285870294332,57.226205794255,53.0907651585744,24.9570203058934,843.977295920767,55.3139618376583,0,71.1942101204669,7.44604842323505,838.673582285641,1.09062378905175,2.50504621316894,48.857179482502,0,37.9456188297313,37.4580926257203,0,5.35113623228612,22.169360679889,75.2541015816938,16.2934063268997,32.5515421061604,20.3132448398313,1.79840309020296,1.37995487314801,22.9147449849863,0,41.5448270647663,34.5505658002201,38.5404001692486,42.5478013029406,30.4884928616132,41.0506042052447,34.0631751926485,35.6405841107974,3.2675532164116,86.7167753739113,108.027424129182,1.85732561486072,2.12377054528721,3.4583680460594,50.8495272150317,19.5183248367266,19.2131926663566,"CB vs. WB","CB"
"LOC111120583",345.797903587837,5.56164313385491,1.92034294013452,8.15888791325343e-06,0.0051805046810796,40.6064092399361,4.01050255221238,169.108044144316,34.9882758256769,86.7107092619699,27.8986131288799,10.4747492461777,63.9725918603929,4.41298503282386,16.9652766957558,12.1050476448007,2714.93660258404,2.0963563032649,0,5.30301873087858,6.01108159910508,0,70.6236561110044,0,18.2651522388455,0,0,86.8831626135785,945.444962904722,1296.06149539602,8.32521462296025,7211.25427597533,12.5401008942997,0,8.72742367771459,219.092648166734,21.5628232545871,14.8555160582072,57.9391327897702,8.00879410901521,8.66458356955461,89.7019308771912,0,21.5630898160147,0,0,41.7018525345497,3.89772960604083,75.1525660654867,11.8782769655347,8.37307327015154,2.01902114586436,48.8472827948204,8.22779871733236,15.6763187174094,8.395652398256,100.415795072938,36.9327061972692,88.7360721987321,7.64645341717569,49.3874659264807,73.6884683908689,54.4943336724562,0,3.87825934004921,0,30.0605545580273,19.9047768262045,130.194651448691,2854.67809349825,66.2720100301205,37.3462422112879,0,174.187833913414,0,7.66748533030575,71.8846554844376,12.1879469038988,0,23.4592328435162,32.3502282140983,524.33343314967,0,10719.5345175042,15.8695765402788,43.5372850541717,48.7815885785811,3096.8175318737,0,25.9204248078526,3.2675532164116,9.91048861416129,119.1330471705,1.85732561486072,6.37131163586163,34.583680460594,9.94882054207142,156.146598693812,290.3326891805,"CB vs. WB","WB"
"LOC111121935",21.6629616109355,3.73131607882816,1.97420139056906,6.67695450514909e-05,0.0212080197412181,8.4990158874285,2.00525127610619,37.051762481058,20.1182585997642,89.0229948422891,1.16244221370333,7.85606193463331,0,83.8467156236534,3.99182981076607,6.05252382240037,54.1077634747112,2.0963563032649,0,2.65150936543929,18.0332447973152,12.8731562845792,27.7986731500762,1.76201486824007,76.7136394031512,5.55568669410156,1.431814131568,9.53595687222203,8.51752218833083,58.8110096369771,0.594658187354303,188.711980898085,11.4950924864414,21.3015567958245,10.9092795971432,33.3855463873118,0,3.71387901455181,16.7132113816645,0,1.73291671391092,26.3829208462327,2.1056993584784,2.15630898160147,4.21458023696533,2.0487667371101,4.27711308046664,0,5.42338105627224,1.48478462069184,0.930341474461282,5.04755286466091,2.32606108546764,25.7118709916636,6.13421167202977,5.24728274891,0,8.07902948065263,0,1.91161335429392,8.88974386676652,9.82512911878252,3.51576346273911,0,11.6347780201476,23.9937233591386,0,1.80952516601859,7.12002000110027,52.5400876103972,0,2.33414013820549,0,13.7238899446932,0.709944354544282,1.91687133257644,4.06894276327005,71.386546151407,2.69760463530444,14.4895261680541,5.39170470234971,21.0620195134117,14.1860385099202,496.110688413417,0,10.8843212635429,3.38761031795702,225.277706004392,0,0,0,1.23881107677016,13.1248272306483,1.85732561486072,4.24754109057442,12.6806828355511,15.4759430654444,6.50610827890885,42.6959837030146,"CB vs. WB","WB"
"LOC111122132",585.027209942871,1.87223753708542,0.53233746423607,7.85712943127522e-06,0.0051805046810796,380.567044737076,444.163157657521,315.415003684904,487.211740872551,371.121835641231,304.559859990272,603.607425310993,789.339238277429,532.867942713482,214.560852328676,364.160183314423,267.356007757396,662.448591831708,174.278560706143,546.210929280494,705.300240961663,461.288100197422,393.689317044322,459.004873176539,493.159110448829,321.30388047554,390.885257918065,477.857394374682,392.752412017477,269.642930977084,695.155421017181,410.92313000293,475.478825575531,540.653798674974,637.101928473165,426.709014762829,306.419067302027,423.382207658906,337.606869909623,306.336374669832,434.962095191641,240.461478569949,615.917062354933,563.874798688785,341.380999194192,460.972515849772,598.795831265329,677.230519049594,242.502610087601,959.170864966929,369.345565361129,810.636990064542,526.85283585842,181.011571781312,304.665846377478,455.464142605388,1128.32801990559,558.607181233696,513.00541739892,544.809805973768,495.850157901866,221.065405172607,471.112304007041,412.723826887886,331.591173574207,548.583765893031,415.837671386044,2555.04953441825,1027.31717158732,723.885651521029,629.103863329405,399.137963633139,354.245218577341,369.489344664817,286.81751923589,1434.77819243346,422.491890252874,315.145484229382,577.28739195515,254.601674095808,207.580631040464,532.093124549348,640.398309876397,466.875594274769,559.969343635553,471.983749337271,346.891296558799,718.886190716236,600.24838447586,442.807257134149,736.833250300815,330.762557497633,451.292136315368,494.977276360383,7845.20839429095,970.648631594004,389.10942564546,383.860388455622,245.501906292334,"CB vs. WB","WB"
"LOC111119920",41.4128419734432,4.66727041106342,1.99124968969076,2.58566212990333e-05,0.0107060263939408,1.88867019720633,4.01050255221238,34.201626905592,0,6.93685674095759,2.32488442740666,13.7481083856083,0,0,18.9611916011388,2.01750794080012,224.918546208603,2.0963563032649,0,29.1666030198322,2.00369386636836,4.29105209485974,21.0368337351928,7.04805947296029,3.6530304477691,1.85189556470052,0,13.7741599265429,17.0350443766617,132.047361260383,1.18931637470861,544.919802829972,8.36006726286648,22.3159166432447,8.72742367771459,82.4205676436761,4.5395417378078,0.928469753637951,2.22842818422193,4.0043970545076,0,33.1671004924068,0,3.23446347240221,0,1.02438336855505,4.27711308046664,1.94886480302041,12.3962995571937,4.45435386207552,51.1687810953705,0,4.65212217093528,4.11389935866618,4.08947444801985,6.296739298692,0,26.5453825792872,1.84866817080692,1.91161335429392,4.93874659264807,6.55008607918834,0,0,3.87825934004921,79.6155366007779,10.0201848526758,3.61905033203718,6.10287428665738,58.3778751226636,0,29.1767517275687,2.14045449291445,16.8909414703916,12.7789983817971,0,8.1378855265401,4.64302739196143,0,1.37995487314801,8.08755705352457,65.4031132258574,0,1498.9630085634,0,9.89483751231176,6.09769857232264,510.629466943288,0,4.32007080130877,13.8871011697493,4.95524430708064,48.4609005439321,0,6.37131163586163,4.61115739474586,25.4247636075159,19.5183248367266,34.1567869624117,"CB vs. WB","WB"
"LOC111118047",396.971819418801,-3.49711876044656,1.65851373148227,5.51552051371488e-05,0.0185345469784793,12.2763562818412,186.488368677876,25.651220179194,1219.34141252484,487.89225744735,520.774111739091,49.1003870914582,2.06363199549655,553.829621619395,1489.95047686843,700.075255457643,21.2187307743965,328.079761460957,0,111.36339334845,827.525566810133,10.7276302371494,1136.74033719095,464.290917781259,50.2291686568252,64.8163447645182,286.3628263136,47.6797843611102,654.902817147215,147.582344938075,679.099649958614,329.408487366479,1118.15899640839,20.2871969484043,34.9096947108584,35.4721430365188,721.787136311441,388.100357020664,1166.58215444018,322.353962887862,34.6583342782184,49.7506507386102,855.966789221471,669.533938787258,1020.771333393,789.799577155942,1264.95619354801,2.92329720453062,10.8467621125445,870.826180035765,28.8405857082997,684.448168448019,1836.4252269767,808.381223977904,6.13421167202977,829.07067432778,47.5085482065513,4.61658827465864,1103.65489797173,33.4532337001436,512.641896316869,720.509468710718,506.269938634432,332.944736638939,883.273564696207,567.124370306911,47.5958780502099,1588.76309576432,18.3086228599721,29.1889375613318,635.827110723765,33.8450320039797,38.52818087246,523.619185582141,23.4281636999613,52.713961645852,530.31887347953,907.71185512846,730.151654622402,20.6993230972201,2.69585235117486,6.65116405686685,20.265769299886,64.6715718824633,2.26708236289698,29.6845125369353,514.239246265876,17.0209822314429,642.597196877531,464.407611140693,10.6195479533377,0,55.5281152065889,429.042217032827,29.7327876340209,14.9862615329241,399.058246187532,679.888315145975,60.8417767767959,"CB vs. WB","CB"
"LOC111121702",198.015093400509,2.90071690383055,2.86605629836316,0.000224738239101682,0.0441610639834805,13.2206913804443,2.00525127610619,76.00361534576,2.62412068692577,34.6842837047879,4.64976885481331,2.61868731154444,0,0,1.99591490538303,2.01750794080012,1070.48496756831,0,0,0,4.00738773273672,0,30.8039351122466,3.52402973648014,0.913257611942276,37.0379112940104,2.863628263136,48.7393351246904,51.105133129985,952.072571104271,1.78397456206291,4328.09253231347,0,0,0,132.498887224644,6.80931260671171,0,6.68528455266579,0,8.66458356955461,29.3981118000879,0,25.8757077792177,0,0,17.1084523218665,15.5909184241633,100.719933902199,0.742392310345921,0,2.01902114586436,22.0975803119426,2.05694967933309,2.7263162986799,0,51.8275071344196,25.3912355106225,1.84866817080692,1.91161335429392,0,29.4753873563476,7.910467791163,6.38232721991576,1.9391296700246,0,7.51513863950682,9.04762583009296,42.7201200066016,1097.50405230608,21.1302060965602,0,0,80.2319719843602,0,0.958435666288219,30.5170707245254,1.16075684799036,0,6.89977436574005,21.5668188093988,168.496156107294,0,6216.44410820883,23.8043648104183,29.6845125369353,24.3907942892906,3225.97674998289,0,33.480548710143,8.98577134513189,9.91048861416129,31.2976649346228,0,0,57.6394674343233,63.0091967664524,108.435137981814,121.683553553592,"CB vs. WB","WB"
"LOC111111878",83.6740904572996,3.15440536494243,2.28642374020861,0.000155033189512225,0.0341081979110224,84.0458237756818,5.01312819026548,87.404157647624,0,20.8105702228728,0,31.4242477385332,70.1634878468826,12.1357088402656,1.99591490538303,14.1225555856009,623.830684767258,4.1927126065298,73.7332372218296,13.2575468271965,8.01477546547344,0,139.744681240924,86.3387285437635,357.08372626943,0,0.715907065784001,29.6674213802463,0.946391354258981,265.204364212029,1.18931637470861,806.213314842705,10.4500840785831,1.01435984742021,7.63649571800027,21.9092648166734,11.3488543445195,0,23.3984959343303,28.0307793815532,7.79812521259915,9.0455728615655,2.1056993584784,6.46892694480442,10.9579086161099,0,8.55422616093327,11.6931888181225,47.2608920618009,9.65110003449697,4.65170737230641,74.7037823969814,243.073383431368,2.05694967933309,11.5868442693896,2.098913099564,0,16.1580589613053,0,13.3812934800575,3.95099727411845,13.1001721583767,5.27364519410866,5.31860601659647,0,140.690468787676,6.26261553292235,8.14286324708366,3.05143714332869,73.9453084887072,145.990514848961,7.00242041461648,89.8990887024067,11.6125222608942,0.709944354544282,1.91687133257644,70.5283412300142,4.64302739196143,23.3792401726385,11.0396389851841,756.186584504547,339.209366900209,4.0531538599772,1721.32690640584,109.953494600503,2.96845125369353,4.06513238154843,547.675134152899,0,103.681699231411,0,0,95.912198993199,154.15802603344,15.9282790896541,13.8334721842376,16.581367570119,8.67481103854514,22.4153914440827,"CB vs. WB","WB"
"LOC111114625",101.35409306027,3.76767266251737,0.892287170426248,2.26301612771137e-06,0.00209890219812974,56.66010591619,81.2126766823007,76.953660537582,29.7400344518254,116.770421806119,38.3605930522098,13.0934365577222,6.19089598648964,217.339512866575,9.97957452691517,71.6215318984044,380.876217400418,12.5781378195894,22.3434052187362,0,88.1625301202079,5.36381511857468,172.802562824798,47.5744014424819,281.283344478221,22.2227467764063,19.329490776168,42.382030543209,27.4453492735104,247.450097151809,42.8153894895098,433.255908807437,10.4500840785831,22.3159166432447,17.4548473554292,26.0824581150874,73.7675532393768,18.569395072759,98.050840105765,42.0461690723298,19.9285422099756,48.9968530001464,21.056993584784,25.8757077792177,26.1303974691851,9.21945031699543,47.048243885133,11.6931888181225,111.566696014743,52.7098540345604,10.2337562190741,32.3043383338298,304.714002196261,9.25627355699891,10.2236861200496,11.544022047602,72.342562041794,42.7034415405925,60.0817155512248,19.1161335429392,32.5957275114772,27.8378658365505,21.9735216421194,4.25488481327717,20.3608615352583,91.6123982803472,30.0605545580273,118.523898374218,49.8401400077019,141.07986487977,77.7975769918806,22.1743313129522,75.9861344984628,46.450089043577,19.8784419272399,22.044020324629,125.45906853416,26.117029079783,51.2544880707844,31.7389620824042,332.937765370095,381.333405927033,5.06644232497149,2199.71935594735,36.2733178063516,53.4321225664835,45.3939782606241,1000.2330146595,20.2537798442775,120.961982436646,33.4924204682189,8.67167753739113,163.555539335771,84.5083154761629,64.7750016312599,48.4171526448315,28.7410371215397,31.4461900147261,11.741395518329,"CB vs. WB","WB"
"LOC111115103",49.8308243335944,-22.7309515476427,2.07603268692857,2.83884137471105e-28,3.29121074777126e-24,0,53.1391588168141,97.854654757666,143.451930885275,90.1791376324486,1.16244221370333,0,0,227.268729190429,6.98570216884062,0,162.323290424134,0,0,1.32575468271965,1.00184693318418,0,97.671013770538,0,9.13257611942276,237.968580064017,0,1.05955076358023,0,1.10964169126372,6.54124006089734,159.679368452225,156.751261178746,4.05743938968086,0,0,107.814116272935,72.4206407837602,1.11421409211097,83.0912388810328,0,0.753797738463791,141.081857018053,0,147.510308293787,215.12050739656,52.3946352357163,0,150.305132130973,0,1.86068294892256,4.03804229172873,133.748512414389,1.02847483966655,0,113.341307376456,0,0,0,12.4254868029105,79.0199454823691,60.5882962324922,87.0151457027929,134.028871618231,0,0,0,169.190603022738,36.6172457199443,3.89185834151091,205.539277484722,116.707006910275,92.0395431953212,80.2319719843602,4.25966612726569,0,0,67.9042756074359,227.497990910675,3.44988718287002,0,0,0,0,282.251754180674,0,0.677522063591404,83.1024426593978,149.141469762407,89.6414691271571,0,0,3.02880628399576,8.35796526687325,0,0,0,0,3.2021987777261,"CB vs. WB","CB"
"LOC111115092",183.748842923164,5.7863143507438,3.1361734358332,1.53097574193135e-05,0.00709974690563243,2.8330052958095,1.0026256380531,64.603073043896,0.874706895641923,41.6211404457455,9.29953770962662,0,0,0,1.99591490538303,0,941.050709844487,0,0,0,0,0,20.2855182446502,0,21.0049250746723,0,0,42.382030543209,32.1773060448053,1029.74748949273,0,4484.42198394502,0,0,0,125.195798952419,1.13488543445195,0,26.7411382106632,3.0032977908807,0,41.4588756155085,2.1056993584784,4.31261796320295,0,0,2.13855654023332,0,39.5132048385549,4.45435386207552,0,3.02853171879654,10.4672748846044,15.4271225949982,3.40789537334987,0,17.2758357114732,33.4702649912752,0,0.955806677146961,0,67.1383823116805,0.878940865684777,31.9116360995788,8.72608351511071,0,1.25252310658447,18.0952516601859,37.6343914343871,1153.93599825798,15.3674226156801,12.8377707601302,0,104.512700348048,0.709944354544282,0,20.3447138163503,6.96454108794214,2.69760463530444,1.37995487314801,10.7834094046994,197.317867020383,0,6261.6256173322,0,0,6.77522063591404,1954.40925386921,0,9.72015930294474,0,0,85.8161780465465,0,0,13.8334721842376,28.7410371215397,33.6148927743624,157.975139701154,"CB vs. WB","WB"
"LOC111113338",1364.46596157035,4.55589503109166,0.922753256512057,1.88301367967366e-07,0.000396922165369029,401.342416906346,14.0367589327433,605.178787190614,83.9718619816246,889.073805632731,51.1474574029464,151.229192241691,73.2589358401274,499.770554967303,551.870471338409,389.379032574424,5734.36199178067,302.923485821778,377.603548196642,1104.35365070546,465.858823930644,190.951818221258,779.114163692676,797.311727878633,252.97235850801,374.082904069505,221.93119039304,226.743863406168,600.012118600194,5396.18754461546,265.812209747374,15389.5178741858,38.6653110907574,408.787018510346,305.459828720011,1001.56639161936,98.7350327973197,417.811389137078,197.215894303641,194.213257143619,287.664174509213,358.053925770301,242.155426225016,530.452009473963,23.6016493270059,170.047639180138,190.331532080765,280.63653163494,533.815649681653,272.457977896953,374.927614207897,448.222694381889,308.203093824462,406.247561668285,128.136866037955,532.074470739474,367.111508868806,472.046151083846,290.240902816686,255.200382798239,421.768959012145,864.611362452861,60.6469197322496,298.905658132721,198.760791177522,208.309143708885,905.574206060572,610.714743531275,401.772557204944,10052.6700961227,478.311028913044,619.714206693559,316.787264951338,744.257108539131,403.248393381152,119.804458286027,733.766011643033,300.636023629503,313.821339240417,429.855942985605,107.834094046994,1217.16302240663,552.242213421893,41706.9624805837,226.708236289698,464.067879327422,716.140821216114,13940.1844475518,138.09395348371,438.487186332841,131.519016960567,249.001026430802,502.781843143296,404.896984039638,356.793451608251,444.976688592976,851.176868599444,839.287967979242,1163.46555590715,"CB vs. WB","WB"
"LOC144621899",105.103503389016,2.90587068629288,2.57482916664098,0.0002243755245021,0.0441610639834805,2.8330052958095,0,0,160.071361902472,0,8.13709549592329,18.3308111808111,629.407758626447,4.41298503282386,240.507746098655,300.608683179219,128.373321185099,172.949395019354,8.93736208749449,536.930646501456,11.020316265026,548.181905118332,78.1368110164304,50.2174237448421,131.509096119688,150.003540740742,0.715907065784001,75.228104214196,225.241142313637,2.21928338252744,95.7399681640428,4.46655576090141,1.04500840785831,276.920238345719,111.274651890861,0,0,179.194662452125,220.614390237971,5.0054963181345,0,166.589300200498,135.817608621857,1.07815449080074,2.5287481421792,0,0,36.0539988558777,24.0178303920628,157.387169793335,12.0944391679967,0,0,183.068521460645,2.04473722400992,1.049456549782,0,8.07902948065263,1.84866817080692,13.3812934800575,172.856130742682,1.63752151979709,2.63682259705433,71.2693206223926,0,208.309143708885,65.1312015423925,145.666775864497,130.194651448691,0.972964585377727,0.960463913480007,50.1840129714181,66.3540892803478,4.22273536759791,0,58.4645756435813,209.550552308408,1.16075684799036,0,97.9767959935087,2.69585235117486,84.2480780536468,2.0265769299886,1187.12200441782,112.2205769634,249.349905310256,0,4.00493699563363,162.03023875422,62.6410266189772,1084.82766784865,102.821319371923,0,0.928662807430361,135.921314898381,0,81.8014133459206,196.267599747084,0,"CB vs. WB","WB"
"LOC111111521",26.5215226430013,2.86374462515456,1.32473308689346,5.68457581143184e-05,0.0185645435689676,15.1093615776507,11.0288820185841,31.351491330126,6.12294826949346,5.78071395079799,18.5990754192532,9.16540559040553,8.25452798198618,1.10324625820597,15.9673192430643,14.1225555856009,76.3874307878276,0,20.1090646968626,1.32575468271965,4.00738773273672,17.164208379439,23.2907802068206,0.881007434120036,11.8723489552496,9.25947782350261,1.431814131568,21.1910152716045,26.4989579192515,45.4953093418125,3.56794912412582,302.609152801071,7.31505885500817,6.08615908452129,22.9094871540008,73.0308827222446,0,14.8555160582072,0,21.0230845361649,7.79812521259915,11.3069660769569,18.9512942263056,9.70339041720663,11.8008246635029,10.2438336855505,7.48494789081661,1.94886480302041,30.9907488929842,28.9533001034909,0,13.1236374481184,3.48909162820146,12.3416980759985,8.17894889603969,45.126631640626,0,28.8536767166165,8.31900676863113,4.77903338573481,19.7549863705923,13.1001721583767,21.0945807764347,19.1469816597473,5.81738901007381,29.4468423043973,11.2727079592602,13.5714387451394,4.06858285777158,20.4322562929323,13.4464947887201,52.5181531096236,2.14045449291445,34.8375667826827,7.8093878999871,36.4205553189523,19.6665566891386,9.28605478392286,37.7664648942622,22.0792779703682,24.2626711605737,24.3876015418451,31.4119424148233,365.881632704895,20.4037412660728,12.8632887660053,8.13026476309685,173.213525061154,34.9838015492065,12.9602124039263,54.7315163748943,7.43286646062097,21.2016439879703,10.215290881734,20.1758201802285,48.4171526448315,13.2650940560952,31.4461900147261,73.6505718877003,"CB vs. WB","WB"
"LOC111115876",443.428373661834,5.96256276450136,1.21770961102976,8.47996745003563e-08,0.00024578125657997,7.55468078882533,34.0892716938053,10258.587981294,20.9929654954062,9.24914232127678,16.2741909918466,3.92803096731665,526.226158851619,17.6519401312955,27.9428086753625,27.2363572008017,30.767159622875,455.957495960116,29.0464267843571,34.4696217507108,16.0295509309469,489.17993881401,193.839396559991,16.7391412482807,573.525780299749,10.1854256058529,50.1134946048801,47.6797843611102,8443.70366269863,6.65785014758231,19.623720182692,24.5660566849578,9.40507567072478,146.067818028511,31.6369108317154,27.1257564396909,12.4837397789715,26.9256228555006,37.8832791317728,16.0175882180304,19.9285422099756,12.8145615538845,18.9512942263056,6.46892694480442,1440.54352499475,27.6583509509863,7.48494789081661,17.5397832271837,828.227764165003,15.5902385172643,7.44273179569026,37.3518911984907,3.48909162820146,82.2779871733236,29.3079002108089,34.632066142806,50.7477674024525,18.4663530986346,17.5623476226657,14.3371001572044,29.6324795558884,3.27504303959417,19.3366990450651,7.44604842323505,9.69564835012302,198.493529607419,31.3130776646118,15.380963911158,4.06858285777158,31.1348667320873,20.1697421830802,1787.95134586541,23.5449994220589,23.2250445217885,24.1381080545056,9.58435666288218,23.057342325197,16.8309742958602,8.9920154510148,865.231705463802,36.3940067408605,3437.54329005735,24.3189231598632,4665.21229497331,6.80124708869093,14.8422562684676,147.699809862926,4291.28999082143,28.5394170533001,23.7603894071983,958.209980712701,73.0898535294395,35.3360733132839,12.0726164965947,37.1659845425262,275.516654336065,26.5301881121905,27.1087844954535,18.1457930737812,"CB vs. WB","WB"
"LOC111114672",31.5058221049743,2.58128815823268,2.05687870370198,0.0002310823087643,0.0450260965825027,10.3876860846348,0,17.100813452796,2.62412068692577,10.4052851114364,0,2.61868731154444,8.25452798198618,1.10324625820597,1.99591490538303,5.04376985200031,192.029513508289,3.14453445489735,4.46868104374725,9.28028277903752,0,1.07276302371494,3.0052619621704,3.52402973648014,10.045833731365,24.0746423411068,1.431814131568,10.5955076358023,14.1958703138847,35.508534120439,1.18931637470861,637.600834868676,2.09001681571662,2.02871969484043,0,21.9092648166734,0,0,5.57107046055483,27.0296801179263,10.3975002834655,17.3373479846672,0,2.15630898160147,19.3870690900405,0,7.48494789081661,3.89772960604083,53.4590418403978,2.96956924138368,1.86068294892256,2.01902114586436,8.14121379913674,19.5410219536644,3.40789537334987,2.098913099564,18.3555754434403,16.1580589613053,1.84866817080692,5.73484006288177,9.87749318529613,18.0127367177679,12.3051721195869,0,13.5739076901722,0,2.50504621316894,6.33333808106507,1.0171457144429,27.2430083905763,20.1697421830802,16.3389809674385,2.14045449291445,17.9466253122911,2.83977741817713,1.91687133257644,17.6320853075036,0.580378423995179,15.2864262667252,2.75990974629602,18.870966458224,18.8449648277894,8.10630771995439,848.703641964381,4.53416472579395,27.7055450344729,4.06513238154843,426.525790034982,1.84125271311613,6.48010620196316,68.6186175446436,8.67167753739113,5.04801047332626,2.78598842229108,0,20.7502082763564,16.581367570119,8.67481103854514,10.6739959257537,"CB vs. WB","WB"
"LOC144621999",52.8603599714121,-3.62047883503748,1.03031512673366,8.31388297376011e-06,0.0051805046810796,19.8310370706665,5.01312819026548,50.352395166566,20.1182585997642,12.7175706917556,10.46197992333,9.16540559040553,6.19089598648964,46.3363428446506,74.8468089518637,24.2100952896015,26.5234134679957,651.966810315384,6.70302156562087,33.1438670679911,58.1071221246825,36.4739428063078,12.0210478486816,10.5720892094404,33.7905316418642,25.000590123457,5.72725652627201,37.0842767253079,22.7133925022155,27.741042281593,4.16260731148012,32.3825292665352,10.4500840785831,8.11487877936172,29.4550549122867,56.3381095285887,24.9674795579429,25.9971531018626,32.312208671218,11.0120918998959,5.19875014173276,14.322157030812,30.5326406979368,8.62523592640589,10.9579086161099,40.9753347422019,7.48494789081661,1036.79607520686,59.6571916189946,34.1500462759123,36.28331750399,11.104616302254,20.9345497692088,25.7118709916636,11.5868442693896,54.571740588664,4.3189589278683,17.3122060299699,19.4110157934726,9.55806677146961,26.6692316002996,4.91256455939126,36.9155163587606,80.8428114522663,32.9652043904183,27.2655947262938,27.5555083448584,0,69.1659085821169,6.81075209764409,40.3394843661603,19.8401911747467,12.8427269574867,6.33410305139686,26.9778854726827,8.62592099659397,0.678157127211675,13.9290821758843,12.5888216314207,13.7995487314801,1.34792617558743,6.65116405686685,28.3720770198404,13.2886791539308,6.80124708869093,24.7370937807794,22.3582280985163,24.0296219738018,23.9362852705097,3.24005310098158,9.80265964923479,13.6269218444718,86.8257801412118,18.5732561486072,31.8565581793082,5.76394674343233,1180.59337099248,14.0965679376358,22.4153914440827,"CB vs. WB","CB"
"LOC111111216",234.731306990287,1.28178677944813,0.848673473234528,0.000118114535937659,0.0285283515081927,135.039919100253,236.619650580531,185.25881240529,188.061982563014,30.0597125441496,218.539136176226,860.238781842347,119.6906557388,55.1623129102983,254.479150436337,165.43565114561,255.685705831478,670.834017044768,212.262349577994,188.25716494619,288.531916757044,151.259586343806,205.860444408672,228.180925437089,105.024625373362,320.37793269319,100.22698920976,182.242731335799,306.63079877991,274.081497742138,192.669252702794,205.461565001465,77.3306221815149,365.169545071277,249.82250277458,227.439034763562,68.0931260671171,219.118861858557,109.192981026875,14.0153896907766,71.0495852703478,191.464625569803,153.716053168923,111.049912552476,177.855285999937,101.41395348695,148.629679546216,287.457558445511,227.782004363434,293.987354896985,374.927614207897,152.436096512759,61.6406187648924,47.3098426246611,227.647410939771,90.253263281252,234.303521836855,143.114236514418,241.251196290303,110.873574549047,330.89602170742,76.963511430463,867.514634430875,191.469816597473,100.834742841279,78.5249128117262,285.575268301259,171.904890771766,134.263234306462,131.350219025993,157.516081810721,332.614969694283,323.208628430081,163.630995494419,327.994291799458,556.851122113455,255.665236958802,155.541417630708,186.134719836006,488.504025094396,616.002262243454,432.325663696345,195.5646737439,532.433078100828,495.357496292989,257.265775320106,120.59892731927,432.533195528432,177.680886815707,225.723699368383,83.3226070184957,222.985993818629,281.678984411606,138.370758307124,93.4459039926373,373.503748974415,550.501403327952,236.388600800355,167.581736034332,"CB vs. WB","WB"
