"Gene","baseMean","log2FoldChange","lfcSE","pvalue","padj","B1_B1_O01","B1_W5_O50","B2_B5_O51","B2_C4_O40","B3_B4_O41","B3_C3_O30","B3_C6_O66","B3_H4_O41","B3_W1_O06","B3_W4_O41","B4_B2_O19","B4_B3_O32","B4_C5_O56","B4_H5_O55","B4_W2_O19","B4_W6_O67","B5_B6_O69","B5_H2_O21","B5_W3_O33","B6_C2_O24","B6_H3_O35","B6_H6_O72","C_W5_W52","C1_H2_W13","C1_H6_W62","C2_B2_W16","C2_C1_W03","C2_H1_W04","C2_W2_W15","C3_B3_W30","C3_C2_W17","C3_W3_W29","C4_B1_W07","C4_B5_W56","C4_C6_W67","C4_H5_W56","C5_B4_W46","C5_C3_W33","C5_W1_W09","C5_W4_W45","C6_B6_W71","C6_C5_W59","C6_H3_W36","C6_H4_W48","C6_W6_W72","H1_B2_B13","H1_B6_B61","H1_C6_B62","H1_W4_B38","H1_W5_B49","H2_B5_B51","H2_C1_B04","H2_H1_B03","H2_W2_B16","H3_B4_B41","H3_C5_B54","H3_H4_B41","H3_H6_B66","H3_W3_B30","H3_W6_B66","H4_H2_B19","H4_W1_B07","H5_B1_B09","H5_B3_B34","H5_C2_B22","H5_C4_B46","H6_C3_B36","H6_H3_B35","W1_C1_G02","W1_C6_G61","W1_H5_G49","W1_W1_G01","W1_W6_G62","W2_B2_G04","W2_B6_G64","W2_C2_G15","W3_B5_G54","W3_C3_G29","W3_H2_G18","W3_H3_G30","W4_C5_G55","W4_H1_G08","W4_W5_G56","W5_B2_G21","W5_C4_G45","W5_H4_G46","W5_W2_G22","W6_B3_G35","W6_B4_G48","W6_H6_G71","W6_W3_G36","W6_W4_G48","pair","DEG_group"
"LOC111105564",859.274753735932,2.81324028195057,3.05762292870175,0.000135835431377099,0.0236855056550901,1496.77113128602,16.0420102088495,11.400542301864,6.99765516513539,21.9667130130324,318.509166554712,1660.24775551917,131.040631714031,161.073953698071,30.936681033437,1816.76590069051,18.0359211582371,3043.90935234063,788.824036218189,977.80260678776,15.0186823320091,3.756577452713,998.181422858001,9699.70909643891,54.6309191586654,7.87497772362401,853.997915445662,1.89278270851796,11.8931637470861,910.060736283662,27.170218604316,2.02871969484043,16.3639193957149,1193.5332833464,455.089059215232,65.9213525082946,8.91371273688773,1272.39716406979,69.3166685564369,8.2917751231017,1091.80511737105,2.15630898160147,3.37166418957227,9.21945031699543,2020.93593052049,22.4119452347348,30.9907488929842,11.1358846551888,1944.41368162408,17.1616797398471,13.9563665128058,2495.07996103104,3525.80855326778,14.692391696948,2845.11419373324,8.07902948065263,1693.38004445914,4.77903338573481,4.93874659264807,1.63752151979709,9.66834952253255,2.12744240663859,1146.99519981955,724.174195930364,2105.4913421685,11.7619135791208,23.3943514321866,12.6485396099104,1727.87458035053,1379.47682167945,1673.8354134591,2.11136768379895,1686.82778639721,1084.94917423826,11.5286711625985,15.0898390238746,486.468035899901,2.06993230972201,834.366302688618,2056.31822091467,9.11959618494869,345.505658002201,1503.0756066007,54.4216063177147,2266.98882477684,1782.19696305696,1850.45897668171,7.56012390229036,2382.04629476405,2923.59414117758,2474.53473402453,1793.24788114803,6.37131163586163,2079.63198503038,1365.19926327313,15.180919317454,1259.53151923893,"CC vs. WC","WC"
"LOC144622036",59.1519538283439,21.0028004640685,3.76979310783121,1.06201909779592e-08,3.32437568431756e-06,0,203.533004524778,0,0,201.16884548777,0,767.930054110406,0,0,0,0,190.968576969569,12.5781378195894,0,0,0,116.453901034103,0,0,1.85189556470052,0,0,1.89278270851796,0,0,0,0,49.0917581871446,16.6927731936559,0,0,275.210880751409,20.021985272538,9.53104192651007,0,0,2.15630898160147,0,0,0,44.8238904694695,0,0,0,37.3518911984907,160.498214897267,0,0,1088.28644212393,0,0,0,0,137.297155275616,846.598625735093,0,0,0,0,0,0,0,0,50.9045874144404,0,0,301.92557878325,0,127.471943616333,0,224.606450086134,0,0,62.0046040770217,17.7364374849783,0,0,0,0,0,0,0,397.446513720407,0,0,0,0.928662807430361,0,18.4446295789834,0,0,56.5721784064944,"CC vs. WC","WC"
"LOC144619234",20.2683200946651,21.2083281735136,3.24353565793414,2.74585861427685e-11,1.42680305315053e-08,0,19.0498871230088,0.950045191822,1.74941379128385,17.342141852394,0,0.654671827886109,0,0,0,0,83.8139865588663,35.6380571555033,0,0,0,21.7881492257354,0,0,0,0,1.05955076358023,0.946391354258981,0,0,0,0,4.3637118388573,250.391597904839,0,0,17.8274254737755,1.0010992636269,7.79812521259915,0,0,0,0,0,5.3463913505833,0,0,0,0,1.00951057293218,9.30424434187056,0,0,75.560871584304,0,0,0,0,50.3752152450103,58.9507747126951,0,0,0,3.27187136715526,0,0,0,9.72964585377727,0,0,0,23.2250445217885,0,124.596636617468,0,23.2151369598072,0,0,0,0,0,0,0,0,0,0,0,17.2802832052351,0,0,0,0,0,5.76394674343233,0,0,992.68162109509,"CC vs. WC","WC"
"LOC144622046",14.9732307861746,20.362242192726,3.46969342585002,2.03050447744704e-09,7.12899146331777e-07,0,0,0,0,0,0,0,0,0,0,22.1925873488014,6.36561923231896,0,0,27.0498671959729,0,78.1368110164304,0,291.329178209586,0,10.022698920976,188.60003591728,102.21026625997,0,0,0,0,0,0,28.3721358612988,0,0,105.115422680825,0,0,0,0,0,0,0,0,0,0,0,0,68.6188020212954,10.2847483966655,0,0,0,0,0,1.91161335429392,0,0,0,0,0,18.5406044138798,0,83.2381576368552,103.748862873175,11.6755750245327,0,0,62.0731802945189,13.7238899446932,0,0,66.4593984667442,3.48227054397107,0,0,26.9585235117486,0,0,0,13.6024941773819,0.989483751231176,0,4.00493699563363,0,18.3603009055623,0,0,5.04801047332626,0,0,0,0,5.42175689909071,0,"CC vs. WC","WC"
"LOC111105159",68.182511335172,5.6754326733126,4.34581592056069,8.31904709949933e-05,0.0156621132385574,72.7138025924438,0,4.75022595911,2.62412068692577,9.24914232127678,2.32488442740666,0,0,0,0,134.164278063208,3.18280961615948,0,0,100.184693318418,2.14552604742987,353.869596045564,57.2654832178023,1061.20534507692,10.1854256058529,2.147721197352,730.030476106776,524.300810259475,0,2.2332778804507,0,0,0,25.0391597904839,163.423502561081,0,1.11421409211097,588.646367012618,0,0.753797738463791,8.42279743391361,0,0,50.1947850591974,0,2.92329720453062,0,0,0,6.05706343759309,319.8333992518,82.2779871733236,2.04473722400992,0,76.6615209696623,1.15414706866466,0,16.2487135114983,0,0,4.39470432842389,17.0195392531087,0.969564835012302,130.87485468621,1.25252310658447,245.190659995519,242.080680037409,26.2700438051986,4.80231956740004,7.00242041461648,328.559764662367,46.450089043577,0,2.87530699886466,215.653966453313,59.7789776715034,0,1.37995487314801,110.529946398169,0,1.0132884649943,14.1745910975262,78.2143415199457,24.7370937807794,21.0031839713335,73.0901001703137,0,79.9213098242123,0,0,88.8449843305423,0,0,2.30557869737293,1.1054245046746,19.5183248367266,6.4043975554522,"CC vs. WC","WC"
"LOC144622060",65.280372874253,14.8228476522509,4.03397801096097,4.10671995255853e-06,0.000952649027566278,2.8330052958095,18.0472614849557,330.615726754056,0,0,8.13709549592329,0,121.754287734296,0,0,0,40.3155884713534,1.04817815163245,0,0,0,26.296042168991,0,0,1.85189556470052,0,0,0,0,39.0823629078873,0,0,0,51.1216179055712,0,0,443.457208660164,504.554028867958,264.269798871416,0,0,0,0,0,189.262253810649,3069.46206475715,0,0,0,142.340990783438,1.16303054273382,0,0,2.098913099564,0,0,0,0.955806677146961,69.1424522970729,0,0,22.3381452697052,0,5.45311894525876,0,0,0,1.94592917075545,0,0,0,0,1.41988870908856,0,0,0,0,0,0,287.108581788086,0,0,0,0,0,0,0,120.961982436646,0,2.47762215354032,0,0,0,77.2368863619932,0,0,159.04253929373,"CC vs. WC","WC"
"LOC111138240",15.4424170168498,16.4597059785638,2.62799424466662,2.31514872091062e-10,9.3358532080024e-08,0,0,0,80.4730343990569,1.1561427901596,0,0.654671827886109,0,0,0,0,2.12187307743965,0,0,0,129.804325869507,1.5026309810852,0.881007434120036,0.913257611942276,0,0.715907065784001,129.265193156788,37.8556541703592,0.594658187354303,0,1.04500840785831,0,40.36433450943,101.199937486539,0,0,1.11421409211097,2.0021985272538,0,0,0,0,0,0,3.20783481034998,2.92329720453062,0,0,0,85.8083986992354,2.32606108546764,0,0,155.319569367736,20.5150549073744,1.15414706866466,0,0,0,55.6757316731009,0,1.06372120331929,0,2.18124757810351,0,0,0,0.972964585377727,0,1.16707006910275,0,58.0626113044712,17.0386645090628,1.91687133257644,0.678157127211675,0.580378423995179,0,0,0,0,0,1.77182388719077,0,0,0,1.00123424890841,0,0,4.9013298246174,0,1.00960209466525,304.601400837159,0,2.30557869737293,0,107.350786601996,55.504778813919,"CC vs. WC","WC"
"LOC144619407",11.9438706104724,18.4037286852144,4.20074120301449,1.12069335784487e-06,0.000288284496338292,5.666010591619,0,9.50045191822,0,0,0,0,0,0,3.99182981076607,0,126.251448107659,0,0,0,0,0,0,2.73977283582683,0,0,4.2382030543209,0,0,22.3327788045071,0,0,0,0,3.40465630335585,0,0,4.0043970545076,0,0,0,0,0,0,0,0.974432401510207,0,0,0,0,0,3.08542451899964,0,0,23.7542741032757,2.30829413732932,0,0,0,0,0,0,0,2.18124757810351,7.51513863950682,0,0,0,0,0,0,0,0,0,0,0,0,0,0,0,0,842.502258359213,1.13354118144849,0,0,24.0296219738018,0,0,0,0,0,0,0,9.22231478949172,0,0,0,"CC vs. WC","WC"
"LOC144619421",140.440413018684,-23.3134684734561,3.8695273845024,6.16591194611146e-10,2.39099340704361e-07,0,0,0,338.511568613424,0,0,0,0,0,851.257707145864,0,1.06093653871983,475.872880841132,0,0,644.730577252676,0.7513154905426,445.789761664738,0,0,636.441381481977,0,0,0,8.93311152180282,892.437180310996,0,226.913015620579,0,0,0,0,0,0,4.52278643078275,4.21139871695681,796.756168701745,0,0,0,0,527.617499903056,0,456.797663960489,0,0,0,0,0,728.824319077776,635.935034834228,0,0,0,311.129088761446,0,0,0,0,951.917561004198,0,564.515871515807,11.6755750245327,0,0,0,2.11136768379895,0,0,0,0,0,0,0,1811.33367815341,0,0,0,0,0,0,0,0,722.946149131066,0,0,0,561.737309228467,0,0,305.787089108716,0,"CC vs. WC","CC"
"LOC144619423",37.8365893557028,20.8265027683595,2.84418430832872,1.11992929303021e-13,8.31339513206226e-11,0,4.01050255221238,33.25158171377,5.24824137385154,31.2158553343091,261.549498083249,79.8699630021053,0,0,1.99591490538303,3.02626191120019,4.24374615487931,18.8672067293841,0,8.01477546547344,21.4552604742987,215.627545785726,0,0,0.925947782350261,0,19.0719137444441,4.7319567712949,0,4.46655576090141,0,0,27.2731989928581,50.0783195809678,0,0,41.2259214081057,14.0153896907766,31.1925008503966,0,0,0,0,1.02438336855505,38.4940177241997,3.89772960604083,0,0,0,10.0951057293218,0,0,0,146.92391696948,0,8.07902948065263,0,0,0,104.801377267014,0,87.225138672182,0,0,0,98.6191215480132,0,0,0.960463913480007,0,0,196.357194593303,0,107.34479462428,0,26.6974075037782,0,0,16.1751141070491,0,0,0,0,0,0,0,0,442.807257134149,0,0,0,0,0,346.989593954626,0,20.6026762165447,942.513840244048,"CC vs. WC","WC"
"LOC144619428",12.8529061157167,16.8265785968855,2.99644466396926,1.1130338726476e-08,3.44258726729255e-06,0,51.1339075407079,1.900090383644,0,36.9965692851071,0,0.654671827886109,0,0,0,0,0,52.4089075816225,0,2.00369386636836,0,87.1525969029416,0,1.82651522388455,0,0,0,0,0,0,0,0,33.818766751144,6.25978994762097,2.2697708689039,0,262.954525738188,18.0197867452842,2.59937507086638,0,0,0,0,0,16.0391740517499,0.974432401510207,0,0,0,0,2.32606108546764,1.02847483966655,0,112.291850826674,0,0,0,0,1.97549863705923,45.8506025543184,0,0,0,4.36249515620701,0,0,1.0171457144429,0,1.92092782696001,0,0,116.125222608942,0.709944354544282,0.958435666288219,0,35.4030838637059,0,0,0,2.21705468562228,4.0531538599772,1.77182388719077,0,0,2.03256619077421,0,0,262.444301179508,0,0,0,0,0,5.76394674343233,0,0,3.2021987777261,"CC vs. WC","WC"
"LOC111102614",423.592902053687,3.78487822668186,4.63336702189735,0.000267927129960535,0.0414346116875277,0,532.394213806194,1107.75269366445,999.789981718718,383.839406332987,0,1129.30890310354,24.7635839459586,13.2389550984716,1.99591490538303,2.01750794080012,5633.57302060228,2925.46522120617,0,0,111.567354466353,1262.21002411157,0,212.78902358255,0,5.01134946048801,0,115.459745219596,0,138.463228587944,37.6203026828991,0,876.015151650602,205.529769946889,0,1.8569395072759,2028.98386173407,528.580411195004,2858.44611959607,0,0,0,0,0,2370.58992484863,967.611374699636,0,1.48478462069184,9.30341474461282,164.550223387946,498.940102832809,0,0,449.167403306696,0,2.30829413732932,0,0,109.640174356787,240.715663410172,1.75788173136955,2110.42286738548,0,327.187136715526,18.7878465987671,1.80952516601859,0,2.91889375613318,361.134431468483,11.6707006910275,0,920.556310136344,0,1050.44549025189,4.06894276327005,427.738898484447,1.79840309020296,1.37995487314801,266.889382766311,287.108581788086,0,1.77182388719077,0,0,0.677522063591404,30.0370274672522,1.84125271311613,3277.85372049303,0,4.95524430708064,0,3.71465122972145,8.49508218114884,1181.60908240363,2.21084900934921,106.266435222178,2604.45500588389,"CC vs. WC","WC"
"LOC111101277",262.460565031889,-6.87123890087365,5.35971804647064,0.00010187992095261,0.0186404382131673,807.406509305707,0,1870.63898269752,858.087464624727,2.3122855803192,829.983740584176,285.436916958344,1893.38235586808,0,0,1003.71020054806,0,0,0,0,0,0.7513154905426,1040.46977969576,0,32.4081723822591,12.170420118328,727.911374579615,536.603897864842,1609.7397131681,802.863398022028,0,0,118.911147608861,2.08659664920699,380.186620541404,419.668328644354,3.3426422763329,0,35.5247926351739,39.9512801385809,0,198.380426307336,1015.71383710865,33.8046511623166,591.310883374513,0,0,0,0,903.511962774302,429.158270268779,21.5979716329974,0,0,26.9934932991769,105.027383248484,8.31900676863113,0,0,0,0,798.854623692789,0,0,0,0,0,19.4592917075545,0,1191.5785405539,0,1.05568384189948,0,0,0,0,33.2704571687548,0.689977436574005,0,228.356632619095,0,665.319869640136,0,0.989483751231176,397.705451328154,0,11.9681426352549,0,317.769550296028,1.23881107677016,2352.37288057004,0,405.640174149857,0,0,0,1072.73659053824,"CC vs. WC","CC"
"LOC111102028",8.07196524572278,19.2253442726105,3.57213154904156,3.28920123931914e-08,9.60188060660118e-06,0,3.00787691415929,5.700271150932,0,27.7474269638304,0,3.92803096731665,0,0,0,0,0,0,0,0,0,24.7934111879058,0,0,0,0,125.026990102467,0,0,0,0,0,1.09092795971432,5.21649162301747,48.8000736814339,0,4.45685636844386,0,0,0,0,0,0,12.2926004226606,0,0,0,37.119615517296,50.2384396209092,0,0,2.05694967933309,0,0,0,0,0,0,0,0,0,0,0,0,0,4.52381291504648,91.5431142998606,0,77.7975769918806,5.83535034551373,0,0,0,0,0,0,0,13.7995487314801,0,93.1162967961359,0,2.65773583078616,24.9379059918667,0,0,0,0,59.4009735179957,12.2533245615435,0,1.00960209466525,0,0,0,0,0,4.26959837030146,"CC vs. WC","WC"
"LOC144626897",97.3987215883013,-3.22791403058026,3.67881184264221,0.000182472406124444,0.0307845167760986,4.72167549301583,548.436224015043,1.900090383644,496.833516724612,6.93685674095759,585.870875706477,0.654671827886109,4.12726399099309,0,2.99387235807455,611.304906062438,2.12187307743965,3.14453445489735,3.97726404815894,1.00184693318418,1.07276302371494,6.0105239243408,7.04805947296029,2.73977283582683,0.925947782350261,4.29544239470401,1.05955076358023,7.57113083407185,17.8397456206291,998.275212561465,1060.68353397618,0,15.2729914360005,1.04329832460349,3.40465630335585,428.953026180734,4.45685636844386,6.00659558176141,3.46583342782184,11.3069660769569,0,2.15630898160147,0,0,360.346777029314,8.76989161359186,757.723810433464,0,2.79102442338385,20.1902114586436,2.32606108546764,20.5694967933309,0.681579074669974,13.642935147166,0,0,0,1.91161335429392,0,1.63752151979709,0.878940865684777,499.948965560068,10.6652131851353,0,1.25252310658447,0.904762583009296,5.08572857221448,7.78371668302181,0.960463913480007,0,34.2472718866311,4.22273536759791,0,0,1.35631425442335,2.32151369598072,26.0768448079429,5.51981949259204,164.446993421666,12.1938007709226,5.06644232497149,0.885911943595387,1.13354118144849,32.6529637906288,906.524521085299,0,0,461.167558039712,660.045749715143,3.71643323031048,7.06721466265677,32.5031982600626,6.37131163586163,2.30557869737293,6.63254702804762,0,8.53919674060293,"CC vs. WC","CC"
"LOC111101591",132.74369081506,5.09622718122472,2.60915103865878,2.19401304396071e-05,0.00471096304918539,28.330052958095,10.026256380531,19.00090383644,3.49882758256769,5.78071395079799,9.29953770962662,17.0214675250388,0,2.20649251641193,5.9877447161491,4.03501588160025,369.2059154745,27.2526319424437,1.32575468271965,8.01477546547344,8.58210418971948,7.513154905426,3.52402973648014,122.376520000265,0,0,14.8337106901232,179.814357309206,8.91987281031455,1277.4349476178,0,12.1723181690426,10.9092795971432,70.9442860730377,4.5395417378078,0,11.1421409211097,1.0010992636269,10.3975002834655,17.3373479846672,0,8.62523592640589,3.37166418957227,0,14.9698957816332,0,17.0449118911413,7.42392310345921,1.86068294892256,30.2853171879654,11.6303054273382,80.2210374939905,7.49736982136972,0,4.3189589278683,2.30829413732932,5.54600451242075,3.82322670858784,3.95099727411845,3.27504303959417,1.75788173136955,5.31860601659647,15.5130373601968,15.2687330467245,5.01009242633788,21.7143019922231,16.2743314310863,133.296148196749,7.68371130784006,18.673121105644,4.28090898582889,46.450089043577,4.25966612726569,41.2127336503934,21.0228709435619,2.32151369598072,0,5.51981949259204,91.6589799399451,55.4263671405571,12.1594615799316,2992.61054546522,13.6024941773819,0,9.48530889027966,780.962714148558,1820.0783069153,54.0008850163597,14.7039894738522,3347.26752943298,19.1824397986398,1.85732561486072,4.24754109057442,23.0557869737293,2.21084900934921,55.3019203707252,70.4483731099742,"CC vs. WC","WC"
"LOC144627222",54.5987428595307,-21.024306961767,4.34130153674289,2.82347097877976e-07,7.72174731575548e-05,0,0,286.913647930244,297.400344518254,0,6.97465328221997,0,0,0,0,142.234309826409,162.323290424134,0,2.65150936543929,0,391.558503655951,0,0,0,245.376162322819,0,0,0,0,20.0995009240563,0,59.8472309977926,354.551586907155,306.729707433428,0,106.774021668364,0,0,0,0,0,0,0,0,4.27711308046664,38.0028636588981,0,0,0,0,0,0,0,51.423370939318,0,0,0,0,0,0,0,89.3525810788206,0,0,0,3.61905033203718,0,0,0,469.162167779304,0,0,0,0,0,0,889.310328105364,0.689977436574005,98.3986108178822,0,0,0,0,551.142449435765,0,0,0,0,96.3928198841421,0,0,86.3656410910236,0,0,0,0,261.512900180965,"CC vs. WC","CC"
"LOC144620391",11.4263363553459,14.6152133686489,3.51527772255447,1.88040540806882e-06,0.00047431857191297,0,0,0,149.574879154769,1.1561427901596,0,0,0,0,9.97957452691517,219.908365547214,13.7921750033578,1.04817815163245,0,0,95.4759091106292,0,11.4530966435605,32.8772740299219,1.85189556470052,0,1.05955076358023,0,0,0,0,0,117.820219649147,0,0,0,0,2.0021985272538,0,0,0,0,0,0,0,0,0,0,70.7059520590574,0,1.16303054273382,0,0,1.049456549782,0,0,0,12.4254868029105,0,0,0,0,0,0,1.25252310658447,0,0,0,0,0,59.9327258016045,0,0,0,0,0,0.89920154510148,0,6.73963087793714,1.10852734281114,0,17.7182388719077,1.13354118144849,0,16.2605295261937,0,0,0,44.1119684215566,0,4.03840837866101,86.3656410910236,5.30942636321803,0,63.0091967664524,0,0,"CC vs. WC","WC"
"LOC111127541",154.257561365038,21.518413396659,3.55953156318386,6.35116311839571e-10,2.42661130851528e-07,0,249.653783875221,171.00813452796,99.7165861031793,84.3984236816507,0,831.433221415359,13.4136079707276,0,0,0,426.49648856537,1223.22390295507,0,0,0,258.452528746654,0,0,5.55568669410156,0,0,0,0,13.3996672827042,0,0,692.739254418596,142.931870470679,0,0,1660.17899724534,339.372650369519,705.297102561745,0,0,0,0,0,592.380161644629,478.446309141512,0,0.742392310345921,0,236.22547406613,272.149146999714,0,0,428.178272311056,0,0,0,0,50.3752152450103,1033.27607899196,0,382.939633194945,0,0,0,0,0,0,82.5998965592806,0,0,759.036682325724,0,236.73360957319,0,253.044992861898,0.89920154510148,0,355.852510355081,289.325636473708,0,0,0,0,0,0,0,895.334673571244,0,0,3.02880628399576,0,0,338.920068513821,0,0,584.934976731301,"CC vs. WC","WC"
"LOC111127528",53.677848898219,-22.8720001144754,2.74161153181281,2.8665950871635e-17,4.38100040938794e-14,0,252.66166078938,0,0,212.730273389366,0,1.30934365577222,0,291.257012166375,0,193.680762316812,2.12187307743965,0,0,6.01108159910508,0,185.574926164022,0,25.5712131343837,0,0,0,0,0,0,4.18003363143324,0,0,2.08659664920699,0,63.1359432473807,0,228.250632106933,5.19875014173276,3.01519095385517,0,0,264.675638881423,611.556871027364,0,0,1.54953744464921,227.172046965852,0,0,167.47639815367,0,4.77105352268982,264.463050545064,0,0,304.105914097738,0,0,0,247.861324123107,243.592155560118,0,0,0,258.762098740659,1.0171457144429,0,173.843968339881,0,2.14045449291445,6.33410305139686,2.83977741817713,0,0,206.614718942284,0,4.13986461944403,4.04377852676228,1.10852734281114,0,0,0,0,236.4552001934,0,0,206.283380762494,0,0,4.03840837866101,5.57197684458217,0,4.61115739474586,2.21084900934921,4.33740551927257,0,"CC vs. WC","CC"
"LOC111125213",432.704003464159,9.14348499650621,4.23913597515688,2.59288751380618e-05,0.00543272665291922,0,153.401722622124,281.213376779312,8.74706895641923,2820.98840798942,0,229.135139760138,8.25452798198618,0,0,0,309.79346930619,1496.79840053114,0,1.00184693318418,0,48.0841913947264,0,0,1.85189556470052,2.863628263136,0,0,0,101.614143560507,6.27005044714986,0,488.735725952017,2004.17608156331,2.2697708689039,0,5294.74536571131,483.530944331793,493.014805107657,0,2.1056993584784,35.5790981964243,1.68583209478613,0,188.192975540532,765.903867587023,0,1.48478462069184,0,52.4945497924734,104.672748846044,0,0,2144.03973120463,47.5085482065513,0,0,1.91161335429392,234.096588491518,3381.48193838098,0,387.194518008223,0,13.087485468621,0,5.42857549805577,2.03429142888579,3.89185834151091,153.674226156801,7.00242041461648,0,490.892986483257,2.83977741817713,3445.57622030615,8.1378855265401,1407.41767818831,0,6.89977436574005,230.49537602545,68.7286952542908,0,7.0872955487631,6.80124708869093,0,5.42017650873124,2.00246849781681,3.68250542623227,2226.99649807467,6.53510643282319,4.95524430708064,48.4609005439321,0,0,6655.05290996696,11.054245046746,6.50610827890885,3393.26330479709,"CC vs. WC","WC"
"LOC111127247",12.3272604141733,18.9320980185459,2.22903157815012,1.06666948068426e-17,1.84754265184386e-14,0.944335098603166,1.0026256380531,0.950045191822,6.99765516513539,2.3122855803192,6.97465328221997,0,0,0,0,2.01750794080012,0,224.310124449344,0,4.00738773273672,0,4.5078929432556,0,0,4.6297389117513,6.44316359205601,8.47640610864181,5.67834812555389,1.18931637470861,0,2.09001681571662,0,0,0,2.2697708689039,0,2.22842818422193,0,0,0,2.1056993584784,0,0,0,0,6.82102681057145,0,0,314.455418367913,0,0,5.14237419833273,0,0,0,2.30829413732932,0.924334085403459,5.73484006288177,3.95099727411845,1.63752151979709,3.51576346273911,126.582823194996,11.6347780201476,0,0,0,0,1.94592917075545,161.357937464641,0,1.07022724645722,0,0,0.958435666288219,0,1.16075684799036,2.69760463530444,0.689977436574005,0,0,12.1594615799316,0,3.40062354434547,0,0,0,0,171.722814352024,0.816888304102899,0,1.00960209466525,0,0,0,1.1054245046746,2.16870275963628,0,"CC vs. WC","WC"
"LOC111123050",325.425700121221,3.94821452852017,2.98166999046736,5.73153970522393e-05,0.0111127711254793,1.88867019720633,4.01050255221238,6.650316342754,26.2412068692577,8.09299953111719,77.883628318123,15.7121238692666,25.7953999437068,83.8467156236534,41.9142130130437,42.3676667568026,78.5093038652672,42.9753042169304,0,30.0554079955254,6.43657814228961,6.7618394148834,44.9313791401218,126.029550448034,67.594188111569,16.465862513032,37.0842767253079,17.0350443766617,17.8397456206291,96.0309488593803,21.9451765650245,11.1579583216224,14.1820634762862,7.30308827222446,3017.66037020774,10.2131672900175,5.57107046055483,3730.09585627383,19.0620838530201,24.1215276308413,63.1709807543521,24.7975532884169,10.1149925687168,1.02438336855505,5.3463913505833,28.258539643796,9.29722466789526,18.559807758648,4.65170737230641,42.3994440631516,2866.87028783887,5.14237419833273,36.1236909575086,3.148369649346,23.7542741032757,9.23317654931729,14.7893453664553,9.55806677146961,22.7182343261811,0,3.51576346273911,3.19116360995788,7.75651868009841,32.7187136715526,10.0201848526758,1243.14378905477,11.1886028588719,4.86482292688863,9.60463913480007,4.66828027641099,0,620.742099036892,1.41988870908856,2.87530699886466,4539.58380955495,95.1820615352093,27.8752478981459,1.37995487314801,17.5230402826366,45.4496210552568,8.10630771995439,11322.8405510926,6.80124708869093,36.6108987955535,6.77522063591404,24.0296219738018,22.0950325573936,707.411593714312,19.6053192984696,4.95524430708064,8.07681675732202,19.5019189560376,26.5471318160901,10.3751041381782,32.0573106355635,6.50610827890885,11.741395518329,"CC vs. WC","WC"
"LOC144617655",14.71637171579,5.74842871133149,1.66412800883135,3.29236544081585e-06,0.000792027282572561,0.944335098603166,1.0026256380531,15.200723069152,0.874706895641923,2.3122855803192,8.13709549592329,7.85606193463331,31.9862959301965,5.51623129102983,14.9693617903727,2.01750794080012,1.06093653871983,4.1927126065298,1.32575468271965,4.00738773273672,2.14552604742987,15.026309810852,5.28604460472022,13.6988641791341,11.1113733882031,2.863628263136,2.11910152716045,2.83917406277694,1.78397456206291,2.2332778804507,5.22504203929155,1.01435984742021,15.2729914360005,31.2989497381048,0,0,4.45685636844386,5.0054963181345,0.866458356955461,2.26139321539137,15.792745188588,2.15630898160147,0.842916047393067,2.0487667371101,1.06927827011666,1.94886480302041,0,0.742392310345921,0.930341474461282,0,1.16303054273382,5.14237419833273,1.36315814933995,17.840761346294,5.39869865983538,2.30829413732932,7.39467268322767,10.5138734486166,18.7672370520627,3.27504303959417,13.1841129852717,34.0390785062174,0,7.63436652336227,0,0,5.08572857221448,15.5674333660436,6.72324739436005,3.50121020730824,0,1.05568384189948,4.25966612726569,2.87530699886466,0.678157127211675,2.32151369598072,206.81635537334,16.5594584777761,31.0023020385108,7.75969139967799,126.661058124287,0,3.40062354434547,24.7370937807794,9.48530889027966,6.00740549345044,221.870951930494,6.48010620196316,21.2390959066754,178.388795054903,36.3456754079491,8.35796526687325,4.24754109057442,3.4583680460594,8.84339603739682,2.16870275963628,8.53919674060293,"CC vs. WC","WC"
"LOC111099940",24.3389141905906,-5.26611010244445,2.69149719257127,2.24968430071023e-05,0.0047909055587502,2.8330052958095,4.01050255221238,1.900090383644,5.24824137385154,0,2.32488442740666,4.58270279520276,0,0,1.99591490538303,3.02626191120019,294.940357764112,1.04817815163245,6.62877341359823,2.00369386636836,2.14552604742987,0,1.76201486824007,0,4.6297389117513,0.715907065784001,2.11910152716045,0.946391354258981,0.594658187354303,4.46655576090141,333.357682106801,0,4.3637118388573,0,9.07908347561561,3.71387901455181,3.3426422763329,7.00769484538831,2.59937507086638,214.078557723717,2.1056993584784,2.15630898160147,0,1.02438336855505,2.13855654023332,0.974432401510207,280.466277481507,446.177778517898,2.79102442338385,1.00951057293218,4.65212217093528,4.11389935866618,0,0,3.23921919590123,3.46244120599398,1.84866817080692,1.91161335429392,2.96324795558884,3.27504303959417,0,1.06372120331929,0.969564835012302,5.45311894525876,6.26261553292235,1.80952516601859,2.03429142888579,0.972964585377727,0,0,1.07022724645722,1.05568384189948,1.41988870908856,2.87530699886466,1.35631425442335,2.90189211997589,4.4960077255074,1.37995487314801,2.69585235117486,2.21705468562228,3.0398653949829,4.42955971797694,0,1.97896750246235,481.040665149897,0,0.920626356558067,3.24005310098158,1.6337766082058,0,0,6.50063965201253,1.06188527264361,2.30557869737293,0,1.08435137981814,2.13479918515073,"CC vs. WC","CC"
"LOC111122756",12.0482904661936,18.9580364534084,2.7288262629863,1.95698895341699e-12,1.30370589740325e-09,0,15.0393845707964,96.904609565844,5.24824137385154,69.3685674095759,0,1.30934365577222,7.22271198423791,0,0,0,11.6703019259181,85.9506084338609,0,0,0,12.7723633392242,0,0,0,0,0,3.78556541703592,0,3.34991682067606,0,0,25.0913430734295,18.7793698428629,0,0,96.936626013654,2.0021985272538,32.058959207352,0,0,0,0,0,41.7018525345497,26.3096748407756,0,0,1.86068294892256,28.2662960421011,8.14121379913674,0,0,13.642935147166,0,0,0,0,13.8284904594146,21.2877797573621,0,0,0,11.9968616795693,0,1.80952516601859,0,0,19.2092782696001,0,0,31.6705152569843,0,9.58435666288218,0,1.16075684799036,0,0,0,8.86821874248914,1.0132884649943,0,3.40062354434547,0,0,0,0,31.3205133094886,0,0,0,0,0,216.724397553055,0,0,129.155350701619,"CC vs. WC","WC"
"LOC111123157",62.1960151526748,23.1411132873738,3.30192629407977,9.14491267809884e-13,6.5998326747135e-10,0,2.00525127610619,129.206146087792,0.874706895641923,152.610848301067,5.81221106851664,860.893453670233,114.531575750058,1.10324625820597,0.997957452691516,0,733.107148255401,0,0,0,0,0.7513154905426,0,0,2.77784334705078,0,0,0,0,6.69983364135212,0,0,661.10234358688,8.34638659682796,0,0,4.45685636844386,0,17.3291671391092,0,0,3.23446347240221,0,0,2.13855654023332,485.267335952083,0,0,0,2.01902114586436,0,0,0,183.65489621185,0,26.5453825792872,0,0,15.8039890964738,6.55008607918834,0,474.419656680405,0,0,0,0,0,0,98.9277830884408,0,0,1.05568384189948,0,540.557715786555,0,199.069799430346,0,0,0,257.178343532185,0,0,0,0,0,0,0,2.16003540065439,0,2.47762215354032,0,0,0,705.507081396117,0,3.25305413945443,9.6065963331783,"CC vs. WC","WC"
"LOC144623312",38.3018156319993,24.9585612022443,3.08575006815906,1.9793146451857e-16,2.57122868982849e-13,0,0,0,0,0,0,0.654671827886109,0,0,0,0,1.06093653871983,0,0,0,0,0,0,0,0,194.726721893248,2.11910152716045,49.212350421467,3.56794912412582,0,4.18003363143324,0,6.54556775828594,0,0,0,0,253.278113697606,0.866458356955461,0,0,0,0,0,0,0.974432401510207,0,1.48478462069184,63.2632202633672,0,0,431.959432659949,228.328990014441,0,18.3555754434403,8.07902948065263,0,502.754312179302,0,0,0,0,669.9693009935,1.09062378905175,0,0,1.0171457144429,252.970792198209,0,0,6.42136347874334,0,0,0,0,0,0,15.1795036046281,5.39170470234971,0,494.484770917218,1.77182388719077,10.2018706330364,0,0,234.288814244567,0,0,0,0,0,58.5057568681128,1.06188527264361,0,0,0,0,"CC vs. WC","WC"
"LOC111116003",209.221893184437,-4.7721339303903,3.81577581363034,8.19343939653585e-05,0.0155382298511969,8.4990158874285,0,6.650316342754,2.62412068692577,9.24914232127678,2210.96509046373,1.30934365577222,2.06363199549655,31.994141487973,20.9571065065218,3.02626191120019,6.36561923231896,0,0,995.835851585075,7.50934116600455,2.2539464716278,11.4530966435605,0,2734.32380128032,17.181769578816,2.11910152716045,2.83917406277694,1.78397456206291,2107.09768020524,5.22504203929155,3151.61604593461,776.740707316599,3.12989497381048,0,0,4.45685636844386,20.021985272538,11.263958640421,0,1441.35121087847,1068.45110038353,0,0,0,14.6164860226531,1137.36048437252,0,10.2337562190741,2.01902114586436,30.2387941110793,12.3416980759985,16.3578977920794,0,0,0,0,11.4696801257635,0.987749318529613,6.55008607918834,0,0,2.9086945050369,0,25.0504621316894,16.2857264941673,33.5658085766156,0,12.4860308752401,8.16949048371923,4.28090898582889,6.33410305139686,1.41988870908856,0.958435666288219,1.35631425442335,17.9917311438505,688.788383547734,17.9394133509241,9.43548322911199,17.7364374849783,1.0132884649943,6.20138360516771,20.4037412660728,2354.9713279302,0,0,0,9.72015930294474,0,6.19405538385081,0,11.1439536891643,28.6709023613773,0,18.7922165794682,3.25305413945443,12.8087951109044,"CC vs. WC","CC"
"LOC111111167",158.219289185114,23.5615516714291,2.59503150047027,4.08180720505673e-20,1.32561791243224e-16,0,196.514625058407,168.157998952494,17.4941379128385,181.514418055057,30.2234975562865,432.083406404832,0,0,0,0,244.01540390556,525.137253967857,0,1570.89599123279,2.14552604742987,93.914436317825,3.52402973648014,0,0,0,3.17865229074068,0,0,16.7495841033803,2.09001681571662,0,196.367032748578,155.451450365921,0,0,1776.05726282488,104.114323417198,285.064799438347,0,0,4.31261796320295,0,0,415.94924707538,357.616691354246,0,0,0,178.683371408996,3325.10432167599,2.05694967933309,0,194.14946170967,0,0,0,0,19.7549863705923,275.10361532591,4.39470432842389,148.920968464701,0,15.2687330467245,0,7.23810066407436,0,1.94592917075545,46.1022678470404,0,0,119.292274134641,2.83977741817713,204.146796919391,433.342404288261,171.792013502573,0,0,52.5691208479097,178.472902192594,0,1.77182388719077,0,0,0,4.00493699563363,3.68250542623227,437.407168632513,0,0,4.03840837866101,3.71465122972145,2.12377054528721,624.811826988064,0,6.50610827890885,1304.3623021271,"CC vs. WC","WC"
"LOC111113358",4230.87506001615,4.26338668904341,3.7327747042523,9.86698771740352e-05,0.0181811494954511,15.1093615776507,5005.10718516105,5625.21758077806,488.086447768193,3192.11024363065,47.6601307618364,9023.99647558213,707.825774455315,13.2389550984716,0.997957452691516,12.1050476448007,13865.3796245294,28869.9708304126,13.2575468271965,7622.05146766524,12.8731562845792,2986.47907490683,0.881007434120036,7.30606089553821,74.0758225880209,15.034048381464,19.0719137444441,47.319567712949,11.8931637470861,979.292350577634,238.261916991695,0,13901.6949906396,8114.77436876598,29.5070212957507,0,29228.0640642549,19939.8951329206,16481.7708660068,94.2247173079739,17.8984445470664,411.855015485881,11.8008246635029,5.12191684277524,5014.91508684713,17307.8683156243,10.0719933902199,17.8174154483021,13.0247806424579,2324.90284946281,20229.7532603121,38.0535690676622,54.5263259735979,10193.3714680326,0,150.039118926406,9.24334085403459,35.3648470544376,1871.78495861362,12255.2110541614,16.6998764480108,23026.3728882527,17.4521670302214,103.609259959916,100.201848526758,76.0000569727808,2.03429142888579,31.1348667320873,1150.63576834905,46.6828027641099,38.52818087246,6585.35580576894,4.25966612726569,19192.6742174216,67.1375555939559,4547.26495200223,3.59680618040592,39.3287138847183,12930.6558024102,2742.49664611477,53.7042886446978,306.525532484004,53.276435528079,15.8317400196988,61.6545077868178,303.373977419247,16.5712744180452,34057.2781621177,1.6337766082058,33.4478990727943,218.074052447695,24.1452329931894,59.4655752680419,28372.4514498713,22.1084900934921,39.0366496734531,18222.6458444466,"CC vs. WC","WC"
"LOC111111959",23.8222861379693,17.150375430699,2.99959594261369,6.14046861812531e-09,1.99419393959392e-06,0.944335098603166,64.1680408353981,0,0,0,0,249.429966424608,36.1135599211896,0,0,0,51.9858903972715,3.14453445489735,0,8.01477546547344,0,67.618394148834,0,0,2.77784334705078,0,0,2.83917406277694,0,20.0995009240563,0,0,52.3645420662876,5.21649162301747,0,0,94.7081978294321,3.0032977908807,96.1768776220562,0,0,0,0,0,4.27711308046664,1.94886480302041,0,10.3934923448429,0,19.1807008857114,9.30424434187056,0,0,0,0,0,0,0,33.5834768300069,0,0,647.806212821449,0,1.09062378905175,0,0,0,0,251.641545331762,0,0,0,2.12983306363284,3.83374266515287,0,1.74113527198554,6.29441081571036,0,0,19.9534921706006,0,0,2.26708236289698,1.97896750246235,0,0,0,366.126000410919,0,0,22.2112460826356,0,0,8.06952544080526,0,0,19.2131926663566,"CC vs. WC","WC"
"LOC111113712",30.1280486705011,17.5264425550187,3.40094721079992,1.06244233131886e-07,2.93652278829738e-05,0,185.485743039823,0,0,0,2.32488442740666,51.0644025751165,0,0,0,0,40.3155884713534,48.2161949750927,0,8.01477546547344,0,0,0,0,5.55568669410156,0,0,1.89278270851796,0,29.0326124458592,0,0,1.09092795971432,0,0,0,0,5.0054963181345,1196.57899095549,0,0,2.15630898160147,0,0,4.27711308046664,0,0,0,0,2.01902114586436,0,0,0,0,0,0,0,0,0,0,0,1055.21143369274,0,0,0,5.42857549805577,0,0,0,0,0,0,0,0,5.4252570176934,0,0.89920154510148,4.13986461944403,2.69585235117486,101.984515538625,0,0,0,0,0,0,0,2.16003540065439,0,6.19405538385081,0,0,0,4.61115739474586,0,0,0,"CC vs. WC","WC"
"LOC144623813",60.5105306495488,22.4563641592327,3.70166873671588,5.14708199534353e-10,2.02615662607607e-07,1.88867019720633,0,0,0,0,0,0,0,0,0,0,0,0,0,0,224.207471956421,0,0,0,0,293.52189697144,247.934878677773,410.733847748398,0,0,0,0,0,156.494748690524,0,0,0,21.0230845361649,0,0,0,657.674239388449,0,0,191.400810350882,326.434854505919,0,0,201.884099958098,0,0,8.22779871733236,0,0,171.678617382765,226.212825458274,131.255440127291,3.82322670858784,0,0,0,0,177.430364807251,0,0,0,158.674731453092,14.5944687806659,0,1.16707006910275,306.084992486766,0,0,0,0,0,5.39520927060888,0,0,252.74423416094,0,0,167.764094854376,0,0,287.354229436713,1.84125271311613,0,213.207847370857,0,0,0,211.315169256077,0,247.615089047111,120.363003159814,127.020551516469,"CC vs. WC","WC"
"LOC111113755",32.6569394138918,18.4370136858914,2.31868872227036,1.01025434305723e-15,1.09364242029041e-12,0,0,19.950949028262,0,0,0,927.01530828673,33.0181119279447,0,0,0,143.226432727177,77.5651832208013,0,2.00369386636836,0,175.807824786968,0,0,0,0,8.47640610864181,3.78556541703592,0,1.11663894022535,0,0,216.003736023436,6.25978994762097,0,0,209.472249316862,170.186874816573,116.105419832032,0,0,0,0,0,10.6927827011666,32.1562692498368,0,8.16631541380513,0,26.2472748962367,277.964299713383,1.02847483966655,0,3.148369649346,0,0,3.69733634161384,1.91161335429392,9.87749318529613,1.63752151979709,0,96.7986295020557,3.87825934004921,8.72499031241402,0,14.4762013281487,1.0171457144429,0,46.1022678470404,0,0,0,2.12983306363284,11.5012279954586,0.678157127211675,37.1442191356914,13.4880231765222,0,4.04377852676228,49.8837304265014,0,0,1.13354118144849,5.93690250738706,0,2.00246849781681,0,95.041557628793,1.6337766082058,1.23881107677016,10.0960209466525,3.71465122972145,0,6.91673609211879,0,0,100.335561702084,"CC vs. WC","WC"
"LOC144623827",13.6399286043601,45.2904960681953,2.95623862304961,1.48263630800972e-54,1.92601869592003e-50,0,0,0,0,0,0,0,0,0,0,0,0,1.04817815163245,0,0,0,0,78.4096616366832,0,0,15.749955447248,0,0,0,0,0,0,28.3641269525724,0,0,0,2.22842818422193,94.1033307809287,0,0,2.1056993584784,44.2043341228302,0,0,0,2.92329720453062,0,0,219.560587972863,0,0,56.56611618166,0.681579074669974,0,0,21.9287943046286,0,31.5416203458497,0.987749318529613,1.63752151979709,0,0,90.169529656144,0,71.3938170753148,0.904762583009296,0,10.702610439155,4.80231956740004,0,131.637951314238,0,0,29.7115056549348,0.678157127211675,0,0.89920154510148,0.689977436574005,0,0,27.3587885548461,40.7519494053878,0,0,0,0,0.920626356558067,0,0,0,0,80.7936642464414,159.282790896541,0,0,0,2.13479918515073,"CC vs. WC","WC"
"LOC111111604",20.3357987632644,19.9716093478969,2.67097258157762,3.72653304440905e-14,3.22730183422638e-11,0,11.0288820185841,10.450497110042,0.874706895641923,0,12.7868643507366,24.8775294596721,0,0,0,0,83.8139865588663,2.0963563032649,0,210.387855968678,10.7276302371494,8.2644703959686,0,0,0,0,0,0,0,0,0,0,70.9103173814311,10.4329832460349,1.13488543445195,0,570.477615160814,3.0032977908807,5.19875014173276,0,0,0,0,0,35.2861829138498,4.87216200755104,0,0,0,10.0951057293218,94.2054739614394,0,0,9.445108948038,0,0,0.924334085403459,0,5.92649591117768,311.129088761446,0,12.7646544398315,0,2.18124757810351,0,0,0,0,0,0,7.49159072520056,5.27841920949739,0,28.7530699886466,12.8849854170218,2.90189211997589,0,0,5.39170470234971,5.54263671405571,0,0,0,1.97896750246235,0,0,0,245.164017974273,0,0,0,0,0,2.30557869737293,0,1.08435137981814,28.8197889995349,"CC vs. WC","WC"
"LOC111114652",14.974522651544,18.0365539825945,3.04722541031533,1.77567661669424e-09,6.31970605182646e-07,0,62.1627895592919,28.50135575466,0.874706895641923,17.342141852394,0,96.8914305271441,0,0,0.997957452691516,0,138.982686572297,143.600406773646,0,0,0,33.0578815838744,0,0,0.925947782350261,0,1.05955076358023,0,0,0,0,0,25.0913430734295,2.08659664920699,0,0,130.363048776983,25.0274815906725,77.114793769036,0,0,0,0,0,17.1084523218665,56.517079287592,0,0,0,7.06657401052527,1.16303054273382,0,0,124.885329424058,0,0,0,0,0.987749318529613,36.0254734355359,0,3.19116360995788,0,0,0,0,0,0,9.60463913480007,0,0,41.1716698340796,0,56.5477043110049,0.678157127211675,19.7328664158361,0,0,29.6543758629234,21.0620195134117,0,0,0,0,0,0,0,95.041557628793,0,0,0,0,0,50.7227313422045,0,0,22.4153914440827,"CC vs. WC","WC"
"LOC144623985",108.670580257741,-2.34134433374672,1.95636492329183,4.6736300792235e-05,0.00912974308934629,96.3221800575229,49.1286562646017,1196.1068965039,41.9859309908123,3.46842837047879,38.3605930522098,18.3308111808111,24.7635839459586,24.2714176805313,35.9264682968946,20.1750794080012,46.6812077036724,31.4453445489735,41.098395164309,29.0535610623412,30.0373646640182,68.3697096393766,56.3844757836823,74.8871241792666,48.1492846822136,1145.4513052544,54.0370889425915,1.89278270851796,35.6794912412582,53.5986691308169,32.3952606436076,2105.81104324437,44.7280463482873,31.2989497381048,73.7675532393768,48.2804271891735,94.7081978294321,38.0417720178222,14.7297920682428,36.9360891847258,38.9554381318505,21.5630898160147,10.9579086161099,10.2438336855505,16.0391740517499,32.1562692498368,22.4682929474135,26.7261231724531,19.5371709636869,41.3899334902194,24.4236413974102,21.5979716329974,42.2579026295384,15.74184824673,1541.86833724898,830.985889438556,33.2760270745245,17.2045201886453,28.6447302373588,14.7376936781738,24.6103442391738,36.166520912856,34.9043340604429,57.8030608197429,42.585785623872,23.5238271582417,36.6172457199443,27.2430083905763,46.1022678470404,84.0290449753978,87.7586342094923,49.6171405692754,43.3066056272012,28.7530699886466,25.091813706832,19.7328664158361,23.3792401726385,20.6993230972201,4.04377852676228,56.5348944833682,21.2790577648803,19.4900627590985,35.1397766249031,67.28489508372,63.0095519140006,68.0839289257717,39.5869333319969,18.3603009055623,8.98577134513189,18.5821661515524,63.6049319639109,31.5745354526323,37.1659845425262,17.291840230297,50.8495272150317,36.8679469138168,30.9545881846856,"CC vs. WC","CC"
"LOC111114880",77.5195035153091,21.8300052209398,2.93167767468821,4.0881736076494e-14,3.42628511291417e-11,0,78.2047997681415,112.105332634996,14.8700172259127,84.3984236816507,0,218.66039051396,41.2726399099309,0,0,4.03501588160025,414.826186639452,298.730773215248,0,986.819229186417,0,202.855182446502,0,0,0,0,0,0,0,53.5986691308169,0,0,366.551794464013,86.5937609420901,1.13488543445195,0,405.573929528392,204.224249779888,204.484172241489,0,1.0528496792392,0,0,1.02438336855505,160.391740517499,81.8523217268574,0,0.742392310345921,0,105.998610157879,383.80007910216,6.17084903799927,0,178.40761346294,0,2.30829413732932,0,0,71.1179509341322,129.36420006397,0,123.391659585038,0,0,0,3.61905033203718,0,0,115.255669617601,0,0,138.294583288831,0,225.232381577731,2.7126285088467,161.34520187066,0,0,156.359436368142,128.589171766092,0,4.42955971797694,0,0,0,0,0,721.451823818565,0,0,2.01920418933051,0,0,182.140717092462,0,0,265.782498551266,"CC vs. WC","WC"
"LOC111111464",281.035769063787,21.0245923226241,3.20078233481095,2.28092835390855e-11,1.20940407271221e-08,0,25.0656409513274,862.641034174376,12.2458965389869,157.235419461705,0,434.702093716376,76.3543838333722,0,0,0,1281.61133877355,1481.07572825665,0,2.00369386636836,0,21.0368337351928,0,9.13257611942276,0.925947782350261,0,0,0,0,2.2332778804507,1.04500840785831,0,124.365787407433,254.564791203253,2.2697708689039,0,3684.70600261096,568.62438174008,257.338132015772,0,0,0,0,0,94.096487770266,60.4148088936328,0,0,0,403.804229172873,2.32606108546764,5.14237419833273,0,100.747828779072,0,0,0,0,172.856130742682,1205.21583857066,0,5287.75810170021,0,0,0,0,0,0,457.180822816483,0,0,130.904796395535,0,174.435291264456,5.4252570176934,171.792013502573,0,2.75990974629602,504.124389669698,88.6821874248914,0,0,4.53416472579395,0,0,0,0,3406.37582683197,0,0,3.02880628399576,0,0,3574.79977027673,0,0,739.707917654729,"CC vs. WC","WC"
"LOC111099641",32.4663391910607,23.5448995720584,4.36721217853192,2.2258580447728e-08,6.64712848979794e-06,0,0,148.207049924232,0,0,0,47.1363716077999,24.7635839459586,0,0,0,256.746642370198,156.178544593235,0,0,0,0,0,0,0,0,0,0,0,0,0,0,2.18185591942865,2.08659664920699,0,0,700.840663937797,282.309992342786,8.66458356955461,0,0,0,0,0,6.41566962069995,11.6931888181225,0,0,0,0,0,0,0,0,0,0,0,0,1.97549863705923,22.9253012771592,0,142.538641244785,0,0,0,0,0,0,9.60463913480007,0,0,0,0,581.770449436949,0,0,0,1.37995487314801,0,0,0,3.54364777438155,0,0,0,0,0,523.808584658689,0,0,0,0,0,26.5141550197887,0,0,25.6175902218088,"CC vs. WC","WC"
"LOC111099907",8.37520574382336,18.6992924935762,4.34749581043325,1.31350168037843e-06,0.000334569481940314,0,0,8.550406726398,0,4.62457116063839,0,0,0,0,0,0,24.401540390556,18.8672067293841,0,0,0,6.0105239243408,0,0,0,0,0,0,0,0,0,0,13.0911355165719,77.2040760206586,0,0,62.3959891582141,167.183577025692,25.9937507086638,0,0,0,0,0,0,0,0,0,0,2.01902114586436,0,0,0,0,0,0,0,0,18.7672370520627,0,0,36.166520912856,0,0,0,0,0,0,0,0,0,0,0,20.1271489920526,0,1.16075684799036,0,0,75.483865832896,0,0,0,0,0,0,2.00246849781681,0,117.721929335664,0,0,4.03840837866101,0,0,19.5974189276699,0,0,65.1113751470973,"CC vs. WC","WC"
"LOC144624634",428.866715054597,2.62417725635787,3.24322593360484,0.000198326556358937,0.0330302709023176,2748.95947203382,13.0341332946902,584.27779297053,98.8418792075373,8.09299953111719,5.81221106851664,8.51073376251942,1.03181599774827,23.1681714223253,708.549791410977,117.015460566407,10.6093653871983,2069.10367132246,1.32575468271965,6.01108159910508,0,15.7776253013946,2749.62420188863,13.6988641791341,1.85189556470052,57.2725652627201,0,6.62473947981287,0,0,55.3854456164904,1.01435984742021,105.820012092289,89.7236559159006,11.3488543445195,13.9270463045693,18.9416395658864,3581.93316525705,2.59937507086638,49.7506507386102,16.8455948678272,6.46892694480442,0.842916047393067,15.3657505283257,50.256078695483,4122.82349078969,21.6935242250889,1691.91207527835,10.2337562190741,4.03804229172873,5.8151527136691,4590.08320943179,12.9500024187295,18.890217896076,5.39869865983538,3.46244120599398,65.6277200636456,4.77903338573481,10.8652425038257,94.976248148231,9.66834952253255,29.7841936929402,2517.95987652695,1.09062378905175,2.50504621316894,19.9047768262045,22.3772057177437,48.6482292688863,11.5255669617601,708.411531945367,478.391579166379,97.1229134547519,19.1684975726956,1.91687133257644,6.78157127211675,8.70567635992768,30.5728525334503,3.44988718287002,0,39.9069843412011,2591.99189345542,3.54364777438155,3372.28501480925,4.94741875615588,8.13026476309685,4.00493699563363,11.9681426352549,5.40008850163597,8.98577134513189,1951.127445913,127.209863927822,29.7172098377716,2.12377054528721,17.291840230297,3262.10771329475,0,64.043975554522,"CC vs. WC","WC"
"LOC111110832",10.0927556041637,19.8538387890632,2.66125089601568,4.27430254031499e-14,3.47033294687261e-11,67.0477920008248,0,0,18.3688448084804,0,0,0,0,0,1.99591490538303,0,3.18280961615948,0,5.30301873087858,2.00369386636836,0,3.0052619621704,0,1.82651522388455,0,1.431814131568,0,26.4989579192515,0,0,0,0,501.826861468589,9.38968492143145,0,0,0,32.0351764360608,17.3291671391092,0,0,0,0,0,9.62350443104993,0,0,1.48478462069184,0,2.01902114586436,0,2.05694967933309,0,0,0,15.0039118926406,1.84866817080692,0,1.97549863705923,19.650258237565,0,28.7204724896209,0,0,0,0,3.05143714332869,0,2.88139174044002,0,0,22.169360679889,0,0,0.678157127211675,0,5.39520927060888,0,5.39170470234971,0,0,6.20138360516771,4.53416472579395,0,0,14.0172794847177,0,35.6405841107974,0,33.4478990727943,0,13.0012793040251,8.49508218114884,0,0,0,0,"CC vs. WC","WC"
"LOC111113307",99.8964696144811,24.2859015677362,2.07679957730902,4.88408612891627e-32,3.18355597060837e-28,495.775926766662,98.2573125292034,119.705694169572,0,172.26527573378,0,0.654671827886109,0,195.274587702456,529.915407379195,146.269325708009,67.8999384780689,20.963563032649,39.7726404815894,0,348.647982707354,0,123.341040776805,0,1.85189556470052,186.13583710384,3.17865229074068,88.0143959460852,0,0,0,0,66.5466055425738,0,24.9674795579429,0,42.3401355002167,0,202.751255527578,0,0,286.789094552996,0,0,270.527402339515,422.90366225543,0,0,40.9350248762964,0,0,0,259.00004837459,251.86957194768,562.544400354846,0,0,133.812934800575,0,112.988984865999,0,19.1469816597473,6.78695384508611,679.458620579242,190.38351220084,0,211.566308604122,230.592606734521,0,82.861974906295,0,129.849112553636,28.3977741817713,231.941431241749,0,136.969308062862,0,91.7669990643427,79.5276443596582,126.37211708047,200.631116068871,22.1477985898847,6.80124708869093,0,43.3614120698499,85.1049111572146,299.203565881372,0,117.631915790818,267.583192582355,0,69.6497105572771,52.0323783595367,184.446295789834,91.750233887992,184.339734569084,4.26959837030146,"CC vs. WC","WC"
"LOC144617676",24.0303297167011,3.65123840802264,4.1457414078505,0.000201637286608356,0.0333677601488643,159.592631663935,12.0315076566371,21.851039411906,0,50.8702827670223,0,0,0,78.3304843326236,87.8202558368534,12.1050476448007,64.7171288619095,4.1927126065298,27.8408483371126,0,17.164208379439,0,77.5286542025632,0,0,66.5793571179121,0,52.9979158385029,0,0,0,0,3.27278387914297,0,45.395417378078,0,0,0,13.8633337112874,0,0,17.2504718528118,0,0,7.48494789081661,18.5142156286939,0,0,19.5371709636869,0,0,0,87.9237006324267,7.346195848474,85.299438825399,0,0,36.3206537315845,0,29.4753873563476,0,0,0,30.5374660934491,28.8080314514428,0,120.023194304262,97.2964585377727,0,56.0193633169319,0,31.6705152569843,17.748608863607,76.6748533030575,0,23.2151369598072,0,27.5990974629602,49.8732684967348,87.5736600820802,21.2790577648803,4.42955971797694,1.13354118144849,0,15.5830074626023,71.0876316724969,55.237581393484,0,22.8728725148812,56.9853095314274,0,42.7184891417966,59.4655752680419,14.9862615329241,82.9068378505952,9.75916241836328,0,"CC vs. WC","WC"
"LOC144624211",14681.3068775857,7.44783085765356,3.31869857100663,1.97352311172909e-05,0.00427284199715278,16.998031774857,923.418212646901,146.306959540588,146.950758467843,61625.8791438771,68.5840906084963,508.680010267507,0,116.944103369832,7.98365962153213,56.4902223424035,1272.06290992507,11903.1110899381,0,52.0960405255774,2.14552604742987,145.755205165264,1.76201486824007,50.2291686568252,488.900429080938,231.953889314016,182.242731335799,18.9278270851796,12.4878219344404,2210.9451016462,12.5401008942997,14.201037863883,4269.89203432186,55309.4173805297,64.6884697637612,10.2131672900175,238552.122906866,860.945366719135,22997.5377103118,29.3981118000879,4.21139871695681,249.05368737497,112.107834303278,14.3413671597707,868.253955334727,7730.17224118047,27.8916740036858,28.9533001034909,0,27.2567854691689,21041.5485791403,26.7403458313302,18.4026350160893,133670.330202283,25.9137535672098,54.2449122272391,4.6216704270173,38.2322670858784,5332.85857074138,95783.546257491,9.66834952253255,8.50976962655434,5.81738901007381,757.983533390968,53.8584935831322,320.285954385291,31.5315171477298,21.40522087831,22.0906700100402,114.372866772069,14.9831814504011,9124.27544553718,91.5828217362123,88320.8050841256,8.1378855265401,43344.9822176559,40.4640695295666,664.448271420767,917.937725575038,203.96903107725,0,187.813332042222,83.8820474271881,132.590822664978,375.347223229638,148.182668838444,3.68250542623227,120686.577923062,4.9013298246174,0,883.401832832096,21.3592445708983,13.8045085443669,182312.482705416,371.422633570667,6.50610827890885,234000.675682335,"CC vs. WC","WC"
"LOC111117698",299.330044076212,5.57384851718998,5.35710583957208,0.000165949614523351,0.0283653745719157,0,39.1023998840707,139.656643197834,0,8.09299953111719,81.3709549592329,1063.18704848704,29.9226639346999,0,21.9550639592134,0,3888.33241440817,28.3008100940761,0,1887.479622119,15.0186823320091,715.252346996555,0,0,1.85189556470052,0,2.11910152716045,0,0,8.93311152180282,0,0,10.9092795971432,33.3855463873118,3.40465630335585,0,927.026124636324,51.0560624449719,257.338132015772,1.50759547692758,0,0,0,0,4.27711308046664,30.2074044468164,0,0,0,314.967298754841,11641.9357327655,25.7118709916636,0,6.296739298692,0,0,0,0,29.6324795558884,6.55008607918834,0,113.818168755164,0,201.765400974574,0,9.95238841310225,10.171457144429,0,701.138656840405,0,2.14045449291445,0,0,2.87530699886466,2271.82637615911,4.06264896796625,0,1.37995487314801,35.0460805652731,150.759718622315,0,0,2.26708236289698,0,0,0,0,147.962424944826,0,0,78.7489633838897,50.1477916012395,0,732.021236415906,3.31627351402381,3.25305413945443,1740.92873549042,"CC vs. WC","WC"
"LOC111116829",61.9088900151691,22.018627181925,2.74577569209072,4.49152424720976e-16,5.30428597576167e-13,0,52.136533178761,199.50949028262,46.3594654690219,30.0597125441496,0,587.895301441726,0,2.20649251641193,0,0,214.309180821405,403.548588378493,1.32575468271965,0,0,72.1262870920896,0,0,0,15.034048381464,0,0,0,3.34991682067606,0,0,1310.2044796169,280.64724931834,0,0,47.9112059607715,90.0989337264211,114.372503118121,0,14.7398955093488,0,0,1.02438336855505,58.8103048564163,111.085293772164,0,5.93913848276736,0,17.1616797398471,4.65212217093528,0,0,50.373914389536,0,0,0,0,21.7304850076515,14.7376936781738,0,4.25488481327717,0,2.18124757810351,0,6.33333808106507,0,0,58.5882987222804,0,13.9129542039439,414.883749866494,0,227.149252910308,0,34.8227054397107,0,2.75990974629602,32.3502282140983,62.0775311974239,0,0,0,0,0,1.00123424890841,0,210.603451563803,0,0,1.00960209466525,0,0,252.460867362336,0,0,599.878571027356,"CC vs. WC","WC"
"LOC111116831",11.6212075974027,15.4761151394946,2.88628681508773,4.52572739556612e-08,1.29212003806817e-05,0,21.055138399115,33.25158171377,34.113568930035,8.09299953111719,0,26.8415449433305,56.749879876155,0,0,0,37.1327788551939,37.7344134587682,0,2.00369386636836,0,17.2802562824798,1.76201486824007,0,0,7.87497772362401,2.11910152716045,1.89278270851796,0,0,0,0,146.184346601719,0,0,0,76.8807723556566,1.0010992636269,19.9285422099756,0,0,0,0,0,18.1777305919832,2.92329720453062,0,0,0,0,61.6406187648924,1.02847483966655,0,5.24728274891,0,0,0,0,0,3.27504303959417,0,8.50976962655434,0,8.72499031241402,0,0,0,0,0,0,2.14045449291445,186.856040016207,0,1.91687133257644,0,11.0271900559084,0,0,115.921651100519,5.54263671405571,0,1.77182388719077,0,0,0,0,0.920626356558067,90.7214868274843,0.816888304102899,0,2.01920418933051,0,0,8.06952544080526,0,0,0,"CC vs. WC","WC"
"LOC111116698",19.6618771928286,5.09358032970094,2.38733487234186,1.66487737895382e-05,0.00363488900694111,11.332021183238,16.0420102088495,20.900994220084,16.6194310171965,13.8737134819152,27.8986131288799,1.30934365577222,0,20.9616789059134,35.9264682968946,12.1050476448007,66.8390019393491,44.0234823685629,15.9090561926357,5.0092346659209,19.3097344268688,141.247312222009,42.2883568377617,26.484470746326,2.77784334705078,4.29544239470401,40.2629290160486,27.4453492735104,15.4611128712119,13.3996672827042,0,0,41.4552624691443,56.3381095285887,10.2139689100676,0,93.5939837373211,20.021985272538,6.06520849868823,0,16.8455948678272,22.6412443068155,0,3.07315010566514,25.6626784827998,36.0539988558777,0.774768722324605,5.93913848276736,0,32.3043383338298,38.380007910216,39.0820439073287,0,31.48369649346,0,0,0,35.3648470544376,38.5222234226549,29.4753873563476,38.6733980901302,21.2744240663859,1.9391296700246,11.9968616795693,22.5454159185205,28.0476400732882,0,26.2700438051986,1.92092782696001,3.50121020730824,21.4045449291445,19.0023091541906,2.83977741817713,1.91687133257644,40.0112705054888,11.0271900559084,7.19361236081184,5.51981949259204,33.6981543896857,28.8217109130897,0,35.4364777438155,13.6024941773819,12.8632887660053,4.06513238154843,30.0370274672522,4.60313178279033,28.080460208507,0,0,15.1440314199788,9.28662807430361,21.2377054528721,13.8334721842376,6.63254702804762,39.0366496734531,22.4153914440827,"CC vs. WC","WC"
"LOC111116266",7.14069283414212,43.6142999969613,2.42899398465518,1.5503158662237e-73,4.02787565203578e-69,0,2.00525127610619,0,2.62412068692577,0,16.2741909918466,0,0,1.10324625820597,0,0,0,0,0,18.0332447973152,0,0,7.04805947296029,3.6530304477691,0.925947782350261,71.5907065784001,2.11910152716045,4.7319567712949,24.3809856815264,24.5660566849578,0,0,0,0,0,0,2.22842818422193,0,0,0,30.5326406979368,1.07815449080074,0,0,0,0,0,0.742392310345921,7.44273179569026,25.2377643233045,0,1.02847483966655,8.17894889603969,0,0,0,0,87.9342142975204,1.97549863705923,0,0,0,1.9391296700246,2.18124757810351,3.75756931975341,0,146.468982879777,106.053139806172,0,0,2.14045449291445,0,0,0,1.35631425442335,2.32151369598072,0,0,0,0,1.0132884649943,0,6.80124708869093,15.8317400196988,0,0,3.68250542623227,0,0.816888304102899,0,0,7.42930245944289,5.30942636321803,1.15278934868647,0,3.25305413945443,0,"CC vs. WC","WC"
"LOC111117191",37.7034247767228,3.51853197751646,4.65857870222408,0.000328861620352304,0.0493617956704998,0.944335098603166,8.02100510442476,0,0,85.5545664718103,2.32488442740666,180.03475266868,51.5907998874137,0,0,2.01750794080012,0,22.0117411842814,0,22.040632530052,0,0,0,1.82651522388455,0,0,5.29775381790113,0,0,1.11663894022535,0,0,9.81835163742892,0,0,0.928469753637951,92.4797696452102,44.0483675995836,18.1956254960647,0,0,0,0,0,36.3554611839664,0,0,0,0,5.04755286466091,433.810392439715,3.08542451899964,0,11.544022047602,0,0,0,0,175.819378698271,1282.17935000112,0,52.1223389626454,0,34.8999612496561,0,3.61905033203718,4.06858285777158,0,94.1254635210407,0,2.14045449291445,7.38978689329634,0,614.357262090748,0.678157127211675,12.7683253278939,0,1.37995487314801,26.9585235117486,15.519382799356,0,0.885911943595387,9.06832945158791,0,0,0,0,54.0008850163597,0,0,20.1920418933051,1.85732561486072,0,5.76394674343233,4.42169801869841,0,6.4043975554522,"CC vs. WC","WC"
"LOC111117428",57.0689245820342,21.5179701216331,2.71262032417934,9.41340891987615e-16,1.06334685716218e-12,0,2.00525127610619,15.200723069152,0,58.9632822981395,0,7.85606193463331,0,0,1.99591490538303,4.03501588160025,13.7921750033578,244.225509330361,5.30301873087858,0,0,9.7671013770538,0,0,0,0,0,0,0,4.46655576090141,4.18003363143324,0,10.9092795971432,188.836996753233,0,0,670.756883450801,0,25.9937507086638,0,0,0,0,0,42.7711308046664,3.89772960604083,0,1.48478462069184,0,0,31.4018246538131,0,0,38.829892341934,0,0,0,0,0,1259.25404872396,0,358.474045518602,1.9391296700246,6.54374273431051,0,0,4.06858285777158,1.94592917075545,0,0,2.14045449291445,2.11136768379895,0,204.146796919391,26.4481279612553,43.5283817996384,0,0,18.870966458224,11.0852734281114,2.0265769299886,0,0,0,1.35504412718281,2.00246849781681,0,191.163132957913,0,0,4.03840837866101,0,0,572.936306297173,0,0,1149.58936120367,"CC vs. WC","WC"
"LOC111112764",257.081219400562,23.4930974017352,3.03437628871948,3.62756603055187e-15,3.49065900147289e-12,5.666010591619,2.00525127610619,373.367760386046,3.49882758256769,321.407695664368,0,61.5391518212942,63.9725918603929,0,0,0,653.536907851414,1002.05831296062,0,0,0,14.2749943203094,0,0,0,0,0,0,0,0,0,0,12.0002075568576,185.707101779422,0,0,7301.44494560316,100.10992636269,99.642711049878,0,0,0,0,4.09753347422019,38.4940177241997,38.0028636588981,0,0,0,171.616797398471,157.009123269066,0,0,701.036975254376,0,0,0,0,55.3139618376583,4748.81240741155,0,1288.16637721966,0,28.3562185153456,0,18.0952516601859,0,3.89185834151091,187.290463128601,0,0,52.7841920949738,0,807.00283101468,4.06894276327005,91.6997909912382,0,5.51981949259204,320.806429789808,17.7364374849783,0,0,2.26708236289698,0,0,8.00987399126726,0,2808.0460208507,0,0,1.00960209466525,0,0,498.004998632553,2.21084900934921,0,1391.88906871828,"CC vs. WC","WC"
"LOC144625993",2.99378471332945,-15.8380314145963,2.83691196885506,1.41029906003603e-08,4.31070351515248e-06,0,0,0,0,0,0,0.654671827886109,0,0,0,5.04376985200031,0,0,0,0,0,0,0,0,0.925947782350261,9.30679185519201,0,0,0.594658187354303,0,4.18003363143324,1.01435984742021,2.18185591942865,0,0,0,0,4.0043970545076,0,0,0,4.31261796320295,0,1.02438336855505,0,0,0.774768722324605,0,0,0,0,8.22779871733236,0,0,4.3189589278683,9.23317654931729,0,0.955806677146961,0,0,0,0,0,1.09062378905175,2.50504621316894,0,5.08572857221448,6.81075209764409,1.92092782696001,0,1.07022724645722,0,0,0,0,1.16075684799036,0,5.51981949259204,0,0,0,0,0,0,0,0,190.56965580752,0,0.816888304102899,0,0,0,2.12377054528721,0,0,0,0,"CC vs. WC","CC"
"LOC111122693",31.2516324266427,22.2263367643504,3.56687165697739,1.86884776917278e-10,7.76347298787426e-08,0,0,19.950949028262,0,0,0,1.30934365577222,0,0,0,0,57.2905730908707,19.9153848810165,0,0,0,11.269732358139,0,0,0,0,0,0,0,3.34991682067606,0,0,2.18185591942865,5.21649162301747,5.67442717225976,0,1245.69135498006,110.120918998959,0,0,0,0,0,0,0,1.94886480302041,0,0,0,1.00951057293218,15.1193970555397,0,0,11.544022047602,0,0,0,0,26.6692316002996,117.90154942539,0,263.802858423185,0,0,0,0,0,0,0,0,0,6.33410305139686,0,183.06121226105,1.35631425442335,0,0,0,70.0921611305462,0,0,14.1745910975262,0,0,0,0,0,111.241823133701,0,0,0,0,0,201.738136020131,0,0,367.185459845926,"CC vs. WC","WC"
"LOC111101430",79.1393582719752,24.7524778349787,3.35007035387963,4.89627858812601e-14,3.74147688229711e-11,0,62.1627895592919,168.157998952494,0,30.0597125441496,0,181.344096324452,0,0,0,0,86.9967961750258,572.305270791318,0,0,0,8.2644703959686,0,0,0,0,0,2.83917406277694,0,16.7495841033803,0,0,135.275067004576,277.51735434453,2.2697708689039,0,986.079471518205,245.269319588591,176.757504818914,0,0,4.31261796320295,0,0,11.7620609712833,258.224586400205,0,0,0,4.03804229172873,223.301864204893,0,0,168.962504514902,0,0,0,0,23.7059836447107,183.402410217274,0,230.827501120287,0,0,0,0,0,0,9.60463913480007,9.33656055282198,0,65.4523981977676,0,1775.02285396578,0,187.462230950443,0,0,130.74883903198,78.7054413395911,0,0,0,0,1.35504412718281,0,0,315.365168495541,0,0,20.1920418933051,0,0,380.420485066534,0,0,246.56930588491,"CC vs. WC","WC"
"LOC144624833",19.157700804802,19.5036587278896,3.64338334867099,3.72782169712403e-08,1.07613928347755e-05,0,32.0840204176991,34.201626905592,10.4964827477031,4.62457116063839,0,6.54671827886109,0,0,0,0,41.3765250100733,81.7578958273311,0,0,0,9.0157858865112,0,0,0,0,0,0,0,2.2332778804507,0,0,28.3641269525724,0,0,0,89.1371273688773,102.112124889944,0,0,0,0,0,0,10.6927827011666,0,0,0,0,9.08559515638963,37.2169773674822,0,0,10.49456549782,0,0,0,0,0,112.988984865999,0,570.154564979141,0,0,0,0,0,0,1.92092782696001,0,0,66.508082039667,0,38.3374266515287,0,2.32151369598072,0,0,0,19.9534921706006,0,0,0,0,0,0,0,114.481876234683,0,0,0,0,0,313.558702842719,0,2.16870275963628,10.6739959257537,"CC vs. WC","WC"
"LOC111113609",3.16888356807538,-2.11397681414345,2.57623491414378,0.000151950139559717,0.0261444806351059,1.88867019720633,0,1.900090383644,0.874706895641923,2.3122855803192,1.16244221370333,5.23737462308887,21.6681359527137,11.0324625820597,0,11.0962936744007,0,0,7.95452809631787,0,10.7276302371494,2.2539464716278,4.40503717060018,5.47954567165366,2.77784334705078,9.30679185519201,3.17865229074068,2.83917406277694,1.18931637470861,0,0,6.08615908452129,1.09092795971432,2.08659664920699,7.94419804116366,7.42775802910361,2.22842818422193,5.0054963181345,8.66458356955461,1.50759547692758,0,6.46892694480442,6.74332837914453,1.02438336855505,0,2.92329720453062,17.0449118911413,0,0,2.01902114586436,15.1193970555397,2.05694967933309,1.36315814933995,1.049456549782,0,5.77073534332331,0,5.73484006288177,0,9.82512911878252,0.878940865684777,0,2.9086945050369,0,0,0.904762583009296,2.03429142888579,2.91889375613318,1.92092782696001,3.50121020730824,0,0,6.38949919089853,0.958435666288219,0,0,2.69760463530444,0.689977436574005,6.73963087793714,4.43410937124457,0,0.885911943595387,0,0.989483751231176,0.677522063591404,0,9.20626356558067,0,0,0,0,0,2.12377054528721,1.15278934868647,2.21084900934921,10.8435137981814,0,"CC vs. WC","CC"
"LOC111109459",54.2760285957094,5.51502905253809,1.62180391359973,3.40671678514375e-06,0.000804635534498362,2.8330052958095,6.01575382831857,0,40.2365171995285,11.561427901596,2.32488442740666,0,30.9544799324482,15.4454476148835,11.9754894322982,28.2451111712017,31.8280961615948,2.0963563032649,13.2575468271965,19.0350917304994,19.3097344268688,224.643331672237,9.6910817753204,33.7905316418642,5.55568669410156,5.01134946048801,1104.0518956506,133.441180950516,15.4611128712119,18.982861983831,4.18003363143324,3.04307954226064,5.45463979857162,10.4329832460349,3.40465630335585,0.928469753637951,2.22842818422193,201.220951989007,0,5.27658416924654,22.1098432640232,3.23446347240221,5.90041233175147,4.09753347422019,29.9397915632665,7.79545921208166,6.97291850092145,13.3630615862266,5.58204884676769,14.1331480210505,23.2606108546764,3.08542451899964,20.4473722400992,0,0,293.153355440824,2.77300225621038,147.194228280632,0.987749318529613,34.3879519157388,2.63682259705433,19.1469816597473,5.81738901007381,5.45311894525876,6.26261553292235,20.8095394092138,11.1886028588719,4.86482292688863,175.764896166841,5.83535034551373,25.6854539149734,8.44547073519582,16.3287201545185,4.79217833144109,6.78157127211675,15.0898390238746,16.1856278118266,33.1189169555522,10.7834094046994,375.790769212977,7.09301925496009,8.85911943595387,5.66770590724244,17.8107075221612,8.80778682668826,1408.73658821413,3.68250542623227,20.5203363062167,4.9013298246174,6.19405538385081,6.05761256799152,3.71465122972145,12.7426232717233,11.5278934868647,11.054245046746,22.771378976181,2.13479918515073,"CC vs. WC","WC"
"LOC144624866",4.59704835274521,17.6684978807865,3.02717084037242,2.97216659384214e-09,1.01605079308701e-06,0,0,0,0,0,0,0,0,0,0,5.04376985200031,10.6093653871983,0,0,0,1.07276302371494,8.2644703959686,0,0,0,0.715907065784001,0,0,0,3.34991682067606,0,0,0,3.12989497381048,0,0,0,0,0,0,7.36994775467441,2.15630898160147,0,0,0,0,0,0.742392310345921,0,0,0,4.11389935866618,14.3131605680695,0,0,0,0,0,4.93874659264807,0,0,0,0,0,5.01009242633788,0,0,16.5403979514214,26.8929895774402,1.16707006910275,2.14045449291445,0,0,0,0,0,0,0,0,1.10852734281114,0,279.948174176142,2.26708236289698,8.90535376108059,0,6.00740549345044,2.7618790696742,0,0,0,0,0,0,0,1.1054245046746,3.25305413945443,0,"CC vs. WC","WC"
"LOC144625712",12.4139967526921,-2.15001848705122,2.96929115271966,0.000242564798691029,0.0384272928950708,8.4990158874285,18.0472614849557,10.450497110042,88.3453964598343,0,62.7718795399797,3.27335913943055,0,6.6194775492358,0.997957452691516,118.024214536807,2.12187307743965,5.24089075816225,0,30.0554079955254,1.07276302371494,56.348661790695,2.64302230236011,2.73977283582683,0.925947782350261,0,3.17865229074068,5.67834812555389,4.75726549883443,44.6655576090141,36.5752942750408,0,27.2731989928581,0,1.13488543445195,44.5665481746217,45.6827777765496,28.0307793815532,0,0.753797738463791,29.4797910186976,2.15630898160147,28.6591456113643,23.5608174767661,23.5241219425665,15.5909184241633,0,0.742392310345921,0,1.00951057293218,25.586671940144,2.05694967933309,0.681579074669974,43.027718541062,10.7973973196708,2.30829413732932,22.184018049683,0,1.97549863705923,44.2130810345213,1.75788173136955,20.2107028630666,1.9391296700246,9.81561410146577,2.50504621316894,1.80952516601859,3.05143714332869,0,21.1302060965602,2.33414013820549,1.07022724645722,39.0603021502806,0,0,0.678157127211675,0,1.79840309020296,6.20979692916604,0,2.21705468562228,0,12.4027672103354,0,0,41.3288458790757,0,5.5237581393484,0,3.2675532164116,0,4.03840837866101,6.50063965201253,6.37131163586163,5.76394674343233,1.1054245046746,2.16870275963628,0,"CC vs. WC","CC"
"LOC111126222",106.813984180445,-1.66917321116569,1.39769674841872,3.29249700422302e-05,0.00673561926509593,74.6024727896501,1251.27679629026,38.00180767288,48.1088792603058,48.5579971867031,37.1981508385065,37.9709660173943,11.349975975231,67.2980217505639,48.8999151818843,45.3939286680028,42.4374615487931,72.324292462639,41.098395164309,45.0831119932881,36.4739428063078,32.3065660933318,44.0503717060018,57.5352295523634,47.2233368998633,45.8180522101761,59.3348427604927,41.6412195873952,59.4658187354303,26.7993345654085,32.3952606436076,28.402075727766,31.6369108317154,29.2123530888979,39.7209902058183,1157.80178278653,42.3401355002167,37.0406727541953,43.322917847773,44.4740665693637,56.8538826789169,35.5790981964243,42.1458023696533,35.8534178994267,60.9488613966496,61.3892412951431,61.2067290636438,57.9066002069818,61.4025373144446,60.5706343759309,66.2927409358277,39.0820439073287,40.2131654055285,50.373914389536,145.764863815555,53.0907651585744,36.0490293307349,50.6577538887889,39.5099727411845,32.7504303959417,48.3417476126627,1835.9827969291,56.2347604307135,55.6218132416394,50.1009242633788,1298.33430661834,52.8915771510306,75.8912376594627,52.8255152414004,24.5084714511577,44.9495443512034,51.7285082530744,39.0469394999355,60.3814469761578,34.5860134877954,71.386546151407,31.4720540785518,37.9487590115703,43.1336376187977,53.2093124549348,44.5846924597491,75.3025152056079,28.3385295362122,75.2007650935694,60.9769857232264,42.0518384541531,49.7138232541356,63.7210443193044,50.6470748543798,38.403143379875,43.4128900706059,75.2216874018593,42.4754109057442,55.3338887369503,33.1627351402381,33.6148927743624,61.9091763693712,"CC vs. WC","CC"
"LOC144625551",10.1146164622619,-19.10858579557,2.91592395176082,2.91820876830154e-11,1.45803811556235e-08,0,9.02363074247786,1.900090383644,0,0,0,13.0934365577222,0,0,0,0,3.18280961615948,88.0469647371258,0,0,0,1.5026309810852,0,0.913257611942276,0,236.965238774504,0,0,0,0,0,0,0,2.08659664920699,0,12.0701067972934,0,0,6.93166685564369,0.753797738463791,0,232.881370012959,3.37166418957227,0,0,99.3921049540411,2.32430616697382,0,0,0,2.32606108546764,0,0,0,0,0,0,0,0,0,0,0,3.87825934004921,8.72499031241402,0,0,0,0,0,0,0,0,0,0,0,0,49.4560849805814,0,2.69585235117486,2.21705468562228,0,0,0,0,6.09769857232264,0,1.84125271311613,0,0,0,2.01920418933051,27.8598842229108,20.1758201802285,9.22231478949172,79.5905643365714,0,0,"CC vs. WC","CC"
"LOC111119236",1407.35332937811,1.2827412907496,2.02842682316127,0.000236304904631131,0.0376652621301928,1484.49477500418,895.344694781414,4954.48567535173,69.1018447557119,1263.66406964444,3159.51793684564,1369.57346393774,98.0225197860859,139.009028533952,323.338214672051,344.993857876821,229.162292363483,7384.41507825061,445.453573393801,46.0849589264723,1578.03440788467,374.906429780757,478.38703672718,110.504171045015,137.040271787839,739.531998954873,298.793315329624,60.5690466725748,180.776088955708,2596.18553602394,141.076135060872,87.2349468781384,382.915713859728,60.5113028270027,499.349591158858,55.7081852182771,187.187967474642,128.140705744243,5021.99263691385,557.810326463206,93.7036214522889,2085.15078520863,81.7628565971275,53.2679351648625,383.870898971881,1785.1601595667,142.557444907727,499.630024862805,489.359615566634,136.283927345844,1065.33597714418,49.3667923039942,14229.3263418851,44.077175090844,9025.54441951278,18075.0972423573,58.2330473804179,190.205528752245,80.9954441194283,301.303959642664,10334.5866987216,132.965150414912,36.8434637304675,152.687330467245,3394.33761884392,35.2857407373625,57.9773057232451,96.323493952395,69.1534017705605,81.6949048371923,1360.25883024713,63.3410305139686,577.894704599045,100.635744960263,4182.87316064161,161.34520187066,13.4880231765222,151.105058609707,409.769557378578,3060.64399350156,39.5182501347777,269.317230852998,344.59651916034,137.538241421133,476.975532768349,15578.2036787659,139.014579840268,171.722814352024,44.1119684215566,141.224462751798,136.296282779809,58.5057568681128,494.83853705192,1616.21066685842,342.681596449127,43.3740551927257,215.614717700224,"CC vs. WC","WC"
"LOC111119246",28738.7712262495,5.8340271014347,3.49001927944194,4.00012913913405e-05,0.00805638412122805,107.654201240761,25110.7591050398,38914.8011022209,11671.2141085502,81392.4524272357,13715.6556794856,107152.102085603,3267.76126486878,77.2272380744176,141.709958282195,121.050476448007,90514.8617374208,127457.415060354,5.30301873087858,611.12662924235,90.1120939920545,69489.169720285,13.2151115118005,44.7496229851715,443.528987745775,123.851922380632,146.218005374071,40.6948282331362,46.3833386136357,1534.26190386963,131.671059390147,30.4307954226064,61897.0705782713,40645.8594282276,397.209902058183,64.0644130010187,181431.937474797,71937.9919849655,55728.0021443044,58.0424258617119,7.36994775467441,217.787207141749,177.012369952544,18.4389006339909,109707.950513969,37989.2216052769,54.2338105627224,82.4055464483972,7.44273179569026,22183.9948401847,8997.20427858883,59.6515407006596,92.6947541551165,125024.907145179,51.8275071344196,83.0985889438556,7.39467268322767,42.0554937944663,5260.75287048872,128733.754278848,27.2471668362281,24332.6225259288,5.81738901007381,4025.49240539002,113.979602699187,8065.05366494486,34.5829542910585,128.43132526986,41786.9034837747,299.937007759406,73.8456800055484,57959.1542879651,95.1325435089337,86365.5963248977,202.090823909079,53523.6590176834,33.2704571687548,1055.66547795823,28396.7607411003,19133.1819369203,57.757442504675,63.7856599388679,188.167836120449,152.380497689601,538.630040555166,96.1184878952071,46.9519441844614,302352.035224298,137.237235089287,9.91048861416129,498.743434764635,40.8611635269359,54.1561489048239,354964.590668839,496.335602598897,79.1576507267244,235176.950033353,"CC vs. WC","WC"
"LOC111102114",98.9082508033497,20.5422569796242,3.01113894686329,4.19673025063648e-12,2.43108723383017e-09,0.944335098603166,143.375466241593,204.25971624173,24.4917930779739,179.202132474738,0,330.609273082485,59.8453278693998,0,0,0,442.410536646168,584.883408610907,0,0,0,374.155114290215,0,0,0,0,0,0,0,6.69983364135212,0,0,109.092795971432,647.88825957877,2.2697708689039,0,1448.47831974426,194.213257143619,229.611464593197,0,0,0,0,0,303.675028713131,105.238699363102,0,0,0,420.96590891272,94.2054739614394,0,0,130.132612172968,0,0,7.39467268322767,0,87.9096893491356,137.551807662955,0,272.312628049739,0,2.18124757810351,0,0,0,0,195.934638349921,0,0,116.125222608942,0,82.4254673007868,0,112.593414255065,20.681635537334,0,150.967731665792,95.3333514817582,0,23.0337105334801,0,3.9579350049247,6.77522063591404,0,0,1318.7016120995,0,0,0,9.28662807430361,0,147.557036631868,0,0,272.186896106718,"CC vs. WC","WC"
"LOC111126481",24.8125955313082,-23.6609049765149,2.02262488867968,4.90136017952869e-32,3.18355597060837e-28,0,12.0315076566371,25.651220179194,5.24824137385154,10.4052851114364,0,3.92803096731665,19.6045039572172,5.51623129102983,3.99182981076607,2.01750794080012,2.12187307743965,0,2.65150936543929,6.01108159910508,0,20.2855182446502,0,0,7.40758225880209,0,5.29775381790113,318.933886385277,312.195548361009,0,4.18003363143324,2.02871969484043,4.3637118388573,26.0824581150874,0,7.42775802910361,0,6.00659558176141,19.9285422099756,376.898869231896,0,0,1.68583209478613,0,10.6927827011666,5.84659440906124,0,0,0,270.548833545825,2.32606108546764,295.172278984298,30.6710583601488,0,0,0,0,0,7.90199454823691,0,0,6.38232721991576,0,0,1.25252310658447,9.04762583009296,1.0171457144429,4.86482292688863,24.9720617504802,5.83535034551373,4.28090898582889,2.11136768379895,0.709944354544282,0,0,15.6702174478698,7.19361236081184,2.06993230972201,0,13.3023281137337,0,0.885911943595387,0,32.6529637906288,0,0,0,6.48010620196316,3.2675532164116,0,9.08641885198728,1.85732561486072,0,0,0,283.015710132535,11.741395518329,"CC vs. WC","CC"
"LOC111108502",7.1771335698452,18.318394602208,2.91070154718677,1.69281063911663e-10,7.20998577293265e-08,0,0,0,0,0,0,0,0,3.3097387746179,13.9714043376812,34.2976349936021,2.12187307743965,2.0963563032649,0,0,10.7276302371494,0,1.76201486824007,0,0,0,0,0,5.94658187354303,0,2.09001681571662,0,0,8.34638659682796,0,0,4.45685636844386,0,5.19875014173276,0,0,0,0,0,0,0,0,0,0,4.03804229172873,0,4.11389935866618,2.04473722400992,5.24728274891,0,388.947562139991,0,0,0,0,0,0,9.69564835012302,4.36249515620701,0,0,0,0,0,0,0,9.50115457709529,6.38949919089853,12.4596636617468,0,0,0,2.75990974629602,0,2.21705468562228,0,0,0,90.043021362037,11.5178750810539,0,0,0,0,0,6.05761256799152,0,3.18565581793082,2.30557869737293,0,1.08435137981814,0,"CC vs. WC","WC"
"LOC144624951",22.2509971621245,29.3348493060783,2.74498398999787,2.56077805853243e-27,1.33063149477462e-23,0,0,7.600361534576,0,11.561427901596,0,0,0,0,0,0,0,2.0963563032649,1.32575468271965,4.00738773273672,0,11.269732358139,0,0,0,0,3.17865229074068,0,2.37863274941721,12.2830283424789,0,0,0,9.38968492143145,0,0,477.997845515604,0,64.1179184147041,0,0,0,0,0,0,0,0,0,0,1.00951057293218,291.920666226189,0,1.36315814933995,31.48369649346,0,1.15414706866466,1.84866817080692,0,3.95099727411845,6.55008607918834,0,0,0,0,0,0,0,0,0,0,0,7.38978689329634,3.54972177272141,22.044020324629,6.78157127211675,76.0295735433684,2.69760463530444,0,4.04377852676228,11.0852734281114,4.0531538599772,0.885911943595387,0,5.93690250738706,0,0,1.84125271311613,52.9208673160325,1.6337766082058,0,0,1.85732561486072,0,175.223981000343,0,0,722.629524173523,"CC vs. WC","WC"
"LOC144624971",19.3796904718163,18.2555341129961,3.02144595397505,8.27781707105585e-10,3.1168980481609e-07,1.88867019720633,4.01050255221238,0,0,11.561427901596,2.32488442740666,10.4747492461777,0,0,0,0,36.0718423164741,7.33724706142715,0,0,6.43657814228961,0,0,0,3.70379112940104,0,4.2382030543209,0,0,0,0,0,74.183101260574,9.38968492143145,0,0,289.695663948851,5.0054963181345,3.46583342782184,0,0,0,0,0,34.2169046437331,0,0,0,0,0,0,4.11389935866618,0,11.544022047602,0,0,0,0,11.8529918223554,330.779346999011,1.75788173136955,1.06372120331929,0,4.36249515620701,0,0,0,0,4.80231956740004,0,0,7.38978689329634,0,9.58435666288218,9.49419978096345,13.9290821758843,0,0,95.7027584667074,0,0,0,0,0,0,0,0,698.771452111694,0,0,0,0,0,16.1390508816105,0,0,57.6395779990698,"CC vs. WC","WC"
"LOC144625005",918.395552453479,6.25713532723016,4.3350582193094,6.63527058044028e-05,0.0127697011074384,29.2743880566981,0,2077.74883451471,5638.36064930784,2.3122855803192,0,24.222857631786,14.4454239684758,0,1411.1118381058,5190.03917770832,5.30468269359914,1886.72067293841,2538.82021740812,3433.32944002219,12.8731562845792,3.756577452713,2019.26903900312,2022.86561045214,0,3.57953532892001,7.41685534506158,3.78556541703592,0,4.46655576090141,0,0,998.199083138607,3.12989497381048,2985.88357804308,0,882.457560951885,4.0043970545076,0,0,2354.17188277885,25.8757077792177,0,2.0487667371101,2.13855654023332,0.974432401510207,5.42338105627224,1493.69332841599,2407.7237359058,0,2508.65688067685,0,308.755320825498,0,0,5.77073534332331,3940.43620607495,6.69064674002873,1798.69150904243,0,0.878940865684777,0,0,4.36249515620701,2419.8746419212,2447.38278704014,24.4114971466295,4.86482292688863,4118.46926100227,958.164526733355,1168.68815313129,1185.53295445311,38.3369951453912,629.69223275136,0,1193.83841815808,3936.70436445428,454.005153265695,8.08755705352457,4.43410937124457,468.139270827366,4158.47066323675,9.06832945158791,0,2155.87520634785,1891.33149618798,11.0475162786968,2421.39968413357,1866.58977487513,42.1195766101855,145.382701631796,0.928662807430361,1251.96273644681,2156.86887139238,2283.80702665773,967.241430797783,0,"CC vs. WC","WC"
"LOC144626817",8.97934457039019,23.5345175654353,4.01636313584548,1.63789739138997e-09,5.91030723968096e-07,0.944335098603166,0,0,0,0,0,6.54671827886109,0,0,0,0,0,0,0,7.01292853228926,0,0,0,0,0,0,2.11910152716045,8.51752218833083,0,0,0,0,0,0,0,0,0,31.0340771724339,0,0,0,0,0,0,0,0,0,0,0,0,24.4236413974102,7.19932387766582,0,0,0,0,0,1.91161335429392,0,0,0,0,0,9.81561410146577,0,11.7619135791208,0,0,0,0,1.07022724645722,1.05568384189948,0,0,46.1146846503939,0,0,0,16.1751141070491,0,0,0.885911943595387,634.783061611153,0,0,11.0135767379925,0,0,0,0,0,3.71465122972145,0,0,0,0,0,"CC vs. WC","WC"
"LOC111134685",749.948944087588,5.04899728168856,5.40589897190123,0.00021670469457185,0.0351887791854452,0,1048.74641740354,713.483939058322,146.950758467843,973.472229314382,0,5019.3689044028,63.9725918603929,0,0,0,2391.35095827449,3716.83972568867,0,0,1.07276302371494,1233.66003547095,0,0.913257611942276,7.40758225880209,2.863628263136,3.17865229074068,0,0.594658187354303,41.315640788338,2.09001681571662,0,2781.86629727153,666.667629421633,0,0,2704.19760155331,2658.91964419305,2100.29505726004,0,0,10.7815449080074,1.68583209478613,0,960.21188656476,2952.53017657593,0,2.22717693103776,0,508.793328757819,2991.31455591138,0,27.263162986799,4726.75230021813,0,2.30829413732932,0,4.77903338573481,82.9709427564875,5688.74975977508,0,1025.4272399998,0,5.45311894525876,1.25252310658447,1.80952516601859,0,3.89185834151091,133.504483973721,0,0,2420.6830494755,3.54972177272141,2637.61495362518,0,1410.89994873228,5.39520927060888,5.51981949259204,2458.61734427147,696.155171285397,0,3.54364777438155,9.06832945158791,0,1.35504412718281,0,0,5370.92802372713,0,0,0,1.85732561486072,2.12377054528721,3539.06330046745,3.31627351402381,2.16870275963628,5012.50848673392,"CC vs. WC","WC"
"LOC111133828",5010.16793341473,5.26624618549407,4.14671048173263,8.51531486015259e-05,0.0159162874375269,13.2206913804443,4128.81237750265,6771.92212730722,864.21041289422,5468.5553974549,18.5990754192532,26567.8921192741,1531.21494065844,25.3746639387372,7.98365962153213,10.0875397040006,23622.8129711357,29170.7979599311,10.6060374617572,9.01662239865762,16.091445355724,8673.18602282377,8.81007434120036,1.82651522388455,47.2233368998633,5.72725652627201,7.41685534506158,11.3566962511078,22.0023529321092,801.746759081803,6.27005044714986,24.3446363380851,10860.1878389561,14186.7706179583,9.07908347561561,3.71387901455181,18385.646733923,13223.5201732477,19036.9565606684,17.3373479846672,6.31709807543521,44.2043341228302,21.0729011848267,0,8961.62118184772,16975.5868667093,3.09907488929842,7.42392310345921,0.930341474461282,6783.91105010426,14414.600546643,9.25627355699891,7.49736982136972,41315.0054518178,0,8.07902948065263,0,1.91161335429392,2224.41146532869,6821.91465147466,12.3051721195869,5722.8200738578,5.81738901007381,198.493529607419,3.75756931975341,11.7619135791208,2.03429142888579,7.78371668302181,2563.47818507814,15.1719108983357,1.07022724645722,15282.0792953368,14.9088314454299,23217.1455801658,6.78157127211675,12075.9338680677,5.39520927060888,6.89977436574005,19806.4272240817,5993.80734257984,29.3853654848347,11.51685526674,5.66770590724244,13.8527725172365,12.1953971446453,2.00246849781681,1.84125271311613,37715.2981131259,10.6195479533377,0,32.3072670292881,3.71465122972145,11.6807379990797,24292.7299448699,5.52712252337301,3.25305413945443,32652.820936473,"CC vs. WC","WC"
"LOC111132804",169.732509052614,22.9317681443133,2.76921124364685,4.78977486591783e-17,6.91350782174506e-14,0,266.698419722123,174.808315295248,65.6030171731443,250.882985464633,2.32488442740666,1289.70350093563,0,0,0,14.1225555856009,488.03080781112,802.904464150456,0,2.00369386636836,8.58210418971948,256.198582275026,0,5.47954567165366,1.85189556470052,0,5.29775381790113,1.89278270851796,146.880572276513,29.0326124458592,0,0,330.55117179344,360.981220312809,0,0,1027.30539292631,390.428712814491,543.269389811074,0,0,10.7815449080074,0,0,347.515437787914,520.346902406451,0,0,1.86068294892256,457.308289538278,737.361364093242,0,0,738.817411046528,0,4.61658827465864,0,0,86.921940030606,224.340448212201,5.27364519410866,242.528434356799,0,11.9968616795693,1.25252310658447,0,0,0,49.9441235009604,0,0,499.338457218453,0,450.464763155463,0,273.938616125724,0,0,265.541456590723,401.286898097633,0,1.77182388719077,0,0,1.35504412718281,6.00740549345044,0,1068.13750562359,0,0,0,0,0,1249.62365397613,0,0,1492.22463042036,"CC vs. WC","WC"
"LOC111133591",21.9185332533553,21.8525186800069,2.55168718574223,4.67972586004003e-18,9.96975362225068e-15,0,4.01050255221238,15.200723069152,20.1182585997642,15.0298562720748,0,87.0713531088525,0,0,0,3.02626191120019,80.6311769427069,86.9987865854933,0,61.112662924235,0,50.3381378663542,0,0,0,0,4.2382030543209,1.89278270851796,1.18931637470861,2.2332778804507,8.36006726286648,0,103.638156172861,26.0824581150874,0,0,103.62191056632,96.1055293081825,67.5837518425259,0,2.1056993584784,4.31261796320295,0,0,51.3253569655996,52.6193496815512,0,0,0,33.313848906762,44.1951606238851,1.02847483966655,0,101.797285328854,0,48.4741768839158,0,0,11.8529918223554,22.9253012771592,0,12.7646544398315,0,0,0,0,0,5.83778751226636,13.4464947887201,0,0,76.0092366167623,0,161.017191936421,0,64.4220050634648,0,0,31.0023020385108,11.0852734281114,0,0,0,11.8738050147741,0,2.00246849781681,0,178.202920553987,0,0,0,0,0,93.3759372436037,0,0,143.031545405099,"CC vs. WC","WC"
"LOC144626783",75.030486946269,23.4648494091705,4.33882019529204,2.05638063655095e-08,6.21242154863141e-06,1.88867019720633,0,0,0,0,333.620915332855,0,543.76703081334,0,0,0,36.0718423164741,322.838870702794,0,0,0,0,703.924939861909,0,0,0,0,0,0,359.557738752564,489.063934877689,0,0,0,0,0,0,0,0,0,0,0,0,0,0,0,0,0,468.892103128486,0,0,0,2.7263162986799,0,0,0,0,0,427.695454923323,0,217.977334689825,0,0,0,11.2727079592602,0.904762583009296,6.10287428665738,0,0,0,683.875210486165,0,0,579.853578104372,0,0,10.7904185412178,2.06993230972201,0,0,0,429.667292643763,0,0,0,0,0,0,2.4506649123087,0,0,0,454.486896691463,315.864281540092,497.441027103571,0,0,"CC vs. WC","WC"
"LOC111099090",2936.40901931069,8.75517371562634,3.18693881594426,1.13248944918619e-05,0.00249349223553445,0.944335098603166,2692.04983817256,3135.1491330126,963.052292101758,3870.76606145433,12.7868643507366,15111.1351312672,569.562430757047,24.2714176805313,5.9877447161491,6.05252382240037,13207.5989705231,12122.1803236293,0,6.01108159910508,19.3097344268688,6172.05675480746,0,9.13257611942276,12.0373211705534,4.29544239470401,18.0123629808638,0.946391354258981,1.78397456206291,477.921466416451,2.09001681571662,2.02871969484043,8534.32942884516,7593.12520646424,26.1023649923949,0,12474.7409752744,6207.81653375041,8911.52420128691,4.52278643078275,3.1585490377176,4.31261796320295,5.90041233175147,0,4459.95966465659,7607.39375859019,1.54953744464921,3.7119615517296,9.30341474461282,3951.22438245656,9026.28004215717,0,9.54210704537964,15833.150966561,10.7973973196708,8.07902948065263,21.2596839642796,0,995.65131307785,8005.84271028795,5.27364519410866,3883.64611331874,3.87825934004921,91.6123982803472,0,0,6.10287428665738,5.83778751226636,1704.82344642701,3.50121020730824,0,7231.43431701142,4.96961048180997,12758.6955896288,16.2757710530802,4843.83832666376,7.19361236081184,5.51981949259204,9273.7320880415,3185.90758323922,9.11959618494869,9.74503137954926,4.53416472579395,1.97896750246235,2.71008825436562,12.0148109869009,9.20626356558067,19891.7660046263,10.6195479533377,0,4.03840837866101,24.1452329931894,6.37131163586163,21331.2141080944,3.31627351402381,0,33640.1655596052,"CC vs. WC","WC"
"LOC144626339",8.60022786968759,16.7854980161881,3.59103854909639,5.77662507285325e-07,0.000153145404099796,0,0,0,0,0,0,0,0,0,0,0,165.506100040293,0,0,0,8.58210418971948,46.5815604136412,13.2151115118005,0,0,0,1.05955076358023,0,11.2985055597318,0,0,0,0,80.3339709944691,2.2697708689039,0,0,0,0,0,0,264.14785024618,0,0,0,0,0,0,0,5.04755286466091,2.32606108546764,4.11389935866618,15.6763187174094,25.186957194768,0,0,0,6.69064674002873,0,0,0,0,0,15.2687330467245,0,0,0,0,5.76278348088004,0,6.42136347874334,0,0,0,1.35631425442335,0,1.79840309020296,0,0,18.8449648277894,0,5.31547166157232,6.80124708869093,0,0,0,0,46.4407611140693,0,0,0,0,0,0,0,14.0965679376358,17.0783934812059,"CC vs. WC","WC"
"LOC144626533",38.7625331217171,19.6303055821089,2.82338875820038,1.7955448009924e-12,1.22763288091009e-09,0,0,11.400542301864,0,45.0895688162243,6.97465328221997,130.934365577222,8.25452798198618,4.41298503282386,0,0,247.19821352172,14.6744941228543,0,205.378621302757,0,54.8460308096098,0.881007434120036,0,0,0,0,0,0,13.3996672827042,0,0,6.54556775828594,56.3381095285887,0,0,313.094159883181,20.021985272538,63.2514600577486,0,0,0,0,0,23.5241219425665,18.5142156286939,0,0,0,94.8939938556251,548.950416170363,0,0,77.659784683868,0,0,0,0,27.6569809188292,47.4881240741155,0,351.027997095367,0,13.087485468621,0,5.42857549805577,0,0,19.2092782696001,0,0,14.7795737865927,0,42.1711693166816,9.49419978096345,39.4657328316722,0,0,5.39170470234971,2.21705468562228,0,0,0,0,0,0,0,150.12246034548,1.6337766082058,0,0,3.71465122972145,0,478.407579704883,0,5.42175689909071,383.196453734556,"CC vs. WC","WC"
"LOC144626398",22.4911800744267,-2.99994851019109,1.32258572555654,8.17094149747695e-06,0.00183007957798232,11.332021183238,13.0341332946902,32.301536521948,19.2435517041223,15.0298562720748,4.64976885481331,5.89204645097498,61.9089598648964,26.4779101969432,15.9673192430643,13.1138016152008,10.6093653871983,12.5781378195894,11.9317921444768,30.0554079955254,21.4552604742987,56.348661790695,19.3821635506408,45.6628805971138,12.0373211705534,2.147721197352,52.9775381790113,42.5876109416541,30.9222257424238,17.8662230436056,9.40507567072478,10.1435984742021,8.72742367771459,30.2556514135014,18.1581669512312,17.6409253191211,23.3984959343303,35.0384742269415,25.1272923517084,21.1063366769862,18.9512942263056,4.31261796320295,256.246478407492,8.19506694844038,4.27711308046664,19.4886480302041,34.0898237822826,3.7119615517296,4.65170737230641,8.07608458345745,27.9127330256117,29.8257703503298,27.263162986799,15.74184824673,1.07973973196708,10.387323617982,8.31900676863113,10.5138734486166,9.87749318529613,14.7376936781738,6.15258605979344,0,9.69564835012302,31.6280898825008,10.0201848526758,26.2381149072696,39.6686828632729,28.2159729759541,5.76278348088004,15.1719108983357,9.63204521811501,15.8352576284922,6.38949919089853,8.62592099659397,12.2068282898102,22.0543801118168,12.5888216314207,26.9091200263862,26.9585235117486,3.32558202843343,0,30.1210060822432,11.3354118144849,18.8001912733923,8.13026476309685,3.00370274672522,6.44438449590647,11.8801947035991,239.34827310215,2.47762215354032,14.1344293253135,20.4305817634679,7.43319690850524,9.22231478949172,16.581367570119,27.1087844954535,23.4827910366581,"CC vs. WC","CC"
"LOC111136642",29.177506520194,14.9151064569324,2.74586494305524,3.28182735684046e-08,9.60188060660118e-06,0,0,0,3.49882758256769,11.561427901596,0,17.0214675250388,0,0,0,0,56.2296365521508,0,0,0,0,1.5026309810852,0,3.6530304477691,0,337.192227984264,0,1.89278270851796,0,73.6981700548733,0,0,0,43.8185296333468,0,0,38.9974932238838,111.122018262586,0,0,2.1056993584784,0,0,0,2.13855654023332,1.94886480302041,0,0,0,0,1.16303054273382,422.70315910295,0,3.148369649346,0,2.30829413732932,0,0,122.480915497672,22.9253012771592,0,0,78.5347516359964,0,0,4.52381291504648,0,1087.7744064523,0,0,0,2.11136768379895,0.709944354544282,3.83374266515287,4.06894276327005,18.5721095678457,0,5.51981949259204,8.08755705352457,8.86821874248914,0,7.0872955487631,2.26708236289698,0,0,10.0123424890841,0,89.6414691271571,0,0,42.4032879759406,0,0,19.5974189276699,0,0,9.6065963331783,"CC vs. WC","WC"
"LOC111132059",6.18361200764772,3.4555177333178,3.38489780716923,0.000116863482462336,0.0210849315128747,0,4.01050255221238,7.600361534576,0,4.62457116063839,20.9239598466599,1.30934365577222,0,2.20649251641193,6.98570216884062,2.01750794080012,39.2546519326336,0,0,2.00369386636836,7.50934116600455,7.513154905426,4.40503717060018,1.82651522388455,1.85189556470052,0,2.11910152716045,7.57113083407185,9.51453099766885,18.982861983831,7.31505885500817,0,3.27278387914297,1.04329832460349,1.13488543445195,0,12.2563550132206,2.0021985272538,2.59937507086638,0,3.1585490377176,12.9378538896088,0.842916047393067,0,0,0,0,0,0,0,12.793335970072,12.3416980759985,1.36315814933995,0,0,0,8.31900676863113,124.254868029105,4.93874659264807,3.27504303959417,1.75788173136955,0,3.87825934004921,2.18124757810351,2.50504621316894,0,8.13716571554317,0,0,2.33414013820549,2.14045449291445,3.16705152569843,9.22927660907566,1.91687133257644,0,1.74113527198554,4.4960077255074,2.75990974629602,0,0,107.408577289396,1.77182388719077,7.93478827013942,0,10.1628309538711,2.00246849781681,0,6.48010620196316,0,0,8.07681675732202,0.928662807430361,2.12377054528721,0,1.1054245046746,2.16870275963628,6.4043975554522,"CC vs. WC","WC"
"LOC111134504",463.912834764147,6.91994588153992,1.29761158363322,6.24419796485819e-08,1.76337507961935e-05,106.709866142158,1045.73854048938,291.663873889354,54.2318275297992,1441.71005932902,316.184282127305,751.563258413253,740.84388638326,1924.06147431121,25.9468937699794,101.884151010406,392.546519326336,80.7097176756986,286.363011467443,702.29470016211,17.164208379439,0.7513154905426,132.151115118005,1282.21368716696,763.906920438965,373.703488339249,87.9427133771588,46.3731763586901,101.686550037586,906.710819462986,150.481210731597,4.05743938968086,1803.30391740778,0,1.13488543445195,6.49928827546566,5.57107046055483,285.313290133667,986.029610215314,0,942.300462919085,1618.30989069191,0,4.09753347422019,9.62350443104993,8.76989161359186,2.32430616697382,10.3934923448429,137.69053822027,58.5516132300665,1654.99246231023,492.639448200275,2836.05052970176,1108.22611656979,1.07973973196708,233.137707870262,3.69733634161384,331.664916969995,474.119672894214,108.076420306608,641.626831949887,1498.78317547688,338.378127419293,1665.38252588203,82.6665250345751,3.61905033203718,168.846188597521,342.48353405296,0,100.368025942836,585.414303812101,35.8932506245822,273.328576499548,1242.13262350953,16.9539281802919,1562.95909581902,1371.28235627976,1930.55686753407,483.905497035887,1131.80641701018,21.2790577648803,29.2350941386478,134.89140059237,367.098471706766,1037.96380142203,15.0185137336261,786.214908500589,77.7612744235579,289.178459652426,479.419886710052,125.190659738491,3.71465122972145,135.921314898381,83.0008331054255,105.015327944087,144.218733515813,115.27915599814,"CC vs. WC","WC"
"LOC144626566",45.0739432889388,-2.98035600133956,0.874379423944682,1.92256726094491e-06,0.000480290576986631,14.1650264790475,18.0472614849557,22.801084603728,51.6077068428735,39.3088548654263,52.3098996166498,41.2443251568249,1.03181599774827,15.4454476148835,48.8999151818843,105.919166892007,20.1577942356767,9.43360336469205,59.6589607223841,28.051714129157,36.4739428063078,57.8512927717802,10.5720892094404,71.2340937314975,21.296798994056,52.2612158022321,30.7269721438266,63.4082207353517,42.8153894895098,3.34991682067606,48.0703867614822,76.0769885565161,17.4548473554292,52.1649162301747,76.0373241082807,10.2131672900175,120.335121947984,67.0736506630024,19.9285422099756,600.022999817178,30.5326406979368,17.2504718528118,43.8316344644395,94.2432699070644,104.789270471433,84.775618931388,38.7384361162303,28.9533001034909,27.9102442338385,65.6181872405918,13.9563665128058,101.819009126988,30.6710583601488,13.642935147166,5.39869865983538,23.0829413732932,59.1573814658214,25.8067802829679,9.87749318529613,52.4006886335068,21.9735216421194,79.779090248947,92.1086593261686,11.9968616795693,12.5252310658447,56.0952801465763,12.2057485733148,41.8374771712423,66.2720100301205,44.3486626259044,54.5815895693184,3.16705152569843,35.4972177272141,6.70904966401753,6.10341414490508,51.6536797355709,14.3872247216237,27.5990974629602,5.39170470234971,6.65116405686685,32.4252308798176,19.4900627590985,22.6708236289698,43.5372850541717,14.9054853990109,25.0308562227102,35.9044279057646,88.5614514268299,85.7732719308044,14.8657329212419,28.2688586506271,52.9337800235306,43.5372961783878,11.5278934868647,28.7410371215397,29.2774872550898,40.5611845178639,"CC vs. WC","CC"
"LOC111106792",168.528140880932,-4.46976303778567,3.96762551921579,0.000107627559807736,0.0195543470724811,448.559171836504,255.669537703539,0,14.8700172259127,17.342141852394,8.13709549592329,5.89204645097498,0,0,1.99591490538303,9.07878573360056,2.12187307743965,0,364.582537747903,9.01662239865762,347.575219683639,9.0157858865112,598.204047767504,3.6530304477691,0,11.454513052544,731.090026870356,1021.15627124544,657.097297026505,6.69983364135212,0,314.451552700266,0,780.387146803414,0,265.542349540454,7.79949864477676,0,0,633.190100309585,2.1056993584784,0,6.74332837914453,1.02438336855505,3.20783481034998,4.87216200755104,0.774768722324605,0,840.098351438538,846.9793706901,0,970.880248645219,530.95009916791,305.391855986562,1.07973973196708,6.92488241198797,8.31900676863113,5.73484006288177,12.840741140885,0,4.39470432842389,331.881015435619,888.121388871268,1118.9800075671,454.665887690163,10.8571509961115,0,496.211938542641,0,47.8498728332126,2.14045449291445,10.5568384189948,3.54972177272141,0,2.7126285088467,12.1879469038988,6.29441081571036,0.689977436574005,0,2.21705468562228,0,4.42955971797694,0,0,0,0,19.3331534877194,0,8.16888304102899,4.95524430708064,7.06721466265677,269.312214154805,3.18565581793082,662.853875494718,5.52712252337301,640.851665472522,413.083642326667,"CC vs. WC","CC"
"LOC111108580",147.664654440554,20.4045846765562,3.08435107629555,1.74550674254304e-11,9.44791889125222e-09,0,243.638030046902,38.951852864702,71.7259654426377,20.8105702228728,1.16244221370333,1916.22444022264,68.099855851386,0,0,0,2678.86476026756,807.097176756986,0,0,2.14552604742987,163.035461447744,0.881007434120036,0,0,0,0,0,0,137.346589647718,0,0,855.28752041603,169.014328585766,0,0,539.279620581707,323.355062151489,634.247517291397,0,0,0,0,0,301.536472172898,585.633873307635,0,0,0,472.450948132261,301.224910568059,0,0,122.786416324494,0,0,0,0,177.79487733533,188.314974776665,0,296.778215726083,0,3.27187136715526,0,3.61905033203718,0,0,239.155514456522,0,4.28090898582889,181.57762080671,1.41988870908856,239.608916572055,0,135.228172790877,0,1.37995487314801,149.619805490204,307.062073958686,0,0,0,0,0,2.00246849781681,0,902.894797473534,0,0,11.1056230413178,0,0,29.9725230658481,4.42169801869841,0,250.838904255211,"CC vs. WC","WC"
"LOC111108576",212.323672972207,19.4599267634902,3.12330589504478,2.33567013787058e-10,9.3358532080024e-08,0,411.076511601769,1.900090383644,0,17.342141852394,5.81221106851664,5725.75980669191,451.935407013744,0,0,0,75.3264942491077,1473.73848119522,0,8.01477546547344,0,49.5868223758116,3.52402973648014,0,3.70379112940104,0,14.8337106901232,0,0,139.579867528169,0,0,2383.6775919758,10.4329832460349,0,0,140.390975605982,8.00879410901521,3163.43946124439,0,0,0,0,0,31.0090698333831,1724.74535067307,0,0,0,1.00951057293218,3.48909162820146,0,0,328.479900081766,0,2.30829413732932,0,0,10.8652425038257,1.63752151979709,0,1169.0296024479,0,19.6312282029315,0,0,0,0,6.72324739436005,0,0,28.5034637312859,0,72.8411106379046,0,54.5555718555468,0,0,1327.70728295362,394.635734040767,2.0265769299886,0,0,0,0,0,0,6.48010620196316,0,0,8.07681675732202,0,0,215.571608204369,2.21084900934921,0,34.1567869624117,"CC vs. WC","WC"
"LOC111108581",14.198469479027,17.9856985584352,2.81948381819301,9.94778937353157e-11,4.56201488963109e-08,0,17.0446358469026,0,0.874706895641923,0,0,235.681858038999,0,3.3097387746179,0,0,25.4624769292759,0,0,4.00738773273672,0,30.052619621704,0,1.82651522388455,0,0,0,0,0,8.93311152180282,0,0,42.5461904288586,0,6.80931260671171,0,67.9670596187689,21.0230845361649,117.838336545943,0,0,0,0,13.3169837912156,20.3162871322165,21.4375128332246,0,0.742392310345921,0,0,25.586671940144,0,0,18.890217896076,0,0,0,0,3.95099727411845,9.82512911878252,0,346.77311228209,0,0,5.01009242633788,0,2.03429142888579,0,33.6162369718003,2.33414013820549,0,16.8909414703916,0,8.62592099659397,0,33.6619485917204,0,0,2.69585235117486,0,2.0265769299886,3.54364777438155,0,0,0,0,0,138.242265641881,6.53510643282319,0,0,0,1.06188527264361,5.76394674343233,0,0,0,"CC vs. WC","WC"
"LOC144627535",11.217650560971,2.35436925318852,2.66660486117397,0.000131025381060177,0.0230933805078206,0,4.01050255221238,5.700271150932,0,2.3122855803192,5.81221106851664,5.89204645097498,0,2.20649251641193,5.9877447161491,3.02626191120019,19.0968576969569,0,0,3.00554079955254,1.07276302371494,6.7618394148834,7.04805947296029,1.82651522388455,2.77784334705078,5.72725652627201,1.05955076358023,0,25.570302056235,1.11663894022535,0,0,31.6369108317154,3.12989497381048,0,1.8569395072759,8.91371273688773,4.0043970545076,0.866458356955461,0.753797738463791,2.1056993584784,0,1.68583209478613,4.09753347422019,3.20783481034998,1.94886480302041,1.54953744464921,137.342577413995,13.9551221169192,24.2282537503724,0,2.05694967933309,6.81579074669974,1.049456549782,0,15.0039118926406,1.84866817080692,0.955806677146961,3.95099727411845,4.91256455939126,0,51.0586177593261,0,9.81561410146577,2.50504621316894,5.42857549805577,7.12002000110027,5.83778751226636,0,1.16707006910275,0,7.38978689329634,1.41988870908856,3.83374266515287,9.49419978096345,2.90189211997589,9.89121699611628,2.75990974629602,0,21.0620195134117,5.06644232497149,5.31547166157232,189.301377301898,0,23.0357501621077,28.0345589694354,3.68250542623227,52.9208673160325,8.98577134513189,0,5.04801047332626,11.1439536891643,4.24754109057442,160.237719467419,2.21084900934921,1.08435137981814,2.13479918515073,"CC vs. WC","WC"
"LOC111106020",21.0463099059691,17.9211555058677,2.78732597724656,7.18319778930827e-11,3.39321203207306e-08,0,10.026256380531,0,0,0,34.8732664110998,358.760161681588,12.3817919729793,0,0,0,496.518300120879,2.0963563032649,0,2.00369386636836,0,97.671013770538,0,0,0,0,4.2382030543209,0,0,11.1663894022535,0,0,2.18185591942865,27.1257564396909,0,0,241.78445798808,22.0241837997918,0,0,0,0,0,0,36.3554611839664,27.2841072422858,0,3.7119615517296,0,149.407564793963,9.30424434187056,0,0,4.197826199128,0,0,0,0,9.87749318529613,0,0,12.7646544398315,0,28.3562185153456,0,0,0,3.89185834151091,32.6557730583202,0,0,0,0,0,0,0,5.39520927060888,0,88.9631275887702,33.2558202843343,6.07973078996579,4.42955971797694,4.53416472579395,0,0,0,0,81.0013275245395,0,0,0,0,0,5.76394674343233,0,0,66.1787747396727,"CC vs. WC","WC"
"LOC144627451",9.99592011693245,1.22402629320027,2.13160848471758,0.000326353314750892,0.0492964271543193,20.7753721692697,7.01837946637167,32.301536521948,7.87236206077731,17.342141852394,3.48732664110998,1.30934365577222,24.7635839459586,36.4071265207969,9.97957452691517,10.0875397040006,9.54842884847844,0,1.32575468271965,0,0,7.513154905426,17.6201486824007,21.0049250746723,0,0,0,7.57113083407185,0,3.34991682067606,1.04500840785831,3.04307954226064,5.45463979857162,6.25978994762097,0,0.928469753637951,14.4847831974426,4.0043970545076,6.06520849868823,3.76898869231896,0,14.0160083804096,0,25.6095842138762,28.8705132931498,6.82102681057145,0,8.16631541380513,4.65170737230641,3.02853171879654,0,5.14237419833273,8.17894889603969,1.049456549782,0,0,12.9406771956484,2.86742003144088,2.96324795558884,6.55008607918834,0,25.529308879663,3.87825934004921,17.449980624828,15.0302772790136,0,44.7544114354874,6.81075209764409,1.92092782696001,11.6707006910275,0,0,3.54972177272141,188.811826258779,0,5.22340581595661,5.39520927060888,0.689977436574005,0,17.7364374849783,2.0265769299886,7.97320749235849,20.4037412660728,2.96845125369353,4.06513238154843,14.0172794847177,3.68250542623227,12.9602124039263,26.1404257312928,0,5.04801047332626,4.64331403715181,15.9282790896541,10.3751041381782,0,8.67481103854514,17.0783934812059,"CC vs. WC","WC"
"LOC144627635",211.931124770355,22.5634084143538,2.80585912518565,3.5787743400137e-16,4.42762552989981e-13,0,151.396471346017,196.659354707154,0.874706895641923,181.514418055057,2.32488442740666,1741.42706217705,151.676951668996,0,0,0,3683.57166243524,963.275721350221,0,0,1.07276302371494,45.078929432556,0,0,5.55568669410156,0,6.35730458148136,0,3.56794912412582,17.8662230436056,0,0,1910.21485745978,526.865653924765,1.13488543445195,0,889.142845504551,43.0472683359567,630.781683863575,0,0,2.15630898160147,0,0,45.9789656150163,1365.1797945158,0,0,0,669.305509854036,347.746132277412,0,0,88.154350181688,0,3.46244120599398,0,0,102.72592912708,1165.91532209553,0,6.38232721991576,13.5739076901722,0,2.50504621316894,1.80952516601859,0,13.6215041952882,50.9045874144404,0,0,386.380286135209,0,408.293593838781,1.35631425442335,589.664478779102,1.79840309020296,2.06993230972201,428.640523836802,13.3023281137337,0,0,0,0,0.677522063591404,2.00246849781681,0,637.210443193044,1.6337766082058,0,6.05761256799152,0,0,336.614489816448,0,0,1649.13237052894,"CC vs. WC","WC"
"LOC111132635",21.9559628398625,-17.1980194112996,2.92542778586152,2.3854743973765e-09,8.26360137576518e-07,0.944335098603166,0,0,0,0,159.254583277356,17.6761393529249,0,0,180.630298937164,4.03501588160025,20.1577942356767,76.5170050691688,21.2120749235143,191.352764238178,6.43657814228961,0,7.92906690708032,0,0,0,0,125.870050116444,0,97.1475877996057,3.13502522357493,0,2.18185591942865,0,0,3.71387901455181,16.7132113816645,0,0,7.53797738463791,0,0,2.5287481421792,1.02438336855505,0,0,0.774768722324605,0,8.37307327015154,2.01902114586436,0,0,1.36315814933995,1.049456549782,0,0,1.84866817080692,4.77903338573481,0,0,151.177828897782,0,0,0,0,0,0,0,0,0,92.0395431953212,0,0,0,0,0,1.79840309020296,0,0,59.8604765118017,0,0,0,0,0,0,0,0,0,0,0,179.23192183406,396.083206696065,0,173.551647233913,0,0,"CC vs. WC","CC"
"LOC144618101",9.47014204557011,-17.1756801547584,3.04608735538849,9.58244028245156e-09,3.03611440217529e-06,0,19.0498871230088,33.25158171377,10.4964827477031,0,0,5.23737462308887,0,0,0,0,147.470178882056,23.0599193359139,2.65150936543929,0,0,6.7618394148834,0,0,1.85189556470052,0,0,0,0,2.2332778804507,0,0,5.45463979857162,37.5587396857258,0,0.928469753637951,5.57107046055483,2.0021985272538,17.3291671391092,0,0,0,0,0,27.8012350230331,0,4.64861233394763,0,0,37.3518911984907,25.586671940144,0,0,0,0,0,0,0,0,78.6010329502601,0,40.4214057261331,1.9391296700246,0,0,0,0,0,36.4976287122403,0,0,0,0,0,0,0,0,0,0,1.10852734281114,0,0,0,5.93690250738706,0,0,0,244.084000273946,0,0,0,0,0,20.7502082763564,0,0,25.6175902218088,"CC vs. WC","CC"
"LOC111107750",56.6408133679735,2.16028530007557,2.95289468817662,0.000234758690810076,0.0376497873205962,9.44335098603166,23.0603896752212,60.802892276608,9.62177585206116,33.5281409146283,25.5737287014732,175.452049873477,4.12726399099309,0,5.9877447161491,1.00875397040006,624.891621305978,918.204060830026,11.9317921444768,1.00184693318418,7.50934116600455,60.105239243408,5.28604460472022,2.73977283582683,0,0,6.35730458148136,0,32.7062003044867,49.1321133699155,10.4500840785831,1.01435984742021,49.0917581871446,21.9092648166734,7.94419804116366,1.8569395072759,79.1092005398786,5.0054963181345,26.8602090656193,1.50759547692758,0,8.62523592640589,1.68583209478613,10.2438336855505,131.521227224349,100.366537355551,2.32430616697382,0.742392310345921,0,72.6847612511171,102.346687760576,4.11389935866618,0,841.664152925164,0,0,0,2.86742003144088,23.7059836447107,286.56626596449,1.75788173136955,41.4851269294524,7.75651868009841,41.4437039839666,6.26261553292235,2.71428774902789,4.06858285777158,5.83778751226636,35.5371647987603,21.0072612438494,0,97.1229134547519,0.709944354544282,538.640844453979,7.45972839932843,29.0189211997589,0,0.689977436574005,132.096765207568,8.86821874248914,2.0265769299886,0.885911943595387,3.40062354434547,8.90535376108059,1.35504412718281,17.0209822314429,2.7618790696742,230.043770169692,1.6337766082058,0,14.1344293253135,1.85732561486072,1.06188527264361,63.4034141777556,6.63254702804762,0,10.6739959257537,"CC vs. WC","WC"
"LOC111106004",15.2523393653897,20.1883592548653,3.012599469301,9.90944183509658e-12,5.4778129429286e-09,0,0,6.650316342754,24.4917930779739,53.1825683473415,0,60.8844799934081,0,0,1.99591490538303,0,68.9608750167888,84.9024302822284,21.2120749235143,3.00554079955254,0,7.513154905426,0,7.30606089553821,0,0,2.11910152716045,0,0,8.93311152180282,0,0,90.5470206562889,23.9958614658804,0,0,153.761544711313,0,20.7950005669311,0,0,0,0,0,41.7018525345497,0,0,0,0,13.1236374481184,2.32606108546764,0,0,77.659784683868,0,0,0,0,9.87749318529613,145.739415261941,0,0,0,2.18124757810351,0,0,0,0,13.4464947887201,2.33414013820549,0,114.013854925144,6.38949919089853,17.2518419931879,0,95.1820615352093,0,0,9.43548322911199,3.32558202843343,0,0,0,0,0,0,0,103.681699231411,0,0,0,0,0,38.0420485066534,0,0,67.2461743322481,"CC vs. WC","WC"
"LOC111115404",32.8718923259291,16.9141935252423,2.90336967351545,3.32549132990005e-09,1.12207260054718e-06,0,50.1312819026548,4.75022595911,0,82.0861381013315,0,4.58270279520276,11.349975975231,0,0,0,130.495194262539,27.2526319424437,0,0,0,45.078929432556,0,0.913257611942276,0,0,4.2382030543209,0,0,16.7495841033803,0,0,30.5459828720011,4.17319329841398,0,0,296.380948501517,180.197867452842,71.0495852703478,0,0,0,0,0,74.8494789081661,5.84659440906124,0,0,0,48.4565075007447,53.4994049657557,0,0,28.335326844114,0,6.92488241198797,0,0,4.93874659264807,9.82512911878252,0,46.8037329460489,0,26.1749709372421,0,0,0,0,229.550875321722,0,0,61.2296628301697,0,5.75061399772931,0,22.0543801118168,0,0,32.3502282140983,161.844992050427,0,0,0,0,0,0,3.68250542623227,886.694531968626,0,0,4.03840837866101,3.71465122972145,0,327.392175026956,0,0,20.280592258932,"CC vs. WC","WC"
"LOC144627704",28.053754015916,18.3563534215161,3.05475905842682,1.00602933332124e-09,3.73394972985989e-07,0,28.0735178654867,0,1.74941379128385,11.561427901596,0,7.2013901067472,24.7635839459586,0,0,0,56.2296365521508,127.877734499159,0,0,0,18.0315717730224,0,7.30606089553821,0,0,0,0,0,4.46655576090141,0,0,31.6369108317154,1.04329832460349,0,0,123.677764224317,219.240738734291,38.9906260629957,0,0,3.23446347240221,0,0,36.3554611839664,2.92329720453062,0,0,0,20.1902114586436,15.1193970555397,0,0,20.98913099564,0,35.7785591286045,0,0,0,0,0,0,0,33.8093374606043,0,0.904762583009296,0,0,68.1929378570805,0,0,22.169360679889,0,18.2102776594762,0,18.5721095678457,0,0,26.9585235117486,125.263589737659,0,0,0,0,0,0,0,452.527416437094,0,0,0,0.928662807430361,0,969.495842245317,0,0,7.47179714802756,"CC vs. WC","WC"
"LOC111107102",40.9206089177866,16.1968354173382,4.25713126818203,3.35360517228325e-06,0.000799357944780652,0,336.88221438584,69.353299003006,11.371189643345,4.62457116063839,0,165.631972455186,0,0,0,0,12.7312384646379,335.417008522384,0,0,0,99.1736447516232,0,0,0,0,0,0,0,0,0,0,672.011623184024,4.17319329841398,0,0,266.297168014521,36.0395734905684,86.6458356955461,0,0,0,0,0,272.665958879748,321.562692498368,0,0,0,0,55.8254660512233,0,0,0,0,1.15414706866466,0,0,0,13.1001721583767,0,0,0,5.45311894525876,0,0,0,0,0,0,0,300.869894941351,0,2.87530699886466,1.35631425442335,2.32151369598072,0,0,63.3525302526091,131.914753794526,0,0,0,0,0,1.00123424890841,0,352.085770306665,0,0,0,0,0,14.9862615329241,0,0,123.818352738742,"CC vs. WC","WC"
"LOC111100644",109.661875721819,-18.7284103608616,2.51014032111747,4.59948983072107e-14,3.62119228157467e-11,0,427.118521810619,0,15.7447241215546,0,215.051809535116,20.9494984923555,33.0181119279447,0,0,368.195199196023,0,230.599193359139,0,4.00738773273672,0,0,7.04805947296029,926.95647612141,0,4.29544239470401,1.05955076358023,0,546.490874178605,41.315640788338,1.04500840785831,1.01435984742021,0,0,28.3721358612988,10.2131672900175,8.91371273688773,8.00879410901521,3.46583342782184,0,7.36994775467441,0,7.5862444265376,31.7558844252065,13.9006175115166,145.190427825021,0,838.160918380544,344.226345550674,370.490380266111,0,0,1825.26876196619,83.95652398256,1.07973973196708,261.991384586878,5.54600451242075,0,173.843880061212,234.165577330983,3.51576346273911,0,0,23.9937233591386,1.25252310658447,218.95254508825,0,0,28.8139174044002,348.953950661721,0,48.5614567273759,0,0,0,8.70567635992768,0,872.131479829542,22.9147449849863,0,0,441.184147910503,0,0,0,0,0,0,26.1404257312928,0,0,95.6522691653272,0,4.61115739474586,282.988673196698,410.969172951076,2.13479918515073,"CC vs. WC","CC"
"LOC111110589",38.0823883855549,20.3659607245052,2.63068644451415,4.68980985900812e-15,4.35164106953178e-12,0,0,0.950045191822,5.24824137385154,5.78071395079799,9.29953770962662,26.1868731154444,0,0,0,0,471.055823191603,266.237250514642,0,740.364883623109,0,17.2802562824798,5.28604460472022,0,0,0,0,0,0,0,4.18003363143324,0,6.54556775828594,30.2556514135014,0,0,139.276761513871,20.021985272538,49.3881263464613,0,0,0,0,0,73.7802006380495,82.8267541283676,0,0,0,68.6467189593883,1143.25902350734,4.11389935866618,0,1.049456549782,0,0,0,0,8.88974386676652,4.91256455939126,2.63682259705433,0,0,18.5406044138798,0,0,0,0,2.88139174044002,1.16707006910275,0,21.1136768379895,0,67.0904966401753,1.35631425442335,7.54491951193732,0,0.689977436574005,1.34792617558743,6.65116405686685,0,1.77182388719077,0,0,0,0,0,35.6405841107974,0,0,0,4.64331403715181,2.12377054528721,93.3759372436037,0,0,50.1677808510422,"CC vs. WC","WC"
"LOC144627196",10.0934994485486,19.2491572893984,3.37271590126643,5.65638175117577e-09,1.8602335984468e-06,0,4.01050255221238,19.950949028262,6.99765516513539,20.8105702228728,0,58.2657926818637,0,0,0,0,0,50.3125512783576,0,0,0,12.7723633392242,0,0,0,0,0,0,0,0,0,0,13.0911355165719,25.0391597904839,0,0,56.8249186976592,20.021985272538,9.53104192651007,0,0,0,0,2.0487667371101,6.41566962069995,12.6676212196327,0,0,0,0,0,0,0,11.544022047602,0,0,0,0,0,183.402410217274,0,0,0,0,0,0,0,0,5.76278348088004,0,0,16.8909414703916,0,29.7115056549348,0,22.0543801118168,0,0,18.870966458224,21.0620195134117,0,0,1.13354118144849,0,0,0,0,126.362070938282,0,0,0,0,0,102.598252033095,0,0,70.4483731099742,"CC vs. WC","WC"
"LOC144627224",8.92822014241586,6.89038037816712,2.36199453210015,7.59023782727924e-06,0.00171479973035254,1.88867019720633,3.00787691415929,2.850135575466,18.3688448084804,0,44.1728041207265,0.654671827886109,0,1.10324625820597,0,11.0962936744007,18.0359211582371,10.4817815163245,0,18.0332447973152,8.58210418971948,16.5289407919372,0,23.7446979104992,0,13.602234249896,0,0.946391354258981,0,14.5163062229296,3.13502522357493,0,7.63649571800027,1.04329832460349,4.5395417378078,0,30.0837804869961,21.0230845361649,0,0,4.21139871695681,11.8596993988081,0,14.3413671597707,5.3463913505833,1.94886480302041,0,29.6956924138368,0,2.01902114586436,0,25.7118709916636,2.04473722400992,3.148369649346,0,0,4.6216704270173,0,29.6324795558884,3.27504303959417,36.0365754930759,0,0,6.54374273431051,5.01009242633788,8.14286324708366,0,0,21.1302060965602,7.00242041461648,0,9.50115457709529,4.96961048180997,62.2983183087342,6.78157127211675,0,1.79840309020296,7.58975180231405,0,1.10852734281114,59.7840194346636,0.885911943595387,0,1.97896750246235,1.35504412718281,16.0197479825345,45.1106914713453,22.6803717068711,0.816888304102899,14.8657329212419,8.07681675732202,9.28662807430361,13.8045085443669,17.291840230297,11.054245046746,4.33740551927257,3.2021987777261,"CC vs. WC","WC"
"LOC111107498",2062.23256324029,5.93076579683945,4.24227793979441,7.00026031571938e-05,0.0133730708281401,0,33.0866460557522,47.5022595911,6.12294826949346,17194.1555752535,9.29953770962662,22.9135139760138,0,33.097387746179,0,18.1575714672011,218.552926976284,69.1797580077417,1.32575468271965,0,1.07276302371494,4.5078929432556,0,0.913257611942276,118.521316140833,34.363539157632,22.2505660351847,2.83917406277694,8.91987281031455,236.727455327775,4.18003363143324,1.01435984742021,15.2729914360005,4190.92936993224,1.13488543445195,0,12060.2533330091,14.0153896907766,10836.7946704419,8.2917751231017,0,50.6732610676346,13.4866567582891,5.12191684277524,0,84.775618931388,3.87384361162303,5.93913848276736,0,6.05706343759309,3.48909162820146,3.08542451899964,0.681579074669974,15165.6966008997,0,17.3122060299699,0,19.1161335429392,405.964969915671,11744.3043399847,7.910467791163,0,0.969564835012302,35.9905850387078,15.0302772790136,3.61905033203718,3.05143714332869,3.89185834151091,0,25.6755415202604,10.7022724645722,367.377976981018,12.7789983817971,11991.9470565982,0.678157127211675,37823.8422701898,5.39520927060888,125.575893456469,5.39170470234971,6.65116405686685,2.0265769299886,23.0337105334801,66.8789297054608,28.6950287857041,33.1985811159788,8.00987399126726,0,22420.0874410922,1.6337766082058,2.47762215354032,192.834000081063,6.50063965201253,12.7426232717233,11969.4118074116,169.129949215214,7.59045965872699,31589.690942268,"CC vs. WC","WC"
"LOC111106204",46.9979040948593,19.4947382766029,2.25631254846425,2.87444225334114e-18,7.46808841840561e-15,1.88867019720633,90.2363074247786,8.550406726398,0,46.2457116063839,2.32488442740666,128.315678265677,48.4953518941688,2.20649251641193,1.99591490538303,0,51.9858903972715,209.63563032649,0,0,0,33.809197074417,5.28604460472022,0,0,0,0,3.78556541703592,0,0,1.04500840785831,0,151.638986400291,7.30308827222446,1.13488543445195,0,162.675257448201,0,245.207715018395,0,0,15.0941628712103,0,0,8.55422616093327,1381.74514534147,0,0,0,23.2187431774402,3.48909162820146,2.05694967933309,17.7210559414193,18.890217896076,21.5947946393415,20.7746472359639,0.924334085403459,7.64645341717569,7.90199454823691,157.20206590052,0,0,15.5130373601968,3.27187136715526,0,0,0,0,7.68371130784006,0,2.14045449291445,71.7865012491644,0,18.2102776594762,12.2068282898102,73.7080598473877,3.59680618040592,4.13986461944403,334.285691545682,341.426421585832,0,2.65773583078616,0,0,11.5178750810539,1.00123424890841,0.920626356558067,96.1215753291202,0,0,0,0,4.24754109057442,312.405913494032,1.1054245046746,0,115.27915599814,"CC vs. WC","WC"
"LOC144618687",820.091169638048,-4.25847544461196,1.33038550986022,3.47757694725691e-06,0.000813972312312448,343.737975891552,596.562254641592,418.969929593502,61.2294826949346,180.358275264897,693.978001580887,176.106721701363,210.490463540648,47.4395891028565,615.739748310666,32.280127052802,21.2187307743965,950.697583530632,615.150172781916,507.936395124379,305.737461758756,416.980097251143,165.629397614567,263.018192239375,703.720314586198,30.068096762928,581.693369205544,4268.225007708,248.567122314099,597.401833020564,14313.4801624353,122.737541537846,144.002490682291,2806.4724931834,318.902807080998,513.443773761787,105.850338750542,19.0208860089111,596.123349585357,385.190644354997,1018.10563982431,79.7834323192545,138.238231772463,3820.94996471033,213.855654023332,4.87216200755104,13379.4810658236,215.293770000317,5699.27187254981,317.995830473637,187.247917380145,161.470549827648,22.4921094641091,222.484788553784,83.1399593614648,165.043030819047,13.8650112810519,96.5364743918431,576.845602021294,81.8760759898543,488.691121320736,944.584428547532,372.312896644724,333.730879449836,141.535111044045,284.095451064919,473.989902930389,158.593227416569,331.360050150603,660.561659112155,606.818848741245,118.236590292741,824.955339980455,77.6332889693457,111.895925989926,796.279197721385,98.9121699611628,698.947143249467,68.7442349549588,303.736491930253,89.1693849194983,302.095972766027,199.503247934934,591.711283236243,29.1334487344304,177.218462056788,520.153891455308,447.127327935458,206.672740938034,126.358729830556,417.975267191415,805.150654042123,631.821737222945,600.603250665648,1033.57191187075,190.845842847993,2306.65051955537,"CC vs. WC","CC"
"LOC144618795",570.015276713897,-3.70265349550394,2.24577638298594,2.71799272737239e-05,0.00564929352398897,54.7714357189836,1322.46321659203,1422.21765215753,659.52899931401,55.4948539276607,518.449227311684,3719.84532604887,581.944222730026,610.095180787899,1149.64698550063,699.066501487243,33.9499692390345,28.3008100940761,368.559801796061,1716.1637965445,65.438544446611,973.704875743209,25.549215589481,31.0507588060374,437.973301051673,64.4316359205601,1566.01602857157,73.8185256322005,73.1429570445793,1439.34759395048,106.590857601548,545.725597912075,31.6369108317154,55.2948112039852,2172.17072154103,1476.26690828434,695.269593477243,690.758491902562,35.5247926351739,20.3525389385224,1245.52117053998,1318.5829422493,4108.37281499381,377.997462996813,22.4548436724498,26.3096748407756,33.315055059958,1113.58846551888,1381.557089575,73.6942718240493,56.9884965939572,35.9966193883291,25.900004837459,17.840761346294,102.575274536872,57.7073534332331,574.935801120952,60.2158206602585,410.903716508319,551.844752171618,2043.53751271711,422.297317717759,28.1173802153567,207.218519919833,23.7979390251049,1787.81086402637,128.160360019805,74.918273074085,84.5208243862406,1763.44287441425,38.52818087246,23.2250445217885,359.941787753951,18.2102776594762,73.2409697388609,48.751787615595,14.3872247216237,32.4289395189782,13.4792617558743,76.4883866539688,29.3853654848347,16.8323269283124,30.6056118991092,538.27916066976,927.527705056633,48.0592439476035,2381.66038441572,444.967292534804,3877.76877957646,64.4181759920484,1300.36749792885,178.303259026629,47.7848372689622,8.06952544080526,77.3797153272222,61.8080286496341,28.8197889995349,"CC vs. WC","CC"
"LOC111133694",3149.53923140829,2.86751928310427,3.81692181648547,0.000280252383973361,0.0428308069883052,12.2763562818412,145.380717517699,1680.62994433312,14.8700172259127,10612.234670875,51.1474574029464,342.393365984435,0,8.82597006564773,6.98570216884062,14.1225555856009,361.779359703461,4740.90977983357,2.65150936543929,12.0221631982102,0,16.5289407919372,0,14.6121217910764,69.4460836762696,31.499910894496,23.310116798765,6.62473947981287,2.37863274941721,200.995009240563,12.5401008942997,0,2618.22710331438,7916.54768709132,14.7535106478754,3.71387901455181,20711.0115441586,5918.49884656224,3928.52219043606,15.0759547692758,3.1585490377176,47.4387975952324,8.42916047393067,0,164.668853597966,3558.62713031528,13.1710682795183,5.93913848276736,0,147.388543648099,244.236413974102,3.08542451899964,19.0842140907593,20958.6967556963,0,17.3122060299699,0,19.1161335429392,1100.35274084199,37271.6273121015,3.51576346273911,2172.118697178,0,19.6312282029315,32.5656007711962,37.0952659033811,4.06858285777158,19.4592917075545,10.5651030482801,26.8426115893632,12.8427269574867,3784.62657320962,26.9778854726827,8611.54446159964,9.49419978096345,13519.9153869677,2.69760463530444,133.165645258783,3136.62421059194,104.201570224247,1.0132884649943,8.85911943595387,17.0031177217273,18.8001912733923,58.2668974688608,70.0863974235885,3.68250542623227,41779.4047194572,0,4.95524430708064,78.7489633838897,3.71465122972145,4.24754109057442,46428.5910183474,92.8556583926666,2.16870275963628,46424.4104798804,"CC vs. WC","WC"
"LOC144618695",24.4489428913829,28.5694361677392,7.94371390740232,2.10631406381109e-06,0.000521182339922627,0,0,0,0,0,0,0,0,0,0,0,0,0,0,0,0,0,0,0,0,186.13583710384,0,0,0,0,0,0,0,0,0,0,0,0,215.74813088191,0,0,166.035791583313,0,119.852854120941,0,242.633667976042,0,0,0,0,0,0,0,0,83.1399593614648,131.572765827771,0,0,0,0,0,0,0,139.599844998624,0,0,0,0,218.985772273442,0,0,0,0,179.227469595897,0,0,5.39520927060888,367.067996257371,0,0,0,0,0,0,191.738743996367,0,0,0,0,0,0,0,0,0,0,2.16870275963628,0,"CC vs. WC","WC"
"LOC144619219",227.133542635325,6.2020286496987,2.1668112605666,7.45268922581284e-06,0.0016984940243495,302.187231553013,69.1811690256636,9.50045191822,6.99765516513539,8.09299953111719,1038.06089683707,6.54671827886109,0,2.20649251641193,13.9714043376812,3.02626191120019,12.7312384646379,13.6263159712218,11.9317921444768,872.608678803421,282.136675237028,468.820866098582,79.2906690708032,373.522363284391,250.00590123457,2.863628263136,1194.11371055491,384.234889829146,367.49875978496,1951.88486751392,0,2.02871969484043,0,1080.85706428922,1207.51810225688,0.928469753637951,8.91371273688773,12.0131911635228,530.272514456742,8.2917751231017,413.769923941006,100.268367644469,6.74332837914453,0,1.06927827011666,76.0057273177962,18.5944493357905,6.68153079311328,57.6811714165995,294.777087296197,0,269.460407992635,7.49736982136972,14.692391696948,32.3921919590123,155.809854269729,8.31900676863113,4.77903338573481,9.87749318529613,1.63752151979709,8.78940865684777,1.06372120331929,7.75651868009841,2.18124757810351,61.3736322226391,9.04762583009296,3.05143714332869,351.240215321359,648.313141599005,101.535096011939,2.14045449291445,0,0.709944354544282,2652.94992428579,996.890977001163,7.54491951193732,20.681635537334,10.3496615486101,6.73963087793714,282.674472416841,2.0265769299886,470.419242049151,3.40062354434547,742.112813423382,27.7784046072476,848.045408825421,6.44438449590647,489.248018248219,57.9990695913059,1.23881107677016,774.364806608249,31.5745354526323,24.4233612708029,10.3751041381782,12.1596695514206,162.652706972721,1.06739959257537,"CC vs. WC","WC"
"LOC144619178",347.119554585091,25.9593959338047,3.30712584185953,1.23828512630687e-15,1.26027599972495e-12,72.7138025924438,101.265189443363,0,0,0,1255.43759079959,0,0,0,0,0,13.7921750033578,0,0,2596.7872508134,202.752211482123,624.3431726409,86.3387285437635,1031.98110149477,562.050303886608,0,2119.10152716045,331.236973990643,412.098123836532,2944.57688537425,0,0,0,1597.28973496795,2144.93347111419,0,0,2.0021985272538,1731.18379719701,0,1516.10353810445,112.128067043277,0,0,0,0,0,0,90.2431230227444,226.130368336809,0,502.924196596941,0,0,0,577.073534332331,0,0,0,3.27504303959417,0,0,0,0,105.211940953096,0,0,497.184903128018,1120.86138703117,60.6876435933428,0,0,0,2862.84733520291,1047.75276154204,0,0,0,0,178.472902192594,0,1095.87307422749,0,1201.23327399465,0,743.917046938947,0,633.970390092063,182.982980119049,0,1134.79275440374,0,0,0,0,211.448519064538,0,"CC vs. WC","WC"
"LOC144619223",153.61540694433,25.8643658087135,3.84324646824632,4.96642260641708e-12,2.80505708124613e-09,379.622709638473,0,262.212472942872,0,143.36170597979,0,341.084022328663,511.780734883143,260.366116936608,0,0,533.651078976073,0,513.067062212503,0,0,0,353.283981082134,0,406.491076451764,699.441203270969,591.229326077766,0,372.256025283794,0,0,0,0,0,707.033625663566,0,0,0,212.282297454088,0,0,0,0,0,0,916.940889821105,0,0,413.071614660809,645.077256103664,0,1159.0911443042,0,0,0,146.576677720412,0,0,0,0,0,0,0,0,0,608.000455782247,0,0,0,0,0,0,0,0,0,0,0,0,0,0,841.029425945268,0,0,370.06692296046,0,179.220930554605,327.742982934672,0,0,334.478990727943,518.93547665794,0,0,267.44712889526,688.679466412278,0,429.094636215297,"CC vs. WC","WC"
"LOC111135652",108.985443051387,5.31843494651484,1.23211893562313,8.82002396133136e-07,0.00022915304253935,3.77734039441266,25.0656409513274,22.801084603728,181.064327397878,24.2789985933516,180.178543124016,151.229192241691,3.09544799324482,35.3038802625909,11.9754894322982,41.3589127864026,88.0577327137457,4.1927126065298,1.32575468271965,120.221631982102,190.951818221258,33.809197074417,16.7391412482807,5.47954567165366,105.55804718793,2694.67419561098,31.7865229074068,35.0164801075823,44.5993640515728,169.729118914254,19.8551597493079,6.08615908452129,156.002698239148,34.4288447119153,15.8883960823273,4.64234876818976,17.8274254737755,34.0373749633146,1.73291671391092,7.53797738463791,23.1626929432624,11.8596993988081,10.1149925687168,14.3413671597707,2.13855654023332,5.84659440906124,6.19814977859684,25.2413385517613,13.0247806424579,44.418465209016,2.32606108546764,2373.71992995039,78.381593587047,4.197826199128,4.3189589278683,41.5492944719278,9.24334085403459,3.82322670858784,18.7672370520627,126.089157024376,80.8625596429995,9.57349082987364,24.2391208753075,5.45311894525876,12.5252310658447,42.5238414014369,25.4286428610724,44.7563709273754,28.8139174044002,3.50121020730824,3.21068173937167,24.280728363688,118.560707208895,32.5868126537994,27.8044422156787,20.8936232638264,15.2864262667252,4.82984205601803,43.1336376187977,14.4108554565448,1623.28812092087,11.51685526674,0,192.949331490079,12.8729192082367,52.0641809432372,9.20626356558067,20.5203363062167,8.98577134513189,21.0597883050927,17.1632356093093,18.5732561486072,30.7946729066645,24.2085763224158,9.94882054207142,33.6148927743624,18.1457930737812,"CC vs. WC","WC"
"LOC144619016",70.171160920778,43.8732472590074,5.38185349421561,8.80885248155767e-18,1.6347342594525e-14,0,0,0,0,0,0,0,299.226639346999,0,235.517958835198,0,0,58.6979764914172,0,0,0,0,0,252.059100896068,0,793.940935954457,0,0,0,1.11663894022535,264.387127188152,0,0,0,0,0,0,0,0,0,1.0528496792392,0,0,0,188.192975540532,0,0,0,0,0,0,747.701208437578,0,0,385.467084312246,0,0,0,0,0,0,0,0,0,0,0,1393.48962878677,0,0,0,286.820902050536,0,0,0,0,0,0,0,0,230.573687304718,172.259039049031,246.283520319518,0,0,0.677522063591404,0,0,0,0,0,0,378.894425431587,300.51353215814,0,218.874051925571,0,0,"CC vs. WC","WC"
"LOC111137950",29.8520975544568,17.3288844049448,7.41895737326911,2.29524881616118e-05,0.00484819995875476,0,0,0,0,18.4982846425536,0,0,0,2.20649251641193,0,0,0,0,0,0,0,0,4.40503717060018,0,0,0,0,0,0,0,0,0,0,56.3381095285887,0,0,395.546002699393,0,12.1304169973765,0,0,0,0,0,0,3.89772960604083,0,0,0,0,0,0,0,28.335326844114,0,0,0,0,21.7304850076515,85.1511190294485,0,0,0,7.63436652336227,0,0,0,0,7.68371130784006,0,0,0,0,35.4621196526641,0,80.0922225113347,0,0,0,0,4.0531538599772,0,0,0,0,0,0,187.923079856932,0,0,4.03840837866101,0,0,204.043714717504,0,0,1587.22319415957,"CC vs. WC","WC"
"LOC111134917",45.8790909747934,14.78721865259,2.8190559345497,8.06669374859595e-08,2.25355666970184e-05,4.72167549301583,0,283.113467162956,0,1.1561427901596,11.6244221370333,0,71.1953038446308,2.20649251641193,0,0,0,0,0,14.0258570645785,0,0,0,0,3.70379112940104,5.01134946048801,2.11910152716045,0,1.78397456206291,11.1663894022535,1.04500840785831,0,0,0,1.13488543445195,0,0,0,569.263140519738,0,12.6341961508704,140.160083804096,0,1.02438336855505,0,0,0,0,0,0,26.7497024828779,0,0,5.24728274891,196.512631218008,476.662739358505,0,0,4.93874659264807,0,7.03152692547822,0,0,22.9030995700868,12.5252310658447,0,713.01914582447,0,1.92092782696001,407.307454116859,2.14045449291445,0,0,0,0,0,4.4960077255074,1134.32290572766,0,1.10852734281114,0,1.77182388719077,0,16.82122377093,0,0,35.9044279057646,5.40008850163597,0,1.23881107677016,0,0,0,5.76394674343233,0,0,0,"CC vs. WC","WC"
"LOC144619165",247.601596554956,-4.90317549948287,3.21133630986719,4.51590200916489e-05,0.00895630916794755,550.547362485646,15.0393845707964,0.950045191822,14.8700172259127,2.3122855803192,1.16244221370333,1.30934365577222,0,0,2.99387235807455,11.0962936744007,31.8280961615948,0,0,2.00369386636836,107.276302371494,9.0157858865112,125.984063079165,0,2.77784334705078,9.30679185519201,91.1213656678994,42.5876109416541,55.8978696113045,7.81647258157747,7.31505885500817,11.1579583216224,0,7.30308827222446,2.2697708689039,8.35622778274156,1096.38666663719,27.0296801179263,669.772309926571,61.0576168155671,2.1056993584784,605.922823830014,2218.55503673855,0,25.6626784827998,25.3352424392654,4.64861233394763,2.96956924138368,1.86068294892256,59.5611238029987,32.564855196547,13.3701729156651,1894.78982758253,4.197826199128,658.641236499916,429.342709543254,0,66.9064674002873,0.987749318529613,9.82512911878252,1.75788173136955,20.2107028630666,69.8086681208857,0,12.5252310658447,8.14286324708366,2560.15576325277,71.9993793179518,23.0511339235202,5.83535034551373,8.56181797165778,7.38978689329634,0,0.958435666288219,2.7126285088467,0.580378423995179,1.79840309020296,13.1095712949061,1787.35010882893,1.10852734281114,3.0398653949829,10.6309433231446,10.2018706330364,2.96845125369353,8.13026476309685,3.00370274672522,1.84125271311613,6.48010620196316,7577.45590885849,7.43286646062097,2.01920418933051,0,1481.32995533783,9.22231478949172,1.1054245046746,9.75916241836328,13.8761947034798,"CC vs. WC","CC"
"LOC111133567",42.249388424557,-21.2372787445097,5.33052155028903,2.1278305510197e-06,0.000521539297604178,0,0,0,345.50922377856,302.909411021815,333.620915332855,0,0,0,0,259.249770392816,0,0,0,0,0,229.902540106036,0,0.913257611942276,0,0,0,0,0,0,0,0,0,0,261.023649923949,0,0,0,0,0,0,0,305.13560915629,0,0,3.89772960604083,0,0,0,0,0,0,2.04473722400992,1.049456549782,0,0,0,0,240.023084402696,160.477108940114,261.045437108379,0,0,1.09062378905175,0,194.523955346999,0,0,281.415926649642,0,0,259.698225107271,0,0,0,0,0,0,0,0,0,0,0,0,282.526700517616,0,0,158.762601948097,0,0,0,0,2.12377054528721,0,0,0,0,"CC vs. WC","CC"
"LOC111101279",1010.28904124314,6.72988362587923,5.7434667129726,0.000131550760754299,0.0230933805078206,2.8330052958095,2514.58510023716,698.28321598917,189.811396354297,490.20454302767,3.48732664110998,3833.75822410105,168.186007632969,4.41298503282386,0.997957452691516,0,6958.68275746335,7910.6005103701,0,35.0646426614463,0,1013.52459674197,0,0,24.0746423411068,7.15907065784001,0,0,8.32521462296025,283.62629081724,2.09001681571662,0,4747.71848067674,4687.5393724435,2.2697708689039,0,3618.96737117642,4276.69605421412,3745.69947711846,0,0,10.7815449080074,1.68583209478613,0,2308.57178518187,2309.40479157919,0,0,0,1318.42080824943,1043.23839683224,0,0,5335.43709909169,0,0,0,0,500.788904494514,1966.6633452763,1.75788173136955,6116.39691908594,1.9391296700246,4.36249515620701,0,0,12.2057485733148,0,680.968914657325,0,2.14045449291445,1707.04077235145,0,4717.42034947061,4.74709989048173,1248.39399001363,0,6.89977436574005,2492.31549866115,762.666811854066,0,6.20138360516771,4.53416472579395,0,4.74265444513983,0,0,5894.73660838582,0,0,56.5377173012542,0,0,6011.79645339992,2.21084900934921,0,3182.98558505974,"CC vs. WC","WC"
"LOC111102174",11.7603832839891,17.7809049123319,2.70720548635011,2.89268640517135e-11,1.45803811556235e-08,0,5.01312819026548,20.900994220084,18.3688448084804,5.78071395079799,0,27.4962167712166,0,4.41298503282386,0,0,44.5593346262327,118.444131134467,0,0,1.07276302371494,5.2592084337982,0,0,0,0,2.11910152716045,0.946391354258981,0,0,0,0,44.7280463482873,8.34638659682796,0,0,57.9391327897702,15.0164889544035,2.59937507086638,0,0,0,0,0,20.3162871322165,8.76989161359186,0,0.742392310345921,0,9.08559515638963,432.647361896981,0,0,9.445108948038,0,0,0.924334085403459,0,2.96324795558884,22.9253012771592,0,20.2107028630666,0,0,0,0,0,0,8.64417522132007,0,0,8.44547073519582,0,10.5427923291704,0,8.1252979359325,0,0,17.5230402826366,2.21705468562228,0,0,0,0,0,0,0,74.5212213225764,0,0,0,0,0,4.61115739474586,0,0,36.2915861475624,"CC vs. WC","WC"
"LOC111109894",4.13816367996557,5.27210221683311,3.35596918587832,4.42084738712095e-05,0.00883523353575302,8.4990158874285,2.00525127610619,0.950045191822,3.49882758256769,4.62457116063839,0,37.3162941895082,0,0,0.997957452691516,4.03501588160025,18.0359211582371,2.0963563032649,0,0,1.07276302371494,5.2592084337982,3.52402973648014,8.21931850748048,1.85189556470052,2.147721197352,1.05955076358023,0,8.91987281031455,1.11663894022535,1.04500840785831,0,4.3637118388573,0,0,0,32.312208671218,4.0043970545076,0.866458356955461,0,0,0,0,0,2.13855654023332,0,0,0.742392310345921,2.79102442338385,15.1426585939827,8.14121379913674,1.02847483966655,2.04473722400992,2.098913099564,0,1.15414706866466,0.924334085403459,0.955806677146961,0.987749318529613,4.91256455939126,0,0,0,0,2.50504621316894,0,5.08572857221448,0,0,1.16707006910275,3.21068173937167,0,0,115.012279954586,8.81604265375178,9.28605478392286,0,0,1.34792617558743,3.32558202843343,2.0265769299886,0,0,0,0,0,1.84125271311613,1.08001770032719,6.53510643282319,0,3.02880628399576,0,0,8.06952544080526,0,1.08435137981814,6.4043975554522,"CC vs. WC","WC"
"LOC144619537",100.072611934844,22.8989386952589,2.99972935207364,8.91065343550649e-15,7.98302368647911e-12,0,0,570.977160285022,6.99765516513539,233.540843612239,0,13.0934365577222,0,202.997311509898,473.031832575779,0,335.255946235465,340.657899280546,338.06744409351,0,16.091445355724,441.773508439049,117.173988737965,223.748114925858,0,0,0,350.164801075823,0,0,0,0,132.002283125433,0,103.274574535128,0,0,0,357.847301422605,0,0,0,0,0,217.063488833682,381.977501392001,0,164.811092896794,66.9845861612123,0,0,0,0,0,0,4.61658827465864,0,0,141.248152549735,29.4753873563476,0,0,0,0,366.98927022925,0,0,0,137.346339627641,0,138.059314792982,0,320.894848254015,0,0,226.34758535812,0,0,253.410121010436,0,203.670981463854,0,213.105742112316,0,249.328119401637,304.375211668156,303.806697664162,118.801947035991,32.675532164116,292.359414117758,0,261.882911695362,208.129513438147,0,301.780889776167,10.8435137981814,0,"CC vs. WC","WC"
"LOC144619614",1310.79982447546,-24.5330388633228,3.02582498765378,1.75289393404215e-16,2.39694406843943e-13,675.199595501264,678.777556961946,0,1144.11661949964,0,553.322493722784,1291.01284459141,17344.8269221485,0,0,1118.70815317367,3558.3811508663,385.729559800741,4860.21666685022,2488.5877820295,0,1118.70876541793,0,4949.85625672714,0,1443.98455168633,2139.23299166848,0,0,4358.24178369955,2498.61510318922,0,0,0,0,751.132030693103,3651.27957984763,4369.79828573142,1420.12524705,0,5063.15410746132,2887.29772636437,532.722941952418,1688.18379137872,519.669239276696,0,0,0,1371.32333335593,0,3597.2534686757,0,2290.78726996578,407.189141315416,4866.38697197561,2839.20178891507,686.78022545477,0,0,982.512911878252,471.991244872725,1300.9310316595,0,8954.02130811489,0,3543.95503764741,0,0,0,0,0,302.98126262515,2134.80267411466,0,0,3.48227054397107,0,0,2028.62889425908,0,0,1485.67432940946,0,0,539.307562618758,0,0,1932.15166588535,9339.48398080845,0,0,0,0,0,0,23.8557303559991,0,"CC vs. WC","CC"
"LOC111131071",2742.39805337563,2.50177537342197,3.27603920565143,0.000232415855673433,0.0375055673680215,13.2206913804443,1842.82592274159,784.737328444972,97.9671723118954,5962.22836885305,15.1117487781433,3300.85535620176,39.2090079144344,27.5811564551492,27.9428086753625,2.01750794080012,2059.27782165518,9995.42685396704,2.65150936543929,166.306590908574,9.65486721343441,1181.06795113297,38.7643271012816,10.045833731365,59.2606580704167,52.9771228680161,75.228104214196,8.51752218833083,4.75726549883443,249.010483670254,14.6301177100163,18.2584772535639,4914.63045851303,4814.82176804513,36.3163339024624,15.7839858118452,27972.3447824458,3187.50005538805,4157.2671966723,42.2126733539723,0,100.268367644469,44.6745505118325,9.21945031699543,1664.86626657164,3743.76928660222,1.54953744464921,20.7869846896858,4.65170737230641,411.88031375633,26719.4636887668,59.6515407006596,14.9947396427394,15491.0281313321,0,28.8536767166165,9.24334085403459,18.1603268657923,649.939051592486,32224.7859880869,7.910467791163,821.192768962494,19.391296700246,25.0843471481903,106.46446405968,25.3333523242603,19.325768574415,18.4863271221768,414.920410623363,45.5157326950071,44.9495443512034,3476.36689137498,9.22927660907566,11977.5705216039,141.73483958724,7207.13926917213,3.59680618040592,60.0280369819384,3204.02051937132,427.891554325101,34.4518078098062,137.316351257285,27.2049883547637,28.6950287857041,58.9444195324522,100.123424890841,30.3806697664162,27242.3664730531,17.1546543861609,9.91048861416129,69.6625445319025,17.6445933411769,63.7131163586163,24108.2836490801,90.6448093833174,11.9278651779996,19777.847050829,"CC vs. WC","WC"
"LOC111128875",67.911046425417,24.2183261890313,3.84345213883,1.0008654351602e-10,4.56201488963109e-08,0,96.2520612530972,3.800180767288,1.74941379128385,73.9931385702143,0,12.4387647298361,0,0,0,0,42.4374615487931,463.294743021543,0,0,0,75.13154905426,0,0,0,0,0,0,0,22.3327788045071,0,0,164.730121916863,304.64311078422,0,0,992.76475607087,322.353962887862,72.7825019842587,0,0,0,0,0,87.6808181495661,153.960319438613,0,0,0,4.03804229172873,0,0,0,153.220656268172,0,0,0,0,17.779487733533,85.1511190294485,3.51576346273911,80.8428114522663,0,0,0,0,0,0,0,0,0,97.1229134547519,0,954.601923623066,0,66.1631403354504,0,0,156.359436368142,13.3023281137337,0,0,0,0,0,0,0,1361.90232011259,0,0,0,0,0,137.181932493689,0,0,226.288713625978,"CC vs. WC","WC"
"LOC111128455",263.114686045915,6.2045249727116,3.23417725815365,2.76841672611089e-05,0.00570843134611802,0,320.840204176991,58.902801892964,44.6100516777381,195.388131536972,4.64976885481331,324.062554803624,33.0181119279447,0,3.99182981076607,6.05252382240037,832.835182895064,1997.82755701145,0,2.00369386636836,8.58210418971948,356.874858007735,4.40503717060018,5.47954567165366,5.55568669410156,1.431814131568,4.2382030543209,11.3566962511078,4.75726549883443,84.8645594571268,2.09001681571662,4.05743938968086,604.374089681736,2077.20696428556,4.5395417378078,0,2724.25345521131,1148.26085538006,456.623554115528,7.53797738463791,2.1056993584784,0,3.37166418957227,12.2926004226606,259.834619638348,670.409492239022,3.09907488929842,0,0,102.970078439083,23.2606108546764,14.3986477553316,5.45263259735979,586.646211328138,0,23.0829413732932,1.84866817080692,3.82322670858784,172.856130742682,429.030638186837,5.27364519410866,12.7646544398315,0,2.18124757810351,1.25252310658447,5.42857549805577,10.171457144429,3.89185834151091,9.60463913480007,2.33414013820549,0,308.259681834647,0,4005.30264941847,1.35631425442335,343.584027005146,5.39520927060888,15.1795036046281,633.525302526091,221.705468562228,32.4252308798176,5.31547166157232,2.26708236289698,18.8001912733923,1.35504412718281,9.01110824017567,7.36501085246453,2992.72904760665,0,2.47762215354032,12.115225135983,5.57197684458217,0,507.227313422045,4.42169801869841,2.16870275963628,1360.93448053359,"CC vs. WC","WC"
"LOC111131635",200.835713130703,5.75929760665714,3.62460595075677,4.61792414447519e-05,0.00908926418163711,3.77734039441266,43.1129024362831,59.852847084786,9.62177585206116,479.799257916233,0,27.4962167712166,4.12726399099309,9.9292163238537,0,6.05252382240037,148.531115420776,476.921058992765,0,14.0258570645785,0,7.513154905426,0,0,15.7411122999544,26.488561434008,7.41685534506158,1.89278270851796,2.37863274941721,63.6484195928451,13.585109302158,0,437.462111845444,1781.95353842277,2.2697708689039,3.71387901455181,1766.02933599588,393.432010605372,253.87229858795,3.76898869231896,24.2155426225016,1.07815449080074,1.68583209478613,20.487667371101,14.9698957816332,557.375333663838,6.97291850092145,5.93913848276736,0,31.2948277608976,62.8036493076263,2.05694967933309,0,571.95381963119,0,2.30829413732932,3.69733634161384,0.955806677146961,130.382910045909,625.533220562487,7.03152692547822,579.728055809015,14.5434725251845,0,12.5252310658447,12.6666761621301,0,11.6755750245327,102.769638742361,1.16707006910275,2.14045449291445,125.626377186038,11.3591096727085,3944.92120244231,10.1723569081751,273.358237701729,0.89920154510148,2.75990974629602,284.412423048947,11.0852734281114,0,10.6309433231446,0,18.8001912733923,6.09769857232264,2.00246849781681,1.84125271311613,812.17331064605,0,0,50.4801047332626,0,4.24754109057442,2156.86887139238,4.42169801869841,8.67481103854514,1863.67968863659,"CC vs. WC","WC"
"LOC144619917",8.74852000742048,18.0114189306048,2.85408812179701,1.54624097296944e-10,6.69548111978649e-08,0,5.01312819026548,2.850135575466,0,2.3122855803192,0,59.5751363376359,0,0,0,0,2.12187307743965,16.7708504261192,0,18.0332447973152,0,82.644703959686,2.64302230236011,0,0,0,0,0,0,0,2.09001681571662,0,26.1822710331438,2.08659664920699,0,0,85.7944850925444,10.010992636269,0,0,0,0,0,0,45.9789656150163,13.6420536211429,0,0,0,2.01902114586436,4.65212217093528,0,0,2.098913099564,0,0,1.84866817080692,0,0,16.3752151979709,0,237.209828340202,0,0,0,0,0,0,0,0,0,19.0023091541906,0,5.75061399772931,2.7126285088467,2.32151369598072,0,0,9.43548322911199,1.10852734281114,0,0,0,0,0.677522063591404,6.00740549345044,0,20.5203363062167,0,0,0,0,0,33.4308911119075,0,2.16870275963628,59.7743771842205,"CC vs. WC","WC"
"LOC111130715",207.367033599363,21.8814631726248,2.55734769386854,4.98852226970705e-18,9.96975362225068e-15,0,3.00787691415929,63.653027852074,0,27.7474269638304,0,3.92803096731665,0,0,3.99182981076607,0,19.0968576969569,156.178544593235,0,282.520835157939,0,9.7671013770538,0,0.913257611942276,0,0,5.29775381790113,0,0,5.58319470112676,0,0,216.003736023436,40.6886346595363,0,0,937.054051465322,37.0406727541953,51.1210430603722,0,0,5.39077245400368,0,0,1.06927827011666,28.258539643796,0,0,0,3.02853171879654,15296.1776980352,0,8.17894889603969,2.098913099564,5.39869865983538,2.30829413732932,0,1.91161335429392,7.90199454823691,653.371086399037,0,142.538641244785,0,2.18124757810351,0,0,0,0,0,9.33656055282198,0,29.5591475731854,0,110.220101623145,0,0.580378423995179,0,0,25.6105973361611,8.86821874248914,1.0132884649943,32.7787419130293,1.13354118144849,0,0,58.0715864366876,0,281.884619785398,0,0,2.01920418933051,5.57197684458217,6.37131163586163,386.184431809966,1.1054245046746,7.59045965872699,86.4593669986047,"CC vs. WC","WC"
"LOC111130714",207.960034446252,21.2772583093713,3.40843340625449,1.88252491526915e-10,7.76347298787426e-08,0,6.01575382831857,22.801084603728,0,35.8404264949475,0,9.16540559040553,0,0,0,0,0,205.44291771996,0,1435.64665525293,0,0.7513154905426,0,0,0,0,0,0,0,0,0,0,278.186629727153,8.34638659682796,0,0,420.058712725834,75.0824447720176,21.6614589238865,0,0,0,0,0,26.7319567529165,38.0028636588981,0,0,0,0,14587.8920975103,0,0.681579074669974,2.098913099564,0,0,0,0,0,307.854045721852,0,53.1860601659646,0.969564835012302,0,0,0,0,0,0,3.50121020730824,0,16.8909414703916,0,130.347250615198,0,20.8936232638264,0,0,59.3087517258468,1.10852734281114,0,9.74503137954926,0,0,0,16.0197479825345,0,369.3660535119,0,2.47762215354032,0,8.35796526687325,0,911.856374810994,0,8.67481103854514,37.3589857401378,"CC vs. WC","WC"
"LOC111129711",489.932174904809,10.3486935034562,3.37203937606463,8.31166219419074e-06,0.00184568628604504,0,31.081394779646,12.350587493686,0,472.862401175276,0,51.0644025751165,0,3.3097387746179,0,0,717.193100174603,809.193533060251,0,0,2.14552604742987,1.5026309810852,0,9.13257611942276,33.3341201646094,4.29544239470401,9.53595687222203,0,0.594658187354303,776.06406345662,0,0,663.284199506309,4899.32893233801,13.6186252134234,0,2258.51196470893,348.382543742161,115.238961475076,0,0,3.23446347240221,3.37166418957227,0,12.8313392413999,157.858049044654,0.774768722324605,0.742392310345921,0,1.00951057293218,4549.7754831747,5.14237419833273,0,864.752197020368,0,0,0,2.86742003144088,1092.45074629375,219.42788365281,0,45.7400117427296,0,3.27187136715526,2.50504621316894,36.1905033203718,0,0,3.84185565392003,0,0,184.744672332408,4.96961048180997,11095.8097086187,0,1055.12797482324,3.59680618040592,31.0489846458302,31.0023020385108,8.86821874248914,2.0265769299886,2.65773583078616,2.26708236289698,1.97896750246235,14.2279633354195,2.00246849781681,0,8081.77245154839,1.6337766082058,1.23881107677016,296.823015831584,0,42.4754109057442,1950.5195779775,69.6417437945,0,3951.51329171401,"CC vs. WC","WC"
"LOC111115253",123.271533729652,-9.88314414997013,2.03994965078219,3.75844126936015e-07,0.000101716731895048,207.753721692697,524.373208701769,396.168844989774,115.461310224734,0,137.168181216993,0,184.695063596941,28.6844027133551,0,219.908365547214,59.4124461683103,159.323079048132,0,70.1292853228926,67.5840704940409,0,25.549215589481,347.037892538065,155.559227434844,0,0,0,8.32521462296025,29.0326124458592,47.0253783536239,461.533730576198,0,470.527544396176,95.3303764939639,472.591104601717,167.132113816645,283.311091606413,46.7887512755949,0,33.6911897356545,75.4708143560516,26.9733135165781,95.2676532756195,0,150.062589832572,0,0,138.620879694731,0,16.2824275982735,0,125.410549739275,0,96.0968361450697,53.0907651585744,0,322.106850198526,0,281.653701405099,81.7415005086843,421.23359651444,0,0,131.514926191369,0,87.474531442089,116.755750245327,1013.28942872141,538.019301856366,47.0899988441178,125.626377186038,283.267797463168,0,0,62.1004913674841,0,339.46889879441,0,37.6899296555788,0,0,0,75.2007650935694,80.6251255673771,0,0,4.32007080130877,235.263831581635,0,574.463591864529,269.312214154805,136.983200171025,36.8892591579669,195.660137327405,133.375219717631,118.481354775866,"CC vs. WC","CC"
"LOC111129101",62.4354094025222,1.43797179645711,1.82655830942015,0.000117822862358435,0.0211114192202379,33.0517284511108,11.0288820185841,21.851039411906,97.9671723118954,42.7772832359051,73.2338594633096,20.2948266644694,2.06363199549655,1.10324625820597,29.9387235807455,60.5252382240037,199.456069279327,45.0716605201953,41.098395164309,73.1348261224452,11.8003932608643,45.078929432556,56.3844757836823,14.6121217910764,58.3347102880664,16.465862513032,18.0123629808638,46.3731763586901,19.0290619953377,753.731284652113,11.4950924864414,10.1435984742021,19.6367032748578,67.8143910992272,20.4279378201351,7.42775802910361,18.9416395658864,19.0208860089111,6.06520849868823,21.8601344154499,102.126418886203,29.1101712516199,4.21458023696533,43.024101479312,7.48494789081661,27.2841072422858,21.6935242250889,5.19674617242144,13.9551221169192,11.104616302254,27.9127330256117,11.313223236332,29.3079002108089,9.445108948038,23.7542741032757,6.92488241198797,26.8056884767003,43.0113004716132,49.3874659264807,27.8378658365505,75.5889144488908,36.166520912856,12.6043428551599,20.7218519919833,33.8181238777807,66.9524311426879,37.6343914343871,280.213800588785,46.1022678470404,11.6707006910275,37.4579536260028,39.0603021502806,58.2154370726311,301.907234880789,16.2757710530802,32.50119174373,14.3872247216237,20.0093456606461,9.43548322911199,74.2713319683465,48.6378463197263,660.004397978564,11.3354118144849,75.2007650935694,21.6807060349249,528.651683423639,238.442226348539,54.0008850163597,6.53510643282319,1.23881107677016,53.5089110172584,3.71465122972145,96.6315598105681,11.5278934868647,66.3254702804762,106.266435222178,19.2131926663566,"CC vs. WC","WC"
"LOC144619904",26.6500245875775,18.5962042159534,2.93104275387216,1.1943426813861e-10,5.35003744915383e-08,0,441.155280743362,15.200723069152,6.12294826949346,23.122855803192,4.64976885481331,45.1723561241415,0,0,0,3.02626191120019,0,241.080974875463,0,4.00738773273672,0,158.527568504489,0,0,0,5.72725652627201,0,0,0,0,0,0,109.092795971432,17.7360715182594,0,0,244.012886172302,19.0208860089111,26.8602090656193,0,0,0,0,0,178.569471109482,89.6477809389391,0,0,0,5.04755286466091,30.2387941110793,0,0,73.46195848474,0,0,0,0,0,81.8760759898543,0,34.0390785062174,0,0,2.50504621316894,3.61905033203718,0,0,11.5255669617601,0,0,144.628686340228,1.41988870908856,9.58435666288218,5.4252570176934,13.9290821758843,0,0,2.69585235117486,90.8992421105136,0,1.77182388719077,0,0,0,0,0,48.6007965147237,0,4.95524430708064,0,0,0,99.139883987036,0,0,153.705541330853,"CC vs. WC","WC"
"LOC111130134",3779.57263028681,2.80777503190781,3.70934708126897,0.000267646825020762,0.0414346116875277,6.61034569022216,755.979731092034,1287.31123491881,38.4871034082446,9030.63133393662,29.0610553425832,2366.63865780828,48.4953518941688,18.7551863895014,15.9673192430643,24.2100952896015,269.477880834836,13203.900176114,15.9090561926357,5969.00402791135,0,72.1262870920896,0,12.7856065671919,48.1492846822136,39.3748886181201,21.1910152716045,0.946391354258981,6.54124006089734,353.974544051437,9.40507567072478,20.2871969484043,5264.81833358133,14253.5417107329,18.1581669512312,0,9085.30170707281,2576.82950457564,8245.21772478816,9.0455728615655,0,12.9378538896088,33.7166418957227,9.21945031699543,397.771516483397,8189.12990229178,11.6215308348691,8.16631541380513,5.58204884676769,709.685932771324,9905.53113246394,6.17084903799927,3.40789537334987,13439.3405765083,0,12.6956177553113,1.84866817080692,0.955806677146961,2948.4317158109,44368.645578902,3.51576346273911,82.9702538589049,5.81738901007381,56.7124370306911,10.0201848526758,45.2381291504648,3.05143714332869,47.6752646835086,89.3231439536407,53.6852231787264,23.5449994220589,5987.83875125383,20.5883862817842,13653.874501942,4.74709989048173,1089.37030183895,0,106.946502668971,1023.07596727086,104.201570224247,5.06644232497149,50.4969807849371,23.8043648104183,14.8422562684676,50.8141547693553,43.0530727030615,1.84125271311613,23003.2969992689,0,0,174.661162377089,0.928662807430361,39.2897550878134,124178.468640506,132.650940560952,11.9278651779996,24394.3502887174,"CC vs. WC","WC"
"LOC111130132",492.052342525204,22.8341761192698,2.65173757146124,2.8701533868088e-18,7.46808841840561e-15,0,34.0892716938053,220.410484502704,0,49.7141399768627,0,7.2013901067472,20.6363199549655,0,0,0,131.556130801259,244.225509330361,0,6887.69766564124,0,23.2907802068206,0,1.82651522388455,7.40758225880209,0,7.41685534506158,6.62473947981287,0,4.46655576090141,0,0,146.184346601719,212.832858219113,0,0,4330.95017603532,73.0802462447638,124.770003401586,0,2.1056993584784,11.8596993988081,0,0,24.5934002126832,15.5909184241633,0,0,0,26.2472748962367,27576.6171987616,0,0,22.038587545422,0,3.46244120599398,0,0,74.081198889721,2700.27298614539,0,320.180082199107,0,0,2.50504621316894,5.42857549805577,0,0,3.84185565392003,10.5036306219247,0,25.3364122055874,0,436.088228161139,10.1723569081751,16.250595871865,0,0.689977436574005,88.9631275887702,38.79845699839,0,33.6646538566247,0,2.96845125369353,0.677522063591404,52.0641809432372,0,540.008850163597,0,0,17.1632356093093,0,8.49508218114884,365.43422353361,0,33.6148927743624,264.715098958691,"CC vs. WC","WC"
"LOC111118928",68.9573157329344,3.31818686954193,3.4957348198167,0.00014340944765988,0.0248394723976757,1.88867019720633,3.00787691415929,2.850135575466,1.74941379128385,0,0,0.654671827886109,0,3.3097387746179,0.997957452691516,2.01750794080012,952.721011770405,1.04817815163245,0,1.00184693318418,0,0,0,0,2.77784334705078,0.715907065784001,1.05955076358023,0,2.37863274941721,1.11663894022535,1.04500840785831,1.01435984742021,2.18185591942865,6.25978994762097,6.80931260671171,0.928469753637951,0,0,0.866458356955461,0.753797738463791,3.1585490377176,0,0,1.02438336855505,0,2.92329720453062,3.87384361162303,1.48478462069184,0.930341474461282,0,0,0,2.7263162986799,4.197826199128,707.229524438434,1.15414706866466,4.6216704270173,0.955806677146961,8.88974386676652,0,4.39470432842389,2.12744240663859,0,1317.47353717452,776.564326082372,2.71428774902789,6.10287428665738,0,11.5255669617601,0,842.268842961834,1.05568384189948,0.709944354544282,4.79217833144109,0,2.90189211997589,5.39520927060888,4.82984205601803,249.366342483674,0,0,0,3.40062354434547,0,6.77522063591404,2.00246849781681,0,5.40008850163597,573.455589480235,765.585245443959,0,0.928662807430361,5.30942636321803,2.30557869737293,2.21084900934921,1.08435137981814,1.06739959257537,"CC vs. WC","WC"
"LOC111118775",4.93929173027756,17.6685650280547,3.12247918156314,8.30823791368212e-09,2.66489295352315e-06,0,0,19.950949028262,3.49882758256769,15.0298562720748,0,0,0,218.442759124781,0,1.00875397040006,4.24374615487931,2.0963563032649,0,0,4.29105209485974,61.6078702244932,0,0,0,0,0,0,0,0,0,0,2.18185591942865,0,0,0,0,2.0021985272538,0,0,0,25.8757077792177,0,0,0,0,0,0,0.930341474461282,0,0,0,0,0,0,0,0,0,0,0,0,0,0,0,7.51513863950682,0,0,0,7.68371130784006,2.33414013820549,0,2.11136768379895,0,0,0,8.70567635992768,5.39520927060888,7.58975180231405,0,8.86821874248914,0,7.97320749235849,0,0,0,0,0,0,0,9.91048861416129,0,17.6445933411769,3.18565581793082,0,0,4.33740551927257,0,"CC vs. WC","WC"
"LOC111121144",48.1832525987844,4.41916058292006,1.28131674395602,2.63547066914002e-06,0.000639926761261,33.0517284511108,18.0472614849557,45.602169207456,10.4964827477031,6.93685674095759,9.29953770962662,120.459616331044,33.0181119279447,0,0.997957452691516,14.1225555856009,162.323290424134,55.5534420365198,10.6060374617572,0,32.1828907114481,54.0947153190672,12.3341040776805,33.7905316418642,4.6297389117513,17.181769578816,42.382030543209,49.212350421467,7.13589824825164,12.2830283424789,10.4500840785831,14.201037863883,89.4560926965746,92.853550889711,27.2372504268468,12.9985765509313,98.050840105765,27.0296801179263,123.903545044631,18.091145723131,7.36994775467441,22.6412443068155,6.74332837914453,2.0487667371101,120.828444523182,45.7983228709797,3.09907488929842,52.7098540345604,0,44.418465209016,29.0757635683455,9.25627355699891,49.0736933762381,25.186957194768,4.3189589278683,25.3912355106225,16.6380135372623,58.3042073059646,17.779487733533,3.27504303959417,14.0630538509564,0,43.6304175755536,26.1749709372421,16.2828003855981,52.4762298145391,25.4286428610724,17.5133625367991,15.3674226156801,5.83535034551373,20.3343176826872,44.338721359778,20.5883862817842,1537.3308087263,8.1378855265401,20.8936232638264,10.7904185412178,45.5385108138843,78.1797181840708,52.1007851121237,6.07973078996579,13.2886791539308,34.0062354434546,31.6634800393976,12.8729192082367,12.0148109869009,11.0475162786968,109.081787733047,3.2675532164116,2.47762215354032,51.4897068279279,15.7872677263161,14.8663938170105,93.3759372436037,17.6867920747936,17.3496220770903,87.52676659118,"CC vs. WC","WC"
"LOC111122081",142.955815070393,-3.41351873918795,1.19657386636085,4.33521837091878e-06,0.00099675494243222,43.4394145357456,56.1470357309734,61.75293746843,36.7376896169608,56.6509967178203,34.8732664110998,2539.47202037022,2619.78081828287,31.994141487973,87.8202558368534,56.4902223424035,179.298275043651,109.010527769775,15.9090561926357,19.0350917304994,42.9105209485974,90.157858865112,73.123617031963,47.4893958209983,9.25947782350261,21.47721197352,41.3224797796288,401.269934205808,43.4100476768641,24.5660566849578,40.7553279064741,39.5600340493884,62.1828937037165,93.8968492143145,93.06060562506,33.4249111309663,109.192981026875,59.0648565539871,48.5216679895058,49.7506507386102,38.9554381318505,34.5009437056236,2587.75226549672,43.024101479312,111.204940092133,54.5682144845716,59.6571916189946,23.0141616207235,32.5619516061449,57.5421026571343,47.6842522520866,19.5410219536644,29.3079002108089,78.70924123365,79.9007401655636,39.2410003345985,37.8976975015418,49.701947211642,33.5834768300069,72.0509468710718,22.8524625078042,122.327938381719,39.7521582355044,74.1624176555192,26.3029852382739,149.285826196534,46.7887028643732,50.5941584396418,85.4812882997206,50.1840129714181,40.6686353653745,54.8955597787728,40.4668282090241,77.6332889693457,36.6204848694305,30.1796780477493,61.1457050669007,53.1282626161984,118.617503451694,98.6589335101916,16.2126154399088,54.926540502914,41.9410237135941,25.7265775320106,23.7132722256992,52.0641809432372,29.4600434098581,111.241823133701,59.6328461995117,37.1643323031048,61.5857277745804,70.5783733647075,27.6090170887337,107.209409427841,74.0634418131984,50.9645148514527,124.885752331318,"CC vs. WC","CC"
"LOC111118378",19.9777963488867,-21.0293635480974,3.07125989531926,3.39454537921498e-12,2.09984960708058e-09,0,8.02100510442476,5.700271150932,0,0,0,0,0,0,0,0,0,2.0963563032649,0,0,0,0,2.64302230236011,9.13257611942276,0,0,19.0719137444441,0,21.4076947447549,0,0,0,0,0,4.5395417378078,0,452.370921397052,0,0,0,0,0,69.9620319336245,0,2.13855654023332,0,0,0,0,49.4660180736769,0,2.05694967933309,0,0,0,0,0,0,0,0,0,807.364393319343,3.87825934004921,0,7.51513863950682,0,0,0,0,0,0,6.33410305139686,4.25966612726569,0,0,0,0,0.689977436574005,29.6543758629234,0,0,8.85911943595387,0,3.9579350049247,297.432185916627,0,2.7618790696742,2.16003540065439,0,0,0,0,2.12377054528721,6.91673609211879,1.1054245046746,4.33740551927257,0,"CC vs. WC","CC"
"LOC111115329",442.015928981878,22.9513717967278,2.74562487573919,2.4721966081173e-17,4.01438375471847e-14,1.88867019720633,15.0393845707964,792.337689979548,12.2458965389869,427.772832359051,77.883628318123,674.311982722692,0,0,0,0,550.62606359559,115.299596679569,0,545.004731652194,0,7.513154905426,5.28604460472022,0,1.85189556470052,0,0,19.8742184394386,0,66.9983364135212,0,0,18.5457753151435,285.863740941358,0,0,7691.419877842,12.0131911635228,597.856266299268,0,0,4.31261796320295,0,0,60.9488613966496,17.5397832271837,0,0,0,65.6181872405918,11423.2859907316,0,0.681579074669974,487.99729564863,0,4.61658827465864,0,0,85.9341907120764,3117.84097369365,1.75788173136955,855.231847468712,0,4.36249515620701,2.50504621316894,34.3809781543532,0,0,7.68371130784006,7.00242041461648,0,50.6728244111749,0,515.638388463062,15.5976139258685,10.4468116319132,0,0,145.576026963442,5.54263671405571,0,0,2.26708236289698,0,0,2.00246849781681,0,3007.84929541123,0,0,14.1344293253135,4.64331403715181,0,4967.36930348998,0,2.16870275963628,3820.22314182723,"CC vs. WC","WC"
"LOC111111250",147.195997982538,-16.8684431847888,3.61453326462365,5.87994230685811e-07,0.000154309879873213,3.77734039441266,1375.60237540885,282.163421971134,280.780913501057,0,22.0864020603632,1518.83864069577,0,0,1.99591490538303,0,22.2796673131164,677.123085954562,0,0,0,480.090598456721,0,0,0,0,0,0.946391354258981,0,0,0,0,1994.21631035778,1.04329832460349,0,0,85.7944850925444,319.350665096981,201.018338813667,0,0,0,2.5287481421792,0,1213.63083658241,362.488853361797,3.87384361162303,0,0,0,0,1.02847483966655,0,0,0,0,0,0,0,0,0,0,0.969564835012302,0,0,1.80952516601859,0,0,0.960463913480007,0,0,1703.87372082576,0,0,0,0,0,0,571.520698449069,130.806226451715,0,0,0,0,0,0,0,1347.86209000834,0,0,0,0.928662807430361,0,10.3751041381782,0,2.16870275963628,920.098448799966,"CC vs. WC","CC"
"LOC144621477",14.3891700601336,37.3024801860522,3.58461652083312,1.88508171692755e-26,8.16271801458245e-23,0,0,0,0,0,0,0,0,0,0,0,0,2.0963563032649,0,0,0,0,2.64302230236011,0,0,1.431814131568,0,0,0,0,0,0,0,441.315191307278,0,0,28.9695663948851,2.0021985272538,160.29479603676,0,0,0,0,0,0,105.238699363102,0,0,0,190.797498284182,0,9.25627355699891,0,0,0,0,0,3.82322670858784,0,0,0,0,0,0,0,0,0,0,25.9325256639602,0,0,0,0,6.70904966401753,0.678157127211675,4.64302739196143,0,0.689977436574005,4.04377852676228,0,10.132884649943,0,0,0,0,0,0,0,0,0,0,0,0,9.22231478949172,0,4.33740551927257,309.545881846856,"CC vs. WC","WC"
"LOC111111690",596.144108708646,25.9949716098697,3.31281444829043,1.26119764415722e-15,1.26027599972495e-12,1352.28786119973,0,0,0,329.500695195485,0,0,0,1176.06051124756,0,0,0,0,0,0,0,0,1351.46540394014,1731.53643224256,0,0,1131.60021550368,1299.39532939758,0,0,0,0,0,4712.57853223399,1978.10531224975,0,0,0,0,0,12.6341961508704,536.920936418767,0,0,600.934387805562,1061.15688524462,0,0,0,1773.71007664184,864.131693251228,1727.8377306398,1449.03711274837,0,1048.42727974003,0,592.498148743617,0,0,0,0,0,0,510.41193327622,1744.76468747217,0,1215.48912875926,0,0,930.154845074889,1838.65040941351,0,616.941644098981,980.479686612848,1683.86414686659,0,0,0,0,0,676.876694616192,2922.62350192118,0,1392.20363798226,0,0,1343.19385421822,0,562.836041526898,1017.0638940283,3850.62238905327,835.796526687325,0,948.745633968961,1595.12756024545,1193.87086917977,4255.72217559798,"CC vs. WC","WC"
"LOC111116007",265.459171906605,5.83962914578324,4.99885760695708,0.000120032544408739,0.0213600379197496,0,88.2310561486724,34.201626905592,16.6194310171965,9.24914232127678,217.376693962522,115.876913535841,50.5589838896654,0,0,0,2149.45742744637,1081.71985248469,2.65150936543929,2137.94135541504,4.29105209485974,0,6.16705203884025,10.9590913433073,0,0,0,0,0,22.3327788045071,0,0,159.275482118291,3.12989497381048,6.80931260671171,0,22.2842818422193,4.0043970545076,329.254175643075,0,0,2.15630898160147,2.5287481421792,10.2438336855505,41.7018525345497,204.630804317143,0,0,0,1.00951057293218,12914.2911465163,0,1.36315814933995,113.341307376456,0,0,0,0,98.7749318529613,345.517040677185,36.9155163587606,30.8479148962595,0,521.318171166738,0,1.80952516601859,0,3.89185834151091,40.3394843661603,1.16707006910275,0,60.1739789882702,0,90.0929526310925,2351.17076004288,17.4113527198554,0,0,10.7834094046994,56.5348944833682,0,0,36.2733178063516,12.8632887660053,2.71008825436562,4.00493699563363,0,2.16003540065439,0,0,10.0960209466525,24.1452329931894,0,872.661536955654,0,15.180919317454,11.741395518329,"CC vs. WC","WC"
"LOC111114618",127.894260009919,22.2342598332288,3.4587058655106,5.22935954664275e-11,2.56347151662878e-08,0,56.1470357309734,211.860077776306,42.8606378864542,127.175706917556,0,660.563874337084,20.6363199549655,0,0,0,15.9140480807974,749.447378417201,0,0,0,438.768246476878,0,0,0,0,4.2382030543209,0,1.18931637470861,0,0,0,1389.84222067605,28.1690547642944,0,0,182.731111106198,936.027811491152,389.039802273002,0,0,0,0,0,320.783481034998,562.24749567139,0,0,0,2.01902114586436,0,0,0,209.8913099564,0,1.15414706866466,0,0,3.95099727411845,191.590017816259,1.75788173136955,0,1.9391296700246,0,0,0,0,0,50.9045874144404,0,2.14045449291445,465.556574277669,0,302.865670547077,0.678157127211675,88.7978988712623,0,0,686.094423374001,31.038765598712,0,0,0,0,0,0,0,2850.16671116346,0,0,0,0,0,583.311410435351,0,0,154.772940923428,"CC vs. WC","WC"
"LOC111111450",40.3950352800303,19.143664120974,2.79540180508461,3.8751849231343e-12,2.34142277878959e-09,0,23.0603896752212,115.905513402284,31.4894482431092,75.1492813603739,22.0864020603632,276.926183195824,0,0,0,0,141.104559649737,316.549801793,0,0,0,150.26309810852,0.881007434120036,0,0.925947782350261,0,0,0,0,0,0,0,76.3649571800027,31.2989497381048,0,0,584.962398358257,39.0428712814491,8.66458356955461,0,0,0,0,0,163.599575327849,94.5199429464901,0,0,0,107.008120730811,17.4454581410073,0,0.681579074669974,28.335326844114,0,0,0,0,9.87749318529613,73.6884683908689,0,55.3135025726032,0,6.54374273431051,0,2.71428774902789,0,0,16.3278865291601,0,0,51.7285082530744,0,38.3374266515287,6.78157127211675,29.0189211997589,0,0,17.5230402826366,113.069788966736,0,0,0,0,0,0,0,436.327150932186,0,0,0,0,0,140.640300539749,0,10.8435137981814,401.342246808338,"CC vs. WC","WC"
"LOC144621397",772.481598008496,4.01868475964104,4.23204798231247,0.000170730128191657,0.0289917611800486,5.666010591619,141.370214965486,198.559445090798,147.825465363485,302.909411021815,310.372071058788,2540.1266921981,287.876663371768,11.0324625820597,0,0,7064.77641133533,1785.04739223006,1.32575468271965,3038.60174834762,77.2389377074753,1286.25211980893,0,9.13257611942276,1.85189556470052,0,2.11910152716045,1.89278270851796,0,231.144260626648,0,5.07179923710107,841.105456939744,1324.98887224644,1.13488543445195,0,5073.01676138123,458.503462741121,1834.29234167471,0.753797738463791,4.21139871695681,29.1101712516199,0.842916047393067,2.0487667371101,669.368197093029,883.810188169758,0.774768722324605,5.19674617242144,0.930341474461282,1319.43031882236,24605.0741620767,10.2847483966655,7.49736982136972,573.003276180972,0,0,0,0,469.180926301566,302.941481162461,46.5838658812932,362.728930331879,2.9086945050369,50.1686942963806,11.2727079592602,5.42857549805577,0,0,819.275718198446,0,0,756.925314641925,0,1473.11561908499,802.938038618624,403.363004676649,1.79840309020296,4.13986461944403,997.465369934696,460.038847266624,2.0265769299886,8.85911943595387,28.3385295362122,13.8527725172365,0,0,0,4156.98812855937,0,8.67167753739113,50.4801047332626,18.5732561486072,10.6188527264361,426.532059013992,2.21084900934921,92.1698672845421,4183.13900330286,"CC vs. WC","WC"
"LOC144621845",19.0999807150145,16.9921045426536,2.46546213890923,3.28786669066492e-12,2.08346498756501e-09,4.72167549301583,0,0,0,71.6808529898951,76.7211861044196,9.16540559040553,0,90.4661931728892,0,23.2013413192014,0,0,0,84.1551423874711,0,50.3381378663542,0,9.13257611942276,0,10.022698920976,1.05955076358023,2.83917406277694,0,0,0,0,0,0,0,0,28.9695663948851,0,62.3850017007932,0,0,19.4067808344133,0,4.09753347422019,0,0,0,15.5902385172643,12.0944391679967,1.00951057293218,3.48909162820146,30.8542451899964,2.7263162986799,0,17.2758357114732,805.594653927933,47.1410383555764,4.77903338573481,10.8652425038257,0,0,0,26.1782505453321,2.18124757810351,0,30.761927822316,10.171457144429,0,1.92092782696001,0,5.35113623228612,6.33410305139686,0,0,35.2641706150071,2.32151369598072,0,0,0,7.75969139967799,4.0531538599772,5.31547166157232,0,0,23.7132722256992,0,38.6663069754388,43.2007080130877,11.4364362574406,0,0,2.78598842229108,0,0,0,0,0,"CC vs. WC","WC"
"LOC111115372",165.865079333313,1.67208274403389,2.68670010612129,0.000330585906880681,0.0493617956704998,16.0536966762538,345.905845128318,269.812834477448,82.2224481903408,0,4.64976885481331,490.349199086696,141.358791691513,0,0,4.03501588160025,292.818484686672,968.516612108383,0,14.0258570645785,2.14552604742987,135.236788297668,111.887944133245,0,8.33353004115235,29.352189697144,0,10.4103048968488,0.594658187354303,11.1663894022535,6.27005044714986,3.04307954226064,988.380731501178,875.327294342332,2.2697708689039,0,826.746856346337,175.192371134708,226.145631165375,5.27658416924654,0,18.3286263436125,4.21458023696533,8.19506694844038,404.187186104097,463.829823118859,35.6393612269318,2.96956924138368,6.51239032122897,103.979589012015,96.531535046907,37.0250942279956,2.04473722400992,1545.84949782889,47.5085482065513,10.387323617982,0,22.9393602515271,32.5957275114772,111.351463346202,1.75788173136955,44.6762905394103,15.5130373601968,113.424874061382,16.2828003855981,18.0952516601859,10.171457144429,1.94592917075545,99.8882470019208,2.33414013820549,0,178.410569281012,4.25966612726569,2340.49989707583,436.055032797107,107.370008439108,4.4960077255074,4.13986461944403,277.67279217101,300.410909901819,4.0531538599772,10.6309433231446,3.40062354434547,0.989483751231176,3.38761031795702,20.0246849781681,21.1744062008355,415.80681462597,13.0702128656464,7.43286646062097,18.1728377039746,7.42930245944289,24.4233612708029,615.589512198572,5.52712252337301,27.1087844954535,1082.34318687142,"CC vs. WC","WC"
"LOC111114163",42.2394893582824,19.7552434800984,4.14986415086494,3.96285085718286e-07,0.000106143121773678,0,0,11.400542301864,29.7400344518254,70.5247101997355,0,10.4747492461777,0,0,0,0,0,0,0,0,0,0,0,0,0,1.431814131568,0,1.89278270851796,0,0,0,0,5.45463979857162,35.4721430365188,0,0,95.8224119215431,0,116.105419832032,0,0,3.23446347240221,0,0,25.6626784827998,1.94886480302041,0,0,0,2.01902114586436,0,0,0,243.473919549424,0,0,0,0,0,158.839587420317,0,0,0,0,0,0,0,0,0,0,0,86.5660750357571,0,43.1296049829698,0,8.70567635992768,0,0,0,1.10852734281114,0,0,0,0,0,1.00123424890841,0,32.4005310098158,0,0,0,0,0,2643.34597653807,0,6.50610827890885,249.771504662636,"CC vs. WC","WC"
"LOC144622007",92.516138729892,-4.77243830428451,2.9555278737456,3.70648876514785e-05,0.00752330348494581,3.77734039441266,18.0472614849557,0,126.832499868079,9.24914232127678,84.8582816003429,0,617.025966653467,19.8584326477074,231.526129024432,30.2626191120019,92.301478868625,42.9753042169304,45.0756592124679,26.0480202627887,33.255653735163,0,64.3135426907626,144.29470268688,22.2227467764063,0,0,1.89278270851796,69.5750079204535,26.7993345654085,12.5401008942997,566.01279486048,12.0002075568576,6.25978994762097,5.67442717225976,817.981852955035,0,45.0494668632105,17.3291671391092,411.57356520123,32.6383400564153,171.426564037317,119.694078729815,17.4145172654358,11.7620609712833,25.3352424392654,0.774768722324605,0,1547.15787202911,42.3994440631516,27.9127330256117,0,40.8947444801985,22.038587545422,310.965042806518,113.106412729137,0,2.86742003144088,19.7549863705923,4.91256455939126,37.7944572244454,65.9507146057962,0,724.174195930364,97.6968023135887,36.1905033203718,6.10287428665738,35.9996896589759,34.5767008852803,35.0121020730824,388.492490463972,0,19.8784419272399,0,5.4252570176934,4.64302739196143,41.3632710746681,4.82984205601803,70.0921611305462,8.86821874248914,7.09301925496009,217.04842618087,0,94.9904401181929,0,12.0148109869009,25.7775379836259,0,0,4.95524430708064,60.5761256799152,17.6445933411769,18.0520496349413,0,320.573106355635,0,0,"CC vs. WC","CC"
"LOC111111120",90.7888716462105,21.9970844231162,3.2325044984523,4.21072805212877e-12,2.43108723383017e-09,3.77734039441266,70.1837946637167,62.702982660252,41.9859309908123,139.893277609311,0,535.521555210837,0,0,0,0,628.074430922138,241.080974875463,0,0,0,175.056509296426,0.881007434120036,0,2.77784334705078,0,0,0,0,4.46655576090141,0,0,190.912392950007,302.556514135014,0,0,793.320433583008,196.215455670873,191.487296887157,0,0,0,0,0,187.123697270415,277.713234430409,0,0,0,84.7988881263032,205.856406063886,0,0,307.490769086126,0,0,0,0,51.3629645635399,237.440620370577,0,264.866579626504,0.969564835012302,4.36249515620701,0,0,0,0,28.8139174044002,0,2.14045449291445,190.023091541906,0,285.613828553889,0,146.255362846785,0,0,305.979241858346,66.5116405686685,0,0,0,0,0,0,0,745.212213225764,0,0,4.03840837866101,0,0,537.199836487893,0,0,837.908680171662,"CC vs. WC","WC"
"LOC111111524",187.371915666357,23.1230820298301,3.35798712691884,2.17557568522056e-12,1.41309079694288e-09,0,158.414850812389,437.970833429942,104.964827477031,157.235419461705,0,1639.29825702682,312.640247317727,0,0,0,2151.57930052381,683.412154864357,0,2.00369386636836,0,804.658890371124,0,0,1.85189556470052,0,8.47640610864181,0,0,26.7993345654085,0,0,148.366202521148,440.271892982675,0,0,2179.40276416905,404.444102505268,203.617713884533,0,0,0,0,0,642.636240340112,457.983228709797,0,1.48478462069184,0,412.889824329262,47.6842522520866,0,0,215.13859270531,0,0,0,0,110.627923675317,175.214802618288,0,272.312628049739,0,0,0,0,0,0,293.901957524882,0,0,338.874513249732,0,683.3646300635,0,279.162021941681,0,0,686.094423374001,109.744206938303,0,0,0,3.9579350049247,0,0,0,2141.67509974882,0,0,5.04801047332626,0,0,96.8343052896631,1.1054245046746,0,397.072648438036,"CC vs. WC","WC"
"LOC111111511",639.155990385539,24.0058921687534,3.43274561299267,9.43376885452586e-13,6.62429050295774e-10,0,561.470357309733,784.737328444972,223.924965284332,226.603986871281,0,5079.59871256832,125.881551725289,0,0,0,2291.62292363483,2252.53484785813,0,9.01662239865762,3.21828907114481,1552.21780346101,0,0,1.85189556470052,0,0,1.89278270851796,0,70.3482532341972,0,0,2103.30910632922,2084.51005255778,0,0,3319.24378039857,1541.69286598543,594.390432871446,0,0,0,0,0,1763.23986742237,1582.47822005258,0,0,0,1281.06891705094,1144.42205405008,0,0,2782.10931347208,0,0,0,0,221.255847350633,1883.14974776665,0,991.388161493581,0,30.5374660934491,0,0,0,0,730.913038158286,0,0,1330.16164079334,0,2635.6980822926,1.35631425442335,705.740163578137,0,0,2555.66802891376,662.899351001063,0,2.65773583078616,0,0,0,6.00740549345044,0,4986.44172241065,0,0,6.05761256799152,0,0,3489.49335847393,2.21084900934921,0,7179.32965966191,"CC vs. WC","WC"
"LOC144621684",22.8451890924496,17.3749593922285,2.74818207008895,1.49561639698346e-10,6.58603552712328e-08,0,11.0288820185841,60.802892276608,6.12294826949346,12.7175706917556,2.32488442740666,77.905947518447,6.19089598648964,2.20649251641193,0,0,42.4374615487931,185.527532838944,0,0,2.14552604742987,122.464424958444,0,1.82651522388455,0,8.59088478940801,0,0,0,4.46655576090141,0,0,6.54556775828594,5.21649162301747,0,0,369.919078580841,18.0197867452842,25.9937507086638,0,0,0,0,0,48.1175221552497,44.8238904694695,0,0,0,20.1902114586436,6.97818325640292,0,0,97.599459129726,0,0,0,0,35.5589754670661,189.952496296462,0,27.6567512863016,0,0,0,0,1.0171457144429,0,4.80231956740004,0,0,61.2296628301697,1.41988870908856,65.1736253075989,0,24.9562722317927,0,0,60.6566779014343,0,0,1.77182388719077,0,0,0,0,0,328.325380899467,0,0,1.00960209466525,0,0,61.0978354803827,0,0,46.9655820733161,"CC vs. WC","WC"
"LOC111111154",7.98863531940936,1.05629427594848,1.70648675973244,0.000208580203303276,0.0342125155445618,2.8330052958095,6.01575382831857,4.75022595911,6.99765516513539,2.3122855803192,3.48732664110998,6.54671827886109,0,2.20649251641193,18.9611916011388,8.0700317632005,16.9749846195172,1.04817815163245,9.28028277903752,15.0277039977627,5.36381511857468,2.2539464716278,2.64302230236011,7.30606089553821,12.0373211705534,7.15907065784001,7.41685534506158,6.62473947981287,2.37863274941721,3.34991682067606,16.720134525733,3.04307954226064,12.0002075568576,15.6494748690524,7.94419804116366,1.8569395072759,4.45685636844386,4.0043970545076,0,2.26139321539137,17.8984445470664,20.484935325214,1.68583209478613,2.0487667371101,4.27711308046664,0,2.32430616697382,1.48478462069184,7.44273179569026,15.1426585939827,5.8151527136691,23.6549213123305,8.17894889603969,3.148369649346,0,4.61658827465864,1.84866817080692,0.955806677146961,13.8284904594146,1.63752151979709,5.27364519410866,0,12.6043428551599,14.1781092576728,7.51513863950682,10.8571509961115,3.05143714332869,22.3781854636877,2.88139174044002,8.16949048371923,4.28090898582889,3.16705152569843,0.709944354544282,13.4180993280351,4.06894276327005,1.74113527198554,0.89920154510148,11.7296164217581,2.69585235117486,0,5.06644232497149,13.2886791539308,2.26708236289698,7.91587000984941,2.71008825436562,2.00246849781681,14.7300217049291,1.08001770032719,5.7182181287203,132.552785214407,5.04801047332626,12.0726164965947,7.43319690850524,0,5.52712252337301,3.25305413945443,19.2131926663566,"CC vs. WC","WC"
"LOC144621324",33.9334023861543,20.8160947178578,3.50492417944745,1.28438831776064e-09,4.69995674418862e-07,0,16.0420102088495,0,182.813741189162,147.986277140429,0,0,0,139.009028533952,0,117.015460566407,0,0,0,128.236407447575,0,121.713109467901,0,0.913257611942276,112.039681664382,0,0,0,0,0,77.3306221815149,0,1.09092795971432,0,0,0,119.220907855873,0,0,0,94.7564711315281,0,0,0,0,0,0,147.736069758838,0,0,0,0,0,133.280981822314,0,0,172.850473970447,0,170.880632105623,0,0,0,0,88.340526913192,0,103.14293446306,0,0,0,1.16707006910275,0,219.582239115091,0,0,122.746440025313,0,169.049890479078,0.689977436574005,0,0,0,185.155596211436,0,98.9483751231176,143.634677481378,0,0.920626356558067,104.761716931738,0.816888304102899,0,0,0,0,0,0,0,0,"CC vs. WC","WC"
"LOC111114643",4.95673073247683,17.552218374598,3.04440817165859,4.54386550964734e-09,1.51351499751471e-06,364.513348060822,2.00525127610619,5.700271150932,0,0,0,0,0,0,0,0,8.48749230975862,0,0,0,6.43657814228961,0,1.76201486824007,0.913257611942276,1.85189556470052,2.863628263136,2.11910152716045,0,0,8.93311152180282,0,0,0,0,0,0,0,2.0021985272538,0,0,2.1056993584784,0,0,0,0,0,0,0,0,0,0,0,0,0,0,0,0,0,0,0,0,0,1.9391296700246,0,0,0,0,7.78371668302181,0,0,6.42136347874334,0,1.41988870908856,0,0,0,0,0,0,11.0852734281114,0,0,0,0.989483751231176,0,1.00123424890841,0.920626356558067,0,0,4.95524430708064,0,0.928662807430361,0,4.61115739474586,0,0,4.26959837030146,"CC vs. WC","WC"
"LOC144621318",21.3363923599477,-44.3953045133091,4.78699538208904,4.44104659793713e-22,1.64832616658578e-18,0,117.307199652212,0,0,0,54.6347840440564,0,0,0,0,0,0,0,0,0,0,0,0,0,0,0,0,0,0,58.0652248917183,108.680874417264,0,0,0,155.479304519917,184.765480973952,0,70.0769484538831,0,0,108.443516961638,0,96.0924294028096,66.5849189560781,102.650713931199,0,0,0,0,0,70.944863106763,0,0,90.253263281252,0,0,0.924334085403459,0,0,157.20206590052,71.1942101204669,128.710265601634,0,0,0,0,0,0,91.2440717806007,0,0,0,0,0,0,93.4409262632238,0,0,0,0,0,0,0,0,0,0,136.252700770594,0,0,0,0,0,0,0,0,0,0,"CC vs. WC","CC"
"LOC111111853",191.345832696437,23.8667305393596,2.77884929733972,3.19218629356768e-18,7.5396538266529e-15,0,0,3.800180767288,0,0,1128.73138950593,0,0,0,0.997957452691516,0,16.9749846195172,447.572070747056,0,1691.1176232149,0,0,12.3341040776805,1093.1693614949,0,833.315824572577,22.2505660351847,52.0515244842439,0,985.992184218986,0,0,0,49.0350212563643,0,0,73.5381300793237,14.0153896907766,0,0,1991.99159312057,0,0,0,0,559.324198466859,0,6.68153079311328,33.4922930806062,26.2472748962367,0,30.8542451899964,0,1.049456549782,0,1.15414706866466,1643.46600384735,929.999896863993,1166.53194518347,21.2877797573621,0,0,63.9912791108119,0,5.01009242633788,22.6190645752324,1.0171457144429,1174.36825455092,0,3.50121020730824,2.14045449291445,0,35.4972177272141,0,4.74709989048173,0,0.89920154510148,1.37995487314801,0,0,791.378291160547,54.0406285593186,6.80124708869093,0,0.677522063591404,24.0296219738018,0,0,0.816888304102899,572.330717467814,23.2208481773008,56.648431253252,58.4036899953983,975.25978898875,810.276161926484,59.6393258899978,18.1457930737812,"CC vs. WC","WC"
"LOC144621941",278.537500941637,24.4463572215443,3.84503794236133,6.79507974611117e-11,3.26931420155027e-08,0,0,2255.40728538543,0,1.1561427901596,0,0,2516.59921850804,0,1.99591490538303,0,0,637.292316192529,0,0,0,1.5026309810852,0,0.913257611942276,0,0,0,4171.69308957359,420.423338459493,0,0,0,0,1692.22988250687,0,0,0,0,506.011680461989,0,2.1056993584784,377.354071780258,0,0,0,1015.35856237364,0,0,3.72136589784513,465.384374121736,0,0,21.1289513147692,0,531.231948127801,660.172123276186,0.924334085403459,0,0,0,0,0,0,0,0,0.904762583009296,1.0171457144429,0,0,1424.99255437445,0,1.05568384189948,0,0,2182.30963536717,0,0,1.37995487314801,0,3126.04710672742,0,0,0,3.9579350049247,212.741927967701,0,0,1.08001770032719,4.0844415205145,0,1581.03688024579,0,0,0,540.552582785881,1.08435137981814,1260.59891883151,"CC vs. WC","WC"
