"Gene","baseMean","log2FoldChange","lfcSE","pvalue","padj","B1_B1_O01","B1_W5_O50","B2_B5_O51","B2_C4_O40","B3_B4_O41","B3_C3_O30","B3_C6_O66","B3_H4_O41","B3_W1_O06","B3_W4_O41","B4_B2_O19","B4_B3_O32","B4_C5_O56","B4_H5_O55","B4_W2_O19","B4_W6_O67","B5_B6_O69","B5_H2_O21","B5_W3_O33","B6_C2_O24","B6_H3_O35","B6_H6_O72","C_W5_W52","C1_H2_W13","C1_H6_W62","C2_B2_W16","C2_C1_W03","C2_H1_W04","C2_W2_W15","C3_B3_W30","C3_C2_W17","C3_W3_W29","C4_B1_W07","C4_B5_W56","C4_C6_W67","C4_H5_W56","C5_B4_W46","C5_C3_W33","C5_W1_W09","C5_W4_W45","C6_B6_W71","C6_C5_W59","C6_H3_W36","C6_H4_W48","C6_W6_W72","H1_B2_B13","H1_B6_B61","H1_C6_B62","H1_W4_B38","H1_W5_B49","H2_B5_B51","H2_C1_B04","H2_H1_B03","H2_W2_B16","H3_B4_B41","H3_C5_B54","H3_H4_B41","H3_H6_B66","H3_W3_B30","H3_W6_B66","H4_H2_B19","H4_W1_B07","H5_B1_B09","H5_B3_B34","H5_C2_B22","H5_C4_B46","H6_C3_B36","H6_H3_B35","W1_C1_G02","W1_C6_G61","W1_H5_G49","W1_W1_G01","W1_W6_G62","W2_B2_G04","W2_B6_G64","W2_C2_G15","W3_B5_G54","W3_C3_G29","W3_H2_G18","W3_H3_G30","W4_C5_G55","W4_H1_G08","W4_W5_G56","W5_B2_G21","W5_C4_G45","W5_H4_G46","W5_W2_G22","W6_B3_G35","W6_B4_G48","W6_H6_G71","W6_W3_G36","W6_W4_G48","pair","DEG_group"
"LOC144619155",24.174729788736,-9.68099406433602,2.11721434367567,2.60277694547158e-07,6.37950451134879e-05,0.944335098603166,11.0288820185841,70.303344194828,13.1206034346288,0,22.0864020603632,100.819461494461,0,2.20649251641193,0,11.0962936744007,2.12187307743965,0,0,4.00738773273672,0,0,3.52402973648014,0,21.296798994056,0,0,86.1216132375673,4.16260731148012,33.4991682067606,1.04500840785831,967.699294438885,41.4552624691443,0,1.13488543445195,17.6409253191211,28.9695663948851,2.0021985272538,0,138.698783877338,2.1056993584784,0,0,9.21945031699543,11.7620609712833,0,1.54953744464921,0,1.86068294892256,0,1.16303054273382,11.313223236332,0.681579074669974,0,0,33.4702649912752,27.7300225621038,55.4367872745237,25.6814822817699,0,40.4312798214997,101.053514315333,0,0,0,0,0,0,17.2883504426401,1.16707006910275,0,0,9.93922096361994,3.83374266515287,1.35631425442335,2.90189211997589,0,0,91.6589799399451,1.10852734281114,46.6112693897377,0,0,20.7791587758547,19.6481398441507,0,0,0,38.3937502928363,2.47762215354032,4.03840837866101,0,50.9704930868931,3.4583680460594,0,0,0,"CC vs. WW","CC"
"LOC144622036",59.1519538283439,22.7861824838825,3.78564099159862,5.69974863636976e-10,1.92318401716263e-07,0,203.533004524778,0,0,201.16884548777,0,767.930054110406,0,0,0,0,190.968576969569,12.5781378195894,0,0,0,116.453901034103,0,0,1.85189556470052,0,0,1.89278270851796,0,0,0,0,49.0917581871446,16.6927731936559,0,0,275.210880751409,20.021985272538,9.53104192651007,0,0,2.15630898160147,0,0,0,44.8238904694695,0,0,0,37.3518911984907,160.498214897267,0,0,1088.28644212393,0,0,0,0,137.297155275616,846.598625735093,0,0,0,0,0,0,0,0,50.9045874144404,0,0,301.92557878325,0,127.471943616333,0,224.606450086134,0,0,62.0046040770217,17.7364374849783,0,0,0,0,0,0,0,397.446513720407,0,0,0,0.928662807430361,0,18.4446295789834,0,0,56.5721784064944,"CC vs. WW","WW"
"LOC144619234",20.2683200946651,24.1574862602144,3.24666523633152,3.49198888744655e-14,1.88491298446277e-11,0,19.0498871230088,0.950045191822,1.74941379128385,17.342141852394,0,0.654671827886109,0,0,0,0,83.8139865588663,35.6380571555033,0,0,0,21.7881492257354,0,0,0,0,1.05955076358023,0.946391354258981,0,0,0,0,4.3637118388573,250.391597904839,0,0,17.8274254737755,1.0010992636269,7.79812521259915,0,0,0,0,0,5.3463913505833,0,0,0,0,1.00951057293218,9.30424434187056,0,0,75.560871584304,0,0,0,0,50.3752152450103,58.9507747126951,0,0,0,3.27187136715526,0,0,0,9.72964585377727,0,0,0,23.2250445217885,0,124.596636617468,0,23.2151369598072,0,0,0,0,0,0,0,0,0,0,0,17.2802832052351,0,0,0,0,0,5.76394674343233,0,0,992.68162109509,"CC vs. WW","WW"
"LOC144622046",14.9732307861746,18.5324233459314,3.58590653296456,4.57917685772109e-08,1.26565525468566e-05,0,0,0,0,0,0,0,0,0,0,22.1925873488014,6.36561923231896,0,0,27.0498671959729,0,78.1368110164304,0,291.329178209586,0,10.022698920976,188.60003591728,102.21026625997,0,0,0,0,0,0,28.3721358612988,0,0,105.115422680825,0,0,0,0,0,0,0,0,0,0,0,0,68.6188020212954,10.2847483966655,0,0,0,0,0,1.91161335429392,0,0,0,0,0,18.5406044138798,0,83.2381576368552,103.748862873175,11.6755750245327,0,0,62.0731802945189,13.7238899446932,0,0,66.4593984667442,3.48227054397107,0,0,26.9585235117486,0,0,0,13.6024941773819,0.989483751231176,0,4.00493699563363,0,18.3603009055623,0,0,5.04801047332626,0,0,0,0,5.42175689909071,0,"CC vs. WW","WW"
"LOC144622059",31.0472203463846,5.0581073798697,5.08191582710776,0.000348501852764139,0.0319369152124354,3.77734039441266,71.1864203017698,0.950045191822,0,0,0,0,0,0,0,0,166.567036579013,0,0,0,0,173.553878315341,0,0,0.925947782350261,0,0,0,0.594658187354303,0,0,0,5.45463979857162,223.265841465148,0,0,13.3705691053316,6.00659558176141,121.304169973765,0.753797738463791,0,1.07815449080074,0,0,0,3.89772960604083,0,0,0,10.0951057293218,0,2.05694967933309,2.7263162986799,0,0,0,0,0,104.701427764139,0,4.39470432842389,49.9948965560068,0,11.9968616795693,0,0,0,0.972964585377727,0,0,7.49159072520056,0,0,2.87530699886466,0,0,0,0,14.8271879314617,94.2248241389471,0,1.77182388719077,0,0,0,0,0,696.61141671104,0,2.47762215354032,2.01920418933051,0,0,401.17069334289,0,0,653.248550656124,"CC vs. WW","WW"
"LOC111102417",143.630065080713,5.96950964591622,4.27466704952519,0.000152775491166362,0.0173368909552076,2.8330052958095,516.352203597344,52.25248555021,36.7376896169608,61.2755678784587,0,495.586573709785,8.25452798198618,9.9292163238537,0,0,647.171288619095,280.911744637496,1.32575468271965,0,5.36381511857468,166.792038900457,0,0.913257611942276,0,0.715907065784001,5.29775381790113,0,4.16260731148012,8.93311152180282,1.04500840785831,0,280.368485646581,1117.37250565034,2.2697708689039,0,219.50017614586,192.211058616365,388.173343916046,2.26139321539137,0,0,0,0,95.1657660403827,2504.29127188123,1.54953744464921,0,0,249.349111514249,134.911542957123,0,1.36315814933995,226.682614752912,0,2.30829413732932,0.924334085403459,0,23.7059836447107,422.480552107648,0,465.90988705385,0,1.09062378905175,0,5.42857549805577,1.0171457144429,0,31.6953091448402,0,0,251.252754372076,0.709944354544282,0,2.7126285088467,131.745902246906,0,0,451.555268821788,220.596941219417,1.0132884649943,4.42955971797694,0,0,2.03256619077421,1.00123424890841,0,700.931487512349,0,0,0,0,0,519.907996257596,3.31627351402381,0,2246.87614237115,"CC vs. WW","WW"
"LOC144622060",65.280372874253,21.8574372163244,3.2819041745543,9.89359132286351e-12,3.98156367073206e-09,2.8330052958095,18.0472614849557,330.615726754056,0,0,8.13709549592329,0,121.754287734296,0,0,0,40.3155884713534,1.04817815163245,0,0,0,26.296042168991,0,0,1.85189556470052,0,0,0,0,39.0823629078873,0,0,0,51.1216179055712,0,0,443.457208660164,504.554028867958,264.269798871416,0,0,0,0,0,189.262253810649,3069.46206475715,0,0,0,142.340990783438,1.16303054273382,0,0,2.098913099564,0,0,0,0.955806677146961,69.1424522970729,0,0,22.3381452697052,0,5.45311894525876,0,0,0,1.94592917075545,0,0,0,0,1.41988870908856,0,0,0,0,0,0,287.108581788086,0,0,0,0,0,0,0,120.961982436646,0,2.47762215354032,0,0,0,77.2368863619932,0,0,159.04253929373,"CC vs. WW","WW"
"LOC111133172",152.894296042513,2.0476342493514,2.12319130310535,0.000439435421629909,0.0370608458762461,66.1034569022216,217.569763457522,184.308767213468,71.7259654426377,304.065553811974,110.432010301816,503.442635644418,33.0181119279447,4.41298503282386,58.8794897087995,0,501.822982814478,603.750615340291,26.5150936543929,174.321366374047,12.8731562845792,214.876230295184,121.579025908565,11.8723489552496,32.4081723822591,72.3066136441841,0,120.191701990891,0,92.6810320387043,0,6.08615908452129,236.731367258008,368.284308585034,2.2697708689039,1.8569395072759,855.716422741222,351.385841533042,127.369378472453,0,94.7564711315281,99.1902131536678,67.4332837914453,65.5605355875231,367.831724920131,304.022909271185,18.5944493357905,12.6206692758806,20.4675124381482,79.7513352616423,70.944863106763,6.17084903799927,40.8947444801985,608.68479887356,154.402781671292,35.7785591286045,73.9467268322767,7.64645341717569,70.1302016156025,422.480552107648,8.78940865684777,104.244677925291,3.87825934004921,85.0686555460367,56.3635397963012,36.1905033203718,6.10287428665738,0,87.4022161266807,32.6779619348769,33.1770446401739,364.21092545532,63.1850475544411,363.247117523235,39.3331133782772,200.230556278337,59.3473019766977,33.8088943921262,125.357134329631,57.6434218261794,12.1594615799316,116.054464610996,22.6708236289698,27.7055450344729,101.628309538711,29.0357932183438,228.315336426401,1115.65828443799,65.351064328232,83.0003421436008,153.459518389118,2.78598842229108,119.993035808727,1334.93006577893,14.3705185607698,13.0122165578177,755.718911543359,"CC vs. WW","WW"
"LOC111134251",120.488523402123,1.07023021905174,1.38590867239778,0.000590249510754211,0.0446341317156117,22.664042366476,69.1811690256636,127.306055704148,404.114585786569,141.049420399471,72.0714172496063,106.05683611755,140.326975693765,169.899923763719,22.9530214119049,93.8141192472058,6.36561923231896,32.4935227006059,13.2575468271965,52.0960405255774,729.478856126156,75.8828645448026,7.04805947296029,96.8053068658812,25.9265379058073,23.624933170872,348.592201217894,324.61223451083,37.4634658033211,119.480366604113,51.2054119850572,16.2297575587234,312.005396478297,293.166829213582,82.8466367149924,62.2074734937428,61.2817750661031,41.0450698087029,92.7110441942343,32.413302753943,48.4310852450033,18.3286263436125,71.6478640284107,129.072304437936,96.2350443104993,45.7983228709797,48.0356607841255,57.1642078966359,92.1038059716669,579.459068863072,68.6188020212954,26.7403458313302,10.2236861200496,277.056529142448,42.1098495467159,45.0117356779218,55.4600451242075,33.4532337001436,45.4364686523622,478.156283780749,74.7099735832061,237.209828340202,48.4782417506151,86.1592793350884,16.2828003855981,52.4762298145391,37.6343914343871,77.8371668302181,59.5487626357605,56.0193633169319,100.601361166979,364.21092545532,14.9088314454299,122.679765284892,106.470668972233,75.4491951193732,171.747495114383,38.6387364481443,107.834094046994,279.348890388408,18.2391923698974,53.1547166157232,70.2795532498063,62.3374763275641,98.2406992207536,21.0259192270766,128.887689918129,149.042442645153,9.80265964923479,12.3881107677016,76.7297591945592,420.684251765954,64.7750016312599,51.8755206908909,79.5905643365714,701.575342742338,361.848461883049,"CC vs. WW","WW"
"LOC111138240",15.4424170168498,23.3614827607497,2.52551489920547,8.67315475993716e-21,1.73336333706098e-17,0,0,0,80.4730343990569,1.1561427901596,0,0.654671827886109,0,0,0,0,2.12187307743965,0,0,0,129.804325869507,1.5026309810852,0.881007434120036,0.913257611942276,0,0.715907065784001,129.265193156788,37.8556541703592,0.594658187354303,0,1.04500840785831,0,40.36433450943,101.199937486539,0,0,1.11421409211097,2.0021985272538,0,0,0,0,0,0,3.20783481034998,2.92329720453062,0,0,0,85.8083986992354,2.32606108546764,0,0,155.319569367736,20.5150549073744,1.15414706866466,0,0,0,55.6757316731009,0,1.06372120331929,0,2.18124757810351,0,0,0,0.972964585377727,0,1.16707006910275,0,58.0626113044712,17.0386645090628,1.91687133257644,0.678157127211675,0.580378423995179,0,0,0,0,0,1.77182388719077,0,0,0,1.00123424890841,0,0,4.9013298246174,0,1.00960209466525,304.601400837159,0,2.30557869737293,0,107.350786601996,55.504778813919,"CC vs. WW","WW"
"LOC111137262",329.619112655488,7.64797856725774,2.35107960691833,8.98885245119113e-06,0.00166785485781259,4.72167549301583,8.02100510442476,33.25158171377,2155.2777908617,6.93685674095759,2.32488442740666,6.54671827886109,0,5.51623129102983,4.98978726345758,53.4639604312033,6.36561923231896,0,2.65150936543929,0,4722.30283039314,6.0105239243408,5.28604460472022,10.045833731365,0.925947782350261,0.715907065784001,1962.28801415058,1667.54156620432,2.97329093677152,0,11.4950924864414,8.11487877936172,1564.39069423034,1874.80708931248,4.5395417378078,2.78540926091385,7.79949864477676,6.00659558176141,0,1.50759547692758,0,4.31261796320295,0,1.02438336855505,2.13855654023332,1.94886480302041,3.87384361162303,1.48478462069184,1.86068294892256,2652.99378566577,10.4672748846044,0,0.681579074669974,1790.37287392809,0,9.23317654931729,3.69733634161384,1.91161335429392,1.97549863705923,2341.65577330983,1.75788173136955,0,2.9086945050369,14.1781092576728,8.7676617460913,11.7619135791208,4.06858285777158,10.702610439155,4.80231956740004,0,7.49159072520056,1656.36794794028,6.38949919089853,10.5427923291704,6.10341414490508,5.22340581595661,8.9920154510148,8.96970667546206,2.69585235117486,11.0852734281114,1.0132884649943,0,6.80124708869093,0,12.1953971446453,0,10.1268899221387,1.08001770032719,77.6043888897754,2.47762215354032,5.04801047332626,2418.23795054866,2.12377054528721,0,12.1596695514206,3375.58584537388,1638.45837460319,"CC vs. WW","WW"
"LOC111104701",1680.51849620641,3.34518406899897,2.94041898789207,0.000308866473549639,0.0295893522239636,16.0536966762538,1116.92496079115,2253.50719500178,365.627482378324,906.415947485125,877.643871346012,3220.98539319966,258.985815434817,11.0324625820597,8.98161707422365,1.00875397040006,2272.52606593787,10449.2879936239,5.30301873087858,24664.4696480613,458.069811126277,2247.93594770346,19.3821635506408,2.73977283582683,18.5189556470052,1.431814131568,48.7393351246904,137.226746367552,52.924578674533,244.543927909352,11.4950924864414,39.5600340493884,3290.2387264984,2085.55335088239,9.07908347561561,68.7067617692084,8335.43562308213,1343.4752117873,4833.10471509756,46.7354597847551,3.1585490377176,9.70339041720663,56.4753751753355,3.07315010566514,3251.67521942476,1614.63448930241,9.29722466789526,12.6206692758806,0,1019.6056786615,12211.8206987051,78.1640878146574,13.6315814933995,4915.65447917889,0,9.23317654931729,51.7627087825937,0,986.761569211084,20477.2066050626,330.481765497476,471.228493070447,2.9086945050369,258.477838005265,18.7878465987671,342.905018960523,11.1886028588719,31.1348667320873,487.915668047844,16.3389809674385,7.49159072520056,5693.30295936388,10.6491653181642,1960.00093755941,1616.72659127263,901.908070888508,36.8672633491607,35.8788267018483,1521.80865223821,1439.97701831167,1.0132884649943,17.7182388719077,44.208106076491,10.8843212635429,10.1628309538711,82.1012084104894,28.5394170533001,8145.49349586769,4.9013298246174,4.95524430708064,135.286680685144,123.512153388238,1971.92095129917,6267.71568880831,25.4247636075159,200.605005266356,7889.15038872453,"CC vs. WW","WW"
"LOC111104593",179.906881876556,4.76625866623168,4.20410280900149,0.000273711102197147,0.0270391184265555,0,17.0446358469026,328.715636370412,23.6170861823319,198.856559907451,90.6704926688596,398.69514318264,19.6045039572172,0,1.99591490538303,0,712.949354019724,758.880981781894,0,11.020316265026,6.43657814228961,64.6131321866636,0,0,0,0,2.11910152716045,1.89278270851796,0,3.34991682067606,4.18003363143324,0,171.275689675149,231.612228061976,0,0.928469753637951,672.985311635023,487.535341386301,285.064799438347,1.50759547692758,0,0,3.37166418957227,0,244.864723856715,136.420536211429,0,0.742392310345921,0,353.328700526264,56.9884965939572,8.22779871733236,0,501.640230795796,0,0,0,0,14.8162397779442,3956.25199182976,3.51576346273911,452.0815114107,0,11.9968616795693,0,109.476272544125,0,1.94592917075545,213.222988792562,2.33414013820549,8.56181797165778,245.974335162578,0,517.555259795638,4.06894276327005,163.086337142645,0,5.51981949259204,481.209644684712,25.4961288846563,0,0,0,0,0.677522063591404,4.00493699563363,0,1441.8236299368,0,0,12.115225135983,5.57197684458217,0,1526.29309766088,8.84339603739682,0,1533.8532145308,"CC vs. WW","WW"
"LOC144620498",73.4616120388393,3.11239197363984,3.77949287451064,0.000643139451969595,0.0474699036977899,0,97.2546868911503,42.75203363199,78.7236206077731,34.6842837047879,89.5080504551562,147.955833102261,0,0,0,0,179.298275043651,124.733200044262,0,38.0701834609988,0,487.603753362147,12.3341040776805,1.82651522388455,3.70379112940104,0,0,0,0.594658187354303,35.7324460872113,0,1.01435984742021,186.548681111149,109.546324083367,0,0,415.60185635739,23.0252830634187,34.6583342782184,0,0,0,3.37166418957227,2.0487667371101,757.049015242595,91.5966457419595,0,0,0.930341474461282,88.836930418032,2.32606108546764,6.17084903799927,0,383.05164067043,0,0,0,0,12.840741140885,99.8888127076223,0,120.20049597508,0,18.5406044138798,2.50504621316894,34.3809781543532,0,0,147.911442675921,0,2.14045449291445,384.26891845141,0.709944354544282,206.063668251967,6.78157127211675,8.1252979359325,0,1.37995487314801,64.7004564281965,96.4418788245693,0,0,4.53416472579395,1.97896750246235,0,0,0,590.769682078975,0,0,3.02880628399576,0,0,788.507914501542,3.31627351402381,2.16870275963628,676.731341692782,"CC vs. WW","WW"
"LOC144619423",37.8365893557028,24.4661867922814,2.84374273736774,2.7367707214453e-18,3.09148000495089e-15,0,4.01050255221238,33.25158171377,5.24824137385154,31.2158553343091,261.549498083249,79.8699630021053,0,0,1.99591490538303,3.02626191120019,4.24374615487931,18.8672067293841,0,8.01477546547344,21.4552604742987,215.627545785726,0,0,0.925947782350261,0,19.0719137444441,4.7319567712949,0,4.46655576090141,0,0,27.2731989928581,50.0783195809678,0,0,41.2259214081057,14.0153896907766,31.1925008503966,0,0,0,0,1.02438336855505,38.4940177241997,3.89772960604083,0,0,0,10.0951057293218,0,0,0,146.92391696948,0,8.07902948065263,0,0,0,104.801377267014,0,87.225138672182,0,0,0,98.6191215480132,0,0,0.960463913480007,0,0,196.357194593303,0,107.34479462428,0,26.6974075037782,0,0,16.1751141070491,0,0,0,0,0,0,0,0,442.807257134149,0,0,0,0,0,346.989593954626,0,20.6026762165447,942.513840244048,"CC vs. WW","WW"
"LOC144619428",12.8529061157167,22.4375635222233,2.93312986579153,7.77106893145824e-15,4.80714623590992e-12,0,51.1339075407079,1.900090383644,0,36.9965692851071,0,0.654671827886109,0,0,0,0,0,52.4089075816225,0,2.00369386636836,0,87.1525969029416,0,1.82651522388455,0,0,0,0,0,0,0,0,33.818766751144,6.25978994762097,2.2697708689039,0,262.954525738188,18.0197867452842,2.59937507086638,0,0,0,0,0,16.0391740517499,0.974432401510207,0,0,0,0,2.32606108546764,1.02847483966655,0,112.291850826674,0,0,0,0,1.97549863705923,45.8506025543184,0,0,0,4.36249515620701,0,0,1.0171457144429,0,1.92092782696001,0,0,116.125222608942,0.709944354544282,0.958435666288219,0,35.4030838637059,0,0,0,2.21705468562228,4.0531538599772,1.77182388719077,0,0,2.03256619077421,0,0,262.444301179508,0,0,0,0,0,5.76394674343233,0,0,3.2021987777261,"CC vs. WW","WW"
"LOC111104566",206.270849034608,3.82313273334354,4.20381821477967,0.000480341142488023,0.0393682751513607,0.944335098603166,129.338707308849,274.563060436558,111.087775746524,171.109132943621,0,1161.38782266996,149.6133196735,0,1.99591490538303,1.00875397040006,772.361800188034,1443.34131479788,0,0,0,441.773508439049,0,10.9590913433073,1.85189556470052,2.863628263136,0,0,2.37863274941721,13.3996672827042,2.09001681571662,0,794.195554672028,388.1069767525,1.13488543445195,3.71387901455181,1303.63048776983,437.480378204956,708.762935989567,3.01519095385517,2.1056993584784,4.31261796320295,0,0,860.769007443911,638.253222989186,0,0,0,448.222694381889,422.180087012377,0,1.36315814933995,587.69566787792,0,0,0,0,108.652425038257,324.229260919823,0,282.949840082932,0,22.9030995700868,1.25252310658447,0,4.06858285777158,3.89185834151091,144.069587022001,0,0,1008.178069014,0.709944354544282,590.396370433543,2.7126285088467,187.462230950443,0,0,436.728080890327,134.131808480148,1.0132884649943,0,13.6024941773819,0,0,7.00863974235885,0,1976.43239159876,0,0,2.01920418933051,1.85732561486072,0,1000.62115465985,1.1054245046746,0,1423.91105649554,"CC vs. WW","WW"
"LOC111102869",389.958162851433,5.3953900409705,1.68725552961055,1.27046396482239e-05,0.00218187248269529,14.1650264790475,203.533004524778,383.818257496088,180.189620502236,328.344552405326,11.6244221370333,2084.47509998937,170.249639628465,19.8584326477074,17.9632341484473,24.2100952896015,1662.48755617397,1991.53848810165,18.560565558075,4.00738773273672,20.3824974505838,890.308856292981,16.7391412482807,26.484470746326,17.593007864655,25.772654368224,49.7988858882706,1.89278270851796,19.0290619953377,104.964060381183,8.36006726286648,13.1866780164628,1171.65662873318,1318.72908229882,4.5395417378078,22.2832740873108,2026.75543354985,456.501264213867,807.539188682489,27.1367185846965,7.36994775467441,17.2504718528118,7.5862444265376,4.09753347422019,960.21188656476,1280.40417558441,24.0178303920628,1.48478462069184,31.6316101316836,613.782428342766,521.037683144751,31.8827200296629,11.5868442693896,1255.15003353927,64.7843839180245,45.0117356779218,21.2596839642796,10.5138734486166,420.781209693615,1079.12668154628,13.1841129852717,564.835958962545,7.75651868009841,46.8968229292254,18.7878465987671,12.6666761621301,64.0801800099024,31.1348667320873,253.562473158722,94.5326755973225,26.7556811614306,1342.82984689613,7.09944354544282,1484.61684708045,31.8733849789487,451.534413868249,5.39520927060888,17.9394133509241,771.013772436009,260.503925560618,10.132884649943,7.97320749235849,27.2049883547637,24.7370937807794,12.1953971446453,28.0345589694354,12.8887689918129,3649.37980940559,51.4639631584827,23.5374104586331,57.5473193959194,15.7872677263161,35.042213997239,2533.83098841285,17.6867920747936,11.9278651779996,3296.12994187273,"CC vs. WW","WW"
"LOC111102542",15.3697479132957,-16.9367447778795,3.67237541331124,3.55863200454696e-07,8.56081649167913e-05,0,0,8.550406726398,0,0,44.1728041207265,0,0,0,0,10.0875397040006,0,1.04817815163245,0,0,2.14552604742987,0.7513154905426,0,1.82651522388455,38.8898068587109,0,1.05955076358023,0,0,0,0,0,13.0911355165719,0,0,0,0,2.0021985272538,0,0,0,0,0,0,0,0,4.64861233394763,0,0,1.00951057293218,0,0,3.40789537334987,0,0,0,0,0,35.5589754670661,9.82512911878252,35.1576346273911,0,0,0,0,0,0,0,0,0,0,6.33410305139686,0,3.83374266515287,0,0,0,0,355.852510355081,1.10852734281114,0,6.20138360516771,779.87633283656,40.5688338004782,0,7.00863974235885,0,0,0,0,0,0,0,0,0,0,0,"CC vs. WW","CC"
"LOC144618612",53.4892882926314,1.66356330844646,1.9150350302477,0.00054301201892642,0.041863487429458,125.596568114221,27.0708922274336,27.551310562838,14.8700172259127,26.5912841736708,6.97465328221997,102.783476978119,10.3181599774827,46.3363428446506,2.99387235807455,65.5690080760041,144.287369265897,15.7226722744867,11.9317921444768,40.0738773273672,31.1101276877331,10.5184168675964,4.40503717060018,32.8772740299219,37.9638590763607,66.5793571179121,18.0123629808638,354.896757847118,1.18931637470861,4.46655576090141,31.3502522357493,0,79.6377410591457,210.746261569906,43.1256465091741,0,45.6827777765496,20.021985272538,22.527917280842,3.76898869231896,42.1139871695681,28.0320167608192,21.0729011848267,38.9265680050918,42.7711308046664,11.6931888181225,13.1710682795183,10.3934923448429,111.640976935354,5.04755286466091,34.8909162820146,2.05694967933309,55.2079050482679,58.769566787792,2.15947946393415,33.4702649912752,24.9570203058934,99.4038944232839,26.6692316002996,50.7631671137097,20.2156399107499,40.4214057261331,3.87825934004921,5.45311894525876,13.7777541724292,279.571638149872,142.400400022005,7.78371668302181,35.5371647987603,17.5060510365412,0,167.853730862017,4.25966612726569,24.9193273234937,213.619495071678,18.5721095678457,322.813354691431,2.06993230972201,25.6105973361611,478.883812094413,32.4252308798176,4.42955971797694,9.06832945158791,64.3164438300264,10.8403530174625,7.00863974235885,0,10.8001770032719,62.0835111118204,17.3433550747823,115.094638791839,16.7159305337465,6.37131163586163,78.3896757106797,2.21084900934921,48.7958120918164,209.210320144772,"CC vs. WW","WW"
"LOC111103802",181.766625897354,2.86120645249692,3.27412150838321,0.000586235140153556,0.0445350151354665,11.332021183238,216.567137819469,153.907321075164,61.2294826949346,252.039128254792,12.7868643507366,577.420552195548,0,0,1.99591490538303,0,378.754344322978,943.360336469205,0,1483.73530804577,35.4011797825929,326.070922895488,12.3341040776805,0,9.25947782350261,7.15907065784001,6.35730458148136,5.67834812555389,6.54124006089734,42.4322797285634,0,0,700.375750136596,408.97294324457,1.13488543445195,0,1143.18365850585,188.206661561857,231.344381307108,6.78417964617412,4.21139871695681,0,5.0574962843584,0,305.813585253365,404.389446626736,10.0719933902199,14.1054538965725,6.51239032122897,113.065184168404,1292.12693297727,0,4.08947444801985,459.661968804516,0,0,0,1.91161335429392,104.701427764139,825.310845977731,12.3051721195869,192.533537800792,27.1478153803444,8.72499031241402,0,0,23.3943514321866,25.2970792198209,72.9952574244806,0,0,280.811901945261,0,542.474587119132,19.6665566891386,300.055645205507,1.79840309020296,0,149.619805490204,108.635679595492,0,1.77182388719077,4.53416472579395,4.94741875615588,4.06513238154843,16.0197479825345,46.0313178279033,1380.26262101815,3.2675532164116,13.6269218444718,10.0960209466525,6.50063965201253,0,1317.63822554863,0,15.180919317454,1357.73228175587,"CC vs. WW","WW"
"LOC111103001",561.553441055041,2.14748230764412,2.5054939085393,0.000622224211033841,0.0460595193605011,121.819227719808,155.40697389823,435.120697854476,27.1159137648996,61.2755678784587,47.6601307618364,280.854214163141,230.094967497865,2.20649251641193,0,2.01750794080012,1715.53438310996,428.704864017672,0,1203.2181667542,57.9292032806065,108.189430638134,71.3616021637229,0,20.3708512117057,61.5680076574241,4.2382030543209,35.9628714618413,147.475230463867,65.8816974732958,0,2.02871969484043,218.185591942865,300.469917485807,6.80931260671171,0.928469753637951,5047.38983726267,214.235242416157,238.276048162752,95.7323127849015,0,140.160083804096,18.5441530426475,0,347.515437787914,167.602373059756,3.87384361162303,6.68153079311328,144.202928541499,876.255177305134,25940.2332251351,266.374983473635,3.40789537334987,198.347287908798,24.8340138352427,176.584501505693,0,70.7296941088751,108.652425038257,478.156283780749,20.2156399107499,380.812190788307,221.060782382805,2740.73758188705,62.6261553292235,6.33333808106507,140.36610859312,211.133315026967,174.804432253361,165.72394981259,53.5113623228611,115.069538767043,0.709944354544282,570.26922144149,52.218098795299,114.33454952705,4.4960077255074,10.3496615486101,156.359436368142,411.263644182934,2.0265769299886,87.7052824159434,11.3354118144849,62.3374763275641,142.957155417786,26.0320904716186,42.3488124016711,1608.14635578719,110.279921053891,28.4926547657137,52.4993089225932,131.870118655111,0,300.878020007167,142.599761103024,24.9400817358173,2895.85509465697,"CC vs. WW","WW"
"LOC144622706",117.950028122651,3.08146391248382,2.47583306317185,0.000244482011714251,0.0250074297100314,16.0536966762538,690.809064618583,413.26965844257,17.4941379128385,5.78071395079799,2.32488442740666,15.7121238692666,276.526687396537,4.41298503282386,32.93259593882,15.1313095560009,3.18280961615948,8.3854252130596,7.95452809631787,7.01292853228926,370.103243181653,3.756577452713,11.4530966435605,969.879583882697,3.70379112940104,11.454513052544,482.095597429003,570.673986618165,5.94658187354303,4.46655576090141,0,22.3159166432447,12.0002075568576,1123.63229559796,19.2930523856832,0.928469753637951,3.3426422763329,17.0186874816573,6.06520849868823,6.78417964617412,7.36994775467441,2.15630898160147,7.5862444265376,3.07315010566514,12.8313392413999,8.76989161359186,5.42338105627224,474.388686311043,4.65170737230641,11.104616302254,9.30424434187056,21.5979716329974,753.826456584992,0,17.2758357114732,4.61658827465864,1.84866817080692,17.2045201886453,3.95099727411845,31.1129088761446,1.75788173136955,12.7646544398315,448.908518610696,18.5406044138798,3.75756931975341,0,15.2571857166434,25.2970792198209,10.5651030482801,425.980575222503,316.787264951338,9.50115457709529,21.2983306363284,480.176268810397,10.1723569081751,3.48227054397107,12.5888216314207,378.797612679129,0,12.1938007709226,12.1594615799316,30.1210060822432,6.80124708869093,7.91587000984941,14.9054853990109,12.0148109869009,21.1744062008355,0,9.80265964923479,3.71643323031048,665.327780384402,7.42930245944289,12.7426232717233,5.76394674343233,6.63254702804762,687.478774804702,579.597978768424,"CC vs. WW","WW"
"LOC111104411",42.0178950713739,1.92370759004817,2.32773954818956,0.000670050180230366,0.0486273009289529,39.662074141333,127.333456032743,1.900090383644,0,3.46842837047879,0,44.5176842962554,0,9.9292163238537,3.99182981076607,29.2538651416018,28.6452865454353,0,1.32575468271965,4.00738773273672,0,117.205216524646,4.40503717060018,11.8723489552496,13.8892167352539,4.29544239470401,3.17865229074068,10.4103048968488,261.649602435893,27.9159735056338,1.04500840785831,5.07179923710107,0,0,3.40465630335585,1.8569395072759,181.616897014087,20.021985272538,2.59937507086638,16.5835502462034,9.47564711315282,6.46892694480442,1.68583209478613,131.121071175046,0,10.7187564166123,0,36.3772232069501,15.8158050658418,226.130368336809,11.6303054273382,201.581068574643,2.04473722400992,101.797285328854,0,132.726912896436,6.47033859782421,15.2929068343514,23.7059836447107,0,21.0945807764347,8.50976962655434,9.69564835012302,258.477838005265,3.75756931975341,53.3809923975484,32.5486628621727,15.5674333660436,174.804432253361,8.16949048371923,22.4747721756017,5.27841920949739,6.38949919089853,22.044020324629,4.06894276327005,2.90189211997589,151.065859577049,10.3496615486101,8.08755705352457,0,158.073000539111,43.409685236174,43.0745648950426,0,141.602111290604,44.0543069519699,3.68250542623227,157.68258424777,36.7599736846305,0,6.05761256799152,439.257507914561,44.5991814510314,8.06952544080526,4.42169801869841,0,2.13479918515073,"CC vs. WW","WW"
"LOC111102521",351.608799147325,11.8498571550037,2.69935316310379,4.33781422773954e-07,0.00010339518481734,1.88867019720633,109.286194547787,1155.25495325555,514.327654637451,2.3122855803192,2020.32456741638,2968.9367394635,1.03181599774827,0,13.9714043376812,0,996.219409857918,257.851825301583,0,2.00369386636836,1.07276302371494,2199.85175630873,2.64302230236011,7.30606089553821,0,0,0,0,0,0,10.4500840785831,2.02871969484043,28.3641269525724,245.175106281821,6.80931260671171,0,620.617249305808,115.126415317094,13.8633337112874,0,0,0,0,0,2367.38209003828,151.037022234082,0,4.45435386207552,0,2.01902114586436,9.30424434187056,0,0,77.659784683868,0,0,0,0,1.97549863705923,26.2003443167534,0,1336.03383136903,1.9391296700246,3.27187136715526,0,1020.57219363449,0,0,171.923040512921,0,0,828.711815891089,1.41988870908856,54.6308329784285,2.7126285088467,4.64302739196143,0,0,113.225798749344,223.922523247851,0,0,2.26708236289698,0,0.677522063591404,0,0,6571.90770649097,6.53510643282319,2.47762215354032,15.1440314199788,0,55.2180341774675,43.8059952500857,6.63254702804762,0,7943.58776794587,"CC vs. WW","WW"
"LOC111102505",1632.14605111844,4.41041120494156,3.27249506495983,0.000193096572789695,0.0206370568685688,18.8867019720633,2496.53783875221,3009.7431676921,572.93301664546,1716.872043387,1170.57930919925,9885.54460108025,588.135118716516,1.10324625820597,5.9877447161491,0,10662.4122141343,9204.05234948454,13.2575468271965,1004.85247398373,108.349065395208,4879.79411107418,302.185549903172,9.13257611942276,11.1113733882031,1.431814131568,4.2382030543209,15.1422616681437,0,304.842430681521,30.305243827891,46.6605529813299,4107.34376832443,3148.67434365335,54.4745008536936,14.8555160582072,9985.58669349848,2426.66461503161,4077.5530278324,0,0,20.484935325214,49.7320467961909,35.8534178994267,8906.01871180165,6730.404597231,108.467621125445,1.48478462069184,0,1648.53076559825,766.437127661587,8.22779871733236,4.08947444801985,3772.79629646629,3.23921919590123,5.77073534332331,2.77300225621038,0,362.503999900368,1806.18623633619,7.910467791163,1035.00073082967,0,1219.31739615986,3.75756931975341,316.666904053253,0,63.2426980495522,2297.42968104418,12.8377707601302,0,3899.69611197667,3.54972177272141,1389.73171611792,387.227719637867,929.185856816281,23.3792401726385,48.2984205601803,1562.24643750583,1663.89954155952,0,39.8660374617924,146.226812406855,70.2533463374135,31.1660149252046,23.0283877248934,19.3331534877194,13436.5002097706,2.4506649123087,0,195.862806365059,29.7172098377716,4.24754109057442,7866.63451543644,4.42169801869841,182.171031809448,19129.9354981357,"CC vs. WW","WW"
"LOC111104845",522.088782698443,5.41183113951827,3.78869691494936,0.000153254441053023,0.0173368909552076,0,215.564512181416,1435.51828484304,83.9718619816246,338.749837516762,1677.4041143739,3461.24995403386,0,0,11.9754894322982,0,237.649784673241,3584.76927858298,0,0,39.6922318774526,1338.84420414691,29.0732453259612,0,1.85189556470052,0,0,0,4.75726549883443,11.1663894022535,0,0,4301.52894515358,398.539959998535,6.80931260671171,0,1059.61760159753,665.731010311889,924.511066871477,0,0,26.9538622700184,10.1149925687168,0,3859.02527685102,1396.36163136413,19.3692180581151,0,1.86068294892256,96.9130150014894,6.97818325640292,3.08542451899964,1.36315814933995,348.419574527624,0,16.1580589613053,0,1.91161335429392,78.0321961638395,681.208952235588,8.78940865684777,2063.61913443943,0,189.768539295005,5.01009242633788,18.0952516601859,2.03429142888579,0,46.1022678470404,0,4.28090898582889,1752.43517755313,2.83977741817713,938.308517296166,55.6088844313574,2.32151369598072,17.9840309020296,4.82984205601803,349.112879477144,156.302355336371,4.0531538599772,3.54364777438155,11.3354118144849,7.91587000984941,2.71008825436562,12.0148109869009,0.920626356558067,3980.94524340604,0.816888304102899,0,0,0,1.06188527264361,4860.15989406214,24.3193391028413,6.50610827890885,7121.69008166284,"CC vs. WW","WW"
"LOC111105472",130.721142553092,6.02653121395822,2.15991948118841,2.11284422064082e-05,0.00342266000692502,1.88867019720633,5.01312819026548,27.551310562838,53.3571206341573,3.46842837047879,9.29953770962662,5.89204645097498,2.06363199549655,0,47.9019577291928,19.1663254376012,0,17.8190285777516,30.4923577025518,9.01662239865762,1386.0098266397,82.644703959686,4.40503717060018,42.923107761287,0,354.373997563081,1426.15532777898,945.444962904722,8.32521462296025,0,0,0,4.3637118388573,1248.82809455038,38.5861047713663,0,0,4.0043970545076,256.471673658816,5.27658416924654,8.42279743391361,288.945403534597,0,6.14630021133029,11.7620609712833,25.3352424392654,12.3962995571937,1.48478462069184,0,8.07608458345745,2.32606108546764,2.05694967933309,206.518459625002,7.346195848474,184.63549416637,345.089973530734,478.805056238992,1.91161335429392,0,32.7504303959417,2.63682259705433,0,1349.63425033712,5.45311894525876,0,161.952502358664,7.12002000110027,14.5944687806659,0,22.1743313129522,1.07022724645722,6.33410305139686,20.5883862817842,2.87530699886466,2.7126285088467,2.32151369598072,15.2864262667252,198.713501733313,9.43548322911199,2.21705468562228,0,6.20138360516771,29.4720707176607,93.0114726157306,0.677522063591404,19.0234507292597,0,42.1206903127606,8.16888304102899,8.67167753739113,10.0960209466525,2.78598842229108,4.24754109057442,4.61115739474586,3.31627351402381,1268.69111438723,1035.37760479811,"CC vs. WW","WW"
"LOC144620744",138.937185729176,-4.37374608161619,1.26703032925175,9.05151976257937e-06,0.00166785485781259,36.8290688455235,17.0446358469026,45.602169207456,111.962482642166,62.4317106686183,22.0864020603632,19.6401548365833,3.09544799324482,27.5811564551492,32.93259593882,64.560254105604,61.53431924575,45.0716605201953,273.105464640247,15.0277039977627,49.347099090887,12.7723633392242,49.336416310722,26.484470746326,64.8163447645182,26.488561434008,13.7741599265429,15.1422616681437,15.4611128712119,26.7993345654085,2853.91796186104,31.4451552700266,34.9096947108584,13.5628782198454,7.94419804116366,16.7124555654831,14.4847831974426,5.0054963181345,32.9254175643075,18.091145723131,28.4269413394584,23.7193987976162,9.27207652132373,18.4389006339909,24.5934002126832,9.74432401510207,1912.90397541945,2.96956924138368,49.3080981464479,6.05706343759309,12.793335970072,6.17084903799927,12.9500024187295,2.098913099564,41.0301098147489,108.489824454478,12.016343110245,8.60226009432265,18.7672370520627,70.4134253512747,7.03152692547822,5.31860601659647,10.6652131851353,21.812475781035,36.3231700909497,26.2381149072696,146.468982879777,14.5944687806659,18.2488143561201,47.8498728332126,14.9831814504011,19.0023091541906,40.4668282090241,1087.82448123713,18.9883995619269,28.4385427757638,8.09281390591332,28.2890748995342,5.39170470234971,455.604737895379,1706.3777750504,2052.65797331051,7.93478827013942,43.5372850541717,31.843536988796,47.0580096986951,8.2856372090226,3.24005310098158,26.1404257312928,56.9853095314274,48.4609005439321,26.9312214154805,19.1139349075849,53.0283100395774,36.4790086542619,13.0122165578177,12.8087951109044,"CC vs. WW","CC"
"LOC144620764",52.6432979819119,-21.1158210935654,7.0842852485996,9.88989019495564e-06,0.00180573198076241,0,0,0,0,0,392.905468231725,346.321396951752,0,0,0,0,0,0,0,387.714763142278,0,1.5026309810852,0,0,384.268329675358,0,0,0,0,0,0,330.68131025899,0,0,0,49.2088969428114,0,0,0,76.8873693233067,325.330550884913,2.15630898160147,0,0,0,0,0,0,0,0,0,0,468.244824298272,0,0,0,0,0,0,0,419.254792931639,36.166520912856,0,0,0,0,0,0,0,0,0,0,0,0,300.423607354772,0,0,0,246.670490132499,0,0,0,0,0,0,0,326.822356578114,0,378.219284799642,370.404511954278,0,0,0,0,0,0,0,"CC vs. WW","CC"
"LOC144619911",267.31962249158,-8.68709669449682,2.39328690312851,4.08766338418017e-06,0.000823268080499109,0,20.0525127610619,8.550406726398,6.12294826949346,1.1561427901596,2148.19321092375,1578.41377703341,1.03181599774827,1.10324625820597,0,4.03501588160025,5.30468269359914,0,3.97726404815894,1745.21735760684,0,0,1.76201486824007,0.913257611942276,1473.18292171926,3.57953532892001,4.2382030543209,1.89278270851796,2.37863274941721,0,2.09001681571662,2099.72488415984,0,2.08659664920699,1.13488543445195,866.262280144209,3.3426422763329,3.0032977908807,0,1356.83592923482,2020.41853446003,1.07815449080074,0,1.02438336855505,3.20783481034998,0,3.09907488929842,0,4.65170737230641,0,0,0,1175.72390380571,2.098913099564,1.07973973196708,0,1.84866817080692,0,2.96324795558884,3.27504303959417,1270.0695509145,1125.41703311181,0.969564835012302,2.18124757810351,3.75756931975341,0.904762583009296,4.06858285777158,0,0.960463913480007,0,2.14045449291445,2.11136768379895,2.83977741817713,0,1637.07130508898,4.06264896796625,0.89920154510148,0.689977436574005,811.451557703631,2.21705468562228,1.0132884649943,0,0,14.8422562684676,0.677522063591404,1.00123424890841,1680.14310071847,0,2415.53871523227,1028.21319371923,1.00960209466525,0.928662807430361,0,2.30557869737293,5.52712252337301,4.33740551927257,0,"CC vs. WW","CC"
"LOC111102614",423.592902053687,10.4262849672009,2.87310873000734,3.3966839172652e-06,0.000711687458503768,0,532.394213806194,1107.75269366445,999.789981718718,383.839406332987,0,1129.30890310354,24.7635839459586,13.2389550984716,1.99591490538303,2.01750794080012,5633.57302060228,2925.46522120617,0,0,111.567354466353,1262.21002411157,0,212.78902358255,0,5.01134946048801,0,115.459745219596,0,138.463228587944,37.6203026828991,0,876.015151650602,205.529769946889,0,1.8569395072759,2028.98386173407,528.580411195004,2858.44611959607,0,0,0,0,0,2370.58992484863,967.611374699636,0,1.48478462069184,9.30341474461282,164.550223387946,498.940102832809,0,0,449.167403306696,0,2.30829413732932,0,0,109.640174356787,240.715663410172,1.75788173136955,2110.42286738548,0,327.187136715526,18.7878465987671,1.80952516601859,0,2.91889375613318,361.134431468483,11.6707006910275,0,920.556310136344,0,1050.44549025189,4.06894276327005,427.738898484447,1.79840309020296,1.37995487314801,266.889382766311,287.108581788086,0,1.77182388719077,0,0,0.677522063591404,30.0370274672522,1.84125271311613,3277.85372049303,0,4.95524430708064,0,3.71465122972145,8.49508218114884,1181.60908240363,2.21084900934921,106.266435222178,2604.45500588389,"CC vs. WW","WW"
"LOC111101372",48.85714015673,6.50467855519424,3.49371554133085,7.12614689629566e-05,0.00964293867253424,0,0,0,0,0,2.32488442740666,0.654671827886109,0,1.10324625820597,1.99591490538303,1.00875397040006,2.12187307743965,0,1.32575468271965,13.0240101313943,209.188789624412,1.5026309810852,0,6.39280328359593,0,0.715907065784001,5.29775381790113,9.46391354258981,5.35192368618873,0,2.09001681571662,1.01435984742021,1.09092795971432,19.8226681674664,3.40465630335585,1.8569395072759,0,1.0010992636269,0,0.753797738463791,0,0,0,1.02438336855505,0,0,0.774768722324605,0,0.930341474461282,3.02853171879654,0,1.02847483966655,1431.31605680695,3.148369649346,0,0,0,1.91161335429392,0,9.82512911878252,0,1.06372120331929,3.87825934004921,0,0,0,0,0,0,2.33414013820549,0,1.05568384189948,0,0.958435666288219,1.35631425442335,2.32151369598072,0,1949.87623575814,0,0,0,0,0,0.989483751231176,1.35504412718281,0,487.931968975775,0,0.816888304102899,179.627606131673,0,7.42930245944289,0,0,0,104.097732462542,4.26959837030146,"CC vs. WW","WW"
"LOC144625309",92.2423460841923,2.48605388147201,2.66544534123997,0.000508402561853254,0.0405673709581633,9.44335098603166,216.567137819469,388.568483455198,110.213068850882,16.1859990622344,16.2741909918466,390.184409420121,80.4816478243653,17.6519401312955,0,0,524.102650127595,893.047785190847,10.6060374617572,12.0221631982102,13.9459193082942,247.934111879058,12.3341040776805,1.82651522388455,3.70379112940104,15.749955447248,2.11910152716045,3.78556541703592,11.2985055597318,13.3996672827042,2.09001681571662,2.02871969484043,594.555738044307,198.226681674664,10.2139689100676,11.1416370436554,424.515569094278,82.0901396174059,223.546256094509,0,2.1056993584784,17.2504718528118,5.0574962843584,6.14630021133029,485.452334632963,308.895071278736,0.774768722324605,2.96956924138368,14.8854635913805,58.5516132300665,403.571598328635,0,25.900004837459,27.285870294332,8.6379178557366,4.61658827465864,0,3.82322670858784,21.7304850076515,19.650258237565,17.5788173136955,214.871683070497,1.9391296700246,27.2655947262938,5.01009242633788,5.42857549805577,0,3.89185834151091,197.855566176882,0,3.21068173937167,270.255063526266,7.09944354544282,23.0024559909172,78.6662267565543,4.64302739196143,0,0,421.900892958865,208.403140448495,0,8.85911943595387,15.8695765402788,1.97896750246235,5.42017650873124,36.0444329607027,18.4125271311613,588.609646678321,1.6337766082058,0,8.07681675732202,2.78598842229108,0,20.7502082763564,2.21084900934921,3.25305413945443,304.208883883979,"CC vs. WW","WW"
"LOC144620836",28.5245490996058,-22.0336190925928,5.8116414179683,2.86615900857449e-06,0.000615418819849371,107.654201240761,0,0,0,0,0,62.8484954770665,0,60.6785442013281,0,0,0,0,0,0,0,0,78.4096616366832,0,0,0,0,0,0,0,0,279.963317887979,0,0,0,243.259075453143,258.497669369744,0,107.440836262477,65.5804032463498,0,19.4067808344133,0,0,0,0,0,0,0,0,41.8690995384175,0,0,0,113.372671856543,0,0,0,0,0,0,219.126567883774,0,0,113.979602699187,0,0,0,0,0,194.781358855215,0,0,0,173.608224566189,79.5118440873395,0,0,0,162.953519393238,0,0,0,0,0,0,0,0,60.4497345036146,97.8660750648427,0,0,0,83.0008331054255,0,0,0,"CC vs. WW","CC"
"LOC144625490",221.483475938293,4.75666041136884,3.1784237847435,0.000145911971206262,0.0168486174395996,18.8867019720633,0,46.552214399278,1.74941379128385,8.09299953111719,2.32488442740666,3.92803096731665,0,4.41298503282386,0,1.00875397040006,2.12187307743965,1.04817815163245,5.30301873087858,11.020316265026,2940.44344800264,2.2539464716278,2.64302230236011,10.045833731365,0.925947782350261,4.29544239470401,3254.93994571845,2107.61354593475,6.54124006089734,3.34991682067606,8.36006726286648,7.1005189319415,1.09092795971432,3023.47854470093,0,2.78540926091385,2.22842818422193,1.0010992636269,1.73291671391092,4.52278643078275,5.26424839619601,0,0.842916047393067,9.21945031699543,2.13855654023332,648.971979405798,12.3962995571937,0,2.79102442338385,1.00951057293218,1.16303054273382,2.05694967933309,2.04473722400992,2.098913099564,0,0,5.54600451242075,7.64645341717569,4.93874659264807,0,9.66834952253255,0,2583.89028530778,0,0,0.904762583009296,4.06858285777158,11.6755750245327,1.92092782696001,12.8377707601302,2.14045449291445,0,2.83977741817713,1.91687133257644,0.678157127211675,2.32151369598072,0.89920154510148,8.96970667546206,5.39170470234971,1.10852734281114,2.0265769299886,647.601630768228,1.13354118144849,1.97896750246235,1.35504412718281,2.00246849781681,0,2.16003540065439,3.2675532164116,0,20.1920418933051,1.85732561486072,1.06188527264361,0,589.191260991563,2255.45087002174,1996.03723811593,"CC vs. WW","WW"
"LOC111099865",196.555348779615,6.59852819918607,2.47590822344061,2.35670132120556e-05,0.00377959611273096,1.88867019720633,3.00787691415929,246.061704681898,35.8629827213189,241.633843143356,2.32488442740666,1780.70737185022,22.699951950462,0,0,0,916.649169453931,1108.97248442713,5.30301873087858,0,0,429.001145099824,0,10.9590913433073,13.8892167352539,0.715907065784001,4.2382030543209,5.67834812555389,1.78397456206291,42.4322797285634,4.18003363143324,0,208.367240305436,590.506851725578,6.80931260671171,0,1603.35407854768,162.178080707558,208.816464026266,10.5531683384931,6.31709807543521,6.46892694480442,0,0,905.67869478881,349.821232142164,6.19814977859684,5.93913848276736,4.65170737230641,213.00673088869,97.6945655896408,2.05694967933309,51.1184306002481,794.438608184974,2.15947946393415,0,1.84866817080692,4.77903338573481,228.170092580341,263.640964687331,6.15258605979344,245.719597966757,1.9391296700246,4.36249515620701,0,5.42857549805577,7.12002000110027,2.91889375613318,229.550875321722,0,8.56181797165778,128.793428711736,9.22927660907566,962.269408953371,0,515.376040507719,8.09281390591332,2.75990974629602,527.039134654684,212.837249819739,5.06644232497149,3.54364777438155,0,0,0,2.00246849781681,2.7618790696742,1580.06589557868,6.53510643282319,2.47762215354032,7.06721466265677,13.9299421114554,1.06188527264361,380.420485066534,0,4.33740551927257,2583.10701403239,"CC vs. WW","WW"
"LOC111102028",8.07196524572278,20.806588684651,3.59175390902391,2.11618738449985e-09,6.54531719484413e-07,0,3.00787691415929,5.700271150932,0,27.7474269638304,0,3.92803096731665,0,0,0,0,0,0,0,0,0,24.7934111879058,0,0,0,0,125.026990102467,0,0,0,0,0,1.09092795971432,5.21649162301747,48.8000736814339,0,4.45685636844386,0,0,0,0,0,0,12.2926004226606,0,0,0,37.119615517296,50.2384396209092,0,0,2.05694967933309,0,0,0,0,0,0,0,0,0,0,0,0,0,4.52381291504648,91.5431142998606,0,77.7975769918806,5.83535034551373,0,0,0,0,0,0,0,13.7995487314801,0,93.1162967961359,0,2.65773583078616,24.9379059918667,0,0,0,0,59.4009735179957,12.2533245615435,0,1.00960209466525,0,0,0,0,0,4.26959837030146,"CC vs. WW","WW"
"LOC111101301",1041.90039849841,-8.04086470148364,2.41448637078997,7.53765404629348e-06,0.00141909992591849,0.944335098603166,62.1627895592919,0,0,42.7772832359051,10.46197992333,11.1294210740639,0,26.4779101969432,3177.49652936979,14.1225555856009,8.48749230975862,1620.48342242377,5.30301873087858,19.0350917304994,1.07276302371494,0,2245.68794957197,11.8723489552496,17.593007864655,41.5226098154721,1.05955076358023,3.78556541703592,0,33.4991682067606,18366.0227681098,25.3589961855054,0,21.9092648166734,0,52.9227759573632,16.7132113816645,25.0274815906725,1.73291671391092,23585.5774387936,16.8455948678272,6.46892694480442,1.68583209478613,40.9753347422019,11.7620609712833,15.5909184241633,7216.9706484537,14637.7491830905,0,60.5706343759309,18.6084886837411,3.08542451899964,1.36315814933995,14.692391696948,16.1960959795061,6.92488241198797,24.0326862204899,79.3319542031978,1.97549863705923,0,7.03152692547822,1.06372120331929,0,13.087485468621,2826.94465156115,1.80952516601859,35.6001000055014,15.5674333660436,0.960463913480007,4.66828027641099,6.42136347874334,15.8352576284922,44.0165499817455,8.62592099659397,37.2986419966421,15.6702174478698,42.2624726197696,4.13986461944403,9.43548322911199,0,2.0265769299886,11.51685526674,11855.7072167697,36.6108987955535,5225.05015441691,0,27.618790696742,1.08001770032719,8.98577134513189,0,1.00960209466525,0.928662807430361,3857.82919551422,57.6394674343233,28.7410371215397,2.16870275963628,22.4153914440827,"CC vs. WW","CC"
"LOC111100157",20.6913524852592,-18.7199637826477,9.16586494049324,3.69093105144977e-05,0.00541774461286533,0,0,352.466766165962,0,0,0,0,0,0,0,0,0,0,0,0,0,79.6394419975156,0,0,0,0,0,13.2494789596257,7.13589824825164,0,0,496.021965388485,0,0,0,0,25.6269241185522,0,0,3.76898869231896,0,0,3.37166418957227,0,0,0,0,0,0,9.08559515638963,0,7.19932387766582,0,0,0,0,0,0,0,0,0,0,0,0,20.0403697053515,0,0,14.5944687806659,0,585.869174689579,0,0,0,0,0,0,0,0,128.052986680806,0,0,0,145.093271225407,0,0,0,0,0,0,12.3881107677016,0,0,0,0,0,0,0,"CC vs. WW","CC"
"LOC144621033",392.356842422003,1.38585497232304,1.70366099932661,0.000598719404632221,0.044957597837427,38.7177390427298,201.527753248672,133.956372046902,87.4706895641923,187.295132005855,77.883628318123,81.1793066578775,119.6906557388,262.57260945302,70.8549791410977,64.560254105604,136.860813494858,51.36072942999,173.673863436274,276.509753558834,46.1288100197422,256.949897765569,92.5057805826038,79.453412238978,121.299159487884,81.6134054993761,165.289919118515,52.9979158385029,42.8153894895098,224.444426985296,118.085950087989,103.464704436862,66.5466055425738,88.6803575912971,197.470065594639,120.701067972934,94.7081978294321,119.130812371601,77.9812521259915,49.7506507386102,152.663203489684,50.6732610676346,113.793666398064,48.1460183220873,97.304322580616,4505.7754245832,52.6842731180732,115.070808103618,215.839222075017,51.4850392195413,131.422451328922,91.5342607303225,83.1526471097369,138.528264571224,167.359658454897,79.6361477378616,48.9897065263833,187.338108720804,106.676926401198,3748.28675881553,102.836081285119,17.0195392531087,61.082584605775,124.3311119519,73.8988632884838,110.381035127134,117.988902875376,53.513052195775,92.2045356940807,95.6997456664253,120.935678849666,4380.03226004093,139.859037845223,69.9658036390399,134.275111187912,147.996498118771,99.8113715062643,146.965193990263,126.705060505218,146.325609251071,29.3853654848347,49.6110688413417,44.208106076491,141.496176426058,405.15819402766,202.249318279498,104.030778291062,63.7210443193044,166.645214036991,107.776563679004,184.757183323741,172.731282182047,4638.31487090727,63.4034141777556,4138.70934550171,4824.27928881091,48.0329816658915,"CC vs. WW","WW"
"LOC111101153",8.26623179689622,-3.39245281873264,3.48586309708949,0.000440776004609525,0.0370608458762461,5.666010591619,0,4.75022595911,0,43.9334260260647,0,0,0,11.0324625820597,0,0,3.18280961615948,3.14453445489735,0,4.00738773273672,0,4.5078929432556,0,5.47954567165366,0,0,13.7741599265429,1.89278270851796,0,2.2332778804507,41.8003363143324,0,0,11.4762815706384,23.832594123491,0,8.91371273688773,14.0153896907766,11.263958640421,1.50759547692758,6.31709807543521,1.07815449080074,37.0883060852949,45.0728682164221,0,0,82.1254845664081,19.3022000689939,0,0,10.4672748846044,4.11389935866618,0,41.97826199128,0,8.07902948065263,41.5950338431557,0,16.7917384150034,24.5628227969563,26.3682259705433,0,0,0,2.50504621316894,10.8571509961115,0,0.972964585377727,9.60463913480007,0,0,16.8909414703916,0,0,7.45972839932843,4.64302739196143,0,0,63.3525302526091,0,2.0265769299886,18.6041508155031,0,0,12.1953971446453,4.00493699563363,0,0,0,8.67167753739113,5.04801047332626,0,0,3.4583680460594,8.84339603739682,0,0,"CC vs. WW","CC"
"LOC144620391",11.4263363553459,20.9626504063703,3.07182420638594,3.25415543078421e-12,1.36364858463233e-09,0,0,0,149.574879154769,1.1561427901596,0,0,0,0,9.97957452691517,219.908365547214,13.7921750033578,1.04817815163245,0,0,95.4759091106292,0,11.4530966435605,32.8772740299219,1.85189556470052,0,1.05955076358023,0,0,0,0,0,117.820219649147,0,0,0,0,2.0021985272538,0,0,0,0,0,0,0,0,0,0,70.7059520590574,0,1.16303054273382,0,0,1.049456549782,0,0,0,12.4254868029105,0,0,0,0,0,0,1.25252310658447,0,0,0,0,0,59.9327258016045,0,0,0,0,0,0.89920154510148,0,6.73963087793714,1.10852734281114,0,17.7182388719077,1.13354118144849,0,16.2605295261937,0,0,0,44.1119684215566,0,4.03840837866101,86.3656410910236,5.30942636321803,0,63.0091967664524,0,0,"CC vs. WW","WW"
"LOC111137438",2806.38692598035,9.44412032078404,4.09648674157659,3.00942029301767e-05,0.00462649400194628,0,1350.53673445752,738.185114045694,42.8606378864542,767.678812665973,4.64976885481331,1698.87339336445,82.5452798198618,2.20649251641193,0,0,773.422736726754,2998.83769182044,2.65150936543929,77234.3837730348,0,682.945780903223,0,0,1.85189556470052,1.431814131568,0,0.946391354258981,0,66.9983364135212,0,0,1532.75378339863,1317.68578397421,0,0,6355.47718140095,854.938771137373,1605.54733543847,0,4.21139871695681,0,0,0,1502.33596951391,1919.63183097511,3.87384361162303,0.742392310345921,0,435.09905693377,131994.662355947,0,0,953.956003751838,0,0,0,0,211.378354165337,2569.27126456163,1.75788173136955,487.184311120236,0,0,7.51513863950682,9.04762583009296,0,4.86482292688863,157.516081810721,9.33656055282198,0,764.315101535221,0,968.020022951101,98.3327834456929,690.650324554263,0,4.13986461944403,417.857114432103,436.75977306759,0,57.5842763337002,0,0,1.35504412718281,15.0185137336261,6.44438449590647,3237.89306558093,2.4506649123087,0,16.153633514644,594.344196755431,0,3019.15530420985,0,377.354280176713,9089.97493037182,"CC vs. WW","WW"
"LOC111119622",3184.58731846912,12.0424695759643,3.21704545564937,2.56636306426119e-06,0.000557007694673375,0,1936.07010708053,917.743655300052,58.6053620080089,954.973944671828,30.2234975562865,1938.48328237077,15.4772399662241,0,3.99182981076607,2.01750794080012,1011.0725214,3312.24295915854,0,93681.7048751195,0,565.740564378578,0,0,1.85189556470052,0,2.11910152716045,1.89278270851796,0,49.1321133699155,0,0,1675.6653461212,1411.58263318853,0,0,5144.32646327633,994.091568781512,2146.21735017868,0,0,6.46892694480442,0,0,2276.49343707837,2345.45879043507,1.54953744464921,17.8174154483021,0,452.260736673617,143671.489004994,0,4.77105352268982,1058.90165873004,0,0,0,0,231.13334053593,3232.46748007945,1.75788173136955,624.404346348425,0,0,0,1.80952516601859,0,1.94592917075545,195.934638349921,9.33656055282198,0,823.433396681592,0,819.462494676427,157.332453513109,791.055791905429,0,4.13986461944403,403.029926500641,447.845046495701,0,44.2955971797694,29.4720707176607,0,3.38761031795702,13.0160452358093,0,3867.54338487168,0,0,14.1344293253135,744.78757155915,0,3285.44964375643,4.42169801869841,431.57184916762,11108.4275599318,"CC vs. WW","WW"
"LOC111126282",1464.47172905934,4.154011867582,2.34141295863041,9.58546628524812e-05,0.0120309178529967,33.996063549714,986.583627844246,670.731905426332,175.816086024027,2101.86759251015,561.459589218707,4417.07082274758,437.489983045268,90.4661931728892,17.9632341484473,70.6127779280044,5497.77314364614,7920.03411373479,30.4923577025518,147.271499178074,230.644050098711,7203.61292332245,66.0755575590027,36.530304477691,4.6297389117513,62.9998217889921,87.9427133771588,4.7319567712949,4.16260731148012,206.57820394169,76.2856137736566,182.584772535639,1234.93045039661,4911.84851223325,154.344419085465,48.2804271891735,10193.9447287232,580.637572903603,6549.55872022633,116.084851723424,23.1626929432624,59.2984969940405,38.7741381800811,60.4386187447478,6418.87745551031,3168.85416971119,100.719933902199,5.19674617242144,93.9644889205895,926.730705951743,865.294723793962,130.616304637651,138.360552158005,4409.81642218396,2.15947946393415,64.632235845221,1.84866817080692,14.3371001572044,1450.01599960147,7535.87403410619,55.373274538141,3160.31569506162,18.4217318652337,317.37152261406,35.0706469843652,285.904976230937,283.783654329568,54.4860167811527,1554.99107592413,54.8522932478291,53.5113623228611,2131.42567679504,45.436438690834,1220.0886031849,1263.40672799535,1385.94367650049,42.2624726197696,36.5688041384223,1244.1358600672,1339.10103011586,30.398653949829,31.8928299694339,138.292024136716,22.7581262783171,29.1334487344304,70.0863974235885,23.9362852705097,18041.6956839658,42.4781918133508,73.0898535294395,290.765403263593,50.1477916012395,27.6090170887337,13117.5899987033,40.9007066729603,137.712625236904,7355.45059243685,"CC vs. WW","WW"
"LOC111127541",154.257561365038,24.0926757731974,3.56724665758019,4.83641448532829e-12,1.99452198005261e-09,0,249.653783875221,171.00813452796,99.7165861031793,84.3984236816507,0,831.433221415359,13.4136079707276,0,0,0,426.49648856537,1223.22390295507,0,0,0,258.452528746654,0,0,5.55568669410156,0,0,0,0,13.3996672827042,0,0,692.739254418596,142.931870470679,0,0,1660.17899724534,339.372650369519,705.297102561745,0,0,0,0,0,592.380161644629,478.446309141512,0,0.742392310345921,0,236.22547406613,272.149146999714,0,0,428.178272311056,0,0,0,0,50.3752152450103,1033.27607899196,0,382.939633194945,0,0,0,0,0,0,82.5998965592806,0,0,759.036682325724,0,236.73360957319,0,253.044992861898,0.89920154510148,0,355.852510355081,289.325636473708,0,0,0,0,0,0,0,895.334673571244,0,0,3.02880628399576,0,0,338.920068513821,0,0,584.934976731301,"CC vs. WW","WW"
"LOC111124638",1043.13109375947,2.29942666452272,2.14481750113082,0.000339265733868884,0.0313832469740942,86.8788290714913,1119.93283770531,1336.71358489355,572.058309749818,775.77181219709,550.997609295377,3375.48794458078,604.644174680488,66.194775492358,79.8365962153213,98.8578890992061,4147.2009298558,4312.2049158159,37.1211311161501,1506.77778750901,156.623401462381,1912.09792343092,391.167300749296,78.5401546270357,137.966219570189,32.9317250260641,64.6325965783938,32.1773060448053,26.1649602435893,481.271383237127,95.0957651151062,177.512973298538,2002.9437340355,3843.51102783928,187.256096684572,101.203203146537,8540.45101603055,1076.18170839892,1874.14942609466,91.2095263541188,140.029007338814,157.410555656908,118.008246635029,123.950387595161,2857.11153775171,2429.25997696495,143.332213630052,54.1946386552522,79.079025329209,1259.86919501936,10533.5676255402,111.075282683987,90.6500169311066,2236.39190758544,30.2327124950781,401.643179895302,91.5090744549424,85.0667942660795,869.21940030606,1984.67608199407,216.219452958455,1658.34135597478,72.7173626259226,335.91212702794,32.5656007711962,178.238228852831,41.7029742921587,101.188316879284,832.722212987166,91.0314653900143,96.3204521811501,1734.48855224084,63.8949919089853,2714.28980692823,1508.22145091877,836.905687401048,65.6417127924081,71.0676759671225,1395.10359173299,1148.43432715234,46.6112693897377,91.2489301903249,202.903871479279,244.4024865541,51.4916768329467,95.1172536462987,529.360155020888,5299.64685550554,12.2533245615435,38.403143379875,394.754419014114,86.3656410910236,75.393854357696,3396.11742123033,138.178063084325,178.917977669993,8121.84349990596,"CC vs. WW","WW"
"LOC144622523",90.5925541752668,2.45816020837069,2.66684926081535,0.000523585431172985,0.0408506699318478,0,145.380717517699,137.75655281419,62.9788964862185,82.0861381013315,22.0864020603632,277.58085502371,0,0,13.9714043376812,6.05252382240037,521.980777050155,453.861139656851,0,269.496825026544,18.2369714031539,225.39464716278,8.81007434120036,4.56628805971138,7.40758225880209,1.431814131568,9.53595687222203,11.3566962511078,2.37863274941721,16.7495841033803,2.09001681571662,4.05743938968086,221.458375822008,274.387459370719,0,8.35622778274156,1074.10238479497,144.158293962274,114.372503118121,5.27658416924654,2.1056993584784,3.23446347240221,0,6.14630021133029,269.458124069398,173.448967468817,3.09907488929842,1.48478462069184,3.72136589784513,148.398054221031,267.497024828778,18.5125471139978,6.81579074669974,280.204898791794,0,2.30829413732932,0,0,60.2527084303064,175.214802618288,5.27364519410866,114.881889958484,3.87825934004921,50.1686942963806,0,13.5714387451394,0,11.6755750245327,115.255669617601,4.66828027641099,0,228.027709850287,4.25966612726569,359.413374858082,82.0570123926127,155.541417630708,1.79840309020296,4.13986461944403,88.9631275887702,84.2480780536468,3.0398653949829,15.946414984717,28.3385295362122,3.9579350049247,0,6.00740549345044,1.84125271311613,536.768797062615,3.2675532164116,4.95524430708064,33.3168691239533,5.57197684458217,4.24754109057442,344.684015257253,2.21084900934921,19.5183248367266,423.75763825242,"CC vs. WW","WW"
"LOC111125213",432.704003464159,10.2189698343496,3.19063465652085,7.45572627355873e-06,0.00141392134535277,0,153.401722622124,281.213376779312,8.74706895641923,2820.98840798942,0,229.135139760138,8.25452798198618,0,0,0,309.79346930619,1496.79840053114,0,1.00184693318418,0,48.0841913947264,0,0,1.85189556470052,2.863628263136,0,0,0,101.614143560507,6.27005044714986,0,488.735725952017,2004.17608156331,2.2697708689039,0,5294.74536571131,483.530944331793,493.014805107657,0,2.1056993584784,35.5790981964243,1.68583209478613,0,188.192975540532,765.903867587023,0,1.48478462069184,0,52.4945497924734,104.672748846044,0,0,2144.03973120463,47.5085482065513,0,0,1.91161335429392,234.096588491518,3381.48193838098,0,387.194518008223,0,13.087485468621,0,5.42857549805577,2.03429142888579,3.89185834151091,153.674226156801,7.00242041461648,0,490.892986483257,2.83977741817713,3445.57622030615,8.1378855265401,1407.41767818831,0,6.89977436574005,230.49537602545,68.7286952542908,0,7.0872955487631,6.80124708869093,0,5.42017650873124,2.00246849781681,3.68250542623227,2226.99649807467,6.53510643282319,4.95524430708064,48.4609005439321,0,0,6655.05290996696,11.054245046746,6.50610827890885,3393.26330479709,"CC vs. WW","WW"
"LOC111126830",111.423285721618,5.79600280532511,4.70552908567658,0.000206156812557925,0.0216848588950099,0,142.37284060354,132.056281663258,24.4917930779739,203.481131068089,0,458.270279520276,0,0,0,0,263.112261602517,381.536847194212,22.537829606234,0,0,89.4065433745694,1.76201486824007,0,1.85189556470052,1.431814131568,2.11910152716045,1.89278270851796,0,3.34991682067606,0,0,356.733442826584,202.399874973078,0,0,374.375934949284,286.314389397294,408.968344482977,1.50759547692758,0,0,0,0,89.8193746897994,354.693394149715,0,0,0,149.407564793963,351.235223905614,0,0,667.454365661352,0,0,0,9.55806677146961,64.2037057044249,587.870225607154,0,125.519101991677,7.75651868009841,4.36249515620701,0,0,0,0,46.1022678470404,0,4.28090898582889,449.721316649177,4.96961048180997,321.075948206553,1.35631425442335,190.944501494414,0,0.689977436574005,194.10136928459,52.1007851121237,5.06644232497149,2.65773583078616,0,0,0.677522063591404,2.00246849781681,0,623.170213088791,1.6337766082058,0,2.01920418933051,0,1.06188527264361,1394.87511191062,1.1054245046746,0,1179.47654979578,"CC vs. WW","WW"
"LOC111127443",27.2671645580889,4.45009597707857,3.09388556249411,0.000164585993351924,0.0183523978252203,5.666010591619,45.1181537123893,17.100813452796,8.74706895641923,20.8105702228728,1.16244221370333,106.711507945436,0,8.82597006564773,0,22.1925873488014,22.2796673131164,91.1914991920231,0,0,3.21828907114481,24.7934111879058,4.40503717060018,7.30606089553821,3.70379112940104,12.886327184112,0,0.946391354258981,0,2.2332778804507,4.18003363143324,0,180.003113352863,50.0783195809678,2.2697708689039,0,110.307195118986,68.0747499266293,50.2545847034167,2.26139321539137,0,0,0.842916047393067,2.0487667371101,11.7620609712833,46.7727552724899,0.774768722324605,0,0,11.104616302254,44.1951606238851,0,0,62.96739298692,0,39.2410003345985,0,6.69064674002873,1.97549863705923,75.325989910666,0.878940865684777,2.12744240663859,4.84782417506151,4.36249515620701,0,3.61905033203718,0,0,0,9.33656055282198,6.42136347874334,40.1159859921801,0,165.809370267862,12.8849854170218,30.1796780477493,3.59680618040592,3.44988718287002,24.2626711605737,11.0852734281114,4.0531538599772,0.885911943595387,0,2.96845125369353,6.77522063591404,1.00123424890841,1.84125271311613,59.4009735179957,0.816888304102899,7.43286646062097,0,0,2.12377054528721,486.477105145688,3.31627351402381,3.25305413945443,424.825037844996,"CC vs. WW","WW"
"LOC111122988",243.960054991581,3.73330633791037,2.06895583391256,9.03313201980913e-05,0.0116422526506548,9.44335098603166,460.205167866371,335.365952713166,58.6053620080089,220.823272920483,204.589829611786,921.777933663642,81.5134638221136,12.1357088402656,21.9550639592134,8.0700317632005,1139.44584258509,1011.49191632531,2.65150936543929,1039.91711664518,99.766961205489,622.089226169272,60.7895129542825,24.6579555224414,7.40758225880209,20.761304907736,8.47640610864181,3.78556541703592,10.7038473723775,92.6810320387043,8.36006726286648,28.402075727766,588.010170286021,692.750087536721,22.697708689039,9.28469753637951,1409.48082652037,404.444102505268,479.15147139637,10.5531683384931,6.31709807543521,34.5009437056236,21.9158172322197,23.5608174767661,668.298918822912,303.048476869674,33.315055059958,14.1054538965725,16.7461465403031,399.766186881144,1093.24871016979,47.3098426246611,40.8947444801985,550.96468863555,58.3059455262221,48.4741768839158,12.016343110245,9.55806677146961,167.917384150034,309.491567241649,101.078199553749,281.886118879613,11.6347780201476,129.784230897159,53.8584935831322,47.0476543164834,0,17.5133625367991,414.920410623363,12.8377707601302,17.1236359433156,334.651777882134,10.6491653181642,340.244661532318,882.960579629601,205.453962094293,17.0848293569281,15.8694810412021,504.124389669698,417.9148082398,2.0265769299886,23.9196224770755,82.7485062457396,3.9579350049247,4.74265444513983,14.0172794847177,11.0475162786968,2241.03672817893,11.4364362574406,12.3881107677016,45.4320942599364,21.3592445708983,44.5991814510314,907.245217416248,2.21084900934921,18.4339734569084,1189.08314612896,"CC vs. WW","WW"
"LOC111122967",607.418370381354,3.38112999257541,2.45432681533982,0.000188637618935119,0.020336074595657,30.2187231553013,109.286194547787,1495.37113192783,44.6100516777381,1382.74677703088,22.0864020603632,513.26271306271,114.531575750058,47.4395891028565,50.8958300872673,22.1925873488014,1091.7036983427,2037.65832677348,2.65150936543929,230.424794632361,23.6007865217286,104.432853185421,15.8581338141606,7.30606089553821,31.4822245999089,30.784003828712,8.47640610864181,88.9607873003442,40.4367567400926,74.8148089950986,24.0351933807411,76.0769885565161,252.004358694009,1248.82809455038,15.8883960823273,36.2103203918801,9187.80940354702,1170.28503917985,640.312725790086,18.091145723131,26.32124198098,23.7193987976162,53.1037109857632,12.2926004226606,226.686993264732,239.710370771511,69.7291850092145,25.2413385517613,7.44273179569026,910.578536784828,1166.51963436202,8.22779871733236,21.8105303894392,1950.93972604474,0,23.0829413732932,30.5030248183141,15.2929068343514,304.226790107121,2752.6736747789,31.641871164652,4934.6026621982,24.2391208753075,153.777954256297,10.0201848526758,34.3809781543532,63.0630342954595,13.6215041952882,367.857678862843,38.5133122803907,40.6686353653745,556.345384681024,14.9088314454299,1892.91044091923,73.2409697388609,1552.5122841871,75.5329297885243,93.1469539374907,2082.54594128258,177.364374849783,23.3056346948689,68.2152196568448,52.1428943466305,35.6214150443223,28.455926670839,12.0148109869009,39.5869333319969,6082.65968824275,91.4914900595247,4.95524430708064,41.3936858812754,27.8598842229108,20.1758201802285,4691.85264915391,13.2650940560952,50.9645148514527,4208.75659352467,"CC vs. WW","WW"
"LOC111127247",12.3272604141733,22.3240681858554,2.2054927855729,1.84150446956951e-24,6.83487537484077e-21,0.944335098603166,1.0026256380531,0.950045191822,6.99765516513539,2.3122855803192,6.97465328221997,0,0,0,0,2.01750794080012,0,224.310124449344,0,4.00738773273672,0,4.5078929432556,0,0,4.6297389117513,6.44316359205601,8.47640610864181,5.67834812555389,1.18931637470861,0,2.09001681571662,0,0,0,2.2697708689039,0,2.22842818422193,0,0,0,2.1056993584784,0,0,0,0,6.82102681057145,0,0,314.455418367913,0,0,5.14237419833273,0,0,0,2.30829413732932,0.924334085403459,5.73484006288177,3.95099727411845,1.63752151979709,3.51576346273911,126.582823194996,11.6347780201476,0,0,0,0,1.94592917075545,161.357937464641,0,1.07022724645722,0,0,0.958435666288219,0,1.16075684799036,2.69760463530444,0.689977436574005,0,0,12.1594615799316,0,3.40062354434547,0,0,0,0,171.722814352024,0.816888304102899,0,1.00960209466525,0,0,0,1.1054245046746,2.16870275963628,0,"CC vs. WW","WW"
"LOC111126403",469.927316418358,6.53874799316118,3.94278403658253,9.58013288188814e-05,0.0120309178529967,0,305.800819606194,911.093338957298,102.340706790105,1250.94649895269,20.9239598466599,3424.58833167224,498.367126912416,2.20649251641193,1.99591490538303,0,9626.93815234371,2221.08950330916,0,82.1514485211028,22.5280234980136,834.711509992828,4.40503717060018,7.30606089553821,11.1113733882031,5.72725652627201,12.7146091629627,0,4.16260731148012,260.176873072507,0,0,2707.68319601095,627.0222930867,2.2697708689039,0,1340.39955280949,683.750797057173,1305.75274393188,0,0,0,0,0,179.638749379599,1822.18859082409,3.09907488929842,0,0,1489.02809507497,2031.81435815598,6.17084903799927,0,1306.57340447859,0,0,0,1.91161335429392,65.1914550229545,1305.10465127828,21.0945807764347,720.139254647161,0,85.0686555460367,0,7.23810066407436,0,1.94592917075545,700.178192926925,0,2.14045449291445,270.255063526266,0,711.159264385858,62.3904557034741,875.21066338473,8.9920154510148,16.5594584777761,994.769517583522,363.596968442055,4.0531538599772,8.85911943595387,2.26708236289698,0.989483751231176,5.42017650873124,38.0469014585195,0,843.493823955538,39.2106385969392,0,109.037026223847,0,0,1512.45962547664,7.73797153272222,0,1332.11469153406,"CC vs. WW","WW"
"LOC111122612",12.0003747514694,2.75908924785149,1.80461011550842,0.000130746344356606,0.0153706822295429,4.72167549301583,2.00525127610619,8.550406726398,13.9953103302708,10.4052851114364,18.5990754192532,14.4027802134944,1.03181599774827,5.51623129102983,4.98978726345758,20.1750794080012,66.8390019393491,24.1080974875463,5.30301873087858,12.0221631982102,8.58210418971948,20.2855182446502,11.4530966435605,4.56628805971138,17.593007864655,7.87497772362401,8.47640610864181,4.7319567712949,1.78397456206291,8.93311152180282,2.09001681571662,2.02871969484043,9.81835163742892,13.5628782198454,26.1023649923949,0.928469753637951,23.3984959343303,11.0120918998959,7.79812521259915,3.01519095385517,22.1098432640232,2.15630898160147,1.68583209478613,7.17068357988534,33.1476263736164,49.6960524770206,0.774768722324605,4.45435386207552,18.6068294892256,4.03804229172873,16.2824275982735,0,10.9052651947196,11.544022047602,15.1163562475391,9.23317654931729,13.8650112810519,22.9393602515271,13.8284904594146,26.2003443167534,4.39470432842389,46.8037329460489,0,2.18124757810351,8.7676617460913,6.33333808106507,0,0.972964585377727,0,8.16949048371923,2.14045449291445,13.7238899446932,7.09944354544282,22.044020324629,6.78157127211675,1.74113527198554,1.79840309020296,8.96970667546206,33.6981543896857,15.519382799356,5.06644232497149,7.97320749235849,4.53416472579395,4.94741875615588,2.71008825436562,7.00863974235885,0,37.8006195114518,3.2675532164116,1.23881107677016,20.1920418933051,0.928662807430361,0,19.5974189276699,12.1596695514206,1.08435137981814,93.9311641466322,"CC vs. WW","WW"
"LOC111125962",414.876995525271,4.39036709013352,3.26611441486527,0.000194606786990469,0.0206370568685688,13.2206913804443,254.666912065486,445.571194964518,82.2224481903408,897.166805163848,4.64976885481331,787.570208946989,20.6363199549655,7.72272380744176,0,4.03501588160025,437.105853952569,1917.11783933575,38.4468857988697,802.479393480528,6.43657814228961,355.37222702665,6.16705203884025,8.21931850748048,14.8151645176042,2.863628263136,11.6550583993825,1.89278270851796,5.94658187354303,102.730782500732,16.720134525733,2.02871969484043,951.289180870891,727.178932248636,3.40465630335585,0,3768.27205951929,627.689238294067,948.77190086623,3.01519095385517,2.1056993584784,7.54708143560516,4.21458023696533,0,547.47047429973,772.724894397594,40.2879735608795,14.1054538965725,13.0247806424579,287.710513285672,4421.84212347398,2.05694967933309,8.17894889603969,1805.06526562504,0,6.92488241198797,10.167674939438,9.55806677146961,142.235901868264,1789.81102113822,2.63682259705433,748.859727136782,0,22.9030995700868,2.50504621316894,5.42857549805577,13.2228942877576,0,84.5208243862406,0,6.42136347874334,921.611993978243,13.4889427363414,1203.795196858,1.35631425442335,836.325308977053,0,7.58975180231405,512.211946723223,279.348890388408,2.0265769299886,23.0337105334801,0,0,6.77522063591404,10.0123424890841,8.2856372090226,4080.30687183614,1.6337766082058,0,19.1824397986398,1.85732561486072,8.49508218114884,2937.30726045311,15.4759430654444,0,3229.95116713306,"CC vs. WW","WW"
"LOC111124466",604.772124411946,4.03286921033883,2.18044334971689,8.50634897153732e-05,0.0111057011371614,31.1630582539045,141.370214965486,188.108947980756,104.090120581389,1249.79035616253,8.13709549592329,481.838465324176,139.295159696017,5.51623129102983,68.8590642357146,60.5252382240037,242.95446736684,1130.98422561141,22.537829606234,1184.1830750237,133.022614940652,499.624801210829,58.1464906519224,10.9590913433073,39.8157546410612,93.0679185519201,15.8932614537034,386.127672537664,137.366041278844,168.612479974028,29.2602354200327,190.699651315,648.011208070308,1406.36614156551,20.4279378201351,5.57081852182771,5330.40021665886,330.362756996877,618.651266866199,22.6139321539137,22.1098432640232,148.785319730502,26.9733135165781,11.2682170541055,426.642029776547,551.528739254777,36.4141299492564,48.2555001724848,280.032783812846,293.767576723265,6953.75961500551,15.4271225949982,10.9052651947196,2339.23864946408,14.036616515572,13.8497648239759,8.31900676863113,52.5693672430829,320.030779203595,4737.34975677297,19.3366990450651,707.37460020733,127.982558221624,68.7092987102604,46.3433549436254,5.42857549805577,218.686328605223,9.72964585377727,59.5487626357605,5.83535034551373,136.989087546525,761.148050009523,15.6187757999742,2099.93254483749,100.367254827328,1443.40114047601,1.79840309020296,97.9767959935087,365.287993584193,202.860503734439,14.1860385099202,244.511696432327,52.1428943466305,43.5372850541717,22.3582280985163,37.0456672096111,114.1576682132,6552.46738788508,67.8017292405407,17.3433550747823,29.2784607452923,29.7172098377716,131.673773807807,4645.74107520646,78.4851398318968,85.6637590056332,5462.95111480072,"CC vs. WW","WW"
"LOC111124621",6551.2581372622,2.20381107043824,2.06849144303026,0.000338953934175578,0.0313832469740942,516.551298935932,4178.9436594053,5534.01324236315,3644.90363413989,7535.73870626026,3321.09740455041,20089.2597105131,643.853182594922,414.820593085443,1579.76664761067,731.346628540045,18268.2662602167,36230.2778111756,404.355178229492,508.938242057564,478.452308576861,6036.81996650979,162.986375312207,371.695848060506,370.379112940104,715.191158718217,876.248481480847,670.991470169617,104.659840974357,418.739602584507,533.999296415596,611.658987994389,11651.110609749,6665.63299589173,718.382480008085,707.493952272119,31969.0307308478,7958.73914583386,7307.70978256236,925.663622833536,206.358537130884,755.786298051317,1321.69236231233,440.484848478671,13005.6315994289,15495.4240488153,718.210605594909,878.250103139224,333.9925893316,5956.11238029987,7239.86512851803,561.547262457934,1246.60812757138,16355.7803283525,1541.86833724898,1668.8966612891,926.182753574266,385.190090890225,1193.20117678377,17364.2781959283,1229.638271093,9556.47129062053,314.139006543986,3910.97690753958,1297.61393842151,1225.04853739459,367.189602913885,1267.77285474718,1917.08597130609,417.811084738783,1010.29452065562,16254.3641137262,1578.91624450648,18570.6494700005,1620.11737690869,6525.77499940179,305.728525334503,447.795356336529,125109.115913323,7669.90068491029,612.026232856557,1388.22401561397,1126.7399343598,210.76003901224,2489.21606163482,749.924452432397,189.649029450962,33984.9169761958,240.165161406252,878.317053430044,430.090492327398,1840.60968432698,391.83566560549,39267.4635843071,558.239374860674,606.152421318341,46701.93437395,"CC vs. WW","WW"
"LOC144622349",5.13549848964358,1.83502229275455,1.88637288582902,0.000404516724590638,0.0352265295326441,0,4.01050255221238,6.650316342754,0.874706895641923,16.1859990622344,2.32488442740666,1.30934365577222,0,2.20649251641193,1.99591490538303,1.00875397040006,21.2187307743965,0,2.65150936543929,0,0,8.2644703959686,24.668208155361,0.913257611942276,2.77784334705078,3.57953532892001,1.05955076358023,1.89278270851796,1.18931637470861,0,0,4.05743938968086,1.09092795971432,7.30308827222446,4.5395417378078,0,1.11421409211097,4.0043970545076,0,3.01519095385517,10.528496792392,4.31261796320295,2.5287481421792,4.09753347422019,7.48494789081661,2.92329720453062,0,0.742392310345921,5.58204884676769,4.03804229172873,0,0,4.08947444801985,7.346195848474,11.8771370516378,6.92488241198797,8.31900676863113,0,1.97549863705923,1.63752151979709,1.75788173136955,2.12744240663859,9.69564835012302,7.63436652336227,10.0201848526758,0.904762583009296,5.08572857221448,9.72964585377727,4.80231956740004,4.66828027641099,7.49159072520056,0,2.12983306363284,1.91687133257644,1.35631425442335,5.22340581595661,87.2225498748436,6.89977436574005,0,1.10852734281114,5.06644232497149,5.31547166157232,0,3.9579350049247,1.35504412718281,5.00617124454204,0,5.40008850163597,3.2675532164116,0,3.02880628399576,26.0025586080501,10.6188527264361,0,2.21084900934921,4.33740551927257,12.8087951109044,"CC vs. WW","WW"
"LOC111123269",259.295881725376,2.51626614215018,2.29791268678969,0.000330379655541869,0.0308762368008392,51.9384304231741,159.417476450442,237.5112979555,106.714241268315,142.205563189631,111.594452515519,969.568977099328,154.772399662241,120.25384214445,11.9754894322982,13.1138016152008,2266.16044670555,1426.57046437176,5.30301873087858,14.0258570645785,55.7836772331766,293.764356802156,201.750702413488,29.2242435821528,24.0746423411068,7.15907065784001,26.4887690895056,16.0886530224027,6.54124006089734,320.475375844676,36.5752942750408,10.1435984742021,1051.65455316461,774.127356855793,17.0232815167793,39.9241994064319,1357.11276419116,6.00659558176141,1101.26857169039,13.5683592923482,35.7968890941329,53.9077245400368,16.0154049004683,8.19506694844038,1249.98629776637,1210.24504267568,23.2430616697382,12.6206692758806,18.6068294892256,99.941546720286,373.332804217556,30.8542451899964,4.08947444801985,658.009256713314,43.189589278683,24.2370884419579,1.84866817080692,22.9393602515271,593.637340436298,758.172463666051,0,127.646544398315,5.81738901007381,318.462146403112,71.3938170753148,93.1905460499574,0,6.81075209764409,90.2836078671207,7.00242041461648,34.2472718866311,310.371049518446,118.560707208895,1015.94180626551,52.218098795299,279.162021941681,43.1616741648711,8.27972923888806,509.516094372048,32.1472929415231,2.0265769299886,20.3759747026939,46.475188439388,71.2428300886447,123.986537637227,8.00987399126726,74.5707348812034,1841.43017905787,17.9715426902638,12.3881107677016,100.960209466525,27.8598842229108,19.1139349075849,985.634893126928,43.1115556823095,81.3263534863606,835.773880986512,"CC vs. WW","WW"
"LOC144617655",14.71637171579,5.14547975304824,1.58343913464621,1.19766385494688e-05,0.00211676902145407,0.944335098603166,1.0026256380531,15.200723069152,0.874706895641923,2.3122855803192,8.13709549592329,7.85606193463331,31.9862959301965,5.51623129102983,14.9693617903727,2.01750794080012,1.06093653871983,4.1927126065298,1.32575468271965,4.00738773273672,2.14552604742987,15.026309810852,5.28604460472022,13.6988641791341,11.1113733882031,2.863628263136,2.11910152716045,2.83917406277694,1.78397456206291,2.2332778804507,5.22504203929155,1.01435984742021,15.2729914360005,31.2989497381048,0,0,4.45685636844386,5.0054963181345,0.866458356955461,2.26139321539137,15.792745188588,2.15630898160147,0.842916047393067,2.0487667371101,1.06927827011666,1.94886480302041,0,0.742392310345921,0.930341474461282,0,1.16303054273382,5.14237419833273,1.36315814933995,17.840761346294,5.39869865983538,2.30829413732932,7.39467268322767,10.5138734486166,18.7672370520627,3.27504303959417,13.1841129852717,34.0390785062174,0,7.63436652336227,0,0,5.08572857221448,15.5674333660436,6.72324739436005,3.50121020730824,0,1.05568384189948,4.25966612726569,2.87530699886466,0.678157127211675,2.32151369598072,206.81635537334,16.5594584777761,31.0023020385108,7.75969139967799,126.661058124287,0,3.40062354434547,24.7370937807794,9.48530889027966,6.00740549345044,221.870951930494,6.48010620196316,21.2390959066754,178.388795054903,36.3456754079491,8.35796526687325,4.24754109057442,3.4583680460594,8.84339603739682,2.16870275963628,8.53919674060293,"CC vs. WW","WW"
"LOC111123359",281.103953331255,5.17046019635321,3.77687815544986,0.000173237082328874,0.0189910237805336,3.77734039441266,191.501496868141,323.01536521948,34.9882758256769,277.474269638304,0,2403.30028016991,212.554095536144,2.20649251641193,0,1.00875397040006,3197.66272770156,458.05385226338,3.97726404815894,3.00554079955254,1.07276302371494,190.83413459782,0,4.56628805971138,18.5189556470052,1.431814131568,16.9528122172836,41.6412195873952,0,178.662230436056,0,0,765.831427719456,1352.11462868613,10.2139689100676,1.8569395072759,2307.53738476181,148.162691016781,1196.57899095549,1.50759547692758,1.0528496792392,0,1.68583209478613,8.19506694844038,11.7620609712833,1027.05175119176,1.54953744464921,0.742392310345921,0.930341474461282,290.739045004468,1743.382783558,0,1.36315814933995,1907.91200750368,0,0,0.924334085403459,0,355.589754670661,121.176592464984,0,405.277778464651,0.969564835012302,10.9062378905175,11.2727079592602,0,2.03429142888579,4.86482292688863,236.274122716082,14.004840829233,0,131.960480237435,4.96961048180997,1328.39183347547,2.03447138163503,276.260129821705,0,2.06993230972201,1032.51145049997,188.449648277894,0,0,1.13354118144849,2.96845125369353,0,14.0172794847177,0,65.8810797199588,2.4506649123087,2.47762215354032,12.115225135983,0,1.06188527264361,1091.69151320608,2.21084900934921,0,2189.23656437208,"CC vs. WW","WW"
"LOC111124819",107.352111153988,4.45021373365845,3.14884290890174,0.000171791998765046,0.0189811141880444,0,199.522501972566,128.25610089597,67.3524309644281,64.7439962489375,47.6601307618364,547.305648112787,0,0,0,6.05252382240037,378.754344322978,579.642517852745,1.32575468271965,207.382315169125,0,254.695951293941,14.0961189459206,7.30606089553821,20.3708512117057,0,8.47640610864181,0,0,26.7993345654085,4.18003363143324,4.05743938968086,408.007056933157,350.548237066774,9.07908347561561,0,881.343346859774,390.428712814491,181.956254960647,1.50759547692758,0,4.31261796320295,1.68583209478613,2.0487667371101,316.506367954531,317.664962892328,2.32430616697382,5.93913848276736,5.58204884676769,85.8083986992354,264.007933200577,4.11389935866618,4.08947444801985,316.935878034164,0,0,3.69733634161384,0,78.0321961638395,270.191050766519,21.0945807764347,92.5437446887785,0,4.36249515620701,0,14.4762013281487,8.13716571554317,1.94592917075545,141.188195281561,2.33414013820549,0,337.818829407833,0,568.352350108914,38.6549562510655,106.209251591118,1.79840309020296,5.51981949259204,214.320261918401,103.093042881436,2.0265769299886,1.77182388719077,4.53416472579395,68.2743788349512,2.71008825436562,8.00987399126726,0,774.372691134598,33.4924204682189,0,4.03840837866101,5.57197684458217,0,360.823066138864,0,8.67481103854514,466.453621955435,"CC vs. WW","WW"
"LOC111126940",27.0932847103871,1.76353373013843,1.93608778045586,0.000484378358248848,0.0395743211498847,5.666010591619,21.055138399115,33.25158171377,59.4800689036508,38.1527120752667,2.32488442740666,54.9924335424332,0,34.200634004385,0,15.1313095560009,185.66389427597,39.8307697620331,5.30301873087858,3.00554079955254,22.5280234980136,72.1262870920896,2.64302230236011,67.5810632837284,5.55568669410156,10.73860598676,2.11910152716045,26.4989579192515,8.32521462296025,22.3327788045071,6.27005044714986,0,29.4550549122867,36.5154413611223,6.80931260671171,0,240.670243895969,28.0307793815532,32.058959207352,2.26139321539137,22.1098432640232,0,12.643740710896,0,71.6416440978162,39.9517284619185,5.42338105627224,3.7119615517296,12.0944391679967,25.2377643233045,66.2927409358277,13.3701729156651,2.7263162986799,38.829892341934,15.1163562475391,20.7746472359639,0,0,55.3139618376583,22.9253012771592,2.63682259705433,0,26.1782505453321,28.3562185153456,7.51513863950682,1.80952516601859,48.822994293259,2.91889375613318,48.0231956740004,3.50121020730824,10.7022724645722,108.735435715646,8.51933225453138,44.0880406492581,1.35631425442335,5.80378423995179,27.8752478981459,0.689977436574005,41.7857114432103,57.6434218261794,18.2391923698974,12.4027672103354,6.80124708869093,9.89483751231176,2.71008825436562,6.00740549345044,16.5712744180452,185.763044456277,5.7182181287203,14.8657329212419,20.1920418933051,8.35796526687325,2.12377054528721,39.1948378553398,7.73797153272222,22.771378976181,87.52676659118,"CC vs. WW","WW"
"LOC111099940",24.3389141905906,-2.33856999873306,2.51946134648927,0.000510585824383949,0.0405673709581633,2.8330052958095,4.01050255221238,1.900090383644,5.24824137385154,0,2.32488442740666,4.58270279520276,0,0,1.99591490538303,3.02626191120019,294.940357764112,1.04817815163245,6.62877341359823,2.00369386636836,2.14552604742987,0,1.76201486824007,0,4.6297389117513,0.715907065784001,2.11910152716045,0.946391354258981,0.594658187354303,4.46655576090141,333.357682106801,0,4.3637118388573,0,9.07908347561561,3.71387901455181,3.3426422763329,7.00769484538831,2.59937507086638,214.078557723717,2.1056993584784,2.15630898160147,0,1.02438336855505,2.13855654023332,0.974432401510207,280.466277481507,446.177778517898,2.79102442338385,1.00951057293218,4.65212217093528,4.11389935866618,0,0,3.23921919590123,3.46244120599398,1.84866817080692,1.91161335429392,2.96324795558884,3.27504303959417,0,1.06372120331929,0.969564835012302,5.45311894525876,6.26261553292235,1.80952516601859,2.03429142888579,0.972964585377727,0,0,1.07022724645722,1.05568384189948,1.41988870908856,2.87530699886466,1.35631425442335,2.90189211997589,4.4960077255074,1.37995487314801,2.69585235117486,2.21705468562228,3.0398653949829,4.42955971797694,0,1.97896750246235,481.040665149897,0,0.920626356558067,3.24005310098158,1.6337766082058,0,0,6.50063965201253,1.06188527264361,2.30557869737293,0,1.08435137981814,2.13479918515073,"CC vs. WW","CC"
"LOC111122756",12.0482904661936,22.4212248881316,2.70894074984897,5.02786448532193e-17,4.66531954261246e-14,0,15.0393845707964,96.904609565844,5.24824137385154,69.3685674095759,0,1.30934365577222,7.22271198423791,0,0,0,11.6703019259181,85.9506084338609,0,0,0,12.7723633392242,0,0,0,0,0,3.78556541703592,0,3.34991682067606,0,0,25.0913430734295,18.7793698428629,0,0,96.936626013654,2.0021985272538,32.058959207352,0,0,0,0,0,41.7018525345497,26.3096748407756,0,0,1.86068294892256,28.2662960421011,8.14121379913674,0,0,13.642935147166,0,0,0,0,13.8284904594146,21.2877797573621,0,0,0,11.9968616795693,0,1.80952516601859,0,0,19.2092782696001,0,0,31.6705152569843,0,9.58435666288218,0,1.16075684799036,0,0,0,8.86821874248914,1.0132884649943,0,3.40062354434547,0,0,0,0,31.3205133094886,0,0,0,0,0,216.724397553055,0,0,129.155350701619,"CC vs. WW","WW"
"LOC111123157",62.1960151526748,18.0654614604925,3.42132359975094,2.52787763285591e-08,7.13878138904666e-06,0,2.00525127610619,129.206146087792,0.874706895641923,152.610848301067,5.81221106851664,860.893453670233,114.531575750058,1.10324625820597,0.997957452691516,0,733.107148255401,0,0,0,0,0.7513154905426,0,0,2.77784334705078,0,0,0,0,6.69983364135212,0,0,661.10234358688,8.34638659682796,0,0,4.45685636844386,0,17.3291671391092,0,0,3.23446347240221,0,0,2.13855654023332,485.267335952083,0,0,0,2.01902114586436,0,0,0,183.65489621185,0,26.5453825792872,0,0,15.8039890964738,6.55008607918834,0,474.419656680405,0,0,0,0,0,0,98.9277830884408,0,0,1.05568384189948,0,540.557715786555,0,199.069799430346,0,0,0,257.178343532185,0,0,0,0,0,0,0,2.16003540065439,0,2.47762215354032,0,0,0,705.507081396117,0,3.25305413945443,9.6065963331783,"CC vs. WW","WW"
"LOC111126116",136.657937502281,2.84923382811542,2.60108654261965,0.000339428520831395,0.0313832469740942,5.666010591619,148.388594431858,96.904609565844,53.3571206341573,190.763560376334,36.0357086248032,262.52340298233,8.25452798198618,6.6194775492358,3.99182981076607,3.02626191120019,161.262353885414,1090.10527769775,37.1211311161501,176.325060240416,0,129.226264373327,5.28604460472022,69.407578507613,0,0,2.11910152716045,1.89278270851796,4.75726549883443,5.58319470112676,12.5401008942997,4.05743938968086,86.1833088174316,197.183383350061,18.1581669512312,16.7124555654831,738.72394306957,63.0692536084948,559.732098593228,6.03038190771033,0,7.54708143560516,10.1149925687168,8.19506694844038,194.608645161232,130.573941802368,7.74768722324605,0,1.86068294892256,34.3233594796942,1678.2530731649,0,4.08947444801985,54.571740588664,6.47843839180245,4.61658827465864,3.69733634161384,8.60226009432265,55.3139618376583,1233.05370440721,14.0630538509564,422.297317717759,1.9391296700246,40.3530801949148,10.0201848526758,0.904762583009296,8.13716571554317,7.78371668302181,34.5767008852803,4.66828027641099,97.3906794276073,176.299201597213,7.8093878999871,30.669941321223,385.871405383443,197.328664158361,3.59680618040592,1.37995487314801,168.490771948428,57.6434218261794,0,48.7251568977463,10.2018706330364,17.8107075221612,1.35504412718281,12.0148109869009,5.5237581393484,891.014602769935,6.53510643282319,7.43286646062097,12.115225135983,5.57197684458217,10.6188527264361,1173.53955696282,15.4759430654444,8.67481103854514,1030.04060683523,"CC vs. WW","WW"
"LOC111127544",75.0935923590154,23.9709452970688,4.01953067333966,7.62399090616287e-10,2.53947317606433e-07,0,36.0945229699114,122.555829745038,6.99765516513539,100.584422743885,1.16244221370333,39.9349815010527,0,0,0,0,2.12187307743965,827.012561638003,0,0,0,33.809197074417,0,0,0,0,0,0,0,1.11663894022535,0,0,572.73717885002,648.931557903374,0,0,138.16254742176,7.00769484538831,162.894171107627,0,0,0,0,0,66.2952527472329,597.327062125757,0,0,0,0,0,0,0,415.584793713672,0,0,0,0,18.7672370520627,1018.53838531379,0,0,0,0,2.50504621316894,0,0,0,0,0,0,482.447515748061,1.41988870908856,0,0,51.6536797355709,0,0,2.69585235117486,0,0,0,0,0,0,0,0,168.482761251042,0,0,0,0,0,194.821399928013,0,0,1186.94834694381,"CC vs. WW","WW"
"LOC144623312",38.3018156319993,21.7631171959742,3.10072279475045,8.40461681153252e-13,3.70102287085468e-10,0,0,0,0,0,0,0.654671827886109,0,0,0,0,1.06093653871983,0,0,0,0,0,0,0,0,194.726721893248,2.11910152716045,49.212350421467,3.56794912412582,0,4.18003363143324,0,6.54556775828594,0,0,0,0,253.278113697606,0.866458356955461,0,0,0,0,0,0,0.974432401510207,0,1.48478462069184,63.2632202633672,0,0,431.959432659949,228.328990014441,0,18.3555754434403,8.07902948065263,0,502.754312179302,0,0,0,0,669.9693009935,1.09062378905175,0,0,1.0171457144429,252.970792198209,0,0,6.42136347874334,0,0,0,0,0,0,15.1795036046281,5.39170470234971,0,494.484770917218,1.77182388719077,10.2018706330364,0,0,234.288814244567,0,0,0,0,0,58.5057568681128,1.06188527264361,0,0,0,0,"CC vs. WW","WW"
"LOC111114999",23.4858941484578,3.55019633003087,1.63065472322328,5.03127759355846e-05,0.00722196813028963,5.666010591619,1.0026256380531,3.800180767288,12.2458965389869,8.09299953111719,10.46197992333,10.4747492461777,0,1.10324625820597,5.9877447161491,1.00875397040006,9.54842884847844,9.43360336469205,2.65150936543929,3.00554079955254,5.36381511857468,3.756577452713,10.5720892094404,0.913257611942276,26.8524856881576,10.022698920976,6.35730458148136,7.57113083407185,41.0314149274469,12.2830283424789,0,4.05743938968086,73.0921733008597,126.239097277023,2.2697708689039,3.71387901455181,17.8274254737755,5.0054963181345,9.53104192651007,1.50759547692758,10.528496792392,45.2824886136309,0.842916047393067,5.12191684277524,1.06927827011666,14.6164860226531,10.8467621125445,0.742392310345921,21.3978539126095,35.3328700526263,1.16303054273382,11.313223236332,1.36315814933995,168.962504514902,20.5150549073744,8.07902948065263,0.924334085403459,1.91161335429392,6.91424522970729,3.27504303959417,6.15258605979344,0,0.969564835012302,316.280898825008,0,1.80952516601859,7.12002000110027,3.89185834151091,9.60463913480007,94.5326755973225,73.8456800055484,5.27841920949739,0,7.66748533030575,2.03447138163503,11.0271900559084,192.429130651717,5.51981949259204,12.1313355802868,5.54263671405571,0,31.8928299694339,1.13354118144849,27.7055450344729,8.80778682668826,1.00123424890841,11.9681426352549,9.72015930294474,53.9146280707914,1.23881107677016,116.104240886504,109.582211276783,31.8565581793082,2.30557869737293,25.4247636075159,7.59045965872699,141.964145812524,"CC vs. WW","WW"
"LOC111111167",158.219289185114,25.0037863319039,2.59625982237245,2.04741000657468e-22,5.31937593808169e-19,0,196.514625058407,168.157998952494,17.4941379128385,181.514418055057,30.2234975562865,432.083406404832,0,0,0,0,244.01540390556,525.137253967857,0,1570.89599123279,2.14552604742987,93.914436317825,3.52402973648014,0,0,0,3.17865229074068,0,0,16.7495841033803,2.09001681571662,0,196.367032748578,155.451450365921,0,0,1776.05726282488,104.114323417198,285.064799438347,0,0,4.31261796320295,0,0,415.94924707538,357.616691354246,0,0,0,178.683371408996,3325.10432167599,2.05694967933309,0,194.14946170967,0,0,0,0,19.7549863705923,275.10361532591,4.39470432842389,148.920968464701,0,15.2687330467245,0,7.23810066407436,0,1.94592917075545,46.1022678470404,0,0,119.292274134641,2.83977741817713,204.146796919391,433.342404288261,171.792013502573,0,0,52.5691208479097,178.472902192594,0,1.77182388719077,0,0,0,4.00493699563363,3.68250542623227,437.407168632513,0,0,4.03840837866101,3.71465122972145,2.12377054528721,624.811826988064,0,6.50610827890885,1304.3623021271,"CC vs. WW","WW"
"LOC111115595",2832.89833210079,6.72200302145731,2.2008174181832,1.36112731589049e-05,0.0022934732015722,18.8867019720633,2881.5460837646,3709.92647406491,403.239878890927,2030.18673952025,46.4976885481331,6261.93603373063,420.980927081295,8.82597006564773,1.99591490538303,16.140063526401,11936.5969971368,14700.6985766451,18.560565558075,7443.72271355846,19.3097344268688,2525.92267920422,1.76201486824007,30.1375011940951,15.7411122999544,22.909026105088,21.1910152716045,30.2845233362874,8.32521462296025,1368.99934071628,281.107261713885,4.05743938968086,7807.77140767542,6162.76320343284,24.9674795579429,0,23171.1962595396,13027.3047175769,8506.02169023176,118.346244938815,10.528496792392,355.790981964243,13.4866567582891,4.09753347422019,3058.13585253365,8654.90859021366,8.52245594557066,12.6206692758806,40.9350248762964,1880.71819737265,22062.6893956606,30.8542451899964,70.2026446910074,6197.04092646271,23.7542741032757,163.888883750382,0,42.0554937944663,1939.93966159216,10018.3566581186,14.0630538509564,12490.2143693751,9.69564835012302,69.7999224993122,190.38351220084,85.0476828028738,11.1886028588719,21.40522087831,1444.53772587393,64.1888538006511,52.4411350764039,4753.74434007334,2.83977741817713,12469.2480184097,48.8273131592406,2322.67445282871,16.1856278118266,41.3986461944403,7006.52026070345,1754.79878367004,23.3056346948689,283.491821950524,38.5404001692486,23.7476100295482,31.1660149252046,428.528258532798,14.7300217049291,22897.4552646368,0,32.2090879960242,246.342911098322,26.0025586080501,72.2081985397651,15372.445964734,11.054245046746,17.3496220770903,10602.4801530511,"CC vs. WW","WW"
"LOC111113358",4230.87506001615,7.82760563907887,2.0362828418244,3.11978818159032e-06,0.000658985501999171,15.1093615776507,5005.10718516105,5625.21758077806,488.086447768193,3192.11024363065,47.6601307618364,9023.99647558213,707.825774455315,13.2389550984716,0.997957452691516,12.1050476448007,13865.3796245294,28869.9708304126,13.2575468271965,7622.05146766524,12.8731562845792,2986.47907490683,0.881007434120036,7.30606089553821,74.0758225880209,15.034048381464,19.0719137444441,47.319567712949,11.8931637470861,979.292350577634,238.261916991695,0,13901.6949906396,8114.77436876598,29.5070212957507,0,29228.0640642549,19939.8951329206,16481.7708660068,94.2247173079739,17.8984445470664,411.855015485881,11.8008246635029,5.12191684277524,5014.91508684713,17307.8683156243,10.0719933902199,17.8174154483021,13.0247806424579,2324.90284946281,20229.7532603121,38.0535690676622,54.5263259735979,10193.3714680326,0,150.039118926406,9.24334085403459,35.3648470544376,1871.78495861362,12255.2110541614,16.6998764480108,23026.3728882527,17.4521670302214,103.609259959916,100.201848526758,76.0000569727808,2.03429142888579,31.1348667320873,1150.63576834905,46.6828027641099,38.52818087246,6585.35580576894,4.25966612726569,19192.6742174216,67.1375555939559,4547.26495200223,3.59680618040592,39.3287138847183,12930.6558024102,2742.49664611477,53.7042886446978,306.525532484004,53.276435528079,15.8317400196988,61.6545077868178,303.373977419247,16.5712744180452,34057.2781621177,1.6337766082058,33.4478990727943,218.074052447695,24.1452329931894,59.4655752680419,28372.4514498713,22.1084900934921,39.0366496734531,18222.6458444466,"CC vs. WW","WW"
"LOC111111959",23.8222861379693,23.028037143931,2.94838095033874,2.15838407762321e-15,1.4378711979674e-12,0.944335098603166,64.1680408353981,0,0,0,0,249.429966424608,36.1135599211896,0,0,0,51.9858903972715,3.14453445489735,0,8.01477546547344,0,67.618394148834,0,0,2.77784334705078,0,0,2.83917406277694,0,20.0995009240563,0,0,52.3645420662876,5.21649162301747,0,0,94.7081978294321,3.0032977908807,96.1768776220562,0,0,0,0,0,4.27711308046664,1.94886480302041,0,10.3934923448429,0,19.1807008857114,9.30424434187056,0,0,0,0,0,0,0,33.5834768300069,0,0,647.806212821449,0,1.09062378905175,0,0,0,0,251.641545331762,0,0,0,2.12983306363284,3.83374266515287,0,1.74113527198554,6.29441081571036,0,0,19.9534921706006,0,0,2.26708236289698,1.97896750246235,0,0,0,366.126000410919,0,0,22.2112460826356,0,0,8.06952544080526,0,0,19.2131926663566,"CC vs. WW","WW"
"LOC111113712",30.1280486705011,16.6646946830554,3.61361677981077,3.45385936612345e-07,8.38642244778069e-05,0,185.485743039823,0,0,0,2.32488442740666,51.0644025751165,0,0,0,0,40.3155884713534,48.2161949750927,0,8.01477546547344,0,0,0,0,5.55568669410156,0,0,1.89278270851796,0,29.0326124458592,0,0,1.09092795971432,0,0,0,0,5.0054963181345,1196.57899095549,0,0,2.15630898160147,0,0,4.27711308046664,0,0,0,0,2.01902114586436,0,0,0,0,0,0,0,0,0,0,0,1055.21143369274,0,0,0,5.42857549805577,0,0,0,0,0,0,0,0,5.4252570176934,0,0.89920154510148,4.13986461944403,2.69585235117486,101.984515538625,0,0,0,0,0,0,0,2.16003540065439,0,6.19405538385081,0,0,0,4.61115739474586,0,0,0,"CC vs. WW","WW"
"LOC144623813",60.5105306495488,21.6670082065702,3.73683816050768,2.09349630069147e-09,6.54531719484413e-07,1.88867019720633,0,0,0,0,0,0,0,0,0,0,0,0,0,0,224.207471956421,0,0,0,0,293.52189697144,247.934878677773,410.733847748398,0,0,0,0,0,156.494748690524,0,0,0,21.0230845361649,0,0,0,657.674239388449,0,0,191.400810350882,326.434854505919,0,0,201.884099958098,0,0,8.22779871733236,0,0,171.678617382765,226.212825458274,131.255440127291,3.82322670858784,0,0,0,0,177.430364807251,0,0,0,158.674731453092,14.5944687806659,0,1.16707006910275,306.084992486766,0,0,0,0,0,5.39520927060888,0,0,252.74423416094,0,0,167.764094854376,0,0,287.354229436713,1.84125271311613,0,213.207847370857,0,0,0,211.315169256077,0,247.615089047111,120.363003159814,127.020551516469,"CC vs. WW","WW"
"LOC111113755",32.6569394138918,22.07587936069,2.2964457518014,2.94938127633835e-22,6.9661704491406e-19,0,0,19.950949028262,0,0,0,927.01530828673,33.0181119279447,0,0,0,143.226432727177,77.5651832208013,0,2.00369386636836,0,175.807824786968,0,0,0,0,8.47640610864181,3.78556541703592,0,1.11663894022535,0,0,216.003736023436,6.25978994762097,0,0,209.472249316862,170.186874816573,116.105419832032,0,0,0,0,0,10.6927827011666,32.1562692498368,0,8.16631541380513,0,26.2472748962367,277.964299713383,1.02847483966655,0,3.148369649346,0,0,3.69733634161384,1.91161335429392,9.87749318529613,1.63752151979709,0,96.7986295020557,3.87825934004921,8.72499031241402,0,14.4762013281487,1.0171457144429,0,46.1022678470404,0,0,0,2.12983306363284,11.5012279954586,0.678157127211675,37.1442191356914,13.4880231765222,0,4.04377852676228,49.8837304265014,0,0,1.13354118144849,5.93690250738706,0,2.00246849781681,0,95.041557628793,1.6337766082058,1.23881107677016,10.0960209466525,3.71465122972145,0,6.91673609211879,0,0,100.335561702084,"CC vs. WW","WW"
"LOC144623827",13.6399286043601,45.8880274916982,2.95625446854732,7.02587651960292e-56,6.08464326186012e-52,0,0,0,0,0,0,0,0,0,0,0,0,1.04817815163245,0,0,0,0,78.4096616366832,0,0,15.749955447248,0,0,0,0,0,0,28.3641269525724,0,0,0,2.22842818422193,94.1033307809287,0,0,2.1056993584784,44.2043341228302,0,0,0,2.92329720453062,0,0,219.560587972863,0,0,56.56611618166,0.681579074669974,0,0,21.9287943046286,0,31.5416203458497,0.987749318529613,1.63752151979709,0,0,90.169529656144,0,71.3938170753148,0.904762583009296,0,10.702610439155,4.80231956740004,0,131.637951314238,0,0,29.7115056549348,0.678157127211675,0,0.89920154510148,0.689977436574005,0,0,27.3587885548461,40.7519494053878,0,0,0,0,0.920626356558067,0,0,0,0,80.7936642464414,159.282790896541,0,0,0,2.13479918515073,"CC vs. WW","WW"
"LOC111114478",677.766350982013,-1.05632672924653,1.02452518903313,0.00020888084938798,0.0218827957578593,299.354226257204,251.659035151327,197.609399898976,366.502189273966,290.191840330059,478.926192045771,484.457152635721,879.107230081529,756.826933129293,500.974641251141,367.186445225623,1362.24251571626,526.18543211949,322.158387900874,969.787831322286,303.591935711327,256.949897765569,298.661520166692,610.969342389383,241.672371193418,549.816626522113,1087.09908343331,501.58741775726,532.219077682102,372.957406035268,1324.02565275648,578.185113029522,758.194932001455,657.277944500202,1585.43495192938,585.864414545547,1286.91727638817,1702.86984742936,459.222929186394,5847.20905726363,354.810341903611,306.195875387409,1117.70667884321,899.408597591332,741.009841190845,941.30169985886,439.293865558051,417.966870724753,836.376985540693,703.62886933373,162.824275982735,1752.52112679179,494.826408210401,399.842945466942,532.311687859768,438.575886092571,735.769931981153,1244.46029364534,834.648174157523,525.644407854865,207.430044301607,1245.61752908689,1684.13411841637,398.07768300389,217.939020545698,392.666961026034,833.042340128732,413.509948785534,900.915150844247,578.866754274963,473.040442934093,276.589166577663,123.530317690705,420.753257500528,823.960909562186,318.047376349358,252.675634173516,619.599738043456,327.546060667745,742.713319683465,873.454656825086,320.70012358153,216.506365656661,159.306883948219,786.60311582962,1096.35150255471,1805.34828521037,596.169770580611,318.586438600131,453.404854097879,668.356586668397,247.024306776476,192.201234348493,268.599918243946,701.944560468373,394.703902253804,531.564997102532,"CC vs. WW","CC"
"LOC144624524",12.090302402378,-2.44403565322426,2.66101140942677,0.00052815280008733,0.0410836464043979,0,34.0892716938053,0.950045191822,5.24824137385154,2.3122855803192,8.13709549592329,6.54671827886109,0,1.10324625820597,27.9428086753625,4.03501588160025,22.2796673131164,71.2761143110066,84.8482996940573,3.00554079955254,10.7276302371494,9.7671013770538,0,6.39280328359593,0,14.31814131568,4.2382030543209,34.0700887533233,6.54124006089734,0,7.31505885500817,186.642211925319,0,2.08659664920699,13.6186252134234,90.9900358565192,0,0,0,3.01519095385517,2.1056993584784,23.7193987976162,3.37166418957227,0,2.13855654023332,11.6931888181225,2.32430616697382,10.3934923448429,11.1640976935354,6.05706343759309,3.48909162820146,13.3701729156651,34.0789537334987,8.395652398256,0,6.92488241198797,0.924334085403459,0,33.5834768300069,0,44.8259841499236,0,0,0,1.25252310658447,15.380963911158,3.05143714332869,7.78371668302181,6.72324739436005,1.16707006910275,0,0,5.67955483635425,0,1.35631425442335,2.90189211997589,2.69760463530444,0,2.69585235117486,8.86821874248914,3.0398653949829,0.885911943595387,17.0031177217273,0,0.677522063591404,26.0320904716186,0,0,2.4506649123087,3.71643323031048,4.03840837866101,2.78598842229108,1.06188527264361,12.6806828355511,95.0665074020158,3.25305413945443,0,"CC vs. WW","CC"
"LOC111113073",147.204465670819,2.61622250706539,2.71004351583209,0.000467225553619194,0.038659194613313,32.1073933525076,203.533004524778,163.407772993384,50.7329999472316,35.8404264949475,59.2845528988697,597.715378860017,236.285863484355,0,0.997957452691516,5.04376985200031,959.086631002724,657.207701073546,2.65150936543929,5.0092346659209,41.8377579248825,274.230154048049,201.750702413488,12.7856065671919,3.70379112940104,3.57953532892001,1.05955076358023,13.2494789596257,3.56794912412582,139.579867528169,4.18003363143324,4.05743938968086,585.828314366592,421.492523139812,2.2697708689039,20.4263345800349,626.188319766363,152.167088071289,108.307294619433,2.26139321539137,5.26424839619601,19.4067808344133,3.37166418957227,6.14630021133029,380.663064161531,453.111066702246,9.29722466789526,2.96956924138368,4.65170737230641,339.195552505213,75.5969852776983,24.6833961519971,0,423.980446111928,83.1399593614648,4.61658827465864,5.54600451242075,7.64645341717569,486.960414035099,415.93046602846,48.3417476126627,128.710265601634,21.3304263702706,91.6123982803472,0,72.3810066407436,1.0171457144429,15.5674333660436,330.399586237123,19.8401911747467,0,207.969716854197,0,412.127336503934,299.74545022756,99.2447105031756,0,0,380.115181515655,72.0542772827242,33.4385193448119,5.31547166157232,69.1460120683578,0.989483751231176,0.677522063591404,28.0345589694354,5.5237581393484,907.214868274843,2.4506649123087,0,104.998617845186,0,0,719.340553580354,1.1054245046746,19.5183248367266,1060.99519501991,"CC vs. WW","WW"
"LOC111111604",20.3357987632644,22.6522315438951,2.66670964134247,7.87277561323633e-18,8.18170332829972e-15,0,11.0288820185841,10.450497110042,0.874706895641923,0,12.7868643507366,24.8775294596721,0,0,0,0,83.8139865588663,2.0963563032649,0,210.387855968678,10.7276302371494,8.2644703959686,0,0,0,0,0,0,0,0,0,0,70.9103173814311,10.4329832460349,1.13488543445195,0,570.477615160814,3.0032977908807,5.19875014173276,0,0,0,0,0,35.2861829138498,4.87216200755104,0,0,0,10.0951057293218,94.2054739614394,0,0,9.445108948038,0,0,0.924334085403459,0,5.92649591117768,311.129088761446,0,12.7646544398315,0,2.18124757810351,0,0,0,0,0,0,7.49159072520056,5.27841920949739,0,28.7530699886466,12.8849854170218,2.90189211997589,0,0,5.39170470234971,5.54263671405571,0,0,0,1.97896750246235,0,0,0,245.164017974273,0,0,0,0,0,2.30557869737293,0,1.08435137981814,28.8197889995349,"CC vs. WW","WW"
"LOC111114652",14.974522651544,19.0250670922758,3.0843077594178,2.04129283358694e-10,7.07131054792297e-08,0,62.1627895592919,28.50135575466,0.874706895641923,17.342141852394,0,96.8914305271441,0,0,0.997957452691516,0,138.982686572297,143.600406773646,0,0,0,33.0578815838744,0,0,0.925947782350261,0,1.05955076358023,0,0,0,0,0,25.0913430734295,2.08659664920699,0,0,130.363048776983,25.0274815906725,77.114793769036,0,0,0,0,0,17.1084523218665,56.517079287592,0,0,0,7.06657401052527,1.16303054273382,0,0,124.885329424058,0,0,0,0,0.987749318529613,36.0254734355359,0,3.19116360995788,0,0,0,0,0,0,9.60463913480007,0,0,41.1716698340796,0,56.5477043110049,0.678157127211675,19.7328664158361,0,0,29.6543758629234,21.0620195134117,0,0,0,0,0,0,0,95.041557628793,0,0,0,0,0,50.7227313422045,0,0,22.4153914440827,"CC vs. WW","WW"
"LOC111115254",33.9610615108038,1.41986204206188,1.79385638458714,0.000664262025855305,0.0485115325196881,50.0497602259678,15.0393845707964,38.951852864702,6.12294826949346,1.1561427901596,9.29953770962662,60.8844799934081,39.2090079144344,7.72272380744176,8.98161707422365,3.02626191120019,25.4624769292759,24.1080974875463,99.4316012039734,8.01477546547344,10.7276302371494,9.7671013770538,345.354914175054,31.0507588060374,0.925947782350261,5.72725652627201,3.17865229074068,0,37.4634658033211,23.4494177447324,19.8551597493079,3.04307954226064,17.4548473554292,12.5195798952419,22.697708689039,0.928469753637951,106.964552842653,27.0296801179263,3.46583342782184,0.753797738463791,30.5326406979368,144.472701767299,10.9579086161099,4.09753347422019,7.48494789081661,13.6420536211429,0.774768722324605,54.9370309655981,55.8204884676769,40.3804229172873,80.2491074486336,22.626446472664,6.81579074669974,6.296739298692,92.8576169491685,43.8575886092571,2.77300225621038,6.69064674002873,2.96324795558884,11.4626506385796,1.75788173136955,5.31860601659647,29.086945050369,22.9030995700868,41.3332625172875,90.4762583009296,7.12002000110027,9.72964585377727,78.7580409053606,12.8377707601302,0,12.6682061027937,17.0386645090628,57.5061399772931,13.5631425442335,2.32151369598072,5.39520927060888,27.5990974629602,14.8271879314617,12.1938007709226,0,25.6914463642662,64.6118473425638,9.89483751231176,5.42017650873124,16.0197479825345,19.3331534877194,42.1206903127606,169.0958789493,1.23881107677016,42.4032879759406,103.08157162477,318.565581793082,19.5974189276699,53.0603762243809,2.16870275963628,50.1677808510422,"CC vs. WW","WW"
"LOC144623101",25.1150814835326,-1.60913488365296,1.74322143178637,0.000439311677796178,0.0370608458762461,0,6.01575382831857,19.00090383644,27.1159137648996,9.24914232127678,30.2234975562865,45.8270279520276,0,40.8201115536207,7.98365962153213,6.05252382240037,4.24374615487931,48.2161949750927,7.95452809631787,53.0978874587615,10.7276302371494,12.7723633392242,3.52402973648014,25.5712131343837,27.7784334705078,18.613583710384,4.2382030543209,11.3566962511078,10.7038473723775,41.315640788338,25.0802017885994,18.2584772535639,15.2729914360005,8.34638659682796,6.80931260671171,12.9985765509313,28.9695663948851,33.0362756996877,25.9937507086638,12.0607638154207,44.2196865280465,21.5630898160147,23.6016493270059,0,10.6927827011666,5.84659440906124,619.814977859684,28.210907793145,9.30341474461282,11.104616302254,20.9345497692088,35.9966193883291,25.900004837459,15.74184824673,0,32.3161179226105,34.200361159928,28.6742003144088,24.6937329632403,34.3879519157388,8.78940865684777,0,57.2043252657258,4.36249515620701,0,4.52381291504648,16.2743314310863,15.5674333660436,3.84185565392003,16.3389809674385,0,35.8932506245822,36.2071620817584,7.66748533030575,34.5860134877954,11.6075684799036,12.5888216314207,55.8881723624944,24.2626711605737,22.1705468562228,11.1461731149373,5.31547166157232,9.06832945158791,35.6214150443223,22.3582280985163,15.0185137336261,42.3488124016711,4.32007080130877,39.2106385969392,0,49.4705026385974,0,0,12.6806828355511,3.31627351402381,6.50610827890885,0,"CC vs. WW","CC"
"LOC111115669",37.9092426589643,3.51341137953867,0.856435992360576,2.95050596898417e-06,0.00062833684901785,12.2763562818412,23.0603896752212,35.151672097414,33.2388620343931,31.2158553343091,11.6244221370333,28.8055604269888,9.28634397973446,9.9292163238537,7.98365962153213,17.1488174968011,12.7312384646379,42.9753042169304,6.62877341359823,25.0461733296045,27.8918386165883,9.7671013770538,6.16705203884025,16.438637014961,18.5189556470052,6.44316359205601,9.53595687222203,5.67834812555389,23.1916693068178,18.982861983831,31.3502522357493,30.4307954226064,17.4548473554292,34.4288447119153,10.2139689100676,14.8555160582072,14.4847831974426,4.0043970545076,6.06520849868823,31.6595050154792,4.21139871695681,1.07815449080074,7.5862444265376,24.5852008453212,20.3162871322165,230.940479157919,33.315055059958,4.45435386207552,5.58204884676769,12.1141268751862,16.2824275982735,19.5410219536644,5.45263259735979,16.791304796512,0,8.07902948065263,16.6380135372623,2.86742003144088,8.88974386676652,6.55008607918834,19.3366990450651,46.8037329460489,9.69564835012302,19.6312282029315,15.0302772790136,5.42857549805577,2.03429142888579,9.72964585377727,21.1302060965602,21.0072612438494,14.9831814504011,21.1136768379895,5.67955483635425,33.5452483200876,6.78157127211675,47.5910307676047,815.575801407043,33.1189169555522,29.6543758629234,39.9069843412011,11.1461731149373,13.2886791539308,12.4689529959334,6.92638625861823,17.6155736533765,10.0123424890841,15.6506480614871,12.9602124039263,70.2523941528493,12.3881107677016,30.2880628399576,871.085713369679,18.0520496349413,3.4583680460594,43.1115556823095,17.3496220770903,13.8761947034798,"CC vs. WW","WW"
"LOC144623985",108.670580257741,-3.76377345640518,1.16847453576842,1.21761586687115e-05,0.00213749174575536,96.3221800575229,49.1286562646017,1196.1068965039,41.9859309908123,3.46842837047879,38.3605930522098,18.3308111808111,24.7635839459586,24.2714176805313,35.9264682968946,20.1750794080012,46.6812077036724,31.4453445489735,41.098395164309,29.0535610623412,30.0373646640182,68.3697096393766,56.3844757836823,74.8871241792666,48.1492846822136,1145.4513052544,54.0370889425915,1.89278270851796,35.6794912412582,53.5986691308169,32.3952606436076,2105.81104324437,44.7280463482873,31.2989497381048,73.7675532393768,48.2804271891735,94.7081978294321,38.0417720178222,14.7297920682428,36.9360891847258,38.9554381318505,21.5630898160147,10.9579086161099,10.2438336855505,16.0391740517499,32.1562692498368,22.4682929474135,26.7261231724531,19.5371709636869,41.3899334902194,24.4236413974102,21.5979716329974,42.2579026295384,15.74184824673,1541.86833724898,830.985889438556,33.2760270745245,17.2045201886453,28.6447302373588,14.7376936781738,24.6103442391738,36.166520912856,34.9043340604429,57.8030608197429,42.585785623872,23.5238271582417,36.6172457199443,27.2430083905763,46.1022678470404,84.0290449753978,87.7586342094923,49.6171405692754,43.3066056272012,28.7530699886466,25.091813706832,19.7328664158361,23.3792401726385,20.6993230972201,4.04377852676228,56.5348944833682,21.2790577648803,19.4900627590985,35.1397766249031,67.28489508372,63.0095519140006,68.0839289257717,39.5869333319969,18.3603009055623,8.98577134513189,18.5821661515524,63.6049319639109,31.5745354526323,37.1659845425262,17.291840230297,50.8495272150317,36.8679469138168,30.9545881846856,"CC vs. WW","CC"
"LOC111114880",77.5195035153091,23.9139692718866,2.9339548717573,1.31569450920494e-16,1.13943530145512e-13,0,78.2047997681415,112.105332634996,14.8700172259127,84.3984236816507,0,218.66039051396,41.2726399099309,0,0,4.03501588160025,414.826186639452,298.730773215248,0,986.819229186417,0,202.855182446502,0,0,0,0,0,0,0,53.5986691308169,0,0,366.551794464013,86.5937609420901,1.13488543445195,0,405.573929528392,204.224249779888,204.484172241489,0,1.0528496792392,0,0,1.02438336855505,160.391740517499,81.8523217268574,0,0.742392310345921,0,105.998610157879,383.80007910216,6.17084903799927,0,178.40761346294,0,2.30829413732932,0,0,71.1179509341322,129.36420006397,0,123.391659585038,0,0,0,3.61905033203718,0,0,115.255669617601,0,0,138.294583288831,0,225.232381577731,2.7126285088467,161.34520187066,0,0,156.359436368142,128.589171766092,0,4.42955971797694,0,0,0,0,0,721.451823818565,0,0,2.01920418933051,0,0,182.140717092462,0,0,265.782498551266,"CC vs. WW","WW"
"LOC111111464",281.035769063787,25.3992720888966,3.20271075541111,7.06999132833926e-16,5.4025130794583e-13,0,25.0656409513274,862.641034174376,12.2458965389869,157.235419461705,0,434.702093716376,76.3543838333722,0,0,0,1281.61133877355,1481.07572825665,0,2.00369386636836,0,21.0368337351928,0,9.13257611942276,0.925947782350261,0,0,0,0,2.2332778804507,1.04500840785831,0,124.365787407433,254.564791203253,2.2697708689039,0,3684.70600261096,568.62438174008,257.338132015772,0,0,0,0,0,94.096487770266,60.4148088936328,0,0,0,403.804229172873,2.32606108546764,5.14237419833273,0,100.747828779072,0,0,0,0,172.856130742682,1205.21583857066,0,5287.75810170021,0,0,0,0,0,0,457.180822816483,0,0,130.904796395535,0,174.435291264456,5.4252570176934,171.792013502573,0,2.75990974629602,504.124389669698,88.6821874248914,0,0,4.53416472579395,0,0,0,0,3406.37582683197,0,0,3.02880628399576,0,0,3574.79977027673,0,0,739.707917654729,"CC vs. WW","WW"
"LOC111111335",234.116995253718,5.25112543806796,3.01136315663623,9.52638385128139e-05,0.0120309178529967,0,244.640655684955,605.178787190614,36.7376896169608,219.667130130324,34.8732664110998,337.155991361346,45.399903900924,0,0,7.06127779280044,585.636969373345,3004.0785825786,1.32575468271965,40.0738773273672,4.29105209485974,666.416840111286,5.28604460472022,0.913257611942276,0,2.863628263136,2.11910152716045,10.4103048968488,4.16260731148012,8.93311152180282,4.18003363143324,2.02871969484043,604.374089681736,202.399874973078,0,9.28469753637951,2777.73573163264,237.260525479576,532.871889527608,0.753797738463791,0,4.31261796320295,8.42916047393067,16.3901338968808,816.928598369128,891.60564738184,4.64861233394763,12.6206692758806,0,405.823250318737,664.090439901011,4.11389935866618,1.36315814933995,189.951635510542,0,0,3.69733634161384,3.82322670858784,22.7182343261811,286.56626596449,0,427.615923734356,4.84782417506151,31.6280898825008,0,24.428589741251,4.06858285777158,20.4322562929323,93.1649996075607,0,3.21068173937167,422.273536759791,9.22927660907566,463.882862483498,42.0457418871239,69.6454108794214,0.89920154510148,0.689977436574005,477.165866157949,474.449702723169,18.2391923698974,4.42955971797694,23.8043648104183,0,0.677522063591404,6.00740549345044,1.84125271311613,2596.36255158657,0,0,11.1056230413178,3.71465122972145,5.30942636321803,1158.5532954299,0,6.50610827890885,1557.33600556746,"CC vs. WW","WW"
"LOC111111538",145.183369146396,4.41492253249984,4.33959378234511,0.000356679473730881,0.032240052073413,0,269.706296636283,92.154383606734,12.2458965389869,206.949559438568,0,189.200158259085,1.03181599774827,0,0,1.00875397040006,391.485582787616,183.431176535679,0,42.0775711937356,4.29105209485974,181.818348711309,0,0,0,0,0,3.78556541703592,2.37863274941721,10.0497504620282,0,0,145.093418642005,519.56256565254,4.5395417378078,0,1412.8234687967,173.190172607454,103.1085444777,1.50759547692758,2.1056993584784,4.31261796320295,0,1.02438336855505,156.114627437032,123.752914991796,1.54953744464921,0,0,324.05289391123,3515.84133068434,12.3416980759985,0,703.13588835394,0,0,0,0,50.3752152450103,597.695354725936,0,135.09259282155,0,0,0,18.0952516601859,0,0,66.2720100301205,0,0,188.967407700006,0,566.435478776337,17.6320853075036,399.880734132678,0,0,253.410121010436,13.3023281137337,0,2.65773583078616,0,0.989483751231176,5.42017650873124,2.00246849781681,0,857.534054059792,3.2675532164116,0,10.0960209466525,1.85732561486072,0,368.892591579669,0,6.50610827890885,994.816420280241,"CC vs. WW","WW"
"LOC111099641",32.4663391910607,23.5125965728433,4.40720049489992,2.46073041693493e-08,7.02552054531718e-06,0,0,148.207049924232,0,0,0,47.1363716077999,24.7635839459586,0,0,0,256.746642370198,156.178544593235,0,0,0,0,0,0,0,0,0,0,0,0,0,0,2.18185591942865,2.08659664920699,0,0,700.840663937797,282.309992342786,8.66458356955461,0,0,0,0,0,6.41566962069995,11.6931888181225,0,0,0,0,0,0,0,0,0,0,0,0,1.97549863705923,22.9253012771592,0,142.538641244785,0,0,0,0,0,0,9.60463913480007,0,0,0,0,581.770449436949,0,0,0,1.37995487314801,0,0,0,3.54364777438155,0,0,0,0,0,523.808584658689,0,0,0,0,0,26.5141550197887,0,0,25.6175902218088,"CC vs. WW","WW"
"LOC111099907",8.37520574382336,21.7490023078726,4.06210424397555,2.27438487748322e-08,6.56564372243241e-06,0,0,8.550406726398,0,4.62457116063839,0,0,0,0,0,0,24.401540390556,18.8672067293841,0,0,0,6.0105239243408,0,0,0,0,0,0,0,0,0,0,13.0911355165719,77.2040760206586,0,0,62.3959891582141,167.183577025692,25.9937507086638,0,0,0,0,0,0,0,0,0,0,2.01902114586436,0,0,0,0,0,0,0,0,18.7672370520627,0,0,36.166520912856,0,0,0,0,0,0,0,0,0,0,0,20.1271489920526,0,1.16075684799036,0,0,75.483865832896,0,0,0,0,0,0,2.00246849781681,0,117.721929335664,0,0,4.03840837866101,0,0,19.5974189276699,0,0,65.1113751470973,"CC vs. WW","WW"
"LOC111099988",34.8952869495476,26.49902094485,5.81455887240028,4.3846605757159e-07,0.000103561696743341,0,0,0,0,0,0,0,0,0,0,0,0,336.465186674016,0,0,0,0,0,0,0,0,0,0,0,0,0,0,113.45650781029,201.356576648475,2.2697708689039,0,0,750.824447720176,56.319793202105,0,0,0,0,0,21.3855654023332,15.5909184241633,0,0,0,0,2.32606108546764,0,0,0,0,0,0,0,96.7994332159021,235.80309885078,0,69.141878215754,0,0,0,0,0,5.83778751226636,0,0,0,0,0,0,0,0,0,0,21.5668188093988,2.21705468562228,0,0,0,0,0,0,0,1206.37977126548,0,0,0,0,0,72.6257289672473,0,0,0,"CC vs. WW","WW"
"LOC111110832",10.0927556041637,19.9003688633628,2.67406630706801,3.78674784088031e-14,1.96766991307823e-11,67.0477920008248,0,0,18.3688448084804,0,0,0,0,0,1.99591490538303,0,3.18280961615948,0,5.30301873087858,2.00369386636836,0,3.0052619621704,0,1.82651522388455,0,1.431814131568,0,26.4989579192515,0,0,0,0,501.826861468589,9.38968492143145,0,0,0,32.0351764360608,17.3291671391092,0,0,0,0,0,9.62350443104993,0,0,1.48478462069184,0,2.01902114586436,0,2.05694967933309,0,0,0,15.0039118926406,1.84866817080692,0,1.97549863705923,19.650258237565,0,28.7204724896209,0,0,0,0,3.05143714332869,0,2.88139174044002,0,0,22.169360679889,0,0,0.678157127211675,0,5.39520927060888,0,5.39170470234971,0,0,6.20138360516771,4.53416472579395,0,0,14.0172794847177,0,35.6405841107974,0,33.4478990727943,0,13.0012793040251,8.49508218114884,0,0,0,0,"CC vs. WW","WW"
"LOC111113307",99.8964696144811,23.1404239557211,2.07849197319532,3.47269352168075e-29,1.50373417311313e-25,495.775926766662,98.2573125292034,119.705694169572,0,172.26527573378,0,0.654671827886109,0,195.274587702456,529.915407379195,146.269325708009,67.8999384780689,20.963563032649,39.7726404815894,0,348.647982707354,0,123.341040776805,0,1.85189556470052,186.13583710384,3.17865229074068,88.0143959460852,0,0,0,0,66.5466055425738,0,24.9674795579429,0,42.3401355002167,0,202.751255527578,0,0,286.789094552996,0,0,270.527402339515,422.90366225543,0,0,40.9350248762964,0,0,0,259.00004837459,251.86957194768,562.544400354846,0,0,133.812934800575,0,112.988984865999,0,19.1469816597473,6.78695384508611,679.458620579242,190.38351220084,0,211.566308604122,230.592606734521,0,82.861974906295,0,129.849112553636,28.3977741817713,231.941431241749,0,136.969308062862,0,91.7669990643427,79.5276443596582,126.37211708047,200.631116068871,22.1477985898847,6.80124708869093,0,43.3614120698499,85.1049111572146,299.203565881372,0,117.631915790818,267.583192582355,0,69.6497105572771,52.0323783595367,184.446295789834,91.750233887992,184.339734569084,4.26959837030146,"CC vs. WW","WW"
"LOC144624211",14681.3068775857,9.94733223149632,2.11176179071701,1.39491458349034e-07,3.51857046540414e-05,16.998031774857,923.418212646901,146.306959540588,146.950758467843,61625.8791438771,68.5840906084963,508.680010267507,0,116.944103369832,7.98365962153213,56.4902223424035,1272.06290992507,11903.1110899381,0,52.0960405255774,2.14552604742987,145.755205165264,1.76201486824007,50.2291686568252,488.900429080938,231.953889314016,182.242731335799,18.9278270851796,12.4878219344404,2210.9451016462,12.5401008942997,14.201037863883,4269.89203432186,55309.4173805297,64.6884697637612,10.2131672900175,238552.122906866,860.945366719135,22997.5377103118,29.3981118000879,4.21139871695681,249.05368737497,112.107834303278,14.3413671597707,868.253955334727,7730.17224118047,27.8916740036858,28.9533001034909,0,27.2567854691689,21041.5485791403,26.7403458313302,18.4026350160893,133670.330202283,25.9137535672098,54.2449122272391,4.6216704270173,38.2322670858784,5332.85857074138,95783.546257491,9.66834952253255,8.50976962655434,5.81738901007381,757.983533390968,53.8584935831322,320.285954385291,31.5315171477298,21.40522087831,22.0906700100402,114.372866772069,14.9831814504011,9124.27544553718,91.5828217362123,88320.8050841256,8.1378855265401,43344.9822176559,40.4640695295666,664.448271420767,917.937725575038,203.96903107725,0,187.813332042222,83.8820474271881,132.590822664978,375.347223229638,148.182668838444,3.68250542623227,120686.577923062,4.9013298246174,0,883.401832832096,21.3592445708983,13.8045085443669,182312.482705416,371.422633570667,6.50610827890885,234000.675682335,"CC vs. WW","WW"
"LOC111115705",62.7102131443572,3.72981828249558,3.7857621759263,0.000413584542968042,0.0355805960624261,0,20.0525127610619,170.058089336138,17.4941379128385,21.9667130130324,40.6854774796165,159.085254176324,0,0,0,4.03501588160025,333.134073158026,252.61093454342,0,160.295509309469,3.21828907114481,57.8512927717802,10.5720892094404,0,1.85189556470052,0,0,0,1.18931637470861,12.2830283424789,1.04500840785831,0,248.731574814866,368.284308585034,2.2697708689039,0,342.063726278066,162.178080707558,126.502920115497,0,2.1056993584784,6.46892694480442,2.5287481421792,0,176.430914569249,131.548374203878,0,1.48478462069184,0,153.445607085692,461.723125465326,2.05694967933309,28.6263211361389,139.577721121006,0,0,0,3.82322670858784,51.3629645635399,265.278486207128,4.39470432842389,365.920093941837,0,1.09062378905175,0,0,2.03429142888579,0,64.3510822031605,0,0,89.7331265614555,0,124.596636617468,15.5976139258685,35.9834622877011,0,0,87.6152014131828,76.4883866539688,1.0132884649943,0,2.26708236289698,8.90535376108059,0,2.00246849781681,1.84125271311613,450.36738103644,0,0,4.03840837866101,0,0,260.530392803141,9.94882054207142,1.08435137981814,215.614717700224,"CC vs. WW","WW"
"LOC111116648",28.3605980345507,5.68491947769185,3.36888419937025,9.9626094742657e-05,0.0123846199402343,7.55468078882533,4.01050255221238,15.200723069152,13.1206034346288,2.3122855803192,2.32488442740666,49.7550589193443,0,0,11.9754894322982,0,368.14497893578,472.728346386235,0,7.01292853228926,1.07276302371494,21.0368337351928,0,0,0,0.715907065784001,2.11910152716045,0.946391354258981,0,0,0,0,209.45816826515,3.12989497381048,1.13488543445195,0,10.0279268289987,57.0626580267333,56.319793202105,0,2.1056993584784,14.0160083804096,0,1.02438336855505,68.4338092874662,139.34383341596,0,0,1.86068294892256,31.2948277608976,98.8575961323747,0,0,2.098913099564,0,2.30829413732932,0,0,9.87749318529613,131.001721583767,3.51576346273911,8.50976962655434,1.9391296700246,16.3593568357763,5.01009242633788,2.71428774902789,4.06858285777158,3.89185834151091,25.9325256639602,0,0,123.515009502239,2.83977741817713,117.887586953451,3.39078563605838,9.28605478392286,0,4.82984205601803,16.1751141070491,8.86821874248914,0,1.77182388719077,0,12.8632887660053,1.35504412718281,4.00493699563363,0,186.843062156605,0,0,2.01920418933051,0.928662807430361,0,191.363031881953,0,1.08435137981814,28.8197889995349,"CC vs. WW","WW"
"LOC144624739",182.444377798686,5.75107321398493,2.27661170211359,3.08259351699353e-05,0.00471110953911818,23.6083774650792,12.0315076566371,5.700271150932,24.4917930779739,3.46842837047879,9.29953770962662,0,4.12726399099309,4.41298503282386,2.99387235807455,7.06127779280044,9.54842884847844,921.348595284923,1.32575468271965,958.76751505726,0,13.5236788297668,1062.49496554876,7.30606089553821,9.25947782350261,2.863628263136,2.11910152716045,1631.57869474248,7.13589824825164,913.410653104338,0,9.12923862678193,0,6.25978994762097,0,7.42775802910361,34.5406368554399,1.0010992636269,0.866458356955461,3.01519095385517,26.32124198098,6.46892694480442,0,7.17068357988534,4.27711308046664,9.74432401510207,7.74768722324605,15.5902385172643,0,186.759455992454,18.6084886837411,4.11389935866618,5.45263259735979,2.098913099564,1011.71612885315,1.15414706866466,1.84866817080692,1539.80455688375,3.95099727411845,0,11.4262312539021,22.3381452697052,16.4826021952091,10.9062378905175,1032.0790398256,1767.90608720016,0,0.972964585377727,1.92092782696001,1.16707006910275,1.07022724645722,6.33410305139686,1.41988870908856,3.83374266515287,19.6665566891386,13.3487037518891,1722.87016041444,21.3893005337942,0,11.0852734281114,14.1860385099202,38.0942135746017,1.13354118144849,1.97896750246235,533.209864046435,0,21.1744062008355,8.64014160261755,5.7182181287203,9.91048861416129,1.00960209466525,1749.6007291988,91.32213344735,29.9725230658481,1047.94243043152,5.42175689909071,6.4043975554522,"CC vs. WW","WW"
"LOC111116623",112.483283052264,2.18342551164301,2.222208644022,0.000427431601707914,0.0364101653900765,16.0536966762538,85.2231792345131,125.405965320504,24.4917930779739,117.926564596279,19.7615176329566,617.355533696601,81.5134638221136,46.3363428446506,4.98978726345758,4.03501588160025,546.382317440711,512.559116148268,13.2575468271965,48.0886527928406,4.29105209485974,203.606497937045,6.16705203884025,10.9590913433073,21.296798994056,2.863628263136,30.7269721438266,5.67834812555389,6.54124006089734,46.8988354894648,55.3854456164904,11.1579583216224,413.461696731729,303.599812459617,62.4186988948573,31.5679716236904,233.984959343303,222.244036525172,460.08938754335,9.79937060002929,49.4839349242425,8.62523592640589,1.68583209478613,50.1947850591974,151.837514356566,229.966046756409,3.87384361162303,17.0750231379562,6.51239032122897,70.6657401052527,193.063070093814,16.4555974346647,13.6315814933995,502.689687345578,59.3856852581891,6.92488241198797,35.1246952453314,9.55806677146961,111.615672993846,535.469536973647,23.731403373489,78.7153690456277,14.5434725251845,18.5406044138798,1.25252310658447,14.4762013281487,1.0171457144429,16.5403979514214,127.741700492841,26.8426115893632,1.07022724645722,391.658705344706,0.709944354544282,425.545435831969,24.4136565796203,139.871200182838,17.0848293569281,24.1492102800902,388.202738569179,82.0310233680245,7.09301925496009,8.85911943595387,4.53416472579395,20.7791587758547,8.13026476309685,2.00246849781681,1.84125271311613,653.410708697952,5.7182181287203,3.71643323031048,8.07681675732202,5.57197684458217,2.12377054528721,605.214408060394,4.42169801869841,7.59045965872699,701.281532322016,"CC vs. WW","WW"
"LOC111117488",2731.90189336367,7.75493524255255,3.70194276828067,4.56224976978088e-05,0.00658510062603762,4.72167549301583,5207.63756404778,5373.45560494523,789.860326764657,3757.46406801869,22.0864020603632,13735.6696208785,538.607950824599,13.2389550984716,0,2.01750794080012,10361.1062371378,16566.4556865509,0,6.01108159910508,2.14552604742987,4156.27729368166,0,10.045833731365,20.3708512117057,7.15907065784001,12.7146091629627,1.89278270851796,5.94658187354303,685.616309298366,4.18003363143324,10.1435984742021,13411.8683367279,6466.36301589246,9.07908347561561,0,8736.55269624208,8487.31955702886,11430.3186449564,1.50759547692758,0,12.9378538896088,13.4866567582891,10.2438336855505,7153.47162708045,6844.41318820769,3.09907488929842,1.48478462069184,0,2780.19211785523,6496.68861171112,1.02847483966655,0,8695.79697149365,0,0,3.69733634161384,0,1159.61769995377,20506.6819924189,0,4478.26626597422,2.9086945050369,40.3530801949148,0,12.6666761621301,2.03429142888579,0,1026.73592351013,2.33414013820549,2.14045449291445,9572.94107834446,1.41988870908856,3773.36121817672,4.06894276327005,5232.11149231654,0,4.13986461944403,5820.34522618651,2857.78348976712,4.0531538599772,10.6309433231446,2.26708236289698,3.9579350049247,18.9706177805593,2.00246849781681,0,14386.9157860585,0,0,106.008219939852,0,1.06188527264361,24798.8044689432,33.1627351402381,0,15612.8538405999,"CC vs. WW","WW"
"LOC111117679",311.312571452335,6.70795163024273,5.17938187378231,0.00017112480697087,0.0189811141880444,0,294.77193758761,327.76559117859,122.458965389869,292.504125910378,0,2076.61903805474,88.7361758063515,0,0,0,897.552311756974,497.884622025414,0,2.00369386636836,0,1107.43903305979,0,67.5810632837284,2.77784334705078,2.863628263136,0,3.78556541703592,0,36.8490850274366,0,0,2420.76914260609,527.908952249368,1.13488543445195,0,646.24417342436,1130.24106863477,756.418145622117,0,0,20.484935325214,1.68583209478613,0,1028.64569585223,50.6704848785308,0,0,0,167.578755106742,15.1193970555397,0,0,404.04077166607,70.1830825778599,9.23317654931729,1.84866817080692,0,162.978637557386,4331.24441986329,0,70.2055994190733,0,0,0,1.80952516601859,0,0,155.595153983761,0,0,1358.66510452463,2.83977741817713,913.389189972672,6.78157127211675,500.286201483844,0,0,1192.91466539487,506.596995664692,0,33.6646538566247,0,0,10.1628309538711,7.00863974235885,0,1987.23256860204,0,0,2.01920418933051,0,0,2140.72982051077,0,0,2182.83216681662,"CC vs. WW","WW"
"LOC111117698",299.330044076212,5.64022400935376,4.79750163439946,0.000231647016915087,0.0238826235971066,0,39.1023998840707,139.656643197834,0,8.09299953111719,81.3709549592329,1063.18704848704,29.9226639346999,0,21.9550639592134,0,3888.33241440817,28.3008100940761,0,1887.479622119,15.0186823320091,715.252346996555,0,0,1.85189556470052,0,2.11910152716045,0,0,8.93311152180282,0,0,10.9092795971432,33.3855463873118,3.40465630335585,0,927.026124636324,51.0560624449719,257.338132015772,1.50759547692758,0,0,0,0,4.27711308046664,30.2074044468164,0,0,0,314.967298754841,11641.9357327655,25.7118709916636,0,6.296739298692,0,0,0,0,29.6324795558884,6.55008607918834,0,113.818168755164,0,201.765400974574,0,9.95238841310225,10.171457144429,0,701.138656840405,0,2.14045449291445,0,0,2.87530699886466,2271.82637615911,4.06264896796625,0,1.37995487314801,35.0460805652731,150.759718622315,0,0,2.26708236289698,0,0,0,0,147.962424944826,0,0,78.7489633838897,50.1477916012395,0,732.021236415906,3.31627351402381,3.25305413945443,1740.92873549042,"CC vs. WW","WW"
"LOC111116829",61.9088900151691,23.8327487907633,2.74719840916919,1.52966677548041e-18,1.80646693153438e-15,0,52.136533178761,199.50949028262,46.3594654690219,30.0597125441496,0,587.895301441726,0,2.20649251641193,0,0,214.309180821405,403.548588378493,1.32575468271965,0,0,72.1262870920896,0,0,0,15.034048381464,0,0,0,3.34991682067606,0,0,1310.2044796169,280.64724931834,0,0,47.9112059607715,90.0989337264211,114.372503118121,0,14.7398955093488,0,0,1.02438336855505,58.8103048564163,111.085293772164,0,5.93913848276736,0,17.1616797398471,4.65212217093528,0,0,50.373914389536,0,0,0,0,21.7304850076515,14.7376936781738,0,4.25488481327717,0,2.18124757810351,0,6.33333808106507,0,0,58.5882987222804,0,13.9129542039439,414.883749866494,0,227.149252910308,0,34.8227054397107,0,2.75990974629602,32.3502282140983,62.0775311974239,0,0,0,0,0,1.00123424890841,0,210.603451563803,0,0,1.00960209466525,0,0,252.460867362336,0,0,599.878571027356,"CC vs. WW","WW"
"LOC111116831",11.6212075974027,20.9390455356081,2.76790075867453,1.53286860648405e-14,9.01083573593073e-12,0,21.055138399115,33.25158171377,34.113568930035,8.09299953111719,0,26.8415449433305,56.749879876155,0,0,0,37.1327788551939,37.7344134587682,0,2.00369386636836,0,17.2802562824798,1.76201486824007,0,0,7.87497772362401,2.11910152716045,1.89278270851796,0,0,0,0,146.184346601719,0,0,0,76.8807723556566,1.0010992636269,19.9285422099756,0,0,0,0,0,18.1777305919832,2.92329720453062,0,0,0,0,61.6406187648924,1.02847483966655,0,5.24728274891,0,0,0,0,0,3.27504303959417,0,8.50976962655434,0,8.72499031241402,0,0,0,0,0,0,2.14045449291445,186.856040016207,0,1.91687133257644,0,11.0271900559084,0,0,115.921651100519,5.54263671405571,0,1.77182388719077,0,0,0,0,0.920626356558067,90.7214868274843,0.816888304102899,0,2.01920418933051,0,0,8.06952544080526,0,0,0,"CC vs. WW","WW"
"LOC111116698",19.6618771928286,5.84495351897373,1.53146672756445,4.62962073013014e-06,0.00091818455106497,11.332021183238,16.0420102088495,20.900994220084,16.6194310171965,13.8737134819152,27.8986131288799,1.30934365577222,0,20.9616789059134,35.9264682968946,12.1050476448007,66.8390019393491,44.0234823685629,15.9090561926357,5.0092346659209,19.3097344268688,141.247312222009,42.2883568377617,26.484470746326,2.77784334705078,4.29544239470401,40.2629290160486,27.4453492735104,15.4611128712119,13.3996672827042,0,0,41.4552624691443,56.3381095285887,10.2139689100676,0,93.5939837373211,20.021985272538,6.06520849868823,0,16.8455948678272,22.6412443068155,0,3.07315010566514,25.6626784827998,36.0539988558777,0.774768722324605,5.93913848276736,0,32.3043383338298,38.380007910216,39.0820439073287,0,31.48369649346,0,0,0,35.3648470544376,38.5222234226549,29.4753873563476,38.6733980901302,21.2744240663859,1.9391296700246,11.9968616795693,22.5454159185205,28.0476400732882,0,26.2700438051986,1.92092782696001,3.50121020730824,21.4045449291445,19.0023091541906,2.83977741817713,1.91687133257644,40.0112705054888,11.0271900559084,7.19361236081184,5.51981949259204,33.6981543896857,28.8217109130897,0,35.4364777438155,13.6024941773819,12.8632887660053,4.06513238154843,30.0370274672522,4.60313178279033,28.080460208507,0,0,15.1440314199788,9.28662807430361,21.2377054528721,13.8334721842376,6.63254702804762,39.0366496734531,22.4153914440827,"CC vs. WW","WW"
"LOC111116266",7.14069283414212,43.8804198135361,2.42187829184082,9.18993112355362e-75,2.38763600521047e-70,0,2.00525127610619,0,2.62412068692577,0,16.2741909918466,0,0,1.10324625820597,0,0,0,0,0,18.0332447973152,0,0,7.04805947296029,3.6530304477691,0.925947782350261,71.5907065784001,2.11910152716045,4.7319567712949,24.3809856815264,24.5660566849578,0,0,0,0,0,0,2.22842818422193,0,0,0,30.5326406979368,1.07815449080074,0,0,0,0,0,0.742392310345921,7.44273179569026,25.2377643233045,0,1.02847483966655,8.17894889603969,0,0,0,0,87.9342142975204,1.97549863705923,0,0,0,1.9391296700246,2.18124757810351,3.75756931975341,0,146.468982879777,106.053139806172,0,0,2.14045449291445,0,0,0,1.35631425442335,2.32151369598072,0,0,0,0,1.0132884649943,0,6.80124708869093,15.8317400196988,0,0,3.68250542623227,0,0.816888304102899,0,0,7.42930245944289,5.30942636321803,1.15278934868647,0,3.25305413945443,0,"CC vs. WW","WW"
"LOC111116214",147.803660708726,5.64110439439139,2.32815660696056,3.57005303044401e-05,0.00530020273051233,7.55468078882533,43.1129024362831,67.453208619362,4.37353447820962,191.919703166493,8.13709549592329,108.675523429094,0,0,0,4.03501588160025,40.3155884713534,832.253452396165,5.30301873087858,48.0886527928406,10.7276302371494,60.105239243408,14.0961189459206,0,6.48163447645182,14.31814131568,0,9.46391354258981,0,13.3996672827042,4.18003363143324,16.2297575587234,113.45650781029,364.11111528662,6.80931260671171,1.8569395072759,567.134972884481,81.089040353779,24.2608339947529,4.52278643078275,3.1585490377176,4.31261796320295,5.0574962843584,0,145.421844735866,33.130701651347,1.54953744464921,0,2.79102442338385,30.2853171879654,84.9012296195688,3.08542451899964,3.40789537334987,320.08424768351,0,20.7746472359639,0,0,24.6937329632403,3826.88779176579,0,14.8920968464701,0,22.9030995700868,0,16.2857264941673,8.13716571554317,0,14.4069587022001,4.66828027641099,6.42136347874334,10.5568384189948,4.25966612726569,1468.32344075355,20.3447138163503,2.32151369598072,3.59680618040592,4.13986461944403,44.4815637943851,28.8217109130897,4.0531538599772,8.85911943595387,1.13354118144849,9.89483751231176,0.677522063591404,10.0123424890841,4.60313178279033,1.08001770032719,11.4364362574406,2.47762215354032,16.153633514644,6.50063965201253,10.6188527264361,1049.03830730468,4.42169801869841,8.67481103854514,3590.73222942353,"CC vs. WW","WW"
"LOC111117428",57.0689245820342,23.9962444136596,2.71366030200326,3.43640460932214e-19,4.46406140773992e-16,0,2.00525127610619,15.200723069152,0,58.9632822981395,0,7.85606193463331,0,0,1.99591490538303,4.03501588160025,13.7921750033578,244.225509330361,5.30301873087858,0,0,9.7671013770538,0,0,0,0,0,0,0,4.46655576090141,4.18003363143324,0,10.9092795971432,188.836996753233,0,0,670.756883450801,0,25.9937507086638,0,0,0,0,0,42.7711308046664,3.89772960604083,0,1.48478462069184,0,0,31.4018246538131,0,0,38.829892341934,0,0,0,0,0,1259.25404872396,0,358.474045518602,1.9391296700246,6.54374273431051,0,0,4.06858285777158,1.94592917075545,0,0,2.14045449291445,2.11136768379895,0,204.146796919391,26.4481279612553,43.5283817996384,0,0,18.870966458224,11.0852734281114,2.0265769299886,0,0,0,1.35504412718281,2.00246849781681,0,191.163132957913,0,0,4.03840837866101,0,0,572.936306297173,0,0,1149.58936120367,"CC vs. WW","WW"
"LOC111116198",52.8343599688954,3.40722369199125,3.18371046657434,0.000356133354411605,0.032240052073413,9.44335098603166,73.191671577876,76.953660537582,0,12.7175706917556,861.369680354166,227.825796104366,0,7.72272380744176,16.9652766957558,0,177.176401966211,23.0599193359139,0,11.020316265026,5.36381511857468,251.690689331771,14.0961189459206,3.6530304477691,0,2.147721197352,1.05955076358023,5.67834812555389,2.37863274941721,0,0,10.1435984742021,42.5461904288586,36.5154413611223,0,0,80.2234146319895,69.0758491902562,55.4533348451495,0,0,4.31261796320295,0,0,90.888652959916,4.87216200755104,5.42338105627224,0,0,0,1.16303054273382,3.08542451899964,1.36315814933995,37.780435792152,19.4353151754074,3.46244120599398,0,3.82322670858784,0.987749318529613,86.7886405492456,7.910467791163,222.317731493732,0,2.18124757810351,7.51513863950682,76.9048195557901,1.0171457144429,0,11.5255669617601,0,2.14045449291445,102.401332664249,2.83977741817713,125.555072283757,2.7126285088467,4.06264896796625,3.59680618040592,2.06993230972201,10.7834094046994,8.86821874248914,0,0.885911943595387,0,3.9579350049247,1.35504412718281,1.00123424890841,0.920626356558067,273.24447818278,3.2675532164116,0,3.02880628399576,1.85732561486072,0,283.58617977687,0,0,1352.39528379299,"CC vs. WW","WW"
"LOC111117847",310.629703454264,4.87550498843081,3.97130806122325,0.000227926902669634,0.0235927046145807,0,6.01575382831857,6.650316342754,5.24824137385154,638.190820168098,56.9596684714631,0.654671827886109,0,1.10324625820597,1.99591490538303,0,11.6703019259181,11.5299596679569,0,0,0,1.5026309810852,0,3.6530304477691,269.450804663926,231.953889314016,8.47640610864181,0,10.7038473723775,6.69983364135212,0,19.2728371009841,1.09092795971432,439.228594658071,0,0,2285.25310291959,31.0340771724339,656.775434572239,1.50759547692758,1.0528496792392,139.081929313295,1.68583209478613,0,0,205.605236718654,0,9.65110003449697,0,2.01902114586436,0,8.22779871733236,0,3931.26423548337,20.5150549073744,0,0,46.8345271802011,464.242179708918,3330.71877126727,9.66834952253255,0,0.969564835012302,30.5374660934491,2.50504621316894,1.80952516601859,6.10287428665738,50.5941584396418,0,1.16707006910275,1.07022724645722,375.823447716214,3.54972177272141,428.420742830834,0,1520.59147086737,0.89920154510148,38.6387364481443,133.444691383155,22.1705468562228,0,37.2083016310063,108.819953419055,3.9579350049247,20.3256619077421,1.00123424890841,11.0475162786968,3348.0548710143,0,0,10.0960209466525,0,0,4165.0279168042,12.1596695514206,0,5364.75035228379,"CC vs. WW","WW"
"LOC144623481",207.012469757326,5.72260052158458,3.68059885293043,0.000121515458295227,0.0144820785411389,0,193.506748144247,156.75745665063,76.9742068164893,321.407695664368,0,702.462871321795,5.15907998874137,0,20.9571065065218,0,840.261738666103,644.629563253956,0,0,8.58210418971948,404.207733911919,1.76201486824007,0,7.40758225880209,0,0,1.89278270851796,0,16.7495841033803,0,0,967.653100266605,468.440947746969,0,2.78540926091385,1040.67596203164,550.604594994795,873.390023811104,1.50759547692758,0,2.15630898160147,2.5287481421792,0,241.656889046365,453.111066702246,3.09907488929842,0,10.2337562190741,344.243105369874,708.285600524896,3.08542451899964,10.9052651947196,690.542409756556,33.4719316909793,83.0985889438556,0,11.4696801257635,136.309405957087,640.270914240661,0,566.963401369183,0,11.9968616795693,15.0302772790136,2.71428774902789,1.0171457144429,4.86482292688863,82.5998965592806,0,0,755.869630800026,2.12983306363284,475.384090478956,0,581.539180843169,0,6.89977436574005,659.135899862252,145.21708190826,10.132884649943,1.77182388719077,1.13354118144849,0,0,8.00987399126726,1.84125271311613,2124.39481654359,4.0844415205145,23.5374104586331,2.01920418933051,14.8586049188858,0,1197.74813328524,0,4.33740551927257,1657.67156726954,"CC vs. WW","WW"
"LOC144624407",67.9761737570393,4.15970845226788,3.98713794195195,0.000349104496375492,0.0319369152124354,0,68.1785433876105,51.302440358388,8.74706895641923,132.956420868354,10.46197992333,171.524018906161,0,0,0,0,307.67159622875,262.044537908112,0,1.00184693318418,2.14552604742987,114.199954562475,0,9.13257611942276,1.85189556470052,0,2.11910152716045,7.57113083407185,0.594658187354303,6.69983364135212,2.09001681571662,0,220.367447862293,200.313278323871,0,0.928469753637951,616.160392937364,173.190172607454,298.061674792679,1.50759547692758,0,2.15630898160147,0,0,189.262253810649,248.480262385103,0,0,1.86068294892256,47.4469969278125,61.6406187648924,0,0,173.16033071403,0,0,3.69733634161384,0,44.4487193338326,515.819278736082,0.878940865684777,43.612569336091,4.84782417506151,3.27187136715526,0,0,0,5.83778751226636,38.4185565392003,0,0,126.682061027937,0,420.753257500528,0,87.637142023272,24.27844171774,0,155.011510192554,31.038765598712,0,12.4027672103354,0,0,0,0,0,236.523876371655,2.4506649123087,0,1.00960209466525,9.28662807430361,1.06188527264361,476.10200100751,4.42169801869841,0,609.485167360534,"CC vs. WW","WW"
"LOC111105721",404.59948802325,10.0086825233123,2.33898217276194,6.93083630333707e-07,0.000160776837497322,0,0,262.212472942872,1.74941379128385,585.008251820757,1.16244221370333,86.4166812809664,0,23.1681714223253,3.99182981076607,4.03501588160025,1672.03598502245,529.329966574387,0,4.00738773273672,2.14552604742987,10.5184168675964,5.28604460472022,1.82651522388455,0,7.15907065784001,0,6.62473947981287,0.594658187354303,29.0326124458592,0,0,6.54556775828594,178.404013507198,19.2930523856832,0,11089.7728587804,46.0505661268374,234.81021473493,1.50759547692758,3.1585490377176,0,0,9.21945031699543,8.55422616093327,23.386377636245,3.09907488929842,9.65110003449697,0,838.903286106643,697.818325640292,10.2847483966655,0,865.80165357015,0,9.23317654931729,0,0,171.868381424153,5981.86611181876,0,2280.61825991656,0,113.424874061382,5.01009242633788,17.1904890771766,0,7.78371668302181,624.301543762005,0,0,121.40364181844,2.12983306363284,356.538067859217,10.8505140353868,178.756554590515,0,0,45.8294899699725,8.86821874248914,0,1.77182388719077,9.06832945158791,1.97896750246235,1.35504412718281,11.0135767379925,0,7644.36528291588,0,0,5.04801047332626,1.85732561486072,3.18565581793082,274.363864987379,6.63254702804762,13.0122165578177,2031.26142467092,"CC vs. WW","WW"
"LOC111112764",257.081219400562,25.8122335169096,3.03669238741272,6.011044069305e-18,6.50720566519221e-15,5.666010591619,2.00525127610619,373.367760386046,3.49882758256769,321.407695664368,0,61.5391518212942,63.9725918603929,0,0,0,653.536907851414,1002.05831296062,0,0,0,14.2749943203094,0,0,0,0,0,0,0,0,0,0,12.0002075568576,185.707101779422,0,0,7301.44494560316,100.10992636269,99.642711049878,0,0,0,0,4.09753347422019,38.4940177241997,38.0028636588981,0,0,0,171.616797398471,157.009123269066,0,0,701.036975254376,0,0,0,0,55.3139618376583,4748.81240741155,0,1288.16637721966,0,28.3562185153456,0,18.0952516601859,0,3.89185834151091,187.290463128601,0,0,52.7841920949738,0,807.00283101468,4.06894276327005,91.6997909912382,0,5.51981949259204,320.806429789808,17.7364374849783,0,0,2.26708236289698,0,0,8.00987399126726,0,2808.0460208507,0,0,1.00960209466525,0,0,498.004998632553,2.21084900934921,0,1391.88906871828,"CC vs. WW","WW"
"LOC111106312",36.8810370859003,-3.06186880178573,2.69955665356584,0.000311983036207874,0.0296180596899513,147.316275382094,6.01575382831857,4.75022595911,0,2.3122855803192,2.32488442740666,1.30934365577222,0,8.82597006564773,1.99591490538303,18.1575714672011,14.8531115420776,1.04817815163245,0,66.1218975901559,6.43657814228961,14.2749943203094,6.16705203884025,23.7446979104992,0,0.715907065784001,32.846073670987,49.212350421467,3.56794912412582,13.3996672827042,1.04500840785831,5.07179923710107,6.54556775828594,0,2.2697708689039,0,0,250.274815906725,0,4.52278643078275,4.21139871695681,9.70339041720663,0,1.02438336855505,3.20783481034998,0,1431.77259885587,1.48478462069184,13.0247806424579,8.07608458345745,18.6084886837411,4.11389935866618,2.7263162986799,5.24728274891,31.3124522270452,2.30829413732932,18.4866817080692,4.77903338573481,8.88974386676652,9.82512911878252,0,0,3.87825934004921,21.812475781035,1.25252310658447,85.0476828028738,242.080680037409,4.86482292688863,0,1.16707006910275,73.8456800055484,3.16705152569843,14.1988870908856,0,26.4481279612553,0,4.4960077255074,1.37995487314801,18.870966458224,386.876042641089,3.0398653949829,77.0743390927987,72.5466356127033,9.89483751231176,0.677522063591404,16.0197479825345,6.44438449590647,10.8001770032719,1.6337766082058,2.47762215354032,2.01920418933051,19.5019189560376,1.06188527264361,0,2.21084900934921,4.33740551927257,0,"CC vs. WW","CC"
"LOC111122693",31.2516324266427,23.5817615270013,3.57718719344594,1.47442217770621e-11,5.80408524227045e-09,0,0,19.950949028262,0,0,0,1.30934365577222,0,0,0,0,57.2905730908707,19.9153848810165,0,0,0,11.269732358139,0,0,0,0,0,0,0,3.34991682067606,0,0,2.18185591942865,5.21649162301747,5.67442717225976,0,1245.69135498006,110.120918998959,0,0,0,0,0,0,0,1.94886480302041,0,0,0,1.00951057293218,15.1193970555397,0,0,11.544022047602,0,0,0,0,26.6692316002996,117.90154942539,0,263.802858423185,0,0,0,0,0,0,0,0,0,6.33410305139686,0,183.06121226105,1.35631425442335,0,0,0,70.0921611305462,0,0,14.1745910975262,0,0,0,0,0,111.241823133701,0,0,0,0,0,201.738136020131,0,0,367.185459845926,"CC vs. WW","WW"
"LOC111101430",79.1393582719752,23.1914351435987,3.35967492453911,1.8139364508445e-12,7.72588244744114e-10,0,62.1627895592919,168.157998952494,0,30.0597125441496,0,181.344096324452,0,0,0,0,86.9967961750258,572.305270791318,0,0,0,8.2644703959686,0,0,0,0,0,2.83917406277694,0,16.7495841033803,0,0,135.275067004576,277.51735434453,2.2697708689039,0,986.079471518205,245.269319588591,176.757504818914,0,0,4.31261796320295,0,0,11.7620609712833,258.224586400205,0,0,0,4.03804229172873,223.301864204893,0,0,168.962504514902,0,0,0,0,23.7059836447107,183.402410217274,0,230.827501120287,0,0,0,0,0,0,9.60463913480007,9.33656055282198,0,65.4523981977676,0,1775.02285396578,0,187.462230950443,0,0,130.74883903198,78.7054413395911,0,0,0,0,1.35504412718281,0,0,315.365168495541,0,0,20.1920418933051,0,0,380.420485066534,0,0,246.56930588491,"CC vs. WW","WW"
"LOC111120346",56.1514014998713,3.0316739520661,1.81169401148279,0.000104871699773839,0.0128522246784156,35.8847337469203,12.0315076566371,141.556733581478,71.7259654426377,183.826703635376,4.64976885481331,27.4962167712166,77.3861998311205,6.6194775492358,14.9693617903727,0,122.00770195278,201.25020511343,9.28028277903752,47.0868058596565,0,65.3644476772062,21.1441784188809,64.8412904479016,57.4087625057162,183.988115906488,1.05955076358023,89.9071786546032,8.91987281031455,79.281364756,10.4500840785831,3.04307954226064,22.9094871540008,29.2123530888979,2.2697708689039,1.8569395072759,1276.88934955917,14.0153896907766,44.1893762047285,3.76898869231896,95.8093208107673,3.23446347240221,11.8008246635029,92.1945031699543,25.6626784827998,13.6420536211429,7.74768722324605,2.22717693103776,53.0294640442931,58.5516132300665,80.2491074486336,9.25627355699891,2.7263162986799,25.186957194768,51.8275071344196,17.3122060299699,4.6216704270173,5.73484006288177,47.4119672894214,39.3005164751301,2.63682259705433,165.94050771781,1.9391296700246,29.4468423043973,6.26261553292235,45.2381291504648,18.3086228599721,4.86482292688863,87.4022161266807,154.053249121563,9.63204521811501,53.8398759368733,10.6491653181642,39.295862317817,26.4481279612553,90.5390341432479,25.1776432628414,6.20979692916604,17.5230402826366,11.0852734281114,4.0531538599772,14.1745910975262,7.93478827013942,21.7686425270859,6.77522063591404,14.0172794847177,22.0950325573936,244.084000273946,66.1679526323348,8.67167753739113,18.1728377039746,42.7184891417966,41.4135256331006,21.9029976250428,12.1596695514206,1.08435137981814,228.423512811128,"CC vs. WW","WW"
"LOC144624832",75.3598208760948,4.85494966871228,4.17032701593582,0.00025620626932864,0.0257007532178664,0.944335098603166,14.0367589327433,415.169748826214,5.24824137385154,0,0,4.58270279520276,0,1.10324625820597,0,0,532.590142437353,24.1080974875463,0,0,0,2.2539464716278,0,2.73977283582683,0.925947782350261,0,0,0,0,0,3.13502522357493,0,56.7282539051449,5.21649162301747,0,0,1606.69672082401,138.151698380512,0,1.50759547692758,5.26424839619601,0,0.842916047393067,2.0487667371101,28.8705132931498,20.4630804317143,0,0.742392310345921,3.72136589784513,199.883093440572,0,0,0.681579074669974,207.792396856836,0,2.30829413732932,3.69733634161384,0,19.7549863705923,1365.69294751077,0,8.50976962655434,2.9086945050369,4.36249515620701,0,1.80952516601859,0,2.91889375613318,6.72324739436005,22.1743313129522,0,67.5637658815665,22.0082749908727,570.26922144149,0,1.16075684799036,0,2.75990974629602,36.3940067408605,0,8.10630771995439,0,1.13354118144849,0.989483751231176,0.677522063591404,0,0,219.24359316642,0.816888304102899,1.23881107677016,0,0,0,302.030809355854,0,0,972.401028836159,"CC vs. WW","WW"
"LOC144624833",19.157700804802,21.1759291639728,3.66158565954664,2.26034713979862e-09,6.90895047518918e-07,0,32.0840204176991,34.201626905592,10.4964827477031,4.62457116063839,0,6.54671827886109,0,0,0,0,41.3765250100733,81.7578958273311,0,0,0,9.0157858865112,0,0,0,0,0,0,0,2.2332778804507,0,0,28.3641269525724,0,0,0,89.1371273688773,102.112124889944,0,0,0,0,0,0,10.6927827011666,0,0,0,0,9.08559515638963,37.2169773674822,0,0,10.49456549782,0,0,0,0,0,112.988984865999,0,570.154564979141,0,0,0,0,0,0,1.92092782696001,0,0,66.508082039667,0,38.3374266515287,0,2.32151369598072,0,0,0,19.9534921706006,0,0,0,0,0,0,0,114.481876234683,0,0,0,0,0,313.558702842719,0,2.16870275963628,10.6739959257537,"CC vs. WW","WW"
"LOC144625298",21.6005760277268,-3.10791215439298,3.19950436468864,0.000453916392015483,0.0377987236569047,1.88867019720633,670.756551857521,18.050858644618,0.874706895641923,4.62457116063839,5.81221106851664,17.0214675250388,0,14.3422013566776,1.99591490538303,20.1750794080012,0,0,10.6060374617572,2.00369386636836,5.36381511857468,0,0.881007434120036,2.73977283582683,0.925947782350261,0,1.05955076358023,5.67834812555389,0,1.11663894022535,19.8551597493079,0,2.18185591942865,6.25978994762097,21.5628232545871,477.233453369907,53.4822764213264,4.0043970545076,0,0,0,4.31261796320295,13.4866567582891,0,24.5934002126832,252.377991991144,2.32430616697382,13.3630615862266,3.72136589784513,0,0,1.02847483966655,27.263162986799,0,0,8.07902948065263,5.54600451242075,0,6.91424522970729,27.8378658365505,0.878940865684777,0,0,1.09062378905175,1.25252310658447,0,0,2.91889375613318,0,5.83535034551373,0,10.5568384189948,8.51933225453138,3.83374266515287,8.81604265375178,0,0.89920154510148,0,4.04377852676228,3.32558202843343,0,0,4.53416472579395,0,11.5178750810539,0,0,0,0,6.19405538385081,0,4.64331403715181,0,1.15278934868647,144.810610112373,1.08435137981814,0,"CC vs. WW","CC"
"LOC111132880",1445.58271587433,7.00507803390208,2.46412115694225,1.76660877633497e-05,0.00292345621770439,28.330052958095,1520.98309292655,821.78909092603,111.962482642166,2704.2179861833,13.9493065644399,2695.938587235,66.0362238558895,22.0649251641193,5.9877447161491,32.280127052802,1763.27652735235,5068.98954129453,3.97726404815894,19516.980105361,1.07276302371494,816.679938219806,11.4530966435605,7.30606089553821,6.48163447645182,13.602234249896,13.7741599265429,7.57113083407185,14.2717964965033,139.579867528169,2.09001681571662,13.1866780164628,2146.94622471779,1615.02580648621,35.1814484680105,10.2131672900175,17892.0498911179,1768.94239882873,1438.32087254606,6.03038190771033,6.31709807543521,2.15630898160147,13.4866567582891,2.0487667371101,1953.57139950314,1781.26242996066,27.1169052813612,17.8174154483021,0,456.298778965346,9786.90201710509,8.22779871733236,6.81579074669974,4393.02511738745,0,4.61658827465864,4.6216704270173,0,538.323378598639,5911.45268646748,7.03152692547822,1543.45946601629,1.9391296700246,13.087485468621,10.0201848526758,14.4762013281487,27.4629342899582,2.91889375613318,141.188195281561,8.16949048371923,55.6518168157756,1584.58144669111,14.1988870908856,3800.19741683279,40.6894276327005,5319.74863433981,1.79840309020296,10.3496615486101,757.534510680134,626.317948688295,2.0265769299886,56.6983643901048,6.80124708869093,21.7686425270859,27.1008825436562,23.0283877248934,0,8429.53815105375,0,2.47762215354032,31.2976649346228,10.215290881734,0,11152.0841591929,17.6867920747936,42.2897038129075,13939.1712794417,"CC vs. WW","WW"
"LOC111106886",50.5425260687292,3.8179825201395,3.25898940011651,0.000280642931551133,0.0276188788054166,1.88867019720633,30.0787691415929,37.051762481058,4.37353447820962,9.24914232127678,0,24.8775294596721,0,8.82597006564773,0,0,159.140480807974,80.7097176756986,0,0,0,45.078929432556,0,0,1.85189556470052,1.431814131568,23.310116798765,26.4989579192515,2.37863274941721,4.46655576090141,1.04500840785831,4.05743938968086,33.818766751144,25.0391597904839,4.5395417378078,0,6.68528455266579,17.0186874816573,123.037086687675,7.53797738463791,0,61.454805975642,2.5287481421792,4.09753347422019,25.6626784827998,19.4886480302041,0,0,0,5.04755286466091,8.14121379913674,0,0,849.010348773638,0,48.4741768839158,0,1.91161335429392,0,0,0,0,0,960.839558154594,10.0201848526758,1.80952516601859,0,3.89185834151091,3.84185565392003,0,5.35113623228612,32.7261990988838,0,18.2102776594762,4.06894276327005,13.3487037518891,669.005949555501,0,0,56.5348944833682,3.0398653949829,24.8055344206708,6.80124708869093,0,0,14.0172794847177,0,33.480548710143,0,0,1.00960209466525,1027.10106501798,2.12377054528721,14.9862615329241,0,0,33.0893873698363,"CC vs. WW","WW"
"LOC144624866",4.59704835274521,16.1446233984859,3.23748407770129,7.28905444586334e-08,1.95233941812346e-05,0,0,0,0,0,0,0,0,0,0,5.04376985200031,10.6093653871983,0,0,0,1.07276302371494,8.2644703959686,0,0,0,0.715907065784001,0,0,0,3.34991682067606,0,0,0,3.12989497381048,0,0,0,0,0,0,7.36994775467441,2.15630898160147,0,0,0,0,0,0.742392310345921,0,0,0,4.11389935866618,14.3131605680695,0,0,0,0,0,4.93874659264807,0,0,0,0,0,5.01009242633788,0,0,16.5403979514214,26.8929895774402,1.16707006910275,2.14045449291445,0,0,0,0,0,0,0,0,1.10852734281114,0,279.948174176142,2.26708236289698,8.90535376108059,0,6.00740549345044,2.7618790696742,0,0,0,0,0,0,0,1.1054245046746,3.25305413945443,0,"CC vs. WW","WW"
"LOC111122323",390.940785976078,6.65626846514088,4.7263147507091,0.000141088764021489,0.0163644070448317,0,6.01575382831857,11.400542301864,1.74941379128385,793.113954049484,9.29953770962662,9.82007741829164,0,0,0.997957452691516,1.00875397040006,99.7280346396637,597.461546430496,0,8.01477546547344,0,3.756577452713,0,0,16.6670600823047,11.454513052544,0,0,0,22.3327788045071,8.36006726286648,2.02871969484043,258.549926452295,421.492523139812,0,0,2727.59609748764,87.0956359355404,136.033962042007,1.50759547692758,0,6.46892694480442,1.68583209478613,4.09753347422019,0,36.0539988558777,0,0,0,4.03804229172873,24.4236413974102,0,0,2696.05387638996,0,1.15414706866466,0,0,56.301711156188,8785.30295371137,0,0,13.5739076901722,0,2.50504621316894,0,0,0,0,3.50121020730824,2.14045449291445,331.484726356436,4.25966612726569,1132.87095755267,0,1387.10443334848,0.89920154510148,1.37995487314801,133.444691383155,52.1007851121237,2.0265769299886,0,2.26708236289698,0,18.9706177805593,0,0,4230.42933218162,19.6053192984696,0,6.05761256799152,0,0,8076.44217689738,4.42169801869841,0,3690.00039153304,"CC vs. WW","WW"
"LOC111103632",1905.70268927781,6.81127213820252,2.60411151863416,2.46102343246345e-05,0.00389877132919713,18.8867019720633,516.352203597344,1989.39463167527,74.3500861295635,3867.29763308386,70.908975035903,1268.75400244328,244.540391466341,2.20649251641193,0,4.03501588160025,968.635059851202,8783.73291067993,2.65150936543929,4861.96316674283,62.2202553754662,1463.56257557698,50.2174237448421,10.9590913433073,37.9638590763607,21.47721197352,25.4292183259254,5.67834812555389,1.18931637470861,327.175209486028,8.36006726286648,39.5600340493884,5709.91694114477,3907.15222564009,34.0465630335585,13.9270463045693,15922.1193762657,2152.36341679784,3506.55697059875,7.53797738463791,0,32.3446347240221,7.5862444265376,24.5852008453212,911.025086139394,4057.5365198885,22.4682929474135,5.93913848276736,0,449.232204954821,13057.3439032726,20.5694967933309,5.45263259735979,4292.27728860838,0,6.92488241198797,0,3.82322670858784,535.36013064305,13887.8200093991,32.5208120303368,4460.1830055178,0,73.0717938664674,2.50504621316894,39.809553652409,0,21.40522087831,257.404328812642,32.6779619348769,2.14045449291445,1603.58375584531,7.09944354544282,7408.70770040793,75.275441120496,2887.96303780001,25.1776432628414,38.6387364481443,3078.66338504168,906.775366419514,2.0265769299886,125.799495990545,81.6149650642912,74.2112813423382,35.231147306753,138.17032634936,5.5237581393484,16540.471080511,0,9.91048861416129,92.8833927092033,9.28662807430361,23.3614759981593,32695.4115074455,7.73797153272222,69.3984883083611,11158.5953407829,"CC vs. WW","WW"
"LOC144625401",2152.45567580826,8.41143864579415,2.27441318031742,3.74497136707791e-06,0.000770611128925339,3.77734039441266,1084.84094037345,4121.29604212384,160.946068798114,699.466388046557,10.46197992333,3962.07390236673,146.517871680255,14.3422013566776,54.8876598980334,3.02626191120019,2020.02316972255,22065.1982700147,2.65150936543929,140.258570645785,0,574.756350265089,14.0961189459206,25.5712131343837,133.336480658438,43.6703310128241,2.11910152716045,13.2494789596257,7.13589824825164,432.139269867211,38.6653110907574,0,2283.31221968208,7641.116929396,51.0698445503378,0.928469753637951,11380.5827368214,2839.11751164589,5737.68723975906,37.6898869231896,4.21139871695681,29.1101712516199,5.0574962843584,2.0487667371101,1270.30258489859,3527.44529346695,0,4.45435386207552,0,235.215963493198,2248.13803910447,20.5694967933309,5.45263259735979,22617.8875609017,0,25.3912355106225,15.7136794518588,0,769.456719134569,3853.08813608254,1.75788173136955,2058.30052842283,4.84782417506151,0,42.585785623872,4.52381291504648,0,3.89185834151091,215.143916619522,9.33656055282198,21.4045449291445,3154.38331959564,5.67955483635425,6397.55807247386,14.9194567986569,1385.36329807649,5.39520927060888,14.4895261680541,7138.61702591102,1622.88402987551,0,7.0872955487631,0,6.92638625861823,70.4622946135061,33.0407302139774,7.36501085246453,11890.9948806024,1.6337766082058,4.95524430708064,104.998617845186,0,25.4852465434465,43297.615147315,114.964148486159,10.8435137981814,19968.9115778999,"CC vs. WW","WW"
"LOC144624877",130.132400149695,9.08635496190682,4.82156893644358,5.70372462993969e-05,0.00809773057980672,0,18.0472614849557,10.450497110042,16.6194310171965,2327.31543659127,3.48732664110998,9.82007741829164,0,0,0,0,7.42655577103879,8.3854252130596,0,0,0,214.124914804641,0,0,3.70379112940104,0,0,0,0,36.8490850274366,0,0,110.183723931147,133.542185549247,0,0,51.2538482371044,7.00769484538831,39.8570844199512,0,0,0,0,0,2.13855654023332,191.963183097511,0.774768722324605,1.48478462069184,0,11.104616302254,126.770329157986,0,0,16.791304796512,0,0,0,0,257.802572136229,2569.27126456163,0,38.2939633194946,0,0,1.25252310658447,0,0,0,89.3231439536407,0,2.14045449291445,7.38978689329634,0.709944354544282,1300.59719915311,0,510.152634691762,0,0,48.5253423211474,1.10852734281114,0,2.65773583078616,0,2.96845125369353,1.35504412718281,1.00123424890841,0,3548.93816327516,0,0,0,0,0,119.890092263392,4.42169801869841,0,115.27915599814,"CC vs. WW","WW"
"LOC111115053",404.705763347962,4.35770121876505,4.35071191568509,0.000370663059038509,0.0332075756444121,0,6.01575382831857,9.50045191822,0,830.110523334591,0,57.6111208539776,0,1.10324625820597,0,3.02626191120019,50.9249538585517,1122.59880039835,0,0,0,12.7723633392242,0,0,25.9265379058073,2.863628263136,1.05955076358023,0,0,44.6655576090141,0,0,134.184139044862,1626.50208805685,0,0,3653.50800803186,123.135209426109,1056.21273712871,5.27658416924654,0,5.39077245400368,5.0574962843584,0,9.62350443104993,162.730211052205,1.54953744464921,1.48478462069184,0,23.2187431774402,38.380007910216,0,0,3418.07998263997,0,2.30829413732932,0,0,106.676926401198,11398.7872993075,0,0,0,4.36249515620701,2.50504621316894,1.80952516601859,1.0171457144429,0.972964585377727,0.960463913480007,4.66828027641099,0,235.417496743583,2.12983306363284,1414.65104344141,0,369.701056084929,5.39520927060888,5.51981949259204,14.8271879314617,2.21705468562228,0,0,0,0,12.8729192082367,4.00493699563363,0.920626356558067,1871.67067466703,3.2675532164116,0,17.1632356093093,0.928662807430361,0,3948.30351925114,13.2650940560952,1.08435137981814,5353.00895676546,"CC vs. WW","WW"
"LOC111126222",106.813984180445,-1.39960823993627,1.24686031463672,0.000205566993394838,0.0216848588950099,74.6024727896501,1251.27679629026,38.00180767288,48.1088792603058,48.5579971867031,37.1981508385065,37.9709660173943,11.349975975231,67.2980217505639,48.8999151818843,45.3939286680028,42.4374615487931,72.324292462639,41.098395164309,45.0831119932881,36.4739428063078,32.3065660933318,44.0503717060018,57.5352295523634,47.2233368998633,45.8180522101761,59.3348427604927,41.6412195873952,59.4658187354303,26.7993345654085,32.3952606436076,28.402075727766,31.6369108317154,29.2123530888979,39.7209902058183,1157.80178278653,42.3401355002167,37.0406727541953,43.322917847773,44.4740665693637,56.8538826789169,35.5790981964243,42.1458023696533,35.8534178994267,60.9488613966496,61.3892412951431,61.2067290636438,57.9066002069818,61.4025373144446,60.5706343759309,66.2927409358277,39.0820439073287,40.2131654055285,50.373914389536,145.764863815555,53.0907651585744,36.0490293307349,50.6577538887889,39.5099727411845,32.7504303959417,48.3417476126627,1835.9827969291,56.2347604307135,55.6218132416394,50.1009242633788,1298.33430661834,52.8915771510306,75.8912376594627,52.8255152414004,24.5084714511577,44.9495443512034,51.7285082530744,39.0469394999355,60.3814469761578,34.5860134877954,71.386546151407,31.4720540785518,37.9487590115703,43.1336376187977,53.2093124549348,44.5846924597491,75.3025152056079,28.3385295362122,75.2007650935694,60.9769857232264,42.0518384541531,49.7138232541356,63.7210443193044,50.6470748543798,38.403143379875,43.4128900706059,75.2216874018593,42.4754109057442,55.3338887369503,33.1627351402381,33.6148927743624,61.9091763693712,"CC vs. WW","CC"
"LOC111107575",688.277167068679,9.1483432936848,2.20926320892945,1.19941364564749e-06,0.000268637637306617,28.330052958095,1117.9275864292,394.26875460613,80.4730343990569,1160.76736132024,9.29953770962662,2875.97333990368,68.099855851386,2.20649251641193,1.99591490538303,7.06127779280044,607.916636686461,2372.02715714423,0,12.0221631982102,4.29105209485974,338.843286234712,7.04805947296029,0,26.8524856881576,3.57953532892001,33.9056244345672,0,0,56.948585951493,0,0,2990.23353757696,693.793385861324,20.4279378201351,0,2262.96882107737,3040.3384636349,774.613771118182,0,12.6341961508704,4.31261796320295,3.37166418957227,3.07315010566514,466.205325770863,2815.13520796299,6.19814977859684,0,0,328.090936202959,2581.92780486908,0,6.81579074669974,3082.25388670973,1.07973973196708,4.61658827465864,10.167674939438,33.4532337001436,116.554419586494,9522.18763762006,8.78940865684777,950.966755767448,5.81738901007381,30.5374660934491,2.50504621316894,9.95238841310225,3.05143714332869,15.5674333660436,89.3231439536407,2.33414013820549,4.28090898582889,1463.17780487268,19.8784419272399,1784.60721062866,4.74709989048173,2172.35644101395,8.9920154510148,8.96970667546206,1552.81095427672,158.519410021993,0,1.77182388719077,2.26708236289698,27.7055450344729,4.06513238154843,0,9.20626356558067,6673.42937032173,17.1546543861609,3.71643323031048,6.05761256799152,5.57197684458217,0,5965.68487945246,22.1084900934921,4.33740551927257,4290.94636215297,"CC vs. WW","WW"
"LOC111119246",28738.7712262495,9.64241460406343,1.91093462737283,3.06858782901986e-08,8.57257853610375e-06,107.654201240761,25110.7591050398,38914.8011022209,11671.2141085502,81392.4524272357,13715.6556794856,107152.102085603,3267.76126486878,77.2272380744176,141.709958282195,121.050476448007,90514.8617374208,127457.415060354,5.30301873087858,611.12662924235,90.1120939920545,69489.169720285,13.2151115118005,44.7496229851715,443.528987745775,123.851922380632,146.218005374071,40.6948282331362,46.3833386136357,1534.26190386963,131.671059390147,30.4307954226064,61897.0705782713,40645.8594282276,397.209902058183,64.0644130010187,181431.937474797,71937.9919849655,55728.0021443044,58.0424258617119,7.36994775467441,217.787207141749,177.012369952544,18.4389006339909,109707.950513969,37989.2216052769,54.2338105627224,82.4055464483972,7.44273179569026,22183.9948401847,8997.20427858883,59.6515407006596,92.6947541551165,125024.907145179,51.8275071344196,83.0985889438556,7.39467268322767,42.0554937944663,5260.75287048872,128733.754278848,27.2471668362281,24332.6225259288,5.81738901007381,4025.49240539002,113.979602699187,8065.05366494486,34.5829542910585,128.43132526986,41786.9034837747,299.937007759406,73.8456800055484,57959.1542879651,95.1325435089337,86365.5963248977,202.090823909079,53523.6590176834,33.2704571687548,1055.66547795823,28396.7607411003,19133.1819369203,57.757442504675,63.7856599388679,188.167836120449,152.380497689601,538.630040555166,96.1184878952071,46.9519441844614,302352.035224298,137.237235089287,9.91048861416129,498.743434764635,40.8611635269359,54.1561489048239,354964.590668839,496.335602598897,79.1576507267244,235176.950033353,"CC vs. WW","WW"
"LOC144624925",313.297984416434,2.97704447932557,2.40757543226669,0.000247194795029004,0.0251857567437198,145.427605184888,256.672163341592,793.28773517137,139.953103302708,243.946128723675,60.446995112573,644.197078639931,216.681359527137,0,25.9468937699794,14.1225555856009,2125.05588705581,1204.35669622568,10.6060374617572,420.775711937356,72.9478856126156,901.57858865112,193.821635506408,11.8723489552496,15.7411122999544,5.01134946048801,9.53595687222203,13.2494789596257,13.677138309149,188.711980898085,7.31505885500817,42.603113591649,1122.56487054604,874.283996017729,15.8883960823273,7.42775802910361,1276.88934955917,255.28031222486,537.204181312386,21.1063366769862,58.9595820373953,19.4067808344133,20.2299851374336,20.487667371101,900.332303438227,767.852732390043,47.2608920618009,28.9533001034909,0.930341474461282,528.983540216463,616.406187648924,71.9932387766582,134.271077709985,660.108169812878,12.9568767836049,28.8536767166165,0,5.73484006288177,154.08889369062,677.933909195994,1.75788173136955,1266.89195315328,19.391296700246,291.196551676818,53.8584935831322,169.190603022738,6.10287428665738,14.5944687806659,577.238812001484,2.33414013820549,8.56181797165778,457.111103542474,3.54972177272141,757.164176367693,292.285721828232,279.742400365676,101.609774596467,156.624878102299,931.416987330913,307.062073958686,6.07973078996579,60.2420121644863,90.6832945158791,110.822180137892,4.74265444513983,9.01110824017567,5.5237581393484,2274.51727688907,1.6337766082058,0,101.969811561191,25.0738958006198,33.9803287245954,1489.40383850291,6.63254702804762,114.941246260723,2146.54058066906,"CC vs. WW","WW"
"LOC111138083",1253.32289673148,4.79145058430375,2.52502995930466,7.81742482713821e-05,0.0105235499706672,16.998031774857,1611.21940035132,971.896231233906,203.806706684568,759.585813134856,438.240714566155,3513.62370026475,718.143934432798,11.0324625820597,13.9714043376812,30.2626191120019,4967.30487428623,4780.7405495956,15.9090561926357,5222.62806268913,240.298917312145,1767.09403375619,253.73014102657,21.0049250746723,7.40758225880209,15.749955447248,8.47640610864181,1.89278270851796,10.7038473723775,309.308986442423,40.7553279064741,89.2636665729789,2172.03756779122,3155.97743192557,74.9024386738288,10.2131672900175,7024.00563666753,1225.34549867933,4693.60491962773,13.5683592923482,2.1056993584784,58.2203425032398,37.0883060852949,49.1704016906423,2788.67772846425,1854.34486007392,39.5132048385549,4.45435386207552,0,1166.9942223096,25926.2768586223,111.075282683987,0,1815.55983112286,38.8706303508147,13.8497648239759,14.7893453664553,24.850973605821,993.675814440791,1965.0258237565,123.051721195869,1457.29804854743,12.6043428551599,178.862301404487,65.1312015423925,224.381120586305,14.2400400022005,55.4589813665304,963.345305220447,68.8571340770621,14.9831814504011,1223.53757276149,1.41988870908856,1965.75155155714,2655.66331016092,1574.56666429892,35.9680618040592,5.51981949259204,1725.34550475191,877.953655506424,4.0531538599772,32.7787419130293,117.888282870643,29.6845125369353,9.48530889027966,65.0802261790465,18.4125271311613,5688.45322762333,6.53510643282319,7.43286646062097,108.027424129182,64.0777337126949,26.5471318160901,3999.02625059335,4.42169801869841,172.411869391085,10392.2024333138,"CC vs. WW","WW"
"LOC111102114",98.9082508033497,24.7423828633463,3.01045976200328,7.06433654534465e-17,6.32891475119308e-14,0.944335098603166,143.375466241593,204.25971624173,24.4917930779739,179.202132474738,0,330.609273082485,59.8453278693998,0,0,0,442.410536646168,584.883408610907,0,0,0,374.155114290215,0,0,0,0,0,0,0,6.69983364135212,0,0,109.092795971432,647.88825957877,2.2697708689039,0,1448.47831974426,194.213257143619,229.611464593197,0,0,0,0,0,303.675028713131,105.238699363102,0,0,0,420.96590891272,94.2054739614394,0,0,130.132612172968,0,0,7.39467268322767,0,87.9096893491356,137.551807662955,0,272.312628049739,0,2.18124757810351,0,0,0,0,195.934638349921,0,0,116.125222608942,0,82.4254673007868,0,112.593414255065,20.681635537334,0,150.967731665792,95.3333514817582,0,23.0337105334801,0,3.9579350049247,6.77522063591404,0,0,1318.7016120995,0,0,0,9.28662807430361,0,147.557036631868,0,0,272.186896106718,"CC vs. WW","WW"
"LOC144625605",508.716788855359,4.3037442261886,2.62894799040789,0.00011911520305202,0.0143941027464862,1.88867019720633,705.848449189379,802.78818708959,685.770206183268,1168.86036085135,19.7615176329566,2524.41456832884,14.4454239684758,12.1357088402656,5.9877447161491,34.2976349936021,943.172582921926,3972.59519468698,3.97726404815894,27.0498671959729,18.2369714031539,967.694351818868,3.52402973648014,5.47954567165366,11.1113733882031,29.352189697144,4.2382030543209,32.1773060448053,4.16260731148012,77.0480868755493,11.4950924864414,6.08615908452129,1310.2044796169,889.933470886781,13.6186252134234,9.28469753637951,2151.54741186627,510.560624449719,983.430235144448,23.3677298923775,21.056993584784,21.5630898160147,11.8008246635029,10.2438336855505,1218.97722793299,2593.93905282017,44.1618171725025,11.8782769655347,5.58204884676769,317.995830473637,965.31535046907,10.2847483966655,66.1131702429875,2158.73212290157,0,4.61658827465864,21.2596839642796,22.9393602515271,269.655563958584,1219.95353224883,6.15258605979344,863.741617095266,13.5739076901722,114.515497850434,2.50504621316894,31.6666904053253,18.3086228599721,16.5403979514214,736.675821639166,9.33656055282198,36.3877263795456,1017.6792235911,2.83977741817713,1708.89079299189,1.35631425442335,755.072329617728,40.4640695295666,13.1095712949061,539.170470234971,386.876042641089,17.2259039049031,8.85911943595387,10.2018706330364,1.97896750246235,5.42017650873124,19.0234507292597,7.36501085246453,4101.90722584268,16.337766082058,52.0300652243468,4.03840837866101,0.928662807430361,1.06188527264361,6432.56456567048,26.5301881121905,13.0122165578177,2786.98033621428,"CC vs. WW","WW"
"LOC111108296",45.3854580010983,8.57554270979051,2.48803707400807,5.77192324781854e-06,0.00111910699926547,0,50.1312819026548,33.25158171377,29.7400344518254,39.3088548654263,0,210.149656751441,69.1316718491343,0,0,0,326.768453925707,159.323079048132,0,0,7.50934116600455,178.813086749139,15.8581338141606,0,3.70379112940104,0,10.5955076358023,7.57113083407185,1.78397456206291,24.5660566849578,0,0,87.2742367771459,129.368992250833,4.5395417378078,0,471.312560962939,86.0945366719135,38.9906260629957,0,0,0,0,4.09753347422019,178.569471109482,113.034158575184,0,0,4.65170737230641,105.998610157879,9.30424434187056,8.22779871733236,0,57.72011023801,0,0,3.69733634161384,5.73484006288177,32.5957275114772,19.650258237565,1.75788173136955,105.30839912861,1.9391296700246,14.1781092576728,0,9.04762583009296,0,0,45.1418039335603,4.66828027641099,0,114.013854925144,0,114.053844288298,8.1378855265401,44.1087602236336,0,0,99.7465369934696,26.6046562274674,2.0265769299886,5.31547166157232,4.53416472579395,4.94741875615588,0,0,2.7618790696742,344.525646404375,0,0,6.05761256799152,0,190.077463803205,142.945879237122,0,7.59045965872699,346.904867586994,"CC vs. WW","WW"
"LOC111105466",51.3369493681456,3.2878641264605,0.703896357272201,7.90080143429945e-07,0.0001816555062518,38.7177390427298,29.0761435035398,46.552214399278,31.4894482431092,39.3088548654263,15.1117487781433,41.898996984711,24.7635839459586,23.1681714223253,24.9489363172879,39.3414048456024,130.495194262539,71.2761143110066,7.95452809631787,25.0461733296045,47.2015730434571,45.8302449230986,37.0023122330415,43.8363653732292,9.25947782350261,18.613583710384,18.0123629808638,32.1773060448053,53.5192368618873,34.6158071469859,35.5302858671825,6.08615908452129,61.0919657440021,52.1649162301747,101.004803666224,18.569395072759,70.1954878029908,35.0384742269415,38.1241677060403,33.1671004924068,32.6383400564153,103.502831116871,21.0729011848267,21.512050739656,71.6416440978162,51.644917280041,32.5402863376334,39.3467924483338,35.3529760295287,80.7608458345745,62.8036493076263,10.2847483966655,13.6315814933995,34.632066142806,0,47.3200298152511,309.651918610159,7.64645341717569,22.7182343261811,34.3879519157388,8.78940865684777,36.166520912856,25.2086857103198,23.9937233591386,11.2727079592602,40.7143162354183,4.06858285777158,13.6215041952882,29.7743813178802,10.5036306219247,33.1770446401739,33.7818829407833,34.0773290181255,30.669941321223,20.3447138163503,27.8581643517686,33.2704571687548,26.2191425898122,62.0046040770217,37.6899296555788,18.2391923698974,31.0069180258386,39.6739413506971,17.8107075221612,27.1008825436562,64.0789919301381,19.3331534877194,88.5614514268299,33.4924204682189,27.2538436889435,50.4801047332626,1167.32914893996,15.9282790896541,58.7922567830097,44.2169801869841,15.180919317454,48.0329816658915,"CC vs. WW","WW"
"LOC111108502",7.1771335698452,16.5602477679153,3.07196654793526,1.117575242298e-08,3.26244071574654e-06,0,0,0,0,0,0,0,0,3.3097387746179,13.9714043376812,34.2976349936021,2.12187307743965,2.0963563032649,0,0,10.7276302371494,0,1.76201486824007,0,0,0,0,0,5.94658187354303,0,2.09001681571662,0,0,8.34638659682796,0,0,4.45685636844386,0,5.19875014173276,0,0,0,0,0,0,0,0,0,0,4.03804229172873,0,4.11389935866618,2.04473722400992,5.24728274891,0,388.947562139991,0,0,0,0,0,0,9.69564835012302,4.36249515620701,0,0,0,0,0,0,0,9.50115457709529,6.38949919089853,12.4596636617468,0,0,0,2.75990974629602,0,2.21705468562228,0,0,0,90.043021362037,11.5178750810539,0,0,0,0,0,6.05761256799152,0,3.18565581793082,2.30557869737293,0,1.08435137981814,0,"CC vs. WW","WW"
"LOC111099782",273.897478743772,6.54500495107405,2.95281444693386,4.33332299823111e-05,0.00628961255961131,0,4.01050255221238,325.865500794946,1.74941379128385,70.5247101997355,2.32488442740666,50.4097307472304,17.5408719617206,0,1.99591490538303,0,455.141775110806,67.0834017044768,5.30301873087858,96.1773055856813,0,13.5236788297668,2.64302230236011,3.6530304477691,0,0,4.2382030543209,0,1.18931637470861,85.9811983973521,12.5401008942997,0,52.3645420662876,186.750400104026,0,0,4464.65586708864,181.198966716469,40.7235427769067,3.01519095385517,0,21.5630898160147,1.68583209478613,0,8.55422616093327,41.9005932649389,6.19814977859684,1.48478462069184,1.86068294892256,15.1426585939827,12192.0491794786,1.02847483966655,0,115.44022047602,0,20.7746472359639,1.84866817080692,0,65.1914550229545,1033.27607899196,3.51576346273911,213.807961867178,0,11.9968616795693,22.5454159185205,1.80952516601859,0,1.94592917075545,58.5882987222804,10.5036306219247,0,51.7285082530744,0,315.325334208824,4.06894276327005,301.216402053498,0,2.06993230972201,342.373248599207,25.4961288846563,0,3.54364777438155,0,3.9579350049247,1.35504412718281,32.039495965069,3.68250542623227,2493.76087005549,0,4.95524430708064,21.2016439879703,16.7159305337465,2.12377054528721,522.213574954969,4.42169801869841,9.75916241836328,1033.24280561295,"CC vs. WW","WW"
"LOC144624951",22.2509971621245,33.8293024029956,2.73604164417674,5.93799979570287e-36,3.85687931730391e-32,0,0,7.600361534576,0,11.561427901596,0,0,0,0,0,0,0,2.0963563032649,1.32575468271965,4.00738773273672,0,11.269732358139,0,0,0,0,3.17865229074068,0,2.37863274941721,12.2830283424789,0,0,0,9.38968492143145,0,0,477.997845515604,0,64.1179184147041,0,0,0,0,0,0,0,0,0,0,1.00951057293218,291.920666226189,0,1.36315814933995,31.48369649346,0,1.15414706866466,1.84866817080692,0,3.95099727411845,6.55008607918834,0,0,0,0,0,0,0,0,0,0,0,7.38978689329634,3.54972177272141,22.044020324629,6.78157127211675,76.0295735433684,2.69760463530444,0,4.04377852676228,11.0852734281114,4.0531538599772,0.885911943595387,0,5.93690250738706,0,0,1.84125271311613,52.9208673160325,1.6337766082058,0,0,1.85732561486072,0,175.223981000343,0,0,722.629524173523,"CC vs. WW","WW"
"LOC111118525",62.9755897415103,1.86173707441837,2.18766613441303,0.000609372014457345,0.0456256320104216,6.61034569022216,53.1391588168141,41.801988440168,20.1182585997642,279.786555218623,0,326.026570287282,0,6.6194775492358,1.99591490538303,1.00875397040006,151.713925036935,81.7578958273311,0,13.0240101313943,25.7463125691584,41.322351979843,3.52402973648014,9.13257611942276,24.0746423411068,15.749955447248,32.846073670987,3.78556541703592,9.51453099766885,16.7495841033803,5.22504203929155,4.05743938968086,97.0925884145748,301.51321581041,3.40465630335585,7.42775802910361,518.109552831599,95.1044300445556,32.9254175643075,18.8449434615948,29.4797910186976,2.15630898160147,1.68583209478613,0,105.858548741549,170.525670264286,8.52245594557066,17.0750231379562,2.79102442338385,45.4279757819482,46.5212217093528,4.11389935866618,16.3578977920794,264.463050545064,0,4.61658827465864,10.167674939438,21.9835535743801,38.5222234226549,108.076420306608,13.1841129852717,59.5683873858804,12.6043428551599,3.27187136715526,0,1.80952516601859,7.12002000110027,12.6485396099104,40.3394843661603,9.33656055282198,6.42136347874334,60.1739789882702,2.83977741817713,603.814469761578,73.9191268660726,150.898390238746,17.0848293569281,9.65968411203607,67.3963087793714,58.7519491689905,12.1594615799316,2.65773583078616,15.8695765402788,11.8738050147741,1.35504412718281,19.0234507292597,10.1268899221387,316.445186195868,17.9715426902638,7.43286646062097,16.153633514644,6.50063965201253,2.12377054528721,352.753540698058,16.581367570119,18.4339734569084,607.350368175383,"CC vs. WW","WW"
"LOC111120685",587.198192724503,4.06743853963474,2.28510281790676,9.49336686497848e-05,0.0120309178529967,50.994095324571,707.853700465485,880.691892818994,502.081758098464,545.69939695533,29.0610553425832,3217.05736223234,137.23152770052,54.0590666520923,32.93259593882,6.05252382240037,3902.12458941152,3632.98547355807,13.2575468271965,69.1274383897084,17.164208379439,884.29833236864,69.5995872954828,104.111367761419,12.9632689529036,61.5680076574241,79.4663072685169,30.2845233362874,15.4611128712119,94.914309919155,154.66124436303,63.9046703874735,1010.19929069546,936.881895493938,32.9116775991066,12.9985765509313,5400.59570446185,880.967351991673,966.967526362294,21.1063366769862,48.4310852450033,7.54708143560516,15.1724888530752,36.8778012679817,2560.9214569294,737.645327943227,10.8467621125445,54.9370309655981,29.770927182761,502.736265320226,5312.72351920809,28.7972955106633,15.6763187174094,1120.81959516718,0,9.23317654931729,5.54600451242075,9.55806677146961,389.173231500668,1239.60379048639,3.51576346273911,1334.97011016571,22.2999912052829,169.046687303022,96.4442792070043,15.380963911158,84.4230942987604,5.83778751226636,840.405924295006,5.83535034551373,11.7724997110295,1650.03384488888,1.41988870908856,1163.5408988739,70.5283412300142,894.943529800566,15.2864262667252,2.06993230972201,936.808692033262,676.201679114797,62.8238848296465,209.075218688511,73.6801767941517,8.90535376108059,41.3288458790757,77.0950371659474,48.7931968975775,3210.89262307275,46.5626333338653,123.881107677016,29.2784607452923,63.1490709052646,84.9508218114884,2485.41383576802,16.581367570119,79.1576507267244,2591.64621077299,"CC vs. WW","WW"
"LOC144624971",19.3796904718163,23.4310513697998,3.00903574724633,2.5413873811758e-15,1.65069463875821e-12,1.88867019720633,4.01050255221238,0,0,11.561427901596,2.32488442740666,10.4747492461777,0,0,0,0,36.0718423164741,7.33724706142715,0,0,6.43657814228961,0,0,0,3.70379112940104,0,4.2382030543209,0,0,0,0,0,74.183101260574,9.38968492143145,0,0,289.695663948851,5.0054963181345,3.46583342782184,0,0,0,0,0,34.2169046437331,0,0,0,0,0,0,4.11389935866618,0,11.544022047602,0,0,0,0,11.8529918223554,330.779346999011,1.75788173136955,1.06372120331929,0,4.36249515620701,0,0,0,0,4.80231956740004,0,0,7.38978689329634,0,9.58435666288218,9.49419978096345,13.9290821758843,0,0,95.7027584667074,0,0,0,0,0,0,0,0,698.771452111694,0,0,0,0,0,16.1390508816105,0,0,57.6395779990698,"CC vs. WW","WW"
"LOC111117980",15.5905621120389,1.02744979745968,1.24592986538587,0.00045241804899191,0.037795091096009,1.88867019720633,13.0341332946902,37.051762481058,20.9929654954062,11.561427901596,24.4112864877699,28.1508885991027,17.5408719617206,13.2389550984716,1.99591490538303,16.140063526401,14.8531115420776,29.3489882457086,9.28028277903752,29.0535610623412,15.0186823320091,11.269732358139,14.9771263800406,2.73977283582683,15.7411122999544,1.431814131568,9.53595687222203,9.46391354258981,12.4878219344404,21.2161398642817,10.4500840785831,5.07179923710107,8.72742367771459,10.4329832460349,11.3488543445195,2.78540926091385,47.9112059607715,43.0472683359567,19.9285422099756,6.03038190771033,33.6911897356545,4.31261796320295,5.0574962843584,37.9021846365368,21.3855654023332,33.130701651347,0.774768722324605,14.8478462069184,15.8158050658418,14.1331480210505,43.0321300811513,26.7403458313302,12.9500024187295,7.346195848474,12.9568767836049,4.61658827465864,4.6216704270173,20.0719402200862,20.7427356891219,0,21.9735216421194,25.529308879663,16.4826021952091,4.36249515620701,7.51513863950682,1.80952516601859,27.4629342899582,0.972964585377727,13.4464947887201,16.3389809674385,23.5449994220589,9.50115457709529,3.54972177272141,12.4596636617468,3.39078563605838,28.4385427757638,10.7904185412178,14.4895261680541,20.2188926338114,7.75969139967799,5.06644232497149,6.20138360516771,9.06832945158791,37.6003825467847,6.09769857232264,21.0259192270766,11.9681426352549,23.7603894071983,8.16888304102899,14.8657329212419,11.1056230413178,22.2879073783287,5.30942636321803,17.291840230297,26.5301881121905,9.75916241836328,45.8981824807407,"CC vs. WW","WW"
"LOC111134661",552.559662298533,3.52366513986842,2.68832191888315,0.00021569228582597,0.0224156051121781,7.55468078882533,678.777556961946,525.374991077566,77.8489137121312,507.546684880064,287.123226784722,1429.80327210326,152.708767666744,1.10324625820597,1.99591490538303,8.0700317632005,1592.46574461846,1882.52796033188,6.62877341359823,650.198659636533,42.9105209485974,422.239305684941,81.9336913731633,0.913257611942276,11.1113733882031,10.022698920976,5.29775381790113,86.1216132375673,16.0557710585662,183.128786196958,22.9901849728828,26.3733560329256,1326.56839901262,1104.8529257551,6.80931260671171,7.42775802910361,3290.27421400368,863.948664510015,928.843358656254,0,17.8984445470664,12.9378538896088,37.0883060852949,38.9265680050918,811.582207018544,839.960730101799,28.6664427260104,6.68153079311328,8.37307327015154,970.139660587826,12973.6057041958,63.7654400593258,16.3578977920794,987.538613344862,0,3.46244120599398,8.31900676863113,7.64645341717569,300.275792833002,1375.51807662955,71.1942101204669,933.947216514339,6.78695384508611,140.690468787676,6.26261553292235,124.857236455283,10.171457144429,15.5674333660436,283.336854476602,24.5084714511577,2.14045449291445,536.287391684934,10.6491653181642,2321.33118375007,528.284402097895,873.469528112744,35.9680618040592,11.0396389851841,1138.99761837138,313.713238015553,4.0531538599772,3.54364777438155,60.0776826167699,94.0009563669617,27.1008825436562,36.0444329607027,34.9838015492065,2852.32674656412,14.7039894738522,4.95524430708064,56.5377173012542,10.215290881734,4.24754109057442,2736.72191378167,6.63254702804762,40.1210010532713,2703.7231679934,"CC vs. WW","WW"
"LOC111137660",253.871464311281,4.62770681675537,2.83834308377616,0.000118630157444052,0.0143941027464862,18.8867019720633,1157.02998631327,564.326843942268,95.3430516249696,278.630412428463,6.97465328221997,872.677546572183,10.3181599774827,2.20649251641193,3.99182981076607,23.2013413192014,141.104559649737,1306.02997693403,41.098395164309,6.01108159910508,17.164208379439,1590.53489347868,7.04805947296029,2.73977283582683,5.55568669410156,5.01134946048801,10.5955076358023,7.57113083407185,14.8664546838576,46.8988354894648,0,4.05743938968086,718.92152545174,206.573068271492,4.5395417378078,1.8569395072759,1728.14605686411,650.714521357486,519.875014173276,0,12.6341961508704,2.15630898160147,27.8162295639712,8.19506694844038,2609.03897908465,609.99468334539,4.64861233394763,11.8782769655347,2.79102442338385,366.452337974382,83.738199076835,0,0.681579074669974,868.950023219496,0,155.809854269729,7.39467268322767,1.91161335429392,60.2527084303064,802.385544700572,3.51576346273911,259.547973609908,0,23.9937233591386,15.0302772790136,9.95238841310225,2.03429142888579,0,102.769638742361,2.33414013820549,14.9831814504011,1121.13624009724,4.25966612726569,127.471943616333,12.2068282898102,16.250595871865,53.0528911609873,12.4195938583321,366.63591975978,969.961424959749,0,5.31547166157232,0,0,13.5504412718281,15.0185137336261,1.84125271311613,1855.47040916212,8.98577134513189,0,20.1920418933051,0,5.30942636321803,514.144049514164,13.2650940560952,4.33740551927257,2073.95740837394,"CC vs. WW","WW"
"LOC144625005",918.395552453479,9.25152774747104,2.58961150376599,4.22224247944645e-06,0.000843831398911524,29.2743880566981,0,2077.74883451471,5638.36064930784,2.3122855803192,0,24.222857631786,14.4454239684758,0,1411.1118381058,5190.03917770832,5.30468269359914,1886.72067293841,2538.82021740812,3433.32944002219,12.8731562845792,3.756577452713,2019.26903900312,2022.86561045214,0,3.57953532892001,7.41685534506158,3.78556541703592,0,4.46655576090141,0,0,998.199083138607,3.12989497381048,2985.88357804308,0,882.457560951885,4.0043970545076,0,0,2354.17188277885,25.8757077792177,0,2.0487667371101,2.13855654023332,0.974432401510207,5.42338105627224,1493.69332841599,2407.7237359058,0,2508.65688067685,0,308.755320825498,0,0,5.77073534332331,3940.43620607495,6.69064674002873,1798.69150904243,0,0.878940865684777,0,0,4.36249515620701,2419.8746419212,2447.38278704014,24.4114971466295,4.86482292688863,4118.46926100227,958.164526733355,1168.68815313129,1185.53295445311,38.3369951453912,629.69223275136,0,1193.83841815808,3936.70436445428,454.005153265695,8.08755705352457,4.43410937124457,468.139270827366,4158.47066323675,9.06832945158791,0,2155.87520634785,1891.33149618798,11.0475162786968,2421.39968413357,1866.58977487513,42.1195766101855,145.382701631796,0.928662807430361,1251.96273644681,2156.86887139238,2283.80702665773,967.241430797783,0,"CC vs. WW","WW"
"LOC111132696",127.011984322587,5.1959662691226,1.53880566466213,9.9387888552798e-06,0.00180573198076241,1.88867019720633,163.427979002655,228.960891229102,63.8536033818604,87.8668520521295,53.4723418303531,646.815765951476,35.0817439234413,13.2389550984716,18.9611916011388,9.07878573360056,364.962169319621,754.688269175364,5.30301873087858,36.0664895946305,46.1288100197422,174.305193805883,81.9336913731633,1.82651522388455,7.40758225880209,10.022698920976,16.9528122172836,11.3566962511078,16.6504292459205,20.0995009240563,2.09001681571662,12.1723181690426,492.00850983116,196.140085025457,35.1814484680105,9.28469753637951,466.855704594495,377.414422387342,389.906260629957,4.52278643078275,14.7398955093488,10.7815449080074,1.68583209478613,2.0487667371101,313.298533144181,297.201882460613,7.74768722324605,10.3934923448429,47.4474151975254,118.112737033065,133.748512414389,6.17084903799927,2.7263162986799,324.282073882638,0,23.0829413732932,20.3353498788761,0,63.2159563858953,406.105336909677,3.51576346273911,136.15631402487,1.9391296700246,43.6249515620701,40.0807394107031,28.0476400732882,2.03429142888579,5.83778751226636,97.9673191749607,7.00242041461648,8.56181797165778,517.285082530744,10.6491653181642,322.034383872841,39.3331133782772,116.075684799036,13.4880231765222,1.37995487314801,419.20504060769,160.736464707616,10.132884649943,24.8055344206708,30.6056118991092,7.91587000984941,9.48530889027966,37.0456672096111,1.84125271311613,1253.90055007987,0,22.2985993818629,1.00960209466525,158.801340070592,18.0520496349413,745.854708600143,15.4759430654444,54.2175689909071,659.652948211576,"CC vs. WW","WW"
"LOC111132676",540.445972106009,-1.88375568271165,1.77248173508471,0.000312357043803036,0.0296180596899513,642.147867050153,178.467363573451,223.26062007817,66.4777240687862,2320.37857985031,132.518412362179,271.034136744849,5350.99776432254,65.091529234152,738.488514991722,44.3851746976027,36.0718423164741,1221.1275466518,1141.47478182161,20.0369386636836,61.1474923517513,230.653855596578,105.720892094404,80.3666698509203,1653.74273927757,660.782221718633,34.9651751981475,239.437012627522,38.0581239906754,75.931447935324,416.958354735465,372.270064003219,37.091550630287,54.2515128793817,46.53030281253,142.984342060245,69.0812737108799,94.1033307809287,629.91522550662,431.172306401289,11.5813464716312,2509.94365458412,5571.67507326817,43.024101479312,104.789270471433,18.5142156286939,1459.66427285956,233.111185448619,430.748102675574,121.141268751862,518.711622059284,250.947860878637,450.523768356853,1446.1511255996,1210.38823953509,260.837237518213,435.361354225029,3286.06335603125,519.556141546577,75.325989910666,238.192974600575,167.004228921129,156.099938436981,1752.63242900617,541.089982044491,94.0953086329667,55.9430142943593,87.5668126839954,37.4580926257203,344.28567038531,585.414303812101,6.33410305139686,116.430874145262,148.557528274674,233.964208888028,760.876113857679,182.537913655601,110.396389851841,66.048382603784,254.961288846563,378.969885907868,157.692325959979,623.447649796669,691.649142110592,243.907942892906,440.543069519699,660.089097652134,125.282053237954,1592.93219300065,465.792964865581,53.5089110172584,199.662503597528,503.333619233069,18.4446295789834,464.278291963333,134.45957109745,141.964145812524,"CC vs. WW","CC"
"LOC111129522",85.6571877308754,2.13460755940511,2.35761600977256,0.000534825462283847,0.041355060522609,0,36.0945229699114,7.600361534576,16.6194310171965,26.5912841736708,2.32488442740666,77.2512756905609,4.12726399099309,2.20649251641193,1.99591490538303,66.5777620464041,39.2546519326336,81.7578958273311,397.726404815894,5.0092346659209,4.29105209485974,6.0105239243408,3.52402973648014,7.30606089553821,8.33353004115235,0,10.5955076358023,53.9443071927619,20.2183783700463,2.2332778804507,10.4500840785831,11.1579583216224,21.8185591942865,19.8226681674664,68.0931260671171,25.0686833482247,50.1396341449935,29.0318786451801,32.058959207352,0,2.1056993584784,0,5.0574962843584,4.09753347422019,62.0181396667662,16.5653508256735,10.0719933902199,10.3934923448429,10.2337562190741,15.1426585939827,33.7278857392808,2.05694967933309,1011.46334681024,206.742940307054,0,513.595445555774,3.69733634161384,3.82322670858784,5.92649591117768,72.0509468710718,3.51576346273911,78.7153690456277,27.1478153803444,317.37152261406,0,16.2857264941673,6.10287428665738,13.6215041952882,7.68371130784006,26.8426115893632,18.1938631897728,65.4523981977676,54.6657152999097,46.0049119818345,7.45972839932843,40.6264896796625,18.8832324471311,1188.14114578044,13.4792617558743,706.131917370697,17.2259039049031,5.31547166157232,6.80124708869093,121.706501401435,20.3256619077421,168.207353816612,747.54860152515,20.5203363062167,4.0844415205145,602.062183310298,0,277.670179421678,12.7426232717233,31.1253124145346,13.2650940560952,10.8435137981814,26.6849898143842,"CC vs. WW","WW"
"LOC111103171",45.9583355443111,2.84056653401037,2.75807396000505,0.000397876069339564,0.0349230343159163,5.666010591619,38.0997742460176,57.952756701142,36.7376896169608,26.5912841736708,6.97465328221997,162.358613315755,0,26.4779101969432,7.98365962153213,2.01750794080012,256.746642370198,155.130366441603,0,2.00369386636836,0,166.792038900457,0.881007434120036,4.56628805971138,1.85189556470052,1.431814131568,2.11910152716045,3.78556541703592,2.37863274941721,4.46655576090141,0,8.11487877936172,153.82084231972,119.979307329402,11.3488543445195,0,357.66272356762,131.144003535124,118.704794902898,1.50759547692758,0,18.3286263436125,0.842916047393067,2.0487667371101,131.521227224349,61.3892412951431,1.54953744464921,5.93913848276736,2.79102442338385,67.6372083864562,120.955176444317,2.05694967933309,6.13421167202977,123.835872874276,0,3.46244120599398,0,1.91161335429392,33.5834768300069,91.7012051086368,0,98.9260719086943,0,8.72499031241402,5.01009242633788,14.4762013281487,2.03429142888579,0,47.0627317605204,4.66828027641099,8.56181797165778,128.793428711736,0,201.271489920526,1.35631425442335,39.4657328316722,5.39520927060888,2.75990974629602,115.921651100519,62.0775311974239,15.1993269749145,6.20138360516771,0,15.8317400196988,2.71008825436562,0,1.84125271311613,336.965522502084,0,0,6.05761256799152,5.57197684458217,8.49508218114884,231.71065908598,4.42169801869841,0,295.669687143376,"CC vs. WW","WW"
"LOC111114430",189.929612767824,3.83463453884882,2.3523975541921,0.000120894381021846,0.0144820785411389,20.7753721692697,219.575014733628,199.50949028262,97.9671723118954,161.859990622344,70.908975035903,496.895917365557,43.3362719054275,4.41298503282386,3.99182981076607,12.1050476448007,1689.01096964196,711.712964958433,18.560565558075,40.0738773273672,30.0373646640182,531.931367304161,38.7643271012816,27.3977283582683,3.70379112940104,0,10.5955076358023,28.3917406277694,14.2717964965033,20.0995009240563,74.19559695794,26.3733560329256,604.374089681736,413.146136542984,20.4279378201351,0,1466.30574521803,490.538639177181,480.884388110281,6.03038190771033,12.6341961508704,15.0941628712103,15.1724888530752,4.09753347422019,645.844075150462,322.537124899879,9.29722466789526,10.3934923448429,2.79102442338385,407.842271464601,310.52915490993,12.3416980759985,19.0842140907593,527.876644540346,0,13.8497648239759,1.84866817080692,3.82322670858784,73.0934495711914,352.067126756374,16.6998764480108,275.503791659697,13.5739076901722,83.9780317569849,10.0201848526758,115.80961062519,24.4114971466295,15.5674333660436,178.646287907281,4.66828027641099,23.5449994220589,499.338457218453,5.67955483635425,780.16663235861,48.1491560320289,102.146602623151,7.19361236081184,8.27972923888806,553.997658166433,233.899269333151,6.07973078996579,24.8055344206708,21.5372824475213,23.7476100295482,0,16.0197479825345,5.5237581393484,1265.78074478347,0,2.47762215354032,36.3456754079491,1.85732561486072,2.12377054528721,909.550796113621,17.6867920747936,15.180919317454,1285.14910946074,"CC vs. WW","WW"
"LOC111135614",162.738271355253,2.64581972300292,2.23814510760985,0.000270853972689489,0.0268589964291817,72.7138025924438,137.359712413274,190.959083556222,316.643896222376,126.019564127396,2.32488442740666,901.483106999172,6.19089598648964,23.1681714223253,29.9387235807455,16.140063526401,811.616452120668,608.991506098453,0,8.01477546547344,63.2930183991812,201.352551465417,9.6910817753204,17.3518946269032,12.0373211705534,12.170420118328,51.9179874154311,22.7133925022155,63.6284260469105,46.8988354894648,48.0703867614822,8.11487877936172,540.00934005859,405.84304827076,61.2838134604054,17.6409253191211,777.721436293454,344.378146687654,231.344381307108,20.3525389385224,12.6341961508704,51.7514155584354,12.643740710896,13.3169837912156,332.545542006281,718.156679913023,13.9458370018429,4.45435386207552,12.0944391679967,156.474138804488,465.212217093528,9.25627355699891,10.2236861200496,548.865775535986,0,24.2370884419579,16.6380135372623,9.55806677146961,52.3507138820695,622.258177522893,7.910467791163,111.690726348526,38.7825934004921,25.0843471481903,21.292892811936,24.428589741251,9.15431142998606,43.7834063419977,78.7580409053606,5.83535034551373,25.6854539149734,564.79085541622,2.83977741817713,675.697144733194,12.8849854170218,219.963422694173,5.39520927060888,3.44988718287002,435.380154714739,168.496156107294,7.09301925496009,39.8660374617924,11.3354118144849,9.89483751231176,2.03256619077421,33.0407302139774,9.20626356558067,759.252443330017,12.2533245615435,35.9255212263347,28.2688586506271,13.9299421114554,13.8045085443669,1069.78851558104,32.0573106355635,15.180919317454,1103.69117872293,"CC vs. WW","WW"
"LOC144626817",8.97934457039019,14.1226614662825,6.51820492883639,3.45576140145975e-05,0.00522000796344917,0.944335098603166,0,0,0,0,0,6.54671827886109,0,0,0,0,0,0,0,7.01292853228926,0,0,0,0,0,0,2.11910152716045,8.51752218833083,0,0,0,0,0,0,0,0,0,31.0340771724339,0,0,0,0,0,0,0,0,0,0,0,0,24.4236413974102,7.19932387766582,0,0,0,0,0,1.91161335429392,0,0,0,0,0,9.81561410146577,0,11.7619135791208,0,0,0,0,1.07022724645722,1.05568384189948,0,0,46.1146846503939,0,0,0,16.1751141070491,0,0,0.885911943595387,634.783061611153,0,0,11.0135767379925,0,0,0,0,0,3.71465122972145,0,0,0,0,0,"CC vs. WW","WW"
"LOC111138073",45.0658261123421,6.85386368510713,2.64641159573367,2.53589817757456e-05,0.00399304063948876,0,6.01575382831857,145.356914348766,8.74706895641923,39.3088548654263,4.64976885481331,113.912898052183,16.5090559639724,4.41298503282386,13.9714043376812,2.01750794080012,196.273259663168,81.7578958273311,0,124.229019714838,0,13.5236788297668,0.881007434120036,3.6530304477691,7.40758225880209,7.15907065784001,0,0,1.18931637470861,4.46655576090141,10.4500840785831,0,6.54556775828594,33.3855463873118,6.80931260671171,0,358.776937659731,117.128613844347,84.9129189816352,0,0,16.1723173620111,0,0,8.55422616093327,3.89772960604083,3.87384361162303,0,0,18.1711903127793,129.096390243454,0,0,22.038587545422,0,25.3912355106225,1.84866817080692,0,13.8284904594146,194.865060855853,0,117.009332365122,5.81738901007381,0,3.75756931975341,0,0,1.94592917075545,54.7464430683604,7.00242041461648,0,17.9466253122911,0.709944354544282,83.383902967075,0,13.9290821758843,11.6896200863192,0,547.258027288496,4.43410937124457,0,11.51685526674,0,0,0,1.00123424890841,3.68250542623227,1108.0981605357,1.6337766082058,2.47762215354032,4.03840837866101,9.28662807430361,0,138.334721842376,0,0,145.16634459025,"CC vs. WW","WW"
"LOC144626693",557.597155132529,8.84802210642909,3.07283878101427,1.36826275448863e-05,0.0022934732015722,0,136.357086775221,862.641034174376,0,1918.04088887477,1.16244221370333,45.8270279520276,0,0,6.98570216884062,1.00875397040006,39.2546519326336,1108.97248442713,1.32575468271965,0,0,1.5026309810852,1.76201486824007,0,0,14.31814131568,22.2505660351847,0.946391354258981,0,15.6329451631549,0,0,451.64417532173,541.471830469214,1.13488543445195,0,880.229132767663,681.748598529919,795.408771685113,3.01519095385517,0,36.6572526872251,2.5287481421792,1.02438336855505,18.1777305919832,3.89772960604083,0,0,1.86068294892256,7.06657401052527,1.16303054273382,3.08542451899964,2.04473722400992,4294.37620170794,0,0,0,3.82322670858784,47.4119672894214,1624.42134763871,0.878940865684777,2.12744240663859,0.969564835012302,1.09062378905175,55.1110166897167,0,0,9.72964585377727,3.84185565392003,21.0072612438494,1.07022724645722,378.990499241912,0.709944354544282,1366.729260127,5.4252570176934,892.04163768059,0,13.1095712949061,204.884778689289,5.54263671405571,6.07973078996579,11.51685526674,3.40062354434547,3.9579350049247,71.8173387406889,4.00493699563363,0,4362.19149162154,0,0,32.3072670292881,0,21.2377054528721,26903.7978196447,14.3705185607698,8.67481103854514,3312.14093576136,"CC vs. WW","WW"
"LOC111134564",245.330647324046,2.21254765061454,2.67396513068928,0.00068464844673545,0.0495483322970299,6.61034569022216,377.989865546017,191.909128748044,25.3664999736158,238.165414772877,16.2741909918466,464.162325971251,41.2726399099309,2.20649251641193,2.99387235807455,3.02626191120019,244.01540390556,803.952642302089,10.6060374617572,1718.16749041087,6.43657814228961,274.981469538591,0,1.82651522388455,2.77784334705078,5.01134946048801,4.2382030543209,1.89278270851796,11.2985055597318,45.7821965492395,3.13502522357493,13.1866780164628,489.826653911732,365.154413611223,0,16.7124555654831,1438.45039291526,367.403429751073,310.192091790055,24.8753253693051,2.1056993584784,4.31261796320295,11.8008246635029,3.07315010566514,633.012735909062,198.784209908082,6.97291850092145,3.7119615517296,2.79102442338385,190.797498284182,6557.16619993327,6.17084903799927,2.7263162986799,298.045660138088,5.39869865983538,0,3.69733634161384,14.3371001572044,77.0444468453098,501.081585057908,2.63682259705433,453.145232614019,19.391296700246,2.18124757810351,10.0201848526758,1.80952516601859,1.0171457144429,10.702610439155,87.4022161266807,0,5.35113623228612,313.538101044145,2.12983306363284,381.457395182711,16.9539281802919,169.470499806592,0,2.75990974629602,207.580631040464,138.565917851393,8.10630771995439,16.8323269283124,4.53416472579395,6.92638625861823,4.06513238154843,8.00987399126726,13.809395348371,1737.74847982645,5.7182181287203,3.71643323031048,22.2112460826356,2.78598842229108,1.06188527264361,831.161120402942,4.42169801869841,47.7114607119982,1972.55444707928,"CC vs. WW","WW"
"LOC144626878",142.629155425394,2.56104132291058,3.07116957309377,0.00066658777989795,0.0485115325196881,0,588.541249537167,209.959987392662,27.9906206605415,194.231988746812,0,106.05683611755,0,0,5.9877447161491,3.02626191120019,140.043623111017,106.91417146651,0,649.196812703349,4.29105209485974,325.319607404946,1.76201486824007,6.39280328359593,0,0,0,0,0,93.7976709789296,8.36006726286648,2.02871969484043,236.731367258008,428.795611412036,2.2697708689039,0,939.282479649544,205.225349043515,45.055834561684,1.50759547692758,4.21139871695681,6.46892694480442,3.37166418957227,15.3657505283257,672.576031903379,61.3892412951431,4.64861233394763,0,0,40.3804229172873,5163.85560973816,4.11389935866618,0.681579074669974,287.551094640268,0,6.92488241198797,0,0,159.027640283268,286.56626596449,5.27364519410866,105.30839912861,0,0,7.51513863950682,3.61905033203718,0,1.94592917075545,58.5882987222804,3.50121020730824,0,221.69360679889,2.83977741817713,117.887586953451,4.74709989048173,51.6536797355709,2.69760463530444,0.689977436574005,62.0046040770217,27.7131835702785,0,2.65773583078616,0,1.97896750246235,5.42017650873124,0,5.5237581393484,813.253328346377,0.816888304102899,3.71643323031048,12.115225135983,1.85732561486072,2.12377054528721,263.988760849201,1.1054245046746,5.42175689909071,274.321695291869,"CC vs. WW","WW"
"LOC111134685",749.948944087588,10.8863350136591,3.67097742442424,1.06265795225783e-05,0.00190406319018004,0,1048.74641740354,713.483939058322,146.950758467843,973.472229314382,0,5019.3689044028,63.9725918603929,0,0,0,2391.35095827449,3716.83972568867,0,0,1.07276302371494,1233.66003547095,0,0.913257611942276,7.40758225880209,2.863628263136,3.17865229074068,0,0.594658187354303,41.315640788338,2.09001681571662,0,2781.86629727153,666.667629421633,0,0,2704.19760155331,2658.91964419305,2100.29505726004,0,0,10.7815449080074,1.68583209478613,0,960.21188656476,2952.53017657593,0,2.22717693103776,0,508.793328757819,2991.31455591138,0,27.263162986799,4726.75230021813,0,2.30829413732932,0,4.77903338573481,82.9709427564875,5688.74975977508,0,1025.4272399998,0,5.45311894525876,1.25252310658447,1.80952516601859,0,3.89185834151091,133.504483973721,0,0,2420.6830494755,3.54972177272141,2637.61495362518,0,1410.89994873228,5.39520927060888,5.51981949259204,2458.61734427147,696.155171285397,0,3.54364777438155,9.06832945158791,0,1.35504412718281,0,0,5370.92802372713,0,0,0,1.85732561486072,2.12377054528721,3539.06330046745,3.31627351402381,2.16870275963628,5012.50848673392,"CC vs. WW","WW"
"LOC111132220",20.5172418590799,2.75314543471686,3.00878822965087,0.00053208341059775,0.0412658480320601,2.8330052958095,10.026256380531,24.701174987372,2.62412068692577,10.4052851114364,6.97465328221997,49.7550589193443,0,0,1.99591490538303,0,29.7062230841552,23.0599193359139,2.65150936543929,0,0,68.3697096393766,3.52402973648014,5.47954567165366,3.70379112940104,0,2.11910152716045,0,0,2.2332778804507,0,0,55.6373259454305,84.5071642928831,0,0,69.0812737108799,25.0274815906725,6.93166685564369,0,0,0,1.68583209478613,3.07315010566514,22.4548436724498,13.6420536211429,6.19814977859684,1.48478462069184,0,0,75.5969852776983,0,8.86052797070966,20.98913099564,0,1.15414706866466,0,1.91161335429392,2.96324795558884,76.963511430463,3.51576346273911,148.920968464701,0,0,0,114.000085459171,0,0,17.2883504426401,4.66828027641099,0,60.1739789882702,0,22.044020324629,4.74709989048173,4.64302739196143,8.09281390591332,0,28.306449687336,0,2.0265769299886,5.31547166157232,2.26708236289698,6.92638625861823,5.42017650873124,2.00246849781681,0.920626356558067,301.324938391287,0.816888304102899,2.47762215354032,2.01920418933051,0,1.06188527264361,73.7785183159338,0,17.3496220770903,319.152478180034,"CC vs. WW","WW"
"LOC111137260",77.9633522971289,2.12195329082517,1.19483883914399,6.78806346170449e-05,0.0092335432878819,40.6064092399361,31.081394779646,28.50135575466,38.4871034082446,42.7772832359051,325.483819836932,41.2443251568249,28.8908479369516,47.4395891028565,66.8631493303316,41.3589127864026,50.9249538585517,42.9753042169304,60.9847154051037,46.0849589264723,65.438544446611,22.539464716278,103.077869792044,62.1015176120748,28.7043812528581,36.5112603549841,57.2157412333322,48.265959067208,56.4925277986588,495.787689460057,71.060571734365,36.5169545071277,39.2734065497157,408.97294324457,53.3396154192417,53.8512457110012,40.1117073159948,40.043970545076,60.6520849868823,32.413302753943,52.6424839619601,48.5169520860332,40.4599702748672,41.999718110757,29.9397915632665,12.6676212196327,20.1439867804397,37.8620078276419,55.8204884676769,60.5706343759309,79.0860769058997,39.0820439073287,38.8500072561885,38.829892341934,74.5020415057282,34.6244120599398,41.5950338431557,75.5087274946099,104.701427764139,32.7504303959417,302.355657795563,6.38232721991576,33.9347692254306,39.2624564058631,53.8584935831322,53.3809923975484,31.5315171477298,29.1889375613318,33.6162369718003,285.932166930173,12.8427269574867,60.1739789882702,36.2071620817584,37.3789909852405,38.6549562510655,56.2967071275323,405.539896840768,60.7180144185124,32.3502282140983,17.7364374849783,36.4783847397948,33.6646538566247,36.2733178063516,50.46367131279,25.068316352882,30.0370274672522,36.8250542623227,57.2409381173413,22.8728725148812,6.19405538385081,447.253727936707,451.330124411156,47.7848372689622,74.9313076646202,46.4278291963333,45.542757952362,390.668250882584,"CC vs. WW","WW"
"LOC111133828",5010.16793341473,8.89584302985658,2.31449685545903,2.57268478352661e-06,0.000557007694673375,13.2206913804443,4128.81237750265,6771.92212730722,864.21041289422,5468.5553974549,18.5990754192532,26567.8921192741,1531.21494065844,25.3746639387372,7.98365962153213,10.0875397040006,23622.8129711357,29170.7979599311,10.6060374617572,9.01662239865762,16.091445355724,8673.18602282377,8.81007434120036,1.82651522388455,47.2233368998633,5.72725652627201,7.41685534506158,11.3566962511078,22.0023529321092,801.746759081803,6.27005044714986,24.3446363380851,10860.1878389561,14186.7706179583,9.07908347561561,3.71387901455181,18385.646733923,13223.5201732477,19036.9565606684,17.3373479846672,6.31709807543521,44.2043341228302,21.0729011848267,0,8961.62118184772,16975.5868667093,3.09907488929842,7.42392310345921,0.930341474461282,6783.91105010426,14414.600546643,9.25627355699891,7.49736982136972,41315.0054518178,0,8.07902948065263,0,1.91161335429392,2224.41146532869,6821.91465147466,12.3051721195869,5722.8200738578,5.81738901007381,198.493529607419,3.75756931975341,11.7619135791208,2.03429142888579,7.78371668302181,2563.47818507814,15.1719108983357,1.07022724645722,15282.0792953368,14.9088314454299,23217.1455801658,6.78157127211675,12075.9338680677,5.39520927060888,6.89977436574005,19806.4272240817,5993.80734257984,29.3853654848347,11.51685526674,5.66770590724244,13.8527725172365,12.1953971446453,2.00246849781681,1.84125271311613,37715.2981131259,10.6195479533377,0,32.3072670292881,3.71465122972145,11.6807379990797,24292.7299448699,5.52712252337301,3.25305413945443,32652.820936473,"CC vs. WW","WW"
"LOC111132804",169.732509052614,25.3845703737685,2.77052268591155,1.68824658021357e-20,2.92415562670191e-17,0,266.698419722123,174.808315295248,65.6030171731443,250.882985464633,2.32488442740666,1289.70350093563,0,0,0,14.1225555856009,488.03080781112,802.904464150456,0,2.00369386636836,8.58210418971948,256.198582275026,0,5.47954567165366,1.85189556470052,0,5.29775381790113,1.89278270851796,146.880572276513,29.0326124458592,0,0,330.55117179344,360.981220312809,0,0,1027.30539292631,390.428712814491,543.269389811074,0,0,10.7815449080074,0,0,347.515437787914,520.346902406451,0,0,1.86068294892256,457.308289538278,737.361364093242,0,0,738.817411046528,0,4.61658827465864,0,0,86.921940030606,224.340448212201,5.27364519410866,242.528434356799,0,11.9968616795693,1.25252310658447,0,0,0,49.9441235009604,0,0,499.338457218453,0,450.464763155463,0,273.938616125724,0,0,265.541456590723,401.286898097633,0,1.77182388719077,0,0,1.35504412718281,6.00740549345044,0,1068.13750562359,0,0,0,0,0,1249.62365397613,0,0,1492.22463042036,"CC vs. WW","WW"
"LOC111137389",1168.61958522994,8.84902962333948,2.6598592476656,6.82820187658187e-06,0.00130443759526083,1.88867019720633,270.708922274336,535.825488187608,139.078396407066,4769.08900940834,6.97465328221997,815.721097546092,44.3680879031757,0,0,4.03501588160025,1632.78133308981,2439.11055884871,2.65150936543929,464.85697699746,74.0206486363305,429.001145099824,0,5.47954567165366,27.7784334705078,21.47721197352,8.47640610864181,0,0,236.727455327775,0,2.02871969484043,1051.65455316461,2803.34259820959,4.5395417378078,1.8569395072759,11614.5676961647,897.98603947333,1414.92649690827,3.01519095385517,0,15.0941628712103,12.643740710896,0,579.548822403229,1267.73655436478,3.09907488929842,1.48478462069184,0,203.921135732301,3785.66441659858,8.22779871733236,0,6560.15289268728,0,2.30829413732932,1.84866817080692,3.82322670858784,395.099727411845,7981.279887491,0,1248.80869269685,0,45.8061991401736,15.0302772790136,38.0000284863904,2.03429142888579,0,224.748555754322,12.8377707601302,4.28090898582889,1510.68357775815,2.83977741817713,4558.32002886677,5.4252570176934,4481.68219009077,0,34.4988718287002,958.375510842661,281.56594507403,0,21.2618866462893,2.26708236289698,6.92638625861823,33.8761031795702,10.0123424890841,0,12420.2035537627,6.53510643282319,0,65.6241361532414,1.85732561486072,0,17698.7748703833,17.6867920747936,2.16870275963628,13254.9681406009,"CC vs. WW","WW"
"LOC111133591",21.9185332533553,22.8318306922069,2.5530023046129,1.50185695024804e-19,2.29527914261143e-16,0,4.01050255221238,15.200723069152,20.1182585997642,15.0298562720748,0,87.0713531088525,0,0,0,3.02626191120019,80.6311769427069,86.9987865854933,0,61.112662924235,0,50.3381378663542,0,0,0,0,4.2382030543209,1.89278270851796,1.18931637470861,2.2332778804507,8.36006726286648,0,103.638156172861,26.0824581150874,0,0,103.62191056632,96.1055293081825,67.5837518425259,0,2.1056993584784,4.31261796320295,0,0,51.3253569655996,52.6193496815512,0,0,0,33.313848906762,44.1951606238851,1.02847483966655,0,101.797285328854,0,48.4741768839158,0,0,11.8529918223554,22.9253012771592,0,12.7646544398315,0,0,0,0,0,5.83778751226636,13.4464947887201,0,0,76.0092366167623,0,161.017191936421,0,64.4220050634648,0,0,31.0023020385108,11.0852734281114,0,0,0,11.8738050147741,0,2.00246849781681,0,178.202920553987,0,0,0,0,0,93.3759372436037,0,0,143.031545405099,"CC vs. WW","WW"
"LOC144626783",75.030486946269,17.1187951026755,6.00262716611999,1.284799521373e-05,0.00218187248269529,1.88867019720633,0,0,0,0,333.620915332855,0,543.76703081334,0,0,0,36.0718423164741,322.838870702794,0,0,0,0,703.924939861909,0,0,0,0,0,0,359.557738752564,489.063934877689,0,0,0,0,0,0,0,0,0,0,0,0,0,0,0,0,0,468.892103128486,0,0,0,2.7263162986799,0,0,0,0,0,427.695454923323,0,217.977334689825,0,0,0,11.2727079592602,0.904762583009296,6.10287428665738,0,0,0,683.875210486165,0,0,579.853578104372,0,0,10.7904185412178,2.06993230972201,0,0,0,429.667292643763,0,0,0,0,0,0,2.4506649123087,0,0,0,454.486896691463,315.864281540092,497.441027103571,0,0,"CC vs. WW","WW"
"LOC111133732",221.40890025436,2.97435338639913,3.63838721583464,0.000665128847865424,0.0485115325196881,0.944335098603166,0,5.700271150932,0,735.306814541504,2.32488442740666,5.23737462308887,0,0,1.99591490538303,0,25.4624769292759,103.769637011613,0,25.0461733296045,2.14552604742987,4.5078929432556,0,3.6530304477691,9.25947782350261,8.59088478940801,10.5955076358023,0,1.18931637470861,42.4322797285634,2.09001681571662,4.05743938968086,136.365994964291,217.006051517527,3.40465630335585,1.8569395072759,4449.05686979909,12.0131911635228,158.561879322849,0,0,2.15630898160147,15.1724888530752,0,11.7620609712833,163.704643453715,0,1.48478462069184,0,31.2948277608976,27.9127330256117,3.08542451899964,4.77105352268982,514.23370939318,7.55817812376953,0,0,0,128.40741140885,2289.25508467633,0,0,3.87825934004921,4.36249515620701,2.50504621316894,9.04762583009296,3.05143714332869,0.972964585377727,0,4.66828027641099,0,158.352576284922,4.25966612726569,1132.87095755267,0,929.185856816281,3.59680618040592,16.5594584777761,2.69585235117486,11.0852734281114,0,8.85911943595387,0,5.93690250738706,4.06513238154843,8.00987399126726,0,3850.26310166645,0,3.71643323031048,2.01920418933051,0,0,3932.16446836953,0,2.16870275963628,1091.9497832046,"CC vs. WW","WW"
"LOC111133141",250.206610551176,7.51508251882023,5.60328244753719,0.000150194677559647,0.0172664067153858,0,167.438481554867,228.01084603728,150.449586050411,293.660268700538,0,1431.11261575903,59.8453278693998,0,0,0,1622.17196770262,965.372077653486,0,0,13.9459193082942,580.015558698887,0,0,1.85189556470052,0,2.11910152716045,0,0,44.6655576090141,0,0,901.106494724032,535.212040521593,0,0,1461.84888884959,645.709025039351,729.557936556498,0,0,0,0.842916047393067,0,557.093978730779,683.077113458655,0,0,7.44273179569026,409.861292610466,676.883775871083,0,0,1191.13318400257,0,0,1.84866817080692,0,127.41966209032,579.682618008168,0,361.66520912856,0,14.1781092576728,0,0.904762583009296,0,1.94592917075545,212.262524879082,0,0,614.407995985496,0,849.174000331362,2.7126285088467,446.891386476288,1.79840309020296,0,665.875530740189,335.883784871776,0,0,0,0,0,0,1.84125271311613,2194.59596706486,0,2.47762215354032,0,0,0,1357.98585275266,0,0,1885.0276804881,"CC vs. WW","WW"
"LOC111099090",2936.40901931069,11.0036537474665,2.306460097589,9.385655172095e-08,2.41434363392277e-05,0.944335098603166,2692.04983817256,3135.1491330126,963.052292101758,3870.76606145433,12.7868643507366,15111.1351312672,569.562430757047,24.2714176805313,5.9877447161491,6.05252382240037,13207.5989705231,12122.1803236293,0,6.01108159910508,19.3097344268688,6172.05675480746,0,9.13257611942276,12.0373211705534,4.29544239470401,18.0123629808638,0.946391354258981,1.78397456206291,477.921466416451,2.09001681571662,2.02871969484043,8534.32942884516,7593.12520646424,26.1023649923949,0,12474.7409752744,6207.81653375041,8911.52420128691,4.52278643078275,3.1585490377176,4.31261796320295,5.90041233175147,0,4459.95966465659,7607.39375859019,1.54953744464921,3.7119615517296,9.30341474461282,3951.22438245656,9026.28004215717,0,9.54210704537964,15833.150966561,10.7973973196708,8.07902948065263,21.2596839642796,0,995.65131307785,8005.84271028795,5.27364519410866,3883.64611331874,3.87825934004921,91.6123982803472,0,0,6.10287428665738,5.83778751226636,1704.82344642701,3.50121020730824,0,7231.43431701142,4.96961048180997,12758.6955896288,16.2757710530802,4843.83832666376,7.19361236081184,5.51981949259204,9273.7320880415,3185.90758323922,9.11959618494869,9.74503137954926,4.53416472579395,1.97896750246235,2.71008825436562,12.0148109869009,9.20626356558067,19891.7660046263,10.6195479533377,0,4.03840837866101,24.1452329931894,6.37131163586163,21331.2141080944,3.31627351402381,0,33640.1655596052,"CC vs. WW","WW"
"LOC144626326",1733.0164615702,7.72034821571917,4.81023281820834,9.48531864348003e-05,0.0120309178529967,14489.877752967,250.656409513274,1.900090383644,0.874706895641923,0,0,2868.77194979693,5955.64193900303,0,0,0,12555.1229992104,15.7226722744867,0,2.00369386636836,0,0,811.407846824553,29.2242435821528,2.77784334705078,74.4543348415361,0,0.946391354258981,0.594658187354303,0,0,29.4164355751862,0,199.269979999268,0,0,0,0,307.592716719189,0,2.1056993584784,755.786298051317,2.5287481421792,983.408033812846,0,149.088157431062,0,1.48478462069184,27.9102442338385,0,0,0,5.45263259735979,35.681522692588,4885.82228715102,447.809062641889,67.4763882344525,9380.28672952028,0,0,0,87.225138672182,0,258.477838005265,0,4.52381291504648,1.0171457144429,1.94592917075545,0,33.8450320039797,0,0,0,8.62592099659397,0,44.6891386476288,89.0209529650465,1224.01997248228,8555.2874364534,0,14553.8622227131,203.759747026939,0,1.97896750246235,898.394256322202,93.1147851484819,86.5388775164583,66806.6548891392,0,26.0150326121734,340.23590590219,10130.7825662578,1586.45659732955,59.9450461316962,0,0,0,"CC vs. WW","WW"
"LOC144626339",8.60022786968759,20.0108988748454,3.45758985213423,2.09518656331581e-09,6.54531719484413e-07,0,0,0,0,0,0,0,0,0,0,0,165.506100040293,0,0,0,8.58210418971948,46.5815604136412,13.2151115118005,0,0,0,1.05955076358023,0,11.2985055597318,0,0,0,0,80.3339709944691,2.2697708689039,0,0,0,0,0,0,264.14785024618,0,0,0,0,0,0,0,5.04755286466091,2.32606108546764,4.11389935866618,15.6763187174094,25.186957194768,0,0,0,6.69064674002873,0,0,0,0,0,15.2687330467245,0,0,0,0,5.76278348088004,0,6.42136347874334,0,0,0,1.35631425442335,0,1.79840309020296,0,0,18.8449648277894,0,5.31547166157232,6.80124708869093,0,0,0,0,46.4407611140693,0,0,0,0,0,0,0,14.0965679376358,17.0783934812059,"CC vs. WW","WW"
"LOC144626365",228.964802889857,3.2030812929924,1.6184486302705,6.48098634640292e-05,0.00890912731565578,91.6005045645071,17.0446358469026,95.954564374022,49.8582930515896,49.7141399768627,83.6958393866396,30.114904082761,92.8634397973446,22.0649251641193,115.763064512216,122.059230418408,39.2546519326336,41.927126065298,99.4316012039734,70.1292853228926,25.7463125691584,537.941891228501,47.5744014424819,107.764398209189,27.7784334705078,225.51072572196,27.5483198530859,88.9607873003442,29.1382511803609,35.7324460872113,43.890353130049,46.6605529813299,62.1828937037165,612.416116542252,37.4512193369144,48.2804271891735,128.134620592761,65.0714521357486,140.366253826785,23.3677298923775,57.9067323581561,278.16385862659,82.6057726445205,50.1947850591974,18.1777305919832,32.1562692498368,36.4141299492564,34.8924385862583,3037.56491411609,21.1997220315758,47.6842522520866,22.626446472664,52.481588749588,15.74184824673,143.605384351621,317.390443882782,78.568397259294,25.8067802829679,77.0444468453098,150.651979821332,57.1311562695105,72.3330418257119,25.2086857103198,22.9030995700868,40.0807394107031,16.2857264941673,45.7715571499303,21.40522087831,604.131801578925,543.85465220188,3330.54719097488,72.8421850910639,54.6657152999097,37.3789909852405,75.275441120496,30.1796780477493,89.0209529650465,42.0886236310143,101.094463169057,55.4263671405571,10.132884649943,55.8124524465094,68.0124708869093,114.780115142816,37.9412355611186,85.1049111572146,8.2856372090226,30.2404956091614,51.4639631584827,35.9255212263347,643.116534301766,3679.36204303909,29.7327876340209,97.9870946383496,2350.13249693821,58.5549745101797,406.679244771214,"CC vs. WW","WW"
"LOC144626533",38.7625331217171,22.957364297811,2.82118673078509,1.55386490241181e-16,1.30228916224391e-13,0,0,11.400542301864,0,45.0895688162243,6.97465328221997,130.934365577222,8.25452798198618,4.41298503282386,0,0,247.19821352172,14.6744941228543,0,205.378621302757,0,54.8460308096098,0.881007434120036,0,0,0,0,0,0,13.3996672827042,0,0,6.54556775828594,56.3381095285887,0,0,313.094159883181,20.021985272538,63.2514600577486,0,0,0,0,0,23.5241219425665,18.5142156286939,0,0,0,94.8939938556251,548.950416170363,0,0,77.659784683868,0,0,0,0,27.6569809188292,47.4881240741155,0,351.027997095367,0,13.087485468621,0,5.42857549805577,0,0,19.2092782696001,0,0,14.7795737865927,0,42.1711693166816,9.49419978096345,39.4657328316722,0,0,5.39170470234971,2.21705468562228,0,0,0,0,0,0,0,150.12246034548,1.6337766082058,0,0,3.71465122972145,0,478.407579704883,0,5.42175689909071,383.196453734556,"CC vs. WW","WW"
"LOC111137721",66.0816798157225,5.75715562860459,3.87055453011337,0.000134624255806161,0.0157552828382877,0,42.11027679823,22.801084603728,27.1159137648996,2.3122855803192,2.32488442740666,272.343480400621,14.4454239684758,3.3097387746179,0.997957452691516,0,1119.28804834942,64.9870454012119,0,12.0221631982102,2.14552604742987,46.5815604136412,0,0.913257611942276,7.40758225880209,0,2.11910152716045,0,1.18931637470861,58.0652248917183,1.04500840785831,0,566.191611091734,155.451450365921,0,0,413.373428173168,197.216554934499,62.3850017007932,1.50759547692758,5.26424839619601,0,1.68583209478613,0,51.3253569655996,234.83820876396,0,0,0,33.313848906762,273.312177542448,0,0,32.533153043242,0,0,3.69733634161384,1.91161335429392,40.4977220597141,57.313253192898,0,12.7646544398315,1.9391296700246,0,5.01009242633788,0,4.06858285777158,0,39.3790204526803,0,0,137.238899446932,0,80.5085959682104,0,26.117029079783,0,2.06993230972201,196.797221635764,68.7286952542908,0,2.65773583078616,0,15.8317400196988,0,0,1.84125271311613,1087.57782422948,0.816888304102899,0,2.01920418933051,0,0,137.181932493689,0,0,421.62283906727,"CC vs. WW","WW"
"LOC111136642",29.177506520194,17.1793323726521,2.77777743211182,1.39383756944401e-10,5.02962415162846e-08,0,0,0,3.49882758256769,11.561427901596,0,17.0214675250388,0,0,0,0,56.2296365521508,0,0,0,0,1.5026309810852,0,3.6530304477691,0,337.192227984264,0,1.89278270851796,0,73.6981700548733,0,0,0,43.8185296333468,0,0,38.9974932238838,111.122018262586,0,0,2.1056993584784,0,0,0,2.13855654023332,1.94886480302041,0,0,0,0,1.16303054273382,422.70315910295,0,3.148369649346,0,2.30829413732932,0,0,122.480915497672,22.9253012771592,0,0,78.5347516359964,0,0,4.52381291504648,0,1087.7744064523,0,0,0,2.11136768379895,0.709944354544282,3.83374266515287,4.06894276327005,18.5721095678457,0,5.51981949259204,8.08755705352457,8.86821874248914,0,7.0872955487631,2.26708236289698,0,0,10.0123424890841,0,89.6414691271571,0,0,42.4032879759406,0,0,19.5974189276699,0,0,9.6065963331783,"CC vs. WW","WW"
"LOC111136225",726.712385928523,10.2679238479998,2.89000543786862,3.98594883480038e-06,0.000809054192788662,0,16.0420102088495,19.00090383644,0.874706895641923,1060.18293857635,0,3.92803096731665,0,0,0,4.03501588160025,25.4624769292759,13.6263159712218,0,2.00369386636836,0,6.0105239243408,0,4.56628805971138,21.296798994056,82.3293125651601,8.47640610864181,0,0,55.8319470112676,0,7.1005189319415,12.0002075568576,1896.71635412915,4.5395417378078,1.8569395072759,8608.41807564932,12.0131911635228,589.191682729713,0.753797738463791,0,0,0,0,5.3463913505833,28.258539643796,2.32430616697382,2.22717693103776,0,5.04755286466091,4.65212217093528,38.0535690676622,1.36315814933995,5327.04144669343,0,0,0.924334085403459,0,173.843880061212,3348.73150798504,0,0,7.75651868009841,8.72499031241402,1.25252310658447,12.6666761621301,2.03429142888579,53.513052195775,0,0,0,342.041564775431,0,531.931794789961,0,3672.63466704149,0.89920154510148,7.58975180231405,9.43548322911199,11.0852734281114,6.07973078996579,0.885911943595387,5.66770590724244,1.97896750246235,18.9706177805593,3.00370274672522,0,13781.025856175,0,0,97.9314031825295,0,0,4559.28187405497,6.63254702804762,3.25305413945443,22317.1906815658,"CC vs. WW","WW"
"LOC111132872",13.7732164416751,3.36087313125145,2.43967394338007,0.000188495716305017,0.020336074595657,0,3.00787691415929,12.350587493686,1.74941379128385,2.3122855803192,0,2.61868731154444,17.5408719617206,2.20649251641193,30.936681033437,0,36.0718423164741,12.5781378195894,5.30301873087858,2.00369386636836,5.36381511857468,7.513154905426,14.0961189459206,0,0,4.29544239470401,3.17865229074068,1.89278270851796,7.73055643560594,2.2332778804507,2.09001681571662,3.04307954226064,0,53.2082145547782,7.94419804116366,1.8569395072759,108.078766934764,0,13.8633337112874,3.01519095385517,2.1056993584784,5.39077245400368,0,2.0487667371101,6.41566962069995,3.89772960604083,1.54953744464921,1.48478462069184,1.86068294892256,5.04755286466091,22.0975803119426,2.05694967933309,6.81579074669974,20.98913099564,0,4.61658827465864,0,0.955806677146961,32.5957275114772,108.076420306608,0,0,0.969564835012302,15.2687330467245,17.5353234921826,3.61905033203718,0,8.75668126839954,4.80231956740004,7.00242041461648,0,3.16705152569843,1.41988870908856,31.6283769875112,0,29.0189211997589,5.39520927060888,2.75990974629602,0,15.519382799356,14.1860385099202,17.7182388719077,0,1.97896750246235,0,3.00370274672522,1.84125271311613,355.325823407647,0,2.47762215354032,17.1632356093093,10.215290881734,12.7426232717233,68.0145715725015,8.84339603739682,0,10.6739959257537,"CC vs. WW","WW"
"LOC111134504",463.912834764147,7.56636422957482,1.29330433113976,8.41819249462086e-10,2.7685197367436e-07,106.709866142158,1045.73854048938,291.663873889354,54.2318275297992,1441.71005932902,316.184282127305,751.563258413253,740.84388638326,1924.06147431121,25.9468937699794,101.884151010406,392.546519326336,80.7097176756986,286.363011467443,702.29470016211,17.164208379439,0.7513154905426,132.151115118005,1282.21368716696,763.906920438965,373.703488339249,87.9427133771588,46.3731763586901,101.686550037586,906.710819462986,150.481210731597,4.05743938968086,1803.30391740778,0,1.13488543445195,6.49928827546566,5.57107046055483,285.313290133667,986.029610215314,0,942.300462919085,1618.30989069191,0,4.09753347422019,9.62350443104993,8.76989161359186,2.32430616697382,10.3934923448429,137.69053822027,58.5516132300665,1654.99246231023,492.639448200275,2836.05052970176,1108.22611656979,1.07973973196708,233.137707870262,3.69733634161384,331.664916969995,474.119672894214,108.076420306608,641.626831949887,1498.78317547688,338.378127419293,1665.38252588203,82.6665250345751,3.61905033203718,168.846188597521,342.48353405296,0,100.368025942836,585.414303812101,35.8932506245822,273.328576499548,1242.13262350953,16.9539281802919,1562.95909581902,1371.28235627976,1930.55686753407,483.905497035887,1131.80641701018,21.2790577648803,29.2350941386478,134.89140059237,367.098471706766,1037.96380142203,15.0185137336261,786.214908500589,77.7612744235579,289.178459652426,479.419886710052,125.190659738491,3.71465122972145,135.921314898381,83.0008331054255,105.015327944087,144.218733515813,115.27915599814,"CC vs. WW","WW"
"LOC111133997",254.854632864757,5.44085109046205,3.89291906284484,0.000160698228967087,0.0179961236499736,3.77734039441266,61.1601639212388,589.02801892964,10.4964827477031,669.406675502407,41.8479196933198,204.257610300466,2.06363199549655,0,0,7.06127779280044,624.891621305978,785.085435572705,41.098395164309,0,16.091445355724,66.8670786582914,0,0,0,0,8.47640610864181,53.9443071927619,0,0,4.18003363143324,0,176.730329473721,124.152500627816,9.07908347561561,1.8569395072759,1810.59789968032,685.752995584427,205.350630598444,5.27658416924654,2.1056993584784,0,0.842916047393067,7.17068357988534,65.2259744771162,68.2102681057145,0.774768722324605,7.42392310345921,1.86068294892256,446.203673236024,20.9345497692088,0,0,128.033699073404,0,0,2.77300225621038,0,31.6079781929476,2369.49363914638,11.4262312539021,3235.83990049729,2.9086945050369,5.45311894525876,0,0,2.03429142888579,11.6755750245327,291.020565784442,0,0,285.034637312859,0,53.6723973121402,12.2068282898102,305.859429445459,1.79840309020296,2.75990974629602,610.610557541105,84.2480780536468,0,0,9.06832945158791,0,11.5178750810539,0,0,3014.3294016132,3.2675532164116,0,8.07681675732202,0,2.12377054528721,5404.27646664215,0,0,716.225126618071,"CC vs. WW","WW"
"LOC111136687",111.212002330916,3.60002844872616,2.74453182241931,0.000215173035376998,0.0224156051121781,0,61.1601639212388,63.653027852074,14.8700172259127,107.521279484843,5.81221106851664,312.278461901674,25.7953999437068,8.82597006564773,8.98161707422365,0,1089.58182526526,207.539274023225,0,32.0591018618938,7.50934116600455,80.3907574880582,11.4530966435605,0.913257611942276,1.85189556470052,0.715907065784001,367.664114962338,2.83917406277694,620.228489410538,30.1492513860845,0,7.1005189319415,240.004151137151,169.014328585766,17.0232815167793,0,322.007872620069,155.17038586217,78.8477104829469,11.3069660769569,8.42279743391361,0,10.1149925687168,0,82.3344267989828,422.90366225543,0.774768722324605,0.742392310345921,1.86068294892256,634.982150374342,222.13883366216,8.22779871733236,1.36315814933995,198.347287908798,0,8.07902948065263,2.77300225621038,11.4696801257635,40.4977220597141,163.752151979709,0.878940865684777,71.2693206223926,0.969564835012302,39.2624564058631,3.75756931975341,3.61905033203718,3.05143714332869,655.778130544588,26.8929895774402,4.66828027641099,8.56181797165778,85.5103911938576,2.12983306363284,105.427923291704,44.7583703959706,182.238825134486,12.5888216314207,24.8391877166642,1006.90085316381,31.038765598712,0,4.42955971797694,3.40062354434547,7.91587000984941,19.6481398441507,4.00493699563363,4.60313178279033,730.091965421183,0,17.3433550747823,18.1728377039746,5.57197684458217,3.18565581793082,169.46003425691,0,701.575342742338,346.904867586994,"CC vs. WW","WW"
"LOC144617443",71.8398465350575,3.82244130226575,3.43682068724416,0.00031566258488558,0.0297146000648994,1.88867019720633,94.246809976991,59.852847084786,26.2412068692577,63.5878534587779,2.32488442740666,250.73931008038,0,6.6194775492358,15.9673192430643,0,501.822982814478,45.0716605201953,0,25.0461733296045,0,214.876230295184,1.76201486824007,37.4435620896333,0,18.613583710384,13.7741599265429,0,2.97329093677152,21.2161398642817,0,0,332.733027712869,193.010190051647,4.5395417378078,0,367.690650396619,153.168187334916,257.338132015772,6.03038190771033,0,0,0.842916047393067,87.0725863271791,93.0272095001494,258.224586400205,0,2.22717693103776,0,68.6467189593883,157.009123269066,0,1.36315814933995,369.408705523264,0,6.92488241198797,0,5.73484006288177,44.4487193338326,88.4261620690426,0,29.7841936929402,34.9043340604429,16.3593568357763,1.25252310658447,5.42857549805577,0,0,87.4022161266807,8.16949048371923,10.7022724645722,300.869894941351,14.1988870908856,352.704325194064,6.10341414490508,58.0378423995179,0,0,99.7465369934696,58.7519491689905,0,0.885911943595387,0,0,9.48530889027966,0,0,776.532726535252,1.6337766082058,7.43286646062097,8.07681675732202,13.9299421114554,0,491.088262540434,0,2.16870275963628,311.680681032007,"CC vs. WW","WW"
"LOC111108580",147.664654440554,22.6181197928003,3.09071710364814,9.44705947818976e-14,4.63101985477072e-11,0,243.638030046902,38.951852864702,71.7259654426377,20.8105702228728,1.16244221370333,1916.22444022264,68.099855851386,0,0,0,2678.86476026756,807.097176756986,0,0,2.14552604742987,163.035461447744,0.881007434120036,0,0,0,0,0,0,137.346589647718,0,0,855.28752041603,169.014328585766,0,0,539.279620581707,323.355062151489,634.247517291397,0,0,0,0,0,301.536472172898,585.633873307635,0,0,0,472.450948132261,301.224910568059,0,0,122.786416324494,0,0,0,0,177.79487733533,188.314974776665,0,296.778215726083,0,3.27187136715526,0,3.61905033203718,0,0,239.155514456522,0,4.28090898582889,181.57762080671,1.41988870908856,239.608916572055,0,135.228172790877,0,1.37995487314801,149.619805490204,307.062073958686,0,0,0,0,0,2.00246849781681,0,902.894797473534,0,0,11.1056230413178,0,0,29.9725230658481,4.42169801869841,0,250.838904255211,"CC vs. WW","WW"
"LOC111108576",212.323672972207,18.5688321934245,3.18434460689303,1.42284079191061e-09,4.56380575489254e-07,0,411.076511601769,1.900090383644,0,17.342141852394,5.81221106851664,5725.75980669191,451.935407013744,0,0,0,75.3264942491077,1473.73848119522,0,8.01477546547344,0,49.5868223758116,3.52402973648014,0,3.70379112940104,0,14.8337106901232,0,0,139.579867528169,0,0,2383.6775919758,10.4329832460349,0,0,140.390975605982,8.00879410901521,3163.43946124439,0,0,0,0,0,31.0090698333831,1724.74535067307,0,0,0,1.00951057293218,3.48909162820146,0,0,328.479900081766,0,2.30829413732932,0,0,10.8652425038257,1.63752151979709,0,1169.0296024479,0,19.6312282029315,0,0,0,0,6.72324739436005,0,0,28.5034637312859,0,72.8411106379046,0,54.5555718555468,0,0,1327.70728295362,394.635734040767,2.0265769299886,0,0,0,0,0,0,6.48010620196316,0,0,8.07681675732202,0,0,215.571608204369,2.21084900934921,0,34.1567869624117,"CC vs. WW","WW"
"LOC111108581",14.198469479027,21.6136753785021,2.79577313450721,4.24317043863122e-15,2.68882466258726e-12,0,17.0446358469026,0,0.874706895641923,0,0,235.681858038999,0,3.3097387746179,0,0,25.4624769292759,0,0,4.00738773273672,0,30.052619621704,0,1.82651522388455,0,0,0,0,0,8.93311152180282,0,0,42.5461904288586,0,6.80931260671171,0,67.9670596187689,21.0230845361649,117.838336545943,0,0,0,0,13.3169837912156,20.3162871322165,21.4375128332246,0,0.742392310345921,0,0,25.586671940144,0,0,18.890217896076,0,0,0,0,3.95099727411845,9.82512911878252,0,346.77311228209,0,0,5.01009242633788,0,2.03429142888579,0,33.6162369718003,2.33414013820549,0,16.8909414703916,0,8.62592099659397,0,33.6619485917204,0,0,2.69585235117486,0,2.0265769299886,3.54364777438155,0,0,0,0,0,138.242265641881,6.53510643282319,0,0,0,1.06188527264361,5.76394674343233,0,0,0,"CC vs. WW","WW"
"LOC111106020",21.0463099059691,21.7040876330693,2.76197783379028,1.55659299653236e-15,1.09302277413263e-12,0,10.026256380531,0,0,0,34.8732664110998,358.760161681588,12.3817919729793,0,0,0,496.518300120879,2.0963563032649,0,2.00369386636836,0,97.671013770538,0,0,0,0,4.2382030543209,0,0,11.1663894022535,0,0,2.18185591942865,27.1257564396909,0,0,241.78445798808,22.0241837997918,0,0,0,0,0,0,36.3554611839664,27.2841072422858,0,3.7119615517296,0,149.407564793963,9.30424434187056,0,0,4.197826199128,0,0,0,0,9.87749318529613,0,0,12.7646544398315,0,28.3562185153456,0,0,0,3.89185834151091,32.6557730583202,0,0,0,0,0,0,0,5.39520927060888,0,88.9631275887702,33.2558202843343,6.07973078996579,4.42955971797694,4.53416472579395,0,0,0,0,81.0013275245395,0,0,0,0,0,5.76394674343233,0,0,66.1787747396727,"CC vs. WW","WW"
"LOC144627805",33.3063173424047,1.66647179349991,1.89187878976699,0.000520523568074474,0.0408506699318478,25.4970476622855,13.0341332946902,9.50045191822,0.874706895641923,17.342141852394,4.64976885481331,7.2013901067472,1.03181599774827,20.9616789059134,337.309619009733,10.0875397040006,279.026309683315,4.1927126065298,1.32575468271965,8.01477546547344,12.8731562845792,4.5078929432556,10.5720892094404,14.6121217910764,0.925947782350261,226.226632787744,9.53595687222203,2.83917406277694,8.32521462296025,0,10.4500840785831,18.2584772535639,4.3637118388573,20.8659664920699,18.1581669512312,8.35622778274156,14.4847831974426,34.0373749633146,114.372503118121,12.0607638154207,6.31709807543521,10.7815449080074,15.1724888530752,15.3657505283257,4.27711308046664,0.974432401510207,1.54953744464921,10.3934923448429,30.7012686572223,2.01902114586436,15.1193970555397,55.5376413419934,2.04473722400992,11.544022047602,245.100919156526,121.185442209789,3.69733634161384,13.3812934800575,6.91424522970729,4.91256455939126,2.63682259705433,19.1469816597473,0,26.1749709372421,2.50504621316894,33.4762155713439,17.2914771455292,8.75668126839954,16.3278865291601,4.66828027641099,3.21068173937167,5.27841920949739,14.9088314454299,12.4596636617468,6.78157127211675,4.06264896796625,578.186593500252,238.732193054606,5.39170470234971,11.0852734281114,3.0398653949829,13.2886791539308,5.66770590724244,0,23.7132722256992,4.00493699563363,29.4600434098581,11.8801947035991,8.98577134513189,11.1492996909314,11.1056230413178,10.215290881734,14.8663938170105,28.8197337171616,2.21084900934921,5.42175689909071,6.4043975554522,"CC vs. WW","WW"
"LOC144627635",211.931124770355,25.0035379012643,2.80733128863289,1.79906933793591e-19,2.59675669271738e-16,0,151.396471346017,196.659354707154,0.874706895641923,181.514418055057,2.32488442740666,1741.42706217705,151.676951668996,0,0,0,3683.57166243524,963.275721350221,0,0,1.07276302371494,45.078929432556,0,0,5.55568669410156,0,6.35730458148136,0,3.56794912412582,17.8662230436056,0,0,1910.21485745978,526.865653924765,1.13488543445195,0,889.142845504551,43.0472683359567,630.781683863575,0,0,2.15630898160147,0,0,45.9789656150163,1365.1797945158,0,0,0,669.305509854036,347.746132277412,0,0,88.154350181688,0,3.46244120599398,0,0,102.72592912708,1165.91532209553,0,6.38232721991576,13.5739076901722,0,2.50504621316894,1.80952516601859,0,13.6215041952882,50.9045874144404,0,0,386.380286135209,0,408.293593838781,1.35631425442335,589.664478779102,1.79840309020296,2.06993230972201,428.640523836802,13.3023281137337,0,0,0,0,0.677522063591404,2.00246849781681,0,637.210443193044,1.6337766082058,0,6.05761256799152,0,0,336.614489816448,0,0,1649.13237052894,"CC vs. WW","WW"
"LOC111110133",101.57194291732,2.05011807685663,2.24281915299534,0.000513792782236188,0.0405740129947671,5.666010591619,43.1129024362831,108.305151867708,26.2412068692577,84.3984236816507,202.264945184379,267.760777605419,31.9862959301965,2.20649251641193,30.936681033437,6.05252382240037,424.374615487931,89.0951428887582,1.32575468271965,294.542998356149,23.6007865217286,296.769618764327,30.8352601942013,14.6121217910764,6.48163447645182,34.363539157632,21.1910152716045,10.4103048968488,7.73055643560594,18.982861983831,14.6301177100163,20.2871969484043,309.823540558868,191.966891727043,2.2697708689039,0,1321.45791324361,73.0802462447638,149.897295753295,4.52278643078275,38.9554381318505,34.5009437056236,5.0574962843584,5.12191684277524,329.337707195931,74.0568625147757,9.29722466789526,2.96956924138368,0,136.283927345844,731.546211379572,74.0501884559912,4.77105352268982,292.798377389178,1.07973973196708,10.387323617982,85.9630699425217,21.9835535743801,189.647869157686,242.353184929969,46.5838658812932,181.896325767599,3.87825934004921,25.0843471481903,5.01009242633788,38.0000284863904,0,3.89185834151091,80.6789687323206,3.50121020730824,21.4045449291445,321.98357177934,0.709944354544282,82.4254673007868,133.5969540607,59.1985992475082,37.7664648942622,2.75990974629602,177.92625517754,93.1162967961359,5.06644232497149,14.1745910975262,14.7360353588303,90.043021362037,2.03256619077421,43.0530727030615,8.2856372090226,650.170655596971,14.7039894738522,6.19405538385081,68.6529424372372,0.928662807430361,1.06188527264361,342.37843655988,4.42169801869841,9.75916241836328,288.197889995349,"CC vs. WW","WW"
"LOC111109534",464.145476388766,1.66792073408378,1.75034756763997,0.000406504870665859,0.0352265295326441,154.870956170919,421.1027679823,465.52214399278,218.676723910481,351.467408208518,206.914714039192,1421.94721016863,335.340199268189,240.507684288901,25.9468937699794,85.7440874840053,2463.49464290744,1771.42107625884,178.976882167152,683.259608431611,181.296951007824,1024.79432910011,378.833196671615,11.8723489552496,72.2239270233203,190.431279498544,91.1213656678994,112.620571156819,110.011764660546,254.59367837138,82.5556642208064,181.570412688218,999.290011098321,1621.28559643383,119.162970617455,44.5665481746217,3284.70314354313,577.634275112722,1007.6910691392,58.7962236001757,32.6383400564153,75.4708143560516,52.2607949383701,60.4386187447478,1278.85681105952,1143.98363937298,87.5488656226804,117.297985034655,42.795707825219,822.751116939728,1164.19357327655,112.103757523653,91.3315960057765,1059.95111527982,97.1765758770368,229.675266664268,34.200361159928,95.5806677146961,448.438190612444,959.587610601092,90.5309091655321,835.021144605645,95.0173538312056,155.959201834401,131.514926191369,300.381177559086,65.0973257243453,102.161281464661,605.092265492405,67.6900640079593,7.49159072520056,765.370785377121,105.071764472554,1003.48214260376,471.319203412114,434.703439572389,35.9680618040592,44.1585559407363,1261.65890034983,340.317894243021,17.2259039049031,69.1011316004402,137.158482955267,88.0640538595747,49.4591106421725,175.215993558971,119.681426352549,2708.6843924206,210.757182458548,118.925863369935,89.8545864252075,31.5745354526323,55.2180341774675,1917.08868686559,110.54245046746,184.339734569084,2263.95453585235,"CC vs. WW","WW"
"LOC111108121",115.891854110753,3.67170607649057,2.25759826387104,0.00012106140085918,0.0144820785411389,30.2187231553013,27.0708922274336,3.800180767288,190.686103249939,139.893277609311,6.97465328221997,22.2588421481277,34.049927925693,125.77007343548,27.9428086753625,76.6653017504047,5.30468269359914,31.4453445489735,18.560565558075,25.0461733296045,0,81.8933884691434,9.6910817753204,30.1375011940951,5.55568669410156,5.01134946048801,14.8337106901232,4.7319567712949,186.128012641897,0,19.8551597493079,14.201037863883,122.183931488004,0,5.67442717225976,13.9270463045693,27.8553523027741,15.0164889544035,149.030837396339,39.1974824001171,22.1098432640232,28.0320167608192,10.1149925687168,20.487667371101,18.1777305919832,97.4432401510207,10.0719933902199,8.90870772415105,1.86068294892256,435.09905693377,3.48909162820146,73.0217136163247,4148.77182751613,6.296739298692,61.5451647221233,19.6205001672992,33.2760270745245,6.69064674002873,8.88974386676652,9.82512911878252,19.3366990450651,21.2744240663859,0.969564835012302,3.27187136715526,11.2727079592602,19.9047768262045,19.325768574415,107.02610439155,96.0463913480007,0,21.4045449291445,124.570693344138,25.5579967635941,23.9608916572055,12.8849854170218,108.530765287098,1.79840309020296,3167.68641131126,4.04377852676228,4.43410937124457,14.1860385099202,10.6309433231446,2.26708236289698,0,8.13026476309685,0,0.920626356558067,14.0402301042535,19.6053192984696,0,0,28.7885470303412,20.1758201802285,2.30557869737293,43.1115556823095,170.243166631448,0,"CC vs. WW","WW"
"LOC111110645",252.426303958904,4.06637197241142,2.02012866681134,6.64193008827205e-05,0.00908231503281032,28.330052958095,211.554009629203,445.571194964518,83.9718619816246,754.961241974218,234.813327168072,659.254530681312,60.8771438671481,16.5486938730895,9.97957452691517,28.2451111712017,749.021196336198,1294.50001726608,27.8408483371126,2.00369386636836,16.091445355724,297.520934254869,13.2151115118005,31.0507588060374,5.55568669410156,12.170420118328,61.4539442876531,161.832921578286,85.6307789790197,45.7821965492395,4.18003363143324,18.2584772535639,183.275897232006,719.875843976411,22.697708689039,0.928469753637951,1952.10308937841,300.32977908807,293.729383007901,29.3981118000879,12.6341961508704,12.9378538896088,45.5174665592256,0,568.856039702063,696.719167079798,1.54953744464921,285.078647172833,36.28331750399,180.70239255486,174.454581410073,37.0250942279956,2.7263162986799,691.591866306338,0,18.4663530986346,76.7197290884871,15.2929068343514,81.9831934379579,1300.19208671889,5.27364519410866,497.821523153429,398.491147190056,41.4437039839666,18.7878465987671,217.143019922231,6.10287428665738,127.458360684482,158.476545724201,2.33414013820549,21.4045449291445,240.695915953081,23.4281636999613,860.67522832682,37.2986419966421,395.237706740717,16.1856278118266,11.7296164217581,75.483865832896,185.124066249461,12.1594615799316,27.463270251457,187.034294939001,7.91587000984941,20.3256619077421,8.00987399126726,3.68250542623227,1464.50400164367,52.2808514625856,28.4926547657137,11.1056230413178,27.8598842229108,47.7848372689622,2664.09618481442,2.21084900934921,99.760326943269,2116.65339207695,"CC vs. WW","WW"
"LOC111106004",15.2523393653897,23.430918641812,3.00004426907084,2.1151354025482e-15,1.4378711979674e-12,0,0,6.650316342754,24.4917930779739,53.1825683473415,0,60.8844799934081,0,0,1.99591490538303,0,68.9608750167888,84.9024302822284,21.2120749235143,3.00554079955254,0,7.513154905426,0,7.30606089553821,0,0,2.11910152716045,0,0,8.93311152180282,0,0,90.5470206562889,23.9958614658804,0,0,153.761544711313,0,20.7950005669311,0,0,0,0,0,41.7018525345497,0,0,0,0,13.1236374481184,2.32606108546764,0,0,77.659784683868,0,0,0,0,9.87749318529613,145.739415261941,0,0,0,2.18124757810351,0,0,0,0,13.4464947887201,2.33414013820549,0,114.013854925144,6.38949919089853,17.2518419931879,0,95.1820615352093,0,0,9.43548322911199,3.32558202843343,0,0,0,0,0,0,0,103.681699231411,0,0,0,0,0,38.0420485066534,0,0,67.2461743322481,"CC vs. WW","WW"
"LOC111106292",745.255983309149,6.30002943571795,2.13277103656455,1.64433345173704e-05,0.00273855303907564,1.88867019720633,778.037495129202,1105.85260328081,282.530327292341,573.446823919161,20.9239598466599,2383.66012533332,142.390607689262,2.20649251641193,5.9877447161491,17.1488174968011,3640.07326434773,5278.62517162102,6.62877341359823,7266.39580638486,12.8731562845792,987.228554572976,3.52402973648014,18.2651522388455,3.70379112940104,9.30679185519201,31.7865229074068,16.0886530224027,20.2183783700463,219.977871224394,0,6.08615908452129,2599.68132799923,1081.90036261382,15.8883960823273,7.42775802910361,6842.38873965344,1456.59942857714,1273.69378472453,22.6139321539137,10.528496792392,10.7815449080074,1.68583209478613,59.4142353761928,1888.34542502602,2133.03252690584,10.8467621125445,20.0445923793399,18.6068294892256,696.562295323205,4953.34708150334,6.17084903799927,4.08947444801985,1654.99297900621,1.07973973196708,15.0039118926406,1.84866817080692,3.82322670858784,392.136479456256,836.773496616311,7.03152692547822,1731.73811900381,9.69564835012302,21.812475781035,46.3433549436254,12.6666761621301,16.2743314310863,35.0267250735982,590.685306790205,2.33414013820549,1.07022724645722,1476.90169481737,10.6491653181642,2413.34100771373,40.6894276327005,765.519141249641,7.19361236081184,0,885.58749736094,798.139686824022,4.0531538599772,4.42955971797694,15.8695765402788,15.8317400196988,10.1628309538711,16.0197479825345,7.36501085246453,5285.60662540129,54.7315163748943,17.3433550747823,93.8929948038685,22.2879073783287,14.8663938170105,2302.12032932687,11.054245046746,73.7358938276336,2887.31589791637,"CC vs. WW","WW"
"LOC111109479",74.7216693938318,1.71846324105168,1.15474468346656,9.83371665704783e-05,0.0122831630993635,115.208882029586,59.1549126451326,92.154383606734,38.4871034082446,132.956420868354,102.294914805893,46.4816997799137,6.19089598648964,22.0649251641193,48.8999151818843,83.7265795432052,44.5593346262327,53.4570857332549,332.764425362631,40.0738773273672,115.858406561213,37.56577452713,185.892568599328,23.7446979104992,3.70379112940104,68.7270783152641,28.6078706166661,85.1752218833083,49.3566295504072,23.4494177447324,104.500840785831,34.4882348122873,56.7282539051449,113.719517381781,158.883960823273,25.0686833482247,43.4543495923277,32.0351764360608,98.7762526929225,10.5531683384931,43.1668368488073,73.3145053744501,19.3870690900405,61.4630021133029,24.5934002126832,82.8267541283676,30.9907488929842,33.4076539655664,37.2136589784513,34.3233594796942,54.6624355084895,116.21765688232,75.6552772883671,52.4728274891,136.047206227851,118.87714807246,32.3516929891211,34.4090403772906,39.5099727411845,137.551807662955,60.6469197322496,51.0586177593261,20.3608615352583,41.4437039839666,93.9392329938353,36.1905033203718,30.5143714332869,85.62088351324,42.2604121931203,37.3462422112879,65.2838620338906,42.2273536759791,205.173918463297,47.9217833144109,73.9191268660726,38.3049759836818,57.5488988864947,321.529485443486,132.096765207568,48.7752030836902,23.3056346948689,55.8124524465094,121.288906414988,10.8843212635429,56.2343312780866,64.0789919301381,61.6819658893905,47.5207788143965,20.4222076025725,169.717117517512,35.3360733132839,157.872677263161,48.8467225416058,500.310577329926,43.1115556823095,65.0610827890885,103.537760479811,"CC vs. WW","WW"
"LOC111115404",32.8718923259291,24.063123822572,2.84578280935913,1.00734614361241e-17,1.00661000604593e-14,0,50.1312819026548,4.75022595911,0,82.0861381013315,0,4.58270279520276,11.349975975231,0,0,0,130.495194262539,27.2526319424437,0,0,0,45.078929432556,0,0.913257611942276,0,0,4.2382030543209,0,0,16.7495841033803,0,0,30.5459828720011,4.17319329841398,0,0,296.380948501517,180.197867452842,71.0495852703478,0,0,0,0,0,74.8494789081661,5.84659440906124,0,0,0,48.4565075007447,53.4994049657557,0,0,28.335326844114,0,6.92488241198797,0,0,4.93874659264807,9.82512911878252,0,46.8037329460489,0,26.1749709372421,0,0,0,0,229.550875321722,0,0,61.2296628301697,0,5.75061399772931,0,22.0543801118168,0,0,32.3502282140983,161.844992050427,0,0,0,0,0,0,3.68250542623227,886.694531968626,0,0,4.03840837866101,3.71465122972145,0,327.392175026956,0,0,20.280592258932,"CC vs. WW","WW"
"LOC144627704",28.053754015916,22.9045027264419,3.0432831563298,1.9616639243887e-14,1.10795631346832e-11,0,28.0735178654867,0,1.74941379128385,11.561427901596,0,7.2013901067472,24.7635839459586,0,0,0,56.2296365521508,127.877734499159,0,0,0,18.0315717730224,0,7.30606089553821,0,0,0,0,0,4.46655576090141,0,0,31.6369108317154,1.04329832460349,0,0,123.677764224317,219.240738734291,38.9906260629957,0,0,3.23446347240221,0,0,36.3554611839664,2.92329720453062,0,0,0,20.1902114586436,15.1193970555397,0,0,20.98913099564,0,35.7785591286045,0,0,0,0,0,0,0,33.8093374606043,0,0.904762583009296,0,0,68.1929378570805,0,0,22.169360679889,0,18.2102776594762,0,18.5721095678457,0,0,26.9585235117486,125.263589737659,0,0,0,0,0,0,0,452.527416437094,0,0,0,0.928662807430361,0,969.495842245317,0,0,7.47179714802756,"CC vs. WW","WW"
"LOC111107536",56.4357060779385,5.69399537801459,2.17106316390515,2.72238142070275e-05,0.00423534081983702,17.9423668734602,22.0577640371681,54.152575933854,54.2318275297992,63.5878534587779,23.2488442740666,332.573288566143,0,6.6194775492358,15.9673192430643,0,404.216821252254,270.429963121172,54.3559419915055,4.00738773273672,0,145.755205165264,0.881007434120036,0,10.1854256058529,0,141.97980231975,0,8.32521462296025,3.34991682067606,2.09001681571662,2.02871969484043,102.547228213146,82.4205676436761,4.5395417378078,0.928469753637951,470.198346870828,124.136308689736,78.8477104829469,0.753797738463791,0,7.54708143560516,2.5287481421792,2.0487667371101,259.834619638348,136.420536211429,0,11.1358846551888,2.79102442338385,39.3709123443551,54.6624355084895,5.14237419833273,31.3526374348188,96.550002579944,0,1.15414706866466,0,0,44.4487193338326,86.7886405492456,17.5788173136955,48.9311753526875,2.9086945050369,49.0780705073289,7.51513863950682,4.52381291504648,5.08572857221448,2.91889375613318,43.2208761066003,43.1815925568016,17.1236359433156,117.180906450842,43.3066056272012,250.151708901225,1.35631425442335,142.192713878819,53.9520927060888,31.7389620824042,51.2211946723223,74.2713319683465,2.0265769299886,3.54364777438155,3.40062354434547,3.9579350049247,1.35504412718281,6.00740549345044,0,352.085770306665,0,0,6.05761256799152,4.64331403715181,0,217.877186901742,19.8976410841428,0,279.658693254746,"CC vs. WW","WW"
"LOC111107102",40.9206089177866,22.779985483878,3.60382909912333,8.84255061407261e-11,3.28928823575814e-08,0,336.88221438584,69.353299003006,11.371189643345,4.62457116063839,0,165.631972455186,0,0,0,0,12.7312384646379,335.417008522384,0,0,0,99.1736447516232,0,0,0,0,0,0,0,0,0,0,672.011623184024,4.17319329841398,0,0,266.297168014521,36.0395734905684,86.6458356955461,0,0,0,0,0,272.665958879748,321.562692498368,0,0,0,0,55.8254660512233,0,0,0,0,1.15414706866466,0,0,0,13.1001721583767,0,0,0,5.45311894525876,0,0,0,0,0,0,0,300.869894941351,0,2.87530699886466,1.35631425442335,2.32151369598072,0,0,63.3525302526091,131.914753794526,0,0,0,0,0,1.00123424890841,0,352.085770306665,0,0,0,0,0,14.9862615329241,0,0,123.818352738742,"CC vs. WW","WW"
"LOC111107984",148.42750191362,-4.31035286761744,1.75397236159398,3.56217520854284e-05,0.00530020273051233,34.9403986483171,519.360080511503,38.951852864702,230.047913553826,304.065553811974,0,9.82007741829164,6.19089598648964,1.10324625820597,28.940766128054,311.704976853619,380.876217400418,51.36072942999,47.7271685779072,210.387855968678,48.2743360671721,205.10912891813,191.178613204048,13.6988641791341,50.9271280292643,4.29544239470401,45.5606828339497,40.6948282331362,27.9489348056523,31.2658903263099,0,26.3733560329256,357.824370786298,220.135946491337,6.80931260671171,561.724200950961,230.64231706697,290.318786451801,0,5.27658416924654,340.070446394262,10.7815449080074,0,3.07315010566514,249.141836937182,271.866640021348,32.5402863376334,296.956924138368,52.0991225698318,31.2948277608976,1.16303054273382,8.22779871733236,3.40789537334987,268.660876744192,587.378414190089,13.8497648239759,217.218510069813,23.895166928674,190.635618476215,37.662994955333,233.798270272151,402.086614854693,63.0217142757996,49.0780705073289,22.5454159185205,300.381177559086,278.697925757353,48.6482292688863,270.850823601362,346.619810523516,94.1799976882356,212.192452221795,38.3369951453912,238.650480905766,267.872065248612,274.51899454972,8.09281390591332,6.89977436574005,14.8271879314617,17.7364374849783,324.252308798176,330.44515496108,338.928813253098,91.0325051132682,2.71008825436562,511.630701192196,483.328837192985,1.08001770032719,12.2533245615435,569.853095314274,376.581581310139,0,1.06188527264361,215.571608204369,26.5301881121905,6.50610827890885,1.06739959257537,"CC vs. WW","CC"
"LOC144627682",129.064851118492,-25.1011131623516,3.15374594460951,5.75241304404889e-16,4.52889222113437e-13,0,216.567137819469,0,312.270361744167,291.347983120219,0,0,0,0,0,284.468619652818,409.521503945853,0,0,323.59655941849,0,359.128804479363,279.279356616051,0,0,0,0,0,0,0,0,0,249.82250277458,294.210127538186,0,610.004628140134,414.487642265279,251.275915170352,0,0,426.404120091877,0,0,0,144.352566465749,662.614033026941,0,357.090701276388,0,0,0,0,0,220.38587545422,159.801480331127,1.15414706866466,247.721534888127,0,332.87152034448,0,310.266125586726,121.264217178399,0,0,0,307.619278223161,370.241040057214,0,400.513451921163,331.44789962518,0,194.245826909504,0,234.816738240614,174.286381693401,210.67736791025,0,0,0,0,233.056346948689,319.814211637935,302.655495446746,0,0,224.276471755483,290.917928672349,0,0,372.882134107818,393.744816919449,0,0,232.863448434666,0,0,0,"CC vs. WW","CC"
"LOC111106537",377.50877329964,3.86712563688035,4.39413978669483,0.000509411435860392,0.0405673709581633,5.666010591619,20.0525127610619,149.157095116054,0,200.01270269761,1.16244221370333,79.8699630021053,82.5452798198618,6.6194775492358,0,0,621.708811689819,404.596766530126,0,2223.0983447357,0,47.3328759041838,0,0,0,0,2.11910152716045,3.78556541703592,0,2.2332778804507,8.36006726286648,0,79.6377410591457,63.6411978008132,11.3488543445195,0,7565.51368543346,48.0527646540912,332.720009070897,12.0607638154207,8.42279743391361,6.46892694480442,0.842916047393067,0,60.9488613966496,19.4886480302041,0,4.45435386207552,0,468.412905840532,4346.24513819628,2.05694967933309,1.36315814933995,448.117946756914,0,0,0,1.91161335429392,102.72592912708,5791.91361552229,0,441.444299377507,1.9391296700246,15.2687330467245,0,0,0,0,165.199793118561,0,0,244.918651320679,0,560.684864778608,94.2638406824229,300.055645205507,0,0,62.0046040770217,49.8837304265014,0,8.85911943595387,0,2.96845125369353,2.03256619077421,0,0,2909.56768468146,0,0,0,11.1439536891643,0,684.75687311976,0,0,5941.14613227449,"CC vs. WW","WW"
"LOC111100026",15.553668321312,20.0804141469244,3.97754328367942,8.86926592770551e-08,2.32759998048199e-05,0.944335098603166,218.572389095575,0,0,0,19.7615176329566,0,0,0,0,75.6565477800047,0,10.4817815163245,0,0,0,0,0,144.29470268688,0,0,3.17865229074068,0,74.9269316066422,8.93311152180282,0,0,0,0,0,0,0,0,0,0,0,0,0,0,0,38.9772960604083,0,5.19674617242144,0,73.6942718240493,1.16303054273382,0,92.0131750804465,0,0,16.1580589613053,1.84866817080692,0,44.4487193338326,93.3387266284339,0,0,0,1.09062378905175,0,10.8571509961115,0,0,0,84.0290449753978,0,0,0,0,0,0,0,132.475667822209,0,0,0,174.524652888291,0,0,0,0,0,0,0,0,0,0,0,0,14.3705185607698,90.0011645249058,0,"CC vs. WW","WW"
"LOC111106289",111.497246979704,3.66937988997376,3.46703264124345,0.000357381740392708,0.032240052073413,0,18.0472614849557,26.601265371016,0,91.3352804226082,6.97465328221997,92.3087277319414,11.349975975231,55.1623129102983,0,0,55.168700013431,82.8060739789635,511.741307529783,83.153295454287,4.29105209485974,0.7513154905426,0,1.82651522388455,0,32.9317250260641,2.11910152716045,0,0,0,0,1.01435984742021,6.54556775828594,63.6411978008132,0,0,1884.13602975964,190.208860089111,142.965628897651,15.0759547692758,0,2.15630898160147,0,0,12.8313392413999,31.1818368483266,0,0,0,20.1902114586436,6.97818325640292,61.7084903799927,0,12.593478597384,10.7973973196708,1361.8935410243,0,0,35.5589754670661,345.517040677185,0,23.4018664730244,0,101.428012381813,0,0,2.03429142888579,0,1.92092782696001,0,0,8.44547073519582,340.773290181255,121.721329618604,8.1378855265401,14.5094605998795,1.79840309020296,66.2378339111045,63.3525302526091,6.65116405686685,4.0531538599772,0,3.40062354434547,0,0,16.0197479825345,47.8725705410195,736.572071623146,8.98577134513189,73.0898535294395,6.05761256799152,69.6497105572771,0,1488.25104915423,4.42169801869841,29.2774872550898,1728.11994037952,"CC vs. WW","WW"
"LOC144618090",118.362797583503,1.46190742505408,1.46935910448623,0.000320235169686306,0.0300362091827433,41.5507443385393,49.1286562646017,105.455016292242,27.9906206605415,141.049420399471,45.3352463344298,494.931901881898,26.8272159414551,63.988282975946,73.8488514991722,59.5164842536037,86.9967961750258,37.7344134587682,7.95452809631787,12.0221631982102,53.6381511857468,18.0315717730224,59.0274980860424,597.270478210248,176.8560264289,27.920375565576,47.6797843611102,76.6576996949774,47.5726549883443,66.9983364135212,30.305243827891,21.3015567958245,74.183101260574,87.6370592666936,81.7117512805405,51.0658364500873,98.050840105765,48.0527646540912,27.7266674225747,29.3981118000879,76.8580265844617,10.7815449080074,24.4445653743989,51.2191684277524,227.756271534848,37.0284312573879,72.8282598985129,31.1804770345287,69.7756105845962,83.7893775533711,18.6084886837411,39.0820439073287,62.7052748696376,316.935878034164,65.8641236499916,50.7824710212451,415.950338431557,36.3206537315845,73.0934495711914,29.4753873563476,40.4312798214997,22.3381452697052,101.804307676292,303.193413356387,82.6665250345751,18.0952516601859,60.0115971521309,62.2697334641745,37.4580926257203,44.3486626259044,158.393632475669,53.8398759368733,80.2237120635038,28.7530699886466,42.0457418871239,92.2801694152334,458.592788001755,196.643569423591,62.0046040770217,4.43410937124457,28.3720770198404,42.5237732925786,15.8695765402788,196.907266495004,357.731649576262,5.00617124454204,150.062096118965,14.0402301042535,811.170085974179,174.672361824593,903.593874725401,393.753030350473,375.907386515836,33.4308911119075,33.1627351402381,48.7958120918164,564.654384472369,"CC vs. WW","WW"
"LOC111110589",38.0823883855549,20.7840955198419,2.63691073988764,1.30179243911514e-15,9.66339124590013e-13,0,0,0.950045191822,5.24824137385154,5.78071395079799,9.29953770962662,26.1868731154444,0,0,0,0,471.055823191603,266.237250514642,0,740.364883623109,0,17.2802562824798,5.28604460472022,0,0,0,0,0,0,0,4.18003363143324,0,6.54556775828594,30.2556514135014,0,0,139.276761513871,20.021985272538,49.3881263464613,0,0,0,0,0,73.7802006380495,82.8267541283676,0,0,0,68.6467189593883,1143.25902350734,4.11389935866618,0,1.049456549782,0,0,0,0,8.88974386676652,4.91256455939126,2.63682259705433,0,0,18.5406044138798,0,0,0,0,2.88139174044002,1.16707006910275,0,21.1136768379895,0,67.0904966401753,1.35631425442335,7.54491951193732,0,0.689977436574005,1.34792617558743,6.65116405686685,0,1.77182388719077,0,0,0,0,0,35.6405841107974,0,0,0,4.64331403715181,2.12377054528721,93.3759372436037,0,0,50.1677808510422,"CC vs. WW","WW"
"LOC144627196",10.0934994485486,21.8479561317196,3.37972946246177,3.58630814651057e-11,1.37023341109546e-08,0,4.01050255221238,19.950949028262,6.99765516513539,20.8105702228728,0,58.2657926818637,0,0,0,0,0,50.3125512783576,0,0,0,12.7723633392242,0,0,0,0,0,0,0,0,0,0,13.0911355165719,25.0391597904839,0,0,56.8249186976592,20.021985272538,9.53104192651007,0,0,0,0,2.0487667371101,6.41566962069995,12.6676212196327,0,0,0,0,0,0,0,11.544022047602,0,0,0,0,0,183.402410217274,0,0,0,0,0,0,0,0,5.76278348088004,0,0,16.8909414703916,0,29.7115056549348,0,22.0543801118168,0,0,18.870966458224,21.0620195134117,0,0,1.13354118144849,0,0,0,0,126.362070938282,0,0,0,0,0,102.598252033095,0,0,70.4483731099742,"CC vs. WW","WW"
"LOC111110291",34.144546909961,-1.87855953880044,1.75309168409267,0.000303868476306776,0.0293487244718451,59.4931112119995,29.0761435035398,6.650316342754,10.4964827477031,19.6544274327132,13.9493065644399,13.7481083856083,52.6226158851619,4.41298503282386,5.9877447161491,2.01750794080012,24.401540390556,46.1198386718278,26.5150936543929,3.00554079955254,23.6007865217286,33.0578815838744,11.4530966435605,12.7856065671919,17.593007864655,26.488561434008,20.1314645080243,17.9814357309206,11.2985055597318,23.4494177447324,7.31505885500817,763.812965107422,6.54556775828594,26.0824581150874,7.94419804116366,22.2832740873108,15.5989972895535,6.00659558176141,1.73291671391092,27.8905163231603,6.31709807543521,8.62523592640589,10.1149925687168,15.3657505283257,3.20783481034998,27.2841072422858,1.54953744464921,857.463118449538,36.28331750399,11.104616302254,16.2824275982735,2.05694967933309,16.3578977920794,12.593478597384,2.15947946393415,2.30829413732932,4.6216704270173,9.55806677146961,13.8284904594146,3.27504303959417,4.39470432842389,29.7841936929402,4.84782417506151,39.2624564058631,12.5252310658447,5.42857549805577,2.03429142888579,54.4860167811527,24.9720617504802,16.3389809674385,23.5449994220589,9.50115457709529,51.8259378817326,11.5012279954586,6.10341414490508,1.16075684799036,6.29441081571036,13.1095712949061,2.69585235117486,4.43410937124457,18.2391923698974,15.946414984717,81.6149650642912,34.6319312930912,46.7490223878069,13.0160452358093,5.5237581393484,41.0406726124334,9.80265964923479,1.23881107677016,9.08641885198728,5.57197684458217,23.3614759981593,16.1390508816105,4.42169801869841,18.4339734569084,10.6739959257537,"CC vs. WW","CC"
"LOC111106471",52.7286223418193,5.03734296183259,4.24512840390515,0.000241127259952797,0.0247617681455874,343.737975891552,0,350.566675782318,0,10.4052851114364,0,314.897149213218,0,3.3097387746179,50.8958300872673,1.00875397040006,0,42.9753042169304,2.65150936543929,0,12.8731562845792,0,67.8375724272428,6.39280328359593,0.925947782350261,0,0,33.1236973990643,0,0,0,1.01435984742021,13.0911355165719,484.090422616022,164.558387995533,0,0,0,7.79812521259915,0,0,19.4067808344133,0.842916047393067,0,0,27.2841072422858,0,13.3630615862266,34.4226345550674,0,12.793335970072,0,216.060566670382,11.544022047602,0,26.5453825792872,0,0,0,6.55008607918834,0,32.9753573028981,0.969564835012302,18.5406044138798,85.171571247744,0,0,0,0.960463913480007,507.675480059695,233.309539727675,0,0,0,21.0228709435619,9.28605478392286,1.79840309020296,482.294228165229,0,0,1.0132884649943,3.54364777438155,182.500130213207,0,0,4.00493699563363,0,0,250.78470935959,34.6867101495645,3.02880628399576,0,133.797544353094,16.1390508816105,1.1054245046746,1.08435137981814,544.373792213437,"CC vs. WW","WW"
"LOC144627224",8.92822014241586,2.43374490661009,2.81628255721397,0.000615647025094779,0.0459630039051364,1.88867019720633,3.00787691415929,2.850135575466,18.3688448084804,0,44.1728041207265,0.654671827886109,0,1.10324625820597,0,11.0962936744007,18.0359211582371,10.4817815163245,0,18.0332447973152,8.58210418971948,16.5289407919372,0,23.7446979104992,0,13.602234249896,0,0.946391354258981,0,14.5163062229296,3.13502522357493,0,7.63649571800027,1.04329832460349,4.5395417378078,0,30.0837804869961,21.0230845361649,0,0,4.21139871695681,11.8596993988081,0,14.3413671597707,5.3463913505833,1.94886480302041,0,29.6956924138368,0,2.01902114586436,0,25.7118709916636,2.04473722400992,3.148369649346,0,0,4.6216704270173,0,29.6324795558884,3.27504303959417,36.0365754930759,0,0,6.54374273431051,5.01009242633788,8.14286324708366,0,0,21.1302060965602,7.00242041461648,0,9.50115457709529,4.96961048180997,62.2983183087342,6.78157127211675,0,1.79840309020296,7.58975180231405,0,1.10852734281114,59.7840194346636,0.885911943595387,0,1.97896750246235,1.35504412718281,16.0197479825345,45.1106914713453,22.6803717068711,0.816888304102899,14.8657329212419,8.07681675732202,9.28662807430361,13.8045085443669,17.291840230297,11.054245046746,4.33740551927257,3.2021987777261,"CC vs. WW","WW"
"LOC111107493",3128.12894391082,10.3124418779619,2.19834316352189,1.42741711833266e-07,3.56593501455776e-05,1.88867019720633,28.0735178654867,80.75384130487,67.3524309644281,1726.12118570828,9.29953770962662,5.89204645097498,0,29.7876489715611,0,42.3676667568026,963.330377157603,128.925912650791,9.28028277903752,1.00184693318418,4.29105209485974,28.5499886406188,0,8.21931850748048,281.488125834479,115.261037591224,74.1685534506158,17.0350443766617,6.54124006089734,896.661069000958,1.04500840785831,15.2153977113032,1.09092795971432,15702.6830836072,15.8883960823273,0,9234.60639541568,114.125316053467,4561.9032493705,19.5987412000586,2.1056993584784,99.1902131536678,21.9158172322197,3.07315010566514,0,122.778482590286,10.8467621125445,5.93913848276736,0,3.02853171879654,6.97818325640292,24.6833961519971,3.40789537334987,46448.9468933513,0,9.23317654931729,0,5.73484006288177,840.574670068701,21438.4317371835,12.3051721195869,0,0,19.6312282029315,2.50504621316894,68.7619563087065,0,20.4322562929323,0,67.6900640079593,26.7556811614306,3092.09797292357,48.2762161090112,9083.09480941345,1.35631425442335,2080.65665002272,7.19361236081184,322.909440316634,142.880174612267,21.0620195134117,17.2259039049031,9.74503137954926,27.2049883547637,57.3900575714082,81.3026476309685,45.0555412008783,2.7618790696742,52422.9791561817,0,0,187.785989607737,4.64331403715181,4.24754109057442,8067.21986210789,237.66626850504,6.50610827890885,108359.204439473,"CC vs. WW","WW"
"LOC111107498",2062.23256324029,9.98822919337171,2.31691126898811,6.27681493508807e-07,0.000146917052998669,0,33.0866460557522,47.5022595911,6.12294826949346,17194.1555752535,9.29953770962662,22.9135139760138,0,33.097387746179,0,18.1575714672011,218.552926976284,69.1797580077417,1.32575468271965,0,1.07276302371494,4.5078929432556,0,0.913257611942276,118.521316140833,34.363539157632,22.2505660351847,2.83917406277694,8.91987281031455,236.727455327775,4.18003363143324,1.01435984742021,15.2729914360005,4190.92936993224,1.13488543445195,0,12060.2533330091,14.0153896907766,10836.7946704419,8.2917751231017,0,50.6732610676346,13.4866567582891,5.12191684277524,0,84.775618931388,3.87384361162303,5.93913848276736,0,6.05706343759309,3.48909162820146,3.08542451899964,0.681579074669974,15165.6966008997,0,17.3122060299699,0,19.1161335429392,405.964969915671,11744.3043399847,7.910467791163,0,0.969564835012302,35.9905850387078,15.0302772790136,3.61905033203718,3.05143714332869,3.89185834151091,0,25.6755415202604,10.7022724645722,367.377976981018,12.7789983817971,11991.9470565982,0.678157127211675,37823.8422701898,5.39520927060888,125.575893456469,5.39170470234971,6.65116405686685,2.0265769299886,23.0337105334801,66.8789297054608,28.6950287857041,33.1985811159788,8.00987399126726,0,22420.0874410922,1.6337766082058,2.47762215354032,192.834000081063,6.50063965201253,12.7426232717233,11969.4118074116,169.129949215214,7.59045965872699,31589.690942268,"CC vs. WW","WW"
"LOC111106204",46.9979040948593,22.261057512363,2.24585134316301,1.53964700981305e-23,5.00019612024411e-20,1.88867019720633,90.2363074247786,8.550406726398,0,46.2457116063839,2.32488442740666,128.315678265677,48.4953518941688,2.20649251641193,1.99591490538303,0,51.9858903972715,209.63563032649,0,0,0,33.809197074417,5.28604460472022,0,0,0,0,3.78556541703592,0,0,1.04500840785831,0,151.638986400291,7.30308827222446,1.13488543445195,0,162.675257448201,0,245.207715018395,0,0,15.0941628712103,0,0,8.55422616093327,1381.74514534147,0,0,0,23.2187431774402,3.48909162820146,2.05694967933309,17.7210559414193,18.890217896076,21.5947946393415,20.7746472359639,0.924334085403459,7.64645341717569,7.90199454823691,157.20206590052,0,0,15.5130373601968,3.27187136715526,0,0,0,0,7.68371130784006,0,2.14045449291445,71.7865012491644,0,18.2102776594762,12.2068282898102,73.7080598473877,3.59680618040592,4.13986461944403,334.285691545682,341.426421585832,0,2.65773583078616,0,0,11.5178750810539,1.00123424890841,0.920626356558067,96.1215753291202,0,0,0,0,4.24754109057442,312.405913494032,1.1054245046746,0,115.27915599814,"CC vs. WW","WW"
"LOC111105736",87.948647581394,3.45019249944392,3.9489356188194,0.000546276651307703,0.041874599655496,0,18.0472614849557,19.950949028262,0,124.863421337237,0,65.4671827886109,0,1.10324625820597,0,0,207.943561589086,20.963563032649,0,13.0240101313943,0,9.7671013770538,0,0.913257611942276,0.925947782350261,4.29544239470401,6.35730458148136,7.57113083407185,2.37863274941721,24.5660566849578,1.04500840785831,0,8.72742367771459,150.234958742903,0,0,2467.98421402579,10.010992636269,216.614589238865,3.01519095385517,0,0,3.37166418957227,0,0,91.5966457419595,0,0,0,75.7132929699136,139.563665128058,0,0,328.479900081766,0,8.07902948065263,0,0,85.9341907120764,838.411018136108,0,134.028871618231,0,9.81561410146577,0,1.80952516601859,0,7.78371668302181,35.5371647987603,0,0,68.619449723466,0.709944354544282,33.5452483200876,0,56.8770855515275,0,0.689977436574005,57.9608255502594,5.54263671405571,0,0,0,0,0,1.00123424890841,1.84125271311613,1089.73785963014,0,0,3.02880628399576,0,0,432.296005757425,2.21084900934921,6.50610827890885,1184.81354775866,"CC vs. WW","WW"
"LOC144627502",419.53475088254,5.36934496141139,2.56916689236179,5.73499450372222e-05,0.00809787457615255,19.8310370706665,2.00525127610619,33.25158171377,3405.23394473401,1654.44033271838,48.8225729755398,1.30934365577222,0,2081.82568923466,5.9877447161491,2669.16300567857,10.6093653871983,34.5898790038708,2036.35919265738,28.051714129157,1571.59782974238,5.2592084337982,9.6910817753204,396.353803582948,3.70379112940104,100.22698920976,0,8.51752218833083,3.56794912412582,70.3482532341972,1.04500840785831,9.12923862678193,1587.30018138434,13.5628782198454,28.3721358612988,2.78540926091385,14.4847831974426,11.0120918998959,2217.26693544902,30.9057072770154,9.47564711315282,1341.22418655612,5.90041233175147,5.12191684277524,3.20783481034998,3196.13827695348,1.54953744464921,28.9533001034909,39.0743419273738,0,1399.12574290879,2.05694967933309,44.3026398535483,107.044568077764,0,5.77073534332331,4.6216704270173,24.850973605821,5.92649591117768,713.95938263153,18.4577581793803,4.25488481327717,40.7217230705167,7.63436652336227,450.908318370409,4.52381291504648,43.7372657210445,30.1619021467095,2.88139174044002,24.5084714511577,0,1998.40951271571,2.83977741817713,34.5036839863759,3.39078563605838,1162.49798326234,4163.30315381985,17.9394133509241,0,29.9302382559008,306.013116428278,113.39672878021,145.093271225407,1654.41683205853,44.7164561970327,8.00987399126726,0,5.40008850163597,0.816888304102899,6.19405538385081,2.01920418933051,743.858908751719,397.145091968708,50.7227313422045,716.315079029143,1296.8842502625,10.6739959257537,"CC vs. WW","WW"
"LOC111111053",6.68785252109835,2.05964659620682,2.07860439748919,0.000406757201793358,0.0352265295326441,2.8330052958095,0,4.75022595911,1.74941379128385,1.1561427901596,5.81221106851664,13.7481083856083,0,1.10324625820597,10.9775319796067,2.01750794080012,6.36561923231896,23.0599193359139,0,5.0092346659209,10.7276302371494,0,7.92906690708032,0.913257611942276,19.4449034293555,20.045397841952,5.29775381790113,3.78556541703592,0.594658187354303,4.46655576090141,1.04500840785831,1.01435984742021,6.54556775828594,5.21649162301747,5.67442717225976,2.78540926091385,27.8553523027741,1.0010992636269,0,0.753797738463791,26.32124198098,28.0320167608192,1.68583209478613,10.2438336855505,16.0391740517499,8.76989161359186,2.32430616697382,3.7119615517296,1.86068294892256,9.08559515638963,0,3.08542451899964,6.13421167202977,2.098913099564,0,0,11.0920090248415,0.955806677146961,24.6937329632403,8.18760759898543,0.878940865684777,0,0.969564835012302,0,7.51513863950682,0.904762583009296,3.05143714332869,0,3.84185565392003,0,2.14045449291445,2.11136768379895,0,0,2.7126285088467,8.1252979359325,67.440115882611,0,2.69585235117486,4.43410937124457,0,1.77182388719077,0,0,9.48530889027966,2.00246849781681,0.920626356558067,7.56012390229036,8.16888304102899,1.23881107677016,1.00960209466525,80.7936642464414,3.18565581793082,10.3751041381782,1.1054245046746,2.16870275963628,10.6739959257537,"CC vs. WW","WW"
"LOC144619055",43.9937080162395,2.75841173339695,2.52635018865996,0.000340726288435764,0.0313915237583319,33.996063549714,5.01312819026548,5.700271150932,2.62412068692577,48.5579971867031,51.1474574029464,0,0,48.5428353610625,3.99182981076607,0,50.9249538585517,1.04817815163245,33.1438670679911,39.072030394183,8.58210418971948,15.7776253013946,59.0274980860424,14.6121217910764,9.25947782350261,29.352189697144,74.1685534506158,9.46391354258981,4.16260731148012,17.8662230436056,49.1153951693405,3.04307954226064,0,0,82.8466367149924,0.928469753637951,0,14.0153896907766,0,0,16.8455948678272,4.31261796320295,3.37166418957227,24.5852008453212,45.9789656150163,0,12.3962995571937,23.0141616207235,19.5371709636869,2.01902114586436,34.8909162820146,25.7118709916636,2.04473722400992,61.917936437138,44.2693290106501,19.6205001672992,0,37.2764604087315,38.5222234226549,0,16.6998764480108,23.4018664730244,7.75651868009841,658.736768587258,7.51513863950682,14.4762013281487,3.05143714332869,5.83778751226636,29.7743813178802,0,1.07022724645722,35.8932506245822,24.1381080545056,11.5012279954586,26.4481279612553,25.5366506557879,36.8672633491607,1.37995487314801,0,19.9534921706006,1.0132884649943,8.85911943595387,72.5466356127033,4.94741875615588,952.596021409515,51.0629466943288,1.84125271311613,18.3603009055623,35.1261970764247,0,22.2112460826356,708.569722069366,5.30942636321803,76.0840970133067,4.42169801869841,0,2.13479918515073,"CC vs. WW","WW"
"LOC111133694",3149.53923140829,10.1880664572813,2.17416504591019,1.48608779519153e-07,3.67714733398773e-05,12.2763562818412,145.380717517699,1680.62994433312,14.8700172259127,10612.234670875,51.1474574029464,342.393365984435,0,8.82597006564773,6.98570216884062,14.1225555856009,361.779359703461,4740.90977983357,2.65150936543929,12.0221631982102,0,16.5289407919372,0,14.6121217910764,69.4460836762696,31.499910894496,23.310116798765,6.62473947981287,2.37863274941721,200.995009240563,12.5401008942997,0,2618.22710331438,7916.54768709132,14.7535106478754,3.71387901455181,20711.0115441586,5918.49884656224,3928.52219043606,15.0759547692758,3.1585490377176,47.4387975952324,8.42916047393067,0,164.668853597966,3558.62713031528,13.1710682795183,5.93913848276736,0,147.388543648099,244.236413974102,3.08542451899964,19.0842140907593,20958.6967556963,0,17.3122060299699,0,19.1161335429392,1100.35274084199,37271.6273121015,3.51576346273911,2172.118697178,0,19.6312282029315,32.5656007711962,37.0952659033811,4.06858285777158,19.4592917075545,10.5651030482801,26.8426115893632,12.8427269574867,3784.62657320962,26.9778854726827,8611.54446159964,9.49419978096345,13519.9153869677,2.69760463530444,133.165645258783,3136.62421059194,104.201570224247,1.0132884649943,8.85911943595387,17.0031177217273,18.8001912733923,58.2668974688608,70.0863974235885,3.68250542623227,41779.4047194572,0,4.95524430708064,78.7489633838897,3.71465122972145,4.24754109057442,46428.5910183474,92.8556583926666,2.16870275963628,46424.4104798804,"CC vs. WW","WW"
"LOC144618695",24.4489428913829,30.0083166970922,7.39941463016238,1.01222251690891e-06,0.000228683071407047,0,0,0,0,0,0,0,0,0,0,0,0,0,0,0,0,0,0,0,0,186.13583710384,0,0,0,0,0,0,0,0,0,0,0,0,215.74813088191,0,0,166.035791583313,0,119.852854120941,0,242.633667976042,0,0,0,0,0,0,0,0,83.1399593614648,131.572765827771,0,0,0,0,0,0,0,139.599844998624,0,0,0,0,218.985772273442,0,0,0,0,179.227469595897,0,0,5.39520927060888,367.067996257371,0,0,0,0,0,0,191.738743996367,0,0,0,0,0,0,0,0,0,0,2.16870275963628,0,"CC vs. WW","WW"
"LOC144619178",347.119554585091,23.6270495436854,3.31456966416248,3.59803393480451e-13,1.64000911684484e-10,72.7138025924438,101.265189443363,0,0,0,1255.43759079959,0,0,0,0,0,13.7921750033578,0,0,2596.7872508134,202.752211482123,624.3431726409,86.3387285437635,1031.98110149477,562.050303886608,0,2119.10152716045,331.236973990643,412.098123836532,2944.57688537425,0,0,0,1597.28973496795,2144.93347111419,0,0,2.0021985272538,1731.18379719701,0,1516.10353810445,112.128067043277,0,0,0,0,0,0,90.2431230227444,226.130368336809,0,502.924196596941,0,0,0,577.073534332331,0,0,0,3.27504303959417,0,0,0,0,105.211940953096,0,0,497.184903128018,1120.86138703117,60.6876435933428,0,0,0,2862.84733520291,1047.75276154204,0,0,0,0,178.472902192594,0,1095.87307422749,0,1201.23327399465,0,743.917046938947,0,633.970390092063,182.982980119049,0,1134.79275440374,0,0,0,0,211.448519064538,0,"CC vs. WW","WW"
"LOC144619223",153.61540694433,24.3378292757822,3.85689984922236,8.86225228063084e-11,3.28928823575814e-08,379.622709638473,0,262.212472942872,0,143.36170597979,0,341.084022328663,511.780734883143,260.366116936608,0,0,533.651078976073,0,513.067062212503,0,0,0,353.283981082134,0,406.491076451764,699.441203270969,591.229326077766,0,372.256025283794,0,0,0,0,0,707.033625663566,0,0,0,212.282297454088,0,0,0,0,0,0,916.940889821105,0,0,413.071614660809,645.077256103664,0,1159.0911443042,0,0,0,146.576677720412,0,0,0,0,0,0,0,0,0,608.000455782247,0,0,0,0,0,0,0,0,0,0,0,0,0,0,841.029425945268,0,0,370.06692296046,0,179.220930554605,327.742982934672,0,0,334.478990727943,518.93547665794,0,0,267.44712889526,688.679466412278,0,429.094636215297,"CC vs. WW","WW"
"LOC111138182",1400.78507108843,6.63577539925797,1.56093843552696,1.63474712580022e-06,0.000359935297249283,137.872924396062,2340.12823921593,1721.48188758146,407.613413369136,1107.5847929729,11.6244221370333,4421.65352554278,249.699471455082,59.5752979431222,72.8508940464807,61.5339921944038,3472.44529122999,12284.6479371323,17.2348108753554,18.0332447973152,215.625367766702,1355.37314493885,93.3867880167238,31.0507588060374,12.0373211705534,68.0111712494801,63.5730458148136,87.0680045918262,200.994467325755,236.727455327775,207.956673163804,1.01435984742021,5777.55447464706,2380.80677674518,175.907242340052,3.71387901455181,7426.23692391959,5729.29108573675,5604.25265278792,6.78417964617412,20.0041439055448,57.142188012439,26.1303974691851,34.8290345308716,2628.28598794675,6295.80774615745,64.3058039529422,16.3326308276103,93.0341474461282,1049.89099584947,2750.56723356548,171.755298224313,17.0394768667494,4401.42076978571,2.15947946393415,60.0156475705624,35.1246952453314,5.73484006288177,568.943607473057,5308.84476718215,6.15258605979344,7692.83174240513,17.4521670302214,119.968616795693,22.5454159185205,18.0952516601859,110.868882874276,113.836856489194,485.994740220884,305.77235810492,12.8427269574867,2002.63224808331,19.8784419272399,4556.40315753419,153.263510749839,1772.47570688128,64.7425112473066,37.9487590115703,3739.14721107952,860.217218021446,29.3853654848347,15.946414984717,38.5404001692486,23.7476100295482,127.374147955184,17.0209822314429,2.7618790696742,11436.3074287647,223.010507020092,29.7314658424839,551.242743687228,50.1477916012395,29.7327876340209,9168.13369010346,15.4759430654444,150.724841794722,5181.15762236083,"CC vs. WW","WW"
"LOC111133339",1434.52188699132,7.49127890665112,4.34330229293149,7.99309553170867e-05,0.0105415540613869,0,2482.50107981946,1963.74341149607,321.892137596228,1500.67334162716,4.64976885481331,3894.64270409446,62.9407758626447,0,0,2.01750794080012,3868.17462017249,12279.4070463741,0,4.00738773273672,2.14552604742987,1466.56783753915,0,0,5.55568669410156,0,0,0,5.94658187354303,322.708653725127,0,0,5054.26923735646,2097.02963245302,11.3488543445195,1.8569395072759,7215.65046051061,7968.75013847013,4586.16408336525,8.2917751231017,0,4.31261796320295,0,2.0487667371101,2664.64144913071,6305.55207017255,3.09907488929842,3.7119615517296,2.79102442338385,686.467189593883,2362.11503229239,0,0,4916.70393572867,0,2.30829413732932,1.84866817080692,0.955806677146961,517.580642909517,5855.77695479438,1.75788173136955,8361.91237929296,9.69564835012302,45.8061991401736,1.25252310658447,1.80952516601859,0,0,402.434379748123,0,0,3983.09513548673,1.41988870908856,4475.89456156598,6.10341414490508,2125.92616709434,0,0,3096.18642532432,624.100894002673,0,0,2.26708236289698,13.8527725172365,8.80778682668826,6.00740549345044,0,13637.3835020315,1.6337766082058,0,51.4897068279279,0.928662807430361,0,10339.3676683689,6.63254702804762,0,6309.39899171299,"CC vs. WW","WW"
"LOC144619016",70.171160920778,45.1033265230084,5.39356225008484,1.49431261138648e-18,1.80646693153438e-15,0,0,0,0,0,0,0,299.226639346999,0,235.517958835198,0,0,58.6979764914172,0,0,0,0,0,252.059100896068,0,793.940935954457,0,0,0,1.11663894022535,264.387127188152,0,0,0,0,0,0,0,0,0,1.0528496792392,0,0,0,188.192975540532,0,0,0,0,0,0,747.701208437578,0,0,385.467084312246,0,0,0,0,0,0,0,0,0,0,0,1393.48962878677,0,0,0,286.820902050536,0,0,0,0,0,0,0,0,230.573687304718,172.259039049031,246.283520319518,0,0,0.677522063591404,0,0,0,0,0,0,378.894425431587,300.51353215814,0,218.874051925571,0,0,"CC vs. WW","WW"
"LOC111133747",53.178324041311,2.19763755451535,2.15556838500278,0.00038513793037939,0.0341510872668496,2.8330052958095,22.0577640371681,87.404157647624,34.9882758256769,21.9667130130324,11.6244221370333,163.667956971527,0,24.2714176805313,4.98978726345758,6.05252382240037,328.890327003146,205.44291771996,5.30301873087858,32.0591018618938,21.4552604742987,79.6394419975156,37.0023122330415,18.2651522388455,24.0746423411068,8.59088478940801,6.35730458148136,3.78556541703592,27.354276618298,12.2830283424789,22.9901849728828,2.02871969484043,159.275482118291,92.853550889711,10.2139689100676,0,430.086639554833,76.0835440356445,96.1768776220562,3.01519095385517,15.792745188588,33.4227892148228,13.4866567582891,8.19506694844038,97.304322580616,109.136428969143,9.29722466789526,7.42392310345921,13.0247806424579,86.8179092721676,186.084886837411,0,0,172.110874164248,0,2.30829413732932,20.3353498788761,19.1161335429392,31.6079781929476,131.001721583767,17.5788173136955,281.886118879613,3.87825934004921,11.9968616795693,5.01009242633788,7.23810066407436,4.06858285777158,3.89185834151091,54.7464430683604,23.3414013820549,2.14045449291445,110.846803399445,8.51933225453138,120.762893952316,5.4252570176934,88.2175204472672,8.09281390591332,17.2494359143501,198.145147811352,2.21705468562228,2.0265769299886,14.1745910975262,10.2018706330364,21.7686425270859,1.35504412718281,34.0419644628859,15.6506480614871,314.285150795213,8.98577134513189,9.91048861416129,17.1632356093093,18.5732561486072,9.55696745379245,133.72356444763,7.73797153272222,8.67481103854514,249.771504662636,"CC vs. WW","WW"
"LOC111137950",29.8520975544568,24.4407992138163,4.84063596119373,8.85822930834746e-08,2.32759998048199e-05,0,0,0,0,18.4982846425536,0,0,0,2.20649251641193,0,0,0,0,0,0,0,0,4.40503717060018,0,0,0,0,0,0,0,0,0,0,56.3381095285887,0,0,395.546002699393,0,12.1304169973765,0,0,0,0,0,0,3.89772960604083,0,0,0,0,0,0,0,28.335326844114,0,0,0,0,21.7304850076515,85.1511190294485,0,0,0,7.63436652336227,0,0,0,0,7.68371130784006,0,0,0,0,35.4621196526641,0,80.0922225113347,0,0,0,0,4.0531538599772,0,0,0,0,0,0,187.923079856932,0,0,4.03840837866101,0,0,204.043714717504,0,0,1587.22319415957,"CC vs. WW","WW"
"LOC111134787",298.665135436035,2.04825075138706,2.25162063588573,0.000520783400323137,0.0408506699318478,28.330052958095,276.724676102654,569.077069901378,165.319603276324,200.01270269761,133.680854575883,1253.6965504019,325.022039290706,23.1681714223253,0.997957452691516,12.1050476448007,1903.32015046337,1135.17693821794,25.1893389716733,236.435876231467,12.8731562845792,597.295814981367,81.0526839390433,33.7905316418642,10.1854256058529,25.05674730244,30.7269721438266,20.8206097936976,11.8931637470861,69.2316142939719,100.320807154398,48.6892726761703,565.10068313202,1424.10221308377,9.07908347561561,42.7096086673458,3698.0765717163,396.435308396253,496.480638535479,12.8145615538845,8.42279743391361,19.4067808344133,3.37166418957227,15.3657505283257,779.503858915045,701.591329087349,12.3962995571937,7.42392310345921,9.30341474461282,452.260736673617,746.665608435112,38.0535690676622,55.8894841229379,817.526652280178,0,26.5453825792872,9.24334085403459,30.5858136687028,421.768959012145,294.753873563476,26.3682259705433,437.189414564229,7.75651868009841,90.5217744912954,5.01009242633788,54.2857549805577,10.171457144429,33.0807959028427,515.769121538764,25.6755415202604,17.1236359433156,442.331529755881,15.6187757999742,1327.43339780918,92.9075264279995,257.688020253859,19.7824339922326,15.1795036046281,609.262631365517,419.023335582612,16.2126154399088,77.9602510363941,46.475188439388,13.8527725172365,68.4297284227318,41.0506042052447,8.2856372090226,1411.58313432764,15.5208777779551,26.0150326121734,26.2496544612966,2.78598842229108,12.7426232717233,1233.48460309452,0,28.1931358752717,1601.09938886305,"CC vs. WW","WW"
"LOC144619248",5.46678019890038,-18.5952881002943,2.65388325714716,7.95126177715971e-13,3.56175400400666e-10,0,4.01050255221238,0,0,0,0,0,2.06363199549655,1.10324625820597,0,0,28.6452865454353,0,15.9090561926357,0,0,0,0,0,0,0,0,102.21026625997,2.37863274941721,2.2332778804507,5.22504203929155,0,0,6.25978994762097,0,1.8569395072759,31.197994579107,0,0,6.03038190771033,0,0,1.68583209478613,0,0,3.89772960604083,5.42338105627224,0,1.86068294892256,0,0,2.05694967933309,0,0,0,10.387323617982,0,0,0,0,0,0,0,0,0,0,3.05143714332869,0,1.92092782696001,16.3389809674385,8.56181797165778,0,115.720929790718,0,35.2641706150071,12.7683253278939,0,0,16.1751141070491,15.519382799356,0,0,11.3354118144849,3.9579350049247,1.35504412718281,0,0,0,16.337766082058,0,8.07681675732202,0,2.12377054528721,0,0,0,0,"CC vs. WW","CC"
"LOC111133195",182.236903685249,4.33756986872722,3.91459565863954,0.000301472054130552,0.029225915814798,0,180.472614849557,311.614822917616,22.74237928669,219.667130130324,11.6244221370333,405.896533289388,0,0,0.997957452691516,2.01750794080012,461.507394343125,404.596766530126,2.65150936543929,2.00369386636836,0,256.949897765569,0,0.913257611942276,3.70379112940104,1.431814131568,0,0,0,44.6655576090141,0,0,309.823540558868,479.917229317608,0,4.64234876818976,1312.54420050672,704.773881593338,524.207305958054,3.01519095385517,0,2.15630898160147,1.68583209478613,4.09753347422019,309.021420063715,687.949275466206,0.774768722324605,1.48478462069184,0,224.111347190944,942.054739614394,2.05694967933309,10.2236861200496,1583.62993362104,0,0,0,68.8180807545812,40.4977220597141,203.052668454839,0,309.542870165914,0,3.27187136715526,0,0,0,0,75.8766491649206,7.00242041461648,2.14045449291445,197.412878435202,0.709944354544282,1024.56772726211,0,484.035605611979,0,40.0186913212923,335.63361772127,321.472929415231,4.0531538599772,4.42955971797694,2.26708236289698,0,0,2.00246849781681,0,1423.46332903124,4.0844415205145,0,4.03840837866101,2.78598842229108,5.30942636321803,900.328481324129,2.21084900934921,0,1855.14049189599,"CC vs. WW","WW"
"LOC144619070",138.253483893737,6.47549892615574,3.63862446803454,8.04876527304036e-05,0.0105613621494374,0,222.582891647787,139.656643197834,55.9812413210831,260.13212778591,0,1082.17253149574,41.2726399099309,0,0.997957452691516,6.05252382240037,538.955761669672,965.372077653486,2.65150936543929,0,1.07276302371494,257.701213256112,4.40503717060018,0,2.77784334705078,0.715907065784001,4.2382030543209,0,0,7.81647258157747,0,0,302.187044840868,181.533908481008,6.80931260671171,4.64234876818976,426.7439972785,162.178080707558,401.170219270378,0,0,2.15630898160147,0,0,212.786375753215,360.539988558777,0.774768722324605,0.742392310345921,0,237.234984639063,283.779452427052,0,12.2684233440595,379.903271021084,4.3189589278683,4.61658827465864,0,63.0832406916994,98.7749318529613,486.343891379735,0,112.754447551845,0,14.1781092576728,7.51513863950682,0,0,1.94592917075545,79.7185048188406,2.33414013820549,9.63204521811501,378.990499241912,0.709944354544282,462.92442681721,1.35631425442335,144.5142275748,3.59680618040592,85.5572021351766,386.854812393592,85.3566053964579,4.0531538599772,0,0,0,0,0,0,1618.94653279046,1.6337766082058,0,0,1.85732561486072,3.18565581793082,978.718157034809,0,1.08435137981814,1104.7585783155,"CC vs. WW","WW"
"LOC111132320",43.4993330580378,-21.6328686846221,4.27712955853736,8.96013278102293e-08,2.32793209783757e-05,0,2.00525127610619,304.01446138304,0,0,0,0,0,0,0,0,0,0,0,0,1.07276302371494,0,0,0,0,1.431814131568,19.0719137444441,19.8742184394386,18.4344038079834,1.11663894022535,0,0,0,0,0,0,0,0,0,289.458331570096,0,0,0,0,0,0,0,902.749049380639,499.593371785708,12.1141268751862,0,0,0,1.049456549782,0,0,1.84866817080692,0,0.987749318529613,0,0,0,11.6347780201476,0,0,1578.81070735122,0,16.5403979514214,0,306.939428174022,0,0,0,6.70904966401753,0,0,0,0,0,0,0,0,0,0,5.42017650873124,0,0,0,0,0,0,0,1.06188527264361,0,0,0,0,"CC vs. WW","CC"
"LOC111134917",45.8790909747934,24.5966337525696,2.67708624360362,1.41980497184497e-20,2.63485378382172e-17,4.72167549301583,0,283.113467162956,0,1.1561427901596,11.6244221370333,0,71.1953038446308,2.20649251641193,0,0,0,0,0,14.0258570645785,0,0,0,0,3.70379112940104,5.01134946048801,2.11910152716045,0,1.78397456206291,11.1663894022535,1.04500840785831,0,0,0,1.13488543445195,0,0,0,569.263140519738,0,12.6341961508704,140.160083804096,0,1.02438336855505,0,0,0,0,0,0,26.7497024828779,0,0,5.24728274891,196.512631218008,476.662739358505,0,0,4.93874659264807,0,7.03152692547822,0,0,22.9030995700868,12.5252310658447,0,713.01914582447,0,1.92092782696001,407.307454116859,2.14045449291445,0,0,0,0,0,4.4960077255074,1134.32290572766,0,1.10852734281114,0,1.77182388719077,0,16.82122377093,0,0,35.9044279057646,5.40008850163597,0,1.23881107677016,0,0,0,5.76394674343233,0,0,0,"CC vs. WW","WW"
"LOC111136312",752.486726008096,6.80568631891805,4.05133314971549,9.05174949167571e-05,0.0116422526506548,1.88867019720633,544.425721462831,744.835430388448,106.714241268315,1920.35317445509,0,1410.16311726668,0,5.51623129102983,5.9877447161491,7.06127779280044,385.119963555297,2336.38909998873,0,0,0,646.882637357178,0,0,18.5189556470052,2.863628263136,7.41685534506158,0,0,30.1492513860845,4.18003363143324,4.05743938968086,2205.85633454236,1205.00956491704,2.2697708689039,0,3480.80482375466,1824.00285832821,1037.15065327569,3.01519095385517,0,5.39077245400368,8.42916047393067,0,1033.99208720281,973.457969108697,0.774768722324605,1.48478462069184,0,105.998610157879,50.0103133375542,1.02847483966655,0.681579074669974,4885.22023923521,0,0,1.84866817080692,0,109.640174356787,9679.38970352058,1.75788173136955,427.615923734356,0,8.72499031241402,0,8.14286324708366,1.0171457144429,0,171.923040512921,3.50121020730824,0,2052.24938865258,0,2585.85942764561,2.03447138163503,2617.50669221826,1.79840309020296,30.3590072092562,1296.70498091511,159.627937364804,6.07973078996579,1.77182388719077,0,3.9579350049247,7.45274269950545,4.00493699563363,0,7329.00011442034,0,0,20.1920418933051,6.50063965201253,0,10966.4850740543,12.1596695514206,2.16870275963628,6702.20204178072,"CC vs. WW","WW"
"LOC144619165",247.601596554956,-3.553963188991,2.8973468188795,0.000255000996272265,0.0256789956749989,550.547362485646,15.0393845707964,0.950045191822,14.8700172259127,2.3122855803192,1.16244221370333,1.30934365577222,0,0,2.99387235807455,11.0962936744007,31.8280961615948,0,0,2.00369386636836,107.276302371494,9.0157858865112,125.984063079165,0,2.77784334705078,9.30679185519201,91.1213656678994,42.5876109416541,55.8978696113045,7.81647258157747,7.31505885500817,11.1579583216224,0,7.30308827222446,2.2697708689039,8.35622778274156,1096.38666663719,27.0296801179263,669.772309926571,61.0576168155671,2.1056993584784,605.922823830014,2218.55503673855,0,25.6626784827998,25.3352424392654,4.64861233394763,2.96956924138368,1.86068294892256,59.5611238029987,32.564855196547,13.3701729156651,1894.78982758253,4.197826199128,658.641236499916,429.342709543254,0,66.9064674002873,0.987749318529613,9.82512911878252,1.75788173136955,20.2107028630666,69.8086681208857,0,12.5252310658447,8.14286324708366,2560.15576325277,71.9993793179518,23.0511339235202,5.83535034551373,8.56181797165778,7.38978689329634,0,0.958435666288219,2.7126285088467,0.580378423995179,1.79840309020296,13.1095712949061,1787.35010882893,1.10852734281114,3.0398653949829,10.6309433231446,10.2018706330364,2.96845125369353,8.13026476309685,3.00370274672522,1.84125271311613,6.48010620196316,7577.45590885849,7.43286646062097,2.01920418933051,0,1481.32995533783,9.22231478949172,1.1054245046746,9.75916241836328,13.8761947034798,"CC vs. WW","CC"
"LOC111136696",234.997912375062,-4.13112194603477,3.04661673884876,0.000194125874418293,0.0206370568685688,12.2763562818412,1.0026256380531,110.205242251352,87.4706895641923,50.8702827670223,11.6244221370333,15.0574520413805,0,28.6844027133551,1.99591490538303,0,2.12187307743965,769.362763298218,2.65150936543929,92.1699178529446,10.7276302371494,2823.44361345909,0,634.714040299882,3.70379112940104,4.29544239470401,1437.81038617837,488.337938797634,18.4344038079834,2.2332778804507,0,2.02871969484043,1239.29416223547,0,36.3163339024624,0,238.441815711747,847.931076291985,799.74106346989,4.52278643078275,18.9512942263056,7.54708143560516,67.4332837914453,4.09753347422019,5.3463913505833,28.258539643796,2191.82071545631,31.1804770345287,6.51239032122897,18.1711903127793,13.9563665128058,0,4.08947444801985,92.352176380816,0,58.8615005018977,1.84866817080692,4.77903338573481,0,45.8506025543184,139.75159764388,23.4018664730244,2.9086945050369,296.649670622077,36.3231700909497,1377.04865134015,4.06858285777158,50.5941584396418,70.1138656840405,17.5060510365412,4.28090898582889,127.737744869837,14.9088314454299,0,80.0225410109777,67.9042756074359,5.39520927060888,2.06993230972201,3175.71406968398,1175.03898337981,18.2391923698974,497.882512300608,1224.22447596437,1.97896750246235,13.5504412718281,16.0197479825345,3.68250542623227,2.16003540065439,31.8586438600131,17.3433550747823,91.873790614538,13.9299421114554,2.12377054528721,124.501249658138,502.968149626944,2.16870275963628,5.33699796287683,"CC vs. WW","CC"
"LOC111137429",316.576490002557,5.98235912570916,4.60729254287699,0.000180164137452955,0.0195851232433691,0,940.462848493804,1141.95432057004,345.50922377856,438.178117470488,8.13709549592329,1546.98952929488,0,3.3097387746179,0,0,127.312384646379,2896.11623296046,0,22.040632530052,2.14552604742987,196.093343031619,2.64302230236011,1.82651522388455,25.000590123457,0,5.29775381790113,0.946391354258981,7.13589824825164,25.6826956251831,0,0,2606.22689575752,85.5504626174866,0,1.8569395072759,410.030785896835,824.905793228566,908.048358089323,0,16.8455948678272,8.62523592640589,0,0,1516.23658702542,1370.05195652335,1.54953744464921,0,0,83.7893775533711,17.4454581410073,2.05694967933309,0,625.476103670072,0,1.15414706866466,0,0,11.8529918223554,951.400003002107,0,0,5.81738901007381,0,0,0,6.10287428665738,0,66.2720100301205,0,1.07022724645722,1766.15906749782,0,610.523519425595,0,399.300355708683,0,0,393.594443271529,1121.82967092488,0,12.4027672103354,0,23.7476100295482,0,4.00493699563363,3.68250542623227,1731.26837362449,0,0,0,8.35796526687325,8.49508218114884,3809.96879740877,0,0,1972.55444707928,"CC vs. WW","WW"
"LOC111102115",9.14015831093133,-2.74081787900788,2.94982093495373,0.000513343364524871,0.0405740129947671,0,23.0603896752212,0,2.62412068692577,9.24914232127678,0,0,0,18.7551863895014,0,0,9.54842884847844,9.43360336469205,10.6060374617572,9.01662239865762,33.255653735163,0,3.52402973648014,30.1375011940951,8.33353004115235,0,12.7146091629627,17.9814357309206,27.354276618298,53.5986691308169,11.4950924864414,0,1.09092795971432,23.9958614658804,2.2697708689039,1.8569395072759,16.7132113816645,22.0241837997918,40.7235427769067,48.2430552616826,24.2155426225016,16.1723173620111,0,6.14630021133029,10.6927827011666,3.89772960604083,3.09907488929842,52.7098540345604,0,0,13.9563665128058,21.5979716329974,2.7263162986799,9.445108948038,0,5.77073534332331,14.7893453664553,0.955806677146961,3.95099727411845,0,0,1.06372120331929,26.1782505453321,1.09062378905175,1.25252310658447,0,0,4.86482292688863,0,0,1.07022724645722,0,0,7.66748533030575,46.7928417776056,29.5992996237541,0,0,0,8.86821874248914,2.0265769299886,18.6041508155031,4.53416472579395,6.92638625861823,0.677522063591404,8.00987399126726,5.5237581393484,0,0,0,27.2592565559618,0,0,1.15278934868647,0,0,0,"CC vs. WW","CC"
"LOC111101009",319.741600051168,1.55496934142035,1.81622179339842,0.00054637963447185,0.041874599655496,62.326116507809,436.142152553097,494.973544939262,259.787948005651,247.414557094154,169.716563200686,1810.16760410509,112.467943754562,22.0649251641193,44.9080853711182,53.4639604312033,991.975663703038,2451.6886966683,14.5833015099161,503.929007391643,77.2389377074753,1190.83505251002,128.627085381525,31.0507588060374,33.3341201646094,15.034048381464,33.9056244345672,38.8020455246182,17.8397456206291,82.6312815766761,35.5302858671825,61.8759506926331,999.290011098321,759.521180311344,108.949001707387,55.7081852182771,2091.37985089228,445.489172313971,430.629803406864,64.0728077694223,6.31709807543521,38.8135616688265,66.5903677440523,45.0728682164221,1409.30876001376,1197.57742145604,89.8731717896542,16.3326308276103,26.0495612849159,432.070525214974,86.0642601623026,38.0535690676622,65.4315911683175,515.283165942962,30.2327124950781,62.3239417078917,41.5950338431557,31.5416203458497,151.125645735031,284.928744444693,49.2206884783475,453.145232614019,7.75651868009841,115.606121639486,48.8484011567944,106.761984795097,32.5486628621727,35.9996896589759,332.320514064083,37.3462422112879,20.3343176826872,738.978689329634,24.1381080545056,544.391458451708,359.423277422188,184.560338830467,111.500991592584,33.1189169555522,908.502242345926,447.845046495701,32.4252308798176,35.4364777438155,37.4068589878001,74.2112813423382,58.9444195324522,73.0901001703137,11.9681426352549,3254.09333108583,52.2808514625856,90.4332086042217,123.171455549161,35.2891866823537,73.2700838124088,518.755206908909,54.1658007290555,118.194300400177,1168.80255387003,"CC vs. WW","WW"
"LOC111101279",1010.28904124314,9.87647742215453,4.46549303249307,3.38636346713267e-05,0.00514509410757742,2.8330052958095,2514.58510023716,698.28321598917,189.811396354297,490.20454302767,3.48732664110998,3833.75822410105,168.186007632969,4.41298503282386,0.997957452691516,0,6958.68275746335,7910.6005103701,0,35.0646426614463,0,1013.52459674197,0,0,24.0746423411068,7.15907065784001,0,0,8.32521462296025,283.62629081724,2.09001681571662,0,4747.71848067674,4687.5393724435,2.2697708689039,0,3618.96737117642,4276.69605421412,3745.69947711846,0,0,10.7815449080074,1.68583209478613,0,2308.57178518187,2309.40479157919,0,0,0,1318.42080824943,1043.23839683224,0,0,5335.43709909169,0,0,0,0,500.788904494514,1966.6633452763,1.75788173136955,6116.39691908594,1.9391296700246,4.36249515620701,0,0,12.2057485733148,0,680.968914657325,0,2.14045449291445,1707.04077235145,0,4717.42034947061,4.74709989048173,1248.39399001363,0,6.89977436574005,2492.31549866115,762.666811854066,0,6.20138360516771,4.53416472579395,0,4.74265444513983,0,0,5894.73660838582,0,0,56.5377173012542,0,0,6011.79645339992,2.21084900934921,0,3182.98558505974,"CC vs. WW","WW"
"LOC111102174",11.7603832839891,21.1145617167626,2.68268198136123,1.42278798610365e-15,1.0268181851933e-12,0,5.01312819026548,20.900994220084,18.3688448084804,5.78071395079799,0,27.4962167712166,0,4.41298503282386,0,0,44.5593346262327,118.444131134467,0,0,1.07276302371494,5.2592084337982,0,0,0,0,2.11910152716045,0.946391354258981,0,0,0,0,44.7280463482873,8.34638659682796,0,0,57.9391327897702,15.0164889544035,2.59937507086638,0,0,0,0,0,20.3162871322165,8.76989161359186,0,0.742392310345921,0,9.08559515638963,432.647361896981,0,0,9.445108948038,0,0,0.924334085403459,0,2.96324795558884,22.9253012771592,0,20.2107028630666,0,0,0,0,0,0,8.64417522132007,0,0,8.44547073519582,0,10.5427923291704,0,8.1252979359325,0,0,17.5230402826366,2.21705468562228,0,0,0,0,0,0,0,74.5212213225764,0,0,0,0,0,4.61115739474586,0,0,36.2915861475624,"CC vs. WW","WW"
"LOC111099953",24.0150859375909,-4.71775078501663,2.95495848466028,0.000124495530419928,0.0147694903006399,5.666010591619,2.00525127610619,0,0,0,0,1.30934365577222,55.7180638784067,0,31.9346384861285,0,95.4842884847844,5.24089075816225,3.97726404815894,2.00369386636836,0,0,36.1213047989215,0,0,15.034048381464,4.2382030543209,0,2.37863274941721,4.46655576090141,0,1.01435984742021,3.27278387914297,3.12989497381048,14.7535106478754,1.8569395072759,8.91371273688773,8.00879410901521,13.8633337112874,1361.35871566561,2.1056993584784,0,1.68583209478613,1.02438336855505,5.3463913505833,0,0,19.3022000689939,0,0,13.9563665128058,26.7403458313302,0,2.098913099564,0,3.46244120599398,5.54600451242075,9.55806677146961,45.4364686523622,0,9.66834952253255,17.0195392531087,4.84782417506151,4.36249515620701,0,0,2.03429142888579,14.5944687806659,2.88139174044002,0,28.896135654345,4.22273536759791,8.51933225453138,11.5012279954586,0,3.48227054397107,0,1.37995487314801,0,13.3023281137337,22.2923462298746,1.77182388719077,0,11.8738050147741,0,7.00863974235885,174.919007746033,6.48010620196316,4.0844415205145,0,0,8.35796526687325,22.2995907255157,1.15278934868647,4.42169801869841,0,0,"CC vs. WW","CC"
"LOC111129538",2.56010093039226,-16.962602229301,3.45721525817918,1.17781197268483e-07,3.0000718492475e-05,0,0,117.805603785928,0,0,0,0,0,0,2.99387235807455,0,0,4.1927126065298,0,2.00369386636836,6.43657814228961,3.0052619621704,0,1.82651522388455,0,0,0,10.4103048968488,0,0,0,0,0,0,0,0,0,0,3.46583342782184,0,0,0,0,6.14630021133029,4.27711308046664,0,5.42338105627224,0,0,0,0,0,0,0,0,0,0,0,0.987749318529613,0,0,0,1.9391296700246,3.27187136715526,0,0,0,0,0,3.50121020730824,0,0,0,0,0,0,0,0,0,17.7364374849783,4.0531538599772,21.2618866462893,0,0,1.35504412718281,2.00246849781681,0,0,0,0,0,0,0,9.22231478949172,2.21084900934921,0,0,"CC vs. WW","CC"
"LOC111130328",42.1770207976941,3.38868693971033,2.92430865624765,0.000294850988043015,0.0287793633626496,14.1650264790475,25.0656409513274,31.351491330126,7.87236206077731,55.4948539276607,25.5737287014732,218.005718686074,0,0,0,0,115.642082720461,252.61093454342,0,28.051714129157,6.43657814228961,54.0947153190672,5.28604460472022,1.82651522388455,3.70379112940104,8.59088478940801,0,1.89278270851796,0,0,5.22504203929155,0,151.638986400291,56.3381095285887,0,2.78540926091385,238.441815711747,96.1055293081825,121.304169973765,0.753797738463791,21.056993584784,0,0,6.14630021133029,42.7711308046664,125.701779794817,6.19814977859684,1.48478462069184,12.0944391679967,18.1711903127793,190.737009008346,9.25627355699891,4.77105352268982,36.73097924237,14.036616515572,10.387323617982,0,0,26.6692316002996,83.5135975096514,0,141.474920041466,0.969564835012302,13.087485468621,1.25252310658447,8.14286324708366,3.05143714332869,4.86482292688863,34.5767008852803,11.6707006910275,18.1938631897728,99.2342811385508,4.96961048180997,93.9266952962454,26.4481279612553,177.01541931853,0,2.06993230972201,99.7465369934696,24.3876015418451,0,3.54364777438155,2.26708236289698,15.8317400196988,0,0,1.84125271311613,477.36782354462,1.6337766082058,1.23881107677016,13.1248272306483,0,2.12377054528721,217.877186901742,0,13.0122165578177,227.356113218553,"CC vs. WW","WW"
"LOC144619537",100.072611934844,21.5911089367744,3.01064325673749,2.82712438279782e-13,1.31163426052625e-10,0,0,570.977160285022,6.99765516513539,233.540843612239,0,13.0934365577222,0,202.997311509898,473.031832575779,0,335.255946235465,340.657899280546,338.06744409351,0,16.091445355724,441.773508439049,117.173988737965,223.748114925858,0,0,0,350.164801075823,0,0,0,0,132.002283125433,0,103.274574535128,0,0,0,357.847301422605,0,0,0,0,0,217.063488833682,381.977501392001,0,164.811092896794,66.9845861612123,0,0,0,0,0,0,4.61658827465864,0,0,141.248152549735,29.4753873563476,0,0,0,0,366.98927022925,0,0,0,137.346339627641,0,138.059314792982,0,320.894848254015,0,0,226.34758535812,0,0,253.410121010436,0,203.670981463854,0,213.105742112316,0,249.328119401637,304.375211668156,303.806697664162,118.801947035991,32.675532164116,292.359414117758,0,261.882911695362,208.129513438147,0,301.780889776167,10.8435137981814,0,"CC vs. WW","WW"
"LOC111131745",102.618482570543,3.68337008385062,3.78018911753331,0.000425499526768333,0.0363648131742371,0,60.1575382831857,124.455920128682,19.2435517041223,507.546684880064,11.6244221370333,49.1003870914582,8.25452798198618,0,0,0,74.2655577103879,262.044537908112,0,43.0794181269197,0,72.8776025826322,5.28604460472022,5.47954567165366,0,355.805811694649,10.5955076358023,5.67834812555389,0,42.4322797285634,0,0,98.1835163742892,302.556514135014,12.4837397789715,0,1496.38952570503,289.317687188174,67.5837518425259,1.50759547692758,0,10.7815449080074,3.37166418957227,0,54.5331917759496,146.164860226531,0,3.7119615517296,0,6.05706343759309,216.32368094849,181.011571781312,0,354.716313826316,0,6.92488241198797,0,0,47.4119672894214,512.544235696488,0,135.09259282155,178.399929642263,0,0,0,0,0,14.4069587022001,0,2.14045449291445,93.9558619290535,0,435.129792494851,13.5631425442335,183.979960406472,0,1.37995487314801,59.3087517258468,13.3023281137337,145.913538959179,37.2083016310063,12.4689529959334,0,1.35504412718281,43.0530727030615,0,622.090195388463,11.4364362574406,0,8.07681675732202,0,0,1300.34638531833,0,13.0122165578177,645.776753508096,"CC vs. WW","WW"
"LOC111129018",657.023930869497,1.31786938661951,1.52476580069773,0.000472347341923768,0.0388356211725362,821.571535784754,187.490994315929,1254.05965320504,109.33836195524,126.019564127396,223.188905031039,1020.63337967444,1082.37498163794,467.77641347933,352.278980800105,1504.05216986649,1434.38620034921,183.431176535679,546.210929280494,275.50790662565,493.47099090887,1419.23496163497,1325.03518091653,1980.8557603028,75.0017703703711,153.92001914356,294.555112275303,141.012311784588,105.254499161712,683.383031417916,617.599969044261,90.2780264203991,517.09985290459,142.931870470679,145.26533560985,19.497864826397,1329.25741188838,2528.77673992155,719.160436273032,78.3949648002343,366.391688375242,284.632785571394,126.43740710896,98.3408033812846,158.253183977266,275.764369627389,130.935914072858,106.904492689813,173.043514249798,291.7485555774,8797.16302523861,185.125471139978,670.673809475255,177.358156913158,557.145701695011,1210.70027502923,42.5193679285591,91.7574410061083,152.11339505356,600.970397765531,428.044201588486,316.988918589149,160.947762612042,4752.93847268754,156.565388323059,528.381348477429,96.6288428720751,194.592917075545,2407.88303109438,131.87891780861,252.573630163905,72.8421850910639,124.240262045249,158.141884937556,878.891636866331,96.9231968071949,88.1217514199451,47.6084431236063,614.654336067867,2736.95400940071,56.7441540396807,670.635341301708,175.698883124516,182.065010226536,262.201038609873,284.350526689988,780.691150361241,696.61141671104,271.206916962163,252.717459661113,599.70364423116,3049.72865960131,1089.49428973234,326.23938567827,310.624285813563,130.122165578177,115.27915599814,"CC vs. WW","WW"
"LOC111131482",69.764064948098,2.98560475257696,2.82269468424658,0.000372238691762685,0.0332341355693688,0,53.1391588168141,44.652124015634,20.9929654954062,52.0264255571819,31.3859397699899,386.256378452804,28.8908479369516,19.8584326477074,10.9775319796067,0,963.330377157603,253.659112695053,0,4.00738773273672,8.58210418971948,199.098604993789,7.04805947296029,1.82651522388455,0,7.15907065784001,2.11910152716045,0,0,37.965723967662,4.18003363143324,6.08615908452129,54.5463979857162,251.434896229442,11.3488543445195,0,638.444674779583,135.148400589632,172.425213034137,4.52278643078275,0,8.62523592640589,1.68583209478613,0,182.846584189949,154.934751840123,1.54953744464921,2.22717693103776,6.51239032122897,193.826030002979,37.2169773674822,3.08542451899964,16.3578977920794,171.061417614466,0,6.92488241198797,0,5.73484006288177,111.615672993846,91.7012051086368,1.75788173136955,63.8232721991576,1.9391296700246,20.7218519919833,2.50504621316894,49.7619420655113,0,6.81075209764409,165.199793118561,8.16949048371923,4.28090898582889,82.3433396681592,9.93922096361994,157.183449271268,50.183627413664,94.021304687219,0,0,186.013812231065,34.3643476271454,0,7.97320749235849,10.2018706330364,0,8.13026476309685,4.00493699563363,7.36501085246453,426.606991629241,2.4506649123087,2.47762215354032,0,5.57197684458217,0,195.974189276699,1.1054245046746,7.59045965872699,392.803050067735,"CC vs. WW","WW"
"LOC111131288",461.546666485446,12.8231719457224,2.28579253077658,1.33372202274378e-09,4.33142898411327e-07,7.55468078882533,12.0315076566371,1383.26579929283,3.49882758256769,6.93685674095759,4518.41288466483,3137.18739923023,10.3181599774827,0,43.9101279184267,0,381.937153939138,49.2643731267251,0,0,0,3075.13430279086,5.28604460472022,1.82651522388455,0,0,0,0,1.78397456206291,8.93311152180282,44.9353615379073,0,45.8189743080016,29.2123530888979,0,1.8569395072759,472.426775055049,542.59580088578,34.6583342782184,0,0,0,0,0,476.89810847203,42.8750256664491,0,4.45435386207552,4.65170737230641,61.5801449488631,20.9345497692088,0,5.45263259735979,11.544022047602,0,0,0,0,15.8039890964738,9.82512911878252,3.51576346273911,1658.34135597478,0,4.36249515620701,0,2796.62114408173,1.0171457144429,1.94592917075545,72.9952574244806,0,2.14045449291445,1109.52371783635,0,9.58435666288218,56.9651986857807,13.9290821758843,0,2.75990974629602,202.188926338114,9.97674608530028,10.132884649943,3.54364777438155,18.1366589031758,0,1.35504412718281,8.00987399126726,1.84125271311613,14349.1151665471,20.4222076025725,2.47762215354032,6.05761256799152,3.71465122972145,2.12377054528721,110.667777473901,0,4.33740551927257,7501.68433661967,"CC vs. WW","WW"
"LOC111131701",404.621668841604,7.5893148759759,1.49396631356637,5.81210089658207e-08,1.57296034785519e-05,9.44335098603166,433.134275638937,380.0180767288,13.9953103302708,4117.02447575833,43.0103619070231,335.191975877688,16.5090559639724,43.0266040700327,22.9530214119049,22.1925873488014,378.754344322978,491.595553115619,92.8028277903752,504.930854324827,79.3844637549052,107.438115147592,0,0.913257611942276,56.4828147233659,5.01134946048801,7.41685534506158,0,16.6504292459205,6.69983364135212,8.36006726286648,13.1866780164628,336.005811592012,14.6061765444489,90.7908347561561,2.78540926091385,278.553523027741,324.356161415116,54.586876488194,9.79937060002929,1.0528496792392,66.8455784296457,10.1149925687168,24.5852008453212,457.65109960993,2205.1405246176,17.0449118911413,67.5577002414788,19.5371709636869,278.624918129282,0,161.470549827648,23.1736885387791,3315.23324076134,0,2.30829413732932,9.24334085403459,13.3812934800575,41.4854713782438,1025.08847139298,48.3417476126627,13.8283756431508,10.6652131851353,117.787369217589,26.3029852382739,122.142948706255,20.3429142888579,691.777820203564,38.4185565392003,19.8401911747467,1.07022724645722,949.05977386763,10.6491653181642,287.530699886466,64.4249270851092,1499.11746917955,297.63571142859,19.3193682240721,37.741932916448,86.4651327392691,1.0132884649943,4.42955971797694,53.276435528079,20.7791587758547,63.0095519140006,30.0370274672522,6.44438449590647,3582.4187119853,0,11.1492996909314,19.1824397986398,26.9312214154805,6.37131163586163,395.406746599458,8.84339603739682,11.9278651779996,12564.3606042046,"CC vs. WW","WW"
"LOC111131071",2742.39805337563,7.70048716920244,1.85299133970719,1.59901905088523e-06,0.000355077897102983,13.2206913804443,1842.82592274159,784.737328444972,97.9671723118954,5962.22836885305,15.1117487781433,3300.85535620176,39.2090079144344,27.5811564551492,27.9428086753625,2.01750794080012,2059.27782165518,9995.42685396704,2.65150936543929,166.306590908574,9.65486721343441,1181.06795113297,38.7643271012816,10.045833731365,59.2606580704167,52.9771228680161,75.228104214196,8.51752218833083,4.75726549883443,249.010483670254,14.6301177100163,18.2584772535639,4914.63045851303,4814.82176804513,36.3163339024624,15.7839858118452,27972.3447824458,3187.50005538805,4157.2671966723,42.2126733539723,0,100.268367644469,44.6745505118325,9.21945031699543,1664.86626657164,3743.76928660222,1.54953744464921,20.7869846896858,4.65170737230641,411.88031375633,26719.4636887668,59.6515407006596,14.9947396427394,15491.0281313321,0,28.8536767166165,9.24334085403459,18.1603268657923,649.939051592486,32224.7859880869,7.910467791163,821.192768962494,19.391296700246,25.0843471481903,106.46446405968,25.3333523242603,19.325768574415,18.4863271221768,414.920410623363,45.5157326950071,44.9495443512034,3476.36689137498,9.22927660907566,11977.5705216039,141.73483958724,7207.13926917213,3.59680618040592,60.0280369819384,3204.02051937132,427.891554325101,34.4518078098062,137.316351257285,27.2049883547637,28.6950287857041,58.9444195324522,100.123424890841,30.3806697664162,27242.3664730531,17.1546543861609,9.91048861416129,69.6625445319025,17.6445933411769,63.7131163586163,24108.2836490801,90.6448093833174,11.9278651779996,19777.847050829,"CC vs. WW","WW"
"LOC111128875",67.911046425417,24.9654193326914,3.85369683410327,2.88500321932564e-11,1.11873535285522e-08,0,96.2520612530972,3.800180767288,1.74941379128385,73.9931385702143,0,12.4387647298361,0,0,0,0,42.4374615487931,463.294743021543,0,0,0,75.13154905426,0,0,0,0,0,0,0,22.3327788045071,0,0,164.730121916863,304.64311078422,0,0,992.76475607087,322.353962887862,72.7825019842587,0,0,0,0,0,87.6808181495661,153.960319438613,0,0,0,4.03804229172873,0,0,0,153.220656268172,0,0,0,0,17.779487733533,85.1511190294485,3.51576346273911,80.8428114522663,0,0,0,0,0,0,0,0,0,97.1229134547519,0,954.601923623066,0,66.1631403354504,0,0,156.359436368142,13.3023281137337,0,0,0,0,0,0,0,1361.90232011259,0,0,0,0,0,137.181932493689,0,0,226.288713625978,"CC vs. WW","WW"
"LOC111128455",263.114686045915,6.61798981169537,2.40644775416946,2.09664722642827e-05,0.00342266000692502,0,320.840204176991,58.902801892964,44.6100516777381,195.388131536972,4.64976885481331,324.062554803624,33.0181119279447,0,3.99182981076607,6.05252382240037,832.835182895064,1997.82755701145,0,2.00369386636836,8.58210418971948,356.874858007735,4.40503717060018,5.47954567165366,5.55568669410156,1.431814131568,4.2382030543209,11.3566962511078,4.75726549883443,84.8645594571268,2.09001681571662,4.05743938968086,604.374089681736,2077.20696428556,4.5395417378078,0,2724.25345521131,1148.26085538006,456.623554115528,7.53797738463791,2.1056993584784,0,3.37166418957227,12.2926004226606,259.834619638348,670.409492239022,3.09907488929842,0,0,102.970078439083,23.2606108546764,14.3986477553316,5.45263259735979,586.646211328138,0,23.0829413732932,1.84866817080692,3.82322670858784,172.856130742682,429.030638186837,5.27364519410866,12.7646544398315,0,2.18124757810351,1.25252310658447,5.42857549805577,10.171457144429,3.89185834151091,9.60463913480007,2.33414013820549,0,308.259681834647,0,4005.30264941847,1.35631425442335,343.584027005146,5.39520927060888,15.1795036046281,633.525302526091,221.705468562228,32.4252308798176,5.31547166157232,2.26708236289698,18.8001912733923,1.35504412718281,9.01110824017567,7.36501085246453,2992.72904760665,0,2.47762215354032,12.115225135983,5.57197684458217,0,507.227313422045,4.42169801869841,2.16870275963628,1360.93448053359,"CC vs. WW","WW"
"LOC111131635",200.835713130703,4.72423348922968,3.2621010399931,0.000158449994736207,0.0178211658581878,3.77734039441266,43.1129024362831,59.852847084786,9.62177585206116,479.799257916233,0,27.4962167712166,4.12726399099309,9.9292163238537,0,6.05252382240037,148.531115420776,476.921058992765,0,14.0258570645785,0,7.513154905426,0,0,15.7411122999544,26.488561434008,7.41685534506158,1.89278270851796,2.37863274941721,63.6484195928451,13.585109302158,0,437.462111845444,1781.95353842277,2.2697708689039,3.71387901455181,1766.02933599588,393.432010605372,253.87229858795,3.76898869231896,24.2155426225016,1.07815449080074,1.68583209478613,20.487667371101,14.9698957816332,557.375333663838,6.97291850092145,5.93913848276736,0,31.2948277608976,62.8036493076263,2.05694967933309,0,571.95381963119,0,2.30829413732932,3.69733634161384,0.955806677146961,130.382910045909,625.533220562487,7.03152692547822,579.728055809015,14.5434725251845,0,12.5252310658447,12.6666761621301,0,11.6755750245327,102.769638742361,1.16707006910275,2.14045449291445,125.626377186038,11.3591096727085,3944.92120244231,10.1723569081751,273.358237701729,0.89920154510148,2.75990974629602,284.412423048947,11.0852734281114,0,10.6309433231446,0,18.8001912733923,6.09769857232264,2.00246849781681,1.84125271311613,812.17331064605,0,0,50.4801047332626,0,4.24754109057442,2156.86887139238,4.42169801869841,8.67481103854514,1863.67968863659,"CC vs. WW","WW"
"LOC111131250",37.5592710316601,-4.30006177051177,1.27772449168373,1.02539171350964e-05,0.00185004875754819,12.2763562818412,49.1286562646017,113.055377826818,21.8676723910481,34.6842837047879,20.9239598466599,9.16540559040553,0,2.20649251641193,8.98161707422365,29.2538651416018,7.42655577103879,15.7226722744867,10.6060374617572,4.00738773273672,97.6214351580591,27.0473576595336,0,8.21931850748048,15.7411122999544,55.8407511311521,31.7865229074068,996.550096034707,1.18931637470861,5.58319470112676,33.4402690514659,23.3302764906649,5.45463979857162,15.6494748690524,9.07908347561561,9.28469753637951,12.2563550132206,30.032977908807,36.3912509921294,3.76898869231896,9.47564711315282,4.31261796320295,765.367771032905,39.9509513736469,6.41566962069995,11.6931888181225,37.188898671581,4.45435386207552,1.86068294892256,2.01902114586436,8.14121379913674,16.4555974346647,0,30.434239943678,56.1464660622879,31.1619708539459,27.7300225621038,57.3484006288177,17.779487733533,13.1001721583767,2.63682259705433,0,13.5739076901722,3.27187136715526,3.75756931975341,7.23810066407436,25.4286428610724,5.83778751226636,13.4464947887201,14.004840829233,7.49159072520056,4.22273536759791,11.3591096727085,10.5427923291704,24.4136565796203,4.64302739196143,1.79840309020296,8.27972923888806,12.1313355802868,46.558148398068,14.1860385099202,54.926540502914,2.26708236289698,31.6634800393976,21.6807060349249,109.134533131016,7.36501085246453,7.56012390229036,2.4506649123087,9.91048861416129,16.153633514644,10.215290881734,6.37131163586163,13.8334721842376,15.4759430654444,13.0122165578177,0,"CC vs. WW","CC"
"LOC144619917",8.74852000742048,20.4672274385823,2.8477909459839,2.51200476597281e-13,1.18662537863163e-10,0,5.01312819026548,2.850135575466,0,2.3122855803192,0,59.5751363376359,0,0,0,0,2.12187307743965,16.7708504261192,0,18.0332447973152,0,82.644703959686,2.64302230236011,0,0,0,0,0,0,0,2.09001681571662,0,26.1822710331438,2.08659664920699,0,0,85.7944850925444,10.010992636269,0,0,0,0,0,0,45.9789656150163,13.6420536211429,0,0,0,2.01902114586436,4.65212217093528,0,0,2.098913099564,0,0,1.84866817080692,0,0,16.3752151979709,0,237.209828340202,0,0,0,0,0,0,0,0,0,19.0023091541906,0,5.75061399772931,2.7126285088467,2.32151369598072,0,0,9.43548322911199,1.10852734281114,0,0,0,0,0.677522063591404,6.00740549345044,0,20.5203363062167,0,0,0,0,0,33.4308911119075,0,2.16870275963628,59.7743771842205,"CC vs. WW","WW"
"LOC111130898",362.241824474419,3.72214792391739,2.16699033721711,0.000104013155192763,0.0128074207822899,20.7753721692697,606.588511022123,470.27236995189,174.941379128385,258.97598499575,258.062171442139,1711.96682992218,160.963295648731,22.0649251641193,13.9714043376812,3.02626191120019,1596.70949077334,2104.74172847796,11.9317921444768,387.714763142278,98.694198181774,528.174789851448,51.9794386130821,50.2291686568252,5.55568669410156,17.8976766446,14.8337106901232,11.3566962511078,13.0824801217947,85.9811983973521,20.9001681571662,59.8472309977926,967.653100266605,1003.65298826856,27.2372504268468,13.9270463045693,1738.17398369311,282.309992342786,1483.37670710775,6.78417964617412,6.31709807543521,17.2504718528118,35.4024739905088,37.9021846365368,1485.22751719204,986.12559032833,47.2608920618009,21.5293770000317,51.1687810953705,492.641159590905,628.036493076263,86.3918865319898,12.2684233440595,779.746216488026,0,13.8497648239759,5.54600451242075,24.850973605821,308.177787381239,453.593460983793,54.4943336724562,316.988918589149,11.6347780201476,78.5249128117262,13.7777541724292,126.666761621301,4.06858285777158,36.9726542443536,264.127576207002,43.1815925568016,14.9831814504011,372.656396190515,53.2458265908211,729.369542045334,1209.83231494563,693.552216674239,16.1856278118266,12.4195938583321,562.085215219957,601.93034714645,44.5846924597491,78.8461629799895,66.8789297054608,24.7370937807794,11.5178750810539,32.039495965069,29.4600434098581,2500.24097625745,6.53510643282319,4.95524430708064,37.3552775026144,8.35796526687325,11.6807379990797,2041.58993652373,8.84339603739682,72.6515424478155,3351.63472068665,"CC vs. WW","WW"
"LOC111131137",131.584791815962,5.28250917831396,5.03877383540493,0.000306082864323535,0.0294531070295918,0,181.47524048761,102.604880716776,24.4917930779739,143.36170597979,2.32488442740666,892.972373236653,5.15907998874137,1.10324625820597,0,0,37.1327788551939,947.553049075734,0,0,2.14552604742987,90.9091743556546,0,0,3.70379112940104,0,1.05955076358023,4.7319567712949,0,31.2658903263099,0,0,1134.5650781029,94.940147538918,0,0,291.924092133073,105.115422680825,132.568128614185,0.753797738463791,0,0,0.842916047393067,0,121.897722793299,369.309880172368,0,0,0,108.017631303743,427.995239726046,0,0,658.009256713314,0,0,0,0,10.8652425038257,1016.90086379399,0.878940865684777,234.018664730244,0,3.27187136715526,0,0.904762583009296,0,0.972964585377727,8.64417522132007,0,0,522.563501740241,0,419.79482183424,0,391.755436196746,3.59680618040592,0,136.14054373433,119.720953023603,12.1594615799316,2.65773583078616,0,0,0,0,0,1657.82717000224,0,0,0,0,2.12377054528721,662.853875494718,9.94882054207142,0,970.266229651008,"CC vs. WW","WW"
"LOC111131323",1580.13525213468,6.58162396906654,4.83145359390134,0.000153476960844377,0.0173368909552076,0,2476.48532599115,1501.07140307876,245.79263767538,2328.47157938143,18.5990754192532,15035.1931992324,480.826254950695,14.3422013566776,3.99182981076607,0,2637.48823525749,8456.7013273706,0,4.00738773273672,4.29105209485974,2328.32670519152,0.881007434120036,3.6530304477691,16.6670600823047,2.863628263136,0,0,0,334.991682067606,0,2.02871969484043,2451.31512547809,2885.76316585327,2.2697708689039,5.57081852182771,7000.6071407332,5111.61284007896,5600.7868193601,1.50759547692758,0,0,3.37166418957227,0,2241.20725416452,4861.44325113442,2.32430616697382,0,0,3417.19328937543,4391.6033293629,4.11389935866618,0,7158.34312606302,0,4.61658827465864,0,0,594.625089754827,7352.47162388892,0,1070.10353053921,0,16.3593568357763,0,1.80952516601859,2.03429142888579,0,752.043244254846,3.50121020730824,1.07022724645722,3190.27657022022,2.12983306363284,4228.61815966362,2.7126285088467,2697.0185363056,0,0,8967.75284618316,1482.1010573385,0,3.54364777438155,0,0,2.71008825436562,0,0,14013.2296617453,0,0,2.01920418933051,0,0,9545.09580712393,4.42169801869841,0,10396.4720316841,"CC vs. WW","WW"
"LOC111131412",691.043191903412,8.99877559249123,3.0749471100075,1.25894329241578e-05,0.00218092208268648,0,657.722418562831,918.693700491874,143.451930885275,743.399814072622,4.64976885481331,4786.96040550323,175.408719617206,2.20649251641193,1.99591490538303,0,2417.87437174249,2315.42553695608,0,0,7.50934116600455,1477.08625440675,7.92906690708032,0,1.85189556470052,4.29544239470401,0,1.89278270851796,0,53.5986691308169,0,0,2637.86380658924,1867.50400104026,0,5.57081852182771,2582.74826551322,1605.76321885755,2544.78819437819,0,6.31709807543521,0,1.68583209478613,3.07315010566514,700.377266926412,2118.41604088319,0,0,37.2136589784513,1009.51057293218,1315.38754383195,8.22779871733236,2.7263162986799,3189.2984547875,21.5947946393415,0,1.84866817080692,0,417.817961738026,3805.60001200843,7.03152692547822,530.796880456327,0,22.9030995700868,15.0302772790136,5.42857549805577,13.2228942877576,0,453.338967162563,2.33414013820549,14.9831814504011,1665.86910251737,1.41988870908856,2750.71036224719,2.7126285088467,1264.64458588549,0,3.44988718287002,3380.59884837327,850.240471936146,0,3.54364777438155,2.26708236289698,0,0,6.00740549345044,3.68250542623227,6352.66411332455,0,7.43286646062097,0,5.57197684458217,15.9282790896541,4017.47088017233,23.2139145981667,0,4548.18966396364,"CC vs. WW","WW"
"LOC111128984",495.508820455165,2.32852648620474,2.28936490976678,0.000396393181476854,0.0349230343159163,10.3876860846348,1185.10350417876,648.880866014426,145.201344676559,329.500695195485,397.555237086538,1725.71493830778,63.9725918603929,125.77007343548,37.9223832022776,47.4114366088029,641.866605925495,3090.02919101246,26.5150936543929,5155.50431816579,109.421828418923,706.987876600586,83.6957062414034,29.2242435821528,51.8530758116146,28.63628263136,8.47640610864181,5.67834812555389,1.18931637470861,53.5986691308169,124.356000535139,76.0769885565161,682.920902781167,451.748174553313,69.228011501569,16.7124555654831,3439.57890234655,739.81235582028,2609.77257114985,1.50759547692758,56.8538826789169,67.9237329204464,40.4599702748672,18.4389006339909,1299.17309819174,909.145430609023,32.5402863376334,43.0587540000634,20.4675124381482,371.499890839043,3620.51407953038,32.9111948693294,2.7263162986799,613.93208162247,60.4654249901562,4.61658827465864,36.9733634161384,42.0554937944663,142.235901868264,630.445785121878,356.84999146802,457.400117427296,8.72608351511071,145.052963943883,25.0504621316894,80.5238698878273,20.3429142888579,72.9723439033295,199.776494003842,16.3389809674385,40.6686353653745,685.138813392761,1.41988870908856,636.401282415377,3295.16548112153,601.272047259005,26.9760463530444,16.5594584777761,678.006866320476,942.248241389471,6.07973078996579,42.5237732925786,61.2112237982184,88.0640538595747,12.1953971446453,29.0357932183438,96.665767438597,2262.63708218547,65.351064328232,32.2090879960242,53.5089110172584,93.7949435504665,76.4557396303396,1233.48460309452,72.9580173085238,55.3019203707252,2030.19402507835,"CC vs. WW","WW"
"LOC111128707",980.412692413518,8.1023737502149,1.86528301303542,8.63610782199921e-07,0.000196819927476633,16.998031774857,55.1444100929203,2769.38173416113,2.62412068692577,580.383680660118,19.7615176329566,45.8270279520276,0,2.20649251641193,52.8917449926504,22.1925873488014,142.165496188457,2196.98140582161,1.32575468271965,2061.80098849304,1.07276302371494,76.6341800353452,18.5011561165208,1.82651522388455,12.0373211705534,42.2385168812561,2.11910152716045,8.51752218833083,3.56794912412582,59.1818638319437,13.585109302158,0,2034.58064486721,1030.77874470825,11.3488543445195,8.35622778274156,6279.7106231374,5030.52379972518,1128.99523911297,9.0455728615655,4.21139871695681,33.4227892148228,15.1724888530752,4.09753347422019,34.2169046437331,1240.45244712249,0.774768722324605,9.65110003449697,0,36.3423806255585,9085.5945998366,0,14.9947396427394,367.3097924237,25.9137535672098,30.0078237852812,0.924334085403459,58.3042073059646,162.978637557386,17193.9759578694,26.3682259705433,1600.90041099554,1.9391296700246,11.9968616795693,46.3433549436254,2.71428774902789,7.12002000110027,2.91889375613318,27.8534534909202,52.5181531096236,35.3174991330884,855.103911938576,7.09944354544282,716.909878383587,10.8505140353868,204.873583670298,7.19361236081184,8.27972923888806,3256.58964021923,137.457390508582,6.07973078996579,69.9870435440356,4.53416472579395,21.7686425270859,10.1628309538711,82.1012084104894,0,16081.4635578719,0,37.1643323031048,32.3072670292881,5.57197684458217,21.2377054528721,13961.4318019418,11.054245046746,23.8557303559991,748.247114395332,"CC vs. WW","WW"
"LOC111128708",2989.81502636696,6.60403625575659,2.07125721910463,1.1399082994624e-05,0.00202849024166662,109.542871437967,98.2573125292034,4513.66470634632,57.7306551123669,3264.94723941071,30.2234975562865,97.5461023550302,0,12.1357088402656,18.9611916011388,42.3676667568026,722.497782868202,4038.63041823983,3.97726404815894,11439.088283097,22.5280234980136,152.517044580148,103.958877226164,10.045833731365,54.6309191586654,94.4997326834881,70.9899011598751,13.2494789596257,8.91987281031455,68.1149753537465,68.9705549186484,2.02871969484043,2092.39982673207,5193.5390598762,21.5628232545871,16.7124555654831,34379.0758120839,3316.64186039592,5461.28702389027,49.7506507386102,8.42279743391361,35.5790981964243,139.924063867249,11.2682170541055,43.840409074783,2263.60646870821,25.567367836712,156.644777482989,0,78.7418246887102,37362.356185324,16.4555974346647,55.8894841229379,2289.91419162432,0,40.3951474032631,12.016343110245,35.3648470544376,480.046168805392,85414.7599941358,9.66834952253255,615.894576721871,1.9391296700246,27.2655947262938,48.8484011567944,21.7143019922231,21.3600600033008,77.8371668302181,12.4860308752401,56.0193633169319,61.0029530480617,799.152668317904,6.38949919089853,2690.32891527103,44.7583703959706,2048.73583670298,12.5888216314207,77.9674503328626,3784.9767010495,282.674472416841,3.0398653949829,353.47886549456,26.0714471733152,64.3164438300264,44.0389341334413,617.761531576487,12.8887689918129,34857.5712780602,10.6195479533377,26.0150326121734,179.709172850415,9.28662807430361,252.728694889178,11509.4488572857,24.3193391028413,60.7236772698159,12187.5685480255,"CC vs. WW","WW"
"LOC111130777",2230.18611444835,6.86120475294741,2.93521809056791,3.56023862395438e-05,0.00530020273051233,4.72167549301583,26.0682665893805,1033.64916870234,17.4941379128385,3926.26091538199,26.7361709151765,15.0574520413805,16.5090559639724,4.41298503282386,6.98570216884062,34.2976349936021,283.270055838194,2593.19274713868,0,12080.2703203348,0,185.574926164022,7.92906690708032,2.73977283582683,22.2227467764063,32.21581796028,41.3224797796288,0,1.18931637470861,100.497504620282,25.0802017885994,6.08615908452129,1159.65642117633,2207.619254861,9.07908347561561,1.8569395072759,27629.1668420756,1830.00945390997,1719.91983855659,29.3981118000879,0,19.4067808344133,34.5595579431157,13.3169837912156,29.9397915632665,648.971979405798,2.32430616697382,1.48478462069184,0,20.1902114586436,20834.5291425336,0,0,1981.37396598842,0,11.5414706866466,0,4.77903338573481,357.56525330772,75286.6893941908,8.78940865684777,949.903034564129,0,6.54374273431051,31.3130776646118,25.3333523242603,2.03429142888579,34.0537604882204,9.60463913480007,64.1888538006511,8.56181797165778,481.391831906161,2.12983306363284,2020.38238453556,33.9078563605838,833.423416857077,0,33.1189169555522,1089.12434987464,280.457417731219,12.1594615799316,313.612828032767,2.26708236289698,42.5478013029406,29.1334487344304,562.693647886525,0,17688.5298959588,0,2.47762215354032,59.5665235852499,5.57197684458217,126.364347444589,15101.5404677927,26.5301881121905,32.5305413945443,10930.1718279717,"CC vs. WW","WW"
"LOC111130715",207.367033599363,23.0404368694544,2.55842700036538,8.41800920996138e-20,1.36692685802504e-16,0,3.00787691415929,63.653027852074,0,27.7474269638304,0,3.92803096731665,0,0,3.99182981076607,0,19.0968576969569,156.178544593235,0,282.520835157939,0,9.7671013770538,0,0.913257611942276,0,0,5.29775381790113,0,0,5.58319470112676,0,0,216.003736023436,40.6886346595363,0,0,937.054051465322,37.0406727541953,51.1210430603722,0,0,5.39077245400368,0,0,1.06927827011666,28.258539643796,0,0,0,3.02853171879654,15296.1776980352,0,8.17894889603969,2.098913099564,5.39869865983538,2.30829413732932,0,1.91161335429392,7.90199454823691,653.371086399037,0,142.538641244785,0,2.18124757810351,0,0,0,0,0,9.33656055282198,0,29.5591475731854,0,110.220101623145,0,0.580378423995179,0,0,25.6105973361611,8.86821874248914,1.0132884649943,32.7787419130293,1.13354118144849,0,0,58.0715864366876,0,281.884619785398,0,0,2.01920418933051,5.57197684458217,6.37131163586163,386.184431809966,1.1054245046746,7.59045965872699,86.4593669986047,"CC vs. WW","WW"
"LOC111130714",207.960034446252,22.7599690058888,3.41946546897687,9.96118850689288e-12,3.98156367073206e-09,0,6.01575382831857,22.801084603728,0,35.8404264949475,0,9.16540559040553,0,0,0,0,0,205.44291771996,0,1435.64665525293,0,0.7513154905426,0,0,0,0,0,0,0,0,0,0,278.186629727153,8.34638659682796,0,0,420.058712725834,75.0824447720176,21.6614589238865,0,0,0,0,0,26.7319567529165,38.0028636588981,0,0,0,0,14587.8920975103,0,0.681579074669974,2.098913099564,0,0,0,0,0,307.854045721852,0,53.1860601659646,0.969564835012302,0,0,0,0,0,0,3.50121020730824,0,16.8909414703916,0,130.347250615198,0,20.8936232638264,0,0,59.3087517258468,1.10852734281114,0,9.74503137954926,0,0,0,16.0197479825345,0,369.3660535119,0,2.47762215354032,0,8.35796526687325,0,911.856374810994,0,8.67481103854514,37.3589857401378,"CC vs. WW","WW"
"LOC144619617",362.347403441314,5.59771937098004,3.02667196160181,7.91528972830334e-05,0.0105415540613869,7.55468078882533,18.0472614849557,260.312382559228,0,135.268706448673,17.4366332055499,7.2013901067472,0,0,10.9775319796067,0,68.9608750167888,631.003247282735,10.6060374617572,2066.81022315896,7.50934116600455,12.7723633392242,1.76201486824007,4.56628805971138,4.6297389117513,0.715907065784001,2.11910152716045,0.946391354258981,3.56794912412582,27.9159735056338,12.5401008942997,2.02871969484043,578.191818648592,188.836996753233,0,3.71387901455181,2222.85711376138,485.533142859047,233.943756377974,6.78417964617412,0,6.46892694480442,0,0,17.1084523218665,148.113725029551,2.32430616697382,0,2.79102442338385,5.04755286466091,17059.3320008197,7.19932387766582,2.7263162986799,133.280981822314,0,6.92488241198797,0,6.69064674002873,53.3384632005991,1460.669195659,8.78940865684777,1295.6124256429,0,10.9062378905175,11.2727079592602,0,8.13716571554317,6.81075209764409,7.68371130784006,56.0193633169319,4.28090898582889,98.1785972966514,0.709944354544282,842.464950667344,3.39078563605838,65.5827619114552,0,4.13986461944403,312.718872736283,35.4728749699565,5.06644232497149,147.94729458043,4.53416472579395,15.8317400196988,2.71008825436562,127.156749611368,1.84125271311613,2417.07961333226,0,6.19405538385081,1.00960209466525,13.9299421114554,31.8565581793082,1281.90175573935,3.31627351402381,10.8435137981814,545.441191806012,"CC vs. WW","WW"
"LOC111127855",7801.07614124962,8.04097327388304,2.46821928371684,8.45412021207381e-06,0.00158019062755316,152.982285973713,134.351835499115,235.611207571856,97.0924654162535,47481.6282490645,70.908975035903,1.30934365577222,0,58.4720516849162,0.997957452691516,56.4902223424035,100.788971178384,861.602440641874,0,1.00184693318418,20.3824974505838,55.5973463001524,0.881007434120036,33.7905316418642,712.979792409701,327.169529063288,72.0494519234554,12.3030876053668,30.9222257424238,686.732948238592,152.571227547313,33.4738749648671,823.650609584315,9496.10135054101,11.3488543445195,11.1416370436554,32054.8252159404,94.1033307809287,9541.43942679353,14.322157030812,0,69.0018874112472,227.587332796128,7.17068357988534,110.135661822016,557.375333663838,24.7925991143874,51.2250694138685,15.8158050658418,9.08559515638963,4.65212217093528,32.9111948693294,8.86052797070966,60933.5461934425,0,18.4663530986346,0,59.2600139831116,2414.05933448638,162632.087260167,14.9419947166412,0,7.75651868009841,73.0717938664674,23.7979390251049,77.8095821387994,19.325768574415,69.0804855618186,0,478.498728332126,39.5984081189172,7636.81691230082,90.872877381668,22845.272541646,5.4252570176934,47135.4337047684,11.6896200863192,276.680952066176,64.7004564281965,46.558148398068,45.5979809247435,61.1279241080817,90.6832945158791,135.559273918671,372.637134975272,78.0962714148558,9.20626356558067,73994.1726848167,3.2675532164116,2.47762215354032,151.440314199788,20.4305817634679,12.7426232717233,112853.46607901,156.970279663794,14.0965679376358,120164.643933357,"CC vs. WW","WW"
"LOC111128033",4727.14633643302,6.67455584556931,3.35702958135622,5.85893106439201e-05,0.00822815610724156,37.7734039441266,1188.11138109292,124.455920128682,145.201344676559,21017.5197823113,18.5990754192532,2232.43093309163,96.9907037883377,28.6844027133551,7.98365962153213,0,245.07634044428,19294.8634152501,0,2.00369386636836,4.29105209485974,438.768246476878,40.5263419695217,29.2242435821528,212.04204215821,74.4543348415361,23.310116798765,13.2494789596257,3.56794912412582,1048.52396487161,10.4500840785831,5.07179923710107,14491.8870168451,20019.8515508165,6.80931260671171,27.8540926091385,30948.4106224742,836.918984392089,5695.23078026824,9.0455728615655,0,21.5630898160147,80.9199405497344,4.09753347422019,3568.18158737929,5373.99469432879,7.74768722324605,4.45435386207552,36.28331750399,10.0951057293218,38.380007910216,10.2847483966655,6.13421167202977,63709.3587676159,0,6.92488241198797,5.54600451242075,13.3812934800575,2218.48496941751,47964.6428363764,1.75788173136955,48.9311753526875,0,50.1686942963806,5.01009242633788,34.3809781543532,16.2743314310863,11.6755750245327,5.76278348088004,46.6828027641099,20.3343176826872,11767.7077856535,21.2983306363284,29825.5594992231,1.35631425442335,24165.2164398873,0,46.2284882504583,49.8732684967348,6.65116405686685,8.10630771995439,21.2618866462893,20.4037412660728,29.6845125369353,122.631493510044,24.0296219738018,0,26882.7205788442,0,56.9853095314274,235.237288057004,5.57197684458217,15.9282790896541,66046.7601542937,49.7441027103571,0,33793.8711009361,"CC vs. WW","WW"
"LOC111130849",551.248527654186,8.42491561001603,3.23928206156859,2.12096632583399e-05,0.00342266000692502,1.88867019720633,200.525127610619,125.405965320504,13.9953103302708,1218.57450082822,18.5990754192532,326.681242115168,51.5907998874137,4.41298503282386,0,0,737.35089441028,1238.94657522956,0,361.666742879489,0,48.835506885269,0,42.0098501493447,7.40758225880209,2.863628263136,0,3.78556541703592,2.37863274941721,131.763394946592,6.27005044714986,6.08615908452129,521.463564743447,1271.78065769166,4.5395417378078,0,4904.77043347247,510.560624449719,877.722315595882,0,0,8.62523592640589,1.68583209478613,2.0487667371101,137.936896845049,789.290245223268,1.54953744464921,0,0,69.6562295323205,2020.18405272864,0,0,5508.59742980572,0,4.61658827465864,0,0,419.793460375086,9222.52119949719,0,109.563283941887,0,8.72499031241402,5.01009242633788,27.1428774902789,0,0,32.6557730583202,21.0072612438494,0,962.783663812323,2.83977741817713,2026.13299853329,1.35631425442335,916.417531488387,0,24.1492102800902,359.896288881843,35.4728749699565,2.0265769299886,5.31547166157232,9.06832945158791,0,8.13026476309685,10.0123424890841,0,4623.55577510072,0,0,19.1824397986398,7.42930245944289,4.24754109057442,4488.9617237851,14.3705185607698,0,6161.03044834501,"CC vs. WW","WW"
"LOC111130729",596.096974349256,3.38280036332289,3.55038233796507,0.000461625211448892,0.0383178422321203,1.88867019720633,400.047629583185,796.137870746836,119.834844702943,480.955400706393,122.056432438849,1374.81083856083,39.2090079144344,2.20649251641193,0,0,2272.52606593787,2108.93444108449,0,2140.94689621459,56.8564402568916,725.019448373609,66.9565649931227,16.438637014961,5.55568669410156,1.431814131568,0,0,0,109.430616142085,0,23.3302764906649,1704.02947307377,4126.24487380682,9.07908347561561,16.7124555654831,4071.33829257347,1044.14653196286,1338.67816149619,4.52278643078275,8.42279743391361,6.46892694480442,10.1149925687168,15.3657505283257,518.59996100658,939.35283505584,3.09907488929842,5.93913848276736,0,295.786597869129,1858.52280728864,8.22779871733236,23.1736885387791,2759.02126937688,0,0,0,1.91161335429392,594.625089754827,3368.38176622261,73.8310327175213,411.660105684566,0,19.6312282029315,0,100.428646714032,0,17.5133625367991,257.404328812642,0,0,1028.23606201009,2.83977741817713,2477.55619735504,174.286381693401,769.001411793612,78.2305344238288,9.65968411203607,1435.54137700061,243.876015418451,0,14.1745910975262,0,5.93690250738706,14.9054853990109,8.00987399126726,8.2856372090226,5791.05490915441,0,0,222.112460826356,0,2.12377054528721,3280.83848636168,11.054245046746,10.8435137981814,4775.54577718219,"CC vs. WW","WW"
"LOC111129711",489.932174904809,10.0788926980995,3.07537662463086,6.63557407340693e-06,0.0012770285185273,0,31.081394779646,12.350587493686,0,472.862401175276,0,51.0644025751165,0,3.3097387746179,0,0,717.193100174603,809.193533060251,0,0,2.14552604742987,1.5026309810852,0,9.13257611942276,33.3341201646094,4.29544239470401,9.53595687222203,0,0.594658187354303,776.06406345662,0,0,663.284199506309,4899.32893233801,13.6186252134234,0,2258.51196470893,348.382543742161,115.238961475076,0,0,3.23446347240221,3.37166418957227,0,12.8313392413999,157.858049044654,0.774768722324605,0.742392310345921,0,1.00951057293218,4549.7754831747,5.14237419833273,0,864.752197020368,0,0,0,2.86742003144088,1092.45074629375,219.42788365281,0,45.7400117427296,0,3.27187136715526,2.50504621316894,36.1905033203718,0,0,3.84185565392003,0,0,184.744672332408,4.96961048180997,11095.8097086187,0,1055.12797482324,3.59680618040592,31.0489846458302,31.0023020385108,8.86821874248914,2.0265769299886,2.65773583078616,2.26708236289698,1.97896750246235,14.2279633354195,2.00246849781681,0,8081.77245154839,1.6337766082058,1.23881107677016,296.823015831584,0,42.4754109057442,1950.5195779775,69.6417437945,0,3951.51329171401,"CC vs. WW","WW"
"LOC111127840",135.491513962934,5.15252943701448,0.922086016797284,1.10828331931309e-08,3.26244071574654e-06,20.7753721692697,24.0630153132743,25.651220179194,21.8676723910481,23.122855803192,17.4366332055499,16.3667956971527,0,13.2389550984716,15.9673192430643,29.2538651416018,18.0359211582371,4.1927126065298,23.8635842889536,22.040632530052,19.3097344268688,31.5552506027892,19.3821635506408,29.2242435821528,17.593007864655,18.613583710384,21.1910152716045,11.3566962511078,9.51453099766885,25.6826956251831,4.18003363143324,22.3159166432447,4.3637118388573,18.7793698428629,5.67442717225976,12.9985765509313,6.68528455266579,70.0769484538831,117.838336545943,34.6746959693344,27.3740916602192,12.9378538896088,3.37166418957227,16.3901338968808,29.9397915632665,9.74432401510207,8.52245594557066,24.4989462414154,10.2337562190741,6.05706343759309,6.97818325640292,52.4522168229938,12.9500024187295,2945.82453523807,22.6745343713086,9.23317654931729,19.4110157934726,3.82322670858784,20.7427356891219,24.5628227969563,13.1841129852717,5.31860601659647,48.4782417506151,3541.25544305104,160.322957642812,12.6666761621301,11.1886028588719,14.5944687806659,30.7348452313602,25.6755415202604,32.1068173937167,14.7795737865927,10.6491653181642,42.1711693166816,11.5286711625985,106.209251591118,14.3872247216237,38.6387364481443,4.04377852676228,27.7131835702785,6.07973078996579,32.7787419130293,15.8695765402788,20.7791587758547,9.48530889027966,20.0246849781681,17.4919007746033,5.40008850163597,15.5208777779551,14.8657329212419,19.1824397986398,3769.44233535984,38.2278698151698,180.987927743775,12.1596695514206,56.3862717505434,20.280592258932,"CC vs. WW","WW"
"LOC111130070",542.641374840489,1.10086437114633,0.58329449697354,2.43826902813901e-05,0.00388642132638526,542.048346598217,442.157906381415,440.820969005408,570.308895958534,376.902549592029,291.772995639535,456.306264036618,546.862478806585,479.912122319595,635.698897364496,538.674620193633,481.665188578802,838.54252130596,414.961215691249,730.346414291267,284.282201284458,461.307711193156,436.098679889418,595.443962986364,476.863107910384,410.930655760017,508.584366518508,338.808104824715,530.435103120039,523.70366296569,408.598287472599,405.743938968086,537.827484139162,434.012103035054,516.372872675638,323.107474266007,774.378794017121,511.561723713346,242.608339947529,481.676754878363,621.181310751129,526.13939151076,324.522678246331,540.874418597065,498.283673874363,321.562692498368,485.005220175203,508.538732586956,1301.54772277133,464.374863548803,567.558904854104,426.817058461616,477.786931343652,846.911435674074,915.61929270808,467.429562809188,351.246952453314,342.178790418612,483.009416760981,438.855767305619,276.866372690705,505.267571576664,393.643323014994,518.046299799582,351.958992950236,494.000370323075,582.824494375779,590.58950332428,521.531905019644,552.024142685599,392.773399449801,564.79085541622,498.380936890086,444.714149157733,292.285721828232,475.329929252051,425.322330833,2891.00545924508,388.202738569179,519.899323778426,551.228924956899,399.54628656152,488.556249204299,494.741875615588,556.923136272134,523.645512179097,1500.62096118965,411.486743824661,691.904393575156,294.837036271298,477.541790776665,1517.43502734121,460.858208327325,640.950877869675,382.476878617413,540.006987149435,412.016242734091,"CC vs. WW","WW"
"LOC111107831",295.835301791731,2.63203476478521,1.05501294027665,2.65420525499015e-05,0.00415415100782525,131.26257870584,143.375466241593,20.900994220084,98.8418792075373,61.2755678784587,162.741909918466,185.272127291769,66.0362238558895,77.2272380744176,59.877447161491,182.584468642411,152.774861575655,103.769637011613,112.68914803117,297.548539155702,105.130776324064,253.193320312856,112.768951567365,45.6628805971138,70.3720314586198,265.601521405864,307.269721438266,82.3360478205313,153.42181233741,323.825292665352,352.16783344825,99.407265047181,226.913015620579,136.672080523058,93.06060562506,143.912811813882,608.360894292587,161.176981443931,183.689171674558,139.452581615801,436.932616884269,136.925620331694,150.881972483359,236.632558136216,36.3554611839664,113.034158575184,196.016486748125,617.670402207806,164.670440979647,85.8083986992354,137.237604042591,164.555974346647,346.242169932347,4957.63274117017,375.749426724542,297.769943715483,276.375891535634,146.238421603485,163.966386875916,65.5008607918834,275.98743182502,118.073053568442,125.073863716587,284.652808942507,296.84797626052,142.952488115469,113.920320017604,224.754819222255,102.769638742361,43.1815925568016,211.90499479853,193.190143067604,0,76.6748533030575,248.205508559473,200.230556278337,324.611757781634,171.804381706927,222.407818971926,364.705495784866,189.484942953934,163.007797621551,320.792154349922,208.781071509778,212.741927967701,141.174029096085,246.727863557562,266.764371980817,216.475400587268,132.552785214407,234.227685962339,5600.76539161251,81.7651659935576,179.835138395089,57.4820742430793,175.664923530539,219.884316070525,"CC vs. WW","WW"
"LOC111130504",143.73616115742,1.91672599464199,2.08983540427069,0.000494847013299042,0.0401769382891325,3.77734039441266,72.1890459398229,408.51943248346,43.7353447820962,159.547705042025,36.0357086248032,1289.04882910775,45.399903900924,7.72272380744176,0.997957452691516,6.05252382240037,1184.00517721133,1756.74658213599,19.8863202407947,3.00554079955254,50.4198621146019,126.972317901699,4.40503717060018,16.438637014961,33.3341201646094,16.465862513032,10.5955076358023,12.3030876053668,19.0290619953377,20.0995009240563,4.18003363143324,12.1723181690426,100.365372293718,60.5113028270027,29.5070212957507,9.28469753637951,743.180799438014,33.0362756996877,254.738756944905,19.5987412000586,10.528496792392,28.0320167608192,15.1724888530752,0,296.190080822315,494.037227565675,17.0449118911413,8.90870772415105,51.1687810953705,125.179311043591,282.616421884318,40.1105187469953,98.1473867524763,187.852722410978,8.6379178557366,61.169794639227,48.9897065263833,7.64645341717569,63.2159563858953,519.094321775676,59.7679788665649,419.106154107801,6.78695384508611,28.3562185153456,95.1917561004198,21.7143019922231,4.06858285777158,3.89185834151091,116.216133531081,26.8426115893632,24.6152266685161,96.0672296128524,26.9778854726827,220.44020324629,31.8733849789487,207.195097366279,3.59680618040592,5.51981949259204,522.995356127922,146.325609251071,14.1860385099202,32.7787419130293,26.0714471733152,13.8527725172365,18.2930957169679,50.0617124454204,0,936.375346183677,13.8871011697493,35.9255212263347,20.1920418933051,5.57197684458217,2.12377054528721,470.338054264078,6.63254702804762,13.0122165578177,519.823601584203,"CC vs. WW","WW"
"LOC111130014",68.7812450846458,1.62302498592609,1.47750226609779,0.00025171369359159,0.0255459901296996,22.664042366476,27.0708922274336,53.202530742032,41.9859309908123,83.2422808914911,22.0864020603632,100.164789666575,19.6045039572172,48.5428353610625,30.936681033437,17.1488174968011,233.406038518362,110.058705921407,26.5150936543929,79.1459077215502,266.045229881304,186.326241654565,20.2631709847608,18.2651522388455,5.55568669410156,65.8634500521281,99.5977717765412,278.23905815214,152.827154150056,43.5489186687888,15.6751261178746,22.3159166432447,43.637118388573,197.183383350061,62.4186988948573,10.2131672900175,99.1650541978759,63.0692536084948,76.2483354120806,12.8145615538845,52.6424839619601,113.206221534077,2.5287481421792,72.7312191674084,33.1476263736164,79.903456923837,6.19814977859684,43.8011463104093,13.0247806424579,227.139878909741,93.0424434187056,293.115329304965,19.0842140907593,52.4728274891,15.1163562475391,23.0829413732932,0,5.73484006288177,17.779487733533,37.662994955333,14.0630538509564,108.499562738568,36.8434637304675,41.4437039839666,37.5756931975341,104.952459629078,39.6686828632729,149.83654614817,83.5603604727606,8.16949048371923,36.3877263795456,53.8398759368733,71.7043798089724,108.303230290569,35.2641706150071,133.487037518891,14.3872247216237,33.8088943921262,242.626711605737,60.9690038546128,44.5846924597491,46.9533330105555,10.2018706330364,8.90535376108059,23.7132722256992,77.0950371659474,19.3331534877194,132.842177140245,19.6053192984696,4.95524430708064,96.9218010878643,23.216570185759,32.9184434519518,244.391341921531,11.054245046746,133.375219717631,125.953151923893,"CC vs. WW","WW"
"LOC144619843",153.351165812567,6.87046005275227,4.86322240472636,0.000137798121435649,0.0160544080404466,0,7.01837946637167,4.75022595911,1.74941379128385,949.19323072103,2.32488442740666,19.6401548365833,0,4.41298503282386,0.997957452691516,0,22.2796673131164,140.455872318748,0,0,0,38.3170900176726,0,1.82651522388455,0,2.863628263136,4.2382030543209,1.89278270851796,0,66.9983364135212,0,0,65.4556775828594,241.001912983407,6.80931260671171,0,2517.00963407867,64.0703528721216,112.63958640421,3.01519095385517,0,0,0,0,21.3855654023332,91.5966457419595,0,0,0,10.0951057293218,0,0,0,1092.48426832306,0,4.61658827465864,0,0,106.676926401198,469.968676181764,0,8.50976962655434,0,4.36249515620701,0,9.95238841310225,0,0,1.92092782696001,0,0,313.538101044145,1.41988870908856,512.763081464197,1.35631425442335,532.207014803579,0,4.13986461944403,2.69585235117486,0,2.0265769299886,0,0,0,2.03256619077421,17.0209822314429,0,3977.70519030505,0,0,2.01920418933051,0,0,880.73106239646,3.31627351402381,0,1754.8049301939,"CC vs. WW","WW"
"LOC111127876",127.877469341178,2.58685762128429,2.80098589635626,0.000522216789322354,0.0408506699318478,7.55468078882533,170.446358469026,142.5067787733,149.574879154769,127.175706917556,2.32488442740666,443.867499306782,94.9270717928411,2.20649251641193,3.99182981076607,14.1225555856009,927.258534841129,624.71417837294,2.65150936543929,6.01108159910508,4.29105209485974,323.81697642386,1.76201486824007,7.30606089553821,0,1.431814131568,2.11910152716045,8.51752218833083,2.37863274941721,22.3327788045071,7.31505885500817,4.05743938968086,454.916959200873,276.474056019926,4.5395417378078,3.71387901455181,893.599701872995,270.296801179263,473.086262897682,0,0,10.7815449080074,15.1724888530752,20.487667371101,593.449439914746,182.218859082409,4.64861233394763,11.8782769655347,1.86068294892256,196.854561721775,154.683062183598,2.05694967933309,2.7263162986799,494.294034947322,0,2.30829413732932,5.54600451242075,7.64645341717569,94.8239345788429,280.016179885302,0,190.406095394153,5.81738901007381,16.3593568357763,7.51513863950682,0,12.2057485733148,0.972964585377727,210.341597052122,28.0096816584659,8.56181797165778,440.220162072082,0,527.13961645852,8.81604265375178,156.702174478698,1.79840309020296,2.75990974629602,218.364040445163,170.713210792916,1.0132884649943,0,6.80124708869093,10.8843212635429,2.71008825436562,2.00246849781681,7.36501085246453,734.412036222492,1.6337766082058,0,30.2880628399576,7.42930245944289,0,514.144049514164,6.63254702804762,2.16870275963628,867.795868763773,"CC vs. WW","WW"
"LOC111129367",65.5410788515529,5.08423199661417,2.83286643031287,8.94454461759081e-05,0.0116194106854813,2.8330052958095,24.0630153132743,199.50949028262,58.6053620080089,48.5579971867031,9.29953770962662,94.2727432155997,0,6.6194775492358,0,0,366.02310585834,298.730773215248,0,17.0313978641311,8.58210418971948,139.744681240924,2.64302230236011,2.73977283582683,3.70379112940104,0,11.6550583993825,0.946391354258981,5.94658187354303,17.8662230436056,0,1.01435984742021,144.002490682291,45.9051262825538,6.80931260671171,0,834.546354991113,79.0868418265252,166.360004535448,2.26139321539137,0,5.39077245400368,0,4.09753347422019,238.449054236015,163.704643453715,6.19814977859684,8.90870772415105,0,230.168410628537,247.725505602304,13.3701729156651,0,41.97826199128,0,2.30829413732932,0,0,48.399716607951,203.052668454839,0,9.57349082987364,5.81738901007381,27.2655947262938,0,2.71428774902789,0,1.94592917075545,56.6673708953204,2.33414013820549,0,210.081084537996,0,53.6723973121402,13.5631425442335,149.737633390756,0,0,76.8317920084834,168.496156107294,0,0,56.6770590724244,0.989483751231176,5.42017650873124,3.00370274672522,11.9681426352549,977.41601879611,3.2675532164116,0,5.04801047332626,9.28662807430361,7.43319690850524,96.8343052896631,2.21084900934921,6.50610827890885,251.906303847786,"CC vs. WW","WW"
"LOC144619904",26.6500245875775,21.8667013307211,2.92349874863314,2.8963830471339e-14,1.60108357335289e-11,0,441.155280743362,15.200723069152,6.12294826949346,23.122855803192,4.64976885481331,45.1723561241415,0,0,0,3.02626191120019,0,241.080974875463,0,4.00738773273672,0,158.527568504489,0,0,0,5.72725652627201,0,0,0,0,0,0,109.092795971432,17.7360715182594,0,0,244.012886172302,19.0208860089111,26.8602090656193,0,0,0,0,0,178.569471109482,89.6477809389391,0,0,0,5.04755286466091,30.2387941110793,0,0,73.46195848474,0,0,0,0,0,81.8760759898543,0,34.0390785062174,0,0,2.50504621316894,3.61905033203718,0,0,11.5255669617601,0,0,144.628686340228,1.41988870908856,9.58435666288218,5.4252570176934,13.9290821758843,0,0,2.69585235117486,90.8992421105136,0,1.77182388719077,0,0,0,0,0,48.6007965147237,0,4.95524430708064,0,0,0,99.139883987036,0,0,153.705541330853,"CC vs. WW","WW"
"LOC111130129",2983.12256898078,5.71640689739732,4.46186446546474,0.000190306900350245,0.0204312544545443,5.666010591619,2.00525127610619,4469.96262752251,12.2458965389869,120.238850176598,6.97465328221997,2577.44298638761,108.340679763569,4.41298503282386,0,0,5733.30105524195,3579.52838782482,2.65150936543929,47078.791084191,0,129.97757986387,0,1.82651522388455,37.0379112940104,78.7497772362401,4.2382030543209,0,1.18931637470861,45.7821965492395,15.6751261178746,0,702.557606056025,1539.90832711476,56.7442717225976,0,20875.9152297911,20005.96768432,1813.49734110778,37.6898869231896,0,8.62523592640589,0,0,7.48494789081661,1168.34444941074,3.09907488929842,0,0,42.3994440631516,78453.3882906525,4.11389935866618,6.81579074669974,307.490769086126,0,43.8575886092571,0,0,292.373798284766,551.844752171618,3.51576346273911,23348.6804128585,0,0,15.0302772790136,18.0952516601859,0,0,21.1302060965602,147.050828706946,6.42136347874334,685.138813392761,0,230.024559909172,73.9191268660726,77.770708815354,0,0,20504.652983036,305.953546615875,0,745.051944563721,0,98.9483751231176,6.77522063591404,669.825712519724,0,34596.206994581,0,0,276.630973938279,0,259.10000652504,1812.18485613512,4.42169801869841,36.8679469138168,565.721784064944,"CC vs. WW","WW"
"LOC111130134",3779.57263028681,8.16657018191979,2.32861739941,5.51574119398404e-06,0.00107747723278872,6.61034569022216,755.979731092034,1287.31123491881,38.4871034082446,9030.63133393662,29.0610553425832,2366.63865780828,48.4953518941688,18.7551863895014,15.9673192430643,24.2100952896015,269.477880834836,13203.900176114,15.9090561926357,5969.00402791135,0,72.1262870920896,0,12.7856065671919,48.1492846822136,39.3748886181201,21.1910152716045,0.946391354258981,6.54124006089734,353.974544051437,9.40507567072478,20.2871969484043,5264.81833358133,14253.5417107329,18.1581669512312,0,9085.30170707281,2576.82950457564,8245.21772478816,9.0455728615655,0,12.9378538896088,33.7166418957227,9.21945031699543,397.771516483397,8189.12990229178,11.6215308348691,8.16631541380513,5.58204884676769,709.685932771324,9905.53113246394,6.17084903799927,3.40789537334987,13439.3405765083,0,12.6956177553113,1.84866817080692,0.955806677146961,2948.4317158109,44368.645578902,3.51576346273911,82.9702538589049,5.81738901007381,56.7124370306911,10.0201848526758,45.2381291504648,3.05143714332869,47.6752646835086,89.3231439536407,53.6852231787264,23.5449994220589,5987.83875125383,20.5883862817842,13653.874501942,4.74709989048173,1089.37030183895,0,106.946502668971,1023.07596727086,104.201570224247,5.06644232497149,50.4969807849371,23.8043648104183,14.8422562684676,50.8141547693553,43.0530727030615,1.84125271311613,23003.2969992689,0,0,174.661162377089,0.928662807430361,39.2897550878134,124178.468640506,132.650940560952,11.9278651779996,24394.3502887174,"CC vs. WW","WW"
"LOC111130135",2510.62881346662,7.8369051100116,2.61514287641997,1.28488699377383e-05,0.00218187248269529,4.72167549301583,126.33083039469,585.227838162352,13.9953103302708,10089.6581297228,13.9493065644399,360.724177165246,9.28634397973446,16.5486938730895,5.9877447161491,12.1050476448007,181.42014812109,3036.57210527921,14.5833015099161,890.641923600736,0,24.0420956973632,0,3.6530304477691,36.1119635116602,10.73860598676,33.9056244345672,0.946391354258981,1.18931637470861,190.945258778535,3.13502522357493,0,2420.76914260609,17609.8324209824,1.13488543445195,0.928469753637951,8381.11840085868,1229.34989573383,6766.17330946519,0,0,7.54708143560516,48.0462147014048,1.02438336855505,74.8494789081661,2278.22295473086,6.97291850092145,8.90870772415105,13.0247806424579,110.036652449608,4211.33359523916,7.19932387766582,5.45263259735979,13987.1568954945,0,5.77073534332331,10.167674939438,0,2922.75023352913,24564.4603184761,7.03152692547822,3.19116360995788,1.9391296700246,66.5280511321569,7.51513863950682,33.4762155713439,2.03429142888579,61.2967688787968,26.8929895774402,74.6924844225758,24.6152266685161,3415.13722854481,2.83977741817713,10345.354581915,4.06894276327005,2232.71579710945,0,46.9184656870323,136.14054373433,13.3023281137337,0,42.5237732925786,12.4689529959334,20.7791587758547,29.8109707980218,92.1135508995735,0.920626356558067,10856.337923689,0,2.47762215354032,203.939623122381,4.64331403715181,27.6090170887337,80832.4363405463,19.8976410841428,11.9278651779996,21975.6228119416,"CC vs. WW","WW"
"LOC111130130",500.361687792216,4.3515574072118,4.63907457998328,0.000423295488611826,0.0362958418799467,0,19.0498871230088,88.354202839446,0.874706895641923,57.8071395079799,0,28.8055604269888,0,0,0,0,43.4983980875129,194.961136203636,0,5203.59297095863,0,11.269732358139,0,1.82651522388455,2.77784334705078,2.147721197352,12.7146091629627,0,0,7.81647258157747,0,0,257.45899849258,299.426619161203,1.13488543445195,0,3165.48223568725,58.0637572903603,175.024588105003,0,0,0,0.842916047393067,0,25.6626784827998,44.8238904694695,0,0,0,12.1141268751862,30941.2645588905,0,0,15.74184824673,0,1.15414706866466,0,0,78.0321961638395,2580.73391520021,0,106.372120331929,0,0,2.50504621316894,0,0,0,2.88139174044002,17.5060510365412,0,47.5057728854765,0,511.804645797909,11.5286711625985,25.5366506557879,0,2.75990974629602,161.751141070491,27.7131835702785,0,32.7787419130293,0,0,0.677522063591404,60.0740549345044,0,522.728566958362,0,2.47762215354032,21.2016439879703,1.85732561486072,8.49508218114884,864.592011514849,0,9.75916241836328,258.310701403239,"CC vs. WW","WW"
"LOC111130131",1335.88477032607,3.13502160162382,3.54344048813348,0.000554653731753789,0.0423837017785153,2.8330052958095,87.2284305106193,272.662970052914,0.874706895641923,293.660268700538,1.16244221370333,44.5176842962554,0,2.20649251641193,3.99182981076607,0,162.323290424134,507.318225390106,0,16596.5962951291,0,60.105239243408,2.64302230236011,5.47954567165366,25.9265379058073,12.170420118328,4.2382030543209,13.2494789596257,0,14.5163062229296,6.27005044714986,1.01435984742021,468.008094717445,649.974856227977,7.94419804116366,1.8569395072759,7643.50867188122,284.31219087004,484.350221538103,7.53797738463791,0,11.8596993988081,2.5287481421792,0,68.4338092874662,103.289834560082,0.774768722324605,1.48478462069184,0,56.5325920842022,79120.9678221817,0,1.36315814933995,59.819023337574,0,15.0039118926406,0,0,246.937329632403,7955.07954317424,0,431.870808547633,0,10.9062378905175,5.01009242633788,0,2.03429142888579,3.89185834151091,18.2488143561201,78.193694629884,0,108.735435715646,0,1345.64367546866,12.2068282898102,66.1631403354504,0,1.37995487314801,366.63591975978,65.4031132258574,0,189.585155929413,5.66770590724244,6.92638625861823,2.03256619077421,228.281408751117,0,1871.67067466703,0,6.19405538385081,49.4705026385974,4.64331403715181,15.9282790896541,1966.65862885911,0,44.4584065725438,681.000940063084,"CC vs. WW","WW"
"LOC111130133",561.744009820898,3.97960052072945,4.53421962735512,0.000504868295451575,0.0405673709581633,0,99.2599381672565,233.711117188212,0,169.952990153461,2.32488442740666,34.0429350500777,0,0,0,0,47.7421442423922,447.572070747056,0,6649.2580955434,0,29.3013041311614,0,0,5.55568669410156,0,2.11910152716045,7.57113083407185,1.18931637470861,3.34991682067606,0,0,353.460658947441,257.694686177063,0,0,3667.9927912293,172.189073343827,184.555630031513,0,0,2.15630898160147,1.68583209478613,0,45.9789656150163,43.8494580679593,0,0,0,22.209232604508,31989.1550778937,0,0,31.48369649346,0,2.30829413732932,0,0,42.4732206967734,3386.39450294037,0,178.705162157641,0,0,1.25252310658447,0,0,0,8.64417522132007,31.5108918657742,0,50.6728244111749,0,599.022291430137,2.03447138163503,16.250595871865,0,2.06993230972201,252.062194834849,27.7131835702785,0,125.799495990545,0,2.96845125369353,0.677522063591404,83.1024426593978,0,1109.17817823603,0,0,11.1056230413178,3.71465122972145,8.49508218114884,922.231478949172,0,22.771378976181,283.928291625047,"CC vs. WW","WW"
"LOC111130132",492.052342525204,23.5927806795669,2.65378000401222,2.30815251524117e-19,3.15621634202531e-16,0,34.0892716938053,220.410484502704,0,49.7141399768627,0,7.2013901067472,20.6363199549655,0,0,0,131.556130801259,244.225509330361,0,6887.69766564124,0,23.2907802068206,0,1.82651522388455,7.40758225880209,0,7.41685534506158,6.62473947981287,0,4.46655576090141,0,0,146.184346601719,212.832858219113,0,0,4330.95017603532,73.0802462447638,124.770003401586,0,2.1056993584784,11.8596993988081,0,0,24.5934002126832,15.5909184241633,0,0,0,26.2472748962367,27576.6171987616,0,0,22.038587545422,0,3.46244120599398,0,0,74.081198889721,2700.27298614539,0,320.180082199107,0,0,2.50504621316894,5.42857549805577,0,0,3.84185565392003,10.5036306219247,0,25.3364122055874,0,436.088228161139,10.1723569081751,16.250595871865,0,0.689977436574005,88.9631275887702,38.79845699839,0,33.6646538566247,0,2.96845125369353,0.677522063591404,52.0641809432372,0,540.008850163597,0,0,17.1632356093093,0,8.49508218114884,365.43422353361,0,33.6148927743624,264.715098958691,"CC vs. WW","WW"
"LOC111122295",63.7762572317586,3.49883630815045,1.52817071617646,4.2515886249817e-05,0.00620564741941851,19.8310370706665,48.1260306265486,387.618438263376,18.3688448084804,25.4351413835112,44.1728041207265,32.7335913943054,0,17.6519401312955,41.9142130130437,4.03501588160025,14.8531115420776,10.4817815163245,25.1893389716733,25.0461733296045,56.8564402568916,6.0105239243408,35.2402973648014,34.7037892538065,9.25947782350261,12.886327184112,47.6797843611102,9.46391354258981,29.1382511803609,39.0823629078873,4.18003363143324,25.3589961855054,17.4548473554292,37.5587396857258,24.9674795579429,19.497864826397,33.426422763329,7.00769484538831,12.9968753543319,15.8297525077396,34.7440394148937,36.6572526872251,4.21458023696533,29.7071176880964,34.2169046437331,4.87216200755104,7.74768722324605,14.1054538965725,715.432593860726,4.03804229172873,2.32606108546764,32.9111948693294,24.5368466881191,11.544022047602,1.07973973196708,20.7746472359639,12.016343110245,60.2158206602585,19.7549863705923,0,7.03152692547822,14.8920968464701,65.9304087808365,20.7218519919833,12.5252310658447,41.6190788184276,193.25768574415,87.5668126839954,68.1929378570805,26.8426115893632,527.622032503411,10.5568384189948,10.6491653181642,0.958435666288219,7.45972839932843,24.9562722317927,62.0449066120021,334.639056738392,26.9585235117486,9.97674608530028,63.8371732946408,13.2886791539308,10.2018706330364,32.6529637906288,9.48530889027966,19.0234507292597,25.7775379836259,47.5207788143965,27.7742023394986,23.5374104586331,336.197497523529,679.781175039024,11.6807379990797,13.8334721842376,392.425699159484,34.6992441541805,306.34368306913,"CC vs. WW","WW"
"LOC111118783",119.467175473845,5.12506276231967,2.73546210896741,7.94039219032789e-05,0.0105415540613869,0.944335098603166,245.643281323008,139.656643197834,61.2294826949346,0,2.32488442740666,881.188280334703,59.8453278693998,0,0.997957452691516,6.05252382240037,1430.14245419433,662.448591831708,1.32575468271965,13.0240101313943,0,81.1420729786008,2.64302230236011,5.47954567165366,9.25947782350261,15.034048381464,10.5955076358023,23.6597838564745,8.32521462296025,25.6826956251831,10.4500840785831,8.11487877936172,547.645835776591,266.041072773891,6.80931260671171,7.42775802910361,3.3426422763329,334.367154051385,315.390841931788,1.50759547692758,8.42279743391361,11.8596993988081,0,1.02438336855505,4.27711308046664,292.329720453062,3.09907488929842,1.48478462069184,3.72136589784513,157.48364937742,13.9563665128058,8.22779871733236,8.17894889603969,540.47012313773,0,6.92488241198797,12.9406771956484,0,126.431912771791,103.163855747216,11.4262312539021,218.062846680455,2.9086945050369,29.4468423043973,2.50504621316894,3.61905033203718,2.03429142888579,7.78371668302181,359.213503641523,15.1719108983357,2.14045449291445,589.071583779908,4.96961048180997,335.452483200876,0,7.54491951193732,9.89121699611628,3.44988718287002,297.891684804822,119.720953023603,3.0398653949829,2.65773583078616,0,1.97896750246235,6.77522063591404,5.00617124454204,0,1566.02566547443,0,2.47762215354032,2.01920418933051,7.42930245944289,2.12377054528721,0,0,0,877.402465096951,"CC vs. WW","WW"
"LOC111118775",4.93929173027756,19.4478087691071,3.13185198974186,1.64859619009443e-10,5.78813211011396e-08,0,0,19.950949028262,3.49882758256769,15.0298562720748,0,0,0,218.442759124781,0,1.00875397040006,4.24374615487931,2.0963563032649,0,0,4.29105209485974,61.6078702244932,0,0,0,0,0,0,0,0,0,0,2.18185591942865,0,0,0,0,2.0021985272538,0,0,0,25.8757077792177,0,0,0,0,0,0,0.930341474461282,0,0,0,0,0,0,0,0,0,0,0,0,0,0,0,7.51513863950682,0,0,0,7.68371130784006,2.33414013820549,0,2.11136768379895,0,0,0,8.70567635992768,5.39520927060888,7.58975180231405,0,8.86821874248914,0,7.97320749235849,0,0,0,0,0,0,0,9.91048861416129,0,17.6445933411769,3.18565581793082,0,0,4.33740551927257,0,"CC vs. WW","WW"
"LOC111119747",17.1039875693238,3.95163873416603,3.27144283646656,0.000258792405845396,0.0258603288318047,7.55468078882533,5.01312819026548,32.301536521948,0,47.4018543965435,2.32488442740666,95.5820868713719,1.03181599774827,0,3.99182981076607,0,128.373321185099,86.9987865854933,0,2.00369386636836,7.50934116600455,26.296042168991,0.881007434120036,1.82651522388455,1.85189556470052,0,6.35730458148136,10.4103048968488,0,0,0,0,67.6375335022881,29.2123530888979,3.40465630335585,0,94.7081978294321,30.032977908807,29.4595841364857,1.50759547692758,1.0528496792392,8.62523592640589,0,0,19.2470088620999,48.7216200755104,0,1.48478462069184,6.51239032122897,41.3899334902194,6.97818325640292,0,0,35.681522692588,0,10.387323617982,0,0,14.8162397779442,8.18760759898543,4.39470432842389,4.25488481327717,1.9391296700246,17.449980624828,2.50504621316894,0,0,0,34.5767008852803,0,5.35113623228612,22.169360679889,1.41988870908856,15.3349706606115,2.7126285088467,9.86643320791804,0,0.689977436574005,39.0898590920354,41.0155116840122,32.4252308798176,6.20138360516771,0,0,5.42017650873124,2.00246849781681,0,124.202035537627,0,0,0,1.85732561486072,0,169.46003425691,0,0,102.470360887235,"CC vs. WW","WW"
"LOC111099773",141.011065321474,2.2437122976103,2.56053889213638,0.000590975763449075,0.0446341317156117,9.44335098603166,145.380717517699,150.107140307876,87.4706895641923,145.673991560109,12.7868643507366,655.326499713995,60.8771438671481,13.2389550984716,2.99387235807455,15.1313095560009,806.311769427069,567.064380033155,0,287.53006982386,18.2369714031539,246.431480897973,16.7391412482807,5.47954567165366,6.48163447645182,8.59088478940801,8.47640610864181,0,7.13589824825164,62.5317806526197,14.6301177100163,10.1435984742021,376.370146101442,437.141998008864,6.80931260671171,10.2131672900175,977.165758781317,264.290205597502,221.813339380598,1.50759547692758,1.0528496792392,0,11.8008246635029,6.14630021133029,531.43130024798,306.946206475715,6.19814977859684,0.742392310345921,0,178.683371408996,288.431574597987,4.11389935866618,1.36315814933995,460.711425354298,41.0301098147489,304.694826127471,3.69733634161384,0.955806677146961,138.284904594146,232.528055811186,8.78940865684777,346.77311228209,17.4521670302214,40.3530801949148,0,35.2857407373625,2.03429142888579,9.72964585377727,139.267267454601,2.33414013820549,2.14045449291445,366.322293139119,5.67955483635425,616.274133423325,63.7467699578975,149.157254966761,7.19361236081184,0,222.407818971926,90.8992421105136,0,7.0872955487631,24.9379059918667,55.4110900689459,124.664059700818,21.0259192270766,83.7769984467841,722.531841518893,0,52.0300652243468,23.2208481773008,1.85732561486072,0,630.575773731497,3.31627351402381,28.1931358752717,890.211260207855,"CC vs. WW","WW"
"LOC111121907",219.414182602605,3.05567754547274,2.89494102479864,0.0003738347743897,0.0332623331281465,1.88867019720633,145.380717517699,392.368664222486,24.4917930779739,320.251552874209,2.32488442740666,725.376385297809,0,2.20649251641193,0.997957452691516,8.0700317632005,622.769748228539,656.159522921913,0,14.0258570645785,3.21828907114481,236.664379520919,0,4.56628805971138,7.40758225880209,5.01134946048801,2.11910152716045,13.2494789596257,20.8130365574006,31.2658903263099,6.27005044714986,13.1866780164628,679.648118902024,391.236871726311,7.94419804116366,12.9985765509313,1304.74470186194,510.560624449719,545.002306524985,5.27658416924654,0,8.62523592640589,0,0,429.849864586897,316.690530490817,8.52245594557066,0.742392310345921,3.72136589784513,202.911625159368,546.624355084895,8.22779871733236,2.7263162986799,940.313068604672,0,3.46244120599398,5.54600451242075,19.1161335429392,80.0076948008987,3623.83512331095,0.878940865684777,781.83508443968,19.391296700246,8.72499031241402,16.2828003855981,8.14286324708366,2.03429142888579,4.86482292688863,57.6278348088004,9.33656055282198,6.42136347874334,464.50089043577,9.93922096361994,632.567539750224,4.74709989048173,455.01668441222,168.150688933977,1.37995487314801,342.373248599207,109.744206938303,18.2391923698974,7.97320749235849,4.53416472579395,1.97896750246235,1.35504412718281,6.00740549345044,6.44438449590647,1330.5818068031,8.98577134513189,0,13.1248272306483,143.014072344276,6.37131163586163,1567.79351421359,4.42169801869841,3.25305413945443,1039.64720316841,"CC vs. WW","WW"
"LOC111120163",346.862917259591,3.27593407291513,2.89899068563239,0.000314605219180661,0.0297146000648994,4.72167549301583,617.617393040707,467.422234376424,348.133344465485,797.738525210123,453.352463344298,2242.25101050992,0,1.10324625820597,5.9877447161491,216.882103636013,440.288663568728,2433.86966809055,0,5.0092346659209,0,475.582705513466,0,0.913257611942276,14.8151645176042,17.8976766446,4.2382030543209,88.0143959460852,2.37863274941721,6.69983364135212,8.36006726286648,18.2584772535639,1298.20427206005,521.649162301747,131.646710396426,24.1402135945867,545.964905134373,769.845333729087,863.858981884594,0,265.318119168279,6.46892694480442,2.5287481421792,19.4632840025459,834.037050690994,1524.98670836347,15.4953744464921,19.3022000689939,15.8158050658418,170.607286825539,471.027369807197,22.626446472664,8.86052797070966,1742.09787263812,0,5.77073534332331,56.384379209611,31.5416203458497,312.128784655358,628.808263602081,170.514527942847,571.21828618246,23.2695560402952,53.4405656635359,5.01009242633788,238.857321914454,0,1.94592917075545,360.173967555003,3.50121020730824,16.0534086968583,1158.08517456373,11.3591096727085,1263.21820816787,163.435867658014,1064.99440803115,8.9920154510148,9.65968411203607,463.686604402075,425.674499639478,36.4783847397948,9.74503137954926,29.4720707176607,126.653920157591,21.0031839713335,6.00740549345044,1.84125271311613,1558.46554157214,10.6195479533377,16.1045439980121,0,0,0,2465.81641684035,15.4759430654444,2.16870275963628,2618.33120058737,"CC vs. WW","WW"
"LOC111122081",142.955815070393,-1.33592279714557,1.46698436947339,0.000400395755884961,0.0350258657698558,43.4394145357456,56.1470357309734,61.75293746843,36.7376896169608,56.6509967178203,34.8732664110998,2539.47202037022,2619.78081828287,31.994141487973,87.8202558368534,56.4902223424035,179.298275043651,109.010527769775,15.9090561926357,19.0350917304994,42.9105209485974,90.157858865112,73.123617031963,47.4893958209983,9.25947782350261,21.47721197352,41.3224797796288,401.269934205808,43.4100476768641,24.5660566849578,40.7553279064741,39.5600340493884,62.1828937037165,93.8968492143145,93.06060562506,33.4249111309663,109.192981026875,59.0648565539871,48.5216679895058,49.7506507386102,38.9554381318505,34.5009437056236,2587.75226549672,43.024101479312,111.204940092133,54.5682144845716,59.6571916189946,23.0141616207235,32.5619516061449,57.5421026571343,47.6842522520866,19.5410219536644,29.3079002108089,78.70924123365,79.9007401655636,39.2410003345985,37.8976975015418,49.701947211642,33.5834768300069,72.0509468710718,22.8524625078042,122.327938381719,39.7521582355044,74.1624176555192,26.3029852382739,149.285826196534,46.7887028643732,50.5941584396418,85.4812882997206,50.1840129714181,40.6686353653745,54.8955597787728,40.4668282090241,77.6332889693457,36.6204848694305,30.1796780477493,61.1457050669007,53.1282626161984,118.617503451694,98.6589335101916,16.2126154399088,54.926540502914,41.9410237135941,25.7265775320106,23.7132722256992,52.0641809432372,29.4600434098581,111.241823133701,59.6328461995117,37.1643323031048,61.5857277745804,70.5783733647075,27.6090170887337,107.209409427841,74.0634418131984,50.9645148514527,124.885752331318,"CC vs. WW","CC"
"LOC111118388",154.73351119295,-1.24480943958824,1.27250180044628,0.000295103438301746,0.0287793633626496,94.4335098603166,89.2336817867255,98.804699949488,114.586603329092,193.075845956653,73.2338594633096,434.702093716376,125.881551725289,34.200634004385,253.481192983645,152.321849530409,14.8531115420776,135.214981560586,26.5150936543929,102.188387184786,25.7463125691584,613.824755773304,75.7666393343231,78.5401546270357,135.188376223138,163.942718064536,66.7516981055542,103.156657614229,86.8200953537283,70.3482532341972,59.5654792479236,67.9621097771544,57.8191818648592,102.243235811142,1310.792676792,1231.15089332392,59.0533468818812,126.13850721699,50.2545847034167,73.8721783694515,89.4922227353321,53.9077245400368,494.79171981973,141.364904860597,126.174835873766,183.193291483919,206.86324886067,1122.49717324303,128.387123475657,24.2282537503724,176.780642495541,152.214276270649,79.744751736387,93.401632930598,116.611891052444,253.912355106225,200.580496532551,162.487135114983,62.2282070673656,75.325989910666,76.4678553145756,128.710265601634,86.2912703160948,27.2655947262938,93.9392329938353,56.0952801465763,186.13766574305,353.186144492115,39.3790204526803,105.036306219247,70.6349982661767,107.679751873747,144.118703972489,119.804458286027,23.7354994524086,107.370008439108,78.2305344238288,65.5478564745305,55.2649731990845,95.3333514817582,189.484942953934,65.5574838260587,106.552871056158,152.380497689601,113.823706683356,209.257958021857,65.3644713156228,43.2007080130877,36.7599736846305,157.32900674981,100.960209466525,43.647151949227,69.0225427218343,108.362198776528,76.2742908225476,123.616057299268,107.807358850112,"CC vs. WW","CC"
"LOC144620607",682.987142251954,31.438349988815,5.12284225247961,1.35731633765871e-10,4.96682193925505e-08,0,2.00525127610619,0,0,0,0,1.30934365577222,0,0,6526.64174060252,0,0,0,0,0,0,0,0,2479.49441642328,0,0,0,3566.00262284784,0,0,0,0,0,0,0,0,0,0,0,0,0,0,0,6779.36913309731,0,0,0,0,0,0,0,0,4073.11655022777,3847.30771150081,0,0,0,0,0,0,0,0,0,363.177721754234,0,3676.05037476677,0,0,0,5824.84671489181,0,0,0,0,0,0,7939.05044170097,6925.99350832986,664.527604564602,781.511776681855,0,1680.57495700045,0,0,0,0,0,0,0,0,0,7433.01711067261,0,269.752707592633,0,0,1.06739959257537,"CC vs. WW","WW"
"LOC111122019",44.1903966475867,8.26281537409907,3.16178050575749,2.11547001709742e-05,0.00342266000692502,0,28.0735178654867,18.050858644618,0,0,25.5737287014732,53.0284180587748,8.25452798198618,0,0,0,206.882625050366,519.896363209695,0,225.415559966441,0,14.2749943203094,0,0,0.925947782350261,0.715907065784001,0,0,0,0,0,0,6.54556775828594,4.17319329841398,1.13488543445195,0,322.007872620069,40.043970545076,187.15500510238,0,1.0528496792392,0,0,0,3.20783481034998,58.4659440906124,0.774768722324605,0,5.58204884676769,95.9035044285572,295.40975785439,0,0,5.24728274891,0,5.77073534332331,0,0,1.97549863705923,122.814113984781,1.75788173136955,0,0,62.1655559759499,16.2828003855981,4.52381291504648,1.0171457144429,0,14.4069587022001,0,3.21068173937167,8.44547073519582,0,5.75061399772931,21.7010280707736,11.6075684799036,3.59680618040592,3.44988718287002,16.1751141070491,5.54263671405571,0,0,0,0,0,0,7.36501085246453,1046.53715161705,0,6.19405538385081,0,30.6458726452019,8.49508218114884,307.794756099286,108.331601458111,5.42175689909071,106.739959257537,"CC vs. WW","WW"
"LOC111121866",984.454267007347,8.1294313878813,2.72180211780142,1.25914442247401e-05,0.00218092208268648,0,278.729927378761,1515.32208095609,3.49882758256769,143.36170597979,807.897338523813,545.341632629129,338.435647261434,2.20649251641193,11.9754894322982,4.03501588160025,1090.64276180398,212.780164781387,0,17712.6537786963,12.8731562845792,256.949897765569,3.52402973648014,80.3666698509203,3.70379112940104,0,12.7146091629627,15.1422616681437,4.16260731148012,13.3996672827042,0,0,93.8198045354319,27.1257564396909,0,1.8569395072759,23288.1887392113,1051.15422680825,46.7887512755949,0,0,4.31261796320295,8.42916047393067,0,292.982246011965,40.9261608634287,0,0,1.86068294892256,1756.548396902,13328.3300197296,6.17084903799927,1.36315814933995,223.534245103566,0,1.15414706866466,0,0,33.5834768300069,16213.1005675109,7.03152692547822,564.835958962545,0,166.865439724918,1.25252310658447,38.9047910693997,0,5.83778751226636,303.506596659682,2.33414013820549,0,242.80728363688,2.83977741817713,76.6748533030575,102.401726208963,1147.40814423847,3.59680618040592,1.37995487314801,132.096765207568,93.1162967961359,0,49.6110688413417,0,7.91587000984941,6.77522063591404,12.0148109869009,9.20626356558067,6639.94882161159,0,0,8.07681675732202,21.3592445708983,0,431.143216408738,5.52712252337301,40.1210010532713,954.255235762377,"CC vs. WW","WW"
"LOC111120764",222.594081598639,3.22194068024426,3.31869822759798,0.000450375280970495,0.0377458070157885,5.666010591619,366.960983527433,272.662970052914,38.4871034082446,335.281409146283,0,936.835385705022,69.1316718491343,0,9.97957452691517,0,596.246334760543,1347.95710299933,0,204.376774369573,5.36381511857468,234.410433049291,8.81007434120036,10.9590913433073,1.85189556470052,8.59088478940801,8.47640610864181,0,3.56794912412582,45.7821965492395,1.04500840785831,0,663.284199506309,805.426306593898,4.5395417378078,12.9985765509313,1218.9502167694,491.539738440808,704.43064420479,3.01519095385517,0,0,7.5862444265376,4.09753347422019,499.35295214448,674.307221845063,3.09907488929842,5.93913848276736,1.86068294892256,149.407564793963,439.625545153384,2.05694967933309,2.7263162986799,996.9837222929,0,15.0039118926406,7.39467268322767,4.77903338573481,123.468664816202,576.407574968574,1.75788173136955,420.169875311121,0,3.27187136715526,0,14.4762013281487,6.10287428665738,40.8645125858645,84.5208243862406,4.66828027641099,6.42136347874334,751.646895432428,0,1172.16681987049,9.49419978096345,470.68690186009,3.59680618040592,6.89977436574005,668.571383091364,126.37211708047,0,3.54364777438155,2.26708236289698,0,4.74265444513983,4.00493699563363,1.84125271311613,1954.83203759222,0,2.47762215354032,10.0960209466525,1.85732561486072,0,1301.49917466702,0,21.6870275963628,1447.3938475322,"CC vs. WW","WW"
"LOC144621022",117.916568808095,2.24103149047094,2.03467908433444,0.000309776521493326,0.0295893522239636,16.0536966762538,110.288820185841,210.910032584484,93.5936378336858,135.268706448673,25.5737287014732,737.160478199759,50.5589838896654,14.3422013566776,57.881532256108,8.0700317632005,300.245040457711,564.96802372989,2.65150936543929,29.0535610623412,25.7463125691584,221.638069710067,29.9542527600812,5.47954567165366,15.7411122999544,25.05674730244,6.35730458148136,9.46391354258981,14.2717964965033,26.7993345654085,4.18003363143324,18.2584772535639,436.37118388573,181.533908481008,4.5395417378078,23.2117438409488,613.931964753142,304.334176142578,426.297511622087,13.5683592923482,23.1626929432624,6.46892694480442,11.8008246635029,20.487667371101,323.991315845348,270.892207619838,17.8196806134659,14.1054538965725,51.1687810953705,124.169800470658,261.681872115109,15.4271225949982,21.1289513147692,334.776639380458,53.9869865983538,68.094677051215,28.6543566475072,19.1161335429392,85.9341907120764,196.50258237565,10.5472903882173,313.797754979191,20.3608615352583,10.9062378905175,43.8383087304565,17.1904890771766,48.822994293259,29.1889375613318,72.0347935110005,31.5108918657742,25.6854539149734,292.424424206155,4.25966612726569,392.000187511881,8.81604265375178,177.01541931853,5.39520927060888,11.0396389851841,215.668188093988,99.7674608530028,0,1.77182388719077,29.4720707176607,40.5688338004782,20.3256619077421,18.0222164803513,18.4125271311613,930.975257682041,16.337766082058,24.7762215354032,6.05761256799152,51.0764544086699,35.042213997239,501.463366678612,17.6867920747936,59.6393258899978,533.699796287683,"CC vs. WW","WW"
"LOC144620556",299.768382436295,3.43026792100553,2.29804006810243,0.000151873372708147,0.0173368909552076,47.2167549301583,310.81394779646,364.817353659648,69.1018447557119,174.577561314099,105.782241447003,1183.64666481809,127.945183720786,29.7876489715611,17.9632341484473,4.03501588160025,1333.59722917082,2423.38788657422,10.6060374617572,271.500518892913,24.6735495454435,480.841913947264,76.6476467684431,65.7545480598439,4.6297389117513,8.59088478940801,6.35730458148136,3.78556541703592,4.75726549883443,65.8816974732958,19.8551597493079,40.5743938968086,780.013491195742,451.748174553313,9.07908347561561,11.1416370436554,2180.51697826116,584.64196995811,864.72544024155,3.76898869231896,27.3740916602192,16.1723173620111,5.0574962843584,10.2438336855505,734.594171570145,1361.28206490976,31.7655176153088,16.3326308276103,22.3281953870708,489.612627872108,1168.84569544749,27.7688206709967,17.0394768667494,653.811430514186,49.6680276704855,15.0039118926406,16.6380135372623,20.0719402200862,173.843880061212,574.770053448777,24.6103442391738,978.62350705375,11.6347780201476,33.8093374606043,33.8181238777807,107.666747378106,16.2743314310863,27.2430083905763,190.171854869041,2.33414013820549,53.5113623228611,598.572738357003,11.3591096727085,1160.66559187503,124.780911406948,355.771973909045,8.9920154510148,4.13986461944403,761.578289206897,805.8993782237,0,17.7182388719077,29.4720707176607,56.400573820177,1.35504412718281,12.0148109869009,22.0950325573936,1937.55175438699,37.5768619887334,43.3583876869556,51.4897068279279,47.3618031789484,54.1561489048239,1015.60741619278,16.581367570119,37.952298293635,1291.55350701619,"CC vs. WW","WW"
"LOC144620533",107.357394354938,4.2319165597508,2.03123585825843,6.01198622047348e-05,0.00839771042979148,76.4911429868564,2.00525127610619,26.601265371016,20.1182585997642,8.09299953111719,63.934321753683,34.0429350500777,0,0,8.98161707422365,5.04376985200031,0,46.1198386718278,19.8863202407947,15.0277039977627,10.7276302371494,42.8249829609282,92.5057805826038,2.73977283582683,35.1860157293099,5.72725652627201,2.11910152716045,57.7298726097978,0,11.1663894022535,20.9001681571662,19.2728371009841,10.9092795971432,1194.576581671,6.80931260671171,0,36.7690650396619,0,5.19875014173276,6.78417964617412,55.8010329996777,23.7193987976162,27.8162295639712,6.14630021133029,11.7620609712833,10.7187564166123,20.9187555027643,0.742392310345921,18.6068294892256,7.06657401052527,83.738199076835,1137.4931726712,0,36.73097924237,104.734754000806,728.266800327401,15.7136794518588,21.9835535743801,19.7549863705923,27.8378658365505,41.3102206871845,0,0,56.7124370306911,40.0807394107031,3.61905033203718,15.2571857166434,1.94592917075545,15.3674226156801,1.16707006910275,28.896135654345,17.9466253122911,7.09944354544282,1758.72944763888,3.39078563605838,19.7328664158361,97.1137668709599,16.5594584777761,28.306449687336,21.0620195134117,7.09301925496009,3.54364777438155,12.4689529959334,54.4216063177147,0,2.00246849781681,41.428186045113,2.16003540065439,76.7875005856725,65.6569870688185,28.2688586506271,14.8586049188858,22.2995907255157,11.5278934868647,6.63254702804762,1808.69810153666,1296.89050497907,"CC vs. WW","WW"
"LOC111120350",16.1007859909194,-2.29133050684538,2.46116702106891,0.00050436626194689,0.0405673709581633,0,198.519876334513,11.400542301864,6.99765516513539,2.3122855803192,2.32488442740666,11.1294210740639,35.0817439234413,75.0207455580057,97.7998303637686,2.01750794080012,6.36561923231896,7.33724706142715,0,0,0,9.7671013770538,0,0,3.70379112940104,1.431814131568,16.9528122172836,10.4103048968488,0,7.81647258157747,16.720134525733,24.3446363380851,5.45463979857162,4.17319329841398,2.2697708689039,148.555160582072,1.11421409211097,20.021985272538,5.19875014173276,251.014646908443,2.1056993584784,2.15630898160147,16.8583209478613,0,2.13855654023332,5.84659440906124,0.774768722324605,0,3.72136589784513,2.01902114586436,6.97818325640292,2.05694967933309,7.49736982136972,8.395652398256,0,0,8.31900676863113,0,0,3.27504303959417,3.51576346273911,130.837708008273,7.75651868009841,2.18124757810351,0,13.5714387451394,6.10287428665738,0,1.92092782696001,2.33414013820549,0,0,1.41988870908856,17.2518419931879,0,82.4137362073154,0,5.51981949259204,68.7442349549588,13.3023281137337,1.0132884649943,7.0872955487631,0,1.97896750246235,2.71008825436562,6.00740549345044,0,2.16003540065439,1.6337766082058,0,11.1056230413178,1.85732561486072,0,16.1390508816105,6.63254702804762,8.67481103854514,0,"CC vs. WW","CC"
"LOC111121991",10.6802562410747,-5.55167552357946,2.30765517959876,3.67843813914421e-05,0.00541774461286533,0.944335098603166,7.01837946637167,5.700271150932,2.62412068692577,0,0,51.7190744030026,56.749879876155,55.1623129102983,3.99182981076607,0,26.5234134679957,3.14453445489735,2.65150936543929,3.00554079955254,5.36381511857468,3.0052619621704,1.76201486824007,2.73977283582683,55.5568669410156,2.147721197352,0,4.7319567712949,27.9489348056523,4.46655576090141,7.31505885500817,63.9046703874735,0,0,0,7.42775802910361,4.45685636844386,0,4.3322917847773,32.413302753943,3.1585490377176,0,32.8737258483296,2.0487667371101,1.06927827011666,3.89772960604083,27.1169052813612,0.742392310345921,1.86068294892256,42.3994440631516,2.32606108546764,0,6.81579074669974,0,2.15947946393415,3.46244120599398,0,21.9835535743801,0,0,0,18.083260456428,0,2.18124757810351,0,111.285797710143,6.10287428665738,0,17.2883504426401,1.16707006910275,0,0,28.3977741817713,0,0,41.2068681036577,0.89920154510148,0.689977436574005,0,0,0,6.20138360516771,12.4689529959334,47.4952200590964,12.1953971446453,5.00617124454204,33.1425488360904,0,1.6337766082058,2.47762215354032,26.2496544612966,0,6.37131163586163,0,3.31627351402381,0,0,"CC vs. WW","CC"
"LOC111121664",605.756934573513,2.53962642233574,3.00844202781584,0.000648952851285791,0.0477632975333035,15.1093615776507,807.113638632742,1007.04790333132,90.96951714676,511.015113250542,385.930814949505,1634.06088240373,101.117967779331,7.72272380744176,4.98978726345758,4.03501588160025,3088.38626421342,2615.20448832296,13.2575468271965,1693.12131708126,45.0560469960273,591.285291057026,20.2631709847608,18.2651522388455,53.7049713763151,0,1.05955076358023,0,0,53.5986691308169,2.09001681571662,8.11487877936172,1089.83703175461,1127.80548889638,21.5628232545871,28.7825623627765,2276.3393901827,920.010223273122,4641.6174182104,5.27658416924654,2.1056993584784,2.15630898160147,18.5441530426475,14.3413671597707,1225.39289755369,1223.88709629682,26.3421365590366,4.45435386207552,0,327.081425630027,9562.43712235747,8.22779871733236,7.49736982136972,776.59784683868,0,9.23317654931729,0,13.3812934800575,108.652425038257,2716.64820134337,92.2887908969016,831.829980995687,0,109.062378905175,0,44.3333665674555,0,8.75668126839954,403.394843661603,9.33656055282198,0,810.765190578798,7.09944354544282,786.875682022627,1321.72824093556,986.062942367809,3.59680618040592,6.20979692916604,814.147410054806,497.728776922203,2.0265769299886,1.77182388719077,38.5404001692486,55.4110900689459,14.2279633354195,6.00740549345044,1.84125271311613,3205.49253457111,0,2.47762215354032,31.2976649346228,28.7885470303412,2.12377054528721,2515.38635883387,3.31627351402381,33.6148927743624,4123.36462611864,"CC vs. WW","WW"
"LOC111115531",597.909145897122,-5.20666824002603,4.65130723669662,0.00026832065584582,0.0267097278142921,2510.04269208722,0,3.800180767288,33.2388620343931,0,6.97465328221997,6557.19302810727,0,0,0,0,31.8280961615948,3.14453445489735,7.95452809631787,1186.18676889007,0,0,0,0,20.3708512117057,55.8407511311521,6869.0676002906,0,0,53.5986691308169,7176.07273676301,1778.17281252764,0,0,9859.88465451855,0.928469753637951,2.22842818422193,10.010992636269,373.443551847804,0.753797738463791,4.21139871695681,6261.92128257068,18.5441530426475,0,9.62350443104993,37.0284312573879,7165.83591278027,28.9533001034909,0,0,2.32606108546764,0,0,0,103.655014268839,87.7151772185142,0,0,38.5222234226549,0,431.559965051226,0,0,0,0,340.190731211495,0,7.78371668302181,80.6789687323206,2.33414013820549,10.7022724645722,40.1159859921801,10.6491653181642,0,0,80.6726009353299,0,13.1095712949061,1.34792617558743,0,67.890327154618,139.974087088071,150.760977132649,89.0535376108058,0,0,35.9044279057646,0,3127.0484281059,9.91048861416129,2.01920418933051,0,0,66.861782223815,0,0,0,"CC vs. WW","CC"
"LOC111115329",442.015928981878,26.5620247975264,2.74672331820342,1.21708077931847e-22,3.51344174749702e-19,1.88867019720633,15.0393845707964,792.337689979548,12.2458965389869,427.772832359051,77.883628318123,674.311982722692,0,0,0,0,550.62606359559,115.299596679569,0,545.004731652194,0,7.513154905426,5.28604460472022,0,1.85189556470052,0,0,19.8742184394386,0,66.9983364135212,0,0,18.5457753151435,285.863740941358,0,0,7691.419877842,12.0131911635228,597.856266299268,0,0,4.31261796320295,0,0,60.9488613966496,17.5397832271837,0,0,0,65.6181872405918,11423.2859907316,0,0.681579074669974,487.99729564863,0,4.61658827465864,0,0,85.9341907120764,3117.84097369365,1.75788173136955,855.231847468712,0,4.36249515620701,2.50504621316894,34.3809781543532,0,0,7.68371130784006,7.00242041461648,0,50.6728244111749,0,515.638388463062,15.5976139258685,10.4468116319132,0,0,145.576026963442,5.54263671405571,0,0,2.26708236289698,0,0,2.00246849781681,0,3007.84929541123,0,0,14.1344293253135,4.64331403715181,0,4967.36930348998,0,2.16870275963628,3820.22314182723,"CC vs. WW","WW"
"LOC111115337",257.331391660764,6.40723887498293,4.96344075982785,0.000176220740743733,0.0192369372490039,0,281.73780429292,302.114370999396,170.567844650175,198.856559907451,4.64976885481331,1533.89609273715,164.058743641975,1.10324625820597,0,0,364.962169319621,1111.0688407304,0,0,0,669.422102073456,4.40503717060018,1.82651522388455,3.70379112940104,2.147721197352,2.11910152716045,0.946391354258981,0,29.0326124458592,0,0,738.558228726597,471.57084272078,0,0,1760.45826553533,727.799164656757,564.93084873496,0,0,2.15630898160147,2.5287481421792,0,943.103434242893,574.915116891022,0,0,0,204.930646305233,298.898849482592,0,0,926.670133457506,0,4.61658827465864,0,0,105.689177082669,1958.47573767732,0,235.082385933564,0,6.54374273431051,0,5.42857549805577,0,0,291.981029697922,0,0,1056.73952574138,2.12983306363284,379.540523850135,5.4252570176934,491.000146699921,0.89920154510148,5.51981949259204,695.529906603113,251.635706818129,0,0,0,0,9.48530889027966,0,0,2825.32630405594,0,0,13.1248272306483,0,0,1520.52915091745,11.054245046746,0,1735.59173752755,"CC vs. WW","WW"
"LOC111115453",155.573493381131,1.71352771938792,1.91606002897106,0.000504500754468325,0.0405673709581633,12.2763562818412,177.464737935398,363.867308467826,92.7189309380439,120.238850176598,44.1728041207265,559.744412842623,70.1634878468826,26.4779101969432,18.9611916011388,35.3063889640022,513.493284740396,590.124299369069,18.560565558075,84.1551423874711,23.6007865217286,275.732785029134,44.0503717060018,15.5253794030187,28.7043812528581,7.15907065784001,114.431482466664,12.3030876053668,134.392750342073,33.4991682067606,9.40507567072478,19.2728371009841,674.193479103452,343.24514879455,19.2930523856832,10.2131672900175,414.487642265279,466.512256850136,262.536882157505,57.2886281232481,29.4797910186976,7.54708143560516,19.3870690900405,4.09753347422019,311.159976603948,295.253017657593,2.32430616697382,7.42392310345921,32.5619516061449,402.79471859994,393.104323444031,31.8827200296629,27.263162986799,447.068490207132,51.8275071344196,46.1658827465864,20.3353498788761,16.2487135114983,85.9341907120764,668.108780077211,25.4892851048585,437.189414564229,37.8130285654798,30.5374660934491,72.6463401818993,28.9524026562975,187.154811457493,28.2159729759541,101.809174828881,30.3438217966714,57.79227130869,536.287391684934,10.6491653181642,429.379178497122,61.7122985762625,231.570991174076,12.5888216314207,52.4382851796244,419.20504060769,149.651191279504,9.11959618494869,12.4027672103354,14.7360353588303,43.5372850541717,19.6481398441507,53.0654151921456,37.7456806188807,1047.61716931738,27.7742023394986,8.67167753739113,59.5665235852499,26.0025586080501,32.9184434519518,768.910495573872,32.0573106355635,9.75916241836328,574.260980805547,"CC vs. WW","WW"
"LOC144621477",14.3891700601336,41.382532406867,3.5737637480757,2.77478893732625e-32,1.44183582761347e-28,0,0,0,0,0,0,0,0,0,0,0,0,2.0963563032649,0,0,0,0,2.64302230236011,0,0,1.431814131568,0,0,0,0,0,0,0,441.315191307278,0,0,28.9695663948851,2.0021985272538,160.29479603676,0,0,0,0,0,0,105.238699363102,0,0,0,190.797498284182,0,9.25627355699891,0,0,0,0,0,3.82322670858784,0,0,0,0,0,0,0,0,0,0,25.9325256639602,0,0,0,0,6.70904966401753,0.678157127211675,4.64302739196143,0,0.689977436574005,4.04377852676228,0,10.132884649943,0,0,0,0,0,0,0,0,0,0,0,0,9.22231478949172,0,4.33740551927257,309.545881846856,"CC vs. WW","WW"
"LOC111111690",596.144108708646,26.548962524997,3.31618524971692,3.49341230325483e-16,2.83632328283949e-13,1352.28786119973,0,0,0,329.500695195485,0,0,0,1176.06051124756,0,0,0,0,0,0,0,0,1351.46540394014,1731.53643224256,0,0,1131.60021550368,1299.39532939758,0,0,0,0,0,4712.57853223399,1978.10531224975,0,0,0,0,0,12.6341961508704,536.920936418767,0,0,600.934387805562,1061.15688524462,0,0,0,1773.71007664184,864.131693251228,1727.8377306398,1449.03711274837,0,1048.42727974003,0,592.498148743617,0,0,0,0,0,0,510.41193327622,1744.76468747217,0,1215.48912875926,0,0,930.154845074889,1838.65040941351,0,616.941644098981,980.479686612848,1683.86414686659,0,0,0,0,0,676.876694616192,2922.62350192118,0,1392.20363798226,0,0,1343.19385421822,0,562.836041526898,1017.0638940283,3850.62238905327,835.796526687325,0,948.745633968961,1595.12756024545,1193.87086917977,4255.72217559798,"CC vs. WW","WW"
"LOC144621807",25.2372811634077,-47.5373064832881,2.74002785155675,4.50810536786293e-69,5.85625427812233e-65,0,71.1864203017698,0,98.8418792075373,0,0,9.16540559040553,31.9862959301965,0,0,0,0,0,0,49.0904997260248,0,0,0,0,70.3720314586198,0,0,0,40.4367567400926,142.929784348845,74.19559695794,0,9.81835163742892,0,87.3861784528002,40.8526691600699,0,81.089040353779,0,0,116.866314395551,0,101.149925687168,52.2435517963074,113.343496632366,0,0,0,0,53.5040603654056,83.738199076835,0,0,59.819023337574,0,0,16.6380135372623,0,179.77037597239,65.5008607918834,54.4943336724562,128.710265601634,0,0,0,28.9524026562975,0,0,135.425411800681,0,0,0,13.4889427363414,0,0,88.2175204472672,0,0,8.08755705352457,0,0,0,0,48.4847038103276,0,22.027153475985,39.5869333319969,0,2.4506649123087,0,11.1056230413178,0,76.4557396303396,1.15278934868647,13.2650940560952,0,0,"CC vs. WW","CC"
"LOC111115653",341.369197829682,-2.21579407114714,2.13520282209858,0.000367059235033185,0.0329984982193674,15.1093615776507,264.693168446017,366.717444043292,568.55948216725,203.481131068089,530.073649448717,637.65036036107,463.285382988975,164.383692472689,276.43421439555,441.834239035227,167.627973117733,428.704864017672,7.95452809631787,131.241948247128,0,184.82361067348,32.5972750624413,837.457230151067,71.2979792409701,999.406263834465,61.4539442876531,589.601813703345,366.904101597605,379.65723967662,1858.02494917207,1687.89478610724,0,9.38968492143145,428.986694222838,273.898577323196,116.992479671651,498.547433286197,1427.05691390564,29.3981118000879,175.825896432947,190.83334487173,808.356489449951,1510.9654686187,322.922037575231,578.812846497063,1987.28177276261,190.052431448556,2.79102442338385,527.974029643531,394.267353986765,105.932908485654,34.0789537334987,195.198918259452,11.8771370516378,772.124388936658,626.698509903545,339.311370387171,164.954136194445,206.327711494433,339.271174154324,122.327938381719,99.8651780062671,958.65831057649,11.2727079592602,169.190603022738,591.978805805765,27.2430083905763,610.855048973285,305.77235810492,240.801130452875,197.412878435202,12.7789983817971,421.711693166816,799.547252982565,676.721242378378,104.307379231772,43.4685785041623,657.787973686665,169.604683450105,10.132884649943,528.889430326446,22.6708236289698,0,321.822980205917,9.01110824017567,31.3012961229743,147.962424944826,13.0702128656464,59.4629316849677,0,9.28662807430361,2.12377054528721,5.76394674343233,0,9.75916241836328,6.4043975554522,"CC vs. WW","CC"
"LOC111114618",127.894260009919,25.4529732782317,3.46285219823977,6.25691157714121e-14,3.1261696093405e-11,0,56.1470357309734,211.860077776306,42.8606378864542,127.175706917556,0,660.563874337084,20.6363199549655,0,0,0,15.9140480807974,749.447378417201,0,0,0,438.768246476878,0,0,0,0,4.2382030543209,0,1.18931637470861,0,0,0,1389.84222067605,28.1690547642944,0,0,182.731111106198,936.027811491152,389.039802273002,0,0,0,0,0,320.783481034998,562.24749567139,0,0,0,2.01902114586436,0,0,0,209.8913099564,0,1.15414706866466,0,0,3.95099727411845,191.590017816259,1.75788173136955,0,1.9391296700246,0,0,0,0,0,50.9045874144404,0,2.14045449291445,465.556574277669,0,302.865670547077,0.678157127211675,88.7978988712623,0,0,686.094423374001,31.038765598712,0,0,0,0,0,0,0,2850.16671116346,0,0,0,0,0,583.311410435351,0,0,154.772940923428,"CC vs. WW","WW"
"LOC111111450",40.3950352800303,23.2920164967804,2.79126132051787,2.71840477401422e-17,2.61581016420975e-14,0,23.0603896752212,115.905513402284,31.4894482431092,75.1492813603739,22.0864020603632,276.926183195824,0,0,0,0,141.104559649737,316.549801793,0,0,0,150.26309810852,0.881007434120036,0,0.925947782350261,0,0,0,0,0,0,0,76.3649571800027,31.2989497381048,0,0,584.962398358257,39.0428712814491,8.66458356955461,0,0,0,0,0,163.599575327849,94.5199429464901,0,0,0,107.008120730811,17.4454581410073,0,0.681579074669974,28.335326844114,0,0,0,0,9.87749318529613,73.6884683908689,0,55.3135025726032,0,6.54374273431051,0,2.71428774902789,0,0,16.3278865291601,0,0,51.7285082530744,0,38.3374266515287,6.78157127211675,29.0189211997589,0,0,17.5230402826366,113.069788966736,0,0,0,0,0,0,0,436.327150932186,0,0,0,0,0,140.640300539749,0,10.8435137981814,401.342246808338,"CC vs. WW","WW"
"LOC111125699",90.3751184667729,4.60113438677517,1.1538588335559,3.7668917044578e-06,0.000770611128925339,558.102043274471,3.00787691415929,0,150.449586050411,104.052851114364,119.731548011443,46.4816997799137,94.9270717928411,125.77007343548,279.428086753625,53.4639604312033,326.768453925707,13.6263159712218,63.636224770543,160.295509309469,18.2369714031539,903.081219632205,29.0732453259612,73.0606089553821,89.8169348879753,100.942896275544,1.05955076358023,0.946391354258981,8.32521462296025,41.315640788338,7.31505885500817,0,127.638571286576,250.391597904839,13.6186252134234,9.28469753637951,233.984959343303,18.0197867452842,50.2545847034167,2.26139321539137,109.496366640877,0,6.74332837914453,211.02297392234,33.1476263736164,6.82102681057145,18.5944493357905,147.736069758838,6.51239032122897,113.065184168404,1.16303054273382,251.976335718304,58.6158004216178,3.148369649346,91.7778772172014,0,32.3516929891211,14.3371001572044,146.186899142383,99.8888127076223,33.3997528960215,5.31860601659647,53.3260659256766,54.5311894525876,85.171571247744,123.952473872274,182.069082885278,19.4592917075545,51.8650513279204,4.66828027641099,5.35113623228612,147.795737865927,4.96961048180997,63.2567539750224,100.367254827328,5.80378423995179,93.516960690554,106.256525232397,17.5230402826366,5.54263671405571,43.5714039947549,57.5842763337002,58.9441414353214,141.496176426058,64.3645960411834,4.00493699563363,5.5237581393484,722.531841518893,62.9003994159233,30.970276919254,10.0960209466525,20.4305817634679,23.3614759981593,114.12614551996,21.0030655888175,145.303084895631,193.199326256141,"CC vs. WW","WW"
"LOC144621397",772.481598008496,9.0046311624664,2.4510273185781,3.58823353265051e-06,0.000745807163294344,5.666010591619,141.370214965486,198.559445090798,147.825465363485,302.909411021815,310.372071058788,2540.1266921981,287.876663371768,11.0324625820597,0,0,7064.77641133533,1785.04739223006,1.32575468271965,3038.60174834762,77.2389377074753,1286.25211980893,0,9.13257611942276,1.85189556470052,0,2.11910152716045,1.89278270851796,0,231.144260626648,0,5.07179923710107,841.105456939744,1324.98887224644,1.13488543445195,0,5073.01676138123,458.503462741121,1834.29234167471,0.753797738463791,4.21139871695681,29.1101712516199,0.842916047393067,2.0487667371101,669.368197093029,883.810188169758,0.774768722324605,5.19674617242144,0.930341474461282,1319.43031882236,24605.0741620767,10.2847483966655,7.49736982136972,573.003276180972,0,0,0,0,469.180926301566,302.941481162461,46.5838658812932,362.728930331879,2.9086945050369,50.1686942963806,11.2727079592602,5.42857549805577,0,0,819.275718198446,0,0,756.925314641925,0,1473.11561908499,802.938038618624,403.363004676649,1.79840309020296,4.13986461944403,997.465369934696,460.038847266624,2.0265769299886,8.85911943595387,28.3385295362122,13.8527725172365,0,0,0,4156.98812855937,0,8.67167753739113,50.4801047332626,18.5732561486072,10.6188527264361,426.532059013992,2.21084900934921,92.1698672845421,4183.13900330286,"CC vs. WW","WW"
"LOC111115837",177.384328206289,3.17890522281242,3.22412346473113,0.000436550565360921,0.0370608458762461,15.1093615776507,0,0.950045191822,0,371.121835641231,556.809820363894,0,0,374.000481531823,12.9734468849897,482.18439785123,394.668392403776,11.5299596679569,1.32575468271965,272.502365826097,0,344.853810159053,8.81007434120036,3.6530304477691,1.85189556470052,176.113138182864,2.11910152716045,6.62473947981287,4.75726549883443,5.58319470112676,0,13.1866780164628,0,1237.35181297974,0,0,257.383455277633,232.255029161441,149.030837396339,3.76898869231896,8.42279743391361,966.02642375746,0.842916047393067,17.4145172654358,3.20783481034998,0,1.54953744464921,232.368793138273,7.44273179569026,276.605896983418,633.851645789932,974.994148003885,0.681579074669974,1.049456549782,0,302.386531990141,440.90735873745,1262.62062051114,694.387770926318,0,0,0,765.956219659718,0,18.7878465987671,175.523941103803,572.65303723135,7.78371668302181,0,1.16707006910275,1.07022724645722,332.540410198335,0.709944354544282,7.66748533030575,244.136565796203,2.32151369598072,5.39520927060888,1.37995487314801,1.34792617558743,4.43410937124457,603.919925136602,6.20138360516771,2.26708236289698,54.4216063177147,285.236788771981,2.00246849781681,1.84125271311613,262.444301179508,2.4506649123087,7.43286646062097,297.83261792625,5.57197684458217,2.12377054528721,11.5278934868647,2.21084900934921,548.68179818798,1315.03629805285,"CC vs. WW","WW"
"LOC144621845",19.0999807150145,17.1671099795273,2.50166303234462,1.71196794526311e-12,7.41310653098015e-10,4.72167549301583,0,0,0,71.6808529898951,76.7211861044196,9.16540559040553,0,90.4661931728892,0,23.2013413192014,0,0,0,84.1551423874711,0,50.3381378663542,0,9.13257611942276,0,10.022698920976,1.05955076358023,2.83917406277694,0,0,0,0,0,0,0,0,28.9695663948851,0,62.3850017007932,0,0,19.4067808344133,0,4.09753347422019,0,0,0,15.5902385172643,12.0944391679967,1.00951057293218,3.48909162820146,30.8542451899964,2.7263162986799,0,17.2758357114732,805.594653927933,47.1410383555764,4.77903338573481,10.8652425038257,0,0,0,26.1782505453321,2.18124757810351,0,30.761927822316,10.171457144429,0,1.92092782696001,0,5.35113623228612,6.33410305139686,0,0,35.2641706150071,2.32151369598072,0,0,0,7.75969139967799,4.0531538599772,5.31547166157232,0,0,23.7132722256992,0,38.6663069754388,43.2007080130877,11.4364362574406,0,0,2.78598842229108,0,0,0,0,0,"CC vs. WW","WW"
"LOC111118401",160.956600918462,1.65727459114171,1.82268203049924,0.000469680123297967,0.0387389183600143,40.6064092399361,229.601271114159,326.815545986768,48.1088792603058,31.2158553343091,119.731548011443,829.4692059317,245.572207464089,18.7551863895014,41.9142130130437,37.3238969048023,929.380407918569,570.208914488053,2.65150936543929,101.186540251602,37.5467058300227,640.872113432838,91.6247731484837,87.6727307464585,15.7411122999544,45.1021451443921,29.6674213802463,49.212350421467,10.7038473723775,50.2487523101409,24.0351933807411,65.9333900823139,345.824163229441,454.878069527124,20.4279378201351,3.71387901455181,755.437154451235,391.429812078118,369.977718419982,9.79937060002929,0,25.8757077792177,21.0729011848267,51.2191684277524,905.67869478881,193.912047900531,22.4682929474135,5.19674617242144,24.1888783359933,410.870803183398,193.063070093814,106.961383325321,49.7552724509081,115.44022047602,32.3921919590123,17.3122060299699,15.7136794518588,9.55806677146961,94.8239345788429,32.7504303959417,55.373274538141,255.29308879663,44.5999824105659,34.8999612496561,88.9291405674974,143.857250698478,19.325768574415,17.5133625367991,188.250927042081,15.1719108983357,84.5479524701206,347.319983984928,4.25966612726569,333.5356118683,265.837593866977,45.8498954956191,6.29441081571036,27.5990974629602,574.216550800244,193.99228499195,41.5448270647663,109.853081005828,139.425565318164,146.443595182214,22.3582280985163,49.060478196512,30.3806697664162,835.933700053248,35.1261970764247,23.5374104586331,173.651560282424,17.6445933411769,25.4852465434465,149.86261532924,48.6386782056825,33.6148927743624,778.134302987442,"CC vs. WW","WW"
"LOC111114163",42.2394893582824,22.3982732889764,4.06001612930755,9.88037828154172e-09,2.95059894405443e-06,0,0,11.400542301864,29.7400344518254,70.5247101997355,0,10.4747492461777,0,0,0,0,0,0,0,0,0,0,0,0,0,1.431814131568,0,1.89278270851796,0,0,0,0,5.45463979857162,35.4721430365188,0,0,95.8224119215431,0,116.105419832032,0,0,3.23446347240221,0,0,25.6626784827998,1.94886480302041,0,0,0,2.01902114586436,0,0,0,243.473919549424,0,0,0,0,0,158.839587420317,0,0,0,0,0,0,0,0,0,0,0,86.5660750357571,0,43.1296049829698,0,8.70567635992768,0,0,0,1.10852734281114,0,0,0,0,0,1.00123424890841,0,32.4005310098158,0,0,0,0,0,2643.34597653807,0,6.50610827890885,249.771504662636,"CC vs. WW","WW"
"LOC111115813",113.598333803781,5.85361131621817,3.87320502729751,0.000128392894745468,0.0151626172653727,0,4.01050255221238,43.702078823812,0,34.6842837047879,11.6244221370333,34.6976068779638,29.9226639346999,3.3097387746179,20.9571065065218,4.03501588160025,257.807578908918,945.45669277247,0,0,8.58210418971948,94.6657518083676,15.8581338141606,1.82651522388455,12.9632689529036,0,0,0,3.56794912412582,13.3996672827042,0,5.07179923710107,39.2734065497157,323.422480627083,0,0,1042.90439021586,197.216554934499,5.19875014173276,3.01519095385517,0,0,0,0,0,13.6420536211429,0,0,16.7461465403031,52.4945497924734,2.32606108546764,0,1.36315814933995,10.49456549782,0,0,0,0,88.8974386676652,45.8506025543184,0,414.851269294524,0,4.36249515620701,6.26261553292235,0,0,13.6215041952882,0,1.16707006910275,37.4579536260028,116.125222608942,1.41988870908856,273.154164892142,8.1378855265401,1.74113527198554,0,6.89977436574005,129.400912856393,11.0852734281114,0,1.77182388719077,0,13.8527725172365,1.35504412718281,0,0,1054.09727551934,1.6337766082058,0,1.00960209466525,0,7.43319690850524,2066.95130219483,27.6356126168651,0,2860.63090810198,"CC vs. WW","WW"
"LOC144622007",92.516138729892,-2.21585059069024,2.57965053626173,0.000621704098928973,0.0460595193605011,3.77734039441266,18.0472614849557,0,126.832499868079,9.24914232127678,84.8582816003429,0,617.025966653467,19.8584326477074,231.526129024432,30.2626191120019,92.301478868625,42.9753042169304,45.0756592124679,26.0480202627887,33.255653735163,0,64.3135426907626,144.29470268688,22.2227467764063,0,0,1.89278270851796,69.5750079204535,26.7993345654085,12.5401008942997,566.01279486048,12.0002075568576,6.25978994762097,5.67442717225976,817.981852955035,0,45.0494668632105,17.3291671391092,411.57356520123,32.6383400564153,171.426564037317,119.694078729815,17.4145172654358,11.7620609712833,25.3352424392654,0.774768722324605,0,1547.15787202911,42.3994440631516,27.9127330256117,0,40.8947444801985,22.038587545422,310.965042806518,113.106412729137,0,2.86742003144088,19.7549863705923,4.91256455939126,37.7944572244454,65.9507146057962,0,724.174195930364,97.6968023135887,36.1905033203718,6.10287428665738,35.9996896589759,34.5767008852803,35.0121020730824,388.492490463972,0,19.8784419272399,0,5.4252570176934,4.64302739196143,41.3632710746681,4.82984205601803,70.0921611305462,8.86821874248914,7.09301925496009,217.04842618087,0,94.9904401181929,0,12.0148109869009,25.7775379836259,0,0,4.95524430708064,60.5761256799152,17.6445933411769,18.0520496349413,0,320.573106355635,0,0,"CC vs. WW","CC"
"LOC111110826",151.603332204469,5.32461715058908,1.41319279192912,5.32503701768388e-06,0.00104810444512458,3.77734039441266,139.36496368938,192.859173939866,7.87236206077731,98.2721371635658,6.97465328221997,122.423631814702,35.0817439234413,25.3746639387372,2.99387235807455,14.1225555856009,945.294455999366,305.019842125043,0,488.90130339388,19.3097344268688,109.69206161922,25.549215589481,30.1375011940951,1.85189556470052,2.863628263136,30.7269721438266,5.67834812555389,7.13589824825164,32.3825292665352,6.27005044714986,0,56.7282539051449,407.929644919967,13.6186252134234,1.8569395072759,1666.864281798,50.054963181345,129.102295186364,24.1215276308413,3.1585490377176,31.2664802332214,1.68583209478613,22.5364341082111,65.2259744771162,102.315402158572,2.32430616697382,23.7565539310695,6.51239032122897,76.7228035428458,3663.54620961153,2.05694967933309,139.042131232675,400.892402016724,10.7973973196708,56.5532063645684,56.384379209611,5.73484006288177,213.353852802396,199.777625415245,20.2156399107499,74.4604842323505,10.6652131851353,10.9062378905175,7.51513863950682,41.6190788184276,2.03429142888579,5.83778751226636,62.4301543762005,40.8474524185961,25.6854539149734,99.2342811385508,7.8093878999871,247.27640190236,32.5515421061604,80.0922225113347,16.1856278118266,138.685464751375,36.3940067408605,99.7674608530028,20.265769299886,38.980125518197,9.06832945158791,17.8107075221612,18.9706177805593,11.0135767379925,0,359.645894208955,13.0702128656464,17.3433550747823,66.6337382479067,18.5732561486072,16.9901643622977,797.730229291034,22.1084900934921,2.16870275963628,1363.06927971874,"CC vs. WW","WW"
"LOC111111120",90.7888716462105,24.4175854191437,3.23639604584976,1.56070824108727e-14,9.01083573593073e-12,3.77734039441266,70.1837946637167,62.702982660252,41.9859309908123,139.893277609311,0,535.521555210837,0,0,0,0,628.074430922138,241.080974875463,0,0,0,175.056509296426,0.881007434120036,0,2.77784334705078,0,0,0,0,4.46655576090141,0,0,190.912392950007,302.556514135014,0,0,793.320433583008,196.215455670873,191.487296887157,0,0,0,0,0,187.123697270415,277.713234430409,0,0,0,84.7988881263032,205.856406063886,0,0,307.490769086126,0,0,0,0,51.3629645635399,237.440620370577,0,264.866579626504,0.969564835012302,4.36249515620701,0,0,0,0,28.8139174044002,0,2.14045449291445,190.023091541906,0,285.613828553889,0,146.255362846785,0,0,305.979241858346,66.5116405686685,0,0,0,0,0,0,0,745.212213225764,0,0,4.03840837866101,0,0,537.199836487893,0,0,837.908680171662,"CC vs. WW","WW"
"LOC111111248",475.781221170698,4.54032021565934,5.7715687784017,0.000594616345666626,0.044778919642796,0,281.73780429292,685.932628495484,158.321948111188,982.721371635658,0,2637.01812272525,85.6407278131067,0,0,0,1883.16235622769,2139.33160748183,0,0,2.14552604742987,1120.96271188956,0,1.82651522388455,1.85189556470052,0,0,0,0,46.8988354894648,0,0,1267.65828918804,950.444773713784,0,0,2940.41098908084,899.988238000584,1641.07212807364,1.50759547692758,0,0,0,0,865.046120524377,1427.54346821245,0,0,0,582.487600581869,1418.89726213526,2.05694967933309,0,2244.7875599837,0,0,0,0,215.329351439456,1318.20482343665,0,598.875037468762,0,8.72499031241402,0,0,0,0,266.048504033962,0,0,1593.02691742631,0,1630.29906835626,1.35631425442335,976.196509159891,0,0.689977436574005,1152.47688012725,412.372171525745,0,0,0,0,1.35504412718281,0,0,5354.72775822223,0,0,0,0,0,2703.29102266976,0,0,3269.44495205835,"CC vs. WW","WW"
"LOC111111524",187.371915666357,24.9860826692064,3.36257076159365,3.55493384545152e-14,1.88491298446277e-11,0,158.414850812389,437.970833429942,104.964827477031,157.235419461705,0,1639.29825702682,312.640247317727,0,0,0,2151.57930052381,683.412154864357,0,2.00369386636836,0,804.658890371124,0,0,1.85189556470052,0,8.47640610864181,0,0,26.7993345654085,0,0,148.366202521148,440.271892982675,0,0,2179.40276416905,404.444102505268,203.617713884533,0,0,0,0,0,642.636240340112,457.983228709797,0,1.48478462069184,0,412.889824329262,47.6842522520866,0,0,215.13859270531,0,0,0,0,110.627923675317,175.214802618288,0,272.312628049739,0,0,0,0,0,0,293.901957524882,0,0,338.874513249732,0,683.3646300635,0,279.162021941681,0,0,686.094423374001,109.744206938303,0,0,0,3.9579350049247,0,0,0,2141.67509974882,0,0,5.04801047332626,0,0,96.8343052896631,1.1054245046746,0,397.072648438036,"CC vs. WW","WW"
"LOC111111511",639.155990385539,26.1669422574672,3.43683000962174,8.02306144683157e-15,4.84760835930537e-12,0,561.470357309733,784.737328444972,223.924965284332,226.603986871281,0,5079.59871256832,125.881551725289,0,0,0,2291.62292363483,2252.53484785813,0,9.01662239865762,3.21828907114481,1552.21780346101,0,0,1.85189556470052,0,0,1.89278270851796,0,70.3482532341972,0,0,2103.30910632922,2084.51005255778,0,0,3319.24378039857,1541.69286598543,594.390432871446,0,0,0,0,0,1763.23986742237,1582.47822005258,0,0,0,1281.06891705094,1144.42205405008,0,0,2782.10931347208,0,0,0,0,221.255847350633,1883.14974776665,0,991.388161493581,0,30.5374660934491,0,0,0,0,730.913038158286,0,0,1330.16164079334,0,2635.6980822926,1.35631425442335,705.740163578137,0,0,2555.66802891376,662.899351001063,0,2.65773583078616,0,0,0,6.00740549345044,0,4986.44172241065,0,0,6.05761256799152,0,0,3489.49335847393,2.21084900934921,0,7179.32965966191,"CC vs. WW","WW"
"LOC144621684",22.8451890924496,19.8419908162007,2.75953134016557,2.39555727598726e-13,1.15257358495232e-10,0,11.0288820185841,60.802892276608,6.12294826949346,12.7175706917556,2.32488442740666,77.905947518447,6.19089598648964,2.20649251641193,0,0,42.4374615487931,185.527532838944,0,0,2.14552604742987,122.464424958444,0,1.82651522388455,0,8.59088478940801,0,0,0,4.46655576090141,0,0,6.54556775828594,5.21649162301747,0,0,369.919078580841,18.0197867452842,25.9937507086638,0,0,0,0,0,48.1175221552497,44.8238904694695,0,0,0,20.1902114586436,6.97818325640292,0,0,97.599459129726,0,0,0,0,35.5589754670661,189.952496296462,0,27.6567512863016,0,0,0,0,1.0171457144429,0,4.80231956740004,0,0,61.2296628301697,1.41988870908856,65.1736253075989,0,24.9562722317927,0,0,60.6566779014343,0,0,1.77182388719077,0,0,0,0,0,328.325380899467,0,0,1.00960209466525,0,0,61.0978354803827,0,0,46.9655820733161,"CC vs. WW","WW"
"LOC144621324",33.9334023861543,21.9530458935574,3.52438903505423,1.6000003507721e-10,5.69446700183697e-08,0,16.0420102088495,0,182.813741189162,147.986277140429,0,0,0,139.009028533952,0,117.015460566407,0,0,0,128.236407447575,0,121.713109467901,0,0.913257611942276,112.039681664382,0,0,0,0,0,77.3306221815149,0,1.09092795971432,0,0,0,119.220907855873,0,0,0,94.7564711315281,0,0,0,0,0,0,147.736069758838,0,0,0,0,0,133.280981822314,0,0,172.850473970447,0,170.880632105623,0,0,0,0,88.340526913192,0,103.14293446306,0,0,0,1.16707006910275,0,219.582239115091,0,0,122.746440025313,0,169.049890479078,0.689977436574005,0,0,0,185.155596211436,0,98.9483751231176,143.634677481378,0,0.920626356558067,104.761716931738,0.816888304102899,0,0,0,0,0,0,0,0,"CC vs. WW","WW"
"LOC111114643",4.95673073247683,17.286798350737,3.13712549800966,6.86220184604864e-09,2.07310309490918e-06,364.513348060822,2.00525127610619,5.700271150932,0,0,0,0,0,0,0,0,8.48749230975862,0,0,0,6.43657814228961,0,1.76201486824007,0.913257611942276,1.85189556470052,2.863628263136,2.11910152716045,0,0,8.93311152180282,0,0,0,0,0,0,0,2.0021985272538,0,0,2.1056993584784,0,0,0,0,0,0,0,0,0,0,0,0,0,0,0,0,0,0,0,0,0,1.9391296700246,0,0,0,0,7.78371668302181,0,0,6.42136347874334,0,1.41988870908856,0,0,0,0,0,0,11.0852734281114,0,0,0,0.989483751231176,0,1.00123424890841,0.920626356558067,0,0,4.95524430708064,0,0.928662807430361,0,4.61115739474586,0,0,4.26959837030146,"CC vs. WW","WW"
"LOC111111646",877.481653684916,5.33310687971728,2.4647238073929,5.19010400045868e-05,0.0074090160459295,7.55468078882533,1569.10912355309,1302.51195798796,488.086447768193,857.857950298422,427.778734642825,2761.40577002361,582.976038727774,4.41298503282386,19.9591490538303,2.01750794080012,5152.9687685622,4992.47253622536,2.65150936543929,264.487590360624,39.6922318774526,2148.01098746129,178.844509126367,6.39280328359593,1.85189556470052,0,12.7146091629627,3.78556541703592,18.4344038079834,198.761731360113,35.5302858671825,50.7179923710107,2080.39961917522,2707.35915234607,59.0140425915015,3.71387901455181,9145.46926804681,2393.62833933192,1266.76211786888,10.5531683384931,2.1056993584784,2.15630898160147,15.1724888530752,33.8046511623166,3156.50945338438,2661.17488852438,44.9365858948271,11.1358846551888,6.51239032122897,1726.26307971403,1558.46092726332,119.303081401319,30.6710583601488,1815.55983112286,0,13.8497648239759,1.84866817080692,55.4367872745237,456.340185160681,1396.80585638691,53.6153928067714,1453.04316373415,1.9391296700246,235.574738435179,42.585785623872,172.809653354775,2.03429142888579,51.5671230250195,607.013193319365,4.66828027641099,14.9831814504011,2075.47443317437,4.25966612726569,2475.63932602247,328.906206697663,1182.81122810217,45.8592788001755,4.13986461944403,1265.70267887659,1177.25603806543,1.0132884649943,23.9196224770755,83.8820474271881,65.3059275812576,6.09769857232264,60.0740549345044,46.0313178279033,7619.52487580835,0,0,156.488324673114,18.5732561486072,50.9704930868931,3079.10035034155,22.1084900934921,201.689356646174,6187.7154381594,"CC vs. WW","WW"
"LOC144621318",21.3363923599477,-44.6170215194851,4.79559570087297,3.89409897094761e-22,8.43104878034916e-19,0,117.307199652212,0,0,0,54.6347840440564,0,0,0,0,0,0,0,0,0,0,0,0,0,0,0,0,0,0,58.0652248917183,108.680874417264,0,0,0,155.479304519917,184.765480973952,0,70.0769484538831,0,0,108.443516961638,0,96.0924294028096,66.5849189560781,102.650713931199,0,0,0,0,0,70.944863106763,0,0,90.253263281252,0,0,0.924334085403459,0,0,157.20206590052,71.1942101204669,128.710265601634,0,0,0,0,0,0,91.2440717806007,0,0,0,0,0,0,93.4409262632238,0,0,0,0,0,0,0,0,0,0,136.252700770594,0,0,0,0,0,0,0,0,0,0,"CC vs. WW","CC"
"LOC111111582",221.825105962817,-2.41114689697711,2.36303843547673,0.000397172828198348,0.0349230343159163,5.666010591619,73.191671577876,21.851039411906,37.6123965126027,235.853129192558,112.756894729223,3.27335913943055,104.213415772576,147.834998599599,297.391320902072,26.2276032304016,60.4733827070301,283.008100940761,0,19.0350917304994,2.14552604742987,10.5184168675964,44.0503717060018,9.13257611942276,604.64390187472,452.453265575489,0,4.7319567712949,9.51453099766885,61.4151417123944,639.545145609285,5228.01065360379,0,21.9092648166734,13.6186252134234,58.4935944791909,3.3426422763329,19.0208860089111,1446.98545611562,85.9329421848722,56.8538826789169,504.576301694745,305.978525203683,22.5364341082111,28.8705132931498,1399.28492856866,0,803.268479794286,56.7508299421382,0,6.97818325640292,53.4806916626603,3.40789537334987,201.495657558144,504.238454828624,747.8873004947,29.5786907329107,0.955806677146961,158.039890964738,106.438898786811,96.6834952253255,10.6372120331929,2.9086945050369,76.3436652336227,86.4240943543285,11.7619135791208,65.0973257243453,6.81075209764409,73.9557213379606,74.6924844225758,81.3372707307489,99.2342811385508,0,410.210465171357,23.7354994524086,19.7328664158361,100.710573051366,99.3567508666567,4.04377852676228,114.178316309548,3.0398653949829,7.0872955487631,849.022344904918,449.225623058954,10.8403530174625,30.0370274672522,208.061556582123,4.32007080130877,84.1394953225986,6.19405538385081,12.115225135983,48.2904659863788,52.0323783595367,893.411745232011,1137.48181531017,0,20.280592258932,"CC vs. WW","CC"
"LOC111111853",191.345832696437,20.6137054337762,2.79252231478926,6.05919259105632e-14,3.08674279820067e-11,0,0,3.800180767288,0,0,1128.73138950593,0,0,0,0.997957452691516,0,16.9749846195172,447.572070747056,0,1691.1176232149,0,0,12.3341040776805,1093.1693614949,0,833.315824572577,22.2505660351847,52.0515244842439,0,985.992184218986,0,0,0,49.0350212563643,0,0,73.5381300793237,14.0153896907766,0,0,1991.99159312057,0,0,0,0,559.324198466859,0,6.68153079311328,33.4922930806062,26.2472748962367,0,30.8542451899964,0,1.049456549782,0,1.15414706866466,1643.46600384735,929.999896863993,1166.53194518347,21.2877797573621,0,0,63.9912791108119,0,5.01009242633788,22.6190645752324,1.0171457144429,1174.36825455092,0,3.50121020730824,2.14045449291445,0,35.4972177272141,0,4.74709989048173,0,0.89920154510148,1.37995487314801,0,0,791.378291160547,54.0406285593186,6.80124708869093,0,0.677522063591404,24.0296219738018,0,0,0.816888304102899,572.330717467814,23.2208481773008,56.648431253252,58.4036899953983,975.25978898875,810.276161926484,59.6393258899978,18.1457930737812,"CC vs. WW","WW"
"LOC144621941",278.537500941637,23.7429057449907,3.86216602999255,2.52679487281921e-10,8.6379812619363e-08,0,0,2255.40728538543,0,1.1561427901596,0,0,2516.59921850804,0,1.99591490538303,0,0,637.292316192529,0,0,0,1.5026309810852,0,0.913257611942276,0,0,0,4171.69308957359,420.423338459493,0,0,0,0,1692.22988250687,0,0,0,0,506.011680461989,0,2.1056993584784,377.354071780258,0,0,0,1015.35856237364,0,0,3.72136589784513,465.384374121736,0,0,21.1289513147692,0,531.231948127801,660.172123276186,0.924334085403459,0,0,0,0,0,0,0,0,0.904762583009296,1.0171457144429,0,0,1424.99255437445,0,1.05568384189948,0,0,2182.30963536717,0,0,1.37995487314801,0,3126.04710672742,0,0,0,3.9579350049247,212.741927967701,0,0,1.08001770032719,4.0844415205145,0,1581.03688024579,0,0,0,540.552582785881,1.08435137981814,1260.59891883151,"CC vs. WW","WW"
"LOC111111765",4.63190574578889,-17.3889203347324,3.4129783766218,5.5159646228433e-08,1.50852923016939e-05,3.77734039441266,0,0.950045191822,4.37353447820962,6.93685674095759,0,1.30934365577222,0,0,0,0,61.53431924575,0,0,0,0,0,0,0,0,0,6.35730458148136,3.78556541703592,0,151.862895870648,0,4.05743938968086,0,16.6927731936559,0,0,0,0,0,2.26139321539137,0,2.15630898160147,0.842916047393067,0,0,0,0,0,0,0,0,2.05694967933309,0,0,0,16.1580589613053,0,0,0,0,0,0,0,0,15.0302772790136,0,1.0171457144429,6.81075209764409,0,0,0,2.11136768379895,0,0,5.4252570176934,0,0,0,0,4.43410937124457,0,23.0337105334801,9.06832945158791,0,0,74.0913344192221,0,0,0,0,0,0,0,0,0,0,0,"CC vs. WW","CC"
