"Gene","baseMean","log2FoldChange","lfcSE","pvalue","padj","B1_B1_O01","B1_W5_O50","B2_B5_O51","B2_C4_O40","B3_B4_O41","B3_C3_O30","B3_C6_O66","B3_H4_O41","B3_W1_O06","B3_W4_O41","B4_B2_O19","B4_B3_O32","B4_C5_O56","B4_H5_O55","B4_W2_O19","B4_W6_O67","B5_B6_O69","B5_H2_O21","B5_W3_O33","B6_C2_O24","B6_H3_O35","B6_H6_O72","C_W5_W52","C1_C4_W37","C1_H2_W13","C1_H6_W62","C2_B2_W16","C2_C1_W03","C2_H1_W04","C2_W2_W15","C3_B3_W30","C3_C2_W17","C3_W3_W29","C4_B1_W07","C4_B5_W56","C4_C6_W67","C4_H5_W56","C5_B4_W46","C5_C3_W33","C5_W1_W09","C5_W4_W45","C6_B6_W71","C6_C5_W59","C6_H3_W36","C6_H4_W48","C6_W6_W72","H1_B2_B13","H1_B6_B61","H1_C6_B62","H1_W4_B38","H1_W5_B49","H2_B5_B51","H2_C1_B04","H2_H1_B03","H2_W2_B16","H3_B4_B41","H3_C5_B54","H3_H4_B41","H3_H6_B66","H3_W3_B30","H3_W6_B66","H4_H2_B19","H4_W1_B07","H5_B1_B09","H5_B3_B34","H5_C2_B22","H5_C4_B46","H6_C3_B36","H6_H3_B35","W1_C1_G02","W1_C6_G61","W1_H5_G49","W1_W1_G01","W1_W6_G62","W2_B2_G04","W2_B6_G64","W2_C2_G15","W3_B5_G54","W3_C3_G29","W3_H2_G18","W3_H3_G30","W4_C5_G55","W4_H1_G08","W4_W5_G56","W5_B2_G21","W5_C4_G45","W5_H4_G46","W5_W2_G22","W6_B3_G35","W6_B4_G48","W6_H6_G71","W6_W3_G36","W6_W4_G48","pair","DEG_group"
"LOC144622046",14.8241599356916,21.2978180613743,3.25431670429184,2.78129769200804e-11,2.58034893376046e-08,0,0,0,0,0,0,0,0,0,0,22.1925873488014,6.36561923231896,0,0,27.0498671959729,0,78.1368110164304,0,291.329178209586,0,10.022698920976,188.60003591728,102.21026625997,1.10964169126372,0,0,0,0,0,0,28.3721358612988,0,0,105.115422680825,0,0,0,0,0,0,0,0,0,0,0,0,68.6188020212954,10.2847483966655,0,0,0,0,0,1.91161335429392,0,0,0,0,0,18.5406044138798,0,83.2381576368552,103.748862873175,11.6755750245327,0,0,62.0731802945189,13.7238899446932,0,0,66.4593984667442,3.48227054397107,0,0,26.9585235117486,0,0,0,13.6024941773819,0.989483751231176,0,4.00493699563363,0,18.3603009055623,0,0,5.04801047332626,0,0,0,0,5.42175689909071,0,"CH vs. CB","CB"
"LOC144622074",199.945965850092,2.15730365090926,0.841380333484667,1.55082502380766e-05,0.00516484380044252,162.425636959745,42.11027679823,128.25610089597,223.05025838869,175.733704104259,210.402040680302,185.926799119655,156.836031657737,153.351229890629,137.718128471429,120.041722477607,143.226432727177,115.299596679569,123.295185492927,160.295509309469,135.168140988082,144.252574184179,187.654583467568,40.1833349254601,87.9650393232748,113.829223459656,67.8112488691345,66.2473947981287,249.669380534337,48.1673131756986,116.130449783437,88.8257146679563,182.584772535639,290.18683728401,181.533908481008,86.2512930183483,215.404982844005,135.934119237538,111.122018262586,2253.65818644115,96.4861105233653,128.447660867183,15.0941628712103,187.127362521261,179.267089497133,99.4428791208493,2153.49560733756,115.440539626366,163.326308276103,124.665757577812,92.8749727097607,94.2054739614394,55.5376413419934,99.5105449018162,91.302719831034,164.120439258995,32.3161179226105,150.666455920764,327.841690261408,57.2894604747176,201.415146935042,77.3467961802604,45.7400117427296,82.4130109760456,174.49980624828,103.959417846511,127.571524204311,172.914771455292,129.404289855238,117.176597444561,162.222739605282,69.5647710197195,154.129840917324,209.433584590563,197.437747255373,145.125625223299,159.023688174679,112.400193137685,136.615532441653,233.191228376625,117.503898337981,229.003193088712,87.7052824159434,148.493894769752,61.3479925763329,249.328119401637,103.127127637566,98.5070201517131,206.283380762494,160.926995908271,195.732150129685,173.651560282424,90.080292320745,147.602052897461,148.709825980554,1801.8419426196,132.290868337813,162.244738071456,"CH vs. CB","CB"
"LOC111105070",9.06934597134404,-19.8783807593055,2.78295267642802,4.73708163853982e-13,5.35022477062387e-10,0,0,58.902801892964,0,0,0,0,0,0,0.997957452691516,0,0,0,0,4.00738773273672,0,0,1.76201486824007,0,0,10.73860598676,0,393.698803371736,0,10.1091891850232,15.6329451631549,0,8.11487877936172,0,0,0,0,0,0,0,5.27658416924654,12.6341961508704,0,0,0,0,0,1.54953744464921,0,0,0,1.16303054273382,0,23.8552676134491,4.197826199128,0,0,0,17.2045201886453,0,0,0,0,0,13.087485468621,2.50504621316894,0.904762583009296,10.171457144429,0,0,39.6803823494934,2.14045449291445,0,0,0,0,0,16.1856278118266,12.4195938583321,0,0,7.09301925496009,7.97320749235849,0,0,0,0,0,0,153.575001171345,0,1.00960209466525,4.64331403715181,1.06188527264361,1.15278934868647,0,0,0,"CH vs. CB","CH"
"LOC144623974",81.8116045099637,8.58621107738642,9.43284325944863,0.000120009408017581,0.0245471211974228,0,0,0.950045191822,0,0,0,0,0,0,998.955410144208,0,0,984.23928438287,1.32575468271965,0,0,0,1291.55689841997,0,242.598318975768,0,24.3696675623452,0,0,0,0,0,0,0,26.0824581150874,12.4837397789715,0,0,0,0,0,0,0,0,0,0,0,220.809085862512,0,0,0,0,0,7.49736982136972,0,0,0,0,0,0,0,0,0,0,22.9030995700868,1286.34123046225,0,0,0,0,33.8450320039797,0,0,0,0,0,0,347.091796409171,22.7692554069422,0,0,0,0,0,303.771511627971,0,15.0185137336261,0,0,0,0,66.6337382479067,0,1656.54102532402,0,0,0,42.6959837030146,"CH vs. CB","CB"
"LOC111104604",174.192462980199,23.3478373821687,4.42220282979824,3.50387952190319e-08,2.01002460063073e-05,0,0,167.207953760672,0,0,0,0,391.058263146595,0,978.996261090378,0,0,0,1092.42185856099,0,0,0,0,1308.69815791328,0,445.294194917649,0,0,2103.88064663601,0,0,0,1075.22143826543,0,375.587396857258,0,0,0,0,0,0,0,181.129954454524,0,0,0,544.707712444206,0,0,0,281.653449848079,0,0,0,0,250.499617816361,213.517207702962,1191.46663608506,0,0,0,0,0,0,0,405.817486533369,0,665.213297245654,1.94592917075545,0,284.76509686107,0,0,653.858750535283,975.687508281406,0,0,0,617.529805733734,0,0,0,0,0,3.9579350049247,614.512511677404,0,0,0,0,0,1185.27285913701,0,0,0,0,0,189.997127478415,"CH vs. CB","CB"
"LOC144619485",20.0451020912528,-19.3784343996107,2.99384874288594,4.85403285086255e-11,4.20310704556188e-08,0,1.0026256380531,238.461343147322,0,0,0,108.675523429094,0,1.10324625820597,0,2.01750794080012,0,175.045751322619,0,4.00738773273672,0,36.8144590365874,54.6224609154422,0,0,0,0,0,0,2.37863274941721,29.0326124458592,0,0,0,350.548237066774,0,0,10.0279268289987,0,0,1.50759547692758,0,0,0,0,3.20783481034998,0,1.54953744464921,0,0,0,0,0,0,7.346195848474,0,0,0,0,0,0,0,20.2107028630666,0,2.18124757810351,0,16.2857264941673,0,0,2.88139174044002,2.33414013820549,0,0,0,0,0,0,0,0,29.6543758629234,64.2945858830462,4.0531538599772,0,0,0,0,0,0,77.7612744235579,0,0,22.2112460826356,0,6.37131163586163,193.668610579326,0,0,394.937849252885,"CH vs. CB","CH"
"LOC111104947",6.16258619974877,-16.7485151406325,2.51941282898178,1.48026605753402e-11,1.4789565914062e-08,0,0,188.108947980756,0,0,0,3.27335913943055,0,0,0,0,0,11.5299596679569,0,0,4.29105209485974,6.0105239243408,0,4.56628805971138,0,0,0,4.7319567712949,0,0.594658187354303,0,0,0,0,1.04329832460349,0,0,2.22842818422193,0,0,1.50759547692758,0,0,0,0,0,0,18.5944493357905,1.48478462069184,3.72136589784513,0,2.32606108546764,0,0,0,0,2.30829413732932,0,0,0,6.55008607918834,3.51576346273911,0,0,8.72499031241402,12.5252310658447,0,2.03429142888579,0,0,5.83535034551373,0,0,0,0,4.06894276327005,0,0,1.37995487314801,44.4815637943851,84.2480780536468,10.132884649943,75.3025152056079,20.4037412660728,0,0,16.0197479825345,0,0,17.1546543861609,0,0,0,0,0,4.42169801869841,0,0,"CH vs. CB","CH"
"LOC144622852",5.60315373856747,-2.02431222108791,2.051815375752,0.0002584849191895,0.0438866846129781,3.77734039441266,3.00787691415929,19.00090383644,3.49882758256769,4.62457116063839,4.64976885481331,1.30934365577222,2.06363199549655,1.10324625820597,0.997957452691516,4.03501588160025,2.12187307743965,4.1927126065298,1.32575468271965,1.00184693318418,3.21828907114481,2.2539464716278,4.40503717060018,0.913257611942276,0,2.863628263136,5.29775381790113,3.78556541703592,14.4253419864283,73.7376152319336,0,1.04500840785831,1.01435984742021,9.81835163742892,2.08659664920699,0,2.78540926091385,8.91371273688773,1.0010992636269,0.866458356955461,0,0,0,0,3.07315010566514,1.06927827011666,1.94886480302041,0.774768722324605,0.742392310345921,10.2337562190741,83.7893775533711,2.32606108546764,5.14237419833273,12.2684233440595,0,0,2.30829413732932,3.69733634161384,8.60226009432265,4.93874659264807,0,1.75788173136955,2.12744240663859,0,2.18124757810351,0,0,17.2914771455292,1.94592917075545,2.88139174044002,10.5036306219247,3.21068173937167,3.16705152569843,1.41988870908856,11.5012279954586,0.678157127211675,1.16075684799036,0,2.75990974629602,8.08755705352457,6.65116405686685,6.07973078996579,11.51685526674,7.93478827013942,0.989483751231176,1.35504412718281,0,7.36501085246453,10.8001770032719,10.6195479533377,1.23881107677016,3.02880628399576,3.71465122972145,27.6090170887337,4.61115739474586,1.1054245046746,8.67481103854514,1.06739959257537,"CH vs. CB","CH"
"LOC144620744",137.753459903839,3.41401032700421,1.53609693989697,2.85667270040586e-05,0.00862881241144687,36.8290688455235,17.0446358469026,45.602169207456,111.962482642166,62.4317106686183,22.0864020603632,19.6401548365833,3.09544799324482,27.5811564551492,32.93259593882,64.560254105604,61.53431924575,45.0716605201953,273.105464640247,15.0277039977627,49.347099090887,12.7723633392242,49.336416310722,26.484470746326,64.8163447645182,26.488561434008,13.7741599265429,15.1422616681437,28.8506839728567,15.4611128712119,26.7993345654085,2853.91796186104,31.4451552700266,34.9096947108584,13.5628782198454,7.94419804116366,16.7124555654831,14.4847831974426,5.0054963181345,32.9254175643075,18.091145723131,28.4269413394584,23.7193987976162,9.27207652132373,18.4389006339909,24.5934002126832,9.74432401510207,1912.90397541945,2.96956924138368,49.3080981464479,6.05706343759309,12.793335970072,6.17084903799927,12.9500024187295,2.098913099564,41.0301098147489,108.489824454478,12.016343110245,8.60226009432265,18.7672370520627,70.4134253512747,7.03152692547822,5.31860601659647,10.6652131851353,21.812475781035,36.3231700909497,26.2381149072696,146.468982879777,14.5944687806659,18.2488143561201,47.8498728332126,14.9831814504011,19.0023091541906,40.4668282090241,1087.82448123713,18.9883995619269,28.4385427757638,8.09281390591332,28.2890748995342,5.39170470234971,455.604737895379,1706.3777750504,2052.65797331051,7.93478827013942,43.5372850541717,31.843536988796,47.0580096986951,8.2856372090226,3.24005310098158,26.1404257312928,56.9853095314274,48.4609005439321,26.9312214154805,19.1139349075849,53.0283100395774,36.4790086542619,13.0122165578177,12.8087951109044,"CH vs. CB","CB"
"LOC144619911",264.44521794866,-4.84268627254094,3.58347599340726,5.57671327298352e-05,0.0137904540631964,0,20.0525127610619,8.550406726398,6.12294826949346,1.1561427901596,2148.19321092375,1578.41377703341,1.03181599774827,1.10324625820597,0,4.03501588160025,5.30468269359914,0,3.97726404815894,1745.21735760684,0,0,1.76201486824007,0.913257611942276,1473.18292171926,3.57953532892001,4.2382030543209,1.89278270851796,0,2.37863274941721,0,2.09001681571662,2099.72488415984,0,2.08659664920699,1.13488543445195,866.262280144209,3.3426422763329,3.0032977908807,0,1356.83592923482,2020.41853446003,1.07815449080074,0,1.02438336855505,3.20783481034998,0,3.09907488929842,0,4.65170737230641,0,0,0,1175.72390380571,2.098913099564,1.07973973196708,0,1.84866817080692,0,2.96324795558884,3.27504303959417,1270.0695509145,1125.41703311181,0.969564835012302,2.18124757810351,3.75756931975341,0.904762583009296,4.06858285777158,0,0.960463913480007,0,2.14045449291445,2.11136768379895,2.83977741817713,0,1637.07130508898,4.06264896796625,0.89920154510148,0.689977436574005,811.451557703631,2.21705468562228,1.0132884649943,0,0,14.8422562684676,0.677522063591404,1.00123424890841,1680.14310071847,0,2415.53871523227,1028.21319371923,1.00960209466525,0.928662807430361,0,2.30557869737293,5.52712252337301,4.33740551927257,0,"CH vs. CB","CH"
"LOC144620836",28.2178335178896,18.2735011739521,8.07826767935913,1.09428853125273e-05,0.00388124056845853,107.654201240761,0,0,0,0,0,62.8484954770665,0,60.6785442013281,0,0,0,0,0,0,0,0,78.4096616366832,0,0,0,0,0,0,0,0,0,279.963317887979,0,0,0,243.259075453143,258.497669369744,0,107.440836262477,65.5804032463498,0,19.4067808344133,0,0,0,0,0,0,0,0,41.8690995384175,0,0,0,113.372671856543,0,0,0,0,0,0,219.126567883774,0,0,113.979602699187,0,0,0,0,0,194.781358855215,0,0,0,173.608224566189,79.5118440873395,0,0,0,162.953519393238,0,0,0,0,0,0,0,0,60.4497345036146,97.8660750648427,0,0,0,83.0008331054255,0,0,0,"CH vs. CB","CB"
"LOC144625532",305.446456396254,5.71238134289258,3.75542019717986,3.62280132938145e-05,0.0100116500141853,583.599090936757,1.0026256380531,14.25067787733,0,3.46842837047879,0,0.654671827886109,0,2.20649251641193,1406.12205084235,1.00875397040006,0,0,774.240734708273,1.00184693318418,1248.69615960418,3.0052619621704,820.217921165754,136.988641791341,2018.56616552357,2172.77794465444,1190.93505826417,772.255345075328,0,0,0,6.27005044714986,243.446363380851,0,390.193573401707,7.94419804116366,0.928469753637951,308.637303514737,2.0021985272538,3760.4292691867,0.753797738463791,6.31709807543521,857.132820186586,3.37166418957227,0,0,0.974432401510207,1.54953744464921,4.45435386207552,0,1.00951057293218,1.16303054273382,1.02847483966655,2.04473722400992,5.24728274891,3458.40636149054,2392.54687334184,0.924334085403459,0,2.96324795558884,6.55008607918834,7.910467791163,0,694.208421868808,6.54374273431051,1.25252310658447,1.80952516601859,0,0,3.84185565392003,10.5036306219247,0,8.44547073519582,0,0,8.81604265375178,2.32151369598072,1547.52585911965,0.689977436574005,86.2672752375954,1.10852734281114,8.10630771995439,53.1547166157232,409.208366502904,0.989483751231176,0.677522063591404,4.00493699563363,1.84125271311613,2.16003540065439,0,0,33.3168691239533,2.78598842229108,0,1829.47669636542,3.31627351402381,620.248989255977,438.701232548475,"CH vs. CB","CB"
"LOC144620089",12.2411475112948,-16.9457891591408,5.32078132517844,3.33018679369858e-06,0.00149152176448117,0,0,0,0,0,0,0,0,0,0,0,0,0,0,0,0,7.513154905426,0,0,0,0,0,0,0,9.51453099766885,2.2332778804507,0,0,0,0,0,0,0,0,0,17.3373479846672,0,0,0,0,0,0,6.19814977859684,0,0,15.1426585939827,0,1.02847483966655,4.77105352268982,0,943.692525739224,0,0,0,0,0,0,0,0,2.18124757810351,40.0807394107031,0,8.13716571554317,5.83778751226636,0,0,0,0,0,0.958435666288219,0,0,0,0,0,0,0,0,0,15.8317400196988,0,0,0.920626356558067,6.48010620196316,0,30.970276919254,0,0,0,19.5974189276699,0,0,0,"CH vs. CB","CH"
"LOC111101702",21.9692779920791,20.3683954352167,3.9497165104965,6.32608998838364e-08,3.49644339634557e-05,0,0,0,0,0,0,26.8415449433305,145.486055682507,0,107.779404890684,0,44.5593346262327,0,0,0,164.132742628385,0,0,0,0.925947782350261,0,193.897789735181,76.6576996949774,0,0,0,0,40.5743938968086,0,133.542185549247,20.4279378201351,0,0,0,0,177.896266277455,0,0,0,0,0,38.9772960604083,0,0,0,0,0,0,89.2868587817666,0,0,0,0,0,0,0,0,0,247.239032928137,0,7.51513863950682,0,0,0,0,0,0,0,0,0,0,0,0,0,8.08755705352457,0,0,0,0,0,0,0,0,0,41.6613035092479,4.95524430708064,160.526733051775,0,0,57.6394674343233,54.1658007290555,117.109949020359,83.2571682208786,"CH vs. CB","CB"
"LOC111099855",12.17776375665,-3.86862081202352,1.96641673321403,3.60309915580311e-05,0.0100116500141853,0,1.0026256380531,3.800180767288,4.37353447820962,1.1561427901596,2.32488442740666,22.2588421481277,0,25.3746639387372,0.997957452691516,3.02626191120019,1.06093653871983,0,0,7.01292853228926,19.3097344268688,4.5078929432556,0.881007434120036,14.6121217910764,3.70379112940104,2.863628263136,4.2382030543209,5.67834812555389,1.10964169126372,478.10518263286,8.93311152180282,4.18003363143324,4.05743938968086,5.45463979857162,7.30308827222446,0,0,5.57107046055483,1.0010992636269,6.93166685564369,1.50759547692758,11.5813464716312,2.15630898160147,8.42916047393067,21.512050739656,3.20783481034998,0,6.19814977859684,2.96956924138368,0.930341474461282,231.17792120147,5.8151527136691,0,0,10.49456549782,0,2.30829413732932,4.6216704270173,0.955806677146961,0,0,0,0,6.78695384508611,13.087485468621,1.25252310658447,0.904762583009296,14.2400400022005,8.75668126839954,0,7.00242041461648,20.3343176826872,2.11136768379895,6.38949919089853,0,2.03447138163503,5.80378423995179,8.9920154510148,4.13986461944403,2.69585235117486,0,0,7.97320749235849,6.80124708869093,1.97896750246235,2.71008825436562,0,0,1.08001770032719,0,0,7.06721466265677,16.7159305337465,0,9.22231478949172,3.31627351402381,2.16870275963628,4.26959837030146,"CH vs. CB","CH"
"LOC111101591",133.71459714978,-3.90750022871375,2.36205302033337,5.26444716591945e-05,0.013277140196999,28.330052958095,10.026256380531,19.00090383644,3.49882758256769,5.78071395079799,9.29953770962662,17.0214675250388,0,2.20649251641193,5.9877447161491,4.03501588160025,369.2059154745,27.2526319424437,1.32575468271965,8.01477546547344,8.58210418971948,7.513154905426,3.52402973648014,122.376520000265,0,0,14.8337106901232,179.814357309206,223.037979944007,8.91987281031455,1277.4349476178,0,12.1723181690426,10.9092795971432,70.9442860730377,4.5395417378078,0,11.1421409211097,1.0010992636269,10.3975002834655,17.3373479846672,0,8.62523592640589,3.37166418957227,0,14.9698957816332,0,17.0449118911413,7.42392310345921,1.86068294892256,30.2853171879654,11.6303054273382,80.2210374939905,7.49736982136972,0,4.3189589278683,2.30829413732932,5.54600451242075,3.82322670858784,3.95099727411845,3.27504303959417,1.75788173136955,5.31860601659647,15.5130373601968,15.2687330467245,5.01009242633788,21.7143019922231,16.2743314310863,133.296148196749,7.68371130784006,18.673121105644,4.28090898582889,46.450089043577,4.25966612726569,41.2127336503934,21.0228709435619,2.32151369598072,0,5.51981949259204,91.6589799399451,55.4263671405571,12.1594615799316,2992.61054546522,13.6024941773819,0,9.48530889027966,780.962714148558,1820.0783069153,54.0008850163597,14.7039894738522,3347.26752943298,19.1824397986398,1.85732561486072,4.24754109057442,23.0557869737293,2.21084900934921,55.3019203707252,70.4483731099742,"CH vs. CB","CH"
"LOC111101994",14.275569595279,-19.2884195318024,3.20740498315538,8.49447327441444e-10,6.68669491665042e-07,0,68.1785433876105,5.700271150932,0,0,0,0,0,0,66.8631493303316,0,0,0,0,0,0,0,0,1.82651522388455,11.1113733882031,2.147721197352,0,282.971014923435,35.508534120439,0,0,0,35.5025946597075,0,0,0,1.8569395072759,0,0,0,0,0,0,0,0,0,0,0,0,28.8405857082997,0,0,28.7972955106633,0,0,0,0,0,0,5.92649591117768,0,0,85.0976962655434,1.9391296700246,26.1749709372421,2.50504621316894,1.80952516601859,134.263234306462,6.81075209764409,0,35.0121020730824,19.26409043623,0,0,0,332.296992333721,0,0,0,0,15.519382799356,0,0,3.40062354434547,5.93690250738706,7.45274269950545,0,0,0,41.6613035092479,0,0,11.1439536891643,0,0,22.1084900934921,0,0,"CH vs. CB","CH"
"LOC111100784",47.6585642900963,2.56985256342097,1.31545150295226,4.31134011162986e-05,0.0110886813940405,24.5527125636823,20.0525127610619,14.25067787733,22.74237928669,24.2789985933516,9.29953770962662,11.1294210740639,61.9089598648964,11.0324625820597,5.9877447161491,19.1663254376012,79.570240403987,75.4688269175364,13.2575468271965,19.0350917304994,65.438544446611,68.3697096393766,3.52402973648014,29.2242435821528,20.3708512117057,17.181769578816,11.6550583993825,10.4103048968488,5.54820845631859,16.0557710585662,15.6329451631549,12.5401008942997,17.2441174061436,27.2731989928581,23.9958614658804,13.6186252134234,23.2117438409488,38.9974932238838,12.0131911635228,621.250641937065,15.8297525077396,29.4797910186976,596.219433412807,16.0154049004683,22.5364341082111,37.4247394540831,56.517079287592,6.19814977859684,43.8011463104093,6.51239032122897,21.1997220315758,34.8909162820146,13.3701729156651,10.2236861200496,7.346195848474,559.305181158945,609.389652254941,0.924334085403459,21.9835535743801,13.8284904594146,14.7376936781738,11.4262312539021,7.44604842323505,23.2695560402952,50.1686942963806,21.292892811936,13.5714387451394,11.1886028588719,21.40522087831,48.9836595874804,18.673121105644,63.1434075409762,16.8909414703916,15.6187757999742,4.79217833144109,2.7126285088467,14.5094605998795,45.8592788001755,22.0792779703682,14.8271879314617,59.8604765118017,16.2126154399088,31.0069180258386,21.5372824475213,24.7370937807794,13.5504412718281,18.0222164803513,13.809395348371,44.2807257134149,21.2390959066754,18.5821661515524,20.1920418933051,10.215290881734,3.18565581793082,12.6806828355511,11.054245046746,22.771378976181,38.4263853327132,"CH vs. CB","CB"
"LOC111101074",336.72631902853,-2.03634508892821,0.600798787380123,4.42492557640015e-06,0.00191577152830245,128.429573410031,521.36533178761,623.229645835232,497.708223620254,150.298562720748,842.770604934913,158.430582348438,517.971630869633,230.578467965047,764.435408761702,792.880620734449,160.201417346694,243.177331178728,201.514711773386,1173.16275875867,396.922318774526,261.457790708825,195.583650374648,264.84470746326,272.228648010977,431.691960667753,141.97980231975,207.259706582717,187.529445823568,287.219904492129,1435.9976771298,212.136706795237,169.398094519176,569.464394970877,330.725568899308,202.009607332447,445.665481746217,477.997845515604,104.114323417198,94.4439609081452,82.1639534925532,1479.25379933108,197.302271816535,117.165330587636,101.41395348695,318.644924494764,136.420536211429,120.863920682638,205.64266996582,255.843905476853,371.499890839043,181.432764666476,115.189182042653,496.871145434411,182.605439662068,182.476014702436,594.3857403623,284.694898304265,367.98557070158,1048.00202695992,301.303959642664,428.044201588486,491.439195933513,83.3825758110579,139.599844998624,221.696589865451,600.762355118172,249.200700038509,547.77906156766,357.292575814563,437.65127591353,601.467712508959,306.148314150848,265.519188599561,168.684677266726,227.860794743123,135.808551214872,214.009967734152,544.39219745689,76.8317920084834,239.441906047207,274.601174013455,210.847042575702,148.493894769752,237.476100295482,159.21768494398,277.341886947629,177.680886815707,281.884619785398,249.150932751384,138.746840598258,257.448534139639,403.039658424777,271.842629796763,345.83680460594,102.804478934738,263.497385295808,342.635269216693,"CH vs. CB","CH"
"LOC111123950",48.7115549400496,5.36328474370766,2.4966416186098,1.76410537703726e-05,0.00572827067241211,2.8330052958095,2.00525127610619,7.600361534576,0,0,2.32488442740666,3.92803096731665,0,1.10324625820597,1.99591490538303,0,2.12187307743965,498.932800177046,0,0,2.14552604742987,0.7513154905426,1.76201486824007,0,8.33353004115235,1.431814131568,2.11910152716045,0.946391354258981,14.4253419864283,1.78397456206291,2.2332778804507,32.3952606436076,2.02871969484043,0,3.12989497381048,1.13488543445195,0.928469753637951,0,0,313.657925217877,4.52278643078275,1.0528496792392,511.045228639549,0.842916047393067,492.728400274978,2.13855654023332,687.949275466206,32.5402863376334,0,6.51239032122897,39.3709123443551,0,6.17084903799927,2.7263162986799,0,0,356.63144421738,5.54600451242075,0,1.97549863705923,3.27504303959417,0,1.06372120331929,0,10.9062378905175,1.25252310658447,1.80952516601859,3.05143714332869,1.94592917075545,2.88139174044002,2.33414013820549,28.896135654345,0,0.709944354544282,11.5012279954586,0.678157127211675,6.96454108794214,3.59680618040592,609.94005393142,0,2.21705468562228,2.0265769299886,3.54364777438155,2.26708236289698,0.989483751231176,0.677522063591404,0,6.44438449590647,2.16003540065439,0.816888304102899,0,2.01920418933051,2.78598842229108,0,138.334721842376,610.194326580381,1.08435137981814,0,"CH vs. CB","CB"
"LOC111127072",345.860221857365,3.69906148033494,1.91889883087469,3.97176098136833e-05,0.0106365396920624,804.573504009897,26.0682665893805,2697.17829958266,54.2318275297992,19.6544274327132,58.1221106851664,19.6401548365833,17.5408719617206,61.7817904595341,54.8876598980334,487.22816770323,82.7530500201465,35.6380571555033,7.95452809631787,476.87914019567,36.4739428063078,1083.39693736243,40.5263419695217,1310.52467313717,25.9265379058073,7.15907065784001,2294.98695391477,708.847124339977,207.502996266315,20.2183783700463,27.9159735056338,100.320807154398,10.1435984742021,9.81835163742892,39.6453363349328,1006.64338035888,38.995729652794,55.7107046055483,2382.61624743202,22.527917280842,11.3069660769569,24.2155426225016,19.4067808344133,18.5441530426475,66.5849189560781,19.2470088620999,89.6477809389391,1570.45620015197,10.3934923448429,26.0495612849159,37.3518911984907,2230.69258096347,194.381744696977,6.13421167202977,72.412501934958,0,6.92488241198797,24.0326862204899,9.55806677146961,41.4854713782438,44.2130810345213,21.9735216421194,11.7009332365122,41.691287905529,823.420960734073,27.5555083448584,331.143105381402,378.378205772757,37.9456188297313,54.7464430683604,7.00242041461648,1103.4042910974,415.939433708394,34.0773290181255,25.8777629897819,868.041122830944,423.67624951648,26.0768448079429,16.5594584777761,1981.45147811352,930.054440618548,24.3189231598632,2834.03230756164,459.084178486638,47.4952200590964,18.2930957169679,360.444329607027,32.2219224795323,829.453593851285,23.6897608189841,12.3881107677016,483.599403344656,265.597562925083,42.4754109057442,34.583680460594,29.8464616262143,131.206516957995,118.481354775866,"CH vs. CB","CB"
"LOC111126099",3203.92536078014,3.45297739791827,3.31882820146434,0.000130316195624079,0.0262420450676489,8402.69370737097,8.02100510442476,13032.7199414142,10.4964827477031,0,185.990754192532,17.6761393529249,0,4.41298503282386,43.9101279184267,13452.7429492552,31.8280961615948,35.6380571555033,2.65150936543929,2638.86482200713,10.7276302371494,17447.0483213803,8.81007434120036,4899.62708807031,137.040271787839,35.7953532892001,13346.1014180565,18230.3366570907,35.508534120439,9.51453099766885,3.34991682067606,4.18003363143324,32.4595151174469,13.0911355165719,18.7793698428629,12681.2098445661,3.71387901455181,24.5127100264412,12885.1486221418,1.73291671391092,0,120.024863433269,0,10.9579086161099,6.14630021133029,27.8012350230331,13.6420536211429,14275.8884775532,6.68153079311328,9.30341474461282,16.1521691669149,7468.98214543659,6643.94746424588,14.9947396427394,27.285870294332,0,3.46244120599398,57.3087132950145,42.0554937944663,188.660119839156,16.3752151979709,161.725119285999,208.489355850581,40.7217230705167,7973.55052175736,10.0201848526758,8977.05434861823,13852.5074849978,51.5671230250195,0,56.0193633169319,21507.2867448044,188.967407700006,24.8480524090499,15.3349706606115,11288.6035395655,12.1879469038988,34.1696587138563,143.515306807393,14130.310098683,9644.18788245693,23.3056346948689,29850.8029394466,10895.5978360829,164.254302704375,1.35504412718281,108.133298882108,50.6344496106937,7815.00807956757,3.2675532164116,7.43286646062097,8178.78656888321,5845.93237277412,15.9282790896541,6.91673609211879,17.6867920747936,8.67481103854514,4.26959837030146,"CH vs. CB","CB"
"LOC111113280",176.690428603258,-2.80872959593327,3.0450129021583,0.000198810909447243,0.037697160545336,1.88867019720633,6.01575382831857,34.201626905592,3.49882758256769,32.3719981244687,0,9.16540559040553,0,4.41298503282386,5.9877447161491,6.05252382240037,752.204005952357,2.0963563032649,7.95452809631787,4.00738773273672,2.14552604742987,42.0736674703856,0,1.82651522388455,0,0.715907065784001,21.1910152716045,28.3917406277694,1279.41687002707,0,4053.39935301803,6.27005044714986,0,0,115.806114030988,9.07908347561561,0,20.0558536579974,4.0043970545076,5.19875014173276,43.7202688308999,0,8.62523592640589,0,2.0487667371101,8.55422616093327,4.87216200755104,82.1254845664081,2.96956924138368,5.58204884676769,0,9.30424434187056,8.22779871733236,0,0,49.6680276704855,20.7746472359639,0,5.73484006288177,0,39.3005164751301,7.03152692547822,59.5683873858804,13.5739076901722,0,42.585785623872,9.04762583009296,65.0973257243453,3342.13335077249,19.2092782696001,4.66828027641099,0,42.2273536759791,0,2.87530699886466,40.0112705054888,13.9290821758843,0,1.37995487314801,0,176.255847506972,4.0531538599772,3638.44035234626,15.8695765402788,5.93690250738706,6.77522063591404,1882.32038794781,0,6.48010620196316,0,2.47762215354032,48.4609005439321,0,0,20.7502082763564,27.6356126168651,65.0610827890885,117.41395518329,"CH vs. CB","CH"
"LOC111126273",165.278032824053,-6.54993195436793,1.60242799084847,4.73820197186533e-07,0.000246168545246291,4.72167549301583,1.0026256380531,32.301536521948,30.6147413474673,50.8702827670223,6.97465328221997,1.30934365577222,0,0,3.99182981076607,4.03501588160025,485.908934733681,6.2890689097947,2.65150936543929,2.00369386636836,2.14552604742987,20.2855182446502,7.04805947296029,10.045833731365,1.85189556470052,1.431814131568,23.310116798765,16.0886530224027,480.47485231719,13.0824801217947,4775.86474734383,2.09001681571662,11.1579583216224,10.9092795971432,77.2040760206586,5.67442717225976,1.8569395072759,5.57107046055483,4.0043970545076,7.79812521259915,18.8449434615948,0,6.46892694480442,0,0,6.41566962069995,2.92329720453062,32.5402863376334,1.48478462069184,0,16.1521691669149,46.5212217093528,21.5979716329974,6.13421167202977,14.692391696948,10.7973973196708,20.7746472359639,0,0,0,85.1511190294485,5.27364519410866,0,3.87825934004921,4.36249515620701,11.2727079592602,14.4762013281487,23.3943514321866,1799.98448294879,19.2092782696001,14.004840829233,2.14045449291445,65.4523981977676,9.93922096361994,0,27.8044422156787,9.28605478392286,94.4161622356554,25.5291651532382,10.7834094046994,157.410882679182,0,4544.72827064434,15.8695765402788,5.93690250738706,12.8729192082367,1790.20683704823,0,25.9204248078526,0,9.91048861416129,52.4993089225932,35.2891866823537,2.12377054528721,36.8892591579669,15.4759430654444,44.4584065725438,78.9875698505771,"CH vs. CB","CH"
"LOC144622642",67.5203218467482,1.65195324535557,1.57591053398429,0.000229627199854699,0.0414237900737883,182.256674030411,31.081394779646,21.851039411906,26.2412068692577,97.1159943734062,19.7615176329566,22.9135139760138,188.822327587934,511.906263807568,27.9428086753625,70.6127779280044,152.774861575655,24.1080974875463,131.249713589245,21.0387855968678,30.0373646640182,85.6499659218564,59.0274980860424,126.029550448034,2.77784334705078,98.0792680124081,151.515759191972,67.1937861523876,196.406579353678,11.2985055597318,5.58319470112676,86.7356978522397,232.288405059229,19.6367032748578,8.34638659682796,211.088690808063,0,23.3984959343303,117.128613844347,16.4627087821538,8.2917751231017,14.7398955093488,348.243900528638,28.6591456113643,76.8287526416286,14.9698957816332,26.3096748407756,30.2159801706596,20.7869846896858,17.6764880147644,153.445607085692,175.617611952807,10.2847483966655,12.9500024187295,78.70924123365,198.672110681942,9.23317654931729,46.216704270173,43.0113004716132,17.779487733533,9.82512911878252,29.8839894332824,3.19116360995788,43.6304175755536,94.8842696475025,12.5252310658447,104.047697046069,11.1886028588719,10.702610439155,201.697421830802,1.16707006910275,89.8990887024067,30.6148314150848,19.1684975726956,38.3374266515287,17.6320853075036,108.530765287098,46.758480345277,268.401222827288,43.1336376187977,17.7364374849783,14.1860385099202,14.1745910975262,146.226812406855,3.9579350049247,27.1008825436562,16.0197479825345,133.49082170092,116.641911635337,4.0844415205145,44.5971987637258,4.03840837866101,52.9337800235306,21.2377054528721,5.76394674343233,26.5301881121905,18.4339734569084,16.0109938886305,"CH vs. CB","CB"
"LOC111122699",72.6655452059792,-3.38505025276237,2.35350665027598,8.29647492781038e-05,0.0181107167394731,23.6083774650792,3.00787691415929,19.00090383644,6.99765516513539,34.6842837047879,52.3098996166498,1.30934365577222,0,0,4.98978726345758,2.01750794080012,231.284165440922,5.24089075816225,2.65150936543929,8.01477546547344,1.07276302371494,20.2855182446502,10.5720892094404,12.7856065671919,21.296798994056,7.15907065784001,32.846073670987,24.6061752107335,219.709054870216,0,1161.30449783437,2.09001681571662,6.08615908452129,9.81835163742892,14.6061765444489,4.5395417378078,0,16.7132113816645,2.0021985272538,0,18.8449434615948,10.528496792392,6.46892694480442,0,4.09753347422019,10.6927827011666,13.6420536211429,16.2701431688167,0,0,4.03804229172873,61.6406187648924,11.313223236332,25.218425762789,1.049456549782,25.9137535672098,28.8536767166165,0,0.955806677146961,27.6569809188292,3.27504303959417,14.9419947166412,25.529308879663,0.969564835012302,52.3499418744841,8.7676617460913,3.61905033203718,15.2571857166434,129.404289855238,19.2092782696001,0,147.691360011097,19.0023091541906,4.25966612726569,3.83374266515287,57.6433558129924,3.48227054397107,0,4.13986461944403,45.8294899699725,36.5814023127677,0,2519.53356758528,7.93478827013942,15.8317400196988,5.42017650873124,1181.45641371192,8.2856372090226,4.32007080130877,17.1546543861609,13.6269218444718,8.07681675732202,47.3618031789484,0,18.4446295789834,4.42169801869841,24.9400817358173,55.504778813919,"CH vs. CB","CH"
"LOC111125415",74.0279025038003,21.3711303041861,3.70771444252735,3.39269212845924e-09,2.51805609774245e-06,139.761594593269,0,313.51491330126,0,0,0,0,0,0,0,52.4552064608032,0,0,0,246.454345563308,0,239.669641483089,0,757.090560300147,0,0,255.351734022834,67.1937861523876,1.10964169126372,0,0,0,0,0,0,175.907242340052,0,0,311.341870987966,0,70.8569874155964,0,0,0,0,0,0,397.456354552522,0,0,0,289.594605140721,12.3416980759985,0,0,0,2.30829413732932,0,0,0,0,0,0,0,83.9780317569849,0,63.3333808106507,82.3888028698746,0,0,0,225.817949002474,209.025400696096,0,0,294.998350337079,0,0,0,155.011510192554,412.372171525745,0,1364.3043931369,95.217459241673,0,0,352.434455615759,0,104.761716931738,0,0,56.5377173012542,52.0051172161002,0,0,0,0,0,"CH vs. CB","CB"
"LOC111125416",63.9291073204084,22.6077383687534,3.59861637642506,1.40354670635323e-10,1.1761268642238e-07,137.872924396062,0,353.416811357784,0,0,0,0,0,0,0,49.4289445496031,0,0,0,237.437723164651,0,81.8933884691434,0,233.793948657223,0,0,380.378724125301,70.0329602151646,2.21928338252744,0,0,0,0,0,0,129.376939527522,0,0,260.285808542994,0,6.03038190771033,0,0,0,0,0,0,326.952400820983,0,0,0,167.47639815367,8.22779871733236,0,0,0,0,0,0,0,0,0,0,0,42.5343277730183,0,0,17.2914771455292,0,0,0,61.0029530480617,222.74929064079,0,0,149.194567986569,113.754171103055,0,0,207.580631040464,66.5116405686685,0,1894.07973540694,31.7391530805577,0,0,560.691179388708,0,127.442088638609,0,0,2.01920418933051,1.85732561486072,0,0,0,0,2.13479918515073,"CH vs. CB","CB"
"LOC111124176",214.799550161862,-6.38024513524476,1.77421168052216,1.55196919029975e-06,0.000733009157389393,7.55468078882533,1.0026256380531,77.903705729404,12.2458965389869,46.2457116063839,11.6244221370333,1.96401548365833,0,2.20649251641193,3.99182981076607,0,724.619655945642,2.0963563032649,3.97726404815894,10.0184693318418,0,35.3118280555022,4.40503717060018,1.82651522388455,5.55568669410156,10.022698920976,33.9056244345672,37.8556541703592,984.252180150918,0,4550.30368141831,4.18003363143324,0,2.18185591942865,199.269979999268,5.67442717225976,0,13.3705691053316,10.010992636269,0,73.8721783694515,1.0528496792392,6.46892694480442,5.90041233175147,12.2926004226606,9.62350443104993,1.94886480302041,82.1254845664081,2.96956924138368,7.44273179569026,8.07608458345745,9.30424434187056,7.19932387766582,6.81579074669974,0,72.342562041794,43.8575886092571,3.69733634161384,0.955806677146961,0,75.325989910666,6.15258605979344,4.25488481327717,3.87825934004921,1.09062378905175,38.8282163041186,16.2857264941673,61.0287428665738,1983.87478958518,24.9720617504802,12.8377707601302,0,92.900178087154,4.25966612726569,4.79217833144109,40.0112705054888,2.90189211997589,3.59680618040592,17.9394133509241,26.9585235117486,156.302355336371,0,7571.88938190978,6.80124708869093,1.97896750246235,16.9380515897851,2334.87826845441,5.5237581393484,11.8801947035991,0.816888304102899,2.47762215354032,63.6049319639109,3.71465122972145,0,28.8197337171616,13.2650940560952,63.9767314092704,112.076957220413,"CH vs. CB","CH"
"LOC111123578",63.0757357228676,25.7316969127333,2.62453784706773,3.7001063696075e-23,1.06797403514771e-19,1.88867019720633,2.00525127610619,0,0,2.3122855803192,0,3.92803096731665,0,0,0,0,0,2.0963563032649,0,0,0,1.5026309810852,0,0,0,1489.08669683072,2.11910152716045,0.946391354258981,0,0,0,2.09001681571662,0,0,0,0,5.57081852182771,0,744.817852138414,0,0,0,1100.79573510755,3.37166418957227,0,0,2.92329720453062,1.54953744464921,0,0,0,495.451011204607,0,0,0,0,0,0,3.82322670858784,0,0,0,0,0,0,0,0,14.2400400022005,611.99472420259,0,0,0,0,5.67955483635425,0,11.5286711625985,0,0.89920154510148,0,4.04377852676228,53.2093124549348,1198.72025408826,5.31547166157232,74.8137179756002,0,0,6.00740549345044,0,0,8.16888304102899,0,4.03840837866101,0,0,0,1.1054245046746,0,0,"CH vs. CB","CB"
"LOC111126480",1599.06005089306,2.47301397324226,1.13390488801721,3.00735050786025e-05,0.00887749365257792,721.472015332819,3778.89602982212,1974.19390860612,652.531344148875,2440.61743002691,946.227961954509,407.860548773046,159.931479650982,153.351229890629,1621.68086062371,991.605152903261,1382.40030995193,2612.05995386806,320.832633218154,960.771208923629,3989.60568519584,463.561657664784,680.137739140668,2640.22775612512,696.312732327396,3050.48000730563,1027.76424067282,723.042994653861,1551.27908438668,628.553704033499,558.319470112676,600.879834518528,617.745147078911,282.55034156601,1689.09998753306,2008.74721897995,679.63985966298,888.02863141244,607.667253021529,18040.5294501696,578.916663140192,429.562669129594,4377.30723265099,817.628565971275,489.655250169313,579.548822403229,2121.33933808772,769.345341268333,772.088002759757,875.451327468066,449.232204954821,766.437127661587,499.838772077941,5892.25110052193,602.388059574868,4212.06469440356,4633.90048068861,506.535078801096,293.432649884117,1801.65475699801,530.556972414256,2376.65610081164,390.385681618181,185.18688348735,3567.43041398828,4020.59917213615,3862.43146686668,214.617745747451,578.913928299747,409.157627142483,498.338919506873,2327.74426104446,692.528600286057,1345.34455186141,243.442659237207,304.492550118042,280.322778789671,734.647662347909,796.923939242976,628.133597823741,9711.80805036841,695.115886986089,3587.94337156132,1480.40478297173,251.328872812719,1058.28946332977,1276.57366735822,488.852595332333,125.282053237954,136.420346785184,2586.6375282961,863.209790938791,1772.81729938456,558.551653410536,4808.28437337125,1382.88605534793,1004.1093777116,919.03104920739,"CH vs. CB","CB"
"LOC111123050",321.950362306826,2.06437674498275,2.32328968727064,0.000304754355666229,0.049789961617243,1.88867019720633,4.01050255221238,6.650316342754,26.2412068692577,8.09299953111719,77.883628318123,15.7121238692666,25.7953999437068,83.8467156236534,41.9142130130437,42.3676667568026,78.5093038652672,42.9753042169304,0,30.0554079955254,6.43657814228961,6.7618394148834,44.9313791401218,126.029550448034,67.594188111569,16.465862513032,37.0842767253079,17.0350443766617,2.21928338252744,17.8397456206291,96.0309488593803,21.9451765650245,11.1579583216224,14.1820634762862,7.30308827222446,3017.66037020774,10.2131672900175,5.57107046055483,3730.09585627383,19.0620838530201,24.1215276308413,63.1709807543521,24.7975532884169,10.1149925687168,1.02438336855505,5.3463913505833,28.258539643796,9.29722466789526,18.559807758648,4.65170737230641,42.3994440631516,2866.87028783887,5.14237419833273,36.1236909575086,3.148369649346,23.7542741032757,9.23317654931729,14.7893453664553,9.55806677146961,22.7182343261811,0,3.51576346273911,3.19116360995788,7.75651868009841,32.7187136715526,10.0201848526758,1243.14378905477,11.1886028588719,4.86482292688863,9.60463913480007,4.66828027641099,0,620.742099036892,1.41988870908856,2.87530699886466,4539.58380955495,95.1820615352093,27.8752478981459,1.37995487314801,17.5230402826366,45.4496210552568,8.10630771995439,11322.8405510926,6.80124708869093,36.6108987955535,6.77522063591404,24.0296219738018,22.0950325573936,707.411593714312,19.6053192984696,4.95524430708064,8.07681675732202,19.5019189560376,26.5471318160901,10.3751041381782,32.0573106355635,6.50610827890885,11.741395518329,"CH vs. CB","CB"
"LOC111125810",36.429768754803,19.9061851334546,2.05474812107044,1.82715300840048e-22,4.74639536992193e-19,0,12.0315076566371,0,0,19.6544274327132,0,0,0,0,14.9693617903727,1.00875397040006,239.771657750681,4.1927126065298,14.5833015099161,2.00369386636836,0,6.7618394148834,2.64302230236011,6.39280328359593,5.55568669410156,1.431814131568,5.29775381790113,37.8556541703592,61.0302930195045,0,0,0,2.02871969484043,0,0,0,1.8569395072759,0,0,33.791875921263,13.5683592923482,0,1.07815449080074,0,0,32.0783481034998,0,3.87384361162303,0,0,49.4660180736769,0,2.05694967933309,0.681579074669974,0,0,2.30829413732932,14.7893453664553,46.8345271802011,0,1.63752151979709,4.39470432842389,0,10.6652131851353,0,3.75756931975341,10.8571509961115,16.2743314310863,44.7563709273754,1.92092782696001,0,0,0,19.1684975726956,18.2102776594762,0,23.2151369598072,0.89920154510148,1.37995487314801,48.5253423211474,4.43410937124457,0,541.292197536782,4.53416472579395,0,2.71008825436562,1892.33273043689,2.7618790696742,4.32007080130877,0,0,35.3360733132839,0,0,6.91673609211879,1.1054245046746,0,46.9655820733161,"CH vs. CB","CB"
"LOC144622218",2.88369293696778,9.52034179689067,7.60647232317202,5.33283937779464e-05,0.0133203046650934,0,0,0.950045191822,1.74941379128385,0,0,0,0,0,0,0,0,0,0,1.00184693318418,0,0,0,1.82651522388455,0,0,0,46.3731763586901,2.21928338252744,0,0,2.09001681571662,0,0,0,0,0,4.45685636844386,0,0,0.753797738463791,0,0,0,0,6.41566962069995,0,0,0,0,6.05706343759309,1.16303054273382,0,0,0,0,0,0,0,0,0,0,0,0,0,2.50504621316894,145.666775864497,0,0,0,1.16707006910275,0,0,0,0,1.35631425442335,0,0,34.4988718287002,0,0,0,0,0,0,0,0,0,0,0,0,0,0,0,5.76394674343233,0,2.16870275963628,0,"CH vs. CB","CB"
"LOC111123678",82.1165256084458,-18.697419532571,3.44095382106117,1.90211916117629e-08,1.17646070118754e-05,1027.43658728024,0,0,0,0,0,9.82007741829164,0,0,10.9775319796067,0,75.3264942491077,0,0,0,0,0,1295.08092815645,0,56.4828147233659,0,0,0,0,0,0,0,0,2.18185591942865,0,0,0,0,0,0,0,21.056993584784,0,0,90.1457364328442,0,0,103.044240069172,0,0,35.3328700526263,0,0,0,0,1528.91146046538,0,0,0,37.5344741041253,0,0,0,0,8.72499031241402,48.8484011567944,155.619164277599,104.766008587618,0,0,0,0,0,102.941931408921,71.8826749716164,0,0,152.864262667252,1.37995487314801,43.1336376187977,0,13.1727500449259,7.0872955487631,103.152247511812,70.2533463374135,0.677522063591404,1.00123424890841,0,0,0.816888304102899,2332.68125755821,0,0,0,124.501249658138,0,0,0,"CH vs. CB","CH"
"LOC111124856",3.01167882102146,-14.2882893184389,5.88490144052377,8.52203179373299e-06,0.0033041316403851,0,0,0,0,11.561427901596,6.97465328221997,0.654671827886109,0,3.3097387746179,0,0,0,0,0,0,0,3.0052619621704,0,23.7446979104992,0,0,141.97980231975,0,0,0,0,0,5.07179923710107,0,0,0,0,0,0,0,9.0455728615655,0,0,5.0574962843584,0,0,0,13.9458370018429,2.96956924138368,0,0,0,0,0,5.24728274891,0,2.30829413732932,0,0,0,0,0,0,0,5.45311894525876,0,0,0,0,5.76278348088004,0,0,0,1.41988870908856,1.91687133257644,0,0,2.69760463530444,0,26.9585235117486,0,0,0,0,0,0,1.00123424890841,0,0,0,0,0,0,0,0,0,0,0,"CH vs. CB","CH"
"LOC111126889",16.7442209847469,2.26512684045455,2.13648230125464,0.000210395786252562,0.0390389381391629,0.944335098603166,6.01575382831857,22.801084603728,1.74941379128385,4.62457116063839,0,19.6401548365833,2.06363199549655,6.6194775492358,17.9632341484473,2.01750794080012,14.8531115420776,2.0963563032649,7.95452809631787,2.00369386636836,107.276302371494,12.0210478486816,10.5720892094404,9.13257611942276,14.8151645176042,10.022698920976,0,151.422616681437,9.98677522137347,0,0,6.27005044714986,14.201037863883,0,133.542185549247,6.80931260671171,0,2.22842818422193,20.021985272538,3.46583342782184,97.9937060002929,2.1056993584784,119.675148478882,4.21458023696533,16.3901338968808,4.27711308046664,0,7.74768722324605,2.96956924138368,1.86068294892256,0,4.65212217093528,6.17084903799927,1.36315814933995,4.197826199128,0,13.8497648239759,7.39467268322767,1.91161335429392,9.87749318529613,26.2003443167534,1.75788173136955,0,71.7477977909103,2.18124757810351,17.5353234921826,7.23810066407436,5.08572857221448,88.5397772693731,0,11.6707006910275,4.28090898582889,6.33410305139686,4.25966612726569,3.83374266515287,5.4252570176934,6.96454108794214,3.59680618040592,26.9091200263862,26.9585235117486,2.21705468562228,9.11959618494869,8.85911943595387,2.26708236289698,6.92638625861823,9.48530889027966,2.00246849781681,0,2.16003540065439,32.675532164116,14.8657329212419,1.00960209466525,11.1439536891643,12.7426232717233,6.91673609211879,15.4759430654444,24.9400817358173,144.098944997674,"CH vs. CB","CB"
"LOC111113892",127.808232317752,2.10231341113904,1.97689167101302,0.000217432140755995,0.0397763008480174,37.7734039441266,10.026256380531,584.27779297053,24.4917930779739,25.4351413835112,24.4112864877699,37.9709660173943,0,36.4071265207969,887.184175442758,114.997952625607,10.6093653871983,506.270047238473,2.65150936543929,65.1200506569717,49.347099090887,12.0210478486816,650.183486380587,26.484470746326,20.3708512117057,769.600095717801,51.9179874154311,39.7484368788772,38.8374591942301,6.54124006089734,12.2830283424789,40.7553279064741,81.1487877936172,19.6367032748578,389.150275077104,14.7535106478754,13.9270463045693,44.5685636844386,12.0131911635228,888.986274236303,24.8753253693051,40.0082878110897,587.594197486402,4.21458023696533,27.6583509509863,32.0783481034998,16.5653508256735,21.6935242250889,13.3630615862266,0,4.03804229172873,69.7818325640292,47.3098426246611,23.8552676134491,54.571740588664,542.029345447472,759.428771181347,21.2596839642796,11.4696801257635,41.4854713782438,50.7631671137097,12.3051721195869,2.12744240663859,6.78695384508611,19.6312282029315,538.584935831322,19.0000142431952,51.8744314365877,38.9185834151091,31.6953091448402,644.222678144716,5.35113623228612,106.624068031847,15.6187757999742,23.0024559909172,11.5286711625985,22.634758535812,216.707572369457,92.4569765009167,4.04377852676228,65.4031132258574,32.4252308798176,9.74503137954926,13.6024941773819,14.8422562684676,56.911853341678,12.0148109869009,23.0156589139517,11.8801947035991,150.307447954933,0,23.2208481773008,29.7172098377716,1018.34797646522,17.291840230297,6.63254702804762,153.977895934176,439.768632141051,"CH vs. CB","CB"
"LOC144623744",18.3334668805592,-47.7992270313277,3.16603065027613,2.83155001104405e-53,7.35551746368913e-49,0,7.01837946637167,0,0,0,0,17.0214675250388,0,0,0,0,0,35.6380571555033,0,0,40.7649949011675,0,0,0,0,0,14.8337106901232,59.6226553183158,0,60.6551351101389,0,0,0,0,36.5154413611223,0,0,0,0,0,14.322157030812,0,0,5.0574962843584,0,0,0,0,0,362.8331750399,117.103226460133,0,115.189182042653,0,0,0,30.0078237852812,0,0,0,0,0,0,22.2999912052829,0,27.5555083448584,0,260.389302897381,66.1615918056854,5.76278348088004,0,0,0,98.6822652816551,0,0,0,0,12.4195938583321,0,124.155062394848,43.5714039947549,0,0,0,0,0,0,0,53.0977397666885,9.91048861416129,0,0,0,11.5278934868647,0,37.952298293635,14.9435942960551,"CH vs. CB","CH"
"LOC144624510",24.2970247700655,23.1837812168036,3.03446072273125,9.1062441479244e-15,1.24501528542438e-11,7.55468078882533,0,0,0,0,0,0.654671827886109,0,0,3.99182981076607,0,1.06093653871983,0,0,167.308437841758,0,0,3.52402973648014,0,0,7.87497772362401,2.11910152716045,2.83917406277694,0,0,0,151.526219139455,0,0,0,118.028085183003,106.774021668364,138.16254742176,0,50.2545847034167,0,0,17.2504718528118,175.326537857758,148.535588440482,150.768236086449,0,0,0,0,0,0,0,0,0,5.39869865983538,9.23317654931729,136.801444639712,0,156.064392327679,109.713941826405,0,46.8037329460489,0,0,0,1.80952516601859,0,0,117.176597444561,0,0,0,0,2.87530699886466,163.435867658014,0,0,0,0,0,0,0,0,0,157.185118753206,0,1.84125271311613,93.9615399284658,1.6337766082058,0,0,0,0,0,0,0,2.13479918515073,"CH vs. CB","CB"
"LOC111115034",37.8120257588558,-3.78821442347334,1.8002003077587,3.09352131929205e-05,0.00892893370124996,7.55468078882533,2.00525127610619,126.356010512326,5.24824137385154,0,1.16244221370333,111.948882568525,51.5907998874137,2.20649251641193,11.9754894322982,12.1050476448007,3.18280961615948,17.8190285777516,33.1438670679911,3.00554079955254,1.07276302371494,39.0684055082152,29.9542527600812,12.7856065671919,12.0373211705534,49.3975875390961,3.17865229074068,4.7319567712949,4.43856676505487,0,2.2332778804507,3.13502522357493,49.7036325235905,592.373882124878,102.243235811142,2.2697708689039,5.57081852182771,3.3426422763329,6.00659558176141,2.59937507086638,4.52278643078275,16.8455948678272,3.23446347240221,19.3870690900405,3.07315010566514,1.06927827011666,3.89772960604083,31.7655176153088,1.48478462069184,3.72136589784513,10.0951057293218,25.586671940144,16.4555974346647,7.49736982136972,91.302719831034,16.1960959795061,5.77073534332331,2.77300225621038,37.2764604087315,1.97549863705923,117.90154942539,0,1.06372120331929,15.5130373601968,135.237349842417,1.25252310658447,8.14286324708366,43.7372657210445,34.0537604882204,2.88139174044002,9.33656055282198,9.63204521811501,4.22273536759791,19.8784419272399,268.361986560701,7.45972839932843,2.90189211997589,26.9760463530444,16.5594584777761,88.9631275887702,37.6899296555788,29.3853654848347,28.3491821950524,20.4037412660728,19.7896750246235,0.677522063591404,6.00740549345044,20.2537798442775,171.722814352024,0,1.23881107677016,9.08641885198728,5.57197684458217,6.37131163586163,19.5974189276699,7.73797153272222,2.16870275963628,697.011933951714,"CH vs. CB","CH"
"LOC144623338",54.8000615340782,22.5216643060351,3.44151112786007,2.5737212020775e-11,2.47620576542101e-08,0,0,198.559445090798,0,0,0,0,0,1.10324625820597,0,0,14.8531115420776,0,0,89.164377053392,0,0,0,0,0,248.419751827048,0,0,104.30631897879,0,0,285.287295345318,15.2153977113032,0,0,0,0,37.8832791317728,0,2.59937507086638,0,0,0,159.31113295729,377.997462996813,204.232149592282,0,63.5310352306176,0,0,0,0,0,911.271222833756,0,0,0,300.408577756124,272.404902986884,44.4487193338326,155.564544380723,0,2.12744240663859,0,7.63436652336227,0,0,0,503.995655225662,264.127576207002,43.1815925568016,75.9861344984628,0,0,0,307.883335754101,0,0,1.37995487314801,0,6.65116405686685,0,0,0,1.97896750246235,120.59892731927,0,0,272.164460482453,0,0,0,0,0,0,0,0,2.13479918515073,"CH vs. CB","CB"
"LOC144623134",277.788165494534,23.593787866061,3.62362422567523,2.95545269850568e-11,2.64737223272697e-08,0,0,870.241395708952,0,0,0,0,0,0,0.997957452691516,560.867207542435,4.24374615487931,0,275.756974005686,3313.10780804008,0,0,0.881007434120036,0,1080.58106200275,0,14.8337106901232,235.651447210486,418.334917606422,0,0,685.525515555051,18.2584772535639,0,0,391.535474885923,616.5039164156,851.259566372778,0,0,4.52278643078275,0,0,235.173577222666,2904.12684985356,1535.48359588752,0,0,0,0,0,0,0,0,0,0,0,1127.68758419222,38.2322670858784,2097.9795525569,404.46781538988,820.051827683897,887.14348356829,13.5739076901722,1502.87958131331,0,0,0,0,1317.75648929457,0,0,0,0,637.359718081665,1011.13227667261,0,0,0,0,177.364374849783,0,0,0,0,429.54898831695,129.159218109185,0,1179.3793287573,0,0,0,0,0,0,0,0,42.6959837030146,"CH vs. CB","CB"
"LOC111112191",255.843064490965,21.7871341858988,3.70083291616086,1.64789433828455e-09,1.25903974192993e-06,0,0,2577.47260541309,0,0,0,0,0,0,0,138.199293944809,0,0,762.308942563796,2804.16956598252,0,0.7513154905426,0,0,1582.4447600366,0,52.9775381790113,822.414086851054,641.372897550429,0,0,196.461580677362,76.0769885565161,0,0,72.6326678049249,107.702491422002,151.533116527091,0,0,8.2917751231017,0,0,66.5903677440523,2458.52008453212,977.320338886626,0,0,0,0,0,0,0,0,0,0,0,1128.61191827762,193.072948783686,2500.98127451698,73.6884683908689,1652.40882748738,206.361913443943,12.6043428551599,1506.15145268047,0,0,0,0,255.483400985682,0,0,0,0,1013.06649926665,798.869095855354,0,0,0,0,158.519410021993,0,0,0,0,130.761758273141,308.380148663789,0,241.923964873291,0,0,0,0,0,0,0,0,115.27915599814,"CH vs. CB","CB"
"LOC111112708",90.0449637828067,4.1357585399121,2.03100470036989,3.05081688110459e-05,0.00890461462027573,229.473428960569,0,90.25429322309,0,197.700417117291,55.7972262577597,264.487418465988,53.6544318829102,212.926527833751,0,75.6565477800047,369.2059154745,99.5769244050827,102.083110569413,111.205009583444,0,6.0105239243408,14.0961189459206,129.682580895803,165.744653040697,223.363004524608,51.9179874154311,30.2845233362874,16.6446253689558,1.18931637470861,0,197.50658908522,5.07179923710107,7.63649571800027,1.04329832460349,146.400221044302,10.2131672900175,16.7132113816645,0,191.487296887157,24.1215276308413,1.0528496792392,77.627123337653,94.4065973080235,4.09753347422019,224.548436724498,365.412150566328,130.935914072858,10.3934923448429,1.86068294892256,147.388543648099,1.16303054273382,2.05694967933309,143.813184755365,2.098913099564,247.26039862046,102.719089111155,18.4866817080692,239.907475963887,154.08889369062,0,117.77807600176,80.8428114522663,3.87825934004921,37.0812088277596,78.9089557148217,2.71428774902789,2.03429142888579,0.972964585377727,1.92092782696001,0,434.512262061632,1.05568384189948,79.5137677089595,0,181.067952965517,186.301474102452,0,12.4195938583321,47.17741614556,1.10852734281114,0,614.822888855199,120.15536523354,133.580306416209,16.9380515897851,1.00123424890841,252.25162169691,66.961097420286,203.405187721622,227.94123812571,20.1920418933051,13.0012793040251,139.106970716312,48.4171526448315,169.129949215214,3.25305413945443,4.26959837030146,"CH vs. CB","CB"
"LOC144623995",72.3130746874605,-21.8351348571972,4.03454179092436,2.06343133782519e-08,1.24655246192291e-05,250.248801129839,337.884840023893,0,0,0,0,477.255762528973,0,0,0,0,0,0,78.2195262804591,0,0,1.5026309810852,0,254.798873731895,0,34.363539157632,0,0,0,282.462638993294,0,0,0,0,0,0,244.187545206781,261.840311646077,0,0,0,0,0,0,0,0,0,0,0,0,523.935987351802,0,0,0,247.671745748552,0,0,0,23.895166928674,0,0,0,296.778215726083,0,419.890158784925,0,0,126.126068590919,45.7293355127532,0.960463913480007,0,246.152266685161,0,0,125.555072283757,0,0,312.022936150214,0,175.230402826366,0,0,280.834086119738,143.959730043958,0,0,0,275.267280610862,0,343.909976027321,175.911172901363,0,544.196405154192,194.32500489378,0,0,0,0,"CH vs. CB","CH"
"LOC111115408",143.837714587791,2.74245264717928,1.55734603091227,5.8617334379008e-05,0.0140990971774397,1259.74302153662,27.0708922274336,38.00180767288,77.8489137121312,73.9931385702143,68.5840906084963,51.0644025751165,38.1771919166861,157.764214923453,70.8549791410977,91.7966113064057,20.1577942356767,25.1562756391788,30.4923577025518,18.0332447973152,52.5653881620318,59.3539237528654,534.771512510862,37.4435620896333,25.9265379058073,75.1702419073201,2089.43410578021,26.4989579192515,123.170227730273,17.8397456206291,29.0326124458592,17.7651429335913,30.4307954226064,29.4550549122867,36.5154413611223,2461.56650732628,38.995729652794,46.7969918686606,21.0230845361649,37.2577093490848,30.1519095385517,44.2196865280465,10.7815449080074,29.5020616587573,35.8534178994267,65.2259744771162,39.9517284619185,68.1796475645652,30.4380847241827,52.0991225698318,61.5801449488631,13.9563665128058,31.8827200296629,74.9736982136972,68.21467573583,12.9568767836049,27.6995296479519,54.5357110388041,135.724548154868,26.6692316002996,122.814113984781,26.3682259705433,4.25488481327717,87.2608351511071,371.902712066648,13.7777541724292,16.2857264941673,37.6343914343871,37.9456188297313,58.5882987222804,18.673121105644,68.4945437732623,64.3967143558681,145.538592681578,77.6332889693457,18.3102424347152,53.9751934315516,50.3552865256829,122.815983710173,20.2188926338114,1202.75216695009,15.1993269749145,20.3759747026939,12.4689529959334,59.3690250738706,49.4591106421725,6.00740549345044,69.046976741855,62.6410266189772,224.644283628297,511.628974706077,29.2784607452923,551.625707613635,114.683609445509,25.3613656711022,49.7441027103571,91.0855159047239,109.942158035263,"CH vs. CB","CB"
"LOC144624036",45.731815583851,3.80087575462459,1.25860507815356,9.53243508024072e-06,0.00353748665827733,460.835528118345,9.02363074247786,21.851039411906,9.62177585206116,26.5912841736708,1.16244221370333,29.4602322548749,18.5726879594689,18.7551863895014,14.9693617903727,36.3151429344022,15.9140480807974,13.6263159712218,190.908674311629,29.0535610623412,22.5280234980136,6.0105239243408,16.7391412482807,5.47954567165366,18.5189556470052,7.15907065784001,12.7146091629627,19.8742184394386,3.32892507379116,6.54124006089734,0,450.398623786931,24.3446363380851,16.3639193957149,3.12989497381048,18.1581669512312,3.71387901455181,16.7132113816645,51.0560624449719,29.4595841364857,25.6291231077689,2.1056993584784,17.2504718528118,15.1724888530752,40.9753347422019,8.55422616093327,7.79545921208166,28.6664427260104,0.742392310345921,2.79102442338385,23.2187431774402,22.0975803119426,66.8508645783254,64.7500120936476,6.296739298692,18.3555754434403,25.3912355106225,4.6216704270173,40.1438804401724,22.7182343261811,8.18760759898543,5.27364519410866,13.8283756431508,35.8738988954552,17.449980624828,37.5756931975341,22.6190645752324,11.1886028588719,10.702610439155,13.4464947887201,16.3389809674385,3.21068173937167,15.8352576284922,321.60479260856,24.9193273234937,8.1378855265401,20.8936232638264,31.4720540785518,0,5.39170470234971,27.7131835702785,410.381828322691,21.2618866462893,0,9.89483751231176,20.3256619077421,489.603547716211,25.7775379836259,3.24005310098158,53.0977397666885,30.970276919254,362.447151984826,16.7159305337465,8.49508218114884,24.2085763224158,6.63254702804762,31.4461900147261,13.8761947034798,"CH vs. CB","CB"
"LOC111112783",38.0677385396278,3.16638993140634,0.966159313629199,7.09414200751989e-06,0.00283514656814376,113.32021183238,9.02363074247786,29.451400946482,6.12294826949346,8.09299953111719,12.7868643507366,21.6041703202416,74.2907518378757,12.1357088402656,44.9080853711182,10.0875397040006,8.48749230975862,10.4817815163245,9.28028277903752,4.00738773273672,7.50934116600455,12.7723633392242,26.4302230236011,7.30606089553821,25.000590123457,8.59088478940801,225.684312642588,91.7999613631211,32.1796090466478,4.75726549883443,15.6329451631549,1.04500840785831,15.2153977113032,2.18185591942865,77.2040760206586,309.823723605383,5.57081852182771,5.57107046055483,105.115422680825,229.611464593197,9.79937060002929,18.9512942263056,233.95952450376,7.5862444265376,12.2926004226606,11.7620609712833,50.6704848785308,42.6122797278533,8.90870772415105,33.4922930806062,99.941546720286,13.9563665128058,79.192562654324,32.7157955841588,25.186957194768,52.9072468663867,28.8536767166165,12.9406771956484,92.7132476832552,10.8652425038257,8.18760759898543,11.4262312539021,19.1469816597473,128.952123056636,83.9780317569849,42.585785623872,19.9047768262045,21.3600600033008,9.72964585377727,23.0511339235202,11.6707006910275,20.3343176826872,5.27841920949739,17.748608863607,23.0024559909172,6.10341414490508,1.16075684799036,57.5488988864947,14.4895261680541,10.7834094046994,42.1240390268234,58.7707309696693,53.1547166157232,2.26708236289698,21.7686425270859,6.77522063591404,64.0789919301381,1.84125271311613,17.2802832052351,26.1404257312928,11.1492996909314,45.4320942599364,22.2879073783287,26.5471318160901,71.4729396185609,25.4247636075159,7.59045965872699,37.3589857401378,"CH vs. CB","CB"
"LOC144624111",47.7423828173228,24.3925679100364,3.21455838446143,1.23156994308178e-14,1.59962462057177e-11,0,0,23.75112979555,0,0,0,0,30.9544799324482,0,22.9530214119049,0,0,320.74251439953,64.9619794532626,0,0,1.5026309810852,0,180.825007164571,541.679452674902,0,16.9528122172836,0,9.98677522137347,0,0,0,0,0,0,199.739836463543,0,0,0,0,0,0,1.07815449080074,0,0,0,584.659440906124,25.567367836712,0,0,0,0,0,21.8105303894392,0,0,0,0,0,619.318822718068,0,661.842471860637,0,0,0,37.5756931975341,0,0,0,0,35.0121020730824,12.8427269574867,0,117.850762854351,0,0,0,32.3712556236533,28.2890748995342,0,57.6434218261794,0,88.5911943595387,0,33.64244754186,0,74.0913344192221,51.5550759672517,0,0,0,35.3360733132839,0,16.9901643622977,32.278101763221,457.645744935286,0,0,"CH vs. CB","CB"
"LOC111116561",55.1323521156399,22.3963472061506,3.59917425184891,2.07675438195066e-10,1.68587026812288e-07,0,0,0,0,239.321557563037,0,0,0,0,250.487320625571,0,0,133.118625257321,0,0,0,176.559140277511,0,434.710623284523,39.8157546410612,0,122.907888575306,0,0,0,0,0,330.68131025899,0,0,107.814116272935,3.71387901455181,0,0,0,0,0,0,0,0,141.144731655399,241.659235574531,48.0356607841255,0,0,0,0,0,0,0,0,51.9366180899098,250.494537144337,497.975278793567,0,0,0,0,0,0,0,6.33333808106507,243.097825751852,7.78371668302181,143.109123108521,0,223.67749450956,0,0,30.669941321223,0.678157127211675,331.396080101247,109.702588502381,0,0,155.19382799356,0,209.075218688511,0,98.9483751231176,0,0,33.1425488360904,0,0,0,0,0,164.592217259759,0,298.464616262143,0,1.06739959257537,"CH vs. CB","CB"
"LOC144624680",5.71866105547781,2.1115890580152,1.77907349574113,0.000168133255842974,0.0329355546859964,7.55468078882533,3.00787691415929,5.700271150932,0,1.1561427901596,46.4976885481331,10.4747492461777,1.03181599774827,2.20649251641193,25.9468937699794,15.1313095560009,4.24374615487931,26.2044537908112,1.32575468271965,6.01108159910508,1.07276302371494,0,0.881007434120036,5.47954567165366,1.85189556470052,5.01134946048801,10.5955076358023,5.67834812555389,2.21928338252744,0,1.11663894022535,7.31505885500817,0,2.18185591942865,2.08659664920699,10.2139689100676,2.78540926091385,2.22842818422193,1.0010992636269,1.73291671391092,2.26139321539137,4.21139871695681,16.1723173620111,9.27207652132373,5.12191684277524,4.27711308046664,51.644917280041,2.32430616697382,0,0,2.01902114586436,3.48909162820146,2.05694967933309,2.7263162986799,2.098913099564,0,9.23317654931729,13.8650112810519,13.3812934800575,1.97549863705923,9.82512911878252,5.27364519410866,0,3.87825934004921,9.81561410146577,2.50504621316894,2.71428774902789,1.0171457144429,1.94592917075545,5.76278348088004,2.33414013820549,5.35113623228612,0,7.09944354544282,8.62592099659397,5.4252570176934,0.580378423995179,7.19361236081184,6.89977436574005,4.04377852676228,4.43410937124457,9.11959618494869,7.0872955487631,1.13354118144849,0.989483751231176,1.35504412718281,12.0148109869009,0.920626356558067,8.64014160261755,0,1.23881107677016,5.04801047332626,2.78598842229108,1.06188527264361,4.61115739474586,0,5.42175689909071,9.6065963331783,"CH vs. CB","CB"
"LOC111116606",12.7687805250062,-19.8989686476241,3.52971453746833,7.00614130103409e-09,4.7894350678148e-06,152.03795087511,0,0,0,0,52.3098996166498,1.96401548365833,0,0,0,0,8.48749230975862,0,0,24.0443263964203,0,0,193.821635506408,0,35.1860157293099,0,0,0,0,0,1.11663894022535,0,0,2.18185591942865,0,0,0,0,0,0,0,42.1139871695681,0,0,57.3654686390827,0,0,1.54953744464921,0,0,0,0,0,0,0,0,0,0,0,50.3752152450103,0,49.2206884783475,0,0,34.8999612496561,0,0,0,0,0,0,1.07022724645722,0,0,90.0929526310925,0,0,0,0,0,0,23.3056346948689,5.31547166157232,0,55.4110900689459,144.312199544969,0,0.920626356558067,0,0,156.09019567304,0,0,0,0,0,2.16870275963628,2.13479918515073,"CH vs. CB","CH"
"LOC144624224",24.2996076731433,22.6367815689181,2.21789767703884,8.26399985877981e-25,3.06677034759319e-21,6.61034569022216,0,70.303344194828,0,20.8105702228728,0,0,0,62.8850367177401,2.99387235807455,0,119.88582887534,0,0,0,0,0,0.881007434120036,6.39280328359593,0,119.556479985928,5.29775381790113,1.89278270851796,0,0,0,13.585109302158,13.1866780164628,0,106.416429109556,0,0,47.9112059607715,0,64.1179184147041,12.0607638154207,0,90.5649772272619,0,31.7558844252065,0,0,12.3962995571937,0,0,0,0,0,0,91.302719831034,76.6615209696623,173.122060299699,15.7136794518588,101.315507777578,0,0,0,0,0,331.549631871733,12.5252310658447,50.6667046485206,6.10287428665738,92.431635610884,0,2.33414013820549,0,0,3.54972177272141,0,0,33.6619485917204,0,8.27972923888806,12.1313355802868,9.97674608530028,0,0,0,0,2.03256619077421,0,18.4125271311613,17.2802832052351,26.9573140353957,4.95524430708064,55.5281152065889,0,101.940986173786,31.1253124145346,0,1.08435137981814,169.716535219483,"CH vs. CB","CB"
"LOC111117670",93.5632921575634,2.04358508435261,1.43122104682349,0.000101238330686843,0.0215562960348535,26.4413827608887,14.0367589327433,11.400542301864,24.4917930779739,94.803708793087,201.102502970676,215.38703137453,181.599615603696,82.7434693654475,41.9142130130437,225.960889369614,91.2405423299051,53.4570857332549,10.6060374617572,161.297356242653,27.8918386165883,52.592084337982,30.8352601942013,270.324253134914,45.3714413351628,211.19258440628,57.2157412333322,9.46391354258981,25.5217588990655,19.623720182692,10.0497504620282,267.522152411727,247.503802770532,24.0004151137151,16.6927731936559,146.400221044302,137.413523538417,361.005365843953,165.181378498439,649.843767716596,11.3069660769569,25.2683923017408,77.627123337653,196.399439042585,185.413389708464,152.906792626682,46.7727552724899,65.0805726752668,11.1358846551888,75.3576594313638,33.313848906762,27.9127330256117,19.5410219536644,33.3973746588287,48.275001289972,26.9934932991769,35.7785591286045,80.4170654301009,254.244576121092,212.366103483867,72.0509468710718,53.6153928067714,82.9702538589049,15.5130373601968,107.971755116123,26.3029852382739,112.190560293153,88.4916771565319,216.971102539233,239.155514456522,64.1888538006511,19.26409043623,33.7818829407833,42.5966612726569,51.7555259795638,140.378525332817,79.5118440873395,55.7504957962918,249.77183203979,18.870966458224,67.6201679114797,28.3720770198404,254.256727811876,30.6056118991092,24.7370937807794,10.8403530174625,13.0160452358093,7.36501085246453,197.643239159876,20.4222076025725,73.0898535294395,143.363497442466,53.862442830961,53.0942636321803,44.9587845987722,32.0573106355635,41.2053524330894,2.13479918515073,"CH vs. CB","CB"
"LOC111113516",34.6462372525461,-13.6292908073343,5.22126592455853,6.45244126427309e-06,0.00261898541753159,212.475397185712,0,57.952756701142,0,0,0,0,0,0,0,89.7791033656056,0,0,0,213.39339676823,0,0,0,104.111367761419,0,0,295.614663038883,93.6927440716391,0,0.594658187354303,1.11663894022535,0,0,0,0,0,0,0,0,0,2.26139321539137,0,0,0,0,1.06927827011666,0,287.439195982428,0,0,0,0,17.4840722743313,0,0,2.15947946393415,0,0,0.955806677146961,0,0,0,0,0,0,0,66.0476685596786,331.589502908384,6.81075209764409,0,0,194.781358855215,10.5568384189948,0,0,2.7126285088467,6.38416266394697,0,0,63.3525302526091,331.449675500531,0,512.943015341729,91.8168356973276,1.97896750246235,0.677522063591404,0,0,0,0,0,52.4993089225932,166.230642530035,0,0,0,2.16870275963628,0,"CH vs. CB","CH"
"LOC111117709",108.696196828402,3.01605285971464,4.15462806025792,0.000239197601777442,0.0422696333426708,0,0,1.900090383644,2.62412068692577,1.1561427901596,10.46197992333,724.067041642037,1274.29275721912,1.10324625820597,0,2.01750794080012,12.7312384646379,0,0,0,1.07276302371494,14.2749943203094,1.76201486824007,0,0,0,0,2.83917406277694,0,0,0,1.04500840785831,1.01435984742021,0,2.08659664920699,5.67442717225976,1.8569395072759,0,1131.2421678984,0,0,0,0,760.310274748546,0,0,6.82102681057145,0,0.742392310345921,0.930341474461282,0,0,1484.08919363882,0,1.049456549782,0,0,2.77300225621038,0,2.96324795558884,14.7376936781738,4.39470432842389,0,1165.41693168479,0,0,12.6666761621301,0,0,16.3278865291601,2.33414013820549,0,4.22273536759791,3.54972177272141,0,0.678157127211675,0.580378423995179,0,0,1070.25338341642,0,1089.28509986887,0,14.7360353588303,0,8.80778682668826,0,9.20626356558067,2.16003540065439,1229.41689767486,4.95524430708064,1.00960209466525,0,0,0,1.1054245046746,0,0,"CH vs. CB","CB"
"LOC144624727",143.77669457642,24.4618889103364,3.00961280751264,1.65701304484448e-16,2.53201340387794e-13,3.77734039441266,0,0,1161.61075741247,798.894668000282,634.693448682017,0,0,1.10324625820597,0,928.053652768057,2.12187307743965,0,0,1.00184693318418,1.07276302371494,761.082591919654,0,0,0,0,4.2382030543209,0,0,0,0,0,0,0,2.08659664920699,1268.80191571728,0,0,2.0021985272538,0.866458356955461,2.26139321539137,0,0,424.829687886106,0,0,0,1.54953744464921,0,0,0,0,2.05694967933309,2.04473722400992,1.049456549782,0,0,0,0,950.214844425488,743.434769987877,867.514634430875,2.12744240663859,3.87825934004921,5.45311894525876,5.01009242633788,743.714843233641,0,0,946.056954777807,0,0,1210.8693666587,0,0,0,0,1.79840309020296,1.37995487314801,0,0,8.10630771995439,3.54364777438155,0,0.989483751231176,1034.57619110407,0,0,830.533611551612,0,0,0,0,0,5.76394674343233,0,0,1.06739959257537,"CH vs. CB","CB"
"LOC111117337",326.85256783127,-2.21762435875929,1.31254970682777,6.34912118485115e-05,0.0147259929481141,203.032046199681,781.045372043361,30.401446138304,1258.70322282873,706.403244787514,118.569105797739,75.2872602069025,0,1300.72733842483,376.229959664702,105.919166892007,201.577942356767,190.768423597106,364.582537747903,111.205009583444,249.95378452558,770.098377806165,207.917754452328,266.671222687145,568.53193836306,109.533781064952,116.550583993825,119.245310636632,224.147621635271,668.990460773591,864.278539734423,71.060571734365,334.738749648671,153.82084231972,111.632920732574,89.6559493217041,175.480783437573,403.34550134417,252.277014433979,91.8445858372788,42.2126733539723,1802.47865085751,18.3286263436125,75.019528217983,153.657505283257,56.6717483161829,102.315402158572,112.341464737068,1210.09946586385,213.978539126095,176.664350263132,654.78619555914,345.567546127959,365.326384023106,794.438608184974,45.3490687426172,91.1776184245082,219.06717824062,140.503581540603,60.2527084303064,58.9507747126951,1052.09221622468,129.773986804954,404.30853620013,93.7936458584507,140.282587937461,997.048366476244,330.572357193941,230.592606734521,62.4301543762005,136.547198085021,511.568623806553,1060.96226110897,222.21258297236,258.777629897819,79.344383883766,942.53456056817,115.996999318091,291.860455670804,8.08755705352457,200.643449048817,573.521271186773,240.968048657945,85.0155886086366,156.338432694526,1254.09333970769,251.30979647601,761.357996873521,55.0809027166869,95.5759315800392,349.344723649185,220.093256637025,39.9325007195055,50.9704930868931,83.0008331054255,91.750233887992,371.932523277623,34.1567869624117,"CH vs. CB","CH"
"LOC144624739",180.482610295474,-2.34640836277824,2.6170595273097,0.000261268545995839,0.0440712533722981,23.6083774650792,12.0315076566371,5.700271150932,24.4917930779739,3.46842837047879,9.29953770962662,0,4.12726399099309,4.41298503282386,2.99387235807455,7.06127779280044,9.54842884847844,921.348595284923,1.32575468271965,958.76751505726,0,13.5236788297668,1062.49496554876,7.30606089553821,9.25947782350261,2.863628263136,2.11910152716045,1631.57869474248,0,7.13589824825164,913.410653104338,0,9.12923862678193,0,6.25978994762097,0,7.42775802910361,34.5406368554399,1.0010992636269,0.866458356955461,3.01519095385517,26.32124198098,6.46892694480442,0,7.17068357988534,4.27711308046664,9.74432401510207,7.74768722324605,15.5902385172643,0,186.759455992454,18.6084886837411,4.11389935866618,5.45263259735979,2.098913099564,1011.71612885315,1.15414706866466,1.84866817080692,1539.80455688375,3.95099727411845,0,11.4262312539021,22.3381452697052,16.4826021952091,10.9062378905175,1032.0790398256,1767.90608720016,0,0.972964585377727,1.92092782696001,1.16707006910275,1.07022724645722,6.33410305139686,1.41988870908856,3.83374266515287,19.6665566891386,13.3487037518891,1722.87016041444,21.3893005337942,0,11.0852734281114,14.1860385099202,38.0942135746017,1.13354118144849,1.97896750246235,533.209864046435,0,21.1744062008355,8.64014160261755,5.7182181287203,9.91048861416129,1.00960209466525,1749.6007291988,91.32213344735,29.9725230658481,1047.94243043152,5.42175689909071,6.4043975554522,"CH vs. CB","CH"
"LOC111116736",26.6717841050386,2.55268990351961,2.58671630749789,0.000210218670254883,0.0390389381391629,5.666010591619,4.01050255221238,214.710213351772,14.8700172259127,2.3122855803192,4.64976885481331,8.51073376251942,0,0,0,29.2538651416018,8.48749230975862,733.724706142715,0,2.00369386636836,17.164208379439,9.0157858865112,18.5011561165208,5.47954567165366,0,0,0,7.57113083407185,3.32892507379116,0,2.2332778804507,18.8101513414496,0,0,13.5628782198454,6.80931260671171,5.57081852182771,115.87826557954,18.0197867452842,329.254175643075,4.52278643078275,0,0,13.4866567582891,12.2926004226606,54.5331917759496,31.1818368483266,0,1.48478462069184,4.65170737230641,5.04755286466091,11.6303054273382,0,9.54210704537964,43.027718541062,0,5.77073534332331,12.9406771956484,0,0,24.5628227969563,0,248.910761576715,0,0,12.5252310658447,5.42857549805577,0,1.94592917075545,7.68371130784006,4.66828027641099,4.28090898582889,7.38978689329634,2.12983306363284,35.4621196526641,2.7126285088467,3.48227054397107,3.59680618040592,5.51981949259204,37.741932916448,28.8217109130897,36.4783847397948,0,4.53416472579395,1.97896750246235,8.13026476309685,0,29.4600434098581,6.48010620196316,1.6337766082058,39.6419544566452,0,35.2891866823537,49.9086078142494,17.291840230297,1.1054245046746,2.16870275963628,0,"CH vs. CB","CB"
"LOC111117549",346.551521557249,-4.96273018146969,0.888973838783338,4.12827404140618e-09,2.97889374371134e-06,1014.2158958998,44.1155280743362,19.00090383644,439.102861612246,128.331849707715,51.1474574029464,209.494984923555,53.6544318829102,167.693431247307,39.9182981076607,52.4552064608032,545.321380901991,871.036044006566,29.1666030198322,279.515294358386,86.8938049209097,197.595974012704,113.649959001485,15.5253794030187,218.523676634662,100.942896275544,31.7865229074068,162.779312932545,27.741042281593,247.37780593939,5041.62481511747,48.0703867614822,16.2297575587234,4395.34874968901,70.9442860730377,17.0232815167793,189.407829742142,99.1650541978759,12.0131911635228,141.23271218374,44.4740665693637,136.870458301096,3.23446347240221,37.931222132688,24.5852008453212,37.4247394540831,33.130701651347,20.1439867804397,157.387169793335,20.4675124381482,57.5421026571343,125.607298615253,41.1389935866618,3141.39795515391,104.9456549782,87.4589182893331,251.604060968896,213.521173728199,29.6300069915558,21.7304850076515,145.739415261941,274.229550093651,30.8479148962595,11.6347780201476,58.8936846087946,12.5252310658447,190.904905014961,267.509322898482,28.2159729759541,27.8534534909202,3938.86148322177,326.419310169453,222.74929064079,53.9557709453654,244.401094903496,15.5976139258685,240.276667534004,75.5329297885243,631.329354465215,21.5668188093988,21.0620195134117,45.5979809247435,2083.66489133635,57.8106002538729,1135.92734641339,314.370237506412,73.0901001703137,952.848279037599,16.2002655049079,65.351064328232,24.7762215354032,147.401905821127,76.1503502092896,44.5991814510314,345.83680460594,127.123818037579,82.4107048661788,27.7523894069595,"CH vs. CB","CH"
"LOC144624364",94.3088063070282,2.84067712491518,1.77378267091058,7.48110279191369e-05,0.0166099664295335,407.952762596568,4.01050255221238,10.450497110042,1.74941379128385,8.09299953111719,87.1831660277496,105.402164289664,5.15907998874137,9.9292163238537,8.98161707422365,14.1225555856009,9.54842884847844,2.0963563032649,13.2575468271965,14.0258570645785,21.4552604742987,60.105239243408,82.8146988072834,0.913257611942276,155.559227434844,24.340840236656,1.05955076358023,18.9278270851796,9.98677522137347,23.7863274941721,2.2332778804507,14.6301177100163,37.5313143545479,4.3637118388573,26.0824581150874,4553.16036302123,309.180427961438,15.5989972895535,6.00659558176141,450.55834561684,8.2917751231017,215.834184244036,32.3446347240221,6.74332837914453,7.17068357988534,2.13855654023332,8.76989161359186,10.8467621125445,34.8924385862583,25.1192198104546,48.4565075007447,20.9345497692088,50.3952671436607,4.77105352268982,36.73097924237,1.07973973196708,57.7073534332331,10.167674939438,3.82322670858784,138.284904594146,27.8378658365505,63.283742329304,19.1469816597473,34.9043340604429,115.606121639486,3.75756931975341,20.8095394092138,31.5315171477298,36.9726542443536,524.413296760084,15.1719108983357,38.52818087246,1.05568384189948,27.687829827227,1.91687133257644,6.78157127211675,9.28605478392286,12.5888216314207,7.58975180231405,32.3502282140983,15.519382799356,12.1594615799316,4.42955971797694,7.93478827013942,6.92638625861823,10.8403530174625,17.0209822314429,34.0631751926485,15.1202478045807,116.815027486715,9.91048861416129,43.4128900706059,83.5796526687325,10.6188527264361,23.0557869737293,19.8976410841428,29.2774872550898,34.1567869624117,"CH vs. CB","CB"
"LOC111117789",80.2378581559592,-3.27768047715535,1.59854929374873,3.6720893107791e-05,0.0100410383185377,0,7.01837946637167,22.801084603728,19.2435517041223,0,83.6958393866396,333.882632221916,322.958407295209,40.8201115536207,3.99182981076607,9.07878573360056,16.9749846195172,19.9153848810165,38.4468857988697,88.1625301202079,101.912487252919,2.2539464716278,136.556152288606,80.3666698509203,10.1854256058529,90.2042902887841,6.35730458148136,15.1422616681437,6.65785014758231,90.3880444778541,654.350418972057,2.09001681571662,130.852420317208,52.3645420662876,4.17319329841398,18.1581669512312,3.71387901455181,2.22842818422193,6.00659558176141,27.7266674225747,93.4709195695101,232.679779111864,4.31261796320295,62.3757875070869,3.07315010566514,8.55422616093327,18.5142156286939,82.9002532887327,329.622185793589,21.3978539126095,34.3233594796942,44.1951606238851,12.3416980759985,29.9894792854789,2.098913099564,10.7973973196708,2.30829413732932,203.353498788761,107.05034784046,58.2772097932472,0,311.145066452411,5.31860601659647,71.7477977909103,275.927818630093,110.222033379433,39.809553652409,12.2057485733148,130.377254440615,19.2092782696001,28.0096816584659,120.935678849666,65.4523981977676,32.657440309037,257.819194231531,12.2068282898102,134.067415942886,141.174642580932,1.37995487314801,32.3502282140983,9.97674608530028,11.1461731149373,1.77182388719077,153.028059495546,1.97896750246235,42.0063679426671,71.0876316724969,918.785103844951,120.961982436646,59.6328461995117,43.3583876869556,64.6145340585762,13.9299421114554,18.0520496349413,0,153.65400614977,159.399652833267,6.4043975554522,"CH vs. CB","CH"
"LOC111113226",291.139534689713,-3.93650651372419,1.59764065979558,1.89318933060467e-05,0.00599748527330703,29.2743880566981,360.945229699114,19.00090383644,425.982258177617,16.1859990622344,3712.84043056843,13.7481083856083,140.326975693765,7.72272380744176,30.936681033437,38.3326508752024,46.6812077036724,11.5299596679569,144.507260416441,99.1828463852338,28.9646016403032,33.0578815838744,1510.92774951586,19.1784098507878,1257.43708843165,6.44316359205601,41.3224797796288,6.62473947981287,768.981692045757,106.44381553642,122.830283424789,24.0351933807411,955.526976269842,18.5457753151435,32.3422480627083,14.7535106478754,253.472242743161,23.3984959343303,153.168187334916,12.1304169973765,35.4284937077982,3418.60290848969,3.23446347240221,18.5441530426475,32.7802677937615,48.1175221552497,14.6164860226531,13.1710682795183,1902.00909910625,537.737372238621,80.7608458345745,18.6084886837411,128.559354958318,47.7105352268982,49.324457839754,0,3.46244120599398,116.466094760836,49.701947211642,2719.27387391203,37.662994955333,804.230892101571,384.003354398265,150.282549426907,187.587291716901,41.3332625172875,171.000128188757,109.851737159833,38.9185834151091,473.508709345644,17.5060510365412,564.009758882956,387.435969977108,12.0690540272528,25.8777629897819,35.9423277422188,4.06264896796625,20.681635537334,32.4289395189782,13.4792617558743,220.596941219417,105.382000359407,20.3759747026939,23.8043648104183,162.275335201913,26.4233604800648,1026.26510513112,23.0156589139517,411.486743824661,18.7884309943667,16.1045439980121,17.1632356093093,276.741516614248,1385.7602807999,16.1390508816105,24.3193391028413,33.6148927743624,30.9545881846856,"CH vs. CB","CH"
"LOC111100718",77.775552536237,1.64583590251662,1.4063590850378,0.000166801647547467,0.0329355546859964,23.6083774650792,16.0420102088495,16.150768260974,50.7329999472316,24.2789985933516,30.2234975562865,32.7335913943054,12.3817919729793,54.0590666520923,16.9652766957558,80.700317632005,42.4374615487931,16.7708504261192,15.9090561926357,78.1440607883661,51.4926251383169,36.0631435460448,15.8581338141606,39.2700773135179,12.9632689529036,20.761304907736,44.5011320703695,42.5876109416541,18.8639087514832,59.4658187354303,29.0326124458592,24.0351933807411,15.2153977113032,52.3645420662876,19.8226681674664,40.8558756402702,22.2832740873108,100.279268289987,1335.46641767829,97.0433359790116,21.8601344154499,13.6870458301096,67.9237329204464,10.1149925687168,16.3901338968808,29.9397915632665,15.5909184241633,61.9814977859684,18.559807758648,49.3080981464479,70.6657401052527,66.2927409358277,51.4237419833273,186.752666459573,18.890217896076,7.55817812376953,616.314534666929,9.24334085403459,1482.45615625494,17.779487733533,40.9380379949272,15.820935582326,76.5879266389891,30.0565098853813,46.8968229292254,17.5353234921826,31.6666904053253,15.2571857166434,87.5668126839954,26.8929895774402,4.66828027641099,40.6686353653745,26.3920960474869,85.9032668998581,10.5427923291704,11.5286711625985,24.3758938077975,32.3712556236533,87.6271344448986,16.1751141070491,29.9302382559008,20.265769299886,16.8323269283124,17.0031177217273,228.570746534402,75.8824711222373,77.0950371659474,219.10907286082,47.5207788143965,22.0559842107783,78.0450978365201,48.4609005439321,16.7159305337465,36.1040992698826,39.1948378553398,30.9518861308889,61.8080286496341,16.0109938886305,"CH vs. CB","CB"
"LOC111099732",209.38774519661,-4.12355873461297,1.85642001542136,2.43850248191627e-05,0.00754106892532607,16.998031774857,0,111.155287443174,14.8700172259127,45.0895688162243,8.13709549592329,4.58270279520276,0,11.0324625820597,0.997957452691516,12.1050476448007,809.494579043228,0,2.65150936543929,17.0313978641311,9.65486721343441,43.5762984514708,5.28604460472022,9.13257611942276,29.6303290352083,5.72725652627201,38.1438274888881,47.319567712949,1343.77608812036,13.0824801217947,2491.22147564276,4.18003363143324,4.05743938968086,27.2731989928581,161.711240313542,15.8883960823273,5.57081852182771,20.0558536579974,2.0021985272538,10.3975002834655,159.05132281586,7.36994775467441,29.1101712516199,25.287481421792,3.07315010566514,33.1476263736164,7.79545921208166,103.044240069172,22.2717693103776,61.4025373144446,34.3233594796942,25.586671940144,24.6833961519971,4.77105352268982,6.296739298692,77.7412607016294,40.3951474032631,14.7893453664553,33.4532337001436,7.90199454823691,40.9380379949272,12.3051721195869,27.6567512863016,23.2695560402952,13.087485468621,25.0504621316894,1.80952516601859,90.5259685854177,2051.00934597625,38.4185565392003,103.869236150144,2.14045449291445,129.849112553636,11.3591096727085,9.58435666288218,88.8385836647295,4.06264896796625,0,24.8391877166642,47.17741614556,148.542663936693,14.1860385099202,6319.2098936659,11.3354118144849,13.8527725172365,25.068316352882,3612.45317006153,5.5237581393484,9.72015930294474,8.16888304102899,22.2985993818629,47.4512984492669,73.3643617869985,4.24754109057442,36.8892591579669,26.5301881121905,74.8202452074518,210.277719737347,"CH vs. CB","CH"
"LOC111105578",16.6383245955162,-22.4445783723099,3.24153258787326,1.92412448997262e-12,2.08262424483411e-09,5.666010591619,0,9.50045191822,0,6.93685674095759,0,0,0,0,0,0,51.9858903972715,0,0,0,0,1.5026309810852,0,3.6530304477691,0,0,2.11910152716045,12.3030876053668,28.8506839728567,0,271.343262474761,0,0,0,10.4329832460349,0,0,2.22842818422193,0,0,2.26139321539137,0,0,0,0,0,0,0,0,0,0,0,0,0,0,0,0,0,0,0,0,0,0,0.969564835012302,0,0,0,2.03429142888579,186.809200392524,3.84185565392003,0,4.28090898582889,8.44547073519582,2.12983306363284,0,0,0,0,0,0,14.4108554565448,0,676.836724906876,0,0,0,227.280174502208,0,0,0,0,7.06721466265677,0,0,2.30557869737293,0,2.16870275963628,0,"CH vs. CB","CH"
"LOC111104470",53.8300635553728,-5.04499891124693,1.87807191565579,1.01782330162287e-05,0.00372394308538833,0.944335098603166,26.0682665893805,19.00090383644,9.62177585206116,6.93685674095759,18.5990754192532,26.8415449433305,24.7635839459586,0,1.99591490538303,2.01750794080012,241.893530828121,62.890689097947,37.1211311161501,4.00738773273672,3.21828907114481,34.5605125649596,0,17.3518946269032,0,1.431814131568,24.3696675623452,8.51752218833083,347.317849365544,1.18931637470861,1034.00765864868,0,1.01435984742021,66.5466055425738,43.8185296333468,0,13.9270463045693,14.4847831974426,6.00659558176141,5.19875014173276,27.8905163231603,2.1056993584784,4.31261796320295,0.842916047393067,27.6583509509863,0,0,26.3421365590366,4.45435386207552,2.79102442338385,11.104616302254,11.6303054273382,5.14237419833273,9.54210704537964,3.148369649346,0,9.23317654931729,0,1.91161335429392,0.987749318529613,26.2003443167534,2.63682259705433,21.2744240663859,0.969564835012302,4.36249515620701,5.01009242633788,19.9047768262045,6.10287428665738,268.538225564253,9.60463913480007,0,0,23.2250445217885,2.83977741817713,2.87530699886466,5.4252570176934,2.32151369598072,0,11.0396389851841,44.4815637943851,103.093042881436,0,1297.86099736724,24.9379059918667,7.91587000984941,16.9380515897851,737.909641445496,5.5237581393484,3.24005310098158,1.6337766082058,4.95524430708064,14.1344293253135,2.78598842229108,0,23.0557869737293,7.73797153272222,13.0122165578177,29.8871885921102,"CH vs. CB","CH"
"LOC144625551",10.0535836698188,23.2797871277547,2.72719936022917,5.8276721574099e-18,1.08132456880741e-14,0,9.02363074247786,1.900090383644,0,0,0,13.0934365577222,0,0,0,0,3.18280961615948,88.0469647371258,0,0,0,1.5026309810852,0,0.913257611942276,0,236.965238774504,0,0,4.43856676505487,0,0,0,0,0,2.08659664920699,0,12.0701067972934,0,0,6.93166685564369,0.753797738463791,0,232.881370012959,3.37166418957227,0,0,99.3921049540411,2.32430616697382,0,0,0,2.32606108546764,0,0,0,0,0,0,0,0,0,0,0,3.87825934004921,8.72499031241402,0,0,0,0,0,0,0,0,0,0,0,0,49.4560849805814,0,2.69585235117486,2.21705468562228,0,0,0,0,6.09769857232264,0,1.84125271311613,0,0,0,2.01920418933051,27.8598842229108,20.1758201802285,9.22231478949172,79.5905643365714,0,0,"CH vs. CB","CB"
"LOC111109253",22.8743165175865,-23.1025520900933,2.00019023221129,3.1759490866662e-31,2.0625407356082e-27,0,0,3.800180767288,1.74941379128385,0,0,13.0934365577222,0,2.20649251641193,0,0,63.6561923231896,2.0963563032649,0,0,0,1.5026309810852,0,2.73977283582683,0,0.715907065784001,12.7146091629627,3.78556541703592,45.4953093418125,0,314.892181143549,0,2.02871969484043,0,7.30308827222446,0,0,0,0,0,3.76898869231896,0,0,3.37166418957227,2.0487667371101,21.3855654023332,0,4.64861233394763,4.45435386207552,1.86068294892256,0,2.32606108546764,0,1.36315814933995,142.726090770352,0,0,0,3.82322670858784,0,0,5.27364519410866,0,0.969564835012302,171.227934881125,0,1.80952516601859,6.10287428665738,173.187696197235,0,0,0,21.1136768379895,0.709944354544282,13.4180993280351,62.3904557034741,1.16075684799036,2.69760463530444,0,39.0898590920354,2.21705468562228,0,624.567920234748,2.26708236289698,9.89483751231176,2.03256619077421,229.282643000025,0,1.08001770032719,0.816888304102899,7.43286646062097,8.07681675732202,6.50063965201253,2.12377054528721,47.2643632961451,0,6.50610827890885,8.53919674060293,"CH vs. CB","CH"
"LOC144625757",20.1498836079078,16.6947997353102,5.13349211322065,3.02579112031767e-06,0.00137896449004372,0,0,0,0,0,0,0,0,0,4.98978726345758,131.138016152008,0,0,0,0,0,183.320979692394,2.64302230236011,60.2750023881902,0,0,0,267.828753255292,0,0,0,0,0,0,0,0,0,0,0,0,1.50759547692758,0,0,0,1.02438336855505,0,9.74432401510207,262.646596868041,0,0,0,0,77.1356129749909,0,0,0,0,0,0,0,0,0,0,0,52.3499418744841,0,87.7619705519017,0,0,0,2.33414013820549,402.405444667916,0,0,3.83374266515287,0,0,0,0,36.3940067408605,94.2248241389471,0,27.463270251457,0,0,0,45.0555412008783,0,70.2011505212676,1.6337766082058,1.23881107677016,40.3840837866101,0,0,0,0,0,6.4043975554522,"CH vs. CB","CB"
"LOC111125477",228.256309635936,-3.70982295499151,1.46425199575159,1.81716485159985e-05,0.00582771498148262,49.1054251273646,35.0918973318583,118.75564897775,50.7329999472316,63.5878534587779,32.5483819836932,24.8775294596721,0,61.7817904595341,16.9652766957558,6.05252382240037,888.003882908495,44.0234823685629,0,18.0332447973152,43.9832839723123,62.3591857150358,16.7391412482807,42.0098501493447,6.48163447645182,40.8067027496881,45.5606828339497,92.7463527173801,139.814853099229,17.2450874332748,4722.26607821302,14.6301177100163,31.4451552700266,36.0006226705727,197.183383350061,53.3396154192417,18.569395072759,67.9670596187689,21.0230845361649,34.6583342782184,159.805120554324,0,51.7514155584354,25.287481421792,14.3413671597707,41.7018525345497,48.7216200755104,46.4861233394763,17.8174154483021,26.0495612849159,48.4565075007447,53.4994049657557,99.7620594476549,21.8105303894392,24.137500644986,21.5947946393415,88.8693242871789,31.4273589037176,21.0277468972331,33.5834768300069,86.7886405492456,47.462806746978,80.8428114522663,60.1130197707627,34.8999612496561,101.454371633342,16.2857264941673,90.5259685854177,2073.38753143994,96.0463913480007,31.5108918657742,22.4747721756017,97.1229134547519,24.1381080545056,43.1296049829698,78.6662267565543,47.5910307676047,39.5648679844651,26.9091200263862,57.9608255502594,385.767515298277,12.1594615799316,6178.34989463423,45.3416472579395,15.8317400196988,75.8824711222373,2687.31272407017,20.2537798442775,12.9602124039263,18.7884309943667,83.0003421436008,123.171455549161,39.0038379120752,42.4754109057442,53.0283100395774,54.1658007290555,84.5794076258151,148.368543367976,"CH vs. CB","CH"
"LOC111135447",14.9519603082022,13.2932978758902,4.93365293424953,5.64213076927263e-06,0.00232643858719675,1.88867019720633,0,230.860981612746,0.874706895641923,0,0,1.30934365577222,0,0,1.99591490538303,0,25.4624769292759,33.5417008522384,0,0,2.14552604742987,22.539464716278,0,10.045833731365,27.7784334705078,4.29544239470401,0,313.255538259723,0,0,0,0,39.5600340493884,0,0,0,0,0,0,0.866458356955461,0,0,0,0,16.3901338968808,0,0,38.7384361162303,0,0,0,0,0,0,0,0,0,0,0,0,1.63752151979709,0,0,0,6.54374273431051,0,0,0,0,0,42.0145224876989,0,0,22.0082749908727,0,0,1.16075684799036,0,31.7389620824042,0,171.821738135727,0,212.618866462893,0,1.97896750246235,0,125.154281113551,0,0,0,0,0,0,0,2.30557869737293,0,0,0,"CH vs. CB","CB"
"LOC111100849",379.007632976414,-3.21716706968297,1.83630089697426,5.62723998421228e-05,0.0137904540631964,42.4950794371425,51.1339075407079,205.209761433552,22.74237928669,119.082707386439,233.650884954369,145.991817618602,27.8590319392034,9.9292163238537,101.791660174535,18.1575714672011,1278.42852915739,30.397166397341,9.28028277903752,144.265958378522,60.0747293280364,106.686799657049,29.9542527600812,18.2651522388455,27.7784334705078,37.9430744865521,48.7393351246904,157.100964806991,3304.51295658335,11.8931637470861,5557.51200550158,20.9001681571662,20.2871969484043,36.0006226705727,439.228594658071,82.8466367149924,64.9928827546566,92.4797696452102,20.021985272538,32.058959207352,120.607638154207,178.984445470664,88.4086682456604,16.8583209478613,32.7802677937615,8.55422616093327,31.1818368483266,196.79125547045,74.981623344938,37.2136589784513,20.1902114586436,54.6624355084895,44.2244181056614,54.5263259735979,7.346195848474,58.3059455262221,83.0985889438556,15.7136794518588,25.8067802829679,40.4977220597141,188.314974776665,143.267361106619,34.0390785062174,60.1130197707627,37.0812088277596,111.474556486018,30.761927822316,295.989402902883,4786.98576005842,94.1254635210407,64.1888538006511,35.3174991330884,206.914033012297,7.09944354544282,11.5012279954586,86.8041122830944,52.2340581595661,16.1856278118266,80.7273600791586,125.357134329631,301.519437244631,13.1727500449259,10924.1801764747,57.8106002538729,91.0325051132682,52.8467209601295,2303.84000673825,15.6506480614871,37.8006195114518,36.7599736846305,13.6269218444718,211.006837785038,13.9299421114554,52.0323783595367,111.820566822587,75.168866317873,171.327518011266,495.27341095497,"CH vs. CB","CH"
"LOC111114510",423.80427413038,-1.00020960017277,1.00717111336492,0.000204767323671942,0.0385452229494641,234.195104453585,323.84808109115,410.419522867104,886.95279218091,78.6177097308527,361.519528461735,773.822100561381,989.511541840594,254.849885645578,279.428086753625,343.985103906421,99.7280346396637,475.872880841132,253.219144399452,622.146945507376,522.435592549173,79.6394419975156,478.38703672718,389.961000299352,235.190736716966,675.816270100097,85.8236118499983,242.276186690299,366.181758117027,544.112241429188,556.086192232226,72.1055801422233,868.292029391704,375.279218141727,169.014328585766,228.111972324842,347.247687860594,46.7969918686606,153.168187334916,240.875423233618,838.223085171736,707.514984448743,282.476476589793,329.580174530689,254.047075401652,4.27711308046664,14.6164860226531,243.277378809926,1427.62041279521,348.878052922981,74.7037823969814,72.1078936494968,393.905863592287,352.376381604377,295.946747038524,225.665603981119,253.912355106225,1030.63250522486,728.324687985984,285.459553055058,80.2385544700572,508.027820365801,457.400117427296,439.212870260573,1049.18008506779,688.887708621459,179.142991435841,701.830542965598,173.187696197235,131.583556146761,942.99261583502,674.24316526805,604.9068414084,400.408615962975,883.677684317737,372.986419966421,351.128946517083,846.148653940493,309.109891585154,103.790315520232,167.387628764482,995.049272624402,423.465909038595,710.730320768202,157.327916445757,313.015193379229,353.435689864668,1590.84234413234,236.523876371655,281.009576611397,463.31534271204,503.791445237961,110.510874084213,211.315169256077,432.296005757425,500.757300617595,659.28563892943,177.188332367511,"CH vs. CB","CH"
"LOC144626817",8.88279247823546,19.4590644281507,4.11610538803298,2.45413217506984e-07,0.000130104064309774,0.944335098603166,0,0,0,0,0,6.54671827886109,0,0,0,0,0,0,0,7.01292853228926,0,0,0,0,0,0,2.11910152716045,8.51752218833083,0,0,0,0,0,0,0,0,0,0,31.0340771724339,0,0,0,0,0,0,0,0,0,0,0,0,24.4236413974102,7.19932387766582,0,0,0,0,0,1.91161335429392,0,0,0,0,0,9.81561410146577,0,11.7619135791208,0,0,0,0,1.07022724645722,1.05568384189948,0,0,46.1146846503939,0,0,0,16.1751141070491,0,0,0.885911943595387,634.783061611153,0,0,11.0135767379925,0,0,0,0,0,3.71465122972145,0,0,0,0,0,"CH vs. CB","CB"
"LOC111134056",431.011109594038,-4.7004776376212,1.07021084612751,7.04139073831095e-07,0.000358655308253144,73.6581376910469,40.1050255221238,228.960891229102,51.6077068428735,77.4615669406931,67.421648394793,32.7335913943054,202.235935558662,23.1681714223253,51.8937875399589,48.420190579203,2644.91479102853,149.88947568344,38.4468857988697,36.0664895946305,21.4552604742987,229.151224615493,207.917754452328,34.7037892538065,25.9265379058073,342.919484510537,107.014627121603,191.171053560314,928.770095587732,22.0023529321092,7001.32615521296,35.5302858671825,30.4307954226064,26.1822710331438,441.315191307278,22.697708689039,131.842705016589,95.8224119215431,39.0428712814491,19.0620838530201,139.452581615801,24.2155426225016,35.5790981964243,35.4024739905088,24.5852008453212,528.22346543763,49.6960524770206,153.404207020272,61.6185617587114,21.3978539126095,8.07608458345745,54.6624355084895,45.252892945328,904.455432087056,62.96739298692,62.6249044540904,62.3239417078917,513.929751484323,38.2322670858784,9.87749318529613,153.927022860926,33.3997528960215,129.773986804954,355.830294449515,11.9968616795693,56.3635397963012,76.9048195557901,129.177505734248,939.883789474884,52.8255152414004,22.1743313129522,81.3372707307489,192.134459225705,50.406049172644,92.9682596299572,82.0570123926127,38.885354407677,54.8512942511903,869.371570083246,128.052986680806,492.186140208147,249.268962388598,12994.5563886571,61.2112237982184,59.3690250738706,67.074684295549,4790.90588102673,25.7775379836259,41.0406726124334,8.16888304102899,44.5971987637258,148.411507915792,188.518549908363,112.559838900222,53.0283100395774,187.922165794682,168.074463871812,281.793492439897,"CH vs. CB","CH"
"LOC111134355",434.931431698663,-3.77389862883155,1.97045569035819,3.9546590589842e-05,0.0106365396920624,34.9403986483171,13.0341332946902,159.607592226096,100.591292998821,132.956420868354,38.3605930522098,5.23737462308887,24.7635839459586,3.3097387746179,23.9509788645964,40.3501588160025,2997.14572188351,8.3854252130596,45.0756592124679,53.0978874587615,13.9459193082942,178.061771258596,9.6910817753204,73.9738665673244,11.1113733882031,205.465327880008,81.5854087956774,200.634967102904,1400.36781437481,19.623720182692,7473.66442692828,0,25.3589961855054,33.818766751144,440.271892982675,52.2047299847898,22.2832740873108,150.41890243498,132.145102798751,2.59937507086638,193.726018785194,8.42279743391361,31.2664802332214,2.5287481421792,14.3413671597707,55.6024700460663,9.74432401510207,121.638689404963,65.330523310441,28.8405857082997,53.5040603654056,20.9345497692088,186.153945979645,20.4473722400992,16.791304796512,8.6379178557366,58.8615005018977,9.24334085403459,118.520027966223,5.92649591117768,70.4134253512747,43.9470432842389,12.7646544398315,159.008632942017,43.6249515620701,35.0706469843652,54.2857549805577,150.537565737549,1265.82692557642,54.7464430683604,23.3414013820549,12.8427269574867,244.918651320679,29.8176628908598,23.0024559909172,49.5054702864523,57.4574639755227,28.7744494432474,34.4988718287002,150.967731665792,528.767542520915,149.966692819156,14786.7562505506,79.3478827013942,34.6319312930912,87.4003462032912,6098.51781010111,8.2856372090226,20.5203363062167,0,22.2985993818629,199.90121474372,29.7172098377716,7.43319690850524,69.1673609211879,51.9549517197063,147.471787655267,342.635269216693,"CH vs. CB","CH"
"LOC111135110",307.529653884333,2.47148069461626,2.69362248044294,0.000238392093847219,0.0422696333426708,770.577440460184,4.01050255221238,411.369568058926,20.1182585997642,20.8105702228728,2.32488442740666,2.61868731154444,0,2.20649251641193,1.99591490538303,462.009318443229,8.48749230975862,39.8307697620331,7.95452809631787,1297.39177847351,0,842.975980388797,1.76201486824007,85.8462155225739,0,1.431814131568,3264.47590259068,1463.12103368438,81.0038434622515,5.94658187354303,8.93311152180282,15.6751261178746,37.5313143545479,2.18185591942865,12.5195798952419,508.428674634474,18.569395072759,17.8274254737755,1481.62691016781,3.46583342782184,12.8145615538845,4.21139871695681,0,12.643740710896,6.14630021133029,9.62350443104993,1.94886480302041,456.338777449192,10.3934923448429,1.86068294892256,4.03804229172873,1664.2967066521,1701.09738480847,4.08947444801985,36.73097924237,0,2.30829413732932,16.6380135372623,9.55806677146961,3.95099727411845,0,11.4262312539021,51.0586177593261,8.72608351511071,357.724602808975,5.01009242633788,316.666904053253,2776.80780042911,35.9996896589759,5.76278348088004,9.33656055282198,1090.56156413991,174.187833913414,12.0690540272528,22.044020324629,837.524052106419,21.4740016878216,7.19361236081184,5.51981949259204,961.071363193836,240.550433390018,27.3587885548461,1155.22917444839,512.360614014717,7.91587000984941,50.8141547693553,161.198714074254,1.84125271311613,154.442531146789,51.4639631584827,9.91048861416129,2829.9146713467,1722.66950778332,8.49508218114884,56.4866780856368,11.054245046746,7.59045965872699,17.0783934812059,"CH vs. CB","CB"
"LOC111134790",943.704892853746,-4.06358239741345,1.42894316550505,1.13552097317954e-05,0.00388124056845853,132.206913804443,23.0603896752212,270.76287966927,109.33836195524,363.028836110114,179.016100910312,38.6256378452804,326.053855288454,143.422013566776,73.8488514991722,226.969643340014,3759.95909322307,109.010527769775,987.687238626136,26.0480202627887,34.3284167588779,1012.02196576088,95.1488028849639,415.532213433736,41.6676502057617,53.6930299338001,218.267457297527,320.826669093795,3883.74591942302,459.670778824877,16537.4227047375,109.725882825122,26.3733560329256,39.2734065497157,848.201537902641,158.883960823273,38.067259899156,159.332615171868,40.043970545076,139.499795469829,644.497066386542,31.5854903771761,66.8455784296457,419.772191601747,30.7315010566514,165.738131868082,120.829617787266,569.455010908585,23.0141616207235,11.1640976935354,305.881703598451,289.594605140721,71.9932387766582,8.17894889603969,24.137500644986,371.430467796674,147.730824789077,15.7136794518588,42.0554937944663,188.660119839156,170.302238058897,68.5573875234126,266.994022033143,55.2651955957012,63.2561797650016,326.908530818547,128.47628678732,266.492177184039,1858.36235807146,175.764896166841,96.866815735528,92.0395431953212,297.702843415653,31.2375515999484,86.2592099659397,585.249600783676,128.84401012693,67.440115882611,85.5572021351766,206.232704864876,1439.97701831167,7.09301925496009,27539.4586786062,107.686412237606,85.0956026058811,123.309015573636,15133.6556722506,15.6506480614871,333.725469401103,1262.90931814308,112.731807986085,229.179675489012,136.513432692263,28.6709023613773,138.334721842376,198.976410841428,303.61838634908,560.384786102067,"CH vs. CB","CH"
"LOC111138387",80.5212457486509,-2.30536516711149,2.71556041349086,0.00028246497923914,0.0470358510621483,0,1.0026256380531,39.901898056524,6.99765516513539,26.5912841736708,2.32488442740666,2.61868731154444,0,0,3.99182981076607,7.06127779280044,391.485582787616,0,0,0,0,39.0684055082152,0,1.82651522388455,0,1.431814131568,10.5955076358023,4.7319567712949,281.848989580984,1.18931637470861,1959.70134009549,2.09001681571662,2.02871969484043,0,68.8576894238307,15.8883960823273,0,8.91371273688773,6.00659558176141,0,31.6595050154792,0,2.15630898160147,0.842916047393067,8.19506694844038,2.13855654023332,3.89772960604083,31.7655176153088,4.45435386207552,1.86068294892256,0,18.6084886837411,0,0,0,0,11.5414706866466,1.84866817080692,1.91161335429392,15.8039890964738,13.1001721583767,5.27364519410866,19.1469816597473,3.87825934004921,4.36249515620701,5.01009242633788,3.61905033203718,8.13716571554317,341.510569467582,31.6953091448402,11.6707006910275,2.14045449291445,19.0023091541906,0,3.83374266515287,25.7699708340437,3.48227054397107,3.59680618040592,2.75990974629602,0,86.4651327392691,0,2460.17746736439,6.80124708869093,0,2.71008825436562,1143.4095122534,0,19.4403186058895,0,0,40.3840837866101,11.1439536891643,0,48.4171526448315,14.3705185607698,32.5305413945443,91.7963649614815,"CH vs. CB","CH"
"LOC111134456",2364.60688980277,28.7681627771107,5.2287594901971,7.81943076401803e-09,5.07813382392241e-06,36645.8678363945,10370.1569743832,0,0,0,0,0,0,0,0,0,0,0,0,1.00184693318418,0,0,6894.7641794234,0,27.7784334705078,0,0,0,0,0,0,0,17341.495951496,0,0,0,0,0,1.0010992636269,0,0,0,29274.0507342216,0,0,0,42214.3604982252,5.42338105627224,0,0,0,0,0,0,0,10148.4737407585,0,0,0,0,6.55008607918834,0,7909.83086788226,0,0,0,0,0,0,1.92092782696001,0,0,0,0,0,0,3.48227054397107,0,1.37995487314801,0,0,0,3.54364777438155,0,5.93690250738706,0,3.00370274672522,8374.93796560873,1.08001770032719,12.2533245615435,0,0,14966.3298045477,0,35693.816603379,0,0,0,"CH vs. CB","CB"
"LOC144626386",198.135144897743,-4.98345144651259,0.756108247900391,7.93646627331162e-12,8.24662337527264e-09,150.149280677903,64.1680408353981,59.852847084786,84.8465688772666,65.9001390390971,24.4112864877699,16.3667956971527,41.2726399099309,45.2330965864446,120.752851775673,128.111754240808,90.1796057911853,14.6744941228543,50.3786779433465,22.040632530052,20.3824974505838,148.760467127435,35.2402973648014,32.8772740299219,73.1498748056706,41.5226098154721,42.382030543209,40.6948282331362,196.406579353678,61.2497932974932,48.0154744296902,53.2954288007738,47.6749128287501,96.0016604548605,85.5504626174866,53.3396154192417,7.42775802910361,55.7107046055483,44.0483675995836,19.9285422099756,18.8449434615948,43.1668368488073,127.222229914487,46.3603826066187,38.9265680050918,83.4037050690994,15.5909184241633,58.1076541743454,11051.2519318094,400.977175492813,110.036652449608,32.564855196547,42.1674684263283,53.844746898928,54.571740588664,26.9934932991769,253.912355106225,28.6543566475072,101.315507777578,25.6814822817699,81.8760759898543,49.2206884783475,140.411198838147,20.3608615352583,32.7187136715526,83.9190481411595,34.3809781543532,17.2914771455292,71.0264147325741,142.148659195041,71.1912742152676,447.354989019119,80.2319719843602,27.687829827227,94.8851309625336,54.252570176934,19.7328664158361,23.3792401726385,47.6084431236063,109.182020222582,48.7752030836902,65.8637502246294,97.4503137954926,49.8758119837335,95.9799238694241,25.7458384164734,46.0567754497867,15.6506480614871,8.64014160261755,76.7875005856725,86.7167753739113,98.9410052771948,631.490709052646,37.1659845425262,99.139883987036,312.835134822913,90.0011645249058,94.9985637392076,"CH vs. CB","CH"
"LOC111138022",44.2927447676706,23.2000368603731,2.66542120926978,1.35467956157426e-18,2.93254258091788e-15,50.0497602259678,3.00787691415929,248.911840257364,0,0,0,0,0,0,0,85.7440874840053,2.12187307743965,0,0,66.1218975901559,0,150.26309810852,0,255.712131343837,0,5.72725652627201,347.532650454314,63.4082207353517,2.21928338252744,0,0,0,0,0,0,112.353658010743,0,0,232.255029161441,0,0,0,0,0,0,0,0,255.67367836712,0,0,0,112.81396264518,5.14237419833273,0,108.094024627546,0,0,0,0.955806677146961,0,0,0,0,0,63.2561797650016,0,23.5238271582417,101.71457144429,14.5944687806659,0,0,87.7586342094923,68.619449723466,0.709944354544282,0,176.320853075036,77.770708815354,110.601790047482,0,308.675094209521,104.201570224247,0,506.741631736562,66.8789297054608,5.93690250738706,0,47.0580096986951,1.84125271311613,147.962424944826,0,2.47762215354032,54.5185131119237,13.9299421114554,0,0,0,26.0244331156354,0,"CH vs. CB","CB"
"LOC111106792",166.823395013625,-6.24526120890212,3.02235713003752,1.53712477204397e-05,0.00516484380044252,448.559171836504,255.669537703539,0,14.8700172259127,17.342141852394,8.13709549592329,5.89204645097498,0,0,1.99591490538303,9.07878573360056,2.12187307743965,0,364.582537747903,9.01662239865762,347.575219683639,9.0157858865112,598.204047767504,3.6530304477691,0,11.454513052544,731.090026870356,1021.15627124544,9.98677522137347,657.097297026505,6.69983364135212,0,314.451552700266,0,780.387146803414,0,265.542349540454,7.79949864477676,0,0,633.190100309585,2.1056993584784,0,6.74332837914453,1.02438336855505,3.20783481034998,4.87216200755104,0.774768722324605,0,840.098351438538,846.9793706901,0,970.880248645219,530.95009916791,305.391855986562,1.07973973196708,6.92488241198797,8.31900676863113,5.73484006288177,12.840741140885,0,4.39470432842389,331.881015435619,888.121388871268,1118.9800075671,454.665887690163,10.8571509961115,0,496.211938542641,0,47.8498728332126,2.14045449291445,10.5568384189948,3.54972177272141,0,2.7126285088467,12.1879469038988,6.29441081571036,0.689977436574005,0,2.21705468562228,0,4.42955971797694,0,0,0,0,19.3331534877194,0,8.16888304102899,4.95524430708064,7.06721466265677,269.312214154805,3.18565581793082,662.853875494718,5.52712252337301,640.851665472522,413.083642326667,"CH vs. CB","CH"
"LOC144627535",11.1924837111768,-2.97896813237726,2.24694330095537,0.000110802663665994,0.0230265663524122,0,4.01050255221238,5.700271150932,0,2.3122855803192,5.81221106851664,5.89204645097498,0,2.20649251641193,5.9877447161491,3.02626191120019,19.0968576969569,0,0,3.00554079955254,1.07276302371494,6.7618394148834,7.04805947296029,1.82651522388455,2.77784334705078,5.72725652627201,1.05955076358023,0,8.87713353010975,25.570302056235,1.11663894022535,0,0,31.6369108317154,3.12989497381048,0,1.8569395072759,8.91371273688773,4.0043970545076,0.866458356955461,0.753797738463791,2.1056993584784,0,1.68583209478613,4.09753347422019,3.20783481034998,1.94886480302041,1.54953744464921,137.342577413995,13.9551221169192,24.2282537503724,0,2.05694967933309,6.81579074669974,1.049456549782,0,15.0039118926406,1.84866817080692,0.955806677146961,3.95099727411845,4.91256455939126,0,51.0586177593261,0,9.81561410146577,2.50504621316894,5.42857549805577,7.12002000110027,5.83778751226636,0,1.16707006910275,0,7.38978689329634,1.41988870908856,3.83374266515287,9.49419978096345,2.90189211997589,9.89121699611628,2.75990974629602,0,21.0620195134117,5.06644232497149,5.31547166157232,189.301377301898,0,23.0357501621077,28.0345589694354,3.68250542623227,52.9208673160325,8.98577134513189,0,5.04801047332626,11.1439536891643,4.24754109057442,160.237719467419,2.21084900934921,1.08435137981814,2.13479918515073,"CH vs. CB","CH"
"LOC144627830",40.5386071250298,-21.5913735856544,2.98365942477582,2.16026381596563e-13,2.55078059760633e-10,22.664042366476,0,0,48.1088792603058,0,0,1.30934365577222,0,0,0,205.785809961613,4.24374615487931,185.527532838944,117.992166762048,0,83.6755158497649,0,27.3112304577211,0,0,0,0,0,0,0,0,0,0,202.912600506864,0,0,0,0,0,0,0,0,0,115.47949849285,0,12.8313392413999,0,0,0,0,0,0,0,738.150137867582,0,0,0,0.924334085403459,27.7183936372619,126.431912771791,258.72840012794,291.808367407346,0,0,15.2687330467245,32.5656007711962,0,2.03429142888579,0,0,0,0,141.46163481453,36.2071620817584,0,0,0,0,96.5968411203607,0,172.930265478538,0,0,0,119.727533898972,219.517148603615,29.0357932183438,1.84125271311613,0,84.9563836267015,26.0150326121734,69.6625445319025,0,31.8565581793082,9.22231478949172,186.816741290008,22.771378976181,0,"CH vs. CB","CH"
"LOC111110657",72.5376114103322,-3.08484438858584,2.54872134361488,0.000124904040590275,0.025348689550106,3.77734039441266,0,14.25067787733,0,12.7175706917556,4.64976885481331,0,52.6226158851619,2.20649251641193,0.997957452691516,60.5252382240037,300.245040457711,2.0963563032649,15.9090561926357,0,2.14552604742987,25.5447266784484,0,0.913257611942276,1.85189556470052,1.431814131568,10.5955076358023,18.9278270851796,180.871595675986,0,1552.12812691324,8.36006726286648,18.2584772535639,44.7280463482873,22.9525631412769,4.5395417378078,0.928469753637951,18.9416395658864,8.00879410901521,2.59937507086638,8.2917751231017,2.1056993584784,1.07815449080074,1.68583209478613,0,40.632574264433,8.76989161359186,11.6215308348691,4.45435386207552,7.44273179569026,6.05706343759309,2.32606108546764,1.02847483966655,51.1184306002481,0,0,10.387323617982,0,6.69064674002873,5.92649591117768,103.163855747216,0.878940865684777,0,21.3304263702706,0,7.51513863950682,9.04762583009296,8.13716571554317,294.808269369451,8.64417522132007,0,0,86.5660750357571,4.96961048180997,0,20.3447138163503,2.32151369598072,12.5888216314207,77.2774728962886,71.4400873061337,27.7131835702785,26.3455000898518,2562.05734087786,13.6024941773819,0,13.5504412718281,716.88372221842,1.84125271311613,4.32007080130877,2.4506649123087,4.95524430708064,17.1632356093093,0.928662807430361,0,11.5278934868647,3.31627351402381,0,46.9655820733161,"CH vs. CB","CH"
"LOC111108634",263.397857696163,3.6696080609573,3.04932837985528,9.88254577401981e-05,0.0213932409643094,236.083774650791,0,1396.56643197834,6.12294826949346,5.78071395079799,1.16244221370333,1.96401548365833,0,0,1.99591490538303,751.521707948046,2.12187307743965,0,2.65150936543929,565.041670315878,15.0186823320091,1117.20613443685,9.6910817753204,1405.50346477916,1.85189556470052,4.29544239470401,1837.26102404811,863.10891508419,4.43856676505487,0.594658187354303,6.69983364135212,6.27005044714986,3.04307954226064,9.81835163742892,16.6927731936559,781.936064337394,3.71387901455181,26.7411382106632,1505.65329249486,3.46583342782184,41.4588756155085,0,2.15630898160147,3.37166418957227,0,6.41566962069995,0,1428.67352396657,3.7119615517296,0,5.04755286466091,2427.24474268548,316.770250617296,0,4.197826199128,0,6.92488241198797,9.24334085403459,1.91161335429392,2.96324795558884,6.55008607918834,4.39470432842389,22.3381452697052,8.72608351511071,658.736768587258,0,463.238442500759,188.171957171936,5.83778751226636,3.84185565392003,4.66828027641099,1143.00269921631,219.582239115091,2.83977741817713,2.87530699886466,581.180658020406,77.770708815354,5.39520927060888,4.82984205601803,1306.14046414422,412.372171525745,0,2232.49809786038,559.969343635553,39.579350049247,14.9054853990109,227.280174502208,20.2537798442775,255.964194977545,17.9715426902638,2.47762215354032,846.046555329482,206.16314324954,6.37131163586163,18.4446295789834,2.21084900934921,60.7236772698159,8.53919674060293,"CH vs. CB","CB"
"LOC111112232",12.3255737298242,2.91670436463066,0.99561087161277,1.12684760397227e-05,0.00388124056845853,17.9423668734602,12.0315076566371,13.300632685508,6.12294826949346,5.78071395079799,9.29953770962662,4.58270279520276,15.4772399662241,2.20649251641193,6.98570216884062,32.280127052802,2.12187307743965,3.14453445489735,11.9317921444768,0,4.29105209485974,2.2539464716278,26.4302230236011,8.21931850748048,7.40758225880209,6.44316359205601,6.35730458148136,6.62473947981287,6.65785014758231,4.16260731148012,1.11663894022535,3.13502522357493,16.2297575587234,6.54556775828594,6.25978994762097,9.07908347561561,2.78540926091385,18.9416395658864,28.0307793815532,130.835211900275,9.0455728615655,5.26424839619601,21.5630898160147,17.7012369952544,3.07315010566514,10.6927827011666,8.76989161359186,6.97291850092145,1.48478462069184,2.79102442338385,15.1426585939827,11.6303054273382,4.11389935866618,40.2131654055285,7.346195848474,8.6379178557366,18.4663530986346,12.9406771956484,3.82322670858784,9.87749318529613,6.55008607918834,0.878940865684777,8.50976962655434,16.4826021952091,15.2687330467245,3.75756931975341,5.42857549805577,13.2228942877576,2.91889375613318,20.1697421830802,16.3389809674385,16.0534086968583,6.33410305139686,26.9778854726827,4.79217833144109,11.5286711625985,11.6075684799036,7.19361236081184,30.3590072092562,22.9147449849863,3.32558202843343,3.0398653949829,15.946414984717,19.2702000846243,4.94741875615588,9.48530889027966,14.0172794847177,5.5237581393484,6.48010620196316,2.4506649123087,4.95524430708064,66.6337382479067,12.0726164965947,5.30942636321803,11.5278934868647,0,21.6870275963628,27.7523894069595,"CH vs. CB","CB"
"LOC111110115",193.155614854597,25.4761641724423,3.00044998846864,7.14065486289911e-18,1.23661860915687e-14,24.5527125636823,0,178.608496062536,0,0,0,0,0,0,0,38.3326508752024,0,57.6497983397847,147.158769781881,3.00554079955254,0,18.782887263565,0,14.6121217910764,0,0,23.310116798765,146.690659910142,0,0,0,0,0,0,1090.24674921065,46.53030281253,0,0,1680.84566362957,0,3.01519095385517,0,73.3145053744501,0,2.0487667371101,0,59.4403764921226,257.997984534094,0,0,0,255.86671940144,8.22779871733236,0,0,0,143.114236514418,0,0,0,0,0,0,2432.63817104586,196.312282029315,0,37.0952659033811,75.2687828687743,3210.7831317465,0,0,2.14045449291445,2.11136768379895,231.441859581436,0,0,0,0,1.37995487314801,20.2188926338114,7.75969139967799,5753.45190423763,16.8323269283124,40.8074825321456,0,0,3.00370274672522,0,52.9208673160325,0,0,1494.21110010457,57.5770940606824,0,0,54.1658007290555,0,0,"CH vs. CB","CB"
"LOC111106863",84.9633410998881,3.98179619461255,2.57767889016513,5.85549684596868e-05,0.0140990971774397,38.7177390427298,5.01312819026548,4.75022595911,0,41.6211404457455,0,0,55.7180638784067,70.6077605251818,0,9.07878573360056,150.652988498215,0,5.30301873087858,16.0295509309469,0,6.7618394148834,41.4073494036417,6.39280328359593,5.55568669410156,327.885436129073,281.84050311234,249.847317524371,6.65785014758231,11.2985055597318,0,0,234.31712475407,1.09092795971432,16.6927731936559,335.926088597777,11.1416370436554,0,137.150599116885,369.977718419982,0.753797738463791,0,107.815449080074,48.0462147014048,0,0,95.4943753480003,22.4682929474135,2.22717693103776,0,29.2758066150333,6.97818325640292,20.5694967933309,130.863182336635,193.100005159888,357.393851281102,168.505472025041,0,32.4974270229967,0.987749318529613,0,0,0,90.169529656144,346.818364918457,0,9.04762583009296,18.3086228599721,114.809821074572,1.92092782696001,0,6.42136347874334,0,88.7430443180352,211.814282249696,202.768981036291,42.9480033756432,0,400.186913212923,109.182020222582,261.612452903429,129.70092351927,25.6914463642662,217.63990683811,1.97896750246235,206.644229395378,0,389.424948824062,6.48010620196316,1.6337766082058,599.584561156758,38.3648795972796,331.532622252639,288.832794159061,58.7922567830097,1.1054245046746,29.2774872550898,11.741395518329,"CH vs. CB","CB"
"LOC144618098",304.537918888888,26.0686852202669,2.87076202322481,3.56774232446016e-20,8.42538566931833e-17,320.129598426473,0,0,509.079413263599,0,0,1040.92820633891,699.571246473329,0,28.940766128054,259.249770392816,0,0,110.037638665731,0,0,1283.9981733373,86.3387285437635,98.6318220897658,0,1136.14451339921,0,0,415.005992532631,0,0,0,0,0,690.663490887514,5.67442717225976,0,0,0,2928.62924650946,0,0,39.8917161596273,927.207652132373,1.02438336855505,1207.21516696171,0,0,0,0,0,55.8254660512233,0,0,0,1850.67390059157,281.611884754177,1660.10401738461,55.4367872745237,0,0,0,0,45.5695472455782,0,472.201211182346,28.9524026562975,4427.63529496993,33.0807959028427,0,1065.53497309081,82.4074979772062,412.772382182695,0,0,0,0,0,0,603.870926663168,0,39.5182501347777,15.0605030411216,0,0,0,116.143172873375,1690.26999064061,1676.1874709078,637.172877200261,571.091906391044,171.632356093093,48.2904659863788,13.8045085443669,8.06952544080526,64.1146212711269,406.631767431803,0,"CH vs. CB","CB"
"LOC111107803",26.9362643296469,22.0102020702171,3.02654785194092,1.61121718826043e-13,1.99307566187815e-10,4.72167549301583,0,7.600361534576,0,0,0,0,0,0,0,204.777055991213,0,0,0,131.241948247128,0,109.69206161922,1.76201486824007,24.6579555224414,0,0,0,7.57113083407185,4.43856676505487,0,0,0,0,0,0,78.3070949771846,0,2.22842818422193,142.15609543502,0,6.03038190771033,0,0,0,0,0,0,462.536927227789,0,0,0,5.8151527136691,0,0,0,0,0,0,0,0,0,0,0,0,136.327973631469,2.50504621316894,13.5714387451394,8.13716571554317,0,0,0,6.42136347874334,60.1739789882702,0,0,144.447468096087,0,0,0,31.0023020385108,805.8993782237,0,51.3828927285325,1.13354118144849,0,0,23.0283877248934,0,15.1202478045807,0,4.95524430708064,0,7.42930245944289,0,0,0,0,0,"CH vs. CB","CB"
"LOC111108670",70.893136708618,1.91572154002164,2.04198325375746,0.00029371626241239,0.0485978812018258,17.9423668734602,15.0393845707964,30.401446138304,5.24824137385154,1.1561427901596,30.2234975562865,7.2013901067472,22.699951950462,51.8525741356804,35.9264682968946,5.04376985200031,53.0468269359914,223.261946297712,0,62.1145098574192,2.14552604742987,7.513154905426,30.8352601942013,77.6268970150934,0,0.715907065784001,1.05955076358023,421.144152645246,24.4121172078018,7.73055643560594,21.2161398642817,50.1604035771988,6.08615908452129,0,321.335883977876,701.359198491306,11.1416370436554,37.8832791317728,4.0043970545076,0.866458356955461,2.26139321539137,1.0528496792392,47.4387975952324,40.4599702748672,6.14630021133029,6.41566962069995,444.341175088654,3.09907488929842,4.45435386207552,30.7012686572223,359.385763963857,53.4994049657557,8.22779871733236,2.7263162986799,25.186957194768,88.5386580213002,38.0868532659338,3.69733634161384,268.581676278296,67.1669536600137,31.1129088761446,48.3417476126627,25.529308879663,375.221591149761,0,23.7979390251049,4.52381291504648,13.2228942877576,9.72964585377727,5.76278348088004,26.8426115893632,119.865451603209,1.05568384189948,29.1077185363155,280.821650222448,5.4252570176934,4.64302739196143,347.091796409171,2.75990974629602,21.5668188093988,9.97674608530028,0,58.4701882772956,36.2733178063516,7.91587000984941,310.982627188455,300.370274672522,44.1900651147872,1.08001770032719,22.8728725148812,56.9853095314274,11.1056230413178,8.35796526687325,2.12377054528721,40.3476272040263,343.787020953801,5.42175689909071,166.514336441757,"CH vs. CB","CB"
"LOC111110291",34.159213439106,-3.54804701953168,1.16027973551511,9.39230442621362e-06,0.00353599843593842,59.4931112119995,29.0761435035398,6.650316342754,10.4964827477031,19.6544274327132,13.9493065644399,13.7481083856083,52.6226158851619,4.41298503282386,5.9877447161491,2.01750794080012,24.401540390556,46.1198386718278,26.5150936543929,3.00554079955254,23.6007865217286,33.0578815838744,11.4530966435605,12.7856065671919,17.593007864655,26.488561434008,20.1314645080243,17.9814357309206,35.508534120439,11.2985055597318,23.4494177447324,7.31505885500817,763.812965107422,6.54556775828594,26.0824581150874,7.94419804116366,22.2832740873108,15.5989972895535,6.00659558176141,1.73291671391092,27.8905163231603,6.31709807543521,8.62523592640589,10.1149925687168,15.3657505283257,3.20783481034998,27.2841072422858,1.54953744464921,857.463118449538,36.28331750399,11.104616302254,16.2824275982735,2.05694967933309,16.3578977920794,12.593478597384,2.15947946393415,2.30829413732932,4.6216704270173,9.55806677146961,13.8284904594146,3.27504303959417,4.39470432842389,29.7841936929402,4.84782417506151,39.2624564058631,12.5252310658447,5.42857549805577,2.03429142888579,54.4860167811527,24.9720617504802,16.3389809674385,23.5449994220589,9.50115457709529,51.8259378817326,11.5012279954586,6.10341414490508,1.16075684799036,6.29441081571036,13.1095712949061,2.69585235117486,4.43410937124457,18.2391923698974,15.946414984717,81.6149650642912,34.6319312930912,46.7490223878069,13.0160452358093,5.5237581393484,41.0406726124334,9.80265964923479,1.23881107677016,9.08641885198728,5.57197684458217,23.3614759981593,16.1390508816105,4.42169801869841,18.4339734569084,10.6739959257537,"CH vs. CB","CH"
"LOC144627481",41.563724813855,-20.1243746402021,6.844879959547,4.56391546167545e-06,0.00194355462209743,0,0,220.410484502704,0,0,0,0,0,0,0,0,0,0,0,0,301.446409663897,0,0,67.5810632837284,0,0,0,277.292666797881,0,0,0,0,0,0,290.036934239772,0,207.048755061263,0,0,0,0,0,0,0,0,0,0,0,0,156.297367709495,203.921135732301,0,0,0,0,0,137.343501171095,0,0,0,0,0.878940865684777,0,278.265107648531,162.502944568711,0,0,200.37770574525,0,0,190.232421263748,0,0,0,0,0,0,445.104764825233,0,0,100.875988195814,0,0,0,0,0,120.148109869009,0,0,0,0,0,0,1.06188527264361,97.9870946383496,0,200.605005266356,206.008121367046,"CH vs. CB","CH"
"LOC144618150",8.9883339613773,-19.1464924372426,3.6042661585761,3.32939510460208e-08,1.96562946891473e-05,0,2.00525127610619,0,0,85.5545664718103,0,0,0,35.3038802625909,26.9448512226709,0,0,3.14453445489735,0,0,8.58210418971948,0,6.16705203884025,0,10.1854256058529,0,6.35730458148136,0,0,16.0557710585662,0,0,0,0,0,0,7.42775802910361,0,0,0,6.78417964617412,0,0,0,0,0,0,8.52245594557066,0,5.58204884676769,11.104616302254,0,4.11389935866618,0,0,0,0,0,0,0,0,0,0,0,0,0,0,0,0,0,0,12.8427269574867,0,0,0,0,51.0733013115757,0,0,0,427.891554325101,0,0,7.93478827013942,0,0,0,0,0,0,0,83.796973857216,0,6.37131163586163,0,0,2.16870275963628,0,"CH vs. CB","CH"
"LOC144627724",46.4003984085371,-41.3488795792681,3.92077114326391,2.42828513414419e-27,1.05132604882773e-23,0,0,0,0,0,16.2741909918466,0,0,0,0.997957452691516,0,0,0,0,3.00554079955254,0,0,0,0,0,37.2271674207681,0,483.605982026339,0,0,2.2332778804507,0,317.494632242527,1.09092795971432,341.158552145343,0,0,0,0,0,0,0,0,0,0,0,0,0,0,0,713.723975063052,0,0,14.3131605680695,0,0,0,0,525.693672430829,7.90199454823691,3.27504303959417,12.3051721195869,0,702.934505383919,0,0,0,0,563.346494933704,0,0,0,0,0,217.564896247426,0,0,0,26.2191425898122,10.7834094046994,0,0,0,0,1.97896750246235,0,0,0,0,0,0,0,4.64331403715181,4.24754109057442,0,2.21084900934921,0,301.006685106253,"CH vs. CB","CH"
"LOC111133291",79.152801781782,-4.54043308075984,0.818553443408979,7.23409086874417e-09,4.81846098711199e-06,63.2704516064121,19.0498871230088,25.651220179194,55.9812413210831,10.4052851114364,382.443488308395,15.0574520413805,26.8272159414551,49.6460816192685,49.8978726345758,20.1750794080012,13.7921750033578,22.0117411842814,5.30301873087858,15.0277039977627,23.6007865217286,9.7671013770538,73.123617031963,11.8723489552496,462.97389117513,14.31814131568,9.53595687222203,628.403859227963,13.3157002951646,24.9756438688807,637.600834868676,13.585109302158,21.3015567958245,42.5461904288586,16.6927731936559,19.2930523856832,11.1416370436554,57.9391327897702,11.0120918998959,9.53104192651007,9.79937060002929,1165.5045949178,1.07815449080074,10.1149925687168,24.5852008453212,16.0391740517499,16.5653508256735,9.29722466789526,26.7261231724531,97.6858548184346,51.4850392195413,15.1193970555397,38.0535690676622,8.17894889603969,85.005980532342,249.419878084394,19.6205001672992,22.184018049683,2.86742003144088,621.294321355127,49.1256455939126,13.1841129852717,15.9558180497894,15.5130373601968,68.7092987102604,81.4140019279906,30.761927822316,28.4800800044011,21.40522087831,24.0115978370002,25.6755415202604,33.1770446401739,6.33410305139686,12.7789983817971,9.58435666288218,14.9194567986569,12.1879469038988,125.888216314207,31.0489846458302,41.7857114432103,45.4496210552568,21.2790577648803,23.9196224770755,29.4720707176607,922.198856147456,17.6155736533765,10.0123424890841,7.36501085246453,17.2802832052351,22.8728725148812,22.2985993818629,9.08641885198728,35.2891866823537,26.5471318160901,49.569941993518,36.4790086542619,18.4339734569084,6.4043975554522,"CH vs. CB","CH"
"LOC144618695",24.1860510323358,34.1876857229368,6.79539287892484,3.55934602259744e-08,2.01002460063073e-05,0,0,0,0,0,0,0,0,0,0,0,0,0,0,0,0,0,0,0,0,186.13583710384,0,0,0,0,0,0,0,0,0,0,0,0,0,215.74813088191,0,0,166.035791583313,0,119.852854120941,0,242.633667976042,0,0,0,0,0,0,0,0,83.1399593614648,131.572765827771,0,0,0,0,0,0,0,139.599844998624,0,0,0,0,218.985772273442,0,0,0,0,179.227469595897,0,0,5.39520927060888,367.067996257371,0,0,0,0,0,0,191.738743996367,0,0,0,0,0,0,0,0,0,0,2.16870275963628,0,"CH vs. CB","CB"
"LOC144618898",131.144797830042,2.45249453729566,0.948078277682343,1.66512361738091e-05,0.00547530584920302,86.8788290714913,72.1890459398229,116.855558594106,75.2247930252054,139.893277609311,49.9850151892431,261.868731154444,179.5359836082,124.666827177274,112.769192154141,75.6565477800047,446.654282801047,70.2279361593741,129.923958906525,47.0868058596565,6.43657814228961,109.69206161922,145.366226629806,323.293194627566,140.74406291724,95.9315468150561,635.730458148136,86.1216132375673,124.279869421536,51.7352622998244,59.1818638319437,439.948539708348,146.067818028511,13.0911355165719,189.880295077836,350.679599245653,64.0644130010187,105.850338750542,53.0582609722257,76.2483354120806,348.254555170272,46.3253858865249,192.989653853332,136.552399677677,59.4142353761928,7.48494789081661,629.483331375594,440.068634280376,37.119615517296,45.5867322486028,206.949667451097,56.9884965939572,35.9966193883291,58.6158004216178,490.096208748194,168.439398186864,150.039118926406,61.0060496366283,12.4254868029105,126.431912771791,39.3005164751301,12.3051721195869,99.9897931120135,109.56082635639,135.237349842417,37.5756931975341,32.5714529883346,86.4573857276462,31.1348667320873,21.1302060965602,101.535096011939,253.643857410362,148.851421707826,61.7651588453525,138.973171611792,69.8501841028026,81.252979359325,328.20856396204,79.3474052060106,35.0460805652731,76.4883866539688,37.4916732047891,36.3223896874109,17.0031177217273,216.696941519628,79.9476035037857,89.1098481528483,226.474083713284,83.1613629251939,160.926995908271,229.18004920248,104.998617845186,52.0051172161002,63.7131163586163,38.0420485066534,34.2681596449127,20.6026762165447,209.210320144772,"CH vs. CB","CB"
"LOC111133393",201.053065892069,-2.64772141627878,3.14177762880965,0.000234901029176707,0.0420829243787816,0,3.00787691415929,0,1.74941379128385,0,2.32488442740666,0.654671827886109,524.162526856123,5.51623129102983,681.604940188306,7.06127779280044,3.18280961615948,349.043324493606,5.30301873087858,0,930.085541560849,0.7513154905426,0.881007434120036,0.913257611942276,5.55568669410156,5.01134946048801,803.139478793811,555.531724950022,360.633549660709,438.857742267476,0,0,707.008813651889,617.465225198307,600.939834971613,0,1.8569395072759,937.054051465322,3.0032977908807,8.66458356955461,792.241423125445,0,1.07815449080074,2.5287481421792,0,0,0,0,0.742392310345921,652.169373597359,563.306899696157,0,750.786632956578,8.17894889603969,0,0,542.449122272391,0.924334085403459,0.955806677146961,0,0,9.66834952253255,0,805.708377895223,0,2.50504621316894,7.23810066407436,0,664.534811812987,1.92092782696001,2.33414013820549,489.093851630951,0,1.41988870908856,2.87530699886466,8.81604265375178,4.06264896796625,0,2.75990974629602,342.373248599207,4.43410937124457,598.853482811631,848.703641964381,1.13354118144849,10.8843212635429,0.677522063591404,543.670197157265,3.68250542623227,3.24005310098158,1.6337766082058,0,1.00960209466525,604.559487637165,776.238134302475,544.116572580012,514.02239467369,550.850500947616,468.588421140586,"CH vs. CB","CH"
"LOC144619214",32.7618793251619,-47.990312498019,3.2271976543169,8.3577941196477e-52,1.08555208923044e-47,0,0,0,0,0,0,0,84.6089118153584,0,83.8284260260874,0,0,29.3489882457086,0,0,190.951818221258,0,0,0,0,0,61.4539442876531,131.548398241998,210.831921340107,96.9292845387515,0,0,134.909859706889,52.3645420662876,85.5504626174866,0,0,81.3376287241005,0,0,39.1974824001171,0,0,0,0,0,0,0,0,70.7059520590574,135.274416772912,0,82.2779871733236,0,0,0,62.3239417078917,0,0,0,0,0,0,152.221679096931,0,0,0,0,85.62088351324,0,0,77.0563617449201,0,0,0,0,0,0,0,24.2626711605737,0,243.189231598632,138.20226320088,0,0,0,82.1012084104894,0,0,0,0,0,89.1516295133147,64.7750016312599,124.501249658138,79.5905643365714,189.761491468175,62.9765759619466,"CH vs. CB","CH"
"LOC111137950",29.5311072581723,11.0641452712762,9.29088107373599,6.20152821978202e-05,0.0146451907786616,0,0,0,0,18.4982846425536,0,0,0,2.20649251641193,0,0,0,0,0,0,0,0,4.40503717060018,0,0,0,0,0,0,0,0,0,0,0,56.3381095285887,0,0,395.546002699393,0,12.1304169973765,0,0,0,0,0,0,3.89772960604083,0,0,0,0,0,0,0,28.335326844114,0,0,0,0,21.7304850076515,85.1511190294485,0,0,0,7.63436652336227,0,0,0,0,7.68371130784006,0,0,0,0,35.4621196526641,0,80.0922225113347,0,0,0,0,4.0531538599772,0,0,0,0,0,0,187.923079856932,0,0,4.03840837866101,0,0,204.043714717504,0,0,1587.22319415957,"CH vs. CB","CB"
"LOC111132320",43.0315982939728,-23.2141545814295,4.09046289442387,5.01519182467932e-09,3.52107129809986e-06,0,2.00525127610619,304.01446138304,0,0,0,0,0,0,0,0,0,0,0,0,1.07276302371494,0,0,0,0,1.431814131568,19.0719137444441,19.8742184394386,0,18.4344038079834,1.11663894022535,0,0,0,0,0,0,0,0,0,289.458331570096,0,0,0,0,0,0,0,902.749049380639,499.593371785708,12.1141268751862,0,0,0,1.049456549782,0,0,1.84866817080692,0,0.987749318529613,0,0,0,11.6347780201476,0,0,1578.81070735122,0,16.5403979514214,0,306.939428174022,0,0,0,6.70904966401753,0,0,0,0,0,0,0,0,0,0,5.42017650873124,0,0,0,0,0,0,0,1.06188527264361,0,0,0,0,"CH vs. CB","CH"
"LOC111133567",41.7950939253683,21.4662068014993,5.33236001384405,1.01222505381508e-06,0.000505664811979889,0,0,0,345.50922377856,302.909411021815,333.620915332855,0,0,0,0,259.249770392816,0,0,0,0,0,229.902540106036,0,0.913257611942276,0,0,0,0,0,0,0,0,0,0,0,261.023649923949,0,0,0,0,0,0,0,305.13560915629,0,0,3.89772960604083,0,0,0,0,0,0,2.04473722400992,1.049456549782,0,0,0,0,240.023084402696,160.477108940114,261.045437108379,0,0,1.09062378905175,0,194.523955346999,0,0,281.415926649642,0,0,259.698225107271,0,0,0,0,0,0,0,0,0,0,0,0,282.526700517616,0,0,158.762601948097,0,0,0,0,2.12377054528721,0,0,0,0,"CH vs. CB","CB"
"LOC111134944",31.2868104668893,1.43005632194848,1.38426128669871,0.000228228662324159,0.0414237900737883,49.1054251273646,26.0682665893805,417.069839209858,10.4964827477031,23.122855803192,9.29953770962662,17.0214675250388,95.9588877905894,17.6519401312955,7.98365962153213,15.1313095560009,18.0359211582371,20.963563032649,41.098395164309,13.0240101313943,11.8003932608643,18.0315717730224,15.8581338141606,19.1784098507878,11.1113733882031,10.73860598676,4.2382030543209,55.8370899012799,19.9735504427469,5.35192368618873,5.58319470112676,17.7651429335913,26.3733560329256,20.7276312345722,26.0824581150874,9.07908347561561,25.9971531018626,21.1700677501083,13.0142904271497,207.083547312355,17.3373479846672,4.21139871695681,195.145962834933,2.5287481421792,30.7315010566514,16.0391740517499,1.94886480302041,29.441211448335,17.0750231379562,13.0247806424579,11.104616302254,29.0757635683455,8.22779871733236,7.49736982136972,26.23641374455,3.23921919590123,128.110324621777,14.7893453664553,5.73484006288177,25.6814822817699,16.3752151979709,27.2471668362281,35.1027997095367,14.5434725251845,25.0843471481903,17.5353234921826,11.7619135791208,34.5829542910585,8.75668126839954,26.8929895774402,42.0145224876989,14.9831814504011,21.1136768379895,29.1077185363155,14.3765349943233,31.1952278517371,25.5366506557879,4.4960077255074,22.0792779703682,39.0898590920354,105.310097567058,9.11959618494869,140.859999031667,15.8695765402788,16.82122377093,10.1628309538711,81.099974161581,10.1268899221387,21.6003540065439,32.675532164116,14.8657329212419,1.00960209466525,13.0012793040251,3.18565581793082,9.22231478949172,8.84339603739682,20.6026762165447,19.2131926663566,"CH vs. CB","CB"
"LOC111134517",167.976315606462,-5.63889013522873,2.13888610784058,8.76094378968075e-06,0.00334680936506672,14.1650264790475,5.01312819026548,63.653027852074,0.874706895641923,6.93685674095759,11.6244221370333,2.61868731154444,17.5408719617206,1.10324625820597,0.997957452691516,1.00875397040006,1438.62994650409,0,6.62877341359823,4.00738773273672,1.07276302371494,29.3013041311614,8.81007434120036,5.47954567165366,0,0,16.9528122172836,16.0886530224027,1449.19204879042,9.51453099766885,4361.59170052023,4.18003363143324,2.02871969484043,6.54556775828594,217.006051517527,2.2697708689039,0.928469753637951,14.4847831974426,4.0043970545076,8.66458356955461,62.5652122924947,6.31709807543521,7.54708143560516,0,3.07315010566514,10.6927827011666,8.76989161359186,72.8282598985129,0,0,9.08559515638963,38.380007910216,10.2847483966655,7.49736982136972,19.939674445858,29.152972763111,8.07902948065263,0,5.73484006288177,0,0,2.63682259705433,0,8.72608351511071,5.45311894525876,5.01009242633788,0.904762583009296,75.2687828687743,1121.82816694052,13.4464947887201,21.0072612438494,4.28090898582889,12.6682061027937,0.709944354544282,5.75061399772931,11.5286711625985,4.64302739196143,6.29441081571036,3.44988718287002,16.1751141070491,189.558175620705,5.06644232497149,2302.48514140441,0,1.97896750246235,7.45274269950545,3409.20261753313,2.7618790696742,2.16003540065439,0,0,55.5281152065889,5.57197684458217,2.12377054528721,3.4583680460594,19.8976410841428,24.9400817358173,236.962709551731,"CH vs. CB","CH"
"LOC111135062",24.1502599321263,-3.53899371266972,2.31897256482919,7.02158689235993e-05,0.0159999791844591,5.666010591619,4.01050255221238,11.400542301864,3.49882758256769,4.62457116063839,4.64976885481331,9.16540559040553,0,3.3097387746179,11.9754894322982,4.03501588160025,113.520209643022,0,45.0756592124679,3.00554079955254,6.43657814228961,16.5289407919372,0.881007434120036,0,4.6297389117513,0,2.11910152716045,16.0886530224027,22.1928338252744,390.095770904423,146.279701169521,2.09001681571662,4.05743938968086,15.2729914360005,18.7793698428629,0,0,3.3426422763329,1.0010992636269,6.93166685564369,10.5531683384931,8.42279743391361,2.15630898160147,2.5287481421792,6.14630021133029,0,0.974432401510207,16.2701431688167,1.48478462069184,0,534.031093081124,0,3.08542451899964,4.08947444801985,2.098913099564,3.23921919590123,4.61658827465864,0,0,17.779487733533,13.1001721583767,6.15258605979344,23.4018664730244,0,0,2.50504621316894,0,6.10287428665738,39.8915480004868,5.76278348088004,5.83535034551373,4.28090898582889,12.6682061027937,0,0.958435666288219,12.8849854170218,0.580378423995179,0,1.37995487314801,21.5668188093988,17.7364374849783,4.0531538599772,344.619746058606,0,0,12.8729192082367,105.129596135383,2.7618790696742,4.32007080130877,2.4506649123087,13.6269218444718,12.115225135983,13.0012793040251,4.24754109057442,6.91673609211879,25.4247636075159,8.67481103854514,12.8087951109044,"CH vs. CB","CH"
"LOC111101052",18.0535095098001,-23.655347850235,2.05621077011254,5.17479953047729e-31,2.68851534806417e-27,0,2.00525127610619,3.800180767288,3.49882758256769,0,0,0,0,0,7.98365962153213,6.05252382240037,95.4842884847844,0,0,0,0,13.5236788297668,1.76201486824007,0,0,1.431814131568,2.11910152716045,0.946391354258981,48.8242344156036,0,383.007156497296,0,0,0,14.6061765444489,0,0,0,0,0,3.01519095385517,1.0528496792392,0,0,6.14630021133029,0,0,3.87384361162303,1.48478462069184,1.86068294892256,0,11.6303054273382,1.02847483966655,3.40789537334987,6.296739298692,0,13.8497648239759,0,6.69064674002873,0,29.4753873563476,0,18.083260456428,3.87825934004921,0,0,5.42857549805577,2.03429142888579,136.215041952882,8.64417522132007,2.33414013820549,0,25.3364122055874,0,3.83374266515287,24.4136565796203,0,0,1.37995487314801,0,3.32558202843343,0,362.337984930513,4.53416472579395,0,4.74265444513983,325.401130895232,0,19.4403186058895,0,0,16.153633514644,1.85732561486072,0,4.61115739474586,2.21084900934921,10.8435137981814,17.0783934812059,"CH vs. CB","CH"
"LOC111099847",62.2107125502962,-2.61328313526926,3.18739540766073,0.000245033629670186,0.0427197221338418,0,0,3.800180767288,0.874706895641923,10.4052851114364,0,5.23737462308887,0,17.6519401312955,3.99182981076607,8.0700317632005,225.979482747323,1.04817815163245,0,0,0,6.0105239243408,0,3.6530304477691,0,6.44316359205601,24.3696675623452,59.6226553183158,673.552506597077,4.75726549883443,1468.38020639634,0,0,2.18185591942865,45.9051262825538,10.2139689100676,0,4.45685636844386,0,0,23.3677298923775,4.21139871695681,0,0,0,3.20783481034998,0,15.4953744464921,0,1.86068294892256,2.01902114586436,2.32606108546764,11.313223236332,3.40789537334987,0,8.6379178557366,4.61658827465864,0,11.4696801257635,0.987749318529613,6.55008607918834,1.75788173136955,0,0,0,0,0,2.03429142888579,276.321942247274,0,1.16707006910275,0,52.7841920949738,0,0,6.78157127211675,1.74113527198554,1.79840309020296,1.37995487314801,1.34792617558743,21.0620195134117,0,1688.54816449281,0,3.9579350049247,4.06513238154843,929.145382987002,0.920626356558067,1.08001770032719,3.2675532164116,0,7.06721466265677,0,3.18565581793082,26.5141550197887,1.1054245046746,36.8679469138168,25.6175902218088,"CH vs. CB","CH"
"LOC111129538",2.5325729633988,16.3006134852793,3.47669938838032,2.2810653009924e-07,0.000123448402758082,0,0,117.805603785928,0,0,0,0,0,0,2.99387235807455,0,0,4.1927126065298,0,2.00369386636836,6.43657814228961,3.0052619621704,0,1.82651522388455,0,0,0,10.4103048968488,0,0,0,0,0,0,0,0,0,0,0,3.46583342782184,0,0,0,0,6.14630021133029,4.27711308046664,0,5.42338105627224,0,0,0,0,0,0,0,0,0,0,0,0.987749318529613,0,0,0,1.9391296700246,3.27187136715526,0,0,0,0,0,3.50121020730824,0,0,0,0,0,0,0,0,0,17.7364374849783,4.0531538599772,21.2618866462893,0,0,1.35504412718281,2.00246849781681,0,0,0,0,0,0,0,9.22231478949172,2.21084900934921,0,0,"CH vs. CB","CB"
"LOC144619538",11.7273154621512,2.85305750491289,1.49874224295397,4.69548304788772e-05,0.0119582905034293,5.666010591619,29.0761435035398,0.950045191822,6.99765516513539,3.46842837047879,10.46197992333,1.30934365577222,12.3817919729793,18.7551863895014,27.9428086753625,8.0700317632005,4.24374615487931,16.7708504261192,17.2348108753554,5.0092346659209,61.1474923517513,13.5236788297668,1.76201486824007,0,0.925947782350261,13.602234249896,2.11910152716045,12.3030876053668,3.32892507379116,0,4.46655576090141,4.18003363143324,6.08615908452129,3.27278387914297,4.17319329841398,6.80931260671171,4.64234876818976,16.7132113816645,7.00769484538831,30.3260424934411,3.76898869231896,5.26424839619601,149.863474221302,10.1149925687168,29.7071176880964,6.41566962069995,15.5909184241633,5.42338105627224,2.22717693103776,1.86068294892256,29.2758066150333,26.7497024828779,11.313223236332,6.81579074669974,23.088044095204,0,23.0829413732932,15.7136794518588,1.91161335429392,3.95099727411845,13.1001721583767,22.8524625078042,14.8920968464701,0,25.0843471481903,10.0201848526758,11.7619135791208,4.06858285777158,1.94592917075545,2.88139174044002,15.1719108983357,7.49159072520056,4.22273536759791,7.09944354544282,4.79217833144109,23.7354994524086,33.6619485917204,1.79840309020296,6.89977436574005,14.8271879314617,4.43410937124457,0,16.8323269283124,13.6024941773819,8.90535376108059,4.06513238154843,8.00987399126726,1.84125271311613,10.8001770032719,1.6337766082058,2.47762215354032,0,1.85732561486072,0,3.4583680460594,11.054245046746,4.33740551927257,34.1567869624117,"CH vs. CB","CB"
"LOC111130451",172.325494368025,-2.98753925231892,2.33321457987693,0.000117890892937736,0.0243051724273298,579.821750542344,7.01837946637167,90.25429322309,15.7447241215546,20.8105702228728,5.81221106851664,5.23737462308887,68.099855851386,0,32.93259593882,9.07878573360056,762.813371339556,4.1927126065298,2.65150936543929,9.01662239865762,28.9646016403032,22.539464716278,64.3135426907626,20.0916674627301,5.55568669410156,1.431814131568,43.4415813067893,13.2494789596257,306.261106788786,1.78397456206291,4316.92614291121,14.6301177100163,15.2153977113032,99.2744443340035,141.888572146075,1.13488543445195,3.71387901455181,62.3959891582141,0,93.5775025511898,34.6746959693344,4.21139871695681,8.62523592640589,1.68583209478613,0,24.5934002126832,9.74432401510207,34.0898237822826,5.93913848276736,3.72136589784513,37.3518911984907,15.1193970555397,23.6549213123305,8.17894889603969,15.74184824673,0,6.92488241198797,0,7.64645341717569,0.987749318529613,26.2003443167534,1.75788173136955,17.0195392531087,0,27.2655947262938,18.7878465987671,7.23810066407436,26.4457885755153,484.536363518108,8.64417522132007,0,4.28090898582889,169.965098545816,0,577.936706771796,37.9767991238538,6.96454108794214,3.59680618040592,6.89977436574005,146.92395313903,58.7519491689905,43.5714039947549,5367.74046624445,21.5372824475213,3.9579350049247,21.0031839713335,1434.76867868575,10.1268899221387,42.1206903127606,0,6.19405538385081,22.2112460826356,72.4356989795682,22.2995907255157,13.8334721842376,29.8464616262143,60.7236772698159,109.942158035263,"CH vs. CB","CH"
"LOC111125163",24.1927201275508,21.589611976628,2.63485817135446,1.2046228392658e-16,1.95578046847548e-13,54.7714357189836,0,3.800180767288,1.74941379128385,0,0,1.30934365577222,0,449.021227089828,0.997957452691516,9.07878573360056,0,4.1927126065298,0,100.184693318418,0,16.5289407919372,0,10.045833731365,0,0,13.7741599265429,166.564878349581,2.21928338252744,0,0,0,0,0,0,21.5628232545871,3.71387901455181,0,18.0197867452842,268.602090656193,0,0,0,0,0,0,0,27.8916740036858,0,0,0,18.6084886837411,2.05694967933309,117.913179917906,2.098913099564,0,0,0,0,0,0,0,0,3.87825934004921,15.2687330467245,5.01009242633788,11.7619135791208,37.6343914343871,0,0.960463913480007,0,85.6181797165778,0,0,0,37.2986419966421,289.028455149599,1.79840309020296,0,37.741932916448,21.0620195134117,0,42.5237732925786,300.388413083849,0,0,0,0,19.4403186058895,0,0,9.08641885198728,16.7159305337465,0,0,0,0,0,"CH vs. CB","CB"
"LOC144620219",5.27608841634022,6.02706671848221,3.29632409745379,2.21835095859006e-05,0.00694290395798724,0,3.00787691415929,1.900090383644,0,6.93685674095759,0,2.61868731154444,0,4.41298503282386,0,0,0,5.24089075816225,0,2.00369386636836,6.43657814228961,1.5026309810852,2.64302230236011,3.6530304477691,7.40758225880209,0.715907065784001,0,0.946391354258981,6.65785014758231,0,0,0,0,0,0,316.633036212094,0,0,4.0043970545076,3.46583342782184,1.50759547692758,0,0,0,0,0,9.74432401510207,4.64861233394763,0,0,0,5.8151527136691,5.14237419833273,1.36315814933995,0,19.4353151754074,3.46244120599398,1.84866817080692,0,0,0,0,0,1.9391296700246,0,6.26261553292235,0,0,0,0,0,0,0,0,0,4.06894276327005,0,0,11.7296164217581,1.34792617558743,2.21705468562228,0,5.31547166157232,1.13354118144849,0,0,2.00246849781681,0,0,3.2675532164116,4.95524430708064,10.0960209466525,0,3.18565581793082,0,0,0,0,"CH vs. CB","CB"
"LOC111127913",51.217980277119,4.30984537046865,3.38864111524456,7.22161051763363e-05,0.0163126762101364,448.559171836504,2.00525127610619,454.121601690916,0,0,0,0.654671827886109,0,0,4.98978726345758,161.40063526401,2.12187307743965,2.0963563032649,34.4696217507108,34.0627957282621,2.14552604742987,389.932739591609,0,42.0098501493447,1.85189556470052,0,430.177610013572,57.7298726097978,0,3.56794912412582,1.11663894022535,0,0,1.09092795971432,0,326.847005122162,5.57081852182771,4.45685636844386,829.911289546701,2.59937507086638,3.76898869231896,0,0,0,5.12191684277524,2.13855654023332,0,12.3962995571937,0,0,5.04755286466091,101.183657217842,0,0,4.197826199128,0,42.7034415405925,0.924334085403459,0,0,3.27504303959417,1.75788173136955,0,0.969564835012302,32.7187136715526,1.25252310658447,28.0476400732882,33.5658085766156,0,0,0,292.172038282822,7.38978689329634,0,18.2102776594762,181.067952965517,8.70567635992768,0,2.75990974629602,51.2211946723223,37.6899296555788,1.0132884649943,237.424400883564,91.8168356973276,8.90535376108059,2.71008825436562,0,0,126.362070938282,0,2.47762215354032,43.4128900706059,55.7197684458217,0,2.30557869737293,0,66.1454341689067,3.2021987777261,"CH vs. CB","CB"
"LOC111118976",52.9263390105966,-3.1839978719981,1.89390238681221,6.26754230643528e-05,0.0146677429274117,29.2743880566981,14.0367589327433,38.951852864702,7.87236206077731,68.2124246194163,23.2488442740666,1.30934365577222,0,2.20649251641193,1.99591490538303,11.0962936744007,264.173198141237,10.4817815163245,5.30301873087858,19.0350917304994,9.65486721343441,30.052619621704,12.3341040776805,22.8314402985569,7.40758225880209,35.079446223416,22.2505660351847,69.0865688609056,146.472703246811,5.35192368618873,862.045261853972,5.22504203929155,3.04307954226064,10.9092795971432,40.6886346595363,4.5395417378078,1.8569395072759,16.7132113816645,6.00659558176141,9.53104192651007,425.141924493578,1.0528496792392,4.31261796320295,6.74332837914453,0,0,10.7187564166123,45.7113546171517,20.7869846896858,0.930341474461282,10.0951057293218,26.7497024828779,20.5694967933309,11.5868442693896,4.197826199128,21.5947946393415,28.8536767166165,9.24334085403459,22.9393602515271,5.92649591117768,1.63752151979709,7.03152692547822,15.9558180497894,18.4217318652337,27.2655947262938,17.5353234921826,13.5714387451394,24.4114971466295,240.322252588299,10.5651030482801,1.16707006910275,6.42136347874334,83.3990235100587,9.22927660907566,14.3765349943233,24.4136565796203,13.9290821758843,10.7904185412178,6.89977436574005,9.43548322911199,85.3566053964579,9.11959618494869,1048.03382927334,13.6024941773819,23.7476100295482,39.9738017518929,424.523321537165,5.5237581393484,8.64014160261755,6.53510643282319,0,28.2688586506271,20.4305817634679,2.12377054528721,20.7502082763564,40.9007066729603,39.0366496734531,53.3699796287683,"CH vs. CB","CH"
"LOC144620580",7.14214513749511,2.59082228683997,2.53729300696471,0.000197493209262753,0.037697160545336,3.77734039441266,6.01575382831857,32.301536521948,1.74941379128385,0,1.16244221370333,1.96401548365833,0,5.51623129102983,28.940766128054,2.01750794080012,1.06093653871983,17.8190285777516,0,4.00738773273672,1.07276302371494,0.7513154905426,0,1.82651522388455,1.85189556470052,0,1.05955076358023,0,0,2.37863274941721,0,0,1.01435984742021,0,1.04329832460349,0,0,2.22842818422193,0,0,0.753797738463791,6.31709807543521,4.31261796320295,4.21458023696533,14.3413671597707,0,381.977501392001,0,0,0,0,2.32606108546764,0,0,0,1.07973973196708,10.387323617982,1.84866817080692,2.86742003144088,1.97549863705923,1.63752151979709,0.878940865684777,0,0,0,0,1.80952516601859,1.0171457144429,3.89185834151091,0.960463913480007,14.004840829233,28.896135654345,3.16705152569843,0,0,1.35631425442335,1.16075684799036,0,4.82984205601803,4.04377852676228,7.75969139967799,0,5.31547166157232,2.26708236289698,0,2.71008825436562,0,8.2856372090226,1.08001770032719,3.2675532164116,0,3.02880628399576,1.85732561486072,0,4.61115739474586,4.42169801869841,0,0,"CH vs. CB","CB"
"LOC111120583",349.516160615663,-4.45987922557462,2.66413025272626,4.22356749522933e-05,0.0109715612823572,40.6064092399361,4.01050255221238,169.108044144316,34.9882758256769,86.7107092619699,27.8986131288799,10.4747492461777,63.9725918603929,4.41298503282386,16.9652766957558,12.1050476448007,2714.93660258404,2.0963563032649,5.30301873087858,6.01108159910508,0,70.6236561110044,0,18.2651522388455,0,0,86.8831626135785,945.444962904722,1296.06149539602,8.32521462296025,7211.25427597533,12.5401008942997,0,8.72742367771459,219.092648166734,21.5628232545871,14.8555160582072,57.9391327897702,8.00879410901521,8.66458356955461,89.7019308771912,0,21.5630898160147,0,0,41.7018525345497,3.89772960604083,75.1525660654867,11.8782769655347,8.37307327015154,2.01902114586436,48.8472827948204,8.22779871733236,15.6763187174094,8.395652398256,100.415795072938,36.9327061972692,88.7360721987321,7.64645341717569,49.3874659264807,73.6884683908689,54.4943336724562,0,3.87825934004921,0,30.0605545580273,19.9047768262045,130.194651448691,2854.67809349825,66.2720100301205,37.3462422112879,0,174.187833913414,0,7.66748533030575,71.8846554844376,12.1879469038988,0,23.4592328435162,32.3502282140983,524.33343314967,0,10719.5345175042,15.8695765402788,43.5372850541717,48.7815885785811,3096.8175318737,0,25.9204248078526,3.2675532164116,9.91048861416129,119.1330471705,1.85732561486072,6.37131163586163,34.583680460594,9.94882054207142,156.146598693812,290.3326891805,"CH vs. CB","CH"
"LOC144620654",16.5625187919757,-43.9995177082456,4.55291620526068,1.26488685883547e-23,4.10724574149613e-20,0,387.013496288495,0,0,0,0,0,0,0,0,0,0,1.04817815163245,0,0,47.2015730434571,0,0,0,0,0,0,0,0,35.0848330539039,0,0,0,0,0,0,374.173310716094,0,0,0,0,0,0,0,0,2.13855654023332,0,0,46.770715551793,0,76.7228035428458,0,0,77.7000145123771,0,0,0,12.016343110245,0,0,58.9507747126951,0,0,0,0,2.50504621316894,0,0,0,0,0,0,29.5591475731854,0,46.9633476481227,0,0,0,0,0,0,0,0,0,0,0,87.1073796550314,0,89.6414691271571,0,0,0,0,0,142.945879237122,0,22.771378976181,0,"CH vs. CB","CH"
"LOC111117918",81.0167799641119,1.08344768285671,1.05387045678272,0.000193264685861779,0.0371884203306032,50.994095324571,65.1706664734512,140.606688389656,38.4871034082446,48.5579971867031,53.4723418303531,57.6111208539776,70.1634878468826,52.9558203938864,40.9162555603522,73.6390398392046,127.312384646379,42.9753042169304,96.7800918385341,48.0886527928406,79.3844637549052,77.3854955258878,83.6957062414034,81.2799274628626,36.1119635116602,54.4089369995841,104.895525594442,109.781397094042,87.6616936098338,52.3299204871787,64.7650585330704,56.4304540243487,79.1200680987767,86.1833088174316,84.5071642928831,81.7117512805405,51.0658364500873,69.0812737108799,117.128613844347,99.642711049878,33.1671004924068,40.0082878110897,914.275008199025,50.574962843584,25.6095842138762,68.4338092874662,26.3096748407756,81.3507158440835,18.559807758648,43.7260492996803,110.036652449608,688.514081298421,27.7688206709967,74.2921191390272,77.659784683868,10.7973973196708,23.0829413732932,24.9570203058934,43.0113004716132,70.1302016156025,39.3005164751301,23.731403373489,59.5683873858804,46.5391120805905,122.149864373796,26.3029852382739,80.5238698878273,83.4059485843175,23.3511500490654,40.3394843661603,46.6828027641099,66.3540892803478,57.0069274625718,60.3452701362639,115.970715620874,44.7583703959706,23.2151369598072,44.0608757099725,98.6667734300827,80.8755705352457,95.3333514817582,66.8770386896237,124.91358404695,115.621200507746,60.3585088251017,30.4884928616132,139.171560598269,38.6663069754388,95.041557628793,28.5910906436015,32.2090879960242,123.171455549161,74.2930245944289,25.4852465434465,47.2643632961451,42.0061311776349,69.3984883083611,125.953151923893,"CH vs. CB","CB"
"LOC111118265",6150.0825049521,-2.22771832629799,0.5225455512738,1.1746399130337e-06,0.000575728698507104,1599.70365703376,2425.35141845044,1752.83337891159,8978.86628376434,882.136948891773,8235.90308408808,4682.21291304145,6426.15003397624,6288.50367177401,2144.61056583407,2453.28965601295,7481.72447105222,4143.44823340307,25188.0132169905,3529.50674560787,3908.07569539351,2981.21986647304,18230.6868342459,3794.58537762016,26905.2647117515,2541.4700835332,9544.43327833067,3740.13863203149,5935.47340656963,15396.8897869776,21150.2581668084,2502.79513682065,6392.49575844219,11298.7408787613,3867.50688930516,2282.25460868287,3104.80285616531,2154.89005414261,3648.00571665643,1976.39151221541,8008.34717343932,11851.9288391957,1946.06885589533,4165.69110621654,6651.32121202793,1612.47163133592,1420.72244140188,3304.38860071444,3544.18088959142,4761.48766629284,5725.94396967133,4539.3082082901,4534.5455680898,7112.95922325585,1618.26199976384,1092.69660875068,5292.91845689614,4541.25336158719,6624.69607930559,5336.8095680155,5818.11395983905,4146.84300430078,3857.05308323576,9538.57884685102,6533.92712020905,13767.7339875765,9249.38788610403,5257.62619795533,3755.64329955803,4164.57152884931,6523.92168628436,12940.1176369143,4755.85570775714,2876.69452461343,4082.93593838781,11764.6698428681,6875.74318907088,6015.6583367289,903.870441911947,2722.8108746866,2387.7678964152,3955.87816733774,6168.60486325468,7660.47130422888,10929.8375160996,2998.03513139196,6038.4437551666,10325.7452151553,4766.11811154391,2012.81278130954,5552.35124608386,6028.33410724623,8509.3373044844,5908.32965698902,2131.50750572127,24838.8886200383,3343.05530397933,1595.76239090017,"CH vs. CB","CH"
"LOC144620495",2952.98075022375,-2.54273014424573,0.603481394303145,1.45416176208538e-06,0.000699532594327626,596.819782317201,2976.79551937964,1008.94799371496,2631.11834209091,2200.13972967372,4850.87135778399,1352.5519964127,1623.04656445803,1392.29677785593,995.961537786133,1444.53568561289,1866.18737160818,1297.64455172097,1930.2988180398,1339.46934966725,1881.626343596,1697.22169313573,1761.13386080595,1475.82430089872,37263.8425529039,4333.38546919056,3373.60963123944,3435.4006159601,1934.10546787266,1829.76324248919,6283.32731664806,1766.06420928054,2685.01051612131,4663.71702777874,3333.33814710817,503.889132896666,4232.89360683542,742.066585345903,1496.64339912222,984.296693501404,1885.24814389794,5868.58411207931,769.802306431726,472.87590258751,2222.91190976445,2023.07448706072,238.735938370001,3669.30466892933,14317.0357050211,3135.25076893452,967.11112886903,628.036493076263,1932.50422373344,4961.89566359741,1727.40548094117,742.860935593348,1636.58054336649,1119.36857742359,4319.29037402712,2201.69323100251,740.159726948283,3570.25779641156,3228.39385207405,2825.31192922585,700.180472571225,7220.79570945947,1706.38223155553,1490.11847165884,4170.12621292894,1061.31262439541,6092.10576071634,13019.3144531521,5364.98528453314,1540.57924936109,1022.65085592953,6374.67699578975,2983.14509933522,840.753444669884,216.652915084238,682.050644847238,415.697753554178,4490.89447685473,1840.03910684762,4007.06807642041,3746.18548216123,2672.1470188045,2796.44725720118,4340.75327117128,1531.46509906396,610.215563164866,4510.51113052016,2644.1478859283,825.581235805591,1724.50168277321,1661.1694514572,958.403045552881,1060.49564946214,1918.11706785793,"CH vs. CB","CH"
"LOC144621477",14.7594395693322,43.1713341211327,3.47921227256386,8.19539273503173e-37,7.09639056926398e-33,0,0,0,0,0,0,0,0,0,0,0,0,2.0963563032649,0,0,0,0,2.64302230236011,0,0,1.431814131568,0,0,48.8242344156036,0,0,0,0,0,441.315191307278,0,0,28.9695663948851,2.0021985272538,160.29479603676,0,0,0,0,0,0,105.238699363102,0,0,0,190.797498284182,0,9.25627355699891,0,0,0,0,0,3.82322670858784,0,0,0,0,0,0,0,0,0,0,25.9325256639602,0,0,0,0,6.70904966401753,0.678157127211675,4.64302739196143,0,0.689977436574005,4.04377852676228,0,10.132884649943,0,0,0,0,0,0,0,0,0,0,0,0,9.22231478949172,0,4.33740551927257,309.545881846856,"CH vs. CB","CB"
"LOC144621689",802.254738368803,-2.2511757945211,2.73026493695695,0.00029941210950023,0.0492267618258701,13.2206913804443,54.1417844548672,19.950949028262,35.8629827213189,24.2789985933516,11.6244221370333,27.4962167712166,2.06363199549655,9.9292163238537,11.9754894322982,15.1313095560009,3.18280961615948,30.397166397341,2575.94134852427,4154.65923191479,4812.4149243852,6.7618394148834,1.76201486824007,2864.88912866292,4372.32542825793,0.715907065784001,1288.41372851355,3675.78401994188,2940.55048184885,2692.61227234029,48.0154744296902,38.6653110907574,28.402075727766,9.81835163742892,4.17319329841398,9.07908347561561,4.64234876818976,34.5406368554399,12.0131911635228,6.06520849868823,2547.08255826915,4596.74169955835,8.62523592640589,19.3870690900405,2.0487667371101,25.6626784827998,32.1562692498368,3.09907488929842,13.3630615862266,26.0495612849159,2.01902114586436,17.4454581410073,14.3986477553316,12.9500024187295,7.346195848474,5.39869865983538,0,12.016343110245,5.73484006288177,4840.95941011363,29.4753873563476,14.9419947166412,3.19116360995788,3321.72912475215,16.3593568357763,0,4.52381291504648,7.12002000110027,3582.45560336079,24.0115978370002,25.6755415202604,2487.20812076659,12.6682061027937,2156.10100475098,4.79217833144109,14.2412996714452,6.38416266394697,11.6896200863192,4.82984205601803,5.39170470234971,4.43410937124457,7.09301925496009,2507.13080037495,15.8695765402788,8414.56982046992,29.1334487344304,22.027153475985,0.920626356558067,33.480548710143,2.4506649123087,22.2985993818629,1920.26318405331,3194.60005756044,4620.26282127233,25.3613656711022,16.581367570119,2.16870275963628,4.26959837030146,"CH vs. CB","CH"
"LOC111115803",15.1926451021837,19.5146031641216,2.54095830539405,8.5516455067854e-15,1.23414497405425e-11,3.77734039441266,2.00525127610619,3.800180767288,0,2.3122855803192,0,41.2443251568249,0,0,0,0,308.73253276747,554.486242213566,0,0,4.29105209485974,0,137.437159722726,0,0,0,0,0,0,0,0,0,2.02871969484043,0,8.34638659682796,6.80931260671171,0,17.8274254737755,6.00659558176141,3.46583342782184,0,0,0,0,0,8.55422616093327,11.6931888181225,6.19814977859684,0,0,59.5611238029987,0,2.05694967933309,0,0,0,9.23317654931729,0,1.91161335429392,0,0,0,0,5.81738901007381,0,0,1.80952516601859,2.03429142888579,0,1.92092782696001,0,0,0,0,0,147.838253732145,0,0,0,8.08755705352457,0,0,0,6.80124708869093,0,0,2.00246849781681,0,0,0,2.47762215354032,6.05761256799152,0.928662807430361,0,25.3613656711022,0,0,0,"CH vs. CB","CB"
"LOC111111067",3.61842796910645,-19.868166838534,3.64445057667092,1.78206661557074e-08,1.12909132860198e-05,0,0,3.800180767288,0,0,0,0,0,0,0,0,0,0,0,4.00738773273672,12.8731562845792,15.026309810852,0,0,100.002360493828,0,0,10.4103048968488,0,17.8397456206291,0,0,0,0,0,0,0,0,0,0,3.01519095385517,12.6341961508704,0,0,0,0,0,10.0719933902199,4.45435386207552,0,0,0,0,0,15.74184824673,0,0,0,0,2.96324795558884,0,0,0,11.6347780201476,7.63436652336227,0,0,0,0,0,0,24.6152266685161,0,0,13.4180993280351,0,0,13.4880231765222,0,1.34792617558743,0,0,0,9.06832945158791,13.8527725172365,0,0,0,5.40008850163597,0,0,0,0,0,0,23.2139145981667,0,0,"CH vs. CB","CH"
"LOC111111202",774.344320419803,2.46512899722822,1.19286656366074,3.57088053239096e-05,0.0100116500141853,874.454301306532,667.748674943362,2849.18553027418,250.16617215359,978.09680047502,624.231468758687,460.888966831821,105.245231770324,263.675855711226,796.37004724783,664.768866493641,324.646580848267,322.838870702794,1248.86091112191,351.648273547647,518.144540454314,607.062916358421,236.10999234417,595.443962986364,149.077592958392,854.077129480313,201.314645080243,227.133925022155,512.654461363838,313.979522923072,476.804827476226,364.70793434255,82.1631476410374,109.092795971432,374.544098532655,408.558756402702,426.16761691982,1730.37448504833,206.226448307142,12048.1034534657,107.039278861858,220.045582960993,1018.8559938067,279.005211687105,417.94841437046,291.912967741848,297.201882460613,178.971574856984,351.15156279362,294.918247404226,155.464628231556,850.175326738422,1021.27551578888,734.742242494232,200.446201008362,2934.73259148651,9647.5153469679,352.171286538718,346.957823804347,276.569809188292,212.877797573621,583.616734814692,273.376349253058,296.686839513764,809.2428514764,759.029002590189,426.143176597378,148.503274308663,253.943756783587,346.727472766283,486.668218815845,268.627038860763,141.46163481453,1006.70109474379,300.948799214501,433.342404288261,791.055791905429,437.011950919319,282.200771558768,575.564476975832,4039.4736372038,532.989732587001,987.791817108857,477.220837389814,159.306883948219,497.301194676091,2817.47317642826,161.109612397662,359.645894208955,281.009576611397,144.940895982109,277.640576032945,195.019189560376,178.396725804126,296.266862612422,124.91296902823,124.700408679086,323.422076550336,"CH vs. CB","CB"
"LOC111115370",44.0538172333792,-22.0524954977559,2.54121132112934,1.86212397413875e-18,3.72095342124633e-15,0.944335098603166,0,21.851039411906,0,0,0,1.96401548365833,0,0,14.9693617903727,1.00875397040006,167.627973117733,3.14453445489735,0,0,160.91445355724,0,1.76201486824007,0,0,0.715907065784001,98.538221012961,156.154573452732,217.489771487689,152.827154150056,1.11663894022535,0,426.03113591649,0,0,0,103.988612407451,0,0,0,116.084851723424,0,0,0,0,6.41566962069995,0,0,0,13.0247806424579,0,4.65212217093528,1.02847483966655,33.3973746588287,0,0,25.3912355106225,0,0,0,0,0,26.5930300829823,1.9391296700246,0,0,0,0,0,0,115.539936841172,129.497496821324,0,1075.56569713459,45.0464763155463,0,0.580378423995179,0.89920154510148,6.89977436574005,0,0,0,0,2.26708236289698,2.96845125369353,48.7815885785811,1.00123424890841,0,6.48010620196316,0,1.23881107677016,416.965665096749,171.802619374617,260.161891797683,48.4171526448315,3.31627351402381,0,0,"CH vs. CB","CH"
"LOC111115092",185.72463693309,-5.73581532737076,3.99106793674332,4.08501935035581e-05,0.0108282191494074,2.8330052958095,1.0026256380531,64.603073043896,0.874706895641923,41.6211404457455,9.29953770962662,0,0,0,1.99591490538303,0,941.050709844487,0,0,0,0,20.2855182446502,0,21.0049250746723,0,0,42.382030543209,32.1773060448053,1029.74748949273,0,4484.42198394502,0,0,0,125.195798952419,1.13488543445195,0,26.7411382106632,3.0032977908807,0,41.4588756155085,2.1056993584784,4.31261796320295,0,0,2.13855654023332,0,39.5132048385549,4.45435386207552,0,3.02853171879654,10.4672748846044,15.4271225949982,3.40789537334987,0,17.2758357114732,33.4702649912752,0,0.955806677146961,0,67.1383823116805,0.878940865684777,31.9116360995788,8.72608351511071,0,1.25252310658447,18.0952516601859,37.6343914343871,1153.93599825798,15.3674226156801,12.8377707601302,0,104.512700348048,0.709944354544282,0,20.3447138163503,6.96454108794214,2.69760463530444,1.37995487314801,10.7834094046994,197.317867020383,0,6261.6256173322,0,0,6.77522063591404,1954.40925386921,0,9.72015930294474,0,0,85.8161780465465,0,0,13.8334721842376,28.7410371215397,33.6148927743624,157.975139701154,"CH vs. CB","CH"
"LOC111113338",1375.07738537006,-1.97266825329008,1.74127718120441,0.000189912555919142,0.0368161079485937,401.342416906346,14.0367589327433,605.178787190614,83.9718619816246,889.073805632731,51.1474574029464,151.229192241691,73.2589358401274,499.770554967303,551.870471338409,389.379032574424,5734.36199178067,302.923485821778,1104.35365070546,465.858823930644,190.951818221258,779.114163692676,797.311727878633,252.97235850801,374.082904069505,221.93119039304,226.743863406168,600.012118600194,5396.18754461546,265.812209747374,15389.5178741858,38.6653110907574,408.787018510346,305.459828720011,1001.56639161936,98.7350327973197,417.811389137078,197.215894303641,194.213257143619,287.664174509213,358.053925770301,242.155426225016,530.452009473963,23.6016493270059,170.047639180138,190.331532080765,280.63653163494,533.815649681653,272.457977896953,374.927614207897,448.222694381889,308.203093824462,406.247561668285,128.136866037955,532.074470739474,367.111508868806,472.046151083846,290.240902816686,255.200382798239,421.768959012145,864.611362452861,60.6469197322496,298.905658132721,198.760791177522,208.309143708885,905.574206060572,610.714743531275,401.772557204944,10052.6700961227,478.311028913044,619.714206693559,316.787264951338,744.257108539131,403.248393381152,119.804458286027,733.766011643033,300.636023629503,313.821339240417,429.855942985605,107.834094046994,1217.16302240663,552.242213421893,41706.9624805837,226.708236289698,464.067879327422,716.140821216114,13940.1844475518,138.09395348371,438.487186332841,131.519016960567,249.001026430802,502.781843143296,404.896984039638,356.793451608251,444.976688592976,851.176868599444,839.287967979242,1163.46555590715,"CH vs. CB","CH"
"LOC144621265",31.5782701165107,-5.64787506403419,1.88119085067679,5.3855346370727e-06,0.00225645214947157,19.8310370706665,1.0026256380531,9.50045191822,86.5959826685504,1.1561427901596,145.305276712916,0,0,6.6194775492358,36.9244257495861,87.7615954248054,21.2187307743965,14.6744941228543,17.2348108753554,98.1809994520497,51.4926251383169,22.539464716278,46.6933940083619,75.8003817912089,47.2233368998633,0,86.8831626135785,243.222578044558,112.073810817636,73.1429570445793,102.730782500732,1.04500840785831,0,84.001452898003,8.34638659682796,0,23.2117438409488,2.22842818422193,0,0,33.9208982308706,128.447660867183,1.07815449080074,0,0,54.5331917759496,1.94886480302041,62.756266508293,23.7565539310695,21.3978539126095,13.1236374481184,33.7278857392808,17.4840722743313,9.54210704537964,40.928805441498,0,0,0,0,143.223651186794,0,12.3051721195869,15.9558180497894,2.9086945050369,121.059240584745,37.5756931975341,13.5714387451394,8.13716571554317,1.94592917075545,0,12.8377707601302,32.1068173937167,78.1206043005613,2.12983306363284,5.75061399772931,12.2068282898102,0,81.8273406042347,12.4195938583321,6.73963087793714,3.32558202843343,0,0,32.8726942620062,39.579350049247,5.42017650873124,0,47.8725705410195,10.8001770032719,23.6897608189841,34.6867101495645,0,52.0051172161002,6.37131163586163,0,27.6356126168651,82.4107048661788,0,"CH vs. CB","CH"
"LOC111114825",172.722196641258,-1.89141309349522,1.89305217376893,0.000258476755840873,0.0438866846129781,6.61034569022216,78.2047997681415,29.451400946482,44.6100516777381,68.2124246194163,30.2234975562865,14.4027802134944,0,65.091529234152,69.8570216884061,15.1313095560009,22.2796673131164,8.3854252130596,29.1666030198322,55.1015813251299,18.2369714031539,93.1631208272824,22.9061932871209,15.5253794030187,1630.59404471881,16.465862513032,14.8337106901232,461.838980878383,35.508534120439,19.0290619953377,55.8319470112676,1.04500840785831,87.2349468781384,537.827484139162,13.5628782198454,22.697708689039,9.28469753637951,35.6548509475509,8.00879410901521,9.53104192651007,27.8905163231603,104.232118244681,17.2504718528118,13.4866567582891,33.8046511623166,2443.30084721657,24.3608100377552,1451.14181691399,449.889740069628,59.541854365522,9.08559515638963,20.9345497692088,34.9681445486625,54.5263259735979,26.23641374455,2.15947946393415,15.0039118926406,36.9733634161384,15.2929068343514,50.3752152450103,6.55008607918834,21.0945807764347,7.44604842323505,21.3304263702706,21.812475781035,8.7676617460913,27.1428774902789,96.6288428720751,23.3511500490654,21.1302060965602,30.3438217966714,34.2472718866311,11.6125222608942,56.7955483635425,433.212921162275,156.654296385897,429.480033756432,2569.91801590003,24.8391877166642,17.5230402826366,23.279074199034,523.870136402052,482.822009259486,284.518836543571,106.864245132967,33.8761031795702,25.0308562227102,12.8887689918129,42.1206903127606,36.7599736846305,8.67167753739113,24.2304502719661,1831.32305625267,29.7327876340209,3.4583680460594,5.52712252337301,20.6026762165447,11.741395518329,"CH vs. CB","CH"
"LOC144621764",96.3654013859932,-19.3629607723801,7.81910505072554,8.19525800111288e-06,0.00322557904689256,0,0,177.658450870714,653.406051044517,0,0,0,0,356.348541400527,0,451.921778739228,391.485582787616,0,0,0,0,687.453673846479,0,904.125035822853,0,0,0,0,0,0,0,0,0,0,355.764728689792,0,0,822.289999977893,0,0,290.21212930856,0,0,0,0,0,0,0,305.865631862519,0,0,0,0,0,0,0,0,601.741489597652,0,429.670953560382,0,294.4451900044,0,0,0,0,575.429002793912,0,0,0,204.237262092981,0,368.433660822917,0,0,221.079223471006,0,0,0,0,0,0,0,0,0,329.275722905423,0,0,0,0,0,336.197497523529,0,0,0,0,0,204.94072177447,"CH vs. CB","CH"
