"","Sample","Phase1_treatment","Phase1_temp","Phase1_DO","Phase1_TankRep","Phase2_treatment","Phase2_temp","Phase2_DO","Phase2_TankRep","combo_trtmt","Actual_shell_growth_mg","Actual_tissue_growth_mg","Ratio_tissue_shell_mg","Module","Eigengene"
"1","B1_B1_O01","both","warm","hypoxic",1,"both","warm","hypoxic",1,"both_both",210.27552,120.72448,"0.574125224","MEgrey60",0.0743474335473247
"2","B1_W5_O50","both","warm","hypoxic",1,"warm","warm","normoxic",5,"both_warm",315.8883,85.6117,"0.271018901","MEgrey60",0.0754929452296599
"3","B2_B5_O51","both","warm","hypoxic",2,"both","warm","hypoxic",5,"both_both",114.32148,44.47852,"0.389065292","MEgrey60",0.120387335710684
"4","B2_C4_O40","both","warm","hypoxic",2,"control","ambient","normoxic",4,"both_control",164.99028,55.10972,"0.33401798","MEgrey60",0.0481909452260519
"5","B3_B4_O41","both","warm","hypoxic",3,"both","warm","hypoxic",4,"both_both",197.925,116.175,"0.586964759","MEgrey60",0.0195106478816932
"6","B3_C3_O30","both","warm","hypoxic",3,"control","ambient","normoxic",3,"both_control",316.04664,241.35336,"0.763663743","MEgrey60",-0.0152453993006732
"7","B3_C6_O66","both","warm","hypoxic",3,"control","ambient","normoxic",6,"both_control",97.06242,22.23758,"0.229105971","MEgrey60",-0.0226346043886825
"8","B3_H4_O41","both","warm","hypoxic",3,"hypoxic","ambient","hypoxic",4,"both_hypoxic",142.03098,86.96902,"0.612324297","MEgrey60",0.0445784180503133
"9","B3_W1_O06","both","warm","hypoxic",3,"warm","warm","normoxic",1,"both_warm",145.19778,46.00222,"0.316824541","MEgrey60",0.109632588969648
"10","B3_W4_O41","both","warm","hypoxic",3,"warm","warm","normoxic",4,"both_warm",228.32628,183.27372,"0.802683423","MEgrey60",-0.0314879597918026
"11","B4_B2_O19","both","warm","hypoxic",4,"both","warm","hypoxic",2,"both_both",505.57962,264.12038,"0.52241105","MEgrey60",-0.0966396791870136
"12","B4_B3_O32","both","warm","hypoxic",4,"both","warm","hypoxic",3,"both_both",38.31828,-5.21828,"-0.136182522","MEgrey60",-0.240211299234089
"13","B4_C5_O56","both","warm","hypoxic",4,"control","ambient","normoxic",5,"both_control",208.53378,95.26622,"0.456838312","MEgrey60",-0.0578337552126671
"14","B4_H5_O55","both","warm","hypoxic",4,"hypoxic","ambient","hypoxic",5,"both_hypoxic",200.93346,130.16654,"0.64780918","MEgrey60",0.303628862300515
"15","B4_W2_O19","both","warm","hypoxic",4,"warm","warm","normoxic",2,"both_warm",159.1317,52.4683,"0.329716204","MEgrey60",-0.00949848756620486
"16","B4_W6_O67","both","warm","hypoxic",4,"warm","warm","normoxic",6,"both_warm",483.09534,103.90466,"0.215081065","MEgrey60",-0.01672650526391
"17","B5_B6_O69","both","warm","hypoxic",5,"both","warm","hypoxic",6,"both_both",244.00194,159.49806,"0.653675377","MEgrey60",-0.174071805879376
"18","B5_H2_O21","both","warm","hypoxic",5,"hypoxic","ambient","hypoxic",2,"both_hypoxic",502.7295,92.8705,"0.184732545","MEgrey60",0.0788861056689119
"19","B5_W3_O33","both","warm","hypoxic",5,"warm","warm","normoxic",3,"both_warm",188.89962,80.10038,"0.424036745","MEgrey60",0.0149663444233447
"20","B6_C2_O24","both","warm","hypoxic",6,"control","ambient","normoxic",2,"both_control",534.55584,179.34416,"0.335501264","MEgrey60",-0.123630426632591
"21","B6_H3_O35","both","warm","hypoxic",6,"hypoxic","ambient","hypoxic",3,"both_hypoxic",252.23562,84.76438,"0.336052378","MEgrey60",-0.0913473018006043
"22","B6_H6_O72","both","warm","hypoxic",6,"hypoxic","ambient","hypoxic",6,"both_hypoxic",116.69658,43.70342,"0.37450472","MEgrey60",0.103877723794881
"23","C1_H2_W13","control","ambient","normoxic",1,"hypoxic","ambient","hypoxic",2,"control_hypoxic",319.0551,39.8449,"0.124884072","MEgrey60",0.114185992412129
"24","C1_H6_W62","control","ambient","normoxic",1,"hypoxic","ambient","hypoxic",6,"control_hypoxic",93.10392,50.69608,"0.544510693","MEgrey60",-0.0107867754497927
"25","C2_B2_W16","control","ambient","normoxic",2,"both","warm","hypoxic",2,"control_both",266.64456,157.45544,"0.590506853","MEgrey60",-0.0466673222831764
"26","C2_C1_W03","control","ambient","normoxic",2,"control","ambient","normoxic",1,"control_control",219.77592,98.02408,"0.44601829","MEgrey60",0.0103578952830107
"27","C2_H1_W04","control","ambient","normoxic",2,"hypoxic","ambient","hypoxic",1,"control_hypoxic",263.95278,107.74722,"0.408206422","MEgrey60",-0.0386078668644173
"28","C2_W2_W15","control","ambient","normoxic",2,"warm","warm","normoxic",2,"control_warm",161.19012,88.80988,"0.550963545","MEgrey60",0.0175080926473591
"29","C2_W5_W52","control","ambient","normoxic",NA,"warm","warm","normoxic",5,"control_warm",235.76826,42.43174,"0.179972232","MEgrey60",-0.0294908724772686
"30","C3_B3_W30","control","ambient","normoxic",3,"both","warm","hypoxic",3,"control_both",135.3807,59.3193,"0.438166592","MEgrey60",0.101198887477082
"31","C3_C2_W17","control","ambient","normoxic",3,"control","ambient","normoxic",2,"control_control",500.67108,259.22892,"0.517762919","MEgrey60",-0.119796516003385
"32","C3_W3_W29","control","ambient","normoxic",3,"warm","warm","normoxic",3,"control_warm",71.09466,25.60534,"0.360158414","MEgrey60",-0.220630468614477
"33","C4_B1_W07","control","ambient","normoxic",4,"both","warm","hypoxic",1,"control_both",63.96936,21.53064,"0.336577386","MEgrey60",-0.081877780264448
"34","C4_B5_W56","control","ambient","normoxic",4,"both","warm","hypoxic",5,"control_both",317.15502,127.24498,"0.401207523","MEgrey60",-0.260416805330071
"35","C4_C6_W67","control","ambient","normoxic",4,"control","ambient","normoxic",6,"control_control",78.85332,35.34668,"0.448258615","MEgrey60",0.0891572601907926
"36","C4_H5_W56","control","ambient","normoxic",4,"hypoxic","ambient","hypoxic",5,"control_hypoxic",217.24248,102.95752,"0.47392904","MEgrey60",0.139287833202611
"37","C5_B4_W46","control","ambient","normoxic",5,"both","warm","hypoxic",4,"control_both",217.87584,102.02416,"0.468267432","MEgrey60",0.0845299000765747
"38","C5_C3_W33","control","ambient","normoxic",5,"control","ambient","normoxic",3,"control_control",216.76746,159.93254,"0.737806957","MEgrey60",-0.0400906463205733
"39","C5_W1_W09","control","ambient","normoxic",5,"warm","warm","normoxic",1,"control_warm",345.9729,125.9271,"0.363979664","MEgrey60",0.0656709152911
"40","C5_W4_W45","control","ambient","normoxic",5,"warm","warm","normoxic",4,"control_warm",177.3408,65.8592,"0.371370829","MEgrey60",0.0106554706141597
"41","C6_B6_W71","control","ambient","normoxic",6,"both","warm","hypoxic",6,"control_both",186.8412,74.7588,"0.40011946","MEgrey60",0.0936950301694771
"42","C6_C5_W59","control","ambient","normoxic",6,"control","ambient","normoxic",5,"control_control",348.66468,80.63532,"0.231268966","MEgrey60",-0.00463631661990709
"43","C6_H3_W36","control","ambient","normoxic",6,"hypoxic","ambient","hypoxic",3,"control_hypoxic",219.3009,110.9991,"0.50614977","MEgrey60",-0.100394379962969
"44","C6_H4_W48","control","ambient","normoxic",6,"hypoxic","ambient","hypoxic",4,"control_hypoxic",94.2123,56.4877,"0.599578824","MEgrey60",0.141474437834826
"45","C6_W6_W72","control","ambient","normoxic",6,"warm","warm","normoxic",6,"control_warm",421.9761,189.7239,"0.449608165","MEgrey60",-0.0710345716906237
"46","H1_B2_B13","hypoxic","ambient","hypoxic",1,"both","warm","hypoxic",2,"hypoxic_both",175.44072,60.25928,"0.343473739","MEgrey60",-0.135213704134678
"47","H1_B6_B61","hypoxic","ambient","hypoxic",1,"both","warm","hypoxic",6,"hypoxic_both",43.38516,23.01484,"0.530477242","MEgrey60",0.150127048248991
"48","H1_C6_B62","hypoxic","ambient","hypoxic",1,"control","ambient","normoxic",6,"hypoxic_control",301.00434,148.89566,"0.494662834","MEgrey60",-0.0513697553757046
"49","H1_W4_B38","hypoxic","ambient","hypoxic",1,"warm","warm","normoxic",4,"hypoxic_warm",205.842,104.058,"0.505523654","MEgrey60",-0.0880151182853463
"50","H1_W5_B49","hypoxic","ambient","hypoxic",1,"warm","warm","normoxic",5,"hypoxic_warm",326.02206,188.37794,"0.577807342","MEgrey60",0.120720946274619
"51","H2_B5_B51","hypoxic","ambient","hypoxic",2,"both","warm","hypoxic",5,"hypoxic_both",321.27186,150.12814,"0.467293152","MEgrey60",-0.0601700100158939
"52","H2_C1_B04","hypoxic","ambient","hypoxic",2,"control","ambient","normoxic",1,"hypoxic_control",199.98342,114.11658,"0.570630205","MEgrey60",0.109656977829921
"53","H2_H1_B03","hypoxic","ambient","hypoxic",2,"hypoxic","ambient","hypoxic",1,"hypoxic_hypoxic",379.54098,162.65902,"0.42856774","MEgrey60",-0.0132570248878925
"54","H2_W2_B16","hypoxic","ambient","hypoxic",2,"warm","warm","normoxic",2,"hypoxic_warm",344.86452,135.63548,"0.393300766","MEgrey60",-0.156562427734431
"55","H3_B4_B41","hypoxic","ambient","hypoxic",3,"both","warm","hypoxic",4,"hypoxic_both",258.25254,104.94746,"0.406375325","MEgrey60",-0.176870964098308
"56","H3_C5_B54","hypoxic","ambient","hypoxic",3,"control","ambient","normoxic",5,"hypoxic_control",288.65382,142.14618,"0.492445172","MEgrey60",-0.118544287496979
"57","H3_H4_B41","hypoxic","ambient","hypoxic",3,"hypoxic","ambient","hypoxic",4,"hypoxic_hypoxic",176.86578,107.73422,"0.609129816","MEgrey60",0.14981080592061
"58","H3_H6_B66","hypoxic","ambient","hypoxic",3,"hypoxic","ambient","hypoxic",6,"hypoxic_hypoxic",212.9673,84.3327,"0.395988962","MEgrey60",0.0651686994829213
"59","H3_W3_B30","hypoxic","ambient","hypoxic",3,"warm","warm","normoxic",3,"hypoxic_warm",125.40528,45.09472,"0.359591877","MEgrey60",-0.237946714745535
"60","H3_W6_B66","hypoxic","ambient","hypoxic",3,"warm","warm","normoxic",6,"hypoxic_warm",412.79238,146.30762,"0.354433917","MEgrey60",-0.0117510471363107
"61","H4_H2_B19","hypoxic","ambient","hypoxic",4,"hypoxic","ambient","hypoxic",2,"hypoxic_hypoxic",102.1293,35.6707,"0.349269994","MEgrey60",0.0986550121775563
"62","H4_W1_B07","hypoxic","ambient","hypoxic",4,"warm","warm","normoxic",1,"hypoxic_warm",242.89356,89.60644,"0.368912375","MEgrey60",0.0958179599997276
"63","H5_B1_B09","hypoxic","ambient","hypoxic",5,"both","warm","hypoxic",1,"hypoxic_both",224.52612,127.47388,"0.567746327","MEgrey60",0.016850144655747
"64","H5_B3_B34","hypoxic","ambient","hypoxic",5,"both","warm","hypoxic",3,"hypoxic_both",82.81182,41.28818,"0.498578343","MEgrey60",-0.00849307484053639
"65","H5_C2_B22","hypoxic","ambient","hypoxic",5,"control","ambient","normoxic",2,"hypoxic_control",489.42894,179.67106,"0.367103466","MEgrey60",0.0677662276268901
"66","H5_C4_B46","hypoxic","ambient","hypoxic",5,"control","ambient","normoxic",4,"hypoxic_control",275.82828,148.47172,"0.538275916","MEgrey60",0.154441979258748
"67","H6_C3_B36","hypoxic","ambient","hypoxic",6,"control","ambient","normoxic",3,"hypoxic_control",205.0503,97.6497,"0.476223151","MEgrey60",-0.0802389507940925
"68","H6_H3_B35","hypoxic","ambient","hypoxic",6,"hypoxic","ambient","hypoxic",3,"hypoxic_hypoxic",290.71224,108.38776,"0.372835213","MEgrey60",0.055427299431379
"69","W1_C1_G02","warm","warm","normoxic",1,"control","ambient","normoxic",1,"warm_control",155.1732,66.3268,"0.427437212","MEgrey60",-0.0367582516092218
"70","W1_C6_G61","warm","warm","normoxic",1,"control","ambient","normoxic",6,"warm_control",261.10266,98.09734,"0.3757041","MEgrey60",-0.0829759038076044
"71","W1_H5_G49","warm","warm","normoxic",1,"hypoxic","ambient","hypoxic",5,"warm_hypoxic",146.4645,52.7355,"0.360056532","MEgrey60",0.115772443277093
"72","W1_W1_G01","warm","warm","normoxic",1,"warm","warm","normoxic",1,"warm_warm",303.53778,134.56222,"0.443312921","MEgrey60",-0.063030659952856
"73","W1_W6_G62","warm","warm","normoxic",1,"warm","warm","normoxic",6,"warm_warm",244.6353,81.5647,"0.333413453","MEgrey60",0.0511095636266989
"74","W2_B1_G04","warm","warm","normoxic",2,"both","warm","hypoxic",2,"warm_both",82.02012,50.17988,"0.611799641","MEgrey60",-0.118607954786195
"75","W2_B6_G64","warm","warm","normoxic",2,"both","warm","hypoxic",6,"warm_both",151.53138,63.86862,"0.421487747","MEgrey60",-0.0304767025723369
"76","W2_C2_G15","warm","warm","normoxic",2,"control","ambient","normoxic",2,"warm_control",478.50348,95.79652,"0.200200258","MEgrey60",-0.02335882642265
"77","W3_B5_G54","warm","warm","normoxic",3,"both","warm","hypoxic",5,"warm_both",338.68926,134.21074,"0.396265119","MEgrey60",0.02573590126069
"78","W3_C3_G29","warm","warm","normoxic",3,"control","ambient","normoxic",3,"warm_control",360.85686,168.24314,"0.466232345","MEgrey60",0.0977147986790421
"79","W3_H2_G18","warm","warm","normoxic",3,"hypoxic","ambient","hypoxic",2,"warm_hypoxic",532.49742,88.60258,"0.166390628","MEgrey60",-0.0113642425629618
"80","W3_H3_G30","warm","warm","normoxic",3,"hypoxic","ambient","hypoxic",3,"warm_hypoxic",133.63896,79.96104,"0.598336294","MEgrey60",0.0241585463567005
"81","W4_C5_G55","warm","warm","normoxic",4,"control","ambient","normoxic",5,"warm_control",238.77672,114.72328,"0.480462584","MEgrey60",0.0541897545245312
"82","W4_H1_G08","warm","warm","normoxic",4,"hypoxic","ambient","hypoxic",1,"warm_hypoxic",413.58408,264.11592,"0.638602724","MEgrey60",0.0405064936050641
"83","W4_W5_G56","warm","warm","normoxic",4,"warm","warm","normoxic",5,"warm_warm",227.37624,129.82376,"0.570964495","MEgrey60",-0.0325817802062249
"84","W5_B2_G21","warm","warm","normoxic",5,"both","warm","hypoxic",2,"warm_both",396.16668,270.53332,"0.68287752","MEgrey60",-0.136448799027904
"85","W5_C4_G45","warm","warm","normoxic",5,"control","ambient","normoxic",4,"warm_control",399.65016,213.34984,"0.533841498","MEgrey60",0.0278070687844998
"86","W5_H4_G46","warm","warm","normoxic",5,"hypoxic","ambient","hypoxic",4,"warm_hypoxic",82.97016,29.12984,"0.35108815","MEgrey60",0.219363444074434
"87","W5_W2_G22","warm","warm","normoxic",5,"warm","warm","normoxic",2,"warm_warm",222.62604,90.67396,"0.407292696","MEgrey60",0.0556641102189776
"88","W6_B3_G35","warm","warm","normoxic",6,"both","warm","hypoxic",3,"warm_both",226.90122,122.39878,"0.539436412","MEgrey60",0.0664871128157222
"89","W6_B4_G48","warm","warm","normoxic",6,"both","warm","hypoxic",4,"warm_both",413.42574,199.37426,"0.482249267","MEgrey60",-0.184882647207308
"90","W6_H6_G71","warm","warm","normoxic",6,"hypoxic","ambient","hypoxic",6,"warm_hypoxic",228.48462,74.51538,"0.326128647","MEgrey60",0.0866148994981475
"91","W6_W3_G36","warm","warm","normoxic",6,"warm","warm","normoxic",3,"warm_warm",472.01154,166.28846,"0.352297446","MEgrey60",-0.0467774046084034
"92","W6_W4_G48","warm","warm","normoxic",6,"warm","warm","normoxic",4,"warm_warm",216.9258,67.1742,"0.309664411","MEgrey60",-0.00133450518275645
"93","B1_B1_O01","both","warm","hypoxic",1,"both","warm","hypoxic",1,"both_both",210.27552,120.72448,"0.574125224","MElightcyan",-0.0431806920358684
"94","B1_W5_O50","both","warm","hypoxic",1,"warm","warm","normoxic",5,"both_warm",315.8883,85.6117,"0.271018901","MElightcyan",-0.00669941696678256
"95","B2_B5_O51","both","warm","hypoxic",2,"both","warm","hypoxic",5,"both_both",114.32148,44.47852,"0.389065292","MElightcyan",-0.02455590177355
"96","B2_C4_O40","both","warm","hypoxic",2,"control","ambient","normoxic",4,"both_control",164.99028,55.10972,"0.33401798","MElightcyan",0.0641971616481145
"97","B3_B4_O41","both","warm","hypoxic",3,"both","warm","hypoxic",4,"both_both",197.925,116.175,"0.586964759","MElightcyan",-0.0229696803206523
"98","B3_C3_O30","both","warm","hypoxic",3,"control","ambient","normoxic",3,"both_control",316.04664,241.35336,"0.763663743","MElightcyan",0.101758830976908
"99","B3_C6_O66","both","warm","hypoxic",3,"control","ambient","normoxic",6,"both_control",97.06242,22.23758,"0.229105971","MElightcyan",-0.00807318704390304
"100","B3_H4_O41","both","warm","hypoxic",3,"hypoxic","ambient","hypoxic",4,"both_hypoxic",142.03098,86.96902,"0.612324297","MElightcyan",-0.0317733395377588
"101","B3_W1_O06","both","warm","hypoxic",3,"warm","warm","normoxic",1,"both_warm",145.19778,46.00222,"0.316824541","MElightcyan",-0.0673039716600859
"102","B3_W4_O41","both","warm","hypoxic",3,"warm","warm","normoxic",4,"both_warm",228.32628,183.27372,"0.802683423","MElightcyan",-0.010453988979226
"103","B4_B2_O19","both","warm","hypoxic",4,"both","warm","hypoxic",2,"both_both",505.57962,264.12038,"0.52241105","MElightcyan",-0.00368069238113229
"104","B4_B3_O32","both","warm","hypoxic",4,"both","warm","hypoxic",3,"both_both",38.31828,-5.21828,"-0.136182522","MElightcyan",-0.263301848119548
"105","B4_C5_O56","both","warm","hypoxic",4,"control","ambient","normoxic",5,"both_control",208.53378,95.26622,"0.456838312","MElightcyan",-0.0723179493472126
"106","B4_H5_O55","both","warm","hypoxic",4,"hypoxic","ambient","hypoxic",5,"both_hypoxic",200.93346,130.16654,"0.64780918","MElightcyan",0.244808762455095
"107","B4_W2_O19","both","warm","hypoxic",4,"warm","warm","normoxic",2,"both_warm",159.1317,52.4683,"0.329716204","MElightcyan",-0.069208607477891
"108","B4_W6_O67","both","warm","hypoxic",4,"warm","warm","normoxic",6,"both_warm",483.09534,103.90466,"0.215081065","MElightcyan",-0.0125342097821339
"109","B5_B6_O69","both","warm","hypoxic",5,"both","warm","hypoxic",6,"both_both",244.00194,159.49806,"0.653675377","MElightcyan",-0.0815748592609922
"110","B5_H2_O21","both","warm","hypoxic",5,"hypoxic","ambient","hypoxic",2,"both_hypoxic",502.7295,92.8705,"0.184732545","MElightcyan",0.0416150875463977
"111","B5_W3_O33","both","warm","hypoxic",5,"warm","warm","normoxic",3,"both_warm",188.89962,80.10038,"0.424036745","MElightcyan",-0.114104436984705
"112","B6_C2_O24","both","warm","hypoxic",6,"control","ambient","normoxic",2,"both_control",534.55584,179.34416,"0.335501264","MElightcyan",0.0467894205828194
"113","B6_H3_O35","both","warm","hypoxic",6,"hypoxic","ambient","hypoxic",3,"both_hypoxic",252.23562,84.76438,"0.336052378","MElightcyan",-0.0990113130383544
"114","B6_H6_O72","both","warm","hypoxic",6,"hypoxic","ambient","hypoxic",6,"both_hypoxic",116.69658,43.70342,"0.37450472","MElightcyan",-0.0736770231207752
"115","C1_H2_W13","control","ambient","normoxic",1,"hypoxic","ambient","hypoxic",2,"control_hypoxic",319.0551,39.8449,"0.124884072","MElightcyan",0.0770781981245816
"116","C1_H6_W62","control","ambient","normoxic",1,"hypoxic","ambient","hypoxic",6,"control_hypoxic",93.10392,50.69608,"0.544510693","MElightcyan",-0.0254664598318673
"117","C2_B2_W16","control","ambient","normoxic",2,"both","warm","hypoxic",2,"control_both",266.64456,157.45544,"0.590506853","MElightcyan",-0.0347579302142119
"118","C2_C1_W03","control","ambient","normoxic",2,"control","ambient","normoxic",1,"control_control",219.77592,98.02408,"0.44601829","MElightcyan",0.0938076509404097
"119","C2_H1_W04","control","ambient","normoxic",2,"hypoxic","ambient","hypoxic",1,"control_hypoxic",263.95278,107.74722,"0.408206422","MElightcyan",-0.00508254838021381
"120","C2_W2_W15","control","ambient","normoxic",2,"warm","warm","normoxic",2,"control_warm",161.19012,88.80988,"0.550963545","MElightcyan",0.0208349930363033
"121","C2_W5_W52","control","ambient","normoxic",NA,"warm","warm","normoxic",5,"control_warm",235.76826,42.43174,"0.179972232","MElightcyan",0.0790064831571127
"122","C3_B3_W30","control","ambient","normoxic",3,"both","warm","hypoxic",3,"control_both",135.3807,59.3193,"0.438166592","MElightcyan",0.0429626686645074
"123","C3_C2_W17","control","ambient","normoxic",3,"control","ambient","normoxic",2,"control_control",500.67108,259.22892,"0.517762919","MElightcyan",0.133979801895643
"124","C3_W3_W29","control","ambient","normoxic",3,"warm","warm","normoxic",3,"control_warm",71.09466,25.60534,"0.360158414","MElightcyan",-0.287961919193673
"125","C4_B1_W07","control","ambient","normoxic",4,"both","warm","hypoxic",1,"control_both",63.96936,21.53064,"0.336577386","MElightcyan",-0.100966731689335
"126","C4_B5_W56","control","ambient","normoxic",4,"both","warm","hypoxic",5,"control_both",317.15502,127.24498,"0.401207523","MElightcyan",-0.1360087239388
"127","C4_C6_W67","control","ambient","normoxic",4,"control","ambient","normoxic",6,"control_control",78.85332,35.34668,"0.448258615","MElightcyan",0.0209977886279194
"128","C4_H5_W56","control","ambient","normoxic",4,"hypoxic","ambient","hypoxic",5,"control_hypoxic",217.24248,102.95752,"0.47392904","MElightcyan",0.00015584865809178
"129","C5_B4_W46","control","ambient","normoxic",5,"both","warm","hypoxic",4,"control_both",217.87584,102.02416,"0.468267432","MElightcyan",-0.0126535423799165
"130","C5_C3_W33","control","ambient","normoxic",5,"control","ambient","normoxic",3,"control_control",216.76746,159.93254,"0.737806957","MElightcyan",0.185186718141805
"131","C5_W1_W09","control","ambient","normoxic",5,"warm","warm","normoxic",1,"control_warm",345.9729,125.9271,"0.363979664","MElightcyan",0.0913182831414182
"132","C5_W4_W45","control","ambient","normoxic",5,"warm","warm","normoxic",4,"control_warm",177.3408,65.8592,"0.371370829","MElightcyan",0.00363065833096793
"133","C6_B6_W71","control","ambient","normoxic",6,"both","warm","hypoxic",6,"control_both",186.8412,74.7588,"0.40011946","MElightcyan",-0.0269449459858357
"134","C6_C5_W59","control","ambient","normoxic",6,"control","ambient","normoxic",5,"control_control",348.66468,80.63532,"0.231268966","MElightcyan",0.0813384471589942
"135","C6_H3_W36","control","ambient","normoxic",6,"hypoxic","ambient","hypoxic",3,"control_hypoxic",219.3009,110.9991,"0.50614977","MElightcyan",-0.109239258158892
"136","C6_H4_W48","control","ambient","normoxic",6,"hypoxic","ambient","hypoxic",4,"control_hypoxic",94.2123,56.4877,"0.599578824","MElightcyan",0.0453158757603195
"137","C6_W6_W72","control","ambient","normoxic",6,"warm","warm","normoxic",6,"control_warm",421.9761,189.7239,"0.449608165","MElightcyan",-0.126838558519381
"138","H1_B2_B13","hypoxic","ambient","hypoxic",1,"both","warm","hypoxic",2,"hypoxic_both",175.44072,60.25928,"0.343473739","MElightcyan",-0.191616598142184
"139","H1_B6_B61","hypoxic","ambient","hypoxic",1,"both","warm","hypoxic",6,"hypoxic_both",43.38516,23.01484,"0.530477242","MElightcyan",0.0171501026595149
"140","H1_C6_B62","hypoxic","ambient","hypoxic",1,"control","ambient","normoxic",6,"hypoxic_control",301.00434,148.89566,"0.494662834","MElightcyan",-0.107818438695159
"141","H1_W4_B38","hypoxic","ambient","hypoxic",1,"warm","warm","normoxic",4,"hypoxic_warm",205.842,104.058,"0.505523654","MElightcyan",0.0606031245192883
"142","H1_W5_B49","hypoxic","ambient","hypoxic",1,"warm","warm","normoxic",5,"hypoxic_warm",326.02206,188.37794,"0.577807342","MElightcyan",-0.123564603622399
"143","H2_B5_B51","hypoxic","ambient","hypoxic",2,"both","warm","hypoxic",5,"hypoxic_both",321.27186,150.12814,"0.467293152","MElightcyan",-0.110710239875052
"144","H2_C1_B04","hypoxic","ambient","hypoxic",2,"control","ambient","normoxic",1,"hypoxic_control",199.98342,114.11658,"0.570630205","MElightcyan",0.201506609073337
"145","H2_H1_B03","hypoxic","ambient","hypoxic",2,"hypoxic","ambient","hypoxic",1,"hypoxic_hypoxic",379.54098,162.65902,"0.42856774","MElightcyan",0.101431731048539
"146","H2_W2_B16","hypoxic","ambient","hypoxic",2,"warm","warm","normoxic",2,"hypoxic_warm",344.86452,135.63548,"0.393300766","MElightcyan",-0.0233905310977104
"147","H3_B4_B41","hypoxic","ambient","hypoxic",3,"both","warm","hypoxic",4,"hypoxic_both",258.25254,104.94746,"0.406375325","MElightcyan",0.0753238436242725
"148","H3_C5_B54","hypoxic","ambient","hypoxic",3,"control","ambient","normoxic",5,"hypoxic_control",288.65382,142.14618,"0.492445172","MElightcyan",-0.0284755795505248
"149","H3_H4_B41","hypoxic","ambient","hypoxic",3,"hypoxic","ambient","hypoxic",4,"hypoxic_hypoxic",176.86578,107.73422,"0.609129816","MElightcyan",0.0450771190448278
"150","H3_H6_B66","hypoxic","ambient","hypoxic",3,"hypoxic","ambient","hypoxic",6,"hypoxic_hypoxic",212.9673,84.3327,"0.395988962","MElightcyan",0.0493351568194529
"151","H3_W3_B30","hypoxic","ambient","hypoxic",3,"warm","warm","normoxic",3,"hypoxic_warm",125.40528,45.09472,"0.359591877","MElightcyan",-0.339583329275643
"152","H3_W6_B66","hypoxic","ambient","hypoxic",3,"warm","warm","normoxic",6,"hypoxic_warm",412.79238,146.30762,"0.354433917","MElightcyan",0.0789366944964318
"153","H4_H2_B19","hypoxic","ambient","hypoxic",4,"hypoxic","ambient","hypoxic",2,"hypoxic_hypoxic",102.1293,35.6707,"0.349269994","MElightcyan",0.0945911998921075
"154","H4_W1_B07","hypoxic","ambient","hypoxic",4,"warm","warm","normoxic",1,"hypoxic_warm",242.89356,89.60644,"0.368912375","MElightcyan",0.0235705057368446
"155","H5_B1_B09","hypoxic","ambient","hypoxic",5,"both","warm","hypoxic",1,"hypoxic_both",224.52612,127.47388,"0.567746327","MElightcyan",-0.0469452546694261
"156","H5_B3_B34","hypoxic","ambient","hypoxic",5,"both","warm","hypoxic",3,"hypoxic_both",82.81182,41.28818,"0.498578343","MElightcyan",-0.114851059807865
"157","H5_C2_B22","hypoxic","ambient","hypoxic",5,"control","ambient","normoxic",2,"hypoxic_control",489.42894,179.67106,"0.367103466","MElightcyan",0.199785518319672
"158","H5_C4_B46","hypoxic","ambient","hypoxic",5,"control","ambient","normoxic",4,"hypoxic_control",275.82828,148.47172,"0.538275916","MElightcyan",0.0776482746213364
"159","H6_C3_B36","hypoxic","ambient","hypoxic",6,"control","ambient","normoxic",3,"hypoxic_control",205.0503,97.6497,"0.476223151","MElightcyan",0.0485945322973679
"160","H6_H3_B35","hypoxic","ambient","hypoxic",6,"hypoxic","ambient","hypoxic",3,"hypoxic_hypoxic",290.71224,108.38776,"0.372835213","MElightcyan",0.0903335146041573
"161","W1_C1_G02","warm","warm","normoxic",1,"control","ambient","normoxic",1,"warm_control",155.1732,66.3268,"0.427437212","MElightcyan",0.0153425260761695
"162","W1_C6_G61","warm","warm","normoxic",1,"control","ambient","normoxic",6,"warm_control",261.10266,98.09734,"0.3757041","MElightcyan",-0.0400159926817005
"163","W1_H5_G49","warm","warm","normoxic",1,"hypoxic","ambient","hypoxic",5,"warm_hypoxic",146.4645,52.7355,"0.360056532","MElightcyan",0.0731430779464784
"164","W1_W1_G01","warm","warm","normoxic",1,"warm","warm","normoxic",1,"warm_warm",303.53778,134.56222,"0.443312921","MElightcyan",0.0925377106182708
"165","W1_W6_G62","warm","warm","normoxic",1,"warm","warm","normoxic",6,"warm_warm",244.6353,81.5647,"0.333413453","MElightcyan",0.0803147919442071
"166","W2_B1_G04","warm","warm","normoxic",2,"both","warm","hypoxic",2,"warm_both",82.02012,50.17988,"0.611799641","MElightcyan",0.0406403770867075
"167","W2_B6_G64","warm","warm","normoxic",2,"both","warm","hypoxic",6,"warm_both",151.53138,63.86862,"0.421487747","MElightcyan",-0.165028913961561
"168","W2_C2_G15","warm","warm","normoxic",2,"control","ambient","normoxic",2,"warm_control",478.50348,95.79652,"0.200200258","MElightcyan",0.216555740747566
"169","W3_B5_G54","warm","warm","normoxic",3,"both","warm","hypoxic",5,"warm_both",338.68926,134.21074,"0.396265119","MElightcyan",-0.00723477631504227
"170","W3_C3_G29","warm","warm","normoxic",3,"control","ambient","normoxic",3,"warm_control",360.85686,168.24314,"0.466232345","MElightcyan",0.124087187897459
"171","W3_H2_G18","warm","warm","normoxic",3,"hypoxic","ambient","hypoxic",2,"warm_hypoxic",532.49742,88.60258,"0.166390628","MElightcyan",-0.0245288542942587
"172","W3_H3_G30","warm","warm","normoxic",3,"hypoxic","ambient","hypoxic",3,"warm_hypoxic",133.63896,79.96104,"0.598336294","MElightcyan",0.0162070716356542
"173","W4_C5_G55","warm","warm","normoxic",4,"control","ambient","normoxic",5,"warm_control",238.77672,114.72328,"0.480462584","MElightcyan",-0.0623398698650659
"174","W4_H1_G08","warm","warm","normoxic",4,"hypoxic","ambient","hypoxic",1,"warm_hypoxic",413.58408,264.11592,"0.638602724","MElightcyan",-0.0618845001384019
"175","W4_W5_G56","warm","warm","normoxic",4,"warm","warm","normoxic",5,"warm_warm",227.37624,129.82376,"0.570964495","MElightcyan",-0.0171665140949514
"176","W5_B2_G21","warm","warm","normoxic",5,"both","warm","hypoxic",2,"warm_both",396.16668,270.53332,"0.68287752","MElightcyan",-0.11599132417653
"177","W5_C4_G45","warm","warm","normoxic",5,"control","ambient","normoxic",4,"warm_control",399.65016,213.34984,"0.533841498","MElightcyan",0.158306868188296
"178","W5_H4_G46","warm","warm","normoxic",5,"hypoxic","ambient","hypoxic",4,"warm_hypoxic",82.97016,29.12984,"0.35108815","MElightcyan",0.0594917270440409
"179","W5_W2_G22","warm","warm","normoxic",5,"warm","warm","normoxic",2,"warm_warm",222.62604,90.67396,"0.407292696","MElightcyan",-0.00147776471724287
"180","W6_B3_G35","warm","warm","normoxic",6,"both","warm","hypoxic",3,"warm_both",226.90122,122.39878,"0.539436412","MElightcyan",0.0038271738177301
"181","W6_B4_G48","warm","warm","normoxic",6,"both","warm","hypoxic",4,"warm_both",413.42574,199.37426,"0.482249267","MElightcyan",-0.14776083411203
"182","W6_H6_G71","warm","warm","normoxic",6,"hypoxic","ambient","hypoxic",6,"warm_hypoxic",228.48462,74.51538,"0.326128647","MElightcyan",0.17631464483041
"183","W6_W3_G36","warm","warm","normoxic",6,"warm","warm","normoxic",3,"warm_warm",472.01154,166.28846,"0.352297446","MElightcyan",0.0209561541280998
"184","W6_W4_G48","warm","warm","normoxic",6,"warm","warm","normoxic",4,"warm_warm",216.9258,67.1742,"0.309664411","MElightcyan",-0.0156689423501994
"185","B1_B1_O01","both","warm","hypoxic",1,"both","warm","hypoxic",1,"both_both",210.27552,120.72448,"0.574125224","MEblue",-0.0630919741009261
"186","B1_W5_O50","both","warm","hypoxic",1,"warm","warm","normoxic",5,"both_warm",315.8883,85.6117,"0.271018901","MEblue",0.0686504885262307
"187","B2_B5_O51","both","warm","hypoxic",2,"both","warm","hypoxic",5,"both_both",114.32148,44.47852,"0.389065292","MEblue",0.0789873434408998
"188","B2_C4_O40","both","warm","hypoxic",2,"control","ambient","normoxic",4,"both_control",164.99028,55.10972,"0.33401798","MEblue",-0.00740403174936021
"189","B3_B4_O41","both","warm","hypoxic",3,"both","warm","hypoxic",4,"both_both",197.925,116.175,"0.586964759","MEblue",0.0723458032897285
"190","B3_C3_O30","both","warm","hypoxic",3,"control","ambient","normoxic",3,"both_control",316.04664,241.35336,"0.763663743","MEblue",0.108273915914329
"191","B3_C6_O66","both","warm","hypoxic",3,"control","ambient","normoxic",6,"both_control",97.06242,22.23758,"0.229105971","MEblue",0.114901387813843
"192","B3_H4_O41","both","warm","hypoxic",3,"hypoxic","ambient","hypoxic",4,"both_hypoxic",142.03098,86.96902,"0.612324297","MEblue",-0.167204854809459
"193","B3_W1_O06","both","warm","hypoxic",3,"warm","warm","normoxic",1,"both_warm",145.19778,46.00222,"0.316824541","MEblue",-0.178944285100317
"194","B3_W4_O41","both","warm","hypoxic",3,"warm","warm","normoxic",4,"both_warm",228.32628,183.27372,"0.802683423","MEblue",-0.0591031873856931
"195","B4_B2_O19","both","warm","hypoxic",4,"both","warm","hypoxic",2,"both_both",505.57962,264.12038,"0.52241105","MEblue",-0.0353540773255647
"196","B4_B3_O32","both","warm","hypoxic",4,"both","warm","hypoxic",3,"both_both",38.31828,-5.21828,"-0.136182522","MEblue",-0.0912559278271894
"197","B4_C5_O56","both","warm","hypoxic",4,"control","ambient","normoxic",5,"both_control",208.53378,95.26622,"0.456838312","MEblue",0.250409749259264
"198","B4_H5_O55","both","warm","hypoxic",4,"hypoxic","ambient","hypoxic",5,"both_hypoxic",200.93346,130.16654,"0.64780918","MEblue",-0.0198645163828702
"199","B4_W2_O19","both","warm","hypoxic",4,"warm","warm","normoxic",2,"both_warm",159.1317,52.4683,"0.329716204","MEblue",-0.100797489184309
"200","B4_W6_O67","both","warm","hypoxic",4,"warm","warm","normoxic",6,"both_warm",483.09534,103.90466,"0.215081065","MEblue",0.0401016815593141
"201","B5_B6_O69","both","warm","hypoxic",5,"both","warm","hypoxic",6,"both_both",244.00194,159.49806,"0.653675377","MEblue",-0.033948470500755
"202","B5_H2_O21","both","warm","hypoxic",5,"hypoxic","ambient","hypoxic",2,"both_hypoxic",502.7295,92.8705,"0.184732545","MEblue",-0.137939828342213
"203","B5_W3_O33","both","warm","hypoxic",5,"warm","warm","normoxic",3,"both_warm",188.89962,80.10038,"0.424036745","MEblue",-0.239555153576544
"204","B6_C2_O24","both","warm","hypoxic",6,"control","ambient","normoxic",2,"both_control",534.55584,179.34416,"0.335501264","MEblue",0.106933201950502
"205","B6_H3_O35","both","warm","hypoxic",6,"hypoxic","ambient","hypoxic",3,"both_hypoxic",252.23562,84.76438,"0.336052378","MEblue",0.0601390993214091
"206","B6_H6_O72","both","warm","hypoxic",6,"hypoxic","ambient","hypoxic",6,"both_hypoxic",116.69658,43.70342,"0.37450472","MEblue",-0.0704348185076498
"207","C1_H2_W13","control","ambient","normoxic",1,"hypoxic","ambient","hypoxic",2,"control_hypoxic",319.0551,39.8449,"0.124884072","MEblue",-0.0545714639318898
"208","C1_H6_W62","control","ambient","normoxic",1,"hypoxic","ambient","hypoxic",6,"control_hypoxic",93.10392,50.69608,"0.544510693","MEblue",0.0504137580562638
"209","C2_B2_W16","control","ambient","normoxic",2,"both","warm","hypoxic",2,"control_both",266.64456,157.45544,"0.590506853","MEblue",-0.0862633497542097
"210","C2_C1_W03","control","ambient","normoxic",2,"control","ambient","normoxic",1,"control_control",219.77592,98.02408,"0.44601829","MEblue",-0.0529681651685691
"211","C2_H1_W04","control","ambient","normoxic",2,"hypoxic","ambient","hypoxic",1,"control_hypoxic",263.95278,107.74722,"0.408206422","MEblue",0.106572599063511
"212","C2_W2_W15","control","ambient","normoxic",2,"warm","warm","normoxic",2,"control_warm",161.19012,88.80988,"0.550963545","MEblue",-0.0100951057039317
"213","C2_W5_W52","control","ambient","normoxic",NA,"warm","warm","normoxic",5,"control_warm",235.76826,42.43174,"0.179972232","MEblue",0.0717959132944534
"214","C3_B3_W30","control","ambient","normoxic",3,"both","warm","hypoxic",3,"control_both",135.3807,59.3193,"0.438166592","MEblue",-0.0233710048236165
"215","C3_C2_W17","control","ambient","normoxic",3,"control","ambient","normoxic",2,"control_control",500.67108,259.22892,"0.517762919","MEblue",0.164279738802566
"216","C3_W3_W29","control","ambient","normoxic",3,"warm","warm","normoxic",3,"control_warm",71.09466,25.60534,"0.360158414","MEblue",-0.211391534412397
"217","C4_B1_W07","control","ambient","normoxic",4,"both","warm","hypoxic",1,"control_both",63.96936,21.53064,"0.336577386","MEblue",-0.105224343894496
"218","C4_B5_W56","control","ambient","normoxic",4,"both","warm","hypoxic",5,"control_both",317.15502,127.24498,"0.401207523","MEblue",0.0909826202086415
"219","C4_C6_W67","control","ambient","normoxic",4,"control","ambient","normoxic",6,"control_control",78.85332,35.34668,"0.448258615","MEblue",0.0219356551727276
"220","C4_H5_W56","control","ambient","normoxic",4,"hypoxic","ambient","hypoxic",5,"control_hypoxic",217.24248,102.95752,"0.47392904","MEblue",-0.138415611859338
"221","C5_B4_W46","control","ambient","normoxic",5,"both","warm","hypoxic",4,"control_both",217.87584,102.02416,"0.468267432","MEblue",-0.0294417744281083
"222","C5_C3_W33","control","ambient","normoxic",5,"control","ambient","normoxic",3,"control_control",216.76746,159.93254,"0.737806957","MEblue",0.150020269032063
"223","C5_W1_W09","control","ambient","normoxic",5,"warm","warm","normoxic",1,"control_warm",345.9729,125.9271,"0.363979664","MEblue",-0.00132898479868812
"224","C5_W4_W45","control","ambient","normoxic",5,"warm","warm","normoxic",4,"control_warm",177.3408,65.8592,"0.371370829","MEblue",0.046557817161102
"225","C6_B6_W71","control","ambient","normoxic",6,"both","warm","hypoxic",6,"control_both",186.8412,74.7588,"0.40011946","MEblue",0.00800128256805966
"226","C6_C5_W59","control","ambient","normoxic",6,"control","ambient","normoxic",5,"control_control",348.66468,80.63532,"0.231268966","MEblue",0.0988338518484676
"227","C6_H3_W36","control","ambient","normoxic",6,"hypoxic","ambient","hypoxic",3,"control_hypoxic",219.3009,110.9991,"0.50614977","MEblue",0.0282592790050721
"228","C6_H4_W48","control","ambient","normoxic",6,"hypoxic","ambient","hypoxic",4,"control_hypoxic",94.2123,56.4877,"0.599578824","MEblue",0.0217126448104696
"229","C6_W6_W72","control","ambient","normoxic",6,"warm","warm","normoxic",6,"control_warm",421.9761,189.7239,"0.449608165","MEblue",-0.166928123243419
"230","H1_B2_B13","hypoxic","ambient","hypoxic",1,"both","warm","hypoxic",2,"hypoxic_both",175.44072,60.25928,"0.343473739","MEblue",-0.14184625695934
"231","H1_B6_B61","hypoxic","ambient","hypoxic",1,"both","warm","hypoxic",6,"hypoxic_both",43.38516,23.01484,"0.530477242","MEblue",-0.0856257553320311
"232","H1_C6_B62","hypoxic","ambient","hypoxic",1,"control","ambient","normoxic",6,"hypoxic_control",301.00434,148.89566,"0.494662834","MEblue",0.118882162046222
"233","H1_W4_B38","hypoxic","ambient","hypoxic",1,"warm","warm","normoxic",4,"hypoxic_warm",205.842,104.058,"0.505523654","MEblue",0.0245395169547069
"234","H1_W5_B49","hypoxic","ambient","hypoxic",1,"warm","warm","normoxic",5,"hypoxic_warm",326.02206,188.37794,"0.577807342","MEblue",0.0107808268871007
"235","H2_B5_B51","hypoxic","ambient","hypoxic",2,"both","warm","hypoxic",5,"hypoxic_both",321.27186,150.12814,"0.467293152","MEblue",0.195452147886926
"236","H2_C1_B04","hypoxic","ambient","hypoxic",2,"control","ambient","normoxic",1,"hypoxic_control",199.98342,114.11658,"0.570630205","MEblue",0.133864845493034
"237","H2_H1_B03","hypoxic","ambient","hypoxic",2,"hypoxic","ambient","hypoxic",1,"hypoxic_hypoxic",379.54098,162.65902,"0.42856774","MEblue",0.116967477850145
"238","H2_W2_B16","hypoxic","ambient","hypoxic",2,"warm","warm","normoxic",2,"hypoxic_warm",344.86452,135.63548,"0.393300766","MEblue",0.0151215540245876
"239","H3_B4_B41","hypoxic","ambient","hypoxic",3,"both","warm","hypoxic",4,"hypoxic_both",258.25254,104.94746,"0.406375325","MEblue",0.0292006595421141
"240","H3_C5_B54","hypoxic","ambient","hypoxic",3,"control","ambient","normoxic",5,"hypoxic_control",288.65382,142.14618,"0.492445172","MEblue",0.17218949928398
"241","H3_H4_B41","hypoxic","ambient","hypoxic",3,"hypoxic","ambient","hypoxic",4,"hypoxic_hypoxic",176.86578,107.73422,"0.609129816","MEblue",-0.0258599308188598
"242","H3_H6_B66","hypoxic","ambient","hypoxic",3,"hypoxic","ambient","hypoxic",6,"hypoxic_hypoxic",212.9673,84.3327,"0.395988962","MEblue",-0.0716614765750424
"243","H3_W3_B30","hypoxic","ambient","hypoxic",3,"warm","warm","normoxic",3,"hypoxic_warm",125.40528,45.09472,"0.359591877","MEblue",-0.211311773031261
"244","H3_W6_B66","hypoxic","ambient","hypoxic",3,"warm","warm","normoxic",6,"hypoxic_warm",412.79238,146.30762,"0.354433917","MEblue",0.129556822174834
"245","H4_H2_B19","hypoxic","ambient","hypoxic",4,"hypoxic","ambient","hypoxic",2,"hypoxic_hypoxic",102.1293,35.6707,"0.349269994","MEblue",-0.101631948966466
"246","H4_W1_B07","hypoxic","ambient","hypoxic",4,"warm","warm","normoxic",1,"hypoxic_warm",242.89356,89.60644,"0.368912375","MEblue",-0.10249166623995
"247","H5_B1_B09","hypoxic","ambient","hypoxic",5,"both","warm","hypoxic",1,"hypoxic_both",224.52612,127.47388,"0.567746327","MEblue",-0.0493957023701133
"248","H5_B3_B34","hypoxic","ambient","hypoxic",5,"both","warm","hypoxic",3,"hypoxic_both",82.81182,41.28818,"0.498578343","MEblue",-0.159844264596837
"249","H5_C2_B22","hypoxic","ambient","hypoxic",5,"control","ambient","normoxic",2,"hypoxic_control",489.42894,179.67106,"0.367103466","MEblue",0.118079013592271
"250","H5_C4_B46","hypoxic","ambient","hypoxic",5,"control","ambient","normoxic",4,"hypoxic_control",275.82828,148.47172,"0.538275916","MEblue",0.0476227287845517
"251","H6_C3_B36","hypoxic","ambient","hypoxic",6,"control","ambient","normoxic",3,"hypoxic_control",205.0503,97.6497,"0.476223151","MEblue",0.0822888056811762
"252","H6_H3_B35","hypoxic","ambient","hypoxic",6,"hypoxic","ambient","hypoxic",3,"hypoxic_hypoxic",290.71224,108.38776,"0.372835213","MEblue",0.0590798717148444
"253","W1_C1_G02","warm","warm","normoxic",1,"control","ambient","normoxic",1,"warm_control",155.1732,66.3268,"0.427437212","MEblue",0.0726558406297454
"254","W1_C6_G61","warm","warm","normoxic",1,"control","ambient","normoxic",6,"warm_control",261.10266,98.09734,"0.3757041","MEblue",0.143068075911029
"255","W1_H5_G49","warm","warm","normoxic",1,"hypoxic","ambient","hypoxic",5,"warm_hypoxic",146.4645,52.7355,"0.360056532","MEblue",0.0149378592968014
"256","W1_W1_G01","warm","warm","normoxic",1,"warm","warm","normoxic",1,"warm_warm",303.53778,134.56222,"0.443312921","MEblue",0.0217736618785624
"257","W1_W6_G62","warm","warm","normoxic",1,"warm","warm","normoxic",6,"warm_warm",244.6353,81.5647,"0.333413453","MEblue",-0.0242708849098793
"258","W2_B1_G04","warm","warm","normoxic",2,"both","warm","hypoxic",2,"warm_both",82.02012,50.17988,"0.611799641","MEblue",0.0207053378448559
"259","W2_B6_G64","warm","warm","normoxic",2,"both","warm","hypoxic",6,"warm_both",151.53138,63.86862,"0.421487747","MEblue",0.0943095261825924
"260","W2_C2_G15","warm","warm","normoxic",2,"control","ambient","normoxic",2,"warm_control",478.50348,95.79652,"0.200200258","MEblue",0.178047493434031
"261","W3_B5_G54","warm","warm","normoxic",3,"both","warm","hypoxic",5,"warm_both",338.68926,134.21074,"0.396265119","MEblue",-0.0323041627975514
"262","W3_C3_G29","warm","warm","normoxic",3,"control","ambient","normoxic",3,"warm_control",360.85686,168.24314,"0.466232345","MEblue",0.0580190645027698
"263","W3_H2_G18","warm","warm","normoxic",3,"hypoxic","ambient","hypoxic",2,"warm_hypoxic",532.49742,88.60258,"0.166390628","MEblue",-0.0220760193008342
"264","W3_H3_G30","warm","warm","normoxic",3,"hypoxic","ambient","hypoxic",3,"warm_hypoxic",133.63896,79.96104,"0.598336294","MEblue",0.00687613384462326
"265","W4_C5_G55","warm","warm","normoxic",4,"control","ambient","normoxic",5,"warm_control",238.77672,114.72328,"0.480462584","MEblue",0.133558776898775
"266","W4_H1_G08","warm","warm","normoxic",4,"hypoxic","ambient","hypoxic",1,"warm_hypoxic",413.58408,264.11592,"0.638602724","MEblue",-0.089868803052091
"267","W4_W5_G56","warm","warm","normoxic",4,"warm","warm","normoxic",5,"warm_warm",227.37624,129.82376,"0.570964495","MEblue",-0.0968017350474203
"268","W5_B2_G21","warm","warm","normoxic",5,"both","warm","hypoxic",2,"warm_both",396.16668,270.53332,"0.68287752","MEblue",-0.178864067985615
"269","W5_C4_G45","warm","warm","normoxic",5,"control","ambient","normoxic",4,"warm_control",399.65016,213.34984,"0.533841498","MEblue",0.154309754445673
"270","W5_H4_G46","warm","warm","normoxic",5,"hypoxic","ambient","hypoxic",4,"warm_hypoxic",82.97016,29.12984,"0.35108815","MEblue",-0.114307951268832
"271","W5_W2_G22","warm","warm","normoxic",5,"warm","warm","normoxic",2,"warm_warm",222.62604,90.67396,"0.407292696","MEblue",-0.123352122467256
"272","W6_B3_G35","warm","warm","normoxic",6,"both","warm","hypoxic",3,"warm_both",226.90122,122.39878,"0.539436412","MEblue",-0.150845751265025
"273","W6_B4_G48","warm","warm","normoxic",6,"both","warm","hypoxic",4,"warm_both",413.42574,199.37426,"0.482249267","MEblue",-0.0144457855711786
"274","W6_H6_G71","warm","warm","normoxic",6,"hypoxic","ambient","hypoxic",6,"warm_hypoxic",228.48462,74.51538,"0.326128647","MEblue",-0.00365200187657453
"275","W6_W3_G36","warm","warm","normoxic",6,"warm","warm","normoxic",3,"warm_warm",472.01154,166.28846,"0.352297446","MEblue",-0.00390272963631622
"276","W6_W4_G48","warm","warm","normoxic",6,"warm","warm","normoxic",4,"warm_warm",216.9258,67.1742,"0.309664411","MEblue",-0.0227366900048812
"277","B1_B1_O01","both","warm","hypoxic",1,"both","warm","hypoxic",1,"both_both",210.27552,120.72448,"0.574125224","MEyellow",-0.0980681273789187
"278","B1_W5_O50","both","warm","hypoxic",1,"warm","warm","normoxic",5,"both_warm",315.8883,85.6117,"0.271018901","MEyellow",-0.0354115628075916
"279","B2_B5_O51","both","warm","hypoxic",2,"both","warm","hypoxic",5,"both_both",114.32148,44.47852,"0.389065292","MEyellow",0.0058412177512781
"280","B2_C4_O40","both","warm","hypoxic",2,"control","ambient","normoxic",4,"both_control",164.99028,55.10972,"0.33401798","MEyellow",-0.0827287973305292
"281","B3_B4_O41","both","warm","hypoxic",3,"both","warm","hypoxic",4,"both_both",197.925,116.175,"0.586964759","MEyellow",-0.0264128909076379
"282","B3_C3_O30","both","warm","hypoxic",3,"control","ambient","normoxic",3,"both_control",316.04664,241.35336,"0.763663743","MEyellow",0.13225727864945
"283","B3_C6_O66","both","warm","hypoxic",3,"control","ambient","normoxic",6,"both_control",97.06242,22.23758,"0.229105971","MEyellow",-0.0178852700890497
"284","B3_H4_O41","both","warm","hypoxic",3,"hypoxic","ambient","hypoxic",4,"both_hypoxic",142.03098,86.96902,"0.612324297","MEyellow",-0.107979524291544
"285","B3_W1_O06","both","warm","hypoxic",3,"warm","warm","normoxic",1,"both_warm",145.19778,46.00222,"0.316824541","MEyellow",-0.00646908914230442
"286","B3_W4_O41","both","warm","hypoxic",3,"warm","warm","normoxic",4,"both_warm",228.32628,183.27372,"0.802683423","MEyellow",-0.105184388556673
"287","B4_B2_O19","both","warm","hypoxic",4,"both","warm","hypoxic",2,"both_both",505.57962,264.12038,"0.52241105","MEyellow",0.0350180403784059
"288","B4_B3_O32","both","warm","hypoxic",4,"both","warm","hypoxic",3,"both_both",38.31828,-5.21828,"-0.136182522","MEyellow",0.0195714710998489
"289","B4_C5_O56","both","warm","hypoxic",4,"control","ambient","normoxic",5,"both_control",208.53378,95.26622,"0.456838312","MEyellow",0.0393557911455323
"290","B4_H5_O55","both","warm","hypoxic",4,"hypoxic","ambient","hypoxic",5,"both_hypoxic",200.93346,130.16654,"0.64780918","MEyellow",0.230831852185319
"291","B4_W2_O19","both","warm","hypoxic",4,"warm","warm","normoxic",2,"both_warm",159.1317,52.4683,"0.329716204","MEyellow",-0.147549300409787
"292","B4_W6_O67","both","warm","hypoxic",4,"warm","warm","normoxic",6,"both_warm",483.09534,103.90466,"0.215081065","MEyellow",0.163171655270683
"293","B5_B6_O69","both","warm","hypoxic",5,"both","warm","hypoxic",6,"both_both",244.00194,159.49806,"0.653675377","MEyellow",-0.00838440279428404
"294","B5_H2_O21","both","warm","hypoxic",5,"hypoxic","ambient","hypoxic",2,"both_hypoxic",502.7295,92.8705,"0.184732545","MEyellow",-0.0326587972371282
"295","B5_W3_O33","both","warm","hypoxic",5,"warm","warm","normoxic",3,"both_warm",188.89962,80.10038,"0.424036745","MEyellow",-0.16102785478077
"296","B6_C2_O24","both","warm","hypoxic",6,"control","ambient","normoxic",2,"both_control",534.55584,179.34416,"0.335501264","MEyellow",-0.00110898980152181
"297","B6_H3_O35","both","warm","hypoxic",6,"hypoxic","ambient","hypoxic",3,"both_hypoxic",252.23562,84.76438,"0.336052378","MEyellow",-0.0395831574875354
"298","B6_H6_O72","both","warm","hypoxic",6,"hypoxic","ambient","hypoxic",6,"both_hypoxic",116.69658,43.70342,"0.37450472","MEyellow",-0.110478801410748
"299","C1_H2_W13","control","ambient","normoxic",1,"hypoxic","ambient","hypoxic",2,"control_hypoxic",319.0551,39.8449,"0.124884072","MEyellow",-0.0751435422547716
"300","C1_H6_W62","control","ambient","normoxic",1,"hypoxic","ambient","hypoxic",6,"control_hypoxic",93.10392,50.69608,"0.544510693","MEyellow",0.0767036353404164
"301","C2_B2_W16","control","ambient","normoxic",2,"both","warm","hypoxic",2,"control_both",266.64456,157.45544,"0.590506853","MEyellow",-0.0149122107437339
"302","C2_C1_W03","control","ambient","normoxic",2,"control","ambient","normoxic",1,"control_control",219.77592,98.02408,"0.44601829","MEyellow",0.00839496709748339
"303","C2_H1_W04","control","ambient","normoxic",2,"hypoxic","ambient","hypoxic",1,"control_hypoxic",263.95278,107.74722,"0.408206422","MEyellow",0.0549807765297696
"304","C2_W2_W15","control","ambient","normoxic",2,"warm","warm","normoxic",2,"control_warm",161.19012,88.80988,"0.550963545","MEyellow",0.0457070845218477
"305","C2_W5_W52","control","ambient","normoxic",NA,"warm","warm","normoxic",5,"control_warm",235.76826,42.43174,"0.179972232","MEyellow",0.0504678077905136
"306","C3_B3_W30","control","ambient","normoxic",3,"both","warm","hypoxic",3,"control_both",135.3807,59.3193,"0.438166592","MEyellow",0.0429096018949039
"307","C3_C2_W17","control","ambient","normoxic",3,"control","ambient","normoxic",2,"control_control",500.67108,259.22892,"0.517762919","MEyellow",0.124843964504932
"308","C3_W3_W29","control","ambient","normoxic",3,"warm","warm","normoxic",3,"control_warm",71.09466,25.60534,"0.360158414","MEyellow",-0.129606708069963
"309","C4_B1_W07","control","ambient","normoxic",4,"both","warm","hypoxic",1,"control_both",63.96936,21.53064,"0.336577386","MEyellow",0.0093090987394078
"310","C4_B5_W56","control","ambient","normoxic",4,"both","warm","hypoxic",5,"control_both",317.15502,127.24498,"0.401207523","MEyellow",0.189953421337574
"311","C4_C6_W67","control","ambient","normoxic",4,"control","ambient","normoxic",6,"control_control",78.85332,35.34668,"0.448258615","MEyellow",-0.0242678408161079
"312","C4_H5_W56","control","ambient","normoxic",4,"hypoxic","ambient","hypoxic",5,"control_hypoxic",217.24248,102.95752,"0.47392904","MEyellow",-0.142513061248358
"313","C5_B4_W46","control","ambient","normoxic",5,"both","warm","hypoxic",4,"control_both",217.87584,102.02416,"0.468267432","MEyellow",0.0481662154142192
"314","C5_C3_W33","control","ambient","normoxic",5,"control","ambient","normoxic",3,"control_control",216.76746,159.93254,"0.737806957","MEyellow",0.122009105263282
"315","C5_W1_W09","control","ambient","normoxic",5,"warm","warm","normoxic",1,"control_warm",345.9729,125.9271,"0.363979664","MEyellow",-0.0250444042577619
"316","C5_W4_W45","control","ambient","normoxic",5,"warm","warm","normoxic",4,"control_warm",177.3408,65.8592,"0.371370829","MEyellow",-0.0973818696690476
"317","C6_B6_W71","control","ambient","normoxic",6,"both","warm","hypoxic",6,"control_both",186.8412,74.7588,"0.40011946","MEyellow",0.0040360435794224
"318","C6_C5_W59","control","ambient","normoxic",6,"control","ambient","normoxic",5,"control_control",348.66468,80.63532,"0.231268966","MEyellow",-0.0307560437181761
"319","C6_H3_W36","control","ambient","normoxic",6,"hypoxic","ambient","hypoxic",3,"control_hypoxic",219.3009,110.9991,"0.50614977","MEyellow",-0.132110309705983
"320","C6_H4_W48","control","ambient","normoxic",6,"hypoxic","ambient","hypoxic",4,"control_hypoxic",94.2123,56.4877,"0.599578824","MEyellow",-0.135279285938723
"321","C6_W6_W72","control","ambient","normoxic",6,"warm","warm","normoxic",6,"control_warm",421.9761,189.7239,"0.449608165","MEyellow",-0.0623377831630234
"322","H1_B2_B13","hypoxic","ambient","hypoxic",1,"both","warm","hypoxic",2,"hypoxic_both",175.44072,60.25928,"0.343473739","MEyellow",-0.0269899965909598
"323","H1_B6_B61","hypoxic","ambient","hypoxic",1,"both","warm","hypoxic",6,"hypoxic_both",43.38516,23.01484,"0.530477242","MEyellow",-0.0417031384152001
"324","H1_C6_B62","hypoxic","ambient","hypoxic",1,"control","ambient","normoxic",6,"hypoxic_control",301.00434,148.89566,"0.494662834","MEyellow",-0.00193118453846801
"325","H1_W4_B38","hypoxic","ambient","hypoxic",1,"warm","warm","normoxic",4,"hypoxic_warm",205.842,104.058,"0.505523654","MEyellow",0.0779442679771474
"326","H1_W5_B49","hypoxic","ambient","hypoxic",1,"warm","warm","normoxic",5,"hypoxic_warm",326.02206,188.37794,"0.577807342","MEyellow",-0.239636495625168
"327","H2_B5_B51","hypoxic","ambient","hypoxic",2,"both","warm","hypoxic",5,"hypoxic_both",321.27186,150.12814,"0.467293152","MEyellow",0.119080739650883
"328","H2_C1_B04","hypoxic","ambient","hypoxic",2,"control","ambient","normoxic",1,"hypoxic_control",199.98342,114.11658,"0.570630205","MEyellow",0.000192465407673427
"329","H2_H1_B03","hypoxic","ambient","hypoxic",2,"hypoxic","ambient","hypoxic",1,"hypoxic_hypoxic",379.54098,162.65902,"0.42856774","MEyellow",0.047002997719267
"330","H2_W2_B16","hypoxic","ambient","hypoxic",2,"warm","warm","normoxic",2,"hypoxic_warm",344.86452,135.63548,"0.393300766","MEyellow",0.0609283371604653
"331","H3_B4_B41","hypoxic","ambient","hypoxic",3,"both","warm","hypoxic",4,"hypoxic_both",258.25254,104.94746,"0.406375325","MEyellow",0.440151696620987
"332","H3_C5_B54","hypoxic","ambient","hypoxic",3,"control","ambient","normoxic",5,"hypoxic_control",288.65382,142.14618,"0.492445172","MEyellow",0.0596237298361572
"333","H3_H4_B41","hypoxic","ambient","hypoxic",3,"hypoxic","ambient","hypoxic",4,"hypoxic_hypoxic",176.86578,107.73422,"0.609129816","MEyellow",-0.146966354622176
"334","H3_H6_B66","hypoxic","ambient","hypoxic",3,"hypoxic","ambient","hypoxic",6,"hypoxic_hypoxic",212.9673,84.3327,"0.395988962","MEyellow",-0.0482256948635982
"335","H3_W3_B30","hypoxic","ambient","hypoxic",3,"warm","warm","normoxic",3,"hypoxic_warm",125.40528,45.09472,"0.359591877","MEyellow",-0.0755232859403263
"336","H3_W6_B66","hypoxic","ambient","hypoxic",3,"warm","warm","normoxic",6,"hypoxic_warm",412.79238,146.30762,"0.354433917","MEyellow",0.178575296479315
"337","H4_H2_B19","hypoxic","ambient","hypoxic",4,"hypoxic","ambient","hypoxic",2,"hypoxic_hypoxic",102.1293,35.6707,"0.349269994","MEyellow",-0.00278458116303282
"338","H4_W1_B07","hypoxic","ambient","hypoxic",4,"warm","warm","normoxic",1,"hypoxic_warm",242.89356,89.60644,"0.368912375","MEyellow",-0.169566329698417
"339","H5_B1_B09","hypoxic","ambient","hypoxic",5,"both","warm","hypoxic",1,"hypoxic_both",224.52612,127.47388,"0.567746327","MEyellow",-0.0861213025512367
"340","H5_B3_B34","hypoxic","ambient","hypoxic",5,"both","warm","hypoxic",3,"hypoxic_both",82.81182,41.28818,"0.498578343","MEyellow",-0.059477135778814
"341","H5_C2_B22","hypoxic","ambient","hypoxic",5,"control","ambient","normoxic",2,"hypoxic_control",489.42894,179.67106,"0.367103466","MEyellow",0.0851591559125845
"342","H5_C4_B46","hypoxic","ambient","hypoxic",5,"control","ambient","normoxic",4,"hypoxic_control",275.82828,148.47172,"0.538275916","MEyellow",-0.0576195875353708
"343","H6_C3_B36","hypoxic","ambient","hypoxic",6,"control","ambient","normoxic",3,"hypoxic_control",205.0503,97.6497,"0.476223151","MEyellow",0.0356895019639368
"344","H6_H3_B35","hypoxic","ambient","hypoxic",6,"hypoxic","ambient","hypoxic",3,"hypoxic_hypoxic",290.71224,108.38776,"0.372835213","MEyellow",0.0338385835255251
"345","W1_C1_G02","warm","warm","normoxic",1,"control","ambient","normoxic",1,"warm_control",155.1732,66.3268,"0.427437212","MEyellow",-0.0487249329794809
"346","W1_C6_G61","warm","warm","normoxic",1,"control","ambient","normoxic",6,"warm_control",261.10266,98.09734,"0.3757041","MEyellow",0.116225340456014
"347","W1_H5_G49","warm","warm","normoxic",1,"hypoxic","ambient","hypoxic",5,"warm_hypoxic",146.4645,52.7355,"0.360056532","MEyellow",-0.103031250835312
"348","W1_W1_G01","warm","warm","normoxic",1,"warm","warm","normoxic",1,"warm_warm",303.53778,134.56222,"0.443312921","MEyellow",0.0953457118465455
"349","W1_W6_G62","warm","warm","normoxic",1,"warm","warm","normoxic",6,"warm_warm",244.6353,81.5647,"0.333413453","MEyellow",0.00308441559860382
"350","W2_B1_G04","warm","warm","normoxic",2,"both","warm","hypoxic",2,"warm_both",82.02012,50.17988,"0.611799641","MEyellow",0.274070107178027
"351","W2_B6_G64","warm","warm","normoxic",2,"both","warm","hypoxic",6,"warm_both",151.53138,63.86862,"0.421487747","MEyellow",-0.0547458771106045
"352","W2_C2_G15","warm","warm","normoxic",2,"control","ambient","normoxic",2,"warm_control",478.50348,95.79652,"0.200200258","MEyellow",0.204701108389963
"353","W3_B5_G54","warm","warm","normoxic",3,"both","warm","hypoxic",5,"warm_both",338.68926,134.21074,"0.396265119","MEyellow",0.041489894814022
"354","W3_C3_G29","warm","warm","normoxic",3,"control","ambient","normoxic",3,"warm_control",360.85686,168.24314,"0.466232345","MEyellow",0.0181712591904072
"355","W3_H2_G18","warm","warm","normoxic",3,"hypoxic","ambient","hypoxic",2,"warm_hypoxic",532.49742,88.60258,"0.166390628","MEyellow",-0.0190828122329782
"356","W3_H3_G30","warm","warm","normoxic",3,"hypoxic","ambient","hypoxic",3,"warm_hypoxic",133.63896,79.96104,"0.598336294","MEyellow",-0.0491762510419542
"357","W4_C5_G55","warm","warm","normoxic",4,"control","ambient","normoxic",5,"warm_control",238.77672,114.72328,"0.480462584","MEyellow",0.0163391806796435
"358","W4_H1_G08","warm","warm","normoxic",4,"hypoxic","ambient","hypoxic",1,"warm_hypoxic",413.58408,264.11592,"0.638602724","MEyellow",-0.134186156628089
"359","W4_W5_G56","warm","warm","normoxic",4,"warm","warm","normoxic",5,"warm_warm",227.37624,129.82376,"0.570964495","MEyellow",0.0336147343692597
"360","W5_B2_G21","warm","warm","normoxic",5,"both","warm","hypoxic",2,"warm_both",396.16668,270.53332,"0.68287752","MEyellow",-0.0845465655163973
"361","W5_C4_G45","warm","warm","normoxic",5,"control","ambient","normoxic",4,"warm_control",399.65016,213.34984,"0.533841498","MEyellow",0.0454448136588445
"362","W5_H4_G46","warm","warm","normoxic",5,"hypoxic","ambient","hypoxic",4,"warm_hypoxic",82.97016,29.12984,"0.35108815","MEyellow",-0.0894999136523652
"363","W5_W2_G22","warm","warm","normoxic",5,"warm","warm","normoxic",2,"warm_warm",222.62604,90.67396,"0.407292696","MEyellow",-0.0430221664960893
"364","W6_B3_G35","warm","warm","normoxic",6,"both","warm","hypoxic",3,"warm_both",226.90122,122.39878,"0.539436412","MEyellow",-0.0196746536776352
"365","W6_B4_G48","warm","warm","normoxic",6,"both","warm","hypoxic",4,"warm_both",413.42574,199.37426,"0.482249267","MEyellow",0.00964407131137025
"366","W6_H6_G71","warm","warm","normoxic",6,"hypoxic","ambient","hypoxic",6,"warm_hypoxic",228.48462,74.51538,"0.326128647","MEyellow",0.128801766360852
"367","W6_W3_G36","warm","warm","normoxic",6,"warm","warm","normoxic",3,"warm_warm",472.01154,166.28846,"0.352297446","MEyellow",-0.0460337876568769
"368","W6_W4_G48","warm","warm","normoxic",6,"warm","warm","normoxic",4,"warm_warm",216.9258,67.1742,"0.309664411","MEyellow",-0.0300947354395656
"369","B1_B1_O01","both","warm","hypoxic",1,"both","warm","hypoxic",1,"both_both",210.27552,120.72448,"0.574125224","MEblack",0.0698571060582023
"370","B1_W5_O50","both","warm","hypoxic",1,"warm","warm","normoxic",5,"both_warm",315.8883,85.6117,"0.271018901","MEblack",-0.0254373270914882
"371","B2_B5_O51","both","warm","hypoxic",2,"both","warm","hypoxic",5,"both_both",114.32148,44.47852,"0.389065292","MEblack",0.0779384015666597
"372","B2_C4_O40","both","warm","hypoxic",2,"control","ambient","normoxic",4,"both_control",164.99028,55.10972,"0.33401798","MEblack",-0.111022616561777
"373","B3_B4_O41","both","warm","hypoxic",3,"both","warm","hypoxic",4,"both_both",197.925,116.175,"0.586964759","MEblack",0.0553836799628181
"374","B3_C3_O30","both","warm","hypoxic",3,"control","ambient","normoxic",3,"both_control",316.04664,241.35336,"0.763663743","MEblack",-0.0931006740899975
"375","B3_C6_O66","both","warm","hypoxic",3,"control","ambient","normoxic",6,"both_control",97.06242,22.23758,"0.229105971","MEblack",-0.0587905269710116
"376","B3_H4_O41","both","warm","hypoxic",3,"hypoxic","ambient","hypoxic",4,"both_hypoxic",142.03098,86.96902,"0.612324297","MEblack",0.0766734989561904
"377","B3_W1_O06","both","warm","hypoxic",3,"warm","warm","normoxic",1,"both_warm",145.19778,46.00222,"0.316824541","MEblack",0.297608721543156
"378","B3_W4_O41","both","warm","hypoxic",3,"warm","warm","normoxic",4,"both_warm",228.32628,183.27372,"0.802683423","MEblack",-0.0597335842002497
"379","B4_B2_O19","both","warm","hypoxic",4,"both","warm","hypoxic",2,"both_both",505.57962,264.12038,"0.52241105","MEblack",-0.0477139831980407
"380","B4_B3_O32","both","warm","hypoxic",4,"both","warm","hypoxic",3,"both_both",38.31828,-5.21828,"-0.136182522","MEblack",0.0965460584149301
"381","B4_C5_O56","both","warm","hypoxic",4,"control","ambient","normoxic",5,"both_control",208.53378,95.26622,"0.456838312","MEblack",-0.00349346400960748
"382","B4_H5_O55","both","warm","hypoxic",4,"hypoxic","ambient","hypoxic",5,"both_hypoxic",200.93346,130.16654,"0.64780918","MEblack",0.0191274975427589
"383","B4_W2_O19","both","warm","hypoxic",4,"warm","warm","normoxic",2,"both_warm",159.1317,52.4683,"0.329716204","MEblack",-0.0517029008378153
"384","B4_W6_O67","both","warm","hypoxic",4,"warm","warm","normoxic",6,"both_warm",483.09534,103.90466,"0.215081065","MEblack",0.11072581536821
"385","B5_B6_O69","both","warm","hypoxic",5,"both","warm","hypoxic",6,"both_both",244.00194,159.49806,"0.653675377","MEblack",-0.0335459015558565
"386","B5_H2_O21","both","warm","hypoxic",5,"hypoxic","ambient","hypoxic",2,"both_hypoxic",502.7295,92.8705,"0.184732545","MEblack",0.0272950303383576
"387","B5_W3_O33","both","warm","hypoxic",5,"warm","warm","normoxic",3,"both_warm",188.89962,80.10038,"0.424036745","MEblack",0.13109651441454
"388","B6_C2_O24","both","warm","hypoxic",6,"control","ambient","normoxic",2,"both_control",534.55584,179.34416,"0.335501264","MEblack",-0.149601529574017
"389","B6_H3_O35","both","warm","hypoxic",6,"hypoxic","ambient","hypoxic",3,"both_hypoxic",252.23562,84.76438,"0.336052378","MEblack",0.0831315401870292
"390","B6_H6_O72","both","warm","hypoxic",6,"hypoxic","ambient","hypoxic",6,"both_hypoxic",116.69658,43.70342,"0.37450472","MEblack",0.0508972478160542
"391","C1_H2_W13","control","ambient","normoxic",1,"hypoxic","ambient","hypoxic",2,"control_hypoxic",319.0551,39.8449,"0.124884072","MEblack",0.010507582520821
"392","C1_H6_W62","control","ambient","normoxic",1,"hypoxic","ambient","hypoxic",6,"control_hypoxic",93.10392,50.69608,"0.544510693","MEblack",0.0391055720407213
"393","C2_B2_W16","control","ambient","normoxic",2,"both","warm","hypoxic",2,"control_both",266.64456,157.45544,"0.590506853","MEblack",-0.0286932072279085
"394","C2_C1_W03","control","ambient","normoxic",2,"control","ambient","normoxic",1,"control_control",219.77592,98.02408,"0.44601829","MEblack",-0.0709133912621095
"395","C2_H1_W04","control","ambient","normoxic",2,"hypoxic","ambient","hypoxic",1,"control_hypoxic",263.95278,107.74722,"0.408206422","MEblack",-0.03653518999585
"396","C2_W2_W15","control","ambient","normoxic",2,"warm","warm","normoxic",2,"control_warm",161.19012,88.80988,"0.550963545","MEblack",-0.137291002534552
"397","C2_W5_W52","control","ambient","normoxic",NA,"warm","warm","normoxic",5,"control_warm",235.76826,42.43174,"0.179972232","MEblack",-0.0965283166203224
"398","C3_B3_W30","control","ambient","normoxic",3,"both","warm","hypoxic",3,"control_both",135.3807,59.3193,"0.438166592","MEblack",-0.0167536465173513
"399","C3_C2_W17","control","ambient","normoxic",3,"control","ambient","normoxic",2,"control_control",500.67108,259.22892,"0.517762919","MEblack",-0.213302477953124
"400","C3_W3_W29","control","ambient","normoxic",3,"warm","warm","normoxic",3,"control_warm",71.09466,25.60534,"0.360158414","MEblack",0.101723855813064
"401","C4_B1_W07","control","ambient","normoxic",4,"both","warm","hypoxic",1,"control_both",63.96936,21.53064,"0.336577386","MEblack",0.0488423461100231
"402","C4_B5_W56","control","ambient","normoxic",4,"both","warm","hypoxic",5,"control_both",317.15502,127.24498,"0.401207523","MEblack",0.129013489429195
"403","C4_C6_W67","control","ambient","normoxic",4,"control","ambient","normoxic",6,"control_control",78.85332,35.34668,"0.448258615","MEblack",0.0224164107332384
"404","C4_H5_W56","control","ambient","normoxic",4,"hypoxic","ambient","hypoxic",5,"control_hypoxic",217.24248,102.95752,"0.47392904","MEblack",-0.0146237869402514
"405","C5_B4_W46","control","ambient","normoxic",5,"both","warm","hypoxic",4,"control_both",217.87584,102.02416,"0.468267432","MEblack",0.201844585078373
"406","C5_C3_W33","control","ambient","normoxic",5,"control","ambient","normoxic",3,"control_control",216.76746,159.93254,"0.737806957","MEblack",-0.184147071791481
"407","C5_W1_W09","control","ambient","normoxic",5,"warm","warm","normoxic",1,"control_warm",345.9729,125.9271,"0.363979664","MEblack",-0.108571255051258
"408","C5_W4_W45","control","ambient","normoxic",5,"warm","warm","normoxic",4,"control_warm",177.3408,65.8592,"0.371370829","MEblack",-0.130055984092173
"409","C6_B6_W71","control","ambient","normoxic",6,"both","warm","hypoxic",6,"control_both",186.8412,74.7588,"0.40011946","MEblack",0.094993716931179
"410","C6_C5_W59","control","ambient","normoxic",6,"control","ambient","normoxic",5,"control_control",348.66468,80.63532,"0.231268966","MEblack",-0.163386348630057
"411","C6_H3_W36","control","ambient","normoxic",6,"hypoxic","ambient","hypoxic",3,"control_hypoxic",219.3009,110.9991,"0.50614977","MEblack",0.0560923212492567
"412","C6_H4_W48","control","ambient","normoxic",6,"hypoxic","ambient","hypoxic",4,"control_hypoxic",94.2123,56.4877,"0.599578824","MEblack",0.0239621068988182
"413","C6_W6_W72","control","ambient","normoxic",6,"warm","warm","normoxic",6,"control_warm",421.9761,189.7239,"0.449608165","MEblack",0.154981016987449
"414","H1_B2_B13","hypoxic","ambient","hypoxic",1,"both","warm","hypoxic",2,"hypoxic_both",175.44072,60.25928,"0.343473739","MEblack",0.147259871710014
"415","H1_B6_B61","hypoxic","ambient","hypoxic",1,"both","warm","hypoxic",6,"hypoxic_both",43.38516,23.01484,"0.530477242","MEblack",0.134568278828431
"416","H1_C6_B62","hypoxic","ambient","hypoxic",1,"control","ambient","normoxic",6,"hypoxic_control",301.00434,148.89566,"0.494662834","MEblack",0.0919119983102641
"417","H1_W4_B38","hypoxic","ambient","hypoxic",1,"warm","warm","normoxic",4,"hypoxic_warm",205.842,104.058,"0.505523654","MEblack",-0.136645008145744
"418","H1_W5_B49","hypoxic","ambient","hypoxic",1,"warm","warm","normoxic",5,"hypoxic_warm",326.02206,188.37794,"0.577807342","MEblack",0.11225193736098
"419","H2_B5_B51","hypoxic","ambient","hypoxic",2,"both","warm","hypoxic",5,"hypoxic_both",321.27186,150.12814,"0.467293152","MEblack",0.140328349862662
"420","H2_C1_B04","hypoxic","ambient","hypoxic",2,"control","ambient","normoxic",1,"hypoxic_control",199.98342,114.11658,"0.570630205","MEblack",-0.202566915238199
"421","H2_H1_B03","hypoxic","ambient","hypoxic",2,"hypoxic","ambient","hypoxic",1,"hypoxic_hypoxic",379.54098,162.65902,"0.42856774","MEblack",-0.0656646165226252
"422","H2_W2_B16","hypoxic","ambient","hypoxic",2,"warm","warm","normoxic",2,"hypoxic_warm",344.86452,135.63548,"0.393300766","MEblack",-0.0892131164348648
"423","H3_B4_B41","hypoxic","ambient","hypoxic",3,"both","warm","hypoxic",4,"hypoxic_both",258.25254,104.94746,"0.406375325","MEblack",-0.0119278463524705
"424","H3_C5_B54","hypoxic","ambient","hypoxic",3,"control","ambient","normoxic",5,"hypoxic_control",288.65382,142.14618,"0.492445172","MEblack",0.00770789117933431
"425","H3_H4_B41","hypoxic","ambient","hypoxic",3,"hypoxic","ambient","hypoxic",4,"hypoxic_hypoxic",176.86578,107.73422,"0.609129816","MEblack",-0.0271593025218877
"426","H3_H6_B66","hypoxic","ambient","hypoxic",3,"hypoxic","ambient","hypoxic",6,"hypoxic_hypoxic",212.9673,84.3327,"0.395988962","MEblack",-0.0385577745846725
"427","H3_W3_B30","hypoxic","ambient","hypoxic",3,"warm","warm","normoxic",3,"hypoxic_warm",125.40528,45.09472,"0.359591877","MEblack",0.330051571831981
"428","H3_W6_B66","hypoxic","ambient","hypoxic",3,"warm","warm","normoxic",6,"hypoxic_warm",412.79238,146.30762,"0.354433917","MEblack",-0.0292922501425891
"429","H4_H2_B19","hypoxic","ambient","hypoxic",4,"hypoxic","ambient","hypoxic",2,"hypoxic_hypoxic",102.1293,35.6707,"0.349269994","MEblack",0.0470366337479883
"430","H4_W1_B07","hypoxic","ambient","hypoxic",4,"warm","warm","normoxic",1,"hypoxic_warm",242.89356,89.60644,"0.368912375","MEblack",-0.0592102794647369
"431","H5_B1_B09","hypoxic","ambient","hypoxic",5,"both","warm","hypoxic",1,"hypoxic_both",224.52612,127.47388,"0.567746327","MEblack",0.0595764285945988
"432","H5_B3_B34","hypoxic","ambient","hypoxic",5,"both","warm","hypoxic",3,"hypoxic_both",82.81182,41.28818,"0.498578343","MEblack",0.083050763711443
"433","H5_C2_B22","hypoxic","ambient","hypoxic",5,"control","ambient","normoxic",2,"hypoxic_control",489.42894,179.67106,"0.367103466","MEblack",-0.146237409935731
"434","H5_C4_B46","hypoxic","ambient","hypoxic",5,"control","ambient","normoxic",4,"hypoxic_control",275.82828,148.47172,"0.538275916","MEblack",-0.037917475939964
"435","H6_C3_B36","hypoxic","ambient","hypoxic",6,"control","ambient","normoxic",3,"hypoxic_control",205.0503,97.6497,"0.476223151","MEblack",-0.172168591431965
"436","H6_H3_B35","hypoxic","ambient","hypoxic",6,"hypoxic","ambient","hypoxic",3,"hypoxic_hypoxic",290.71224,108.38776,"0.372835213","MEblack",0.0632466953847483
"437","W1_C1_G02","warm","warm","normoxic",1,"control","ambient","normoxic",1,"warm_control",155.1732,66.3268,"0.427437212","MEblack",-0.15966027228399
"438","W1_C6_G61","warm","warm","normoxic",1,"control","ambient","normoxic",6,"warm_control",261.10266,98.09734,"0.3757041","MEblack",0.0183744295739451
"439","W1_H5_G49","warm","warm","normoxic",1,"hypoxic","ambient","hypoxic",5,"warm_hypoxic",146.4645,52.7355,"0.360056532","MEblack",-0.0563258045508626
"440","W1_W1_G01","warm","warm","normoxic",1,"warm","warm","normoxic",1,"warm_warm",303.53778,134.56222,"0.443312921","MEblack",-0.129302488819125
"441","W1_W6_G62","warm","warm","normoxic",1,"warm","warm","normoxic",6,"warm_warm",244.6353,81.5647,"0.333413453","MEblack",-0.0415661828883415
"442","W2_B1_G04","warm","warm","normoxic",2,"both","warm","hypoxic",2,"warm_both",82.02012,50.17988,"0.611799641","MEblack",0.059864788194542
"443","W2_B6_G64","warm","warm","normoxic",2,"both","warm","hypoxic",6,"warm_both",151.53138,63.86862,"0.421487747","MEblack",0.153843150941576
"444","W2_C2_G15","warm","warm","normoxic",2,"control","ambient","normoxic",2,"warm_control",478.50348,95.79652,"0.200200258","MEblack",-0.188404431863725
"445","W3_B5_G54","warm","warm","normoxic",3,"both","warm","hypoxic",5,"warm_both",338.68926,134.21074,"0.396265119","MEblack",0.0297193639103558
"446","W3_C3_G29","warm","warm","normoxic",3,"control","ambient","normoxic",3,"warm_control",360.85686,168.24314,"0.466232345","MEblack",-0.0836364578259785
"447","W3_H2_G18","warm","warm","normoxic",3,"hypoxic","ambient","hypoxic",2,"warm_hypoxic",532.49742,88.60258,"0.166390628","MEblack",-0.0140905555325843
"448","W3_H3_G30","warm","warm","normoxic",3,"hypoxic","ambient","hypoxic",3,"warm_hypoxic",133.63896,79.96104,"0.598336294","MEblack",0.0644118351396172
"449","W4_C5_G55","warm","warm","normoxic",4,"control","ambient","normoxic",5,"warm_control",238.77672,114.72328,"0.480462584","MEblack",0.0658421574893291
"450","W4_H1_G08","warm","warm","normoxic",4,"hypoxic","ambient","hypoxic",1,"warm_hypoxic",413.58408,264.11592,"0.638602724","MEblack",0.0654385532336632
"451","W4_W5_G56","warm","warm","normoxic",4,"warm","warm","normoxic",5,"warm_warm",227.37624,129.82376,"0.570964495","MEblack",-0.0112642342331719
"452","W5_B2_G21","warm","warm","normoxic",5,"both","warm","hypoxic",2,"warm_both",396.16668,270.53332,"0.68287752","MEblack",0.0762146348965566
"453","W5_C4_G45","warm","warm","normoxic",5,"control","ambient","normoxic",4,"warm_control",399.65016,213.34984,"0.533841498","MEblack",-0.0756511595026903
"454","W5_H4_G46","warm","warm","normoxic",5,"hypoxic","ambient","hypoxic",4,"warm_hypoxic",82.97016,29.12984,"0.35108815","MEblack",0.0120744058122492
"455","W5_W2_G22","warm","warm","normoxic",5,"warm","warm","normoxic",2,"warm_warm",222.62604,90.67396,"0.407292696","MEblack",-0.0293682485059564
"456","W6_B3_G35","warm","warm","normoxic",6,"both","warm","hypoxic",3,"warm_both",226.90122,122.39878,"0.539436412","MEblack",0.0817584707290154
"457","W6_B4_G48","warm","warm","normoxic",6,"both","warm","hypoxic",4,"warm_both",413.42574,199.37426,"0.482249267","MEblack",0.034793618640342
"458","W6_H6_G71","warm","warm","normoxic",6,"hypoxic","ambient","hypoxic",6,"warm_hypoxic",228.48462,74.51538,"0.326128647","MEblack",-0.0646201459114445
"459","W6_W3_G36","warm","warm","normoxic",6,"warm","warm","normoxic",3,"warm_warm",472.01154,166.28846,"0.352297446","MEblack",-0.0908152816919354
"460","W6_W4_G48","warm","warm","normoxic",6,"warm","warm","normoxic",4,"warm_warm",216.9258,67.1742,"0.309664411","MEblack",-0.0628799080131283
"461","B1_B1_O01","both","warm","hypoxic",1,"both","warm","hypoxic",1,"both_both",210.27552,120.72448,"0.574125224","MEmagenta",-0.0106342939506355
"462","B1_W5_O50","both","warm","hypoxic",1,"warm","warm","normoxic",5,"both_warm",315.8883,85.6117,"0.271018901","MEmagenta",0.0895108209697236
"463","B2_B5_O51","both","warm","hypoxic",2,"both","warm","hypoxic",5,"both_both",114.32148,44.47852,"0.389065292","MEmagenta",0.137404506931885
"464","B2_C4_O40","both","warm","hypoxic",2,"control","ambient","normoxic",4,"both_control",164.99028,55.10972,"0.33401798","MEmagenta",-0.0805293727929563
"465","B3_B4_O41","both","warm","hypoxic",3,"both","warm","hypoxic",4,"both_both",197.925,116.175,"0.586964759","MEmagenta",0.0967489998727864
"466","B3_C3_O30","both","warm","hypoxic",3,"control","ambient","normoxic",3,"both_control",316.04664,241.35336,"0.763663743","MEmagenta",-0.00805311434173116
"467","B3_C6_O66","both","warm","hypoxic",3,"control","ambient","normoxic",6,"both_control",97.06242,22.23758,"0.229105971","MEmagenta",0.0239134626653846
"468","B3_H4_O41","both","warm","hypoxic",3,"hypoxic","ambient","hypoxic",4,"both_hypoxic",142.03098,86.96902,"0.612324297","MEmagenta",-0.0657086570131454
"469","B3_W1_O06","both","warm","hypoxic",3,"warm","warm","normoxic",1,"both_warm",145.19778,46.00222,"0.316824541","MEmagenta",0.0282884272236934
"470","B3_W4_O41","both","warm","hypoxic",3,"warm","warm","normoxic",4,"both_warm",228.32628,183.27372,"0.802683423","MEmagenta",-0.0490594989897413
"471","B4_B2_O19","both","warm","hypoxic",4,"both","warm","hypoxic",2,"both_both",505.57962,264.12038,"0.52241105","MEmagenta",-0.0781160582392698
"472","B4_B3_O32","both","warm","hypoxic",4,"both","warm","hypoxic",3,"both_both",38.31828,-5.21828,"-0.136182522","MEmagenta",0.014896074960326
"473","B4_C5_O56","both","warm","hypoxic",4,"control","ambient","normoxic",5,"both_control",208.53378,95.26622,"0.456838312","MEmagenta",0.129950702720129
"474","B4_H5_O55","both","warm","hypoxic",4,"hypoxic","ambient","hypoxic",5,"both_hypoxic",200.93346,130.16654,"0.64780918","MEmagenta",-0.0657362516672789
"475","B4_W2_O19","both","warm","hypoxic",4,"warm","warm","normoxic",2,"both_warm",159.1317,52.4683,"0.329716204","MEmagenta",-0.063781346040396
"476","B4_W6_O67","both","warm","hypoxic",4,"warm","warm","normoxic",6,"both_warm",483.09534,103.90466,"0.215081065","MEmagenta",0.172401420437833
"477","B5_B6_O69","both","warm","hypoxic",5,"both","warm","hypoxic",6,"both_both",244.00194,159.49806,"0.653675377","MEmagenta",-0.0419362267290258
"478","B5_H2_O21","both","warm","hypoxic",5,"hypoxic","ambient","hypoxic",2,"both_hypoxic",502.7295,92.8705,"0.184732545","MEmagenta",-0.0657104141322253
"479","B5_W3_O33","both","warm","hypoxic",5,"warm","warm","normoxic",3,"both_warm",188.89962,80.10038,"0.424036745","MEmagenta",0.0308887084042282
"480","B6_C2_O24","both","warm","hypoxic",6,"control","ambient","normoxic",2,"both_control",534.55584,179.34416,"0.335501264","MEmagenta",-0.0288127838009575
"481","B6_H3_O35","both","warm","hypoxic",6,"hypoxic","ambient","hypoxic",3,"both_hypoxic",252.23562,84.76438,"0.336052378","MEmagenta",0.130856192171667
"482","B6_H6_O72","both","warm","hypoxic",6,"hypoxic","ambient","hypoxic",6,"both_hypoxic",116.69658,43.70342,"0.37450472","MEmagenta",0.0532511395741859
"483","C1_H2_W13","control","ambient","normoxic",1,"hypoxic","ambient","hypoxic",2,"control_hypoxic",319.0551,39.8449,"0.124884072","MEmagenta",-0.0593285761931251
"484","C1_H6_W62","control","ambient","normoxic",1,"hypoxic","ambient","hypoxic",6,"control_hypoxic",93.10392,50.69608,"0.544510693","MEmagenta",0.0856116653567364
"485","C2_B2_W16","control","ambient","normoxic",2,"both","warm","hypoxic",2,"control_both",266.64456,157.45544,"0.590506853","MEmagenta",-0.090120481491312
"486","C2_C1_W03","control","ambient","normoxic",2,"control","ambient","normoxic",1,"control_control",219.77592,98.02408,"0.44601829","MEmagenta",-0.0491693834058075
"487","C2_H1_W04","control","ambient","normoxic",2,"hypoxic","ambient","hypoxic",1,"control_hypoxic",263.95278,107.74722,"0.408206422","MEmagenta",-0.0748382974875279
"488","C2_W2_W15","control","ambient","normoxic",2,"warm","warm","normoxic",2,"control_warm",161.19012,88.80988,"0.550963545","MEmagenta",-0.0967397988582481
"489","C2_W5_W52","control","ambient","normoxic",NA,"warm","warm","normoxic",5,"control_warm",235.76826,42.43174,"0.179972232","MEmagenta",-0.0510433081026719
"490","C3_B3_W30","control","ambient","normoxic",3,"both","warm","hypoxic",3,"control_both",135.3807,59.3193,"0.438166592","MEmagenta",-0.035827356358613
"491","C3_C2_W17","control","ambient","normoxic",3,"control","ambient","normoxic",2,"control_control",500.67108,259.22892,"0.517762919","MEmagenta",-0.097670767916618
"492","C3_W3_W29","control","ambient","normoxic",3,"warm","warm","normoxic",3,"control_warm",71.09466,25.60534,"0.360158414","MEmagenta",0.00132766530625478
"493","C4_B1_W07","control","ambient","normoxic",4,"both","warm","hypoxic",1,"control_both",63.96936,21.53064,"0.336577386","MEmagenta",-0.0617693178388424
"494","C4_B5_W56","control","ambient","normoxic",4,"both","warm","hypoxic",5,"control_both",317.15502,127.24498,"0.401207523","MEmagenta",0.2878840790913
"495","C4_C6_W67","control","ambient","normoxic",4,"control","ambient","normoxic",6,"control_control",78.85332,35.34668,"0.448258615","MEmagenta",0.0302614965786315
"496","C4_H5_W56","control","ambient","normoxic",4,"hypoxic","ambient","hypoxic",5,"control_hypoxic",217.24248,102.95752,"0.47392904","MEmagenta",-0.0595315934387798
"497","C5_B4_W46","control","ambient","normoxic",5,"both","warm","hypoxic",4,"control_both",217.87584,102.02416,"0.468267432","MEmagenta",0.0938357932823918
"498","C5_C3_W33","control","ambient","normoxic",5,"control","ambient","normoxic",3,"control_control",216.76746,159.93254,"0.737806957","MEmagenta",-0.0866775425022451
"499","C5_W1_W09","control","ambient","normoxic",5,"warm","warm","normoxic",1,"control_warm",345.9729,125.9271,"0.363979664","MEmagenta",-0.109113854259931
"500","C5_W4_W45","control","ambient","normoxic",5,"warm","warm","normoxic",4,"control_warm",177.3408,65.8592,"0.371370829","MEmagenta",-0.0372042115377012
"501","C6_B6_W71","control","ambient","normoxic",6,"both","warm","hypoxic",6,"control_both",186.8412,74.7588,"0.40011946","MEmagenta",0.085384627464181
"502","C6_C5_W59","control","ambient","normoxic",6,"control","ambient","normoxic",5,"control_control",348.66468,80.63532,"0.231268966","MEmagenta",-0.0633566038276156
"503","C6_H3_W36","control","ambient","normoxic",6,"hypoxic","ambient","hypoxic",3,"control_hypoxic",219.3009,110.9991,"0.50614977","MEmagenta",0.00560092327944258
"504","C6_H4_W48","control","ambient","normoxic",6,"hypoxic","ambient","hypoxic",4,"control_hypoxic",94.2123,56.4877,"0.599578824","MEmagenta",0.0208206960427355
"505","C6_W6_W72","control","ambient","normoxic",6,"warm","warm","normoxic",6,"control_warm",421.9761,189.7239,"0.449608165","MEmagenta",0.0132545358057503
"506","H1_B2_B13","hypoxic","ambient","hypoxic",1,"both","warm","hypoxic",2,"hypoxic_both",175.44072,60.25928,"0.343473739","MEmagenta",0.0148771902030232
"507","H1_B6_B61","hypoxic","ambient","hypoxic",1,"both","warm","hypoxic",6,"hypoxic_both",43.38516,23.01484,"0.530477242","MEmagenta",0.0211113384453263
"508","H1_C6_B62","hypoxic","ambient","hypoxic",1,"control","ambient","normoxic",6,"hypoxic_control",301.00434,148.89566,"0.494662834","MEmagenta",0.21991661689647
"509","H1_W4_B38","hypoxic","ambient","hypoxic",1,"warm","warm","normoxic",4,"hypoxic_warm",205.842,104.058,"0.505523654","MEmagenta",-0.130184508967282
"510","H1_W5_B49","hypoxic","ambient","hypoxic",1,"warm","warm","normoxic",5,"hypoxic_warm",326.02206,188.37794,"0.577807342","MEmagenta",0.381572055821985
"511","H2_B5_B51","hypoxic","ambient","hypoxic",2,"both","warm","hypoxic",5,"hypoxic_both",321.27186,150.12814,"0.467293152","MEmagenta",0.398809000691614
"512","H2_C1_B04","hypoxic","ambient","hypoxic",2,"control","ambient","normoxic",1,"hypoxic_control",199.98342,114.11658,"0.570630205","MEmagenta",-0.109884374370366
"513","H2_H1_B03","hypoxic","ambient","hypoxic",2,"hypoxic","ambient","hypoxic",1,"hypoxic_hypoxic",379.54098,162.65902,"0.42856774","MEmagenta",-0.0845369856968148
"514","H2_W2_B16","hypoxic","ambient","hypoxic",2,"warm","warm","normoxic",2,"hypoxic_warm",344.86452,135.63548,"0.393300766","MEmagenta",-0.0296742450879688
"515","H3_B4_B41","hypoxic","ambient","hypoxic",3,"both","warm","hypoxic",4,"hypoxic_both",258.25254,104.94746,"0.406375325","MEmagenta",-0.117415791320025
"516","H3_C5_B54","hypoxic","ambient","hypoxic",3,"control","ambient","normoxic",5,"hypoxic_control",288.65382,142.14618,"0.492445172","MEmagenta",0.121691998176641
"517","H3_H4_B41","hypoxic","ambient","hypoxic",3,"hypoxic","ambient","hypoxic",4,"hypoxic_hypoxic",176.86578,107.73422,"0.609129816","MEmagenta",-0.0899829358854567
"518","H3_H6_B66","hypoxic","ambient","hypoxic",3,"hypoxic","ambient","hypoxic",6,"hypoxic_hypoxic",212.9673,84.3327,"0.395988962","MEmagenta",-0.0871414114070298
"519","H3_W3_B30","hypoxic","ambient","hypoxic",3,"warm","warm","normoxic",3,"hypoxic_warm",125.40528,45.09472,"0.359591877","MEmagenta",0.0787670401521943
"520","H3_W6_B66","hypoxic","ambient","hypoxic",3,"warm","warm","normoxic",6,"hypoxic_warm",412.79238,146.30762,"0.354433917","MEmagenta",0.142779369069199
"521","H4_H2_B19","hypoxic","ambient","hypoxic",4,"hypoxic","ambient","hypoxic",2,"hypoxic_hypoxic",102.1293,35.6707,"0.349269994","MEmagenta",-0.0179155575659923
"522","H4_W1_B07","hypoxic","ambient","hypoxic",4,"warm","warm","normoxic",1,"hypoxic_warm",242.89356,89.60644,"0.368912375","MEmagenta",-0.0448901143880469
"523","H5_B1_B09","hypoxic","ambient","hypoxic",5,"both","warm","hypoxic",1,"hypoxic_both",224.52612,127.47388,"0.567746327","MEmagenta",-0.0612748863721272
"524","H5_B3_B34","hypoxic","ambient","hypoxic",5,"both","warm","hypoxic",3,"hypoxic_both",82.81182,41.28818,"0.498578343","MEmagenta",-0.0570101690918119
"525","H5_C2_B22","hypoxic","ambient","hypoxic",5,"control","ambient","normoxic",2,"hypoxic_control",489.42894,179.67106,"0.367103466","MEmagenta",-0.0859965609895324
"526","H5_C4_B46","hypoxic","ambient","hypoxic",5,"control","ambient","normoxic",4,"hypoxic_control",275.82828,148.47172,"0.538275916","MEmagenta",0.0260348741948335
"527","H6_C3_B36","hypoxic","ambient","hypoxic",6,"control","ambient","normoxic",3,"hypoxic_control",205.0503,97.6497,"0.476223151","MEmagenta",-0.101579266785587
"528","H6_H3_B35","hypoxic","ambient","hypoxic",6,"hypoxic","ambient","hypoxic",3,"hypoxic_hypoxic",290.71224,108.38776,"0.372835213","MEmagenta",-0.01675358371945
"529","W1_C1_G02","warm","warm","normoxic",1,"control","ambient","normoxic",1,"warm_control",155.1732,66.3268,"0.427437212","MEmagenta",-0.0712978761534682
"530","W1_C6_G61","warm","warm","normoxic",1,"control","ambient","normoxic",6,"warm_control",261.10266,98.09734,"0.3757041","MEmagenta",0.139602819270747
"531","W1_H5_G49","warm","warm","normoxic",1,"hypoxic","ambient","hypoxic",5,"warm_hypoxic",146.4645,52.7355,"0.360056532","MEmagenta",-0.0613778215323349
"532","W1_W1_G01","warm","warm","normoxic",1,"warm","warm","normoxic",1,"warm_warm",303.53778,134.56222,"0.443312921","MEmagenta",-0.0853304531963506
"533","W1_W6_G62","warm","warm","normoxic",1,"warm","warm","normoxic",6,"warm_warm",244.6353,81.5647,"0.333413453","MEmagenta",-0.0426361498920511
"534","W2_B1_G04","warm","warm","normoxic",2,"both","warm","hypoxic",2,"warm_both",82.02012,50.17988,"0.611799641","MEmagenta",-0.0843583524819487
"535","W2_B6_G64","warm","warm","normoxic",2,"both","warm","hypoxic",6,"warm_both",151.53138,63.86862,"0.421487747","MEmagenta",0.261165116338398
"536","W2_C2_G15","warm","warm","normoxic",2,"control","ambient","normoxic",2,"warm_control",478.50348,95.79652,"0.200200258","MEmagenta",-0.103224538439368
"537","W3_B5_G54","warm","warm","normoxic",3,"both","warm","hypoxic",5,"warm_both",338.68926,134.21074,"0.396265119","MEmagenta",0.00387940065674418
"538","W3_C3_G29","warm","warm","normoxic",3,"control","ambient","normoxic",3,"warm_control",360.85686,168.24314,"0.466232345","MEmagenta",-0.0270669964228641
"539","W3_H2_G18","warm","warm","normoxic",3,"hypoxic","ambient","hypoxic",2,"warm_hypoxic",532.49742,88.60258,"0.166390628","MEmagenta",-0.0188836141726112
"540","W3_H3_G30","warm","warm","normoxic",3,"hypoxic","ambient","hypoxic",3,"warm_hypoxic",133.63896,79.96104,"0.598336294","MEmagenta",-0.0222405450086311
"541","W4_C5_G55","warm","warm","normoxic",4,"control","ambient","normoxic",5,"warm_control",238.77672,114.72328,"0.480462584","MEmagenta",0.165549962962891
"542","W4_H1_G08","warm","warm","normoxic",4,"hypoxic","ambient","hypoxic",1,"warm_hypoxic",413.58408,264.11592,"0.638602724","MEmagenta",-0.0203112258878822
"543","W4_W5_G56","warm","warm","normoxic",4,"warm","warm","normoxic",5,"warm_warm",227.37624,129.82376,"0.570964495","MEmagenta",-0.111442264609829
"544","W5_B2_G21","warm","warm","normoxic",5,"both","warm","hypoxic",2,"warm_both",396.16668,270.53332,"0.68287752","MEmagenta",-0.0422449584457708
"545","W5_C4_G45","warm","warm","normoxic",5,"control","ambient","normoxic",4,"warm_control",399.65016,213.34984,"0.533841498","MEmagenta",0.0249431377691241
"546","W5_H4_G46","warm","warm","normoxic",5,"hypoxic","ambient","hypoxic",4,"warm_hypoxic",82.97016,29.12984,"0.35108815","MEmagenta",-0.0549762533801909
"547","W5_W2_G22","warm","warm","normoxic",5,"warm","warm","normoxic",2,"warm_warm",222.62604,90.67396,"0.407292696","MEmagenta",-0.0610082795546754
"548","W6_B3_G35","warm","warm","normoxic",6,"both","warm","hypoxic",3,"warm_both",226.90122,122.39878,"0.539436412","MEmagenta",-0.0553033628399662
"549","W6_B4_G48","warm","warm","normoxic",6,"both","warm","hypoxic",4,"warm_both",413.42574,199.37426,"0.482249267","MEmagenta",0.0478453845712749
"550","W6_H6_G71","warm","warm","normoxic",6,"hypoxic","ambient","hypoxic",6,"warm_hypoxic",228.48462,74.51538,"0.326128647","MEmagenta",-0.0521857136102815
"551","W6_W3_G36","warm","warm","normoxic",6,"warm","warm","normoxic",3,"warm_warm",472.01154,166.28846,"0.352297446","MEmagenta",-0.0566265933862058
"552","W6_W4_G48","warm","warm","normoxic",6,"warm","warm","normoxic",4,"warm_warm",216.9258,67.1742,"0.309664411","MEmagenta",-0.0454127417814095
"553","B1_B1_O01","both","warm","hypoxic",1,"both","warm","hypoxic",1,"both_both",210.27552,120.72448,"0.574125224","MEpink",-0.0137445361751987
"554","B1_W5_O50","both","warm","hypoxic",1,"warm","warm","normoxic",5,"both_warm",315.8883,85.6117,"0.271018901","MEpink",-0.0515947496002949
"555","B2_B5_O51","both","warm","hypoxic",2,"both","warm","hypoxic",5,"both_both",114.32148,44.47852,"0.389065292","MEpink",0.0210391625968008
"556","B2_C4_O40","both","warm","hypoxic",2,"control","ambient","normoxic",4,"both_control",164.99028,55.10972,"0.33401798","MEpink",-0.0331251420499422
"557","B3_B4_O41","both","warm","hypoxic",3,"both","warm","hypoxic",4,"both_both",197.925,116.175,"0.586964759","MEpink",-0.021979439276718
"558","B3_C3_O30","both","warm","hypoxic",3,"control","ambient","normoxic",3,"both_control",316.04664,241.35336,"0.763663743","MEpink",-0.026910629411385
"559","B3_C6_O66","both","warm","hypoxic",3,"control","ambient","normoxic",6,"both_control",97.06242,22.23758,"0.229105971","MEpink",-0.0334029755173898
"560","B3_H4_O41","both","warm","hypoxic",3,"hypoxic","ambient","hypoxic",4,"both_hypoxic",142.03098,86.96902,"0.612324297","MEpink",-0.0683628390304147
"561","B3_W1_O06","both","warm","hypoxic",3,"warm","warm","normoxic",1,"both_warm",145.19778,46.00222,"0.316824541","MEpink",-0.0469200712743005
"562","B3_W4_O41","both","warm","hypoxic",3,"warm","warm","normoxic",4,"both_warm",228.32628,183.27372,"0.802683423","MEpink",-0.029137068969464
"563","B4_B2_O19","both","warm","hypoxic",4,"both","warm","hypoxic",2,"both_both",505.57962,264.12038,"0.52241105","MEpink",-0.026389050585646
"564","B4_B3_O32","both","warm","hypoxic",4,"both","warm","hypoxic",3,"both_both",38.31828,-5.21828,"-0.136182522","MEpink",0.232980400639457
"565","B4_C5_O56","both","warm","hypoxic",4,"control","ambient","normoxic",5,"both_control",208.53378,95.26622,"0.456838312","MEpink",-0.0400487348433019
"566","B4_H5_O55","both","warm","hypoxic",4,"hypoxic","ambient","hypoxic",5,"both_hypoxic",200.93346,130.16654,"0.64780918","MEpink",-0.0379728439317552
"567","B4_W2_O19","both","warm","hypoxic",4,"warm","warm","normoxic",2,"both_warm",159.1317,52.4683,"0.329716204","MEpink",-0.0238864336853644
"568","B4_W6_O67","both","warm","hypoxic",4,"warm","warm","normoxic",6,"both_warm",483.09534,103.90466,"0.215081065","MEpink",-0.0310424123481611
"569","B5_B6_O69","both","warm","hypoxic",5,"both","warm","hypoxic",6,"both_both",244.00194,159.49806,"0.653675377","MEpink",0.00348725547289936
"570","B5_H2_O21","both","warm","hypoxic",5,"hypoxic","ambient","hypoxic",2,"both_hypoxic",502.7295,92.8705,"0.184732545","MEpink",-0.0258162884258896
"571","B5_W3_O33","both","warm","hypoxic",5,"warm","warm","normoxic",3,"both_warm",188.89962,80.10038,"0.424036745","MEpink",0.0189602144177302
"572","B6_C2_O24","both","warm","hypoxic",6,"control","ambient","normoxic",2,"both_control",534.55584,179.34416,"0.335501264","MEpink",-0.029411278870121
"573","B6_H3_O35","both","warm","hypoxic",6,"hypoxic","ambient","hypoxic",3,"both_hypoxic",252.23562,84.76438,"0.336052378","MEpink",-0.0334843208561539
"574","B6_H6_O72","both","warm","hypoxic",6,"hypoxic","ambient","hypoxic",6,"both_hypoxic",116.69658,43.70342,"0.37450472","MEpink",0.0189959709695219
"575","C1_H2_W13","control","ambient","normoxic",1,"hypoxic","ambient","hypoxic",2,"control_hypoxic",319.0551,39.8449,"0.124884072","MEpink",-0.0288390395633381
"576","C1_H6_W62","control","ambient","normoxic",1,"hypoxic","ambient","hypoxic",6,"control_hypoxic",93.10392,50.69608,"0.544510693","MEpink",0.444934741171318
"577","C2_B2_W16","control","ambient","normoxic",2,"both","warm","hypoxic",2,"control_both",266.64456,157.45544,"0.590506853","MEpink",-0.0403767530457101
"578","C2_C1_W03","control","ambient","normoxic",2,"control","ambient","normoxic",1,"control_control",219.77592,98.02408,"0.44601829","MEpink",-0.0353563873345748
"579","C2_H1_W04","control","ambient","normoxic",2,"hypoxic","ambient","hypoxic",1,"control_hypoxic",263.95278,107.74722,"0.408206422","MEpink",-0.0266129468374321
"580","C2_W2_W15","control","ambient","normoxic",2,"warm","warm","normoxic",2,"control_warm",161.19012,88.80988,"0.550963545","MEpink",0.0548473912941992
"581","C2_W5_W52","control","ambient","normoxic",NA,"warm","warm","normoxic",5,"control_warm",235.76826,42.43174,"0.179972232","MEpink",0.0424944192046527
"582","C3_B3_W30","control","ambient","normoxic",3,"both","warm","hypoxic",3,"control_both",135.3807,59.3193,"0.438166592","MEpink",-0.0320712147565303
"583","C3_C2_W17","control","ambient","normoxic",3,"control","ambient","normoxic",2,"control_control",500.67108,259.22892,"0.517762919","MEpink",-0.0539510178241998
"584","C3_W3_W29","control","ambient","normoxic",3,"warm","warm","normoxic",3,"control_warm",71.09466,25.60534,"0.360158414","MEpink",-0.0138445549316802
"585","C4_B1_W07","control","ambient","normoxic",4,"both","warm","hypoxic",1,"control_both",63.96936,21.53064,"0.336577386","MEpink",-0.0149810103669644
"586","C4_B5_W56","control","ambient","normoxic",4,"both","warm","hypoxic",5,"control_both",317.15502,127.24498,"0.401207523","MEpink",-0.0369896642391674
"587","C4_C6_W67","control","ambient","normoxic",4,"control","ambient","normoxic",6,"control_control",78.85332,35.34668,"0.448258615","MEpink",0.0272531535495434
"588","C4_H5_W56","control","ambient","normoxic",4,"hypoxic","ambient","hypoxic",5,"control_hypoxic",217.24248,102.95752,"0.47392904","MEpink",-0.0343809577533893
"589","C5_B4_W46","control","ambient","normoxic",5,"both","warm","hypoxic",4,"control_both",217.87584,102.02416,"0.468267432","MEpink",-0.0300352632267677
"590","C5_C3_W33","control","ambient","normoxic",5,"control","ambient","normoxic",3,"control_control",216.76746,159.93254,"0.737806957","MEpink",-0.0597572700518007
"591","C5_W1_W09","control","ambient","normoxic",5,"warm","warm","normoxic",1,"control_warm",345.9729,125.9271,"0.363979664","MEpink",-0.047989860929759
"592","C5_W4_W45","control","ambient","normoxic",5,"warm","warm","normoxic",4,"control_warm",177.3408,65.8592,"0.371370829","MEpink",-0.0405859681228689
"593","C6_B6_W71","control","ambient","normoxic",6,"both","warm","hypoxic",6,"control_both",186.8412,74.7588,"0.40011946","MEpink",-0.0311622803438546
"594","C6_C5_W59","control","ambient","normoxic",6,"control","ambient","normoxic",5,"control_control",348.66468,80.63532,"0.231268966","MEpink",0.0158908432676072
"595","C6_H3_W36","control","ambient","normoxic",6,"hypoxic","ambient","hypoxic",3,"control_hypoxic",219.3009,110.9991,"0.50614977","MEpink",-0.0481543031992493
"596","C6_H4_W48","control","ambient","normoxic",6,"hypoxic","ambient","hypoxic",4,"control_hypoxic",94.2123,56.4877,"0.599578824","MEpink",-0.0463876695097103
"597","C6_W6_W72","control","ambient","normoxic",6,"warm","warm","normoxic",6,"control_warm",421.9761,189.7239,"0.449608165","MEpink",-0.0161979294659905
"598","H1_B2_B13","hypoxic","ambient","hypoxic",1,"both","warm","hypoxic",2,"hypoxic_both",175.44072,60.25928,"0.343473739","MEpink",-0.0162691552224912
"599","H1_B6_B61","hypoxic","ambient","hypoxic",1,"both","warm","hypoxic",6,"hypoxic_both",43.38516,23.01484,"0.530477242","MEpink",-0.0160985099920102
"600","H1_C6_B62","hypoxic","ambient","hypoxic",1,"control","ambient","normoxic",6,"hypoxic_control",301.00434,148.89566,"0.494662834","MEpink",-0.0338006687778165
"601","H1_W4_B38","hypoxic","ambient","hypoxic",1,"warm","warm","normoxic",4,"hypoxic_warm",205.842,104.058,"0.505523654","MEpink",-0.0460411129442419
"602","H1_W5_B49","hypoxic","ambient","hypoxic",1,"warm","warm","normoxic",5,"hypoxic_warm",326.02206,188.37794,"0.577807342","MEpink",-0.0632843438790751
"603","H2_B5_B51","hypoxic","ambient","hypoxic",2,"both","warm","hypoxic",5,"hypoxic_both",321.27186,150.12814,"0.467293152","MEpink",-0.00683698507108904
"604","H2_C1_B04","hypoxic","ambient","hypoxic",2,"control","ambient","normoxic",1,"hypoxic_control",199.98342,114.11658,"0.570630205","MEpink",-0.0569075628524903
"605","H2_H1_B03","hypoxic","ambient","hypoxic",2,"hypoxic","ambient","hypoxic",1,"hypoxic_hypoxic",379.54098,162.65902,"0.42856774","MEpink",-0.0315038487049223
"606","H2_W2_B16","hypoxic","ambient","hypoxic",2,"warm","warm","normoxic",2,"hypoxic_warm",344.86452,135.63548,"0.393300766","MEpink",-0.0382083880420689
"607","H3_B4_B41","hypoxic","ambient","hypoxic",3,"both","warm","hypoxic",4,"hypoxic_both",258.25254,104.94746,"0.406375325","MEpink",-0.0277828514735033
"608","H3_C5_B54","hypoxic","ambient","hypoxic",3,"control","ambient","normoxic",5,"hypoxic_control",288.65382,142.14618,"0.492445172","MEpink",-0.0509141321291353
"609","H3_H4_B41","hypoxic","ambient","hypoxic",3,"hypoxic","ambient","hypoxic",4,"hypoxic_hypoxic",176.86578,107.73422,"0.609129816","MEpink",-0.0645878946061042
"610","H3_H6_B66","hypoxic","ambient","hypoxic",3,"hypoxic","ambient","hypoxic",6,"hypoxic_hypoxic",212.9673,84.3327,"0.395988962","MEpink",-0.0168248176795863
"611","H3_W3_B30","hypoxic","ambient","hypoxic",3,"warm","warm","normoxic",3,"hypoxic_warm",125.40528,45.09472,"0.359591877","MEpink",-0.00358201685267198
"612","H3_W6_B66","hypoxic","ambient","hypoxic",3,"warm","warm","normoxic",6,"hypoxic_warm",412.79238,146.30762,"0.354433917","MEpink",-0.0298925026315613
"613","H4_H2_B19","hypoxic","ambient","hypoxic",4,"hypoxic","ambient","hypoxic",2,"hypoxic_hypoxic",102.1293,35.6707,"0.349269994","MEpink",-0.0387190134422189
"614","H4_W1_B07","hypoxic","ambient","hypoxic",4,"warm","warm","normoxic",1,"hypoxic_warm",242.89356,89.60644,"0.368912375","MEpink",0.0119463168679442
"615","H5_B1_B09","hypoxic","ambient","hypoxic",5,"both","warm","hypoxic",1,"hypoxic_both",224.52612,127.47388,"0.567746327","MEpink",0.235132364550538
"616","H5_B3_B34","hypoxic","ambient","hypoxic",5,"both","warm","hypoxic",3,"hypoxic_both",82.81182,41.28818,"0.498578343","MEpink",-0.0262011256319204
"617","H5_C2_B22","hypoxic","ambient","hypoxic",5,"control","ambient","normoxic",2,"hypoxic_control",489.42894,179.67106,"0.367103466","MEpink",-0.0338938709683102
"618","H5_C4_B46","hypoxic","ambient","hypoxic",5,"control","ambient","normoxic",4,"hypoxic_control",275.82828,148.47172,"0.538275916","MEpink",-0.0310895856680824
"619","H6_C3_B36","hypoxic","ambient","hypoxic",6,"control","ambient","normoxic",3,"hypoxic_control",205.0503,97.6497,"0.476223151","MEpink",0.0166090371731662
"620","H6_H3_B35","hypoxic","ambient","hypoxic",6,"hypoxic","ambient","hypoxic",3,"hypoxic_hypoxic",290.71224,108.38776,"0.372835213","MEpink",-0.0318555719671357
"621","W1_C1_G02","warm","warm","normoxic",1,"control","ambient","normoxic",1,"warm_control",155.1732,66.3268,"0.427437212","MEpink",-0.0334894381981435
"622","W1_C6_G61","warm","warm","normoxic",1,"control","ambient","normoxic",6,"warm_control",261.10266,98.09734,"0.3757041","MEpink",-0.00737811804210809
"623","W1_H5_G49","warm","warm","normoxic",1,"hypoxic","ambient","hypoxic",5,"warm_hypoxic",146.4645,52.7355,"0.360056532","MEpink",-0.0451504278177194
"624","W1_W1_G01","warm","warm","normoxic",1,"warm","warm","normoxic",1,"warm_warm",303.53778,134.56222,"0.443312921","MEpink",-0.0368958221605235
"625","W1_W6_G62","warm","warm","normoxic",1,"warm","warm","normoxic",6,"warm_warm",244.6353,81.5647,"0.333413453","MEpink",-0.0230451114359544
"626","W2_B1_G04","warm","warm","normoxic",2,"both","warm","hypoxic",2,"warm_both",82.02012,50.17988,"0.611799641","MEpink",-0.00131074396907823
"627","W2_B6_G64","warm","warm","normoxic",2,"both","warm","hypoxic",6,"warm_both",151.53138,63.86862,"0.421487747","MEpink",0.052856700536901
"628","W2_C2_G15","warm","warm","normoxic",2,"control","ambient","normoxic",2,"warm_control",478.50348,95.79652,"0.200200258","MEpink",-0.0360061952660547
"629","W3_B5_G54","warm","warm","normoxic",3,"both","warm","hypoxic",5,"warm_both",338.68926,134.21074,"0.396265119","MEpink",0.658436359361899
"630","W3_C3_G29","warm","warm","normoxic",3,"control","ambient","normoxic",3,"warm_control",360.85686,168.24314,"0.466232345","MEpink",-0.0248672100660348
"631","W3_H2_G18","warm","warm","normoxic",3,"hypoxic","ambient","hypoxic",2,"warm_hypoxic",532.49742,88.60258,"0.166390628","MEpink",-0.0147667615815238
"632","W3_H3_G30","warm","warm","normoxic",3,"hypoxic","ambient","hypoxic",3,"warm_hypoxic",133.63896,79.96104,"0.598336294","MEpink",-0.0258947638977593
"633","W4_C5_G55","warm","warm","normoxic",4,"control","ambient","normoxic",5,"warm_control",238.77672,114.72328,"0.480462584","MEpink",0.397915276934211
"634","W4_H1_G08","warm","warm","normoxic",4,"hypoxic","ambient","hypoxic",1,"warm_hypoxic",413.58408,264.11592,"0.638602724","MEpink",-0.0256055029358822
"635","W4_W5_G56","warm","warm","normoxic",4,"warm","warm","normoxic",5,"warm_warm",227.37624,129.82376,"0.570964495","MEpink",-0.0283137461100943
"636","W5_B2_G21","warm","warm","normoxic",5,"both","warm","hypoxic",2,"warm_both",396.16668,270.53332,"0.68287752","MEpink",-0.0189851236986541
"637","W5_C4_G45","warm","warm","normoxic",5,"control","ambient","normoxic",4,"warm_control",399.65016,213.34984,"0.533841498","MEpink",-0.0479621560061222
"638","W5_H4_G46","warm","warm","normoxic",5,"hypoxic","ambient","hypoxic",4,"warm_hypoxic",82.97016,29.12984,"0.35108815","MEpink",0.0213104561708779
"639","W5_W2_G22","warm","warm","normoxic",5,"warm","warm","normoxic",2,"warm_warm",222.62604,90.67396,"0.407292696","MEpink",-0.0268594912924346
"640","W6_B3_G35","warm","warm","normoxic",6,"both","warm","hypoxic",3,"warm_both",226.90122,122.39878,"0.539436412","MEpink",-0.0271743924440057
"641","W6_B4_G48","warm","warm","normoxic",6,"both","warm","hypoxic",4,"warm_both",413.42574,199.37426,"0.482249267","MEpink",-0.0103050011082134
"642","W6_H6_G71","warm","warm","normoxic",6,"hypoxic","ambient","hypoxic",6,"warm_hypoxic",228.48462,74.51538,"0.326128647","MEpink",-0.0122196517099781
"643","W6_W3_G36","warm","warm","normoxic",6,"warm","warm","normoxic",3,"warm_warm",472.01154,166.28846,"0.352297446","MEpink",0.0138501855351887
"644","W6_W4_G48","warm","warm","normoxic",6,"warm","warm","normoxic",4,"warm_warm",216.9258,67.1742,"0.309664411","MEpink",0.032486272916752
"645","B1_B1_O01","both","warm","hypoxic",1,"both","warm","hypoxic",1,"both_both",210.27552,120.72448,"0.574125224","MEcyan",-0.0146273749924736
"646","B1_W5_O50","both","warm","hypoxic",1,"warm","warm","normoxic",5,"both_warm",315.8883,85.6117,"0.271018901","MEcyan",-0.0458843127102729
"647","B2_B5_O51","both","warm","hypoxic",2,"both","warm","hypoxic",5,"both_both",114.32148,44.47852,"0.389065292","MEcyan",0.646436582807307
"648","B2_C4_O40","both","warm","hypoxic",2,"control","ambient","normoxic",4,"both_control",164.99028,55.10972,"0.33401798","MEcyan",-0.0465199042579403
"649","B3_B4_O41","both","warm","hypoxic",3,"both","warm","hypoxic",4,"both_both",197.925,116.175,"0.586964759","MEcyan",-0.0488442342799599
"650","B3_C3_O30","both","warm","hypoxic",3,"control","ambient","normoxic",3,"both_control",316.04664,241.35336,"0.763663743","MEcyan",-0.0545761571220304
"651","B3_C6_O66","both","warm","hypoxic",3,"control","ambient","normoxic",6,"both_control",97.06242,22.23758,"0.229105971","MEcyan",-0.0396262286805926
"652","B3_H4_O41","both","warm","hypoxic",3,"hypoxic","ambient","hypoxic",4,"both_hypoxic",142.03098,86.96902,"0.612324297","MEcyan",-0.0617837951507512
"653","B3_W1_O06","both","warm","hypoxic",3,"warm","warm","normoxic",1,"both_warm",145.19778,46.00222,"0.316824541","MEcyan",-0.052637131238205
"654","B3_W4_O41","both","warm","hypoxic",3,"warm","warm","normoxic",4,"both_warm",228.32628,183.27372,"0.802683423","MEcyan",-0.020407866937511
"655","B4_B2_O19","both","warm","hypoxic",4,"both","warm","hypoxic",2,"both_both",505.57962,264.12038,"0.52241105","MEcyan",-0.0386564344829983
"656","B4_B3_O32","both","warm","hypoxic",4,"both","warm","hypoxic",3,"both_both",38.31828,-5.21828,"-0.136182522","MEcyan",-0.0231910453977243
"657","B4_C5_O56","both","warm","hypoxic",4,"control","ambient","normoxic",5,"both_control",208.53378,95.26622,"0.456838312","MEcyan",0.0549269094178904
"658","B4_H5_O55","both","warm","hypoxic",4,"hypoxic","ambient","hypoxic",5,"both_hypoxic",200.93346,130.16654,"0.64780918","MEcyan",-0.0431719741514602
"659","B4_W2_O19","both","warm","hypoxic",4,"warm","warm","normoxic",2,"both_warm",159.1317,52.4683,"0.329716204","MEcyan",-0.04767862495072
"660","B4_W6_O67","both","warm","hypoxic",4,"warm","warm","normoxic",6,"both_warm",483.09534,103.90466,"0.215081065","MEcyan",0.0630743194075372
"661","B5_B6_O69","both","warm","hypoxic",5,"both","warm","hypoxic",6,"both_both",244.00194,159.49806,"0.653675377","MEcyan",-0.00102993183588296
"662","B5_H2_O21","both","warm","hypoxic",5,"hypoxic","ambient","hypoxic",2,"both_hypoxic",502.7295,92.8705,"0.184732545","MEcyan",-0.0270891359880689
"663","B5_W3_O33","both","warm","hypoxic",5,"warm","warm","normoxic",3,"both_warm",188.89962,80.10038,"0.424036745","MEcyan",0.0553098340324815
"664","B6_C2_O24","both","warm","hypoxic",6,"control","ambient","normoxic",2,"both_control",534.55584,179.34416,"0.335501264","MEcyan",-0.0281150102411973
"665","B6_H3_O35","both","warm","hypoxic",6,"hypoxic","ambient","hypoxic",3,"both_hypoxic",252.23562,84.76438,"0.336052378","MEcyan",-0.028218687153749
"666","B6_H6_O72","both","warm","hypoxic",6,"hypoxic","ambient","hypoxic",6,"both_hypoxic",116.69658,43.70342,"0.37450472","MEcyan",-0.000368035658990871
"667","C1_H2_W13","control","ambient","normoxic",1,"hypoxic","ambient","hypoxic",2,"control_hypoxic",319.0551,39.8449,"0.124884072","MEcyan",-0.0208791175554775
"668","C1_H6_W62","control","ambient","normoxic",1,"hypoxic","ambient","hypoxic",6,"control_hypoxic",93.10392,50.69608,"0.544510693","MEcyan",-0.0639386912225722
"669","C2_B2_W16","control","ambient","normoxic",2,"both","warm","hypoxic",2,"control_both",266.64456,157.45544,"0.590506853","MEcyan",-0.0392464383223807
"670","C2_C1_W03","control","ambient","normoxic",2,"control","ambient","normoxic",1,"control_control",219.77592,98.02408,"0.44601829","MEcyan",-0.00399977463320231
"671","C2_H1_W04","control","ambient","normoxic",2,"hypoxic","ambient","hypoxic",1,"control_hypoxic",263.95278,107.74722,"0.408206422","MEcyan",-0.0265323089987556
"672","C2_W2_W15","control","ambient","normoxic",2,"warm","warm","normoxic",2,"control_warm",161.19012,88.80988,"0.550963545","MEcyan",0.0434715265085188
"673","C2_W5_W52","control","ambient","normoxic",NA,"warm","warm","normoxic",5,"control_warm",235.76826,42.43174,"0.179972232","MEcyan",0.377224206799829
"674","C3_B3_W30","control","ambient","normoxic",3,"both","warm","hypoxic",3,"control_both",135.3807,59.3193,"0.438166592","MEcyan",-0.0442767724246444
"675","C3_C2_W17","control","ambient","normoxic",3,"control","ambient","normoxic",2,"control_control",500.67108,259.22892,"0.517762919","MEcyan",-0.0557241854571701
"676","C3_W3_W29","control","ambient","normoxic",3,"warm","warm","normoxic",3,"control_warm",71.09466,25.60534,"0.360158414","MEcyan",-0.0315174600250234
"677","C4_B1_W07","control","ambient","normoxic",4,"both","warm","hypoxic",1,"control_both",63.96936,21.53064,"0.336577386","MEcyan",-0.0345694312878007
"678","C4_B5_W56","control","ambient","normoxic",4,"both","warm","hypoxic",5,"control_both",317.15502,127.24498,"0.401207523","MEcyan",-0.024326061742878
"679","C4_C6_W67","control","ambient","normoxic",4,"control","ambient","normoxic",6,"control_control",78.85332,35.34668,"0.448258615","MEcyan",-0.0210121317854803
"680","C4_H5_W56","control","ambient","normoxic",4,"hypoxic","ambient","hypoxic",5,"control_hypoxic",217.24248,102.95752,"0.47392904","MEcyan",-0.0538475216469402
"681","C5_B4_W46","control","ambient","normoxic",5,"both","warm","hypoxic",4,"control_both",217.87584,102.02416,"0.468267432","MEcyan",-0.0265593445780096
"682","C5_C3_W33","control","ambient","normoxic",5,"control","ambient","normoxic",3,"control_control",216.76746,159.93254,"0.737806957","MEcyan",-0.0550256293259265
"683","C5_W1_W09","control","ambient","normoxic",5,"warm","warm","normoxic",1,"control_warm",345.9729,125.9271,"0.363979664","MEcyan",-0.0419966107327341
"684","C5_W4_W45","control","ambient","normoxic",5,"warm","warm","normoxic",4,"control_warm",177.3408,65.8592,"0.371370829","MEcyan",-0.0509268802176723
"685","C6_B6_W71","control","ambient","normoxic",6,"both","warm","hypoxic",6,"control_both",186.8412,74.7588,"0.40011946","MEcyan",-0.0162844184768612
"686","C6_C5_W59","control","ambient","normoxic",6,"control","ambient","normoxic",5,"control_control",348.66468,80.63532,"0.231268966","MEcyan",0.12017833251314
"687","C6_H3_W36","control","ambient","normoxic",6,"hypoxic","ambient","hypoxic",3,"control_hypoxic",219.3009,110.9991,"0.50614977","MEcyan",-0.0541070030142205
"688","C6_H4_W48","control","ambient","normoxic",6,"hypoxic","ambient","hypoxic",4,"control_hypoxic",94.2123,56.4877,"0.599578824","MEcyan",-0.0207788209245772
"689","C6_W6_W72","control","ambient","normoxic",6,"warm","warm","normoxic",6,"control_warm",421.9761,189.7239,"0.449608165","MEcyan",-0.0165469913778788
"690","H1_B2_B13","hypoxic","ambient","hypoxic",1,"both","warm","hypoxic",2,"hypoxic_both",175.44072,60.25928,"0.343473739","MEcyan",-0.0456558039143213
"691","H1_B6_B61","hypoxic","ambient","hypoxic",1,"both","warm","hypoxic",6,"hypoxic_both",43.38516,23.01484,"0.530477242","MEcyan",-0.0333286511451647
"692","H1_C6_B62","hypoxic","ambient","hypoxic",1,"control","ambient","normoxic",6,"hypoxic_control",301.00434,148.89566,"0.494662834","MEcyan",-0.025950082900144
"693","H1_W4_B38","hypoxic","ambient","hypoxic",1,"warm","warm","normoxic",4,"hypoxic_warm",205.842,104.058,"0.505523654","MEcyan",-0.0399070020305443
"694","H1_W5_B49","hypoxic","ambient","hypoxic",1,"warm","warm","normoxic",5,"hypoxic_warm",326.02206,188.37794,"0.577807342","MEcyan",-0.0654894314341214
"695","H2_B5_B51","hypoxic","ambient","hypoxic",2,"both","warm","hypoxic",5,"hypoxic_both",321.27186,150.12814,"0.467293152","MEcyan",0.0247074836361524
"696","H2_C1_B04","hypoxic","ambient","hypoxic",2,"control","ambient","normoxic",1,"hypoxic_control",199.98342,114.11658,"0.570630205","MEcyan",-0.0402714124119993
"697","H2_H1_B03","hypoxic","ambient","hypoxic",2,"hypoxic","ambient","hypoxic",1,"hypoxic_hypoxic",379.54098,162.65902,"0.42856774","MEcyan",-0.0244761909266918
"698","H2_W2_B16","hypoxic","ambient","hypoxic",2,"warm","warm","normoxic",2,"hypoxic_warm",344.86452,135.63548,"0.393300766","MEcyan",-0.0590135251751601
"699","H3_B4_B41","hypoxic","ambient","hypoxic",3,"both","warm","hypoxic",4,"hypoxic_both",258.25254,104.94746,"0.406375325","MEcyan",-0.0665143167948864
"700","H3_C5_B54","hypoxic","ambient","hypoxic",3,"control","ambient","normoxic",5,"hypoxic_control",288.65382,142.14618,"0.492445172","MEcyan",-0.0632572723342417
"701","H3_H4_B41","hypoxic","ambient","hypoxic",3,"hypoxic","ambient","hypoxic",4,"hypoxic_hypoxic",176.86578,107.73422,"0.609129816","MEcyan",-0.0702584240044052
"702","H3_H6_B66","hypoxic","ambient","hypoxic",3,"hypoxic","ambient","hypoxic",6,"hypoxic_hypoxic",212.9673,84.3327,"0.395988962","MEcyan",-0.00795544800396139
"703","H3_W3_B30","hypoxic","ambient","hypoxic",3,"warm","warm","normoxic",3,"hypoxic_warm",125.40528,45.09472,"0.359591877","MEcyan",0.0361566971070442
"704","H3_W6_B66","hypoxic","ambient","hypoxic",3,"warm","warm","normoxic",6,"hypoxic_warm",412.79238,146.30762,"0.354433917","MEcyan",-0.0297225427972858
"705","H4_H2_B19","hypoxic","ambient","hypoxic",4,"hypoxic","ambient","hypoxic",2,"hypoxic_hypoxic",102.1293,35.6707,"0.349269994","MEcyan",-0.0558897974948583
"706","H4_W1_B07","hypoxic","ambient","hypoxic",4,"warm","warm","normoxic",1,"hypoxic_warm",242.89356,89.60644,"0.368912375","MEcyan",-0.000398965025677855
"707","H5_B1_B09","hypoxic","ambient","hypoxic",5,"both","warm","hypoxic",1,"hypoxic_both",224.52612,127.47388,"0.567746327","MEcyan",-0.0194806639381577
"708","H5_B3_B34","hypoxic","ambient","hypoxic",5,"both","warm","hypoxic",3,"hypoxic_both",82.81182,41.28818,"0.498578343","MEcyan",-0.0577931307989525
"709","H5_C2_B22","hypoxic","ambient","hypoxic",5,"control","ambient","normoxic",2,"hypoxic_control",489.42894,179.67106,"0.367103466","MEcyan",0.22477660176118
"710","H5_C4_B46","hypoxic","ambient","hypoxic",5,"control","ambient","normoxic",4,"hypoxic_control",275.82828,148.47172,"0.538275916","MEcyan",-0.0270625804835539
"711","H6_C3_B36","hypoxic","ambient","hypoxic",6,"control","ambient","normoxic",3,"hypoxic_control",205.0503,97.6497,"0.476223151","MEcyan",-0.0548110570667732
"712","H6_H3_B35","hypoxic","ambient","hypoxic",6,"hypoxic","ambient","hypoxic",3,"hypoxic_hypoxic",290.71224,108.38776,"0.372835213","MEcyan",-0.0145493568796471
"713","W1_C1_G02","warm","warm","normoxic",1,"control","ambient","normoxic",1,"warm_control",155.1732,66.3268,"0.427437212","MEcyan",-0.018428107730443
"714","W1_C6_G61","warm","warm","normoxic",1,"control","ambient","normoxic",6,"warm_control",261.10266,98.09734,"0.3757041","MEcyan",-0.0459285297202372
"715","W1_H5_G49","warm","warm","normoxic",1,"hypoxic","ambient","hypoxic",5,"warm_hypoxic",146.4645,52.7355,"0.360056532","MEcyan",-0.0406776181717257
"716","W1_W1_G01","warm","warm","normoxic",1,"warm","warm","normoxic",1,"warm_warm",303.53778,134.56222,"0.443312921","MEcyan",-0.0140300655220747
"717","W1_W6_G62","warm","warm","normoxic",1,"warm","warm","normoxic",6,"warm_warm",244.6353,81.5647,"0.333413453","MEcyan",0.083017124595155
"718","W2_B1_G04","warm","warm","normoxic",2,"both","warm","hypoxic",2,"warm_both",82.02012,50.17988,"0.611799641","MEcyan",-0.0342538312197148
"719","W2_B6_G64","warm","warm","normoxic",2,"both","warm","hypoxic",6,"warm_both",151.53138,63.86862,"0.421487747","MEcyan",0.292341515168727
"720","W2_C2_G15","warm","warm","normoxic",2,"control","ambient","normoxic",2,"warm_control",478.50348,95.79652,"0.200200258","MEcyan",-0.0339974173551277
"721","W3_B5_G54","warm","warm","normoxic",3,"both","warm","hypoxic",5,"warm_both",338.68926,134.21074,"0.396265119","MEcyan",0.298901460019007
"722","W3_C3_G29","warm","warm","normoxic",3,"control","ambient","normoxic",3,"warm_control",360.85686,168.24314,"0.466232345","MEcyan",-0.0404272981811359
"723","W3_H2_G18","warm","warm","normoxic",3,"hypoxic","ambient","hypoxic",2,"warm_hypoxic",532.49742,88.60258,"0.166390628","MEcyan",-0.018785776554137
"724","W3_H3_G30","warm","warm","normoxic",3,"hypoxic","ambient","hypoxic",3,"warm_hypoxic",133.63896,79.96104,"0.598336294","MEcyan",-0.032289719285779
"725","W4_C5_G55","warm","warm","normoxic",4,"control","ambient","normoxic",5,"warm_control",238.77672,114.72328,"0.480462584","MEcyan",0.254098273177414
"726","W4_H1_G08","warm","warm","normoxic",4,"hypoxic","ambient","hypoxic",1,"warm_hypoxic",413.58408,264.11592,"0.638602724","MEcyan",-0.0255682245986944
"727","W4_W5_G56","warm","warm","normoxic",4,"warm","warm","normoxic",5,"warm_warm",227.37624,129.82376,"0.570964495","MEcyan",-0.0632298050706255
"728","W5_B2_G21","warm","warm","normoxic",5,"both","warm","hypoxic",2,"warm_both",396.16668,270.53332,"0.68287752","MEcyan",-0.01493533573887
"729","W5_C4_G45","warm","warm","normoxic",5,"control","ambient","normoxic",4,"warm_control",399.65016,213.34984,"0.533841498","MEcyan",-0.0335142284209435
"730","W5_H4_G46","warm","warm","normoxic",5,"hypoxic","ambient","hypoxic",4,"warm_hypoxic",82.97016,29.12984,"0.35108815","MEcyan",0.000620988888878855
"731","W5_W2_G22","warm","warm","normoxic",5,"warm","warm","normoxic",2,"warm_warm",222.62604,90.67396,"0.407292696","MEcyan",-0.0102970693669359
"732","W6_B3_G35","warm","warm","normoxic",6,"both","warm","hypoxic",3,"warm_both",226.90122,122.39878,"0.539436412","MEcyan",-0.0212480189123294
"733","W6_B4_G48","warm","warm","normoxic",6,"both","warm","hypoxic",4,"warm_both",413.42574,199.37426,"0.482249267","MEcyan",0.00145724666575717
"734","W6_H6_G71","warm","warm","normoxic",6,"hypoxic","ambient","hypoxic",6,"warm_hypoxic",228.48462,74.51538,"0.326128647","MEcyan",-0.0089575032905117
"735","W6_W3_G36","warm","warm","normoxic",6,"warm","warm","normoxic",3,"warm_warm",472.01154,166.28846,"0.352297446","MEcyan",-0.019100932788461
"736","W6_W4_G48","warm","warm","normoxic",6,"warm","warm","normoxic",4,"warm_warm",216.9258,67.1742,"0.309664411","MEcyan",0.0252775139630118
"737","B1_B1_O01","both","warm","hypoxic",1,"both","warm","hypoxic",1,"both_both",210.27552,120.72448,"0.574125224","MEred",0.113939211665241
"738","B1_W5_O50","both","warm","hypoxic",1,"warm","warm","normoxic",5,"both_warm",315.8883,85.6117,"0.271018901","MEred",-0.0893053946322645
"739","B2_B5_O51","both","warm","hypoxic",2,"both","warm","hypoxic",5,"both_both",114.32148,44.47852,"0.389065292","MEred",0.175111664344628
"740","B2_C4_O40","both","warm","hypoxic",2,"control","ambient","normoxic",4,"both_control",164.99028,55.10972,"0.33401798","MEred",-0.0639648258503205
"741","B3_B4_O41","both","warm","hypoxic",3,"both","warm","hypoxic",4,"both_both",197.925,116.175,"0.586964759","MEred",-0.0785877390666107
"742","B3_C3_O30","both","warm","hypoxic",3,"control","ambient","normoxic",3,"both_control",316.04664,241.35336,"0.763663743","MEred",-0.0796424770673008
"743","B3_C6_O66","both","warm","hypoxic",3,"control","ambient","normoxic",6,"both_control",97.06242,22.23758,"0.229105971","MEred",-0.0589174284696416
"744","B3_H4_O41","both","warm","hypoxic",3,"hypoxic","ambient","hypoxic",4,"both_hypoxic",142.03098,86.96902,"0.612324297","MEred",-0.09274032360325
"745","B3_W1_O06","both","warm","hypoxic",3,"warm","warm","normoxic",1,"both_warm",145.19778,46.00222,"0.316824541","MEred",-0.0586671462622964
"746","B3_W4_O41","both","warm","hypoxic",3,"warm","warm","normoxic",4,"both_warm",228.32628,183.27372,"0.802683423","MEred",-0.0554228619420695
"747","B4_B2_O19","both","warm","hypoxic",4,"both","warm","hypoxic",2,"both_both",505.57962,264.12038,"0.52241105","MEred",0.0824188113371431
"748","B4_B3_O32","both","warm","hypoxic",4,"both","warm","hypoxic",3,"both_both",38.31828,-5.21828,"-0.136182522","MEred",-0.0133668876793535
"749","B4_C5_O56","both","warm","hypoxic",4,"control","ambient","normoxic",5,"both_control",208.53378,95.26622,"0.456838312","MEred",-0.0700445298946021
"750","B4_H5_O55","both","warm","hypoxic",4,"hypoxic","ambient","hypoxic",5,"both_hypoxic",200.93346,130.16654,"0.64780918","MEred",-0.072009994222596
"751","B4_W2_O19","both","warm","hypoxic",4,"warm","warm","normoxic",2,"both_warm",159.1317,52.4683,"0.329716204","MEred",0.0821505156179913
"752","B4_W6_O67","both","warm","hypoxic",4,"warm","warm","normoxic",6,"both_warm",483.09534,103.90466,"0.215081065","MEred",-0.0609495626970481
"753","B5_B6_O69","both","warm","hypoxic",5,"both","warm","hypoxic",6,"both_both",244.00194,159.49806,"0.653675377","MEred",0.186885531441299
"754","B5_H2_O21","both","warm","hypoxic",5,"hypoxic","ambient","hypoxic",2,"both_hypoxic",502.7295,92.8705,"0.184732545","MEred",-0.0527347913074551
"755","B5_W3_O33","both","warm","hypoxic",5,"warm","warm","normoxic",3,"both_warm",188.89962,80.10038,"0.424036745","MEred",0.247412854451124
"756","B6_C2_O24","both","warm","hypoxic",6,"control","ambient","normoxic",2,"both_control",534.55584,179.34416,"0.335501264","MEred",-0.0720800964998812
"757","B6_H3_O35","both","warm","hypoxic",6,"hypoxic","ambient","hypoxic",3,"both_hypoxic",252.23562,84.76438,"0.336052378","MEred",-0.07404413026904
"758","B6_H6_O72","both","warm","hypoxic",6,"hypoxic","ambient","hypoxic",6,"both_hypoxic",116.69658,43.70342,"0.37450472","MEred",0.258466639430996
"759","C1_H2_W13","control","ambient","normoxic",1,"hypoxic","ambient","hypoxic",2,"control_hypoxic",319.0551,39.8449,"0.124884072","MEred",-0.0570933051476857
"760","C1_H6_W62","control","ambient","normoxic",1,"hypoxic","ambient","hypoxic",6,"control_hypoxic",93.10392,50.69608,"0.544510693","MEred",-0.0337647189456802
"761","C2_B2_W16","control","ambient","normoxic",2,"both","warm","hypoxic",2,"control_both",266.64456,157.45544,"0.590506853","MEred",-0.0548874853081849
"762","C2_C1_W03","control","ambient","normoxic",2,"control","ambient","normoxic",1,"control_control",219.77592,98.02408,"0.44601829","MEred",-0.0475814622168029
"763","C2_H1_W04","control","ambient","normoxic",2,"hypoxic","ambient","hypoxic",1,"control_hypoxic",263.95278,107.74722,"0.408206422","MEred",-0.0417502424708223
"764","C2_W2_W15","control","ambient","normoxic",2,"warm","warm","normoxic",2,"control_warm",161.19012,88.80988,"0.550963545","MEred",-0.00586961225883847
"765","C2_W5_W52","control","ambient","normoxic",NA,"warm","warm","normoxic",5,"control_warm",235.76826,42.43174,"0.179972232","MEred",0.187096178701461
"766","C3_B3_W30","control","ambient","normoxic",3,"both","warm","hypoxic",3,"control_both",135.3807,59.3193,"0.438166592","MEred",0.125511539044934
"767","C3_C2_W17","control","ambient","normoxic",3,"control","ambient","normoxic",2,"control_control",500.67108,259.22892,"0.517762919","MEred",-0.0903180793988867
"768","C3_W3_W29","control","ambient","normoxic",3,"warm","warm","normoxic",3,"control_warm",71.09466,25.60534,"0.360158414","MEred",-0.0253850508476447
"769","C4_B1_W07","control","ambient","normoxic",4,"both","warm","hypoxic",1,"control_both",63.96936,21.53064,"0.336577386","MEred",0.199236514730733
"770","C4_B5_W56","control","ambient","normoxic",4,"both","warm","hypoxic",5,"control_both",317.15502,127.24498,"0.401207523","MEred",-0.0580078833812989
"771","C4_C6_W67","control","ambient","normoxic",4,"control","ambient","normoxic",6,"control_control",78.85332,35.34668,"0.448258615","MEred",-0.0364017162229898
"772","C4_H5_W56","control","ambient","normoxic",4,"hypoxic","ambient","hypoxic",5,"control_hypoxic",217.24248,102.95752,"0.47392904","MEred",-0.0660867336256994
"773","C5_B4_W46","control","ambient","normoxic",5,"both","warm","hypoxic",4,"control_both",217.87584,102.02416,"0.468267432","MEred",-0.0591223929534636
"774","C5_C3_W33","control","ambient","normoxic",5,"control","ambient","normoxic",3,"control_control",216.76746,159.93254,"0.737806957","MEred",-0.0788791917355029
"775","C5_W1_W09","control","ambient","normoxic",5,"warm","warm","normoxic",1,"control_warm",345.9729,125.9271,"0.363979664","MEred",-0.0794832012064348
"776","C5_W4_W45","control","ambient","normoxic",5,"warm","warm","normoxic",4,"control_warm",177.3408,65.8592,"0.371370829","MEred",-0.0805110899389162
"777","C6_B6_W71","control","ambient","normoxic",6,"both","warm","hypoxic",6,"control_both",186.8412,74.7588,"0.40011946","MEred",-0.0560348619905274
"778","C6_C5_W59","control","ambient","normoxic",6,"control","ambient","normoxic",5,"control_control",348.66468,80.63532,"0.231268966","MEred",0.224811324348718
"779","C6_H3_W36","control","ambient","normoxic",6,"hypoxic","ambient","hypoxic",3,"control_hypoxic",219.3009,110.9991,"0.50614977","MEred",-0.0615260438161667
"780","C6_H4_W48","control","ambient","normoxic",6,"hypoxic","ambient","hypoxic",4,"control_hypoxic",94.2123,56.4877,"0.599578824","MEred",-0.0626236977196488
"781","C6_W6_W72","control","ambient","normoxic",6,"warm","warm","normoxic",6,"control_warm",421.9761,189.7239,"0.449608165","MEred",-0.0365579350592202
"782","H1_B2_B13","hypoxic","ambient","hypoxic",1,"both","warm","hypoxic",2,"hypoxic_both",175.44072,60.25928,"0.343473739","MEred",0.190077133220138
"783","H1_B6_B61","hypoxic","ambient","hypoxic",1,"both","warm","hypoxic",6,"hypoxic_both",43.38516,23.01484,"0.530477242","MEred",0.0487930895168699
"784","H1_C6_B62","hypoxic","ambient","hypoxic",1,"control","ambient","normoxic",6,"hypoxic_control",301.00434,148.89566,"0.494662834","MEred",-0.0692656163177889
"785","H1_W4_B38","hypoxic","ambient","hypoxic",1,"warm","warm","normoxic",4,"hypoxic_warm",205.842,104.058,"0.505523654","MEred",-0.0608212118925152
"786","H1_W5_B49","hypoxic","ambient","hypoxic",1,"warm","warm","normoxic",5,"hypoxic_warm",326.02206,188.37794,"0.577807342","MEred",-0.113478845527946
"787","H2_B5_B51","hypoxic","ambient","hypoxic",2,"both","warm","hypoxic",5,"hypoxic_both",321.27186,150.12814,"0.467293152","MEred",-0.0723080261556308
"788","H2_C1_B04","hypoxic","ambient","hypoxic",2,"control","ambient","normoxic",1,"hypoxic_control",199.98342,114.11658,"0.570630205","MEred",-0.0881557111683362
"789","H2_H1_B03","hypoxic","ambient","hypoxic",2,"hypoxic","ambient","hypoxic",1,"hypoxic_hypoxic",379.54098,162.65902,"0.42856774","MEred",-0.0725136333580316
"790","H2_W2_B16","hypoxic","ambient","hypoxic",2,"warm","warm","normoxic",2,"hypoxic_warm",344.86452,135.63548,"0.393300766","MEred",-0.0689623107872049
"791","H3_B4_B41","hypoxic","ambient","hypoxic",3,"both","warm","hypoxic",4,"hypoxic_both",258.25254,104.94746,"0.406375325","MEred",-0.0834464919083278
"792","H3_C5_B54","hypoxic","ambient","hypoxic",3,"control","ambient","normoxic",5,"hypoxic_control",288.65382,142.14618,"0.492445172","MEred",-0.0847338999623759
"793","H3_H4_B41","hypoxic","ambient","hypoxic",3,"hypoxic","ambient","hypoxic",4,"hypoxic_hypoxic",176.86578,107.73422,"0.609129816","MEred",-0.10139208121381
"794","H3_H6_B66","hypoxic","ambient","hypoxic",3,"hypoxic","ambient","hypoxic",6,"hypoxic_hypoxic",212.9673,84.3327,"0.395988962","MEred",-0.0524452682819604
"795","H3_W3_B30","hypoxic","ambient","hypoxic",3,"warm","warm","normoxic",3,"hypoxic_warm",125.40528,45.09472,"0.359591877","MEred",0.15544741959306
"796","H3_W6_B66","hypoxic","ambient","hypoxic",3,"warm","warm","normoxic",6,"hypoxic_warm",412.79238,146.30762,"0.354433917","MEred",-0.0765166996908928
"797","H4_H2_B19","hypoxic","ambient","hypoxic",4,"hypoxic","ambient","hypoxic",2,"hypoxic_hypoxic",102.1293,35.6707,"0.349269994","MEred",0.0866913001343138
"798","H4_W1_B07","hypoxic","ambient","hypoxic",4,"warm","warm","normoxic",1,"hypoxic_warm",242.89356,89.60644,"0.368912375","MEred",0.138838366778748
"799","H5_B1_B09","hypoxic","ambient","hypoxic",5,"both","warm","hypoxic",1,"hypoxic_both",224.52612,127.47388,"0.567746327","MEred",-0.0296853833447743
"800","H5_B3_B34","hypoxic","ambient","hypoxic",5,"both","warm","hypoxic",3,"hypoxic_both",82.81182,41.28818,"0.498578343","MEred",-0.0445596418899027
"801","H5_C2_B22","hypoxic","ambient","hypoxic",5,"control","ambient","normoxic",2,"hypoxic_control",489.42894,179.67106,"0.367103466","MEred",-0.0505410975614384
"802","H5_C4_B46","hypoxic","ambient","hypoxic",5,"control","ambient","normoxic",4,"hypoxic_control",275.82828,148.47172,"0.538275916","MEred",0.206402654869117
"803","H6_C3_B36","hypoxic","ambient","hypoxic",6,"control","ambient","normoxic",3,"hypoxic_control",205.0503,97.6497,"0.476223151","MEred",0.000575620070400283
"804","H6_H3_B35","hypoxic","ambient","hypoxic",6,"hypoxic","ambient","hypoxic",3,"hypoxic_hypoxic",290.71224,108.38776,"0.372835213","MEred",-0.0646033908902532
"805","W1_C1_G02","warm","warm","normoxic",1,"control","ambient","normoxic",1,"warm_control",155.1732,66.3268,"0.427437212","MEred",-0.063715139759469
"806","W1_C6_G61","warm","warm","normoxic",1,"control","ambient","normoxic",6,"warm_control",261.10266,98.09734,"0.3757041","MEred",0.11977974491485
"807","W1_H5_G49","warm","warm","normoxic",1,"hypoxic","ambient","hypoxic",5,"warm_hypoxic",146.4645,52.7355,"0.360056532","MEred",-0.0366139566226314
"808","W1_W1_G01","warm","warm","normoxic",1,"warm","warm","normoxic",1,"warm_warm",303.53778,134.56222,"0.443312921","MEred",-0.048371088747302
"809","W1_W6_G62","warm","warm","normoxic",1,"warm","warm","normoxic",6,"warm_warm",244.6353,81.5647,"0.333413453","MEred",-0.0567590300090532
"810","W2_B1_G04","warm","warm","normoxic",2,"both","warm","hypoxic",2,"warm_both",82.02012,50.17988,"0.611799641","MEred",0.208997703938167
"811","W2_B6_G64","warm","warm","normoxic",2,"both","warm","hypoxic",6,"warm_both",151.53138,63.86862,"0.421487747","MEred",0.130643461430714
"812","W2_C2_G15","warm","warm","normoxic",2,"control","ambient","normoxic",2,"warm_control",478.50348,95.79652,"0.200200258","MEred",-0.0727898388449717
"813","W3_B5_G54","warm","warm","normoxic",3,"both","warm","hypoxic",5,"warm_both",338.68926,134.21074,"0.396265119","MEred",0.364166389150865
"814","W3_C3_G29","warm","warm","normoxic",3,"control","ambient","normoxic",3,"warm_control",360.85686,168.24314,"0.466232345","MEred",0.111701902010765
"815","W3_H2_G18","warm","warm","normoxic",3,"hypoxic","ambient","hypoxic",2,"warm_hypoxic",532.49742,88.60258,"0.166390628","MEred",-0.0334047980357305
"816","W3_H3_G30","warm","warm","normoxic",3,"hypoxic","ambient","hypoxic",3,"warm_hypoxic",133.63896,79.96104,"0.598336294","MEred",-0.0628422991402939
"817","W4_C5_G55","warm","warm","normoxic",4,"control","ambient","normoxic",5,"warm_control",238.77672,114.72328,"0.480462584","MEred",0.032861887645548
"818","W4_H1_G08","warm","warm","normoxic",4,"hypoxic","ambient","hypoxic",1,"warm_hypoxic",413.58408,264.11592,"0.638602724","MEred",-0.0590173163334718
"819","W4_W5_G56","warm","warm","normoxic",4,"warm","warm","normoxic",5,"warm_warm",227.37624,129.82376,"0.570964495","MEred",0.0548356353299114
"820","W5_B2_G21","warm","warm","normoxic",5,"both","warm","hypoxic",2,"warm_both",396.16668,270.53332,"0.68287752","MEred",-0.0522726000042844
"821","W5_C4_G45","warm","warm","normoxic",5,"control","ambient","normoxic",4,"warm_control",399.65016,213.34984,"0.533841498","MEred",-0.070090123911836
"822","W5_H4_G46","warm","warm","normoxic",5,"hypoxic","ambient","hypoxic",4,"warm_hypoxic",82.97016,29.12984,"0.35108815","MEred",0.112650427828322
"823","W5_W2_G22","warm","warm","normoxic",5,"warm","warm","normoxic",2,"warm_warm",222.62604,90.67396,"0.407292696","MEred",0.0802408783539468
"824","W6_B3_G35","warm","warm","normoxic",6,"both","warm","hypoxic",3,"warm_both",226.90122,122.39878,"0.539436412","MEred",-0.0569271781593488
"825","W6_B4_G48","warm","warm","normoxic",6,"both","warm","hypoxic",4,"warm_both",413.42574,199.37426,"0.482249267","MEred",-0.0365846619395369
"826","W6_H6_G71","warm","warm","normoxic",6,"hypoxic","ambient","hypoxic",6,"warm_hypoxic",228.48462,74.51538,"0.326128647","MEred",-0.0408855833301149
"827","W6_W3_G36","warm","warm","normoxic",6,"warm","warm","normoxic",3,"warm_warm",472.01154,166.28846,"0.352297446","MEred",-0.0343923351370566
"828","W6_W4_G48","warm","warm","normoxic",6,"warm","warm","normoxic",4,"warm_warm",216.9258,67.1742,"0.309664411","MEred",-0.0432862462655693
"829","B1_B1_O01","both","warm","hypoxic",1,"both","warm","hypoxic",1,"both_both",210.27552,120.72448,"0.574125224","MEbrown",0.0358539716995146
"830","B1_W5_O50","both","warm","hypoxic",1,"warm","warm","normoxic",5,"both_warm",315.8883,85.6117,"0.271018901","MEbrown",-0.110507010131483
"831","B2_B5_O51","both","warm","hypoxic",2,"both","warm","hypoxic",5,"both_both",114.32148,44.47852,"0.389065292","MEbrown",-0.188894973921332
"832","B2_C4_O40","both","warm","hypoxic",2,"control","ambient","normoxic",4,"both_control",164.99028,55.10972,"0.33401798","MEbrown",0.0757334769967093
"833","B3_B4_O41","both","warm","hypoxic",3,"both","warm","hypoxic",4,"both_both",197.925,116.175,"0.586964759","MEbrown",-0.151284847500218
"834","B3_C3_O30","both","warm","hypoxic",3,"control","ambient","normoxic",3,"both_control",316.04664,241.35336,"0.763663743","MEbrown",-0.101547930298579
"835","B3_C6_O66","both","warm","hypoxic",3,"control","ambient","normoxic",6,"both_control",97.06242,22.23758,"0.229105971","MEbrown",-0.06167809063776
"836","B3_H4_O41","both","warm","hypoxic",3,"hypoxic","ambient","hypoxic",4,"both_hypoxic",142.03098,86.96902,"0.612324297","MEbrown",0.0832516157668787
"837","B3_W1_O06","both","warm","hypoxic",3,"warm","warm","normoxic",1,"both_warm",145.19778,46.00222,"0.316824541","MEbrown",-0.0477442576737636
"838","B3_W4_O41","both","warm","hypoxic",3,"warm","warm","normoxic",4,"both_warm",228.32628,183.27372,"0.802683423","MEbrown",0.135538656648235
"839","B4_B2_O19","both","warm","hypoxic",4,"both","warm","hypoxic",2,"both_both",505.57962,264.12038,"0.52241105","MEbrown",0.0583779772610395
"840","B4_B3_O32","both","warm","hypoxic",4,"both","warm","hypoxic",3,"both_both",38.31828,-5.21828,"-0.136182522","MEbrown",-0.04338726211516
"841","B4_C5_O56","both","warm","hypoxic",4,"control","ambient","normoxic",5,"both_control",208.53378,95.26622,"0.456838312","MEbrown",-0.221800184565764
"842","B4_H5_O55","both","warm","hypoxic",4,"hypoxic","ambient","hypoxic",5,"both_hypoxic",200.93346,130.16654,"0.64780918","MEbrown",0.0445857093946336
"843","B4_W2_O19","both","warm","hypoxic",4,"warm","warm","normoxic",2,"both_warm",159.1317,52.4683,"0.329716204","MEbrown",0.121384510335339
"844","B4_W6_O67","both","warm","hypoxic",4,"warm","warm","normoxic",6,"both_warm",483.09534,103.90466,"0.215081065","MEbrown",-0.188730989238605
"845","B5_B6_O69","both","warm","hypoxic",5,"both","warm","hypoxic",6,"both_both",244.00194,159.49806,"0.653675377","MEbrown",0.0430082663234275
"846","B5_H2_O21","both","warm","hypoxic",5,"hypoxic","ambient","hypoxic",2,"both_hypoxic",502.7295,92.8705,"0.184732545","MEbrown",0.105854283358749
"847","B5_W3_O33","both","warm","hypoxic",5,"warm","warm","normoxic",3,"both_warm",188.89962,80.10038,"0.424036745","MEbrown",0.138446412173623
"848","B6_C2_O24","both","warm","hypoxic",6,"control","ambient","normoxic",2,"both_control",534.55584,179.34416,"0.335501264","MEbrown",0.0645434956486805
"849","B6_H3_O35","both","warm","hypoxic",6,"hypoxic","ambient","hypoxic",3,"both_hypoxic",252.23562,84.76438,"0.336052378","MEbrown",-0.0735030118583872
"850","B6_H6_O72","both","warm","hypoxic",6,"hypoxic","ambient","hypoxic",6,"both_hypoxic",116.69658,43.70342,"0.37450472","MEbrown",-0.0143001181454428
"851","C1_H2_W13","control","ambient","normoxic",1,"hypoxic","ambient","hypoxic",2,"control_hypoxic",319.0551,39.8449,"0.124884072","MEbrown",0.0961818772908084
"852","C1_H6_W62","control","ambient","normoxic",1,"hypoxic","ambient","hypoxic",6,"control_hypoxic",93.10392,50.69608,"0.544510693","MEbrown",-0.147894493736597
"853","C2_B2_W16","control","ambient","normoxic",2,"both","warm","hypoxic",2,"control_both",266.64456,157.45544,"0.590506853","MEbrown",0.0958540815983243
"854","C2_C1_W03","control","ambient","normoxic",2,"control","ambient","normoxic",1,"control_control",219.77592,98.02408,"0.44601829","MEbrown",0.113806592617892
"855","C2_H1_W04","control","ambient","normoxic",2,"hypoxic","ambient","hypoxic",1,"control_hypoxic",263.95278,107.74722,"0.408206422","MEbrown",-0.0452512386407191
"856","C2_W2_W15","control","ambient","normoxic",2,"warm","warm","normoxic",2,"control_warm",161.19012,88.80988,"0.550963545","MEbrown",0.0627957804952472
"857","C2_W5_W52","control","ambient","normoxic",NA,"warm","warm","normoxic",5,"control_warm",235.76826,42.43174,"0.179972232","MEbrown",0.0233689695460789
"858","C3_B3_W30","control","ambient","normoxic",3,"both","warm","hypoxic",3,"control_both",135.3807,59.3193,"0.438166592","MEbrown",-0.0010638355290949
"859","C3_C2_W17","control","ambient","normoxic",3,"control","ambient","normoxic",2,"control_control",500.67108,259.22892,"0.517762919","MEbrown",0.0410103349422233
"860","C3_W3_W29","control","ambient","normoxic",3,"warm","warm","normoxic",3,"control_warm",71.09466,25.60534,"0.360158414","MEbrown",0.0449658066761577
"861","C4_B1_W07","control","ambient","normoxic",4,"both","warm","hypoxic",1,"control_both",63.96936,21.53064,"0.336577386","MEbrown",0.0269719029743621
"862","C4_B5_W56","control","ambient","normoxic",4,"both","warm","hypoxic",5,"control_both",317.15502,127.24498,"0.401207523","MEbrown",-0.226717014920521
"863","C4_C6_W67","control","ambient","normoxic",4,"control","ambient","normoxic",6,"control_control",78.85332,35.34668,"0.448258615","MEbrown",-0.0348866838579018
"864","C4_H5_W56","control","ambient","normoxic",4,"hypoxic","ambient","hypoxic",5,"control_hypoxic",217.24248,102.95752,"0.47392904","MEbrown",0.118315447881267
"865","C5_B4_W46","control","ambient","normoxic",5,"both","warm","hypoxic",4,"control_both",217.87584,102.02416,"0.468267432","MEbrown",-0.0837993823126771
"866","C5_C3_W33","control","ambient","normoxic",5,"control","ambient","normoxic",3,"control_control",216.76746,159.93254,"0.737806957","MEbrown",0.03640920417776
"867","C5_W1_W09","control","ambient","normoxic",5,"warm","warm","normoxic",1,"control_warm",345.9729,125.9271,"0.363979664","MEbrown",0.117723027977544
"868","C5_W4_W45","control","ambient","normoxic",5,"warm","warm","normoxic",4,"control_warm",177.3408,65.8592,"0.371370829","MEbrown",0.0404021062653213
"869","C6_B6_W71","control","ambient","normoxic",6,"both","warm","hypoxic",6,"control_both",186.8412,74.7588,"0.40011946","MEbrown",-0.108420844108775
"870","C6_C5_W59","control","ambient","normoxic",6,"control","ambient","normoxic",5,"control_control",348.66468,80.63532,"0.231268966","MEbrown",0.0684143181596443
"871","C6_H3_W36","control","ambient","normoxic",6,"hypoxic","ambient","hypoxic",3,"control_hypoxic",219.3009,110.9991,"0.50614977","MEbrown",-0.0085142928580959
"872","C6_H4_W48","control","ambient","normoxic",6,"hypoxic","ambient","hypoxic",4,"control_hypoxic",94.2123,56.4877,"0.599578824","MEbrown",0.000405030922427339
"873","C6_W6_W72","control","ambient","normoxic",6,"warm","warm","normoxic",6,"control_warm",421.9761,189.7239,"0.449608165","MEbrown",0.0713576522485797
"874","H1_B2_B13","hypoxic","ambient","hypoxic",1,"both","warm","hypoxic",2,"hypoxic_both",175.44072,60.25928,"0.343473739","MEbrown",-0.00245470712927549
"875","H1_B6_B61","hypoxic","ambient","hypoxic",1,"both","warm","hypoxic",6,"hypoxic_both",43.38516,23.01484,"0.530477242","MEbrown",0.028127201868582
"876","H1_C6_B62","hypoxic","ambient","hypoxic",1,"control","ambient","normoxic",6,"hypoxic_control",301.00434,148.89566,"0.494662834","MEbrown",-0.192826949881492
"877","H1_W4_B38","hypoxic","ambient","hypoxic",1,"warm","warm","normoxic",4,"hypoxic_warm",205.842,104.058,"0.505523654","MEbrown",0.0662432090787596
"878","H1_W5_B49","hypoxic","ambient","hypoxic",1,"warm","warm","normoxic",5,"hypoxic_warm",326.02206,188.37794,"0.577807342","MEbrown",-0.204151892663119
"879","H2_B5_B51","hypoxic","ambient","hypoxic",2,"both","warm","hypoxic",5,"hypoxic_both",321.27186,150.12814,"0.467293152","MEbrown",-0.280778218700152
"880","H2_C1_B04","hypoxic","ambient","hypoxic",2,"control","ambient","normoxic",1,"hypoxic_control",199.98342,114.11658,"0.570630205","MEbrown",0.0789075112569487
"881","H2_H1_B03","hypoxic","ambient","hypoxic",2,"hypoxic","ambient","hypoxic",1,"hypoxic_hypoxic",379.54098,162.65902,"0.42856774","MEbrown",0.0138459714911055
"882","H2_W2_B16","hypoxic","ambient","hypoxic",2,"warm","warm","normoxic",2,"hypoxic_warm",344.86452,135.63548,"0.393300766","MEbrown",0.0734752545452536
"883","H3_B4_B41","hypoxic","ambient","hypoxic",3,"both","warm","hypoxic",4,"hypoxic_both",258.25254,104.94746,"0.406375325","MEbrown",-0.0191863371895509
"884","H3_C5_B54","hypoxic","ambient","hypoxic",3,"control","ambient","normoxic",5,"hypoxic_control",288.65382,142.14618,"0.492445172","MEbrown",-0.18737141004146
"885","H3_H4_B41","hypoxic","ambient","hypoxic",3,"hypoxic","ambient","hypoxic",4,"hypoxic_hypoxic",176.86578,107.73422,"0.609129816","MEbrown",0.036909835791274
"886","H3_H6_B66","hypoxic","ambient","hypoxic",3,"hypoxic","ambient","hypoxic",6,"hypoxic_hypoxic",212.9673,84.3327,"0.395988962","MEbrown",0.130765260896235
"887","H3_W3_B30","hypoxic","ambient","hypoxic",3,"warm","warm","normoxic",3,"hypoxic_warm",125.40528,45.09472,"0.359591877","MEbrown",-0.0228735153500842
"888","H3_W6_B66","hypoxic","ambient","hypoxic",3,"warm","warm","normoxic",6,"hypoxic_warm",412.79238,146.30762,"0.354433917","MEbrown",-0.116264311256008
"889","H4_H2_B19","hypoxic","ambient","hypoxic",4,"hypoxic","ambient","hypoxic",2,"hypoxic_hypoxic",102.1293,35.6707,"0.349269994","MEbrown",0.00346390057866157
"890","H4_W1_B07","hypoxic","ambient","hypoxic",4,"warm","warm","normoxic",1,"hypoxic_warm",242.89356,89.60644,"0.368912375","MEbrown",0.134623160231518
"891","H5_B1_B09","hypoxic","ambient","hypoxic",5,"both","warm","hypoxic",1,"hypoxic_both",224.52612,127.47388,"0.567746327","MEbrown",0.0495183795219616
"892","H5_B3_B34","hypoxic","ambient","hypoxic",5,"both","warm","hypoxic",3,"hypoxic_both",82.81182,41.28818,"0.498578343","MEbrown",0.0410508257504109
"893","H5_C2_B22","hypoxic","ambient","hypoxic",5,"control","ambient","normoxic",2,"hypoxic_control",489.42894,179.67106,"0.367103466","MEbrown",0.0340311781924188
"894","H5_C4_B46","hypoxic","ambient","hypoxic",5,"control","ambient","normoxic",4,"hypoxic_control",275.82828,148.47172,"0.538275916","MEbrown",-0.0409133108369388
"895","H6_C3_B36","hypoxic","ambient","hypoxic",6,"control","ambient","normoxic",3,"hypoxic_control",205.0503,97.6497,"0.476223151","MEbrown",0.0327229214706953
"896","H6_H3_B35","hypoxic","ambient","hypoxic",6,"hypoxic","ambient","hypoxic",3,"hypoxic_hypoxic",290.71224,108.38776,"0.372835213","MEbrown",-0.025203398215417
"897","W1_C1_G02","warm","warm","normoxic",1,"control","ambient","normoxic",1,"warm_control",155.1732,66.3268,"0.427437212","MEbrown",0.0504052091518252
"898","W1_C6_G61","warm","warm","normoxic",1,"control","ambient","normoxic",6,"warm_control",261.10266,98.09734,"0.3757041","MEbrown",-0.232467786203069
"899","W1_H5_G49","warm","warm","normoxic",1,"hypoxic","ambient","hypoxic",5,"warm_hypoxic",146.4645,52.7355,"0.360056532","MEbrown",0.0526680846585944
"900","W1_W1_G01","warm","warm","normoxic",1,"warm","warm","normoxic",1,"warm_warm",303.53778,134.56222,"0.443312921","MEbrown",0.100830673015548
"901","W1_W6_G62","warm","warm","normoxic",1,"warm","warm","normoxic",6,"warm_warm",244.6353,81.5647,"0.333413453","MEbrown",0.113015564607174
"902","W2_B1_G04","warm","warm","normoxic",2,"both","warm","hypoxic",2,"warm_both",82.02012,50.17988,"0.611799641","MEbrown",-0.0974642523143586
"903","W2_B6_G64","warm","warm","normoxic",2,"both","warm","hypoxic",6,"warm_both",151.53138,63.86862,"0.421487747","MEbrown",-0.249077872848625
"904","W2_C2_G15","warm","warm","normoxic",2,"control","ambient","normoxic",2,"warm_control",478.50348,95.79652,"0.200200258","MEbrown",0.0718664313186723
"905","W3_B5_G54","warm","warm","normoxic",3,"both","warm","hypoxic",5,"warm_both",338.68926,134.21074,"0.396265119","MEbrown",0.00753060658144323
"906","W3_C3_G29","warm","warm","normoxic",3,"control","ambient","normoxic",3,"warm_control",360.85686,168.24314,"0.466232345","MEbrown",-0.00331081127906218
"907","W3_H2_G18","warm","warm","normoxic",3,"hypoxic","ambient","hypoxic",2,"warm_hypoxic",532.49742,88.60258,"0.166390628","MEbrown",0.0484538061222978
"908","W3_H3_G30","warm","warm","normoxic",3,"hypoxic","ambient","hypoxic",3,"warm_hypoxic",133.63896,79.96104,"0.598336294","MEbrown",-0.00745502294471597
"909","W4_C5_G55","warm","warm","normoxic",4,"control","ambient","normoxic",5,"warm_control",238.77672,114.72328,"0.480462584","MEbrown",-0.189592952342228
"910","W4_H1_G08","warm","warm","normoxic",4,"hypoxic","ambient","hypoxic",1,"warm_hypoxic",413.58408,264.11592,"0.638602724","MEbrown",0.0737450712675285
"911","W4_W5_G56","warm","warm","normoxic",4,"warm","warm","normoxic",5,"warm_warm",227.37624,129.82376,"0.570964495","MEbrown",0.0391198716121018
"912","W5_B2_G21","warm","warm","normoxic",5,"both","warm","hypoxic",2,"warm_both",396.16668,270.53332,"0.68287752","MEbrown",0.154796904087877
"913","W5_C4_G45","warm","warm","normoxic",5,"control","ambient","normoxic",4,"warm_control",399.65016,213.34984,"0.533841498","MEbrown",-0.0709086229210139
"914","W5_H4_G46","warm","warm","normoxic",5,"hypoxic","ambient","hypoxic",4,"warm_hypoxic",82.97016,29.12984,"0.35108815","MEbrown",0.0837091956632045
"915","W5_W2_G22","warm","warm","normoxic",5,"warm","warm","normoxic",2,"warm_warm",222.62604,90.67396,"0.407292696","MEbrown",0.122883848629473
"916","W6_B3_G35","warm","warm","normoxic",6,"both","warm","hypoxic",3,"warm_both",226.90122,122.39878,"0.539436412","MEbrown",0.112949145562825
"917","W6_B4_G48","warm","warm","normoxic",6,"both","warm","hypoxic",4,"warm_both",413.42574,199.37426,"0.482249267","MEbrown",-0.0297806508571412
"918","W6_H6_G71","warm","warm","normoxic",6,"hypoxic","ambient","hypoxic",6,"warm_hypoxic",228.48462,74.51538,"0.326128647","MEbrown",0.0737374234243066
"919","W6_W3_G36","warm","warm","normoxic",6,"warm","warm","normoxic",3,"warm_warm",472.01154,166.28846,"0.352297446","MEbrown",0.0991057424620091
"920","W6_W4_G48","warm","warm","normoxic",6,"warm","warm","normoxic",4,"warm_warm",216.9258,67.1742,"0.309664411","MEbrown",0.038945786805416
"921","B1_B1_O01","both","warm","hypoxic",1,"both","warm","hypoxic",1,"both_both",210.27552,120.72448,"0.574125224","MEgreen",0.0715592574176205
"922","B1_W5_O50","both","warm","hypoxic",1,"warm","warm","normoxic",5,"both_warm",315.8883,85.6117,"0.271018901","MEgreen",0.00412105205837021
"923","B2_B5_O51","both","warm","hypoxic",2,"both","warm","hypoxic",5,"both_both",114.32148,44.47852,"0.389065292","MEgreen",-0.0763766313816978
"924","B2_C4_O40","both","warm","hypoxic",2,"control","ambient","normoxic",4,"both_control",164.99028,55.10972,"0.33401798","MEgreen",0.0426433896881332
"925","B3_B4_O41","both","warm","hypoxic",3,"both","warm","hypoxic",4,"both_both",197.925,116.175,"0.586964759","MEgreen",-0.0297372183662598
"926","B3_C3_O30","both","warm","hypoxic",3,"control","ambient","normoxic",3,"both_control",316.04664,241.35336,"0.763663743","MEgreen",-0.189810608810497
"927","B3_C6_O66","both","warm","hypoxic",3,"control","ambient","normoxic",6,"both_control",97.06242,22.23758,"0.229105971","MEgreen",-0.0525554760892511
"928","B3_H4_O41","both","warm","hypoxic",3,"hypoxic","ambient","hypoxic",4,"both_hypoxic",142.03098,86.96902,"0.612324297","MEgreen",0.127231680238771
"929","B3_W1_O06","both","warm","hypoxic",3,"warm","warm","normoxic",1,"both_warm",145.19778,46.00222,"0.316824541","MEgreen",0.140394479243841
"930","B3_W4_O41","both","warm","hypoxic",3,"warm","warm","normoxic",4,"both_warm",228.32628,183.27372,"0.802683423","MEgreen",0.153339357294263
"931","B4_B2_O19","both","warm","hypoxic",4,"both","warm","hypoxic",2,"both_both",505.57962,264.12038,"0.52241105","MEgreen",-0.0458869075654512
"932","B4_B3_O32","both","warm","hypoxic",4,"both","warm","hypoxic",3,"both_both",38.31828,-5.21828,"-0.136182522","MEgreen",0.0369722094005282
"933","B4_C5_O56","both","warm","hypoxic",4,"control","ambient","normoxic",5,"both_control",208.53378,95.26622,"0.456838312","MEgreen",-0.10272726433732
"934","B4_H5_O55","both","warm","hypoxic",4,"hypoxic","ambient","hypoxic",5,"both_hypoxic",200.93346,130.16654,"0.64780918","MEgreen",-0.0739992470957979
"935","B4_W2_O19","both","warm","hypoxic",4,"warm","warm","normoxic",2,"both_warm",159.1317,52.4683,"0.329716204","MEgreen",0.12817410739647
"936","B4_W6_O67","both","warm","hypoxic",4,"warm","warm","normoxic",6,"both_warm",483.09534,103.90466,"0.215081065","MEgreen",-0.0697462946865396
"937","B5_B6_O69","both","warm","hypoxic",5,"both","warm","hypoxic",6,"both_both",244.00194,159.49806,"0.653675377","MEgreen",-0.0551183419822641
"938","B5_H2_O21","both","warm","hypoxic",5,"hypoxic","ambient","hypoxic",2,"both_hypoxic",502.7295,92.8705,"0.184732545","MEgreen",0.135513608290243
"939","B5_W3_O33","both","warm","hypoxic",5,"warm","warm","normoxic",3,"both_warm",188.89962,80.10038,"0.424036745","MEgreen",0.198943328883909
"940","B6_C2_O24","both","warm","hypoxic",6,"control","ambient","normoxic",2,"both_control",534.55584,179.34416,"0.335501264","MEgreen",-0.00611336626195477
"941","B6_H3_O35","both","warm","hypoxic",6,"hypoxic","ambient","hypoxic",3,"both_hypoxic",252.23562,84.76438,"0.336052378","MEgreen",0.0081048101159006
"942","B6_H6_O72","both","warm","hypoxic",6,"hypoxic","ambient","hypoxic",6,"both_hypoxic",116.69658,43.70342,"0.37450472","MEgreen",0.135718681646469
"943","C1_H2_W13","control","ambient","normoxic",1,"hypoxic","ambient","hypoxic",2,"control_hypoxic",319.0551,39.8449,"0.124884072","MEgreen",0.0932918110879086
"944","C1_H6_W62","control","ambient","normoxic",1,"hypoxic","ambient","hypoxic",6,"control_hypoxic",93.10392,50.69608,"0.544510693","MEgreen",-0.0170687154513571
"945","C2_B2_W16","control","ambient","normoxic",2,"both","warm","hypoxic",2,"control_both",266.64456,157.45544,"0.590506853","MEgreen",0.0374163352132304
"946","C2_C1_W03","control","ambient","normoxic",2,"control","ambient","normoxic",1,"control_control",219.77592,98.02408,"0.44601829","MEgreen",0.0126179585942364
"947","C2_H1_W04","control","ambient","normoxic",2,"hypoxic","ambient","hypoxic",1,"control_hypoxic",263.95278,107.74722,"0.408206422","MEgreen",-0.084681619853302
"948","C2_W2_W15","control","ambient","normoxic",2,"warm","warm","normoxic",2,"control_warm",161.19012,88.80988,"0.550963545","MEgreen",-0.065911506636945
"949","C2_W5_W52","control","ambient","normoxic",NA,"warm","warm","normoxic",5,"control_warm",235.76826,42.43174,"0.179972232","MEgreen",-0.0875829040630729
"950","C3_B3_W30","control","ambient","normoxic",3,"both","warm","hypoxic",3,"control_both",135.3807,59.3193,"0.438166592","MEgreen",-0.0633633138350983
"951","C3_C2_W17","control","ambient","normoxic",3,"control","ambient","normoxic",2,"control_control",500.67108,259.22892,"0.517762919","MEgreen",-0.13778557425681
"952","C3_W3_W29","control","ambient","normoxic",3,"warm","warm","normoxic",3,"control_warm",71.09466,25.60534,"0.360158414","MEgreen",0.182827055706953
"953","C4_B1_W07","control","ambient","normoxic",4,"both","warm","hypoxic",1,"control_both",63.96936,21.53064,"0.336577386","MEgreen",0.00493524962254727
"954","C4_B5_W56","control","ambient","normoxic",4,"both","warm","hypoxic",5,"control_both",317.15502,127.24498,"0.401207523","MEgreen",-0.198283722396111
"955","C4_C6_W67","control","ambient","normoxic",4,"control","ambient","normoxic",6,"control_control",78.85332,35.34668,"0.448258615","MEgreen",0.0242003272043365
"956","C4_H5_W56","control","ambient","normoxic",4,"hypoxic","ambient","hypoxic",5,"control_hypoxic",217.24248,102.95752,"0.47392904","MEgreen",0.160723672486691
"957","C5_B4_W46","control","ambient","normoxic",5,"both","warm","hypoxic",4,"control_both",217.87584,102.02416,"0.468267432","MEgreen",-8.84031774188996e-06
"958","C5_C3_W33","control","ambient","normoxic",5,"control","ambient","normoxic",3,"control_control",216.76746,159.93254,"0.737806957","MEgreen",-0.234395050306165
"959","C5_W1_W09","control","ambient","normoxic",5,"warm","warm","normoxic",1,"control_warm",345.9729,125.9271,"0.363979664","MEgreen",-0.024440146504469
"960","C5_W4_W45","control","ambient","normoxic",5,"warm","warm","normoxic",4,"control_warm",177.3408,65.8592,"0.371370829","MEgreen",-0.0052903012794842
"961","C6_B6_W71","control","ambient","normoxic",6,"both","warm","hypoxic",6,"control_both",186.8412,74.7588,"0.40011946","MEgreen",-0.0128403463168596
"962","C6_C5_W59","control","ambient","normoxic",6,"control","ambient","normoxic",5,"control_control",348.66468,80.63532,"0.231268966","MEgreen",-0.0497502565849408
"963","C6_H3_W36","control","ambient","normoxic",6,"hypoxic","ambient","hypoxic",3,"control_hypoxic",219.3009,110.9991,"0.50614977","MEgreen",0.0226496742926122
"964","C6_H4_W48","control","ambient","normoxic",6,"hypoxic","ambient","hypoxic",4,"control_hypoxic",94.2123,56.4877,"0.599578824","MEgreen",0.101862846786623
"965","C6_W6_W72","control","ambient","normoxic",6,"warm","warm","normoxic",6,"control_warm",421.9761,189.7239,"0.449608165","MEgreen",0.163581643441347
"966","H1_B2_B13","hypoxic","ambient","hypoxic",1,"both","warm","hypoxic",2,"hypoxic_both",175.44072,60.25928,"0.343473739","MEgreen",0.00740888887741954
"967","H1_B6_B61","hypoxic","ambient","hypoxic",1,"both","warm","hypoxic",6,"hypoxic_both",43.38516,23.01484,"0.530477242","MEgreen",0.118175418080023
"968","H1_C6_B62","hypoxic","ambient","hypoxic",1,"control","ambient","normoxic",6,"hypoxic_control",301.00434,148.89566,"0.494662834","MEgreen",-7.17637406285436e-05
"969","H1_W4_B38","hypoxic","ambient","hypoxic",1,"warm","warm","normoxic",4,"hypoxic_warm",205.842,104.058,"0.505523654","MEgreen",-0.0839617120722796
"970","H1_W5_B49","hypoxic","ambient","hypoxic",1,"warm","warm","normoxic",5,"hypoxic_warm",326.02206,188.37794,"0.577807342","MEgreen",0.108747754132518
"971","H2_B5_B51","hypoxic","ambient","hypoxic",2,"both","warm","hypoxic",5,"hypoxic_both",321.27186,150.12814,"0.467293152","MEgreen",-0.120481317736077
"972","H2_C1_B04","hypoxic","ambient","hypoxic",2,"control","ambient","normoxic",1,"hypoxic_control",199.98342,114.11658,"0.570630205","MEgreen",-0.0718823790876263
"973","H2_H1_B03","hypoxic","ambient","hypoxic",2,"hypoxic","ambient","hypoxic",1,"hypoxic_hypoxic",379.54098,162.65902,"0.42856774","MEgreen",-0.0579098108787932
"974","H2_W2_B16","hypoxic","ambient","hypoxic",2,"warm","warm","normoxic",2,"hypoxic_warm",344.86452,135.63548,"0.393300766","MEgreen",-0.00437604144765678
"975","H3_B4_B41","hypoxic","ambient","hypoxic",3,"both","warm","hypoxic",4,"hypoxic_both",258.25254,104.94746,"0.406375325","MEgreen",-0.205758875148329
"976","H3_C5_B54","hypoxic","ambient","hypoxic",3,"control","ambient","normoxic",5,"hypoxic_control",288.65382,142.14618,"0.492445172","MEgreen",-0.14335022902333
"977","H3_H4_B41","hypoxic","ambient","hypoxic",3,"hypoxic","ambient","hypoxic",4,"hypoxic_hypoxic",176.86578,107.73422,"0.609129816","MEgreen",0.0280143771850724
"978","H3_H6_B66","hypoxic","ambient","hypoxic",3,"hypoxic","ambient","hypoxic",6,"hypoxic_hypoxic",212.9673,84.3327,"0.395988962","MEgreen",0.0675656709340827
"979","H3_W3_B30","hypoxic","ambient","hypoxic",3,"warm","warm","normoxic",3,"hypoxic_warm",125.40528,45.09472,"0.359591877","MEgreen",0.142325403914291
"980","H3_W6_B66","hypoxic","ambient","hypoxic",3,"warm","warm","normoxic",6,"hypoxic_warm",412.79238,146.30762,"0.354433917","MEgreen",-0.0706719758594139
"981","H4_H2_B19","hypoxic","ambient","hypoxic",4,"hypoxic","ambient","hypoxic",2,"hypoxic_hypoxic",102.1293,35.6707,"0.349269994","MEgreen",-0.00931939163748324
"982","H4_W1_B07","hypoxic","ambient","hypoxic",4,"warm","warm","normoxic",1,"hypoxic_warm",242.89356,89.60644,"0.368912375","MEgreen",0.203543093421318
"983","H5_B1_B09","hypoxic","ambient","hypoxic",5,"both","warm","hypoxic",1,"hypoxic_both",224.52612,127.47388,"0.567746327","MEgreen",0.12857094205491
"984","H5_B3_B34","hypoxic","ambient","hypoxic",5,"both","warm","hypoxic",3,"hypoxic_both",82.81182,41.28818,"0.498578343","MEgreen",0.0830891420719535
"985","H5_C2_B22","hypoxic","ambient","hypoxic",5,"control","ambient","normoxic",2,"hypoxic_control",489.42894,179.67106,"0.367103466","MEgreen",-0.124718049333602
"986","H5_C4_B46","hypoxic","ambient","hypoxic",5,"control","ambient","normoxic",4,"hypoxic_control",275.82828,148.47172,"0.538275916","MEgreen",0.00988608162634446
"987","H6_C3_B36","hypoxic","ambient","hypoxic",6,"control","ambient","normoxic",3,"hypoxic_control",205.0503,97.6497,"0.476223151","MEgreen",-0.0823272678687751
"988","H6_H3_B35","hypoxic","ambient","hypoxic",6,"hypoxic","ambient","hypoxic",3,"hypoxic_hypoxic",290.71224,108.38776,"0.372835213","MEgreen",-0.0728618166533642
"989","W1_C1_G02","warm","warm","normoxic",1,"control","ambient","normoxic",1,"warm_control",155.1732,66.3268,"0.427437212","MEgreen",0.0181265591857906
"990","W1_C6_G61","warm","warm","normoxic",1,"control","ambient","normoxic",6,"warm_control",261.10266,98.09734,"0.3757041","MEgreen",-0.19473085567642
"991","W1_H5_G49","warm","warm","normoxic",1,"hypoxic","ambient","hypoxic",5,"warm_hypoxic",146.4645,52.7355,"0.360056532","MEgreen",0.0190659539460387
"992","W1_W1_G01","warm","warm","normoxic",1,"warm","warm","normoxic",1,"warm_warm",303.53778,134.56222,"0.443312921","MEgreen",-0.0122444184015223
"993","W1_W6_G62","warm","warm","normoxic",1,"warm","warm","normoxic",6,"warm_warm",244.6353,81.5647,"0.333413453","MEgreen",0.0285241386133562
"994","W2_B1_G04","warm","warm","normoxic",2,"both","warm","hypoxic",2,"warm_both",82.02012,50.17988,"0.611799641","MEgreen",-0.28459500554222
"995","W2_B6_G64","warm","warm","normoxic",2,"both","warm","hypoxic",6,"warm_both",151.53138,63.86862,"0.421487747","MEgreen",-0.00333474222792242
"996","W2_C2_G15","warm","warm","normoxic",2,"control","ambient","normoxic",2,"warm_control",478.50348,95.79652,"0.200200258","MEgreen",-0.154069772012958
"997","W3_B5_G54","warm","warm","normoxic",3,"both","warm","hypoxic",5,"warm_both",338.68926,134.21074,"0.396265119","MEgreen",-0.0439873487414901
"998","W3_C3_G29","warm","warm","normoxic",3,"control","ambient","normoxic",3,"warm_control",360.85686,168.24314,"0.466232345","MEgreen",-0.0484718753672664
"999","W3_H2_G18","warm","warm","normoxic",3,"hypoxic","ambient","hypoxic",2,"warm_hypoxic",532.49742,88.60258,"0.166390628","MEgreen",0.0861228989946902
"1000","W3_H3_G30","warm","warm","normoxic",3,"hypoxic","ambient","hypoxic",3,"warm_hypoxic",133.63896,79.96104,"0.598336294","MEgreen",-0.0109938509153532
"1001","W4_C5_G55","warm","warm","normoxic",4,"control","ambient","normoxic",5,"warm_control",238.77672,114.72328,"0.480462584","MEgreen",-0.0654150257211955
"1002","W4_H1_G08","warm","warm","normoxic",4,"hypoxic","ambient","hypoxic",1,"warm_hypoxic",413.58408,264.11592,"0.638602724","MEgreen",0.155302006485074
"1003","W4_W5_G56","warm","warm","normoxic",4,"warm","warm","normoxic",5,"warm_warm",227.37624,129.82376,"0.570964495","MEgreen",-0.0303686857911791
"1004","W5_B2_G21","warm","warm","normoxic",5,"both","warm","hypoxic",2,"warm_both",396.16668,270.53332,"0.68287752","MEgreen",0.160076099251001
"1005","W5_C4_G45","warm","warm","normoxic",5,"control","ambient","normoxic",4,"warm_control",399.65016,213.34984,"0.533841498","MEgreen",-0.140165466663975
"1006","W5_H4_G46","warm","warm","normoxic",5,"hypoxic","ambient","hypoxic",4,"warm_hypoxic",82.97016,29.12984,"0.35108815","MEgreen",0.0720410135692137
"1007","W5_W2_G22","warm","warm","normoxic",5,"warm","warm","normoxic",2,"warm_warm",222.62604,90.67396,"0.407292696","MEgreen",0.1241404662976
"1008","W6_B3_G35","warm","warm","normoxic",6,"both","warm","hypoxic",3,"warm_both",226.90122,122.39878,"0.539436412","MEgreen",0.14826017183285
"1009","W6_B4_G48","warm","warm","normoxic",6,"both","warm","hypoxic",4,"warm_both",413.42574,199.37426,"0.482249267","MEgreen",-0.00544902294638804
"1010","W6_H6_G71","warm","warm","normoxic",6,"hypoxic","ambient","hypoxic",6,"warm_hypoxic",228.48462,74.51538,"0.326128647","MEgreen",-0.0408078033425132
"1011","W6_W3_G36","warm","warm","normoxic",6,"warm","warm","normoxic",3,"warm_warm",472.01154,166.28846,"0.352297446","MEgreen",0.0501989373027526
"1012","W6_W4_G48","warm","warm","normoxic",6,"warm","warm","normoxic",4,"warm_warm",216.9258,67.1742,"0.309664411","MEgreen",0.0197906043298453
"1013","B1_B1_O01","both","warm","hypoxic",1,"both","warm","hypoxic",1,"both_both",210.27552,120.72448,"0.574125224","MEsalmon",0.103431017391633
"1014","B1_W5_O50","both","warm","hypoxic",1,"warm","warm","normoxic",5,"both_warm",315.8883,85.6117,"0.271018901","MEsalmon",0.0546643062451045
"1015","B2_B5_O51","both","warm","hypoxic",2,"both","warm","hypoxic",5,"both_both",114.32148,44.47852,"0.389065292","MEsalmon",0.0319029909377532
"1016","B2_C4_O40","both","warm","hypoxic",2,"control","ambient","normoxic",4,"both_control",164.99028,55.10972,"0.33401798","MEsalmon",0.110886747427272
"1017","B3_B4_O41","both","warm","hypoxic",3,"both","warm","hypoxic",4,"both_both",197.925,116.175,"0.586964759","MEsalmon",0.0575933050341668
"1018","B3_C3_O30","both","warm","hypoxic",3,"control","ambient","normoxic",3,"both_control",316.04664,241.35336,"0.763663743","MEsalmon",-0.0617710042742389
"1019","B3_C6_O66","both","warm","hypoxic",3,"control","ambient","normoxic",6,"both_control",97.06242,22.23758,"0.229105971","MEsalmon",-0.023606980079258
"1020","B3_H4_O41","both","warm","hypoxic",3,"hypoxic","ambient","hypoxic",4,"both_hypoxic",142.03098,86.96902,"0.612324297","MEsalmon",-0.117258358722797
"1021","B3_W1_O06","both","warm","hypoxic",3,"warm","warm","normoxic",1,"both_warm",145.19778,46.00222,"0.316824541","MEsalmon",0.0213578058605384
"1022","B3_W4_O41","both","warm","hypoxic",3,"warm","warm","normoxic",4,"both_warm",228.32628,183.27372,"0.802683423","MEsalmon",0.120078352091292
"1023","B4_B2_O19","both","warm","hypoxic",4,"both","warm","hypoxic",2,"both_both",505.57962,264.12038,"0.52241105","MEsalmon",-0.00335801765350894
"1024","B4_B3_O32","both","warm","hypoxic",4,"both","warm","hypoxic",3,"both_both",38.31828,-5.21828,"-0.136182522","MEsalmon",0.0082770161448764
"1025","B4_C5_O56","both","warm","hypoxic",4,"control","ambient","normoxic",5,"both_control",208.53378,95.26622,"0.456838312","MEsalmon",-0.0342567793027857
"1026","B4_H5_O55","both","warm","hypoxic",4,"hypoxic","ambient","hypoxic",5,"both_hypoxic",200.93346,130.16654,"0.64780918","MEsalmon",-0.318699710623095
"1027","B4_W2_O19","both","warm","hypoxic",4,"warm","warm","normoxic",2,"both_warm",159.1317,52.4683,"0.329716204","MEsalmon",0.0760637013874397
"1028","B4_W6_O67","both","warm","hypoxic",4,"warm","warm","normoxic",6,"both_warm",483.09534,103.90466,"0.215081065","MEsalmon",-0.0305031720036075
"1029","B5_B6_O69","both","warm","hypoxic",5,"both","warm","hypoxic",6,"both_both",244.00194,159.49806,"0.653675377","MEsalmon",0.0152939350804586
"1030","B5_H2_O21","both","warm","hypoxic",5,"hypoxic","ambient","hypoxic",2,"both_hypoxic",502.7295,92.8705,"0.184732545","MEsalmon",-0.194677537394187
"1031","B5_W3_O33","both","warm","hypoxic",5,"warm","warm","normoxic",3,"both_warm",188.89962,80.10038,"0.424036745","MEsalmon",-0.0502798260998958
"1032","B6_C2_O24","both","warm","hypoxic",6,"control","ambient","normoxic",2,"both_control",534.55584,179.34416,"0.335501264","MEsalmon",0.0263906561445372
"1033","B6_H3_O35","both","warm","hypoxic",6,"hypoxic","ambient","hypoxic",3,"both_hypoxic",252.23562,84.76438,"0.336052378","MEsalmon",0.0908585131307809
"1034","B6_H6_O72","both","warm","hypoxic",6,"hypoxic","ambient","hypoxic",6,"both_hypoxic",116.69658,43.70342,"0.37450472","MEsalmon",0.0739158216405432
"1035","C1_H2_W13","control","ambient","normoxic",1,"hypoxic","ambient","hypoxic",2,"control_hypoxic",319.0551,39.8449,"0.124884072","MEsalmon",-0.127769783242232
"1036","C1_H6_W62","control","ambient","normoxic",1,"hypoxic","ambient","hypoxic",6,"control_hypoxic",93.10392,50.69608,"0.544510693","MEsalmon",0.0439490543150999
"1037","C2_B2_W16","control","ambient","normoxic",2,"both","warm","hypoxic",2,"control_both",266.64456,157.45544,"0.590506853","MEsalmon",0.099713464218684
"1038","C2_C1_W03","control","ambient","normoxic",2,"control","ambient","normoxic",1,"control_control",219.77592,98.02408,"0.44601829","MEsalmon",0.085957698716581
"1039","C2_H1_W04","control","ambient","normoxic",2,"hypoxic","ambient","hypoxic",1,"control_hypoxic",263.95278,107.74722,"0.408206422","MEsalmon",-0.128376101542255
"1040","C2_W2_W15","control","ambient","normoxic",2,"warm","warm","normoxic",2,"control_warm",161.19012,88.80988,"0.550963545","MEsalmon",0.020992901484014
"1041","C2_W5_W52","control","ambient","normoxic",NA,"warm","warm","normoxic",5,"control_warm",235.76826,42.43174,"0.179972232","MEsalmon",-0.0174081667745206
"1042","C3_B3_W30","control","ambient","normoxic",3,"both","warm","hypoxic",3,"control_both",135.3807,59.3193,"0.438166592","MEsalmon",0.0540396427463124
"1043","C3_C2_W17","control","ambient","normoxic",3,"control","ambient","normoxic",2,"control_control",500.67108,259.22892,"0.517762919","MEsalmon",-0.0352934383591713
"1044","C3_W3_W29","control","ambient","normoxic",3,"warm","warm","normoxic",3,"control_warm",71.09466,25.60534,"0.360158414","MEsalmon",0.125230212589313
"1045","C4_B1_W07","control","ambient","normoxic",4,"both","warm","hypoxic",1,"control_both",63.96936,21.53064,"0.336577386","MEsalmon",0.070391607893103
"1046","C4_B5_W56","control","ambient","normoxic",4,"both","warm","hypoxic",5,"control_both",317.15502,127.24498,"0.401207523","MEsalmon",-0.103502161388234
"1047","C4_C6_W67","control","ambient","normoxic",4,"control","ambient","normoxic",6,"control_control",78.85332,35.34668,"0.448258615","MEsalmon",0.0517469681885337
"1048","C4_H5_W56","control","ambient","normoxic",4,"hypoxic","ambient","hypoxic",5,"control_hypoxic",217.24248,102.95752,"0.47392904","MEsalmon",0.161531577109876
"1049","C5_B4_W46","control","ambient","normoxic",5,"both","warm","hypoxic",4,"control_both",217.87584,102.02416,"0.468267432","MEsalmon",-0.242827600974896
"1050","C5_C3_W33","control","ambient","normoxic",5,"control","ambient","normoxic",3,"control_control",216.76746,159.93254,"0.737806957","MEsalmon",-0.0571962445819087
"1051","C5_W1_W09","control","ambient","normoxic",5,"warm","warm","normoxic",1,"control_warm",345.9729,125.9271,"0.363979664","MEsalmon",0.0684183341271552
"1052","C5_W4_W45","control","ambient","normoxic",5,"warm","warm","normoxic",4,"control_warm",177.3408,65.8592,"0.371370829","MEsalmon",0.044720861360855
"1053","C6_B6_W71","control","ambient","normoxic",6,"both","warm","hypoxic",6,"control_both",186.8412,74.7588,"0.40011946","MEsalmon",0.00814575803961186
"1054","C6_C5_W59","control","ambient","normoxic",6,"control","ambient","normoxic",5,"control_control",348.66468,80.63532,"0.231268966","MEsalmon",0.0152824894503381
"1055","C6_H3_W36","control","ambient","normoxic",6,"hypoxic","ambient","hypoxic",3,"control_hypoxic",219.3009,110.9991,"0.50614977","MEsalmon",0.106219028285225
"1056","C6_H4_W48","control","ambient","normoxic",6,"hypoxic","ambient","hypoxic",4,"control_hypoxic",94.2123,56.4877,"0.599578824","MEsalmon",0.109824982659556
"1057","C6_W6_W72","control","ambient","normoxic",6,"warm","warm","normoxic",6,"control_warm",421.9761,189.7239,"0.449608165","MEsalmon",-0.0798731409117467
"1058","H1_B2_B13","hypoxic","ambient","hypoxic",1,"both","warm","hypoxic",2,"hypoxic_both",175.44072,60.25928,"0.343473739","MEsalmon",0.0266078890485201
"1059","H1_B6_B61","hypoxic","ambient","hypoxic",1,"both","warm","hypoxic",6,"hypoxic_both",43.38516,23.01484,"0.530477242","MEsalmon",0.126492026340559
"1060","H1_C6_B62","hypoxic","ambient","hypoxic",1,"control","ambient","normoxic",6,"hypoxic_control",301.00434,148.89566,"0.494662834","MEsalmon",0.0308908193156469
"1061","H1_W4_B38","hypoxic","ambient","hypoxic",1,"warm","warm","normoxic",4,"hypoxic_warm",205.842,104.058,"0.505523654","MEsalmon",-0.110093606131602
"1062","H1_W5_B49","hypoxic","ambient","hypoxic",1,"warm","warm","normoxic",5,"hypoxic_warm",326.02206,188.37794,"0.577807342","MEsalmon",0.147757199803619
"1063","H2_B5_B51","hypoxic","ambient","hypoxic",2,"both","warm","hypoxic",5,"hypoxic_both",321.27186,150.12814,"0.467293152","MEsalmon",0.000467433134875078
"1064","H2_C1_B04","hypoxic","ambient","hypoxic",2,"control","ambient","normoxic",1,"hypoxic_control",199.98342,114.11658,"0.570630205","MEsalmon",0.0375877294811292
"1065","H2_H1_B03","hypoxic","ambient","hypoxic",2,"hypoxic","ambient","hypoxic",1,"hypoxic_hypoxic",379.54098,162.65902,"0.42856774","MEsalmon",0.060044139259957
"1066","H2_W2_B16","hypoxic","ambient","hypoxic",2,"warm","warm","normoxic",2,"hypoxic_warm",344.86452,135.63548,"0.393300766","MEsalmon",-0.0218212946105195
"1067","H3_B4_B41","hypoxic","ambient","hypoxic",3,"both","warm","hypoxic",4,"hypoxic_both",258.25254,104.94746,"0.406375325","MEsalmon",-0.202628940720162
"1068","H3_C5_B54","hypoxic","ambient","hypoxic",3,"control","ambient","normoxic",5,"hypoxic_control",288.65382,142.14618,"0.492445172","MEsalmon",-0.0187225628330431
"1069","H3_H4_B41","hypoxic","ambient","hypoxic",3,"hypoxic","ambient","hypoxic",4,"hypoxic_hypoxic",176.86578,107.73422,"0.609129816","MEsalmon",-0.0327720055091917
"1070","H3_H6_B66","hypoxic","ambient","hypoxic",3,"hypoxic","ambient","hypoxic",6,"hypoxic_hypoxic",212.9673,84.3327,"0.395988962","MEsalmon",0.0916446279826636
"1071","H3_W3_B30","hypoxic","ambient","hypoxic",3,"warm","warm","normoxic",3,"hypoxic_warm",125.40528,45.09472,"0.359591877","MEsalmon",0.095908764922783
"1072","H3_W6_B66","hypoxic","ambient","hypoxic",3,"warm","warm","normoxic",6,"hypoxic_warm",412.79238,146.30762,"0.354433917","MEsalmon",-0.015382165596079
"1073","H4_H2_B19","hypoxic","ambient","hypoxic",4,"hypoxic","ambient","hypoxic",2,"hypoxic_hypoxic",102.1293,35.6707,"0.349269994","MEsalmon",0.0223664779428826
"1074","H4_W1_B07","hypoxic","ambient","hypoxic",4,"warm","warm","normoxic",1,"hypoxic_warm",242.89356,89.60644,"0.368912375","MEsalmon",0.151367910240286
"1075","H5_B1_B09","hypoxic","ambient","hypoxic",5,"both","warm","hypoxic",1,"hypoxic_both",224.52612,127.47388,"0.567746327","MEsalmon",0.163035082620513
"1076","H5_B3_B34","hypoxic","ambient","hypoxic",5,"both","warm","hypoxic",3,"hypoxic_both",82.81182,41.28818,"0.498578343","MEsalmon",0.083706320675378
"1077","H5_C2_B22","hypoxic","ambient","hypoxic",5,"control","ambient","normoxic",2,"hypoxic_control",489.42894,179.67106,"0.367103466","MEsalmon",0.00383853118753041
"1078","H5_C4_B46","hypoxic","ambient","hypoxic",5,"control","ambient","normoxic",4,"hypoxic_control",275.82828,148.47172,"0.538275916","MEsalmon",0.0637966656090198
"1079","H6_C3_B36","hypoxic","ambient","hypoxic",6,"control","ambient","normoxic",3,"hypoxic_control",205.0503,97.6497,"0.476223151","MEsalmon",-0.0903685085375118
"1080","H6_H3_B35","hypoxic","ambient","hypoxic",6,"hypoxic","ambient","hypoxic",3,"hypoxic_hypoxic",290.71224,108.38776,"0.372835213","MEsalmon",0.0449204935515543
"1081","W1_C1_G02","warm","warm","normoxic",1,"control","ambient","normoxic",1,"warm_control",155.1732,66.3268,"0.427437212","MEsalmon",0.00686359546382866
"1082","W1_C6_G61","warm","warm","normoxic",1,"control","ambient","normoxic",6,"warm_control",261.10266,98.09734,"0.3757041","MEsalmon",-0.0804337550474128
"1083","W1_H5_G49","warm","warm","normoxic",1,"hypoxic","ambient","hypoxic",5,"warm_hypoxic",146.4645,52.7355,"0.360056532","MEsalmon",-0.105156785131532
"1084","W1_W1_G01","warm","warm","normoxic",1,"warm","warm","normoxic",1,"warm_warm",303.53778,134.56222,"0.443312921","MEsalmon",0.0501265995145741
"1085","W1_W6_G62","warm","warm","normoxic",1,"warm","warm","normoxic",6,"warm_warm",244.6353,81.5647,"0.333413453","MEsalmon",-0.0175487252286146
"1086","W2_B1_G04","warm","warm","normoxic",2,"both","warm","hypoxic",2,"warm_both",82.02012,50.17988,"0.611799641","MEsalmon",-0.429119987941531
"1087","W2_B6_G64","warm","warm","normoxic",2,"both","warm","hypoxic",6,"warm_both",151.53138,63.86862,"0.421487747","MEsalmon",-0.0879162341477038
"1088","W2_C2_G15","warm","warm","normoxic",2,"control","ambient","normoxic",2,"warm_control",478.50348,95.79652,"0.200200258","MEsalmon",-0.101700170262493
"1089","W3_B5_G54","warm","warm","normoxic",3,"both","warm","hypoxic",5,"warm_both",338.68926,134.21074,"0.396265119","MEsalmon",-0.0790731639125468
"1090","W3_C3_G29","warm","warm","normoxic",3,"control","ambient","normoxic",3,"warm_control",360.85686,168.24314,"0.466232345","MEsalmon",-0.0931941425551575
"1091","W3_H2_G18","warm","warm","normoxic",3,"hypoxic","ambient","hypoxic",2,"warm_hypoxic",532.49742,88.60258,"0.166390628","MEsalmon",0.0309690098448611
"1092","W3_H3_G30","warm","warm","normoxic",3,"hypoxic","ambient","hypoxic",3,"warm_hypoxic",133.63896,79.96104,"0.598336294","MEsalmon",0.0857870674292519
"1093","W4_C5_G55","warm","warm","normoxic",4,"control","ambient","normoxic",5,"warm_control",238.77672,114.72328,"0.480462584","MEsalmon",-0.119146491114132
"1094","W4_H1_G08","warm","warm","normoxic",4,"hypoxic","ambient","hypoxic",1,"warm_hypoxic",413.58408,264.11592,"0.638602724","MEsalmon",0.102587310692552
"1095","W4_W5_G56","warm","warm","normoxic",4,"warm","warm","normoxic",5,"warm_warm",227.37624,129.82376,"0.570964495","MEsalmon",-0.160489697857692
"1096","W5_B2_G21","warm","warm","normoxic",5,"both","warm","hypoxic",2,"warm_both",396.16668,270.53332,"0.68287752","MEsalmon",0.116201582482005
"1097","W5_C4_G45","warm","warm","normoxic",5,"control","ambient","normoxic",4,"warm_control",399.65016,213.34984,"0.533841498","MEsalmon",0.0158141135344916
"1098","W5_H4_G46","warm","warm","normoxic",5,"hypoxic","ambient","hypoxic",4,"warm_hypoxic",82.97016,29.12984,"0.35108815","MEsalmon",0.0854655468747818
"1099","W5_W2_G22","warm","warm","normoxic",5,"warm","warm","normoxic",2,"warm_warm",222.62604,90.67396,"0.407292696","MEsalmon",0.116439168835875
"1100","W6_B3_G35","warm","warm","normoxic",6,"both","warm","hypoxic",3,"warm_both",226.90122,122.39878,"0.539436412","MEsalmon",-0.0386863433958144
"1101","W6_B4_G48","warm","warm","normoxic",6,"both","warm","hypoxic",4,"warm_both",413.42574,199.37426,"0.482249267","MEsalmon",-0.0252253228909788
"1102","W6_H6_G71","warm","warm","normoxic",6,"hypoxic","ambient","hypoxic",6,"warm_hypoxic",228.48462,74.51538,"0.326128647","MEsalmon",-0.0525549227256839
"1103","W6_W3_G36","warm","warm","normoxic",6,"warm","warm","normoxic",3,"warm_warm",472.01154,166.28846,"0.352297446","MEsalmon",0.0585978430279442
"1104","W6_W4_G48","warm","warm","normoxic",6,"warm","warm","normoxic",4,"warm_warm",216.9258,67.1742,"0.309664411","MEsalmon",-0.167469848439996
"1105","B1_B1_O01","both","warm","hypoxic",1,"both","warm","hypoxic",1,"both_both",210.27552,120.72448,"0.574125224","MEturquoise",-0.0567496461382187
"1106","B1_W5_O50","both","warm","hypoxic",1,"warm","warm","normoxic",5,"both_warm",315.8883,85.6117,"0.271018901","MEturquoise",0.0245060879255506
"1107","B2_B5_O51","both","warm","hypoxic",2,"both","warm","hypoxic",5,"both_both",114.32148,44.47852,"0.389065292","MEturquoise",0.0530588633062093
"1108","B2_C4_O40","both","warm","hypoxic",2,"control","ambient","normoxic",4,"both_control",164.99028,55.10972,"0.33401798","MEturquoise",-0.00359126314980108
"1109","B3_B4_O41","both","warm","hypoxic",3,"both","warm","hypoxic",4,"both_both",197.925,116.175,"0.586964759","MEturquoise",0.0327602267373577
"1110","B3_C3_O30","both","warm","hypoxic",3,"control","ambient","normoxic",3,"both_control",316.04664,241.35336,"0.763663743","MEturquoise",-0.02104190897782
"1111","B3_C6_O66","both","warm","hypoxic",3,"control","ambient","normoxic",6,"both_control",97.06242,22.23758,"0.229105971","MEturquoise",0.172740972944637
"1112","B3_H4_O41","both","warm","hypoxic",3,"hypoxic","ambient","hypoxic",4,"both_hypoxic",142.03098,86.96902,"0.612324297","MEturquoise",-0.051613428318459
"1113","B3_W1_O06","both","warm","hypoxic",3,"warm","warm","normoxic",1,"both_warm",145.19778,46.00222,"0.316824541","MEturquoise",-0.0650277652483637
"1114","B3_W4_O41","both","warm","hypoxic",3,"warm","warm","normoxic",4,"both_warm",228.32628,183.27372,"0.802683423","MEturquoise",-0.0655963248329678
"1115","B4_B2_O19","both","warm","hypoxic",4,"both","warm","hypoxic",2,"both_both",505.57962,264.12038,"0.52241105","MEturquoise",-0.0491144624318844
"1116","B4_B3_O32","both","warm","hypoxic",4,"both","warm","hypoxic",3,"both_both",38.31828,-5.21828,"-0.136182522","MEturquoise",0.272972734191702
"1117","B4_C5_O56","both","warm","hypoxic",4,"control","ambient","normoxic",5,"both_control",208.53378,95.26622,"0.456838312","MEturquoise",0.199265863520258
"1118","B4_H5_O55","both","warm","hypoxic",4,"hypoxic","ambient","hypoxic",5,"both_hypoxic",200.93346,130.16654,"0.64780918","MEturquoise",-0.0780672039473816
"1119","B4_W2_O19","both","warm","hypoxic",4,"warm","warm","normoxic",2,"both_warm",159.1317,52.4683,"0.329716204","MEturquoise",0.0182342299821822
"1120","B4_W6_O67","both","warm","hypoxic",4,"warm","warm","normoxic",6,"both_warm",483.09534,103.90466,"0.215081065","MEturquoise",-0.0463198033818811
"1121","B5_B6_O69","both","warm","hypoxic",5,"both","warm","hypoxic",6,"both_both",244.00194,159.49806,"0.653675377","MEturquoise",0.121356236724354
"1122","B5_H2_O21","both","warm","hypoxic",5,"hypoxic","ambient","hypoxic",2,"both_hypoxic",502.7295,92.8705,"0.184732545","MEturquoise",-0.0377671913246966
"1123","B5_W3_O33","both","warm","hypoxic",5,"warm","warm","normoxic",3,"both_warm",188.89962,80.10038,"0.424036745","MEturquoise",-0.0487655817726294
"1124","B6_C2_O24","both","warm","hypoxic",6,"control","ambient","normoxic",2,"both_control",534.55584,179.34416,"0.335501264","MEturquoise",-0.100733006600774
"1125","B6_H3_O35","both","warm","hypoxic",6,"hypoxic","ambient","hypoxic",3,"both_hypoxic",252.23562,84.76438,"0.336052378","MEturquoise",-0.0830531133539828
"1126","B6_H6_O72","both","warm","hypoxic",6,"hypoxic","ambient","hypoxic",6,"both_hypoxic",116.69658,43.70342,"0.37450472","MEturquoise",-0.0619529582778644
"1127","C1_H2_W13","control","ambient","normoxic",1,"hypoxic","ambient","hypoxic",2,"control_hypoxic",319.0551,39.8449,"0.124884072","MEturquoise",-0.0823859664928967
"1128","C1_H6_W62","control","ambient","normoxic",1,"hypoxic","ambient","hypoxic",6,"control_hypoxic",93.10392,50.69608,"0.544510693","MEturquoise",-0.0328730095761557
"1129","C2_B2_W16","control","ambient","normoxic",2,"both","warm","hypoxic",2,"control_both",266.64456,157.45544,"0.590506853","MEturquoise",-0.0438598335984794
"1130","C2_C1_W03","control","ambient","normoxic",2,"control","ambient","normoxic",1,"control_control",219.77592,98.02408,"0.44601829","MEturquoise",-0.0591351531456808
"1131","C2_H1_W04","control","ambient","normoxic",2,"hypoxic","ambient","hypoxic",1,"control_hypoxic",263.95278,107.74722,"0.408206422","MEturquoise",0.140575614552479
"1132","C2_W2_W15","control","ambient","normoxic",2,"warm","warm","normoxic",2,"control_warm",161.19012,88.80988,"0.550963545","MEturquoise",0.165530864162818
"1133","C2_W5_W52","control","ambient","normoxic",NA,"warm","warm","normoxic",5,"control_warm",235.76826,42.43174,"0.179972232","MEturquoise",-0.0542357726839246
"1134","C3_B3_W30","control","ambient","normoxic",3,"both","warm","hypoxic",3,"control_both",135.3807,59.3193,"0.438166592","MEturquoise",-0.0478583374888199
"1135","C3_C2_W17","control","ambient","normoxic",3,"control","ambient","normoxic",2,"control_control",500.67108,259.22892,"0.517762919","MEturquoise",-0.0624801605094079
"1136","C3_W3_W29","control","ambient","normoxic",3,"warm","warm","normoxic",3,"control_warm",71.09466,25.60534,"0.360158414","MEturquoise",0.315088780326395
"1137","C4_B1_W07","control","ambient","normoxic",4,"both","warm","hypoxic",1,"control_both",63.96936,21.53064,"0.336577386","MEturquoise",0.0880293032239915
"1138","C4_B5_W56","control","ambient","normoxic",4,"both","warm","hypoxic",5,"control_both",317.15502,127.24498,"0.401207523","MEturquoise",0.118124779430841
"1139","C4_C6_W67","control","ambient","normoxic",4,"control","ambient","normoxic",6,"control_control",78.85332,35.34668,"0.448258615","MEturquoise",-0.0804167177117815
"1140","C4_H5_W56","control","ambient","normoxic",4,"hypoxic","ambient","hypoxic",5,"control_hypoxic",217.24248,102.95752,"0.47392904","MEturquoise",-0.083412487481608
"1141","C5_B4_W46","control","ambient","normoxic",5,"both","warm","hypoxic",4,"control_both",217.87584,102.02416,"0.468267432","MEturquoise",-0.048066661359652
"1142","C5_C3_W33","control","ambient","normoxic",5,"control","ambient","normoxic",3,"control_control",216.76746,159.93254,"0.737806957","MEturquoise",-0.0635530355287249
"1143","C5_W1_W09","control","ambient","normoxic",5,"warm","warm","normoxic",1,"control_warm",345.9729,125.9271,"0.363979664","MEturquoise",-0.0673861413951213
"1144","C5_W4_W45","control","ambient","normoxic",5,"warm","warm","normoxic",4,"control_warm",177.3408,65.8592,"0.371370829","MEturquoise",0.142345081198012
"1145","C6_B6_W71","control","ambient","normoxic",6,"both","warm","hypoxic",6,"control_both",186.8412,74.7588,"0.40011946","MEturquoise",0.105946343017486
"1146","C6_C5_W59","control","ambient","normoxic",6,"control","ambient","normoxic",5,"control_control",348.66468,80.63532,"0.231268966","MEturquoise",-0.0538371306350025
"1147","C6_H3_W36","control","ambient","normoxic",6,"hypoxic","ambient","hypoxic",3,"control_hypoxic",219.3009,110.9991,"0.50614977","MEturquoise",-0.0739106660435725
"1148","C6_H4_W48","control","ambient","normoxic",6,"hypoxic","ambient","hypoxic",4,"control_hypoxic",94.2123,56.4877,"0.599578824","MEturquoise",-0.0981002831524693
"1149","C6_W6_W72","control","ambient","normoxic",6,"warm","warm","normoxic",6,"control_warm",421.9761,189.7239,"0.449608165","MEturquoise",0.056283764370262
"1150","H1_B2_B13","hypoxic","ambient","hypoxic",1,"both","warm","hypoxic",2,"hypoxic_both",175.44072,60.25928,"0.343473739","MEturquoise",0.142704280009483
"1151","H1_B6_B61","hypoxic","ambient","hypoxic",1,"both","warm","hypoxic",6,"hypoxic_both",43.38516,23.01484,"0.530477242","MEturquoise",-0.0766203038191345
"1152","H1_C6_B62","hypoxic","ambient","hypoxic",1,"control","ambient","normoxic",6,"hypoxic_control",301.00434,148.89566,"0.494662834","MEturquoise",-0.0798473353457629
"1153","H1_W4_B38","hypoxic","ambient","hypoxic",1,"warm","warm","normoxic",4,"hypoxic_warm",205.842,104.058,"0.505523654","MEturquoise",0.158948442708703
"1154","H1_W5_B49","hypoxic","ambient","hypoxic",1,"warm","warm","normoxic",5,"hypoxic_warm",326.02206,188.37794,"0.577807342","MEturquoise",-0.116237115904498
"1155","H2_B5_B51","hypoxic","ambient","hypoxic",2,"both","warm","hypoxic",5,"hypoxic_both",321.27186,150.12814,"0.467293152","MEturquoise",-0.0701005719964262
"1156","H2_C1_B04","hypoxic","ambient","hypoxic",2,"control","ambient","normoxic",1,"hypoxic_control",199.98342,114.11658,"0.570630205","MEturquoise",-0.0895216396108165
"1157","H2_H1_B03","hypoxic","ambient","hypoxic",2,"hypoxic","ambient","hypoxic",1,"hypoxic_hypoxic",379.54098,162.65902,"0.42856774","MEturquoise",-0.0936689292185937
"1158","H2_W2_B16","hypoxic","ambient","hypoxic",2,"warm","warm","normoxic",2,"hypoxic_warm",344.86452,135.63548,"0.393300766","MEturquoise",0.0157344367031664
"1159","H3_B4_B41","hypoxic","ambient","hypoxic",3,"both","warm","hypoxic",4,"hypoxic_both",258.25254,104.94746,"0.406375325","MEturquoise",0.133272049199544
"1160","H3_C5_B54","hypoxic","ambient","hypoxic",3,"control","ambient","normoxic",5,"hypoxic_control",288.65382,142.14618,"0.492445172","MEturquoise",-0.0587964581166722
"1161","H3_H4_B41","hypoxic","ambient","hypoxic",3,"hypoxic","ambient","hypoxic",4,"hypoxic_hypoxic",176.86578,107.73422,"0.609129816","MEturquoise",0.055038396801675
"1162","H3_H6_B66","hypoxic","ambient","hypoxic",3,"hypoxic","ambient","hypoxic",6,"hypoxic_hypoxic",212.9673,84.3327,"0.395988962","MEturquoise",-0.0831439659508934
"1163","H3_W3_B30","hypoxic","ambient","hypoxic",3,"warm","warm","normoxic",3,"hypoxic_warm",125.40528,45.09472,"0.359591877","MEturquoise",0.000294443505559332
"1164","H3_W6_B66","hypoxic","ambient","hypoxic",3,"warm","warm","normoxic",6,"hypoxic_warm",412.79238,146.30762,"0.354433917","MEturquoise",-0.0900606299348057
"1165","H4_H2_B19","hypoxic","ambient","hypoxic",4,"hypoxic","ambient","hypoxic",2,"hypoxic_hypoxic",102.1293,35.6707,"0.349269994","MEturquoise",0.000581324637110729
"1166","H4_W1_B07","hypoxic","ambient","hypoxic",4,"warm","warm","normoxic",1,"hypoxic_warm",242.89356,89.60644,"0.368912375","MEturquoise",-0.0780267380736817
"1167","H5_B1_B09","hypoxic","ambient","hypoxic",5,"both","warm","hypoxic",1,"hypoxic_both",224.52612,127.47388,"0.567746327","MEturquoise",-0.0725645366867347
"1168","H5_B3_B34","hypoxic","ambient","hypoxic",5,"both","warm","hypoxic",3,"hypoxic_both",82.81182,41.28818,"0.498578343","MEturquoise",0.0522354551106348
"1169","H5_C2_B22","hypoxic","ambient","hypoxic",5,"control","ambient","normoxic",2,"hypoxic_control",489.42894,179.67106,"0.367103466","MEturquoise",-0.0747541616651937
"1170","H5_C4_B46","hypoxic","ambient","hypoxic",5,"control","ambient","normoxic",4,"hypoxic_control",275.82828,148.47172,"0.538275916","MEturquoise",-0.0703046152470622
"1171","H6_C3_B36","hypoxic","ambient","hypoxic",6,"control","ambient","normoxic",3,"hypoxic_control",205.0503,97.6497,"0.476223151","MEturquoise",0.117706820229758
"1172","H6_H3_B35","hypoxic","ambient","hypoxic",6,"hypoxic","ambient","hypoxic",3,"hypoxic_hypoxic",290.71224,108.38776,"0.372835213","MEturquoise",-0.0769577929379223
"1173","W1_C1_G02","warm","warm","normoxic",1,"control","ambient","normoxic",1,"warm_control",155.1732,66.3268,"0.427437212","MEturquoise",0.156903460000022
"1174","W1_C6_G61","warm","warm","normoxic",1,"control","ambient","normoxic",6,"warm_control",261.10266,98.09734,"0.3757041","MEturquoise",-0.0014862668940194
"1175","W1_H5_G49","warm","warm","normoxic",1,"hypoxic","ambient","hypoxic",5,"warm_hypoxic",146.4645,52.7355,"0.360056532","MEturquoise",0.023410629587051
"1176","W1_W1_G01","warm","warm","normoxic",1,"warm","warm","normoxic",1,"warm_warm",303.53778,134.56222,"0.443312921","MEturquoise",-0.0777102905601082
"1177","W1_W6_G62","warm","warm","normoxic",1,"warm","warm","normoxic",6,"warm_warm",244.6353,81.5647,"0.333413453","MEturquoise",-0.0730539184391717
"1178","W2_B1_G04","warm","warm","normoxic",2,"both","warm","hypoxic",2,"warm_both",82.02012,50.17988,"0.611799641","MEturquoise",0.171665789748696
"1179","W2_B6_G64","warm","warm","normoxic",2,"both","warm","hypoxic",6,"warm_both",151.53138,63.86862,"0.421487747","MEturquoise",0.0529253755745758
"1180","W2_C2_G15","warm","warm","normoxic",2,"control","ambient","normoxic",2,"warm_control",478.50348,95.79652,"0.200200258","MEturquoise",-0.0869783732089589
"1181","W3_B5_G54","warm","warm","normoxic",3,"both","warm","hypoxic",5,"warm_both",338.68926,134.21074,"0.396265119","MEturquoise",-0.0256487190226339
"1182","W3_C3_G29","warm","warm","normoxic",3,"control","ambient","normoxic",3,"warm_control",360.85686,168.24314,"0.466232345","MEturquoise",-0.0447630486860693
"1183","W3_H2_G18","warm","warm","normoxic",3,"hypoxic","ambient","hypoxic",2,"warm_hypoxic",532.49742,88.60258,"0.166390628","MEturquoise",-0.0684711642013131
"1184","W3_H3_G30","warm","warm","normoxic",3,"hypoxic","ambient","hypoxic",3,"warm_hypoxic",133.63896,79.96104,"0.598336294","MEturquoise",-0.0614123640929269
"1185","W4_C5_G55","warm","warm","normoxic",4,"control","ambient","normoxic",5,"warm_control",238.77672,114.72328,"0.480462584","MEturquoise",-0.0580737133604488
"1186","W4_H1_G08","warm","warm","normoxic",4,"hypoxic","ambient","hypoxic",1,"warm_hypoxic",413.58408,264.11592,"0.638602724","MEturquoise",-0.0820692726263916
"1187","W4_W5_G56","warm","warm","normoxic",4,"warm","warm","normoxic",5,"warm_warm",227.37624,129.82376,"0.570964495","MEturquoise",0.286918015581243
"1188","W5_B2_G21","warm","warm","normoxic",5,"both","warm","hypoxic",2,"warm_both",396.16668,270.53332,"0.68287752","MEturquoise",-0.0770359561510314
"1189","W5_C4_G45","warm","warm","normoxic",5,"control","ambient","normoxic",4,"warm_control",399.65016,213.34984,"0.533841498","MEturquoise",-0.0877220410325589
"1190","W5_H4_G46","warm","warm","normoxic",5,"hypoxic","ambient","hypoxic",4,"warm_hypoxic",82.97016,29.12984,"0.35108815","MEturquoise",-0.0437811913176966
"1191","W5_W2_G22","warm","warm","normoxic",5,"warm","warm","normoxic",2,"warm_warm",222.62604,90.67396,"0.407292696","MEturquoise",-0.0636599246318146
"1192","W6_B3_G35","warm","warm","normoxic",6,"both","warm","hypoxic",3,"warm_both",226.90122,122.39878,"0.539436412","MEturquoise",-0.0783112398846509
"1193","W6_B4_G48","warm","warm","normoxic",6,"both","warm","hypoxic",4,"warm_both",413.42574,199.37426,"0.482249267","MEturquoise",0.244537372054812
"1194","W6_H6_G71","warm","warm","normoxic",6,"hypoxic","ambient","hypoxic",6,"warm_hypoxic",228.48462,74.51538,"0.326128647","MEturquoise",-0.0766185993423099
"1195","W6_W3_G36","warm","warm","normoxic",6,"warm","warm","normoxic",3,"warm_warm",472.01154,166.28846,"0.352297446","MEturquoise",-0.0430582784870813
"1196","W6_W4_G48","warm","warm","normoxic",6,"warm","warm","normoxic",4,"warm_warm",216.9258,67.1742,"0.309664411","MEturquoise",0.261668133940834
"1197","B1_B1_O01","both","warm","hypoxic",1,"both","warm","hypoxic",1,"both_both",210.27552,120.72448,"0.574125224","MEmidnightblue",0.0099209997060367
"1198","B1_W5_O50","both","warm","hypoxic",1,"warm","warm","normoxic",5,"both_warm",315.8883,85.6117,"0.271018901","MEmidnightblue",-0.118209930445169
"1199","B2_B5_O51","both","warm","hypoxic",2,"both","warm","hypoxic",5,"both_both",114.32148,44.47852,"0.389065292","MEmidnightblue",-0.0837262306569704
"1200","B2_C4_O40","both","warm","hypoxic",2,"control","ambient","normoxic",4,"both_control",164.99028,55.10972,"0.33401798","MEmidnightblue",-0.106266581736351
"1201","B3_B4_O41","both","warm","hypoxic",3,"both","warm","hypoxic",4,"both_both",197.925,116.175,"0.586964759","MEmidnightblue",-0.130490933843709
"1202","B3_C3_O30","both","warm","hypoxic",3,"control","ambient","normoxic",3,"both_control",316.04664,241.35336,"0.763663743","MEmidnightblue",-0.0129325435881668
"1203","B3_C6_O66","both","warm","hypoxic",3,"control","ambient","normoxic",6,"both_control",97.06242,22.23758,"0.229105971","MEmidnightblue",-0.0888787679531286
"1204","B3_H4_O41","both","warm","hypoxic",3,"hypoxic","ambient","hypoxic",4,"both_hypoxic",142.03098,86.96902,"0.612324297","MEmidnightblue",0.179648609526934
"1205","B3_W1_O06","both","warm","hypoxic",3,"warm","warm","normoxic",1,"both_warm",145.19778,46.00222,"0.316824541","MEmidnightblue",0.195865512531273
"1206","B3_W4_O41","both","warm","hypoxic",3,"warm","warm","normoxic",4,"both_warm",228.32628,183.27372,"0.802683423","MEmidnightblue",-0.0833352880550899
"1207","B4_B2_O19","both","warm","hypoxic",4,"both","warm","hypoxic",2,"both_both",505.57962,264.12038,"0.52241105","MEmidnightblue",0.0761023713998497
"1208","B4_B3_O32","both","warm","hypoxic",4,"both","warm","hypoxic",3,"both_both",38.31828,-5.21828,"-0.136182522","MEmidnightblue",0.137673887951494
"1209","B4_C5_O56","both","warm","hypoxic",4,"control","ambient","normoxic",5,"both_control",208.53378,95.26622,"0.456838312","MEmidnightblue",-0.221394951866859
"1210","B4_H5_O55","both","warm","hypoxic",4,"hypoxic","ambient","hypoxic",5,"both_hypoxic",200.93346,130.16654,"0.64780918","MEmidnightblue",0.291023616532514
"1211","B4_W2_O19","both","warm","hypoxic",4,"warm","warm","normoxic",2,"both_warm",159.1317,52.4683,"0.329716204","MEmidnightblue",0.0319551477902427
"1212","B4_W6_O67","both","warm","hypoxic",4,"warm","warm","normoxic",6,"both_warm",483.09534,103.90466,"0.215081065","MEmidnightblue",-0.00262507127188015
"1213","B5_B6_O69","both","warm","hypoxic",5,"both","warm","hypoxic",6,"both_both",244.00194,159.49806,"0.653675377","MEmidnightblue",0.0177104936346745
"1214","B5_H2_O21","both","warm","hypoxic",5,"hypoxic","ambient","hypoxic",2,"both_hypoxic",502.7295,92.8705,"0.184732545","MEmidnightblue",0.133355890648586
"1215","B5_W3_O33","both","warm","hypoxic",5,"warm","warm","normoxic",3,"both_warm",188.89962,80.10038,"0.424036745","MEmidnightblue",0.0839609621760951
"1216","B6_C2_O24","both","warm","hypoxic",6,"control","ambient","normoxic",2,"both_control",534.55584,179.34416,"0.335501264","MEmidnightblue",-0.109268589174186
"1217","B6_H3_O35","both","warm","hypoxic",6,"hypoxic","ambient","hypoxic",3,"both_hypoxic",252.23562,84.76438,"0.336052378","MEmidnightblue",-0.112431467359231
"1218","B6_H6_O72","both","warm","hypoxic",6,"hypoxic","ambient","hypoxic",6,"both_hypoxic",116.69658,43.70342,"0.37450472","MEmidnightblue",-0.00615706936932368
"1219","C1_H2_W13","control","ambient","normoxic",1,"hypoxic","ambient","hypoxic",2,"control_hypoxic",319.0551,39.8449,"0.124884072","MEmidnightblue",0.0477127643238974
"1220","C1_H6_W62","control","ambient","normoxic",1,"hypoxic","ambient","hypoxic",6,"control_hypoxic",93.10392,50.69608,"0.544510693","MEmidnightblue",0.0172865868696981
"1221","C2_B2_W16","control","ambient","normoxic",2,"both","warm","hypoxic",2,"control_both",266.64456,157.45544,"0.590506853","MEmidnightblue",0.0873928230747391
"1222","C2_C1_W03","control","ambient","normoxic",2,"control","ambient","normoxic",1,"control_control",219.77592,98.02408,"0.44601829","MEmidnightblue",0.0133764740848712
"1223","C2_H1_W04","control","ambient","normoxic",2,"hypoxic","ambient","hypoxic",1,"control_hypoxic",263.95278,107.74722,"0.408206422","MEmidnightblue",-0.0540749195126147
"1224","C2_W2_W15","control","ambient","normoxic",2,"warm","warm","normoxic",2,"control_warm",161.19012,88.80988,"0.550963545","MEmidnightblue",-0.0084463848117376
"1225","C2_W5_W52","control","ambient","normoxic",NA,"warm","warm","normoxic",5,"control_warm",235.76826,42.43174,"0.179972232","MEmidnightblue",-0.0603854951480646
"1226","C3_B3_W30","control","ambient","normoxic",3,"both","warm","hypoxic",3,"control_both",135.3807,59.3193,"0.438166592","MEmidnightblue",0.0538343619267794
"1227","C3_C2_W17","control","ambient","normoxic",3,"control","ambient","normoxic",2,"control_control",500.67108,259.22892,"0.517762919","MEmidnightblue",-0.091020330141649
"1228","C3_W3_W29","control","ambient","normoxic",3,"warm","warm","normoxic",3,"control_warm",71.09466,25.60534,"0.360158414","MEmidnightblue",0.0132307679658668
"1229","C4_B1_W07","control","ambient","normoxic",4,"both","warm","hypoxic",1,"control_both",63.96936,21.53064,"0.336577386","MEmidnightblue",0.152246660610516
"1230","C4_B5_W56","control","ambient","normoxic",4,"both","warm","hypoxic",5,"control_both",317.15502,127.24498,"0.401207523","MEmidnightblue",-0.00530617461679441
"1231","C4_C6_W67","control","ambient","normoxic",4,"control","ambient","normoxic",6,"control_control",78.85332,35.34668,"0.448258615","MEmidnightblue",-0.00836166334595616
"1232","C4_H5_W56","control","ambient","normoxic",4,"hypoxic","ambient","hypoxic",5,"control_hypoxic",217.24248,102.95752,"0.47392904","MEmidnightblue",0.0396090928271872
"1233","C5_B4_W46","control","ambient","normoxic",5,"both","warm","hypoxic",4,"control_both",217.87584,102.02416,"0.468267432","MEmidnightblue",0.0883054263173409
"1234","C5_C3_W33","control","ambient","normoxic",5,"control","ambient","normoxic",3,"control_control",216.76746,159.93254,"0.737806957","MEmidnightblue",-0.0278525560441491
"1235","C5_W1_W09","control","ambient","normoxic",5,"warm","warm","normoxic",1,"control_warm",345.9729,125.9271,"0.363979664","MEmidnightblue",-0.0101710344067385
"1236","C5_W4_W45","control","ambient","normoxic",5,"warm","warm","normoxic",4,"control_warm",177.3408,65.8592,"0.371370829","MEmidnightblue",-0.112695012050407
"1237","C6_B6_W71","control","ambient","normoxic",6,"both","warm","hypoxic",6,"control_both",186.8412,74.7588,"0.40011946","MEmidnightblue",-0.0333266801840008
"1238","C6_C5_W59","control","ambient","normoxic",6,"control","ambient","normoxic",5,"control_control",348.66468,80.63532,"0.231268966","MEmidnightblue",-0.104946603977224
"1239","C6_H3_W36","control","ambient","normoxic",6,"hypoxic","ambient","hypoxic",3,"control_hypoxic",219.3009,110.9991,"0.50614977","MEmidnightblue",-0.0739747084937432
"1240","C6_H4_W48","control","ambient","normoxic",6,"hypoxic","ambient","hypoxic",4,"control_hypoxic",94.2123,56.4877,"0.599578824","MEmidnightblue",-0.0877449473272136
"1241","C6_W6_W72","control","ambient","normoxic",6,"warm","warm","normoxic",6,"control_warm",421.9761,189.7239,"0.449608165","MEmidnightblue",0.131131528136894
"1242","H1_B2_B13","hypoxic","ambient","hypoxic",1,"both","warm","hypoxic",2,"hypoxic_both",175.44072,60.25928,"0.343473739","MEmidnightblue",0.197012347962447
"1243","H1_B6_B61","hypoxic","ambient","hypoxic",1,"both","warm","hypoxic",6,"hypoxic_both",43.38516,23.01484,"0.530477242","MEmidnightblue",-0.00143930420851859
"1244","H1_C6_B62","hypoxic","ambient","hypoxic",1,"control","ambient","normoxic",6,"hypoxic_control",301.00434,148.89566,"0.494662834","MEmidnightblue",-0.130441916178311
"1245","H1_W4_B38","hypoxic","ambient","hypoxic",1,"warm","warm","normoxic",4,"hypoxic_warm",205.842,104.058,"0.505523654","MEmidnightblue",0.0127883801669443
"1246","H1_W5_B49","hypoxic","ambient","hypoxic",1,"warm","warm","normoxic",5,"hypoxic_warm",326.02206,188.37794,"0.577807342","MEmidnightblue",-0.145538364234441
"1247","H2_B5_B51","hypoxic","ambient","hypoxic",2,"both","warm","hypoxic",5,"hypoxic_both",321.27186,150.12814,"0.467293152","MEmidnightblue",-0.132792493484706
"1248","H2_C1_B04","hypoxic","ambient","hypoxic",2,"control","ambient","normoxic",1,"hypoxic_control",199.98342,114.11658,"0.570630205","MEmidnightblue",-0.143153733588512
"1249","H2_H1_B03","hypoxic","ambient","hypoxic",2,"hypoxic","ambient","hypoxic",1,"hypoxic_hypoxic",379.54098,162.65902,"0.42856774","MEmidnightblue",-0.0709170144138489
"1250","H2_W2_B16","hypoxic","ambient","hypoxic",2,"warm","warm","normoxic",2,"hypoxic_warm",344.86452,135.63548,"0.393300766","MEmidnightblue",0.0269090957020398
"1251","H3_B4_B41","hypoxic","ambient","hypoxic",3,"both","warm","hypoxic",4,"hypoxic_both",258.25254,104.94746,"0.406375325","MEmidnightblue",0.196623438296058
"1252","H3_C5_B54","hypoxic","ambient","hypoxic",3,"control","ambient","normoxic",5,"hypoxic_control",288.65382,142.14618,"0.492445172","MEmidnightblue",-0.0979369259776462
"1253","H3_H4_B41","hypoxic","ambient","hypoxic",3,"hypoxic","ambient","hypoxic",4,"hypoxic_hypoxic",176.86578,107.73422,"0.609129816","MEmidnightblue",-0.00983563705745556
"1254","H3_H6_B66","hypoxic","ambient","hypoxic",3,"hypoxic","ambient","hypoxic",6,"hypoxic_hypoxic",212.9673,84.3327,"0.395988962","MEmidnightblue",0.0383575835807062
"1255","H3_W3_B30","hypoxic","ambient","hypoxic",3,"warm","warm","normoxic",3,"hypoxic_warm",125.40528,45.09472,"0.359591877","MEmidnightblue",0.176331655059977
"1256","H3_W6_B66","hypoxic","ambient","hypoxic",3,"warm","warm","normoxic",6,"hypoxic_warm",412.79238,146.30762,"0.354433917","MEmidnightblue",-0.0559514201866471
"1257","H4_H2_B19","hypoxic","ambient","hypoxic",4,"hypoxic","ambient","hypoxic",2,"hypoxic_hypoxic",102.1293,35.6707,"0.349269994","MEmidnightblue",0.109640995507138
"1258","H4_W1_B07","hypoxic","ambient","hypoxic",4,"warm","warm","normoxic",1,"hypoxic_warm",242.89356,89.60644,"0.368912375","MEmidnightblue",-0.0939248714542386
"1259","H5_B1_B09","hypoxic","ambient","hypoxic",5,"both","warm","hypoxic",1,"hypoxic_both",224.52612,127.47388,"0.567746327","MEmidnightblue",-0.0710264569530859
"1260","H5_B3_B34","hypoxic","ambient","hypoxic",5,"both","warm","hypoxic",3,"hypoxic_both",82.81182,41.28818,"0.498578343","MEmidnightblue",0.158517156798025
"1261","H5_C2_B22","hypoxic","ambient","hypoxic",5,"control","ambient","normoxic",2,"hypoxic_control",489.42894,179.67106,"0.367103466","MEmidnightblue",-0.0535658919522845
"1262","H5_C4_B46","hypoxic","ambient","hypoxic",5,"control","ambient","normoxic",4,"hypoxic_control",275.82828,148.47172,"0.538275916","MEmidnightblue",-0.0717873136360598
"1263","H6_C3_B36","hypoxic","ambient","hypoxic",6,"control","ambient","normoxic",3,"hypoxic_control",205.0503,97.6497,"0.476223151","MEmidnightblue",-0.11209963992546
"1264","H6_H3_B35","hypoxic","ambient","hypoxic",6,"hypoxic","ambient","hypoxic",3,"hypoxic_hypoxic",290.71224,108.38776,"0.372835213","MEmidnightblue",-0.0315683461792248
"1265","W1_C1_G02","warm","warm","normoxic",1,"control","ambient","normoxic",1,"warm_control",155.1732,66.3268,"0.427437212","MEmidnightblue",-0.150201366968666
"1266","W1_C6_G61","warm","warm","normoxic",1,"control","ambient","normoxic",6,"warm_control",261.10266,98.09734,"0.3757041","MEmidnightblue",-0.030427884539867
"1267","W1_H5_G49","warm","warm","normoxic",1,"hypoxic","ambient","hypoxic",5,"warm_hypoxic",146.4645,52.7355,"0.360056532","MEmidnightblue",-0.0665131883116941
"1268","W1_W1_G01","warm","warm","normoxic",1,"warm","warm","normoxic",1,"warm_warm",303.53778,134.56222,"0.443312921","MEmidnightblue",-0.0226875005068512
"1269","W1_W6_G62","warm","warm","normoxic",1,"warm","warm","normoxic",6,"warm_warm",244.6353,81.5647,"0.333413453","MEmidnightblue",0.0477948908771963
"1270","W2_B1_G04","warm","warm","normoxic",2,"both","warm","hypoxic",2,"warm_both",82.02012,50.17988,"0.611799641","MEmidnightblue",0.312724683419113
"1271","W2_B6_G64","warm","warm","normoxic",2,"both","warm","hypoxic",6,"warm_both",151.53138,63.86862,"0.421487747","MEmidnightblue",-0.130224071726726
"1272","W2_C2_G15","warm","warm","normoxic",2,"control","ambient","normoxic",2,"warm_control",478.50348,95.79652,"0.200200258","MEmidnightblue",-0.0637274975707054
"1273","W3_B5_G54","warm","warm","normoxic",3,"both","warm","hypoxic",5,"warm_both",338.68926,134.21074,"0.396265119","MEmidnightblue",0.0706354418108619
"1274","W3_C3_G29","warm","warm","normoxic",3,"control","ambient","normoxic",3,"warm_control",360.85686,168.24314,"0.466232345","MEmidnightblue",-0.0502070089439875
"1275","W3_H2_G18","warm","warm","normoxic",3,"hypoxic","ambient","hypoxic",2,"warm_hypoxic",532.49742,88.60258,"0.166390628","MEmidnightblue",0.0468726574076463
"1276","W3_H3_G30","warm","warm","normoxic",3,"hypoxic","ambient","hypoxic",3,"warm_hypoxic",133.63896,79.96104,"0.598336294","MEmidnightblue",-0.0461943242364525
"1277","W4_C5_G55","warm","warm","normoxic",4,"control","ambient","normoxic",5,"warm_control",238.77672,114.72328,"0.480462584","MEmidnightblue",-0.0642665137093439
"1278","W4_H1_G08","warm","warm","normoxic",4,"hypoxic","ambient","hypoxic",1,"warm_hypoxic",413.58408,264.11592,"0.638602724","MEmidnightblue",0.0568539004144448
"1279","W4_W5_G56","warm","warm","normoxic",4,"warm","warm","normoxic",5,"warm_warm",227.37624,129.82376,"0.570964495","MEmidnightblue",0.13196454981869
"1280","W5_B2_G21","warm","warm","normoxic",5,"both","warm","hypoxic",2,"warm_both",396.16668,270.53332,"0.68287752","MEmidnightblue",0.124220194633847
"1281","W5_C4_G45","warm","warm","normoxic",5,"control","ambient","normoxic",4,"warm_control",399.65016,213.34984,"0.533841498","MEmidnightblue",-0.0690115278789054
"1282","W5_H4_G46","warm","warm","normoxic",5,"hypoxic","ambient","hypoxic",4,"warm_hypoxic",82.97016,29.12984,"0.35108815","MEmidnightblue",0.0867951945384002
"1283","W5_W2_G22","warm","warm","normoxic",5,"warm","warm","normoxic",2,"warm_warm",222.62604,90.67396,"0.407292696","MEmidnightblue",0.0550017516373196
"1284","W6_B3_G35","warm","warm","normoxic",6,"both","warm","hypoxic",3,"warm_both",226.90122,122.39878,"0.539436412","MEmidnightblue",0.144829471332047
"1285","W6_B4_G48","warm","warm","normoxic",6,"both","warm","hypoxic",4,"warm_both",413.42574,199.37426,"0.482249267","MEmidnightblue",-0.0499944085940359
"1286","W6_H6_G71","warm","warm","normoxic",6,"hypoxic","ambient","hypoxic",6,"warm_hypoxic",228.48462,74.51538,"0.326128647","MEmidnightblue",0.0736251498996454
"1287","W6_W3_G36","warm","warm","normoxic",6,"warm","warm","normoxic",3,"warm_warm",472.01154,166.28846,"0.352297446","MEmidnightblue",-0.119094790385606
"1288","W6_W4_G48","warm","warm","normoxic",6,"warm","warm","normoxic",4,"warm_warm",216.9258,67.1742,"0.309664411","MEmidnightblue",-0.0302891687144006
"1289","B1_B1_O01","both","warm","hypoxic",1,"both","warm","hypoxic",1,"both_both",210.27552,120.72448,"0.574125224","MEpurple",-0.062483774457002
"1290","B1_W5_O50","both","warm","hypoxic",1,"warm","warm","normoxic",5,"both_warm",315.8883,85.6117,"0.271018901","MEpurple",0.113104667103676
"1291","B2_B5_O51","both","warm","hypoxic",2,"both","warm","hypoxic",5,"both_both",114.32148,44.47852,"0.389065292","MEpurple",-0.0876252459318022
"1292","B2_C4_O40","both","warm","hypoxic",2,"control","ambient","normoxic",4,"both_control",164.99028,55.10972,"0.33401798","MEpurple",0.0945272614841256
"1293","B3_B4_O41","both","warm","hypoxic",3,"both","warm","hypoxic",4,"both_both",197.925,116.175,"0.586964759","MEpurple",0.0997647862533969
"1294","B3_C3_O30","both","warm","hypoxic",3,"control","ambient","normoxic",3,"both_control",316.04664,241.35336,"0.763663743","MEpurple",0.10766239530045
"1295","B3_C6_O66","both","warm","hypoxic",3,"control","ambient","normoxic",6,"both_control",97.06242,22.23758,"0.229105971","MEpurple",-0.0798179115938832
"1296","B3_H4_O41","both","warm","hypoxic",3,"hypoxic","ambient","hypoxic",4,"both_hypoxic",142.03098,86.96902,"0.612324297","MEpurple",-0.0989877190654847
"1297","B3_W1_O06","both","warm","hypoxic",3,"warm","warm","normoxic",1,"both_warm",145.19778,46.00222,"0.316824541","MEpurple",0.191453209294997
"1298","B3_W4_O41","both","warm","hypoxic",3,"warm","warm","normoxic",4,"both_warm",228.32628,183.27372,"0.802683423","MEpurple",-0.0761829326551514
"1299","B4_B2_O19","both","warm","hypoxic",4,"both","warm","hypoxic",2,"both_both",505.57962,264.12038,"0.52241105","MEpurple",0.126728115137036
"1300","B4_B3_O32","both","warm","hypoxic",4,"both","warm","hypoxic",3,"both_both",38.31828,-5.21828,"-0.136182522","MEpurple",-0.0519326975353372
"1301","B4_C5_O56","both","warm","hypoxic",4,"control","ambient","normoxic",5,"both_control",208.53378,95.26622,"0.456838312","MEpurple",-0.129566943899691
"1302","B4_H5_O55","both","warm","hypoxic",4,"hypoxic","ambient","hypoxic",5,"both_hypoxic",200.93346,130.16654,"0.64780918","MEpurple",-0.0998501629525117
"1303","B4_W2_O19","both","warm","hypoxic",4,"warm","warm","normoxic",2,"both_warm",159.1317,52.4683,"0.329716204","MEpurple",0.17949121722435
"1304","B4_W6_O67","both","warm","hypoxic",4,"warm","warm","normoxic",6,"both_warm",483.09534,103.90466,"0.215081065","MEpurple",-0.0921585897111174
"1305","B5_B6_O69","both","warm","hypoxic",5,"both","warm","hypoxic",6,"both_both",244.00194,159.49806,"0.653675377","MEpurple",0.128952993190456
"1306","B5_H2_O21","both","warm","hypoxic",5,"hypoxic","ambient","hypoxic",2,"both_hypoxic",502.7295,92.8705,"0.184732545","MEpurple",-0.0813972178434203
"1307","B5_W3_O33","both","warm","hypoxic",5,"warm","warm","normoxic",3,"both_warm",188.89962,80.10038,"0.424036745","MEpurple",-0.0676509696242669
"1308","B6_C2_O24","both","warm","hypoxic",6,"control","ambient","normoxic",2,"both_control",534.55584,179.34416,"0.335501264","MEpurple",-0.0342399136886668
"1309","B6_H3_O35","both","warm","hypoxic",6,"hypoxic","ambient","hypoxic",3,"both_hypoxic",252.23562,84.76438,"0.336052378","MEpurple",-0.0628366496119572
"1310","B6_H6_O72","both","warm","hypoxic",6,"hypoxic","ambient","hypoxic",6,"both_hypoxic",116.69658,43.70342,"0.37450472","MEpurple",-0.0529023576205702
"1311","C1_H2_W13","control","ambient","normoxic",1,"hypoxic","ambient","hypoxic",2,"control_hypoxic",319.0551,39.8449,"0.124884072","MEpurple",-0.0884005337392059
"1312","C1_H6_W62","control","ambient","normoxic",1,"hypoxic","ambient","hypoxic",6,"control_hypoxic",93.10392,50.69608,"0.544510693","MEpurple",0.12530093218929
"1313","C2_B2_W16","control","ambient","normoxic",2,"both","warm","hypoxic",2,"control_both",266.64456,157.45544,"0.590506853","MEpurple",0.187766694502442
"1314","C2_C1_W03","control","ambient","normoxic",2,"control","ambient","normoxic",1,"control_control",219.77592,98.02408,"0.44601829","MEpurple",-0.0566981599429065
"1315","C2_H1_W04","control","ambient","normoxic",2,"hypoxic","ambient","hypoxic",1,"control_hypoxic",263.95278,107.74722,"0.408206422","MEpurple",-0.0901451882681285
"1316","C2_W2_W15","control","ambient","normoxic",2,"warm","warm","normoxic",2,"control_warm",161.19012,88.80988,"0.550963545","MEpurple",-0.113637290136483
"1317","C2_W5_W52","control","ambient","normoxic",NA,"warm","warm","normoxic",5,"control_warm",235.76826,42.43174,"0.179972232","MEpurple",-0.0664008297988981
"1318","C3_B3_W30","control","ambient","normoxic",3,"both","warm","hypoxic",3,"control_both",135.3807,59.3193,"0.438166592","MEpurple",0.168326889996
"1319","C3_C2_W17","control","ambient","normoxic",3,"control","ambient","normoxic",2,"control_control",500.67108,259.22892,"0.517762919","MEpurple",0.105061635523586
"1320","C3_W3_W29","control","ambient","normoxic",3,"warm","warm","normoxic",3,"control_warm",71.09466,25.60534,"0.360158414","MEpurple",0.14148183380412
"1321","C4_B1_W07","control","ambient","normoxic",4,"both","warm","hypoxic",1,"control_both",63.96936,21.53064,"0.336577386","MEpurple",0.183257803199689
"1322","C4_B5_W56","control","ambient","normoxic",4,"both","warm","hypoxic",5,"control_both",317.15502,127.24498,"0.401207523","MEpurple",-0.0640347706022231
"1323","C4_C6_W67","control","ambient","normoxic",4,"control","ambient","normoxic",6,"control_control",78.85332,35.34668,"0.448258615","MEpurple",-0.0824679457782832
"1324","C4_H5_W56","control","ambient","normoxic",4,"hypoxic","ambient","hypoxic",5,"control_hypoxic",217.24248,102.95752,"0.47392904","MEpurple",0.22305208711684
"1325","C5_B4_W46","control","ambient","normoxic",5,"both","warm","hypoxic",4,"control_both",217.87584,102.02416,"0.468267432","MEpurple",-0.0861438087879599
"1326","C5_C3_W33","control","ambient","normoxic",5,"control","ambient","normoxic",3,"control_control",216.76746,159.93254,"0.737806957","MEpurple",0.119972351225305
"1327","C5_W1_W09","control","ambient","normoxic",5,"warm","warm","normoxic",1,"control_warm",345.9729,125.9271,"0.363979664","MEpurple",0.153897681852622
"1328","C5_W4_W45","control","ambient","normoxic",5,"warm","warm","normoxic",4,"control_warm",177.3408,65.8592,"0.371370829","MEpurple",0.0636058082767945
"1329","C6_B6_W71","control","ambient","normoxic",6,"both","warm","hypoxic",6,"control_both",186.8412,74.7588,"0.40011946","MEpurple",-0.0845075542820625
"1330","C6_C5_W59","control","ambient","normoxic",6,"control","ambient","normoxic",5,"control_control",348.66468,80.63532,"0.231268966","MEpurple",-0.0698254087693072
"1331","C6_H3_W36","control","ambient","normoxic",6,"hypoxic","ambient","hypoxic",3,"control_hypoxic",219.3009,110.9991,"0.50614977","MEpurple",0.138961129046223
"1332","C6_H4_W48","control","ambient","normoxic",6,"hypoxic","ambient","hypoxic",4,"control_hypoxic",94.2123,56.4877,"0.599578824","MEpurple",-0.0741844288775471
"1333","C6_W6_W72","control","ambient","normoxic",6,"warm","warm","normoxic",6,"control_warm",421.9761,189.7239,"0.449608165","MEpurple",-0.070925903490691
"1334","H1_B2_B13","hypoxic","ambient","hypoxic",1,"both","warm","hypoxic",2,"hypoxic_both",175.44072,60.25928,"0.343473739","MEpurple",0.135886798022189
"1335","H1_B6_B61","hypoxic","ambient","hypoxic",1,"both","warm","hypoxic",6,"hypoxic_both",43.38516,23.01484,"0.530477242","MEpurple",-0.0528618615045773
"1336","H1_C6_B62","hypoxic","ambient","hypoxic",1,"control","ambient","normoxic",6,"hypoxic_control",301.00434,148.89566,"0.494662834","MEpurple",-0.0728111937832164
"1337","H1_W4_B38","hypoxic","ambient","hypoxic",1,"warm","warm","normoxic",4,"hypoxic_warm",205.842,104.058,"0.505523654","MEpurple",0.122822159323762
"1338","H1_W5_B49","hypoxic","ambient","hypoxic",1,"warm","warm","normoxic",5,"hypoxic_warm",326.02206,188.37794,"0.577807342","MEpurple",-0.114682441280627
"1339","H2_B5_B51","hypoxic","ambient","hypoxic",2,"both","warm","hypoxic",5,"hypoxic_both",321.27186,150.12814,"0.467293152","MEpurple",-0.073703531726942
"1340","H2_C1_B04","hypoxic","ambient","hypoxic",2,"control","ambient","normoxic",1,"hypoxic_control",199.98342,114.11658,"0.570630205","MEpurple",0.123006733908029
"1341","H2_H1_B03","hypoxic","ambient","hypoxic",2,"hypoxic","ambient","hypoxic",1,"hypoxic_hypoxic",379.54098,162.65902,"0.42856774","MEpurple",-0.0618570896456628
"1342","H2_W2_B16","hypoxic","ambient","hypoxic",2,"warm","warm","normoxic",2,"hypoxic_warm",344.86452,135.63548,"0.393300766","MEpurple",0.182911447545027
"1343","H3_B4_B41","hypoxic","ambient","hypoxic",3,"both","warm","hypoxic",4,"hypoxic_both",258.25254,104.94746,"0.406375325","MEpurple",0.112511910738543
"1344","H3_C5_B54","hypoxic","ambient","hypoxic",3,"control","ambient","normoxic",5,"hypoxic_control",288.65382,142.14618,"0.492445172","MEpurple",0.149589597486431
"1345","H3_H4_B41","hypoxic","ambient","hypoxic",3,"hypoxic","ambient","hypoxic",4,"hypoxic_hypoxic",176.86578,107.73422,"0.609129816","MEpurple",0.0571156586981901
"1346","H3_H6_B66","hypoxic","ambient","hypoxic",3,"hypoxic","ambient","hypoxic",6,"hypoxic_hypoxic",212.9673,84.3327,"0.395988962","MEpurple",-0.066973665034189
"1347","H3_W3_B30","hypoxic","ambient","hypoxic",3,"warm","warm","normoxic",3,"hypoxic_warm",125.40528,45.09472,"0.359591877","MEpurple",-0.0298732150786663
"1348","H3_W6_B66","hypoxic","ambient","hypoxic",3,"warm","warm","normoxic",6,"hypoxic_warm",412.79238,146.30762,"0.354433917","MEpurple",-0.0821138580136983
"1349","H4_H2_B19","hypoxic","ambient","hypoxic",4,"hypoxic","ambient","hypoxic",2,"hypoxic_hypoxic",102.1293,35.6707,"0.349269994","MEpurple",0.144879502374677
"1350","H4_W1_B07","hypoxic","ambient","hypoxic",4,"warm","warm","normoxic",1,"hypoxic_warm",242.89356,89.60644,"0.368912375","MEpurple",-0.0429739745767629
"1351","H5_B1_B09","hypoxic","ambient","hypoxic",5,"both","warm","hypoxic",1,"hypoxic_both",224.52612,127.47388,"0.567746327","MEpurple",-0.0670880034236513
"1352","H5_B3_B34","hypoxic","ambient","hypoxic",5,"both","warm","hypoxic",3,"hypoxic_both",82.81182,41.28818,"0.498578343","MEpurple",0.191433192110364
"1353","H5_C2_B22","hypoxic","ambient","hypoxic",5,"control","ambient","normoxic",2,"hypoxic_control",489.42894,179.67106,"0.367103466","MEpurple",-0.0868773973216894
"1354","H5_C4_B46","hypoxic","ambient","hypoxic",5,"control","ambient","normoxic",4,"hypoxic_control",275.82828,148.47172,"0.538275916","MEpurple",-0.068559550982528
"1355","H6_C3_B36","hypoxic","ambient","hypoxic",6,"control","ambient","normoxic",3,"hypoxic_control",205.0503,97.6497,"0.476223151","MEpurple",0.128971759121689
"1356","H6_H3_B35","hypoxic","ambient","hypoxic",6,"hypoxic","ambient","hypoxic",3,"hypoxic_hypoxic",290.71224,108.38776,"0.372835213","MEpurple",-0.0730408511908073
"1357","W1_C1_G02","warm","warm","normoxic",1,"control","ambient","normoxic",1,"warm_control",155.1732,66.3268,"0.427437212","MEpurple",-0.0883509661539587
"1358","W1_C6_G61","warm","warm","normoxic",1,"control","ambient","normoxic",6,"warm_control",261.10266,98.09734,"0.3757041","MEpurple",0.124719399528656
"1359","W1_H5_G49","warm","warm","normoxic",1,"hypoxic","ambient","hypoxic",5,"warm_hypoxic",146.4645,52.7355,"0.360056532","MEpurple",0.0968204089630853
"1360","W1_W1_G01","warm","warm","normoxic",1,"warm","warm","normoxic",1,"warm_warm",303.53778,134.56222,"0.443312921","MEpurple",-0.0440614012937108
"1361","W1_W6_G62","warm","warm","normoxic",1,"warm","warm","normoxic",6,"warm_warm",244.6353,81.5647,"0.333413453","MEpurple",-0.0673244329068903
"1362","W2_B1_G04","warm","warm","normoxic",2,"both","warm","hypoxic",2,"warm_both",82.02012,50.17988,"0.611799641","MEpurple",-0.113492444654802
"1363","W2_B6_G64","warm","warm","normoxic",2,"both","warm","hypoxic",6,"warm_both",151.53138,63.86862,"0.421487747","MEpurple",-0.0868806259681002
"1364","W2_C2_G15","warm","warm","normoxic",2,"control","ambient","normoxic",2,"warm_control",478.50348,95.79652,"0.200200258","MEpurple",-0.0902044926437374
"1365","W3_B5_G54","warm","warm","normoxic",3,"both","warm","hypoxic",5,"warm_both",338.68926,134.21074,"0.396265119","MEpurple",-0.0632114822579034
"1366","W3_C3_G29","warm","warm","normoxic",3,"control","ambient","normoxic",3,"warm_control",360.85686,168.24314,"0.466232345","MEpurple",-0.0952077246488545
"1367","W3_H2_G18","warm","warm","normoxic",3,"hypoxic","ambient","hypoxic",2,"warm_hypoxic",532.49742,88.60258,"0.166390628","MEpurple",-0.0255750283756791
"1368","W3_H3_G30","warm","warm","normoxic",3,"hypoxic","ambient","hypoxic",3,"warm_hypoxic",133.63896,79.96104,"0.598336294","MEpurple",0.112120823802533
"1369","W4_C5_G55","warm","warm","normoxic",4,"control","ambient","normoxic",5,"warm_control",238.77672,114.72328,"0.480462584","MEpurple",-0.0813245626078782
"1370","W4_H1_G08","warm","warm","normoxic",4,"hypoxic","ambient","hypoxic",1,"warm_hypoxic",413.58408,264.11592,"0.638602724","MEpurple",-0.0491332726506947
"1371","W4_W5_G56","warm","warm","normoxic",4,"warm","warm","normoxic",5,"warm_warm",227.37624,129.82376,"0.570964495","MEpurple",0.079620671828963
"1372","W5_B2_G21","warm","warm","normoxic",5,"both","warm","hypoxic",2,"warm_both",396.16668,270.53332,"0.68287752","MEpurple",-0.0146855902076509
"1373","W5_C4_G45","warm","warm","normoxic",5,"control","ambient","normoxic",4,"warm_control",399.65016,213.34984,"0.533841498","MEpurple",-0.0949697554648035
"1374","W5_H4_G46","warm","warm","normoxic",5,"hypoxic","ambient","hypoxic",4,"warm_hypoxic",82.97016,29.12984,"0.35108815","MEpurple",-0.0725733230048282
"1375","W5_W2_G22","warm","warm","normoxic",5,"warm","warm","normoxic",2,"warm_warm",222.62604,90.67396,"0.407292696","MEpurple",-0.0565763303650722
"1376","W6_B3_G35","warm","warm","normoxic",6,"both","warm","hypoxic",3,"warm_both",226.90122,122.39878,"0.539436412","MEpurple",-0.0747627402876802
"1377","W6_B4_G48","warm","warm","normoxic",6,"both","warm","hypoxic",4,"warm_both",413.42574,199.37426,"0.482249267","MEpurple",-0.0844671614114428
"1378","W6_H6_G71","warm","warm","normoxic",6,"hypoxic","ambient","hypoxic",6,"warm_hypoxic",228.48462,74.51538,"0.326128647","MEpurple",-0.0860075589767501
"1379","W6_W3_G36","warm","warm","normoxic",6,"warm","warm","normoxic",3,"warm_warm",472.01154,166.28846,"0.352297446","MEpurple",-0.0719754566597611
"1380","W6_W4_G48","warm","warm","normoxic",6,"warm","warm","normoxic",4,"warm_warm",216.9258,67.1742,"0.309664411","MEpurple",-0.135573662405762
"1381","B1_B1_O01","both","warm","hypoxic",1,"both","warm","hypoxic",1,"both_both",210.27552,120.72448,"0.574125224","P1_both",1
"1382","B1_W5_O50","both","warm","hypoxic",1,"warm","warm","normoxic",5,"both_warm",315.8883,85.6117,"0.271018901","P1_both",1
"1383","B2_B5_O51","both","warm","hypoxic",2,"both","warm","hypoxic",5,"both_both",114.32148,44.47852,"0.389065292","P1_both",1
"1384","B2_C4_O40","both","warm","hypoxic",2,"control","ambient","normoxic",4,"both_control",164.99028,55.10972,"0.33401798","P1_both",1
"1385","B3_B4_O41","both","warm","hypoxic",3,"both","warm","hypoxic",4,"both_both",197.925,116.175,"0.586964759","P1_both",1
"1386","B3_C3_O30","both","warm","hypoxic",3,"control","ambient","normoxic",3,"both_control",316.04664,241.35336,"0.763663743","P1_both",1
"1387","B3_C6_O66","both","warm","hypoxic",3,"control","ambient","normoxic",6,"both_control",97.06242,22.23758,"0.229105971","P1_both",1
"1388","B3_H4_O41","both","warm","hypoxic",3,"hypoxic","ambient","hypoxic",4,"both_hypoxic",142.03098,86.96902,"0.612324297","P1_both",1
"1389","B3_W1_O06","both","warm","hypoxic",3,"warm","warm","normoxic",1,"both_warm",145.19778,46.00222,"0.316824541","P1_both",1
"1390","B3_W4_O41","both","warm","hypoxic",3,"warm","warm","normoxic",4,"both_warm",228.32628,183.27372,"0.802683423","P1_both",1
"1391","B4_B2_O19","both","warm","hypoxic",4,"both","warm","hypoxic",2,"both_both",505.57962,264.12038,"0.52241105","P1_both",1
"1392","B4_B3_O32","both","warm","hypoxic",4,"both","warm","hypoxic",3,"both_both",38.31828,-5.21828,"-0.136182522","P1_both",1
"1393","B4_C5_O56","both","warm","hypoxic",4,"control","ambient","normoxic",5,"both_control",208.53378,95.26622,"0.456838312","P1_both",1
"1394","B4_H5_O55","both","warm","hypoxic",4,"hypoxic","ambient","hypoxic",5,"both_hypoxic",200.93346,130.16654,"0.64780918","P1_both",1
"1395","B4_W2_O19","both","warm","hypoxic",4,"warm","warm","normoxic",2,"both_warm",159.1317,52.4683,"0.329716204","P1_both",1
"1396","B4_W6_O67","both","warm","hypoxic",4,"warm","warm","normoxic",6,"both_warm",483.09534,103.90466,"0.215081065","P1_both",1
"1397","B5_B6_O69","both","warm","hypoxic",5,"both","warm","hypoxic",6,"both_both",244.00194,159.49806,"0.653675377","P1_both",1
"1398","B5_H2_O21","both","warm","hypoxic",5,"hypoxic","ambient","hypoxic",2,"both_hypoxic",502.7295,92.8705,"0.184732545","P1_both",1
"1399","B5_W3_O33","both","warm","hypoxic",5,"warm","warm","normoxic",3,"both_warm",188.89962,80.10038,"0.424036745","P1_both",1
"1400","B6_C2_O24","both","warm","hypoxic",6,"control","ambient","normoxic",2,"both_control",534.55584,179.34416,"0.335501264","P1_both",1
"1401","B6_H3_O35","both","warm","hypoxic",6,"hypoxic","ambient","hypoxic",3,"both_hypoxic",252.23562,84.76438,"0.336052378","P1_both",1
"1402","B6_H6_O72","both","warm","hypoxic",6,"hypoxic","ambient","hypoxic",6,"both_hypoxic",116.69658,43.70342,"0.37450472","P1_both",1
"1403","C1_H2_W13","control","ambient","normoxic",1,"hypoxic","ambient","hypoxic",2,"control_hypoxic",319.0551,39.8449,"0.124884072","P1_both",0
"1404","C1_H6_W62","control","ambient","normoxic",1,"hypoxic","ambient","hypoxic",6,"control_hypoxic",93.10392,50.69608,"0.544510693","P1_both",0
"1405","C2_B2_W16","control","ambient","normoxic",2,"both","warm","hypoxic",2,"control_both",266.64456,157.45544,"0.590506853","P1_both",0
"1406","C2_C1_W03","control","ambient","normoxic",2,"control","ambient","normoxic",1,"control_control",219.77592,98.02408,"0.44601829","P1_both",0
"1407","C2_H1_W04","control","ambient","normoxic",2,"hypoxic","ambient","hypoxic",1,"control_hypoxic",263.95278,107.74722,"0.408206422","P1_both",0
"1408","C2_W2_W15","control","ambient","normoxic",2,"warm","warm","normoxic",2,"control_warm",161.19012,88.80988,"0.550963545","P1_both",0
"1409","C2_W5_W52","control","ambient","normoxic",NA,"warm","warm","normoxic",5,"control_warm",235.76826,42.43174,"0.179972232","P1_both",0
"1410","C3_B3_W30","control","ambient","normoxic",3,"both","warm","hypoxic",3,"control_both",135.3807,59.3193,"0.438166592","P1_both",0
"1411","C3_C2_W17","control","ambient","normoxic",3,"control","ambient","normoxic",2,"control_control",500.67108,259.22892,"0.517762919","P1_both",0
"1412","C3_W3_W29","control","ambient","normoxic",3,"warm","warm","normoxic",3,"control_warm",71.09466,25.60534,"0.360158414","P1_both",0
"1413","C4_B1_W07","control","ambient","normoxic",4,"both","warm","hypoxic",1,"control_both",63.96936,21.53064,"0.336577386","P1_both",0
"1414","C4_B5_W56","control","ambient","normoxic",4,"both","warm","hypoxic",5,"control_both",317.15502,127.24498,"0.401207523","P1_both",0
"1415","C4_C6_W67","control","ambient","normoxic",4,"control","ambient","normoxic",6,"control_control",78.85332,35.34668,"0.448258615","P1_both",0
"1416","C4_H5_W56","control","ambient","normoxic",4,"hypoxic","ambient","hypoxic",5,"control_hypoxic",217.24248,102.95752,"0.47392904","P1_both",0
"1417","C5_B4_W46","control","ambient","normoxic",5,"both","warm","hypoxic",4,"control_both",217.87584,102.02416,"0.468267432","P1_both",0
"1418","C5_C3_W33","control","ambient","normoxic",5,"control","ambient","normoxic",3,"control_control",216.76746,159.93254,"0.737806957","P1_both",0
"1419","C5_W1_W09","control","ambient","normoxic",5,"warm","warm","normoxic",1,"control_warm",345.9729,125.9271,"0.363979664","P1_both",0
"1420","C5_W4_W45","control","ambient","normoxic",5,"warm","warm","normoxic",4,"control_warm",177.3408,65.8592,"0.371370829","P1_both",0
"1421","C6_B6_W71","control","ambient","normoxic",6,"both","warm","hypoxic",6,"control_both",186.8412,74.7588,"0.40011946","P1_both",0
"1422","C6_C5_W59","control","ambient","normoxic",6,"control","ambient","normoxic",5,"control_control",348.66468,80.63532,"0.231268966","P1_both",0
"1423","C6_H3_W36","control","ambient","normoxic",6,"hypoxic","ambient","hypoxic",3,"control_hypoxic",219.3009,110.9991,"0.50614977","P1_both",0
"1424","C6_H4_W48","control","ambient","normoxic",6,"hypoxic","ambient","hypoxic",4,"control_hypoxic",94.2123,56.4877,"0.599578824","P1_both",0
"1425","C6_W6_W72","control","ambient","normoxic",6,"warm","warm","normoxic",6,"control_warm",421.9761,189.7239,"0.449608165","P1_both",0
"1426","H1_B2_B13","hypoxic","ambient","hypoxic",1,"both","warm","hypoxic",2,"hypoxic_both",175.44072,60.25928,"0.343473739","P1_both",0
"1427","H1_B6_B61","hypoxic","ambient","hypoxic",1,"both","warm","hypoxic",6,"hypoxic_both",43.38516,23.01484,"0.530477242","P1_both",0
"1428","H1_C6_B62","hypoxic","ambient","hypoxic",1,"control","ambient","normoxic",6,"hypoxic_control",301.00434,148.89566,"0.494662834","P1_both",0
"1429","H1_W4_B38","hypoxic","ambient","hypoxic",1,"warm","warm","normoxic",4,"hypoxic_warm",205.842,104.058,"0.505523654","P1_both",0
"1430","H1_W5_B49","hypoxic","ambient","hypoxic",1,"warm","warm","normoxic",5,"hypoxic_warm",326.02206,188.37794,"0.577807342","P1_both",0
"1431","H2_B5_B51","hypoxic","ambient","hypoxic",2,"both","warm","hypoxic",5,"hypoxic_both",321.27186,150.12814,"0.467293152","P1_both",0
"1432","H2_C1_B04","hypoxic","ambient","hypoxic",2,"control","ambient","normoxic",1,"hypoxic_control",199.98342,114.11658,"0.570630205","P1_both",0
"1433","H2_H1_B03","hypoxic","ambient","hypoxic",2,"hypoxic","ambient","hypoxic",1,"hypoxic_hypoxic",379.54098,162.65902,"0.42856774","P1_both",0
"1434","H2_W2_B16","hypoxic","ambient","hypoxic",2,"warm","warm","normoxic",2,"hypoxic_warm",344.86452,135.63548,"0.393300766","P1_both",0
"1435","H3_B4_B41","hypoxic","ambient","hypoxic",3,"both","warm","hypoxic",4,"hypoxic_both",258.25254,104.94746,"0.406375325","P1_both",0
"1436","H3_C5_B54","hypoxic","ambient","hypoxic",3,"control","ambient","normoxic",5,"hypoxic_control",288.65382,142.14618,"0.492445172","P1_both",0
"1437","H3_H4_B41","hypoxic","ambient","hypoxic",3,"hypoxic","ambient","hypoxic",4,"hypoxic_hypoxic",176.86578,107.73422,"0.609129816","P1_both",0
"1438","H3_H6_B66","hypoxic","ambient","hypoxic",3,"hypoxic","ambient","hypoxic",6,"hypoxic_hypoxic",212.9673,84.3327,"0.395988962","P1_both",0
"1439","H3_W3_B30","hypoxic","ambient","hypoxic",3,"warm","warm","normoxic",3,"hypoxic_warm",125.40528,45.09472,"0.359591877","P1_both",0
"1440","H3_W6_B66","hypoxic","ambient","hypoxic",3,"warm","warm","normoxic",6,"hypoxic_warm",412.79238,146.30762,"0.354433917","P1_both",0
"1441","H4_H2_B19","hypoxic","ambient","hypoxic",4,"hypoxic","ambient","hypoxic",2,"hypoxic_hypoxic",102.1293,35.6707,"0.349269994","P1_both",0
"1442","H4_W1_B07","hypoxic","ambient","hypoxic",4,"warm","warm","normoxic",1,"hypoxic_warm",242.89356,89.60644,"0.368912375","P1_both",0
"1443","H5_B1_B09","hypoxic","ambient","hypoxic",5,"both","warm","hypoxic",1,"hypoxic_both",224.52612,127.47388,"0.567746327","P1_both",0
"1444","H5_B3_B34","hypoxic","ambient","hypoxic",5,"both","warm","hypoxic",3,"hypoxic_both",82.81182,41.28818,"0.498578343","P1_both",0
"1445","H5_C2_B22","hypoxic","ambient","hypoxic",5,"control","ambient","normoxic",2,"hypoxic_control",489.42894,179.67106,"0.367103466","P1_both",0
"1446","H5_C4_B46","hypoxic","ambient","hypoxic",5,"control","ambient","normoxic",4,"hypoxic_control",275.82828,148.47172,"0.538275916","P1_both",0
"1447","H6_C3_B36","hypoxic","ambient","hypoxic",6,"control","ambient","normoxic",3,"hypoxic_control",205.0503,97.6497,"0.476223151","P1_both",0
"1448","H6_H3_B35","hypoxic","ambient","hypoxic",6,"hypoxic","ambient","hypoxic",3,"hypoxic_hypoxic",290.71224,108.38776,"0.372835213","P1_both",0
"1449","W1_C1_G02","warm","warm","normoxic",1,"control","ambient","normoxic",1,"warm_control",155.1732,66.3268,"0.427437212","P1_both",0
"1450","W1_C6_G61","warm","warm","normoxic",1,"control","ambient","normoxic",6,"warm_control",261.10266,98.09734,"0.3757041","P1_both",0
"1451","W1_H5_G49","warm","warm","normoxic",1,"hypoxic","ambient","hypoxic",5,"warm_hypoxic",146.4645,52.7355,"0.360056532","P1_both",0
"1452","W1_W1_G01","warm","warm","normoxic",1,"warm","warm","normoxic",1,"warm_warm",303.53778,134.56222,"0.443312921","P1_both",0
"1453","W1_W6_G62","warm","warm","normoxic",1,"warm","warm","normoxic",6,"warm_warm",244.6353,81.5647,"0.333413453","P1_both",0
"1454","W2_B1_G04","warm","warm","normoxic",2,"both","warm","hypoxic",2,"warm_both",82.02012,50.17988,"0.611799641","P1_both",0
"1455","W2_B6_G64","warm","warm","normoxic",2,"both","warm","hypoxic",6,"warm_both",151.53138,63.86862,"0.421487747","P1_both",0
"1456","W2_C2_G15","warm","warm","normoxic",2,"control","ambient","normoxic",2,"warm_control",478.50348,95.79652,"0.200200258","P1_both",0
"1457","W3_B5_G54","warm","warm","normoxic",3,"both","warm","hypoxic",5,"warm_both",338.68926,134.21074,"0.396265119","P1_both",0
"1458","W3_C3_G29","warm","warm","normoxic",3,"control","ambient","normoxic",3,"warm_control",360.85686,168.24314,"0.466232345","P1_both",0
"1459","W3_H2_G18","warm","warm","normoxic",3,"hypoxic","ambient","hypoxic",2,"warm_hypoxic",532.49742,88.60258,"0.166390628","P1_both",0
"1460","W3_H3_G30","warm","warm","normoxic",3,"hypoxic","ambient","hypoxic",3,"warm_hypoxic",133.63896,79.96104,"0.598336294","P1_both",0
"1461","W4_C5_G55","warm","warm","normoxic",4,"control","ambient","normoxic",5,"warm_control",238.77672,114.72328,"0.480462584","P1_both",0
"1462","W4_H1_G08","warm","warm","normoxic",4,"hypoxic","ambient","hypoxic",1,"warm_hypoxic",413.58408,264.11592,"0.638602724","P1_both",0
"1463","W4_W5_G56","warm","warm","normoxic",4,"warm","warm","normoxic",5,"warm_warm",227.37624,129.82376,"0.570964495","P1_both",0
"1464","W5_B2_G21","warm","warm","normoxic",5,"both","warm","hypoxic",2,"warm_both",396.16668,270.53332,"0.68287752","P1_both",0
"1465","W5_C4_G45","warm","warm","normoxic",5,"control","ambient","normoxic",4,"warm_control",399.65016,213.34984,"0.533841498","P1_both",0
"1466","W5_H4_G46","warm","warm","normoxic",5,"hypoxic","ambient","hypoxic",4,"warm_hypoxic",82.97016,29.12984,"0.35108815","P1_both",0
"1467","W5_W2_G22","warm","warm","normoxic",5,"warm","warm","normoxic",2,"warm_warm",222.62604,90.67396,"0.407292696","P1_both",0
"1468","W6_B3_G35","warm","warm","normoxic",6,"both","warm","hypoxic",3,"warm_both",226.90122,122.39878,"0.539436412","P1_both",0
"1469","W6_B4_G48","warm","warm","normoxic",6,"both","warm","hypoxic",4,"warm_both",413.42574,199.37426,"0.482249267","P1_both",0
"1470","W6_H6_G71","warm","warm","normoxic",6,"hypoxic","ambient","hypoxic",6,"warm_hypoxic",228.48462,74.51538,"0.326128647","P1_both",0
"1471","W6_W3_G36","warm","warm","normoxic",6,"warm","warm","normoxic",3,"warm_warm",472.01154,166.28846,"0.352297446","P1_both",0
"1472","W6_W4_G48","warm","warm","normoxic",6,"warm","warm","normoxic",4,"warm_warm",216.9258,67.1742,"0.309664411","P1_both",0
"1473","B1_B1_O01","both","warm","hypoxic",1,"both","warm","hypoxic",1,"both_both",210.27552,120.72448,"0.574125224","P1_control",0
"1474","B1_W5_O50","both","warm","hypoxic",1,"warm","warm","normoxic",5,"both_warm",315.8883,85.6117,"0.271018901","P1_control",0
"1475","B2_B5_O51","both","warm","hypoxic",2,"both","warm","hypoxic",5,"both_both",114.32148,44.47852,"0.389065292","P1_control",0
"1476","B2_C4_O40","both","warm","hypoxic",2,"control","ambient","normoxic",4,"both_control",164.99028,55.10972,"0.33401798","P1_control",0
"1477","B3_B4_O41","both","warm","hypoxic",3,"both","warm","hypoxic",4,"both_both",197.925,116.175,"0.586964759","P1_control",0
"1478","B3_C3_O30","both","warm","hypoxic",3,"control","ambient","normoxic",3,"both_control",316.04664,241.35336,"0.763663743","P1_control",0
"1479","B3_C6_O66","both","warm","hypoxic",3,"control","ambient","normoxic",6,"both_control",97.06242,22.23758,"0.229105971","P1_control",0
"1480","B3_H4_O41","both","warm","hypoxic",3,"hypoxic","ambient","hypoxic",4,"both_hypoxic",142.03098,86.96902,"0.612324297","P1_control",0
"1481","B3_W1_O06","both","warm","hypoxic",3,"warm","warm","normoxic",1,"both_warm",145.19778,46.00222,"0.316824541","P1_control",0
"1482","B3_W4_O41","both","warm","hypoxic",3,"warm","warm","normoxic",4,"both_warm",228.32628,183.27372,"0.802683423","P1_control",0
"1483","B4_B2_O19","both","warm","hypoxic",4,"both","warm","hypoxic",2,"both_both",505.57962,264.12038,"0.52241105","P1_control",0
"1484","B4_B3_O32","both","warm","hypoxic",4,"both","warm","hypoxic",3,"both_both",38.31828,-5.21828,"-0.136182522","P1_control",0
"1485","B4_C5_O56","both","warm","hypoxic",4,"control","ambient","normoxic",5,"both_control",208.53378,95.26622,"0.456838312","P1_control",0
"1486","B4_H5_O55","both","warm","hypoxic",4,"hypoxic","ambient","hypoxic",5,"both_hypoxic",200.93346,130.16654,"0.64780918","P1_control",0
"1487","B4_W2_O19","both","warm","hypoxic",4,"warm","warm","normoxic",2,"both_warm",159.1317,52.4683,"0.329716204","P1_control",0
"1488","B4_W6_O67","both","warm","hypoxic",4,"warm","warm","normoxic",6,"both_warm",483.09534,103.90466,"0.215081065","P1_control",0
"1489","B5_B6_O69","both","warm","hypoxic",5,"both","warm","hypoxic",6,"both_both",244.00194,159.49806,"0.653675377","P1_control",0
"1490","B5_H2_O21","both","warm","hypoxic",5,"hypoxic","ambient","hypoxic",2,"both_hypoxic",502.7295,92.8705,"0.184732545","P1_control",0
"1491","B5_W3_O33","both","warm","hypoxic",5,"warm","warm","normoxic",3,"both_warm",188.89962,80.10038,"0.424036745","P1_control",0
"1492","B6_C2_O24","both","warm","hypoxic",6,"control","ambient","normoxic",2,"both_control",534.55584,179.34416,"0.335501264","P1_control",0
"1493","B6_H3_O35","both","warm","hypoxic",6,"hypoxic","ambient","hypoxic",3,"both_hypoxic",252.23562,84.76438,"0.336052378","P1_control",0
"1494","B6_H6_O72","both","warm","hypoxic",6,"hypoxic","ambient","hypoxic",6,"both_hypoxic",116.69658,43.70342,"0.37450472","P1_control",0
"1495","C1_H2_W13","control","ambient","normoxic",1,"hypoxic","ambient","hypoxic",2,"control_hypoxic",319.0551,39.8449,"0.124884072","P1_control",1
"1496","C1_H6_W62","control","ambient","normoxic",1,"hypoxic","ambient","hypoxic",6,"control_hypoxic",93.10392,50.69608,"0.544510693","P1_control",1
"1497","C2_B2_W16","control","ambient","normoxic",2,"both","warm","hypoxic",2,"control_both",266.64456,157.45544,"0.590506853","P1_control",1
"1498","C2_C1_W03","control","ambient","normoxic",2,"control","ambient","normoxic",1,"control_control",219.77592,98.02408,"0.44601829","P1_control",1
"1499","C2_H1_W04","control","ambient","normoxic",2,"hypoxic","ambient","hypoxic",1,"control_hypoxic",263.95278,107.74722,"0.408206422","P1_control",1
"1500","C2_W2_W15","control","ambient","normoxic",2,"warm","warm","normoxic",2,"control_warm",161.19012,88.80988,"0.550963545","P1_control",1
"1501","C2_W5_W52","control","ambient","normoxic",NA,"warm","warm","normoxic",5,"control_warm",235.76826,42.43174,"0.179972232","P1_control",1
"1502","C3_B3_W30","control","ambient","normoxic",3,"both","warm","hypoxic",3,"control_both",135.3807,59.3193,"0.438166592","P1_control",1
"1503","C3_C2_W17","control","ambient","normoxic",3,"control","ambient","normoxic",2,"control_control",500.67108,259.22892,"0.517762919","P1_control",1
"1504","C3_W3_W29","control","ambient","normoxic",3,"warm","warm","normoxic",3,"control_warm",71.09466,25.60534,"0.360158414","P1_control",1
"1505","C4_B1_W07","control","ambient","normoxic",4,"both","warm","hypoxic",1,"control_both",63.96936,21.53064,"0.336577386","P1_control",1
"1506","C4_B5_W56","control","ambient","normoxic",4,"both","warm","hypoxic",5,"control_both",317.15502,127.24498,"0.401207523","P1_control",1
"1507","C4_C6_W67","control","ambient","normoxic",4,"control","ambient","normoxic",6,"control_control",78.85332,35.34668,"0.448258615","P1_control",1
"1508","C4_H5_W56","control","ambient","normoxic",4,"hypoxic","ambient","hypoxic",5,"control_hypoxic",217.24248,102.95752,"0.47392904","P1_control",1
"1509","C5_B4_W46","control","ambient","normoxic",5,"both","warm","hypoxic",4,"control_both",217.87584,102.02416,"0.468267432","P1_control",1
"1510","C5_C3_W33","control","ambient","normoxic",5,"control","ambient","normoxic",3,"control_control",216.76746,159.93254,"0.737806957","P1_control",1
"1511","C5_W1_W09","control","ambient","normoxic",5,"warm","warm","normoxic",1,"control_warm",345.9729,125.9271,"0.363979664","P1_control",1
"1512","C5_W4_W45","control","ambient","normoxic",5,"warm","warm","normoxic",4,"control_warm",177.3408,65.8592,"0.371370829","P1_control",1
"1513","C6_B6_W71","control","ambient","normoxic",6,"both","warm","hypoxic",6,"control_both",186.8412,74.7588,"0.40011946","P1_control",1
"1514","C6_C5_W59","control","ambient","normoxic",6,"control","ambient","normoxic",5,"control_control",348.66468,80.63532,"0.231268966","P1_control",1
"1515","C6_H3_W36","control","ambient","normoxic",6,"hypoxic","ambient","hypoxic",3,"control_hypoxic",219.3009,110.9991,"0.50614977","P1_control",1
"1516","C6_H4_W48","control","ambient","normoxic",6,"hypoxic","ambient","hypoxic",4,"control_hypoxic",94.2123,56.4877,"0.599578824","P1_control",1
"1517","C6_W6_W72","control","ambient","normoxic",6,"warm","warm","normoxic",6,"control_warm",421.9761,189.7239,"0.449608165","P1_control",1
"1518","H1_B2_B13","hypoxic","ambient","hypoxic",1,"both","warm","hypoxic",2,"hypoxic_both",175.44072,60.25928,"0.343473739","P1_control",0
"1519","H1_B6_B61","hypoxic","ambient","hypoxic",1,"both","warm","hypoxic",6,"hypoxic_both",43.38516,23.01484,"0.530477242","P1_control",0
"1520","H1_C6_B62","hypoxic","ambient","hypoxic",1,"control","ambient","normoxic",6,"hypoxic_control",301.00434,148.89566,"0.494662834","P1_control",0
"1521","H1_W4_B38","hypoxic","ambient","hypoxic",1,"warm","warm","normoxic",4,"hypoxic_warm",205.842,104.058,"0.505523654","P1_control",0
"1522","H1_W5_B49","hypoxic","ambient","hypoxic",1,"warm","warm","normoxic",5,"hypoxic_warm",326.02206,188.37794,"0.577807342","P1_control",0
"1523","H2_B5_B51","hypoxic","ambient","hypoxic",2,"both","warm","hypoxic",5,"hypoxic_both",321.27186,150.12814,"0.467293152","P1_control",0
"1524","H2_C1_B04","hypoxic","ambient","hypoxic",2,"control","ambient","normoxic",1,"hypoxic_control",199.98342,114.11658,"0.570630205","P1_control",0
"1525","H2_H1_B03","hypoxic","ambient","hypoxic",2,"hypoxic","ambient","hypoxic",1,"hypoxic_hypoxic",379.54098,162.65902,"0.42856774","P1_control",0
"1526","H2_W2_B16","hypoxic","ambient","hypoxic",2,"warm","warm","normoxic",2,"hypoxic_warm",344.86452,135.63548,"0.393300766","P1_control",0
"1527","H3_B4_B41","hypoxic","ambient","hypoxic",3,"both","warm","hypoxic",4,"hypoxic_both",258.25254,104.94746,"0.406375325","P1_control",0
"1528","H3_C5_B54","hypoxic","ambient","hypoxic",3,"control","ambient","normoxic",5,"hypoxic_control",288.65382,142.14618,"0.492445172","P1_control",0
"1529","H3_H4_B41","hypoxic","ambient","hypoxic",3,"hypoxic","ambient","hypoxic",4,"hypoxic_hypoxic",176.86578,107.73422,"0.609129816","P1_control",0
"1530","H3_H6_B66","hypoxic","ambient","hypoxic",3,"hypoxic","ambient","hypoxic",6,"hypoxic_hypoxic",212.9673,84.3327,"0.395988962","P1_control",0
"1531","H3_W3_B30","hypoxic","ambient","hypoxic",3,"warm","warm","normoxic",3,"hypoxic_warm",125.40528,45.09472,"0.359591877","P1_control",0
"1532","H3_W6_B66","hypoxic","ambient","hypoxic",3,"warm","warm","normoxic",6,"hypoxic_warm",412.79238,146.30762,"0.354433917","P1_control",0
"1533","H4_H2_B19","hypoxic","ambient","hypoxic",4,"hypoxic","ambient","hypoxic",2,"hypoxic_hypoxic",102.1293,35.6707,"0.349269994","P1_control",0
"1534","H4_W1_B07","hypoxic","ambient","hypoxic",4,"warm","warm","normoxic",1,"hypoxic_warm",242.89356,89.60644,"0.368912375","P1_control",0
"1535","H5_B1_B09","hypoxic","ambient","hypoxic",5,"both","warm","hypoxic",1,"hypoxic_both",224.52612,127.47388,"0.567746327","P1_control",0
"1536","H5_B3_B34","hypoxic","ambient","hypoxic",5,"both","warm","hypoxic",3,"hypoxic_both",82.81182,41.28818,"0.498578343","P1_control",0
"1537","H5_C2_B22","hypoxic","ambient","hypoxic",5,"control","ambient","normoxic",2,"hypoxic_control",489.42894,179.67106,"0.367103466","P1_control",0
"1538","H5_C4_B46","hypoxic","ambient","hypoxic",5,"control","ambient","normoxic",4,"hypoxic_control",275.82828,148.47172,"0.538275916","P1_control",0
"1539","H6_C3_B36","hypoxic","ambient","hypoxic",6,"control","ambient","normoxic",3,"hypoxic_control",205.0503,97.6497,"0.476223151","P1_control",0
"1540","H6_H3_B35","hypoxic","ambient","hypoxic",6,"hypoxic","ambient","hypoxic",3,"hypoxic_hypoxic",290.71224,108.38776,"0.372835213","P1_control",0
"1541","W1_C1_G02","warm","warm","normoxic",1,"control","ambient","normoxic",1,"warm_control",155.1732,66.3268,"0.427437212","P1_control",0
"1542","W1_C6_G61","warm","warm","normoxic",1,"control","ambient","normoxic",6,"warm_control",261.10266,98.09734,"0.3757041","P1_control",0
"1543","W1_H5_G49","warm","warm","normoxic",1,"hypoxic","ambient","hypoxic",5,"warm_hypoxic",146.4645,52.7355,"0.360056532","P1_control",0
"1544","W1_W1_G01","warm","warm","normoxic",1,"warm","warm","normoxic",1,"warm_warm",303.53778,134.56222,"0.443312921","P1_control",0
"1545","W1_W6_G62","warm","warm","normoxic",1,"warm","warm","normoxic",6,"warm_warm",244.6353,81.5647,"0.333413453","P1_control",0
"1546","W2_B1_G04","warm","warm","normoxic",2,"both","warm","hypoxic",2,"warm_both",82.02012,50.17988,"0.611799641","P1_control",0
"1547","W2_B6_G64","warm","warm","normoxic",2,"both","warm","hypoxic",6,"warm_both",151.53138,63.86862,"0.421487747","P1_control",0
"1548","W2_C2_G15","warm","warm","normoxic",2,"control","ambient","normoxic",2,"warm_control",478.50348,95.79652,"0.200200258","P1_control",0
"1549","W3_B5_G54","warm","warm","normoxic",3,"both","warm","hypoxic",5,"warm_both",338.68926,134.21074,"0.396265119","P1_control",0
"1550","W3_C3_G29","warm","warm","normoxic",3,"control","ambient","normoxic",3,"warm_control",360.85686,168.24314,"0.466232345","P1_control",0
"1551","W3_H2_G18","warm","warm","normoxic",3,"hypoxic","ambient","hypoxic",2,"warm_hypoxic",532.49742,88.60258,"0.166390628","P1_control",0
"1552","W3_H3_G30","warm","warm","normoxic",3,"hypoxic","ambient","hypoxic",3,"warm_hypoxic",133.63896,79.96104,"0.598336294","P1_control",0
"1553","W4_C5_G55","warm","warm","normoxic",4,"control","ambient","normoxic",5,"warm_control",238.77672,114.72328,"0.480462584","P1_control",0
"1554","W4_H1_G08","warm","warm","normoxic",4,"hypoxic","ambient","hypoxic",1,"warm_hypoxic",413.58408,264.11592,"0.638602724","P1_control",0
"1555","W4_W5_G56","warm","warm","normoxic",4,"warm","warm","normoxic",5,"warm_warm",227.37624,129.82376,"0.570964495","P1_control",0
"1556","W5_B2_G21","warm","warm","normoxic",5,"both","warm","hypoxic",2,"warm_both",396.16668,270.53332,"0.68287752","P1_control",0
"1557","W5_C4_G45","warm","warm","normoxic",5,"control","ambient","normoxic",4,"warm_control",399.65016,213.34984,"0.533841498","P1_control",0
"1558","W5_H4_G46","warm","warm","normoxic",5,"hypoxic","ambient","hypoxic",4,"warm_hypoxic",82.97016,29.12984,"0.35108815","P1_control",0
"1559","W5_W2_G22","warm","warm","normoxic",5,"warm","warm","normoxic",2,"warm_warm",222.62604,90.67396,"0.407292696","P1_control",0
"1560","W6_B3_G35","warm","warm","normoxic",6,"both","warm","hypoxic",3,"warm_both",226.90122,122.39878,"0.539436412","P1_control",0
"1561","W6_B4_G48","warm","warm","normoxic",6,"both","warm","hypoxic",4,"warm_both",413.42574,199.37426,"0.482249267","P1_control",0
"1562","W6_H6_G71","warm","warm","normoxic",6,"hypoxic","ambient","hypoxic",6,"warm_hypoxic",228.48462,74.51538,"0.326128647","P1_control",0
"1563","W6_W3_G36","warm","warm","normoxic",6,"warm","warm","normoxic",3,"warm_warm",472.01154,166.28846,"0.352297446","P1_control",0
"1564","W6_W4_G48","warm","warm","normoxic",6,"warm","warm","normoxic",4,"warm_warm",216.9258,67.1742,"0.309664411","P1_control",0
"1565","B1_B1_O01","both","warm","hypoxic",1,"both","warm","hypoxic",1,"both_both",210.27552,120.72448,"0.574125224","P1_hypoxic",0
"1566","B1_W5_O50","both","warm","hypoxic",1,"warm","warm","normoxic",5,"both_warm",315.8883,85.6117,"0.271018901","P1_hypoxic",0
"1567","B2_B5_O51","both","warm","hypoxic",2,"both","warm","hypoxic",5,"both_both",114.32148,44.47852,"0.389065292","P1_hypoxic",0
"1568","B2_C4_O40","both","warm","hypoxic",2,"control","ambient","normoxic",4,"both_control",164.99028,55.10972,"0.33401798","P1_hypoxic",0
"1569","B3_B4_O41","both","warm","hypoxic",3,"both","warm","hypoxic",4,"both_both",197.925,116.175,"0.586964759","P1_hypoxic",0
"1570","B3_C3_O30","both","warm","hypoxic",3,"control","ambient","normoxic",3,"both_control",316.04664,241.35336,"0.763663743","P1_hypoxic",0
"1571","B3_C6_O66","both","warm","hypoxic",3,"control","ambient","normoxic",6,"both_control",97.06242,22.23758,"0.229105971","P1_hypoxic",0
"1572","B3_H4_O41","both","warm","hypoxic",3,"hypoxic","ambient","hypoxic",4,"both_hypoxic",142.03098,86.96902,"0.612324297","P1_hypoxic",0
"1573","B3_W1_O06","both","warm","hypoxic",3,"warm","warm","normoxic",1,"both_warm",145.19778,46.00222,"0.316824541","P1_hypoxic",0
"1574","B3_W4_O41","both","warm","hypoxic",3,"warm","warm","normoxic",4,"both_warm",228.32628,183.27372,"0.802683423","P1_hypoxic",0
"1575","B4_B2_O19","both","warm","hypoxic",4,"both","warm","hypoxic",2,"both_both",505.57962,264.12038,"0.52241105","P1_hypoxic",0
"1576","B4_B3_O32","both","warm","hypoxic",4,"both","warm","hypoxic",3,"both_both",38.31828,-5.21828,"-0.136182522","P1_hypoxic",0
"1577","B4_C5_O56","both","warm","hypoxic",4,"control","ambient","normoxic",5,"both_control",208.53378,95.26622,"0.456838312","P1_hypoxic",0
"1578","B4_H5_O55","both","warm","hypoxic",4,"hypoxic","ambient","hypoxic",5,"both_hypoxic",200.93346,130.16654,"0.64780918","P1_hypoxic",0
"1579","B4_W2_O19","both","warm","hypoxic",4,"warm","warm","normoxic",2,"both_warm",159.1317,52.4683,"0.329716204","P1_hypoxic",0
"1580","B4_W6_O67","both","warm","hypoxic",4,"warm","warm","normoxic",6,"both_warm",483.09534,103.90466,"0.215081065","P1_hypoxic",0
"1581","B5_B6_O69","both","warm","hypoxic",5,"both","warm","hypoxic",6,"both_both",244.00194,159.49806,"0.653675377","P1_hypoxic",0
"1582","B5_H2_O21","both","warm","hypoxic",5,"hypoxic","ambient","hypoxic",2,"both_hypoxic",502.7295,92.8705,"0.184732545","P1_hypoxic",0
"1583","B5_W3_O33","both","warm","hypoxic",5,"warm","warm","normoxic",3,"both_warm",188.89962,80.10038,"0.424036745","P1_hypoxic",0
"1584","B6_C2_O24","both","warm","hypoxic",6,"control","ambient","normoxic",2,"both_control",534.55584,179.34416,"0.335501264","P1_hypoxic",0
"1585","B6_H3_O35","both","warm","hypoxic",6,"hypoxic","ambient","hypoxic",3,"both_hypoxic",252.23562,84.76438,"0.336052378","P1_hypoxic",0
"1586","B6_H6_O72","both","warm","hypoxic",6,"hypoxic","ambient","hypoxic",6,"both_hypoxic",116.69658,43.70342,"0.37450472","P1_hypoxic",0
"1587","C1_H2_W13","control","ambient","normoxic",1,"hypoxic","ambient","hypoxic",2,"control_hypoxic",319.0551,39.8449,"0.124884072","P1_hypoxic",0
"1588","C1_H6_W62","control","ambient","normoxic",1,"hypoxic","ambient","hypoxic",6,"control_hypoxic",93.10392,50.69608,"0.544510693","P1_hypoxic",0
"1589","C2_B2_W16","control","ambient","normoxic",2,"both","warm","hypoxic",2,"control_both",266.64456,157.45544,"0.590506853","P1_hypoxic",0
"1590","C2_C1_W03","control","ambient","normoxic",2,"control","ambient","normoxic",1,"control_control",219.77592,98.02408,"0.44601829","P1_hypoxic",0
"1591","C2_H1_W04","control","ambient","normoxic",2,"hypoxic","ambient","hypoxic",1,"control_hypoxic",263.95278,107.74722,"0.408206422","P1_hypoxic",0
"1592","C2_W2_W15","control","ambient","normoxic",2,"warm","warm","normoxic",2,"control_warm",161.19012,88.80988,"0.550963545","P1_hypoxic",0
"1593","C2_W5_W52","control","ambient","normoxic",NA,"warm","warm","normoxic",5,"control_warm",235.76826,42.43174,"0.179972232","P1_hypoxic",0
"1594","C3_B3_W30","control","ambient","normoxic",3,"both","warm","hypoxic",3,"control_both",135.3807,59.3193,"0.438166592","P1_hypoxic",0
"1595","C3_C2_W17","control","ambient","normoxic",3,"control","ambient","normoxic",2,"control_control",500.67108,259.22892,"0.517762919","P1_hypoxic",0
"1596","C3_W3_W29","control","ambient","normoxic",3,"warm","warm","normoxic",3,"control_warm",71.09466,25.60534,"0.360158414","P1_hypoxic",0
"1597","C4_B1_W07","control","ambient","normoxic",4,"both","warm","hypoxic",1,"control_both",63.96936,21.53064,"0.336577386","P1_hypoxic",0
"1598","C4_B5_W56","control","ambient","normoxic",4,"both","warm","hypoxic",5,"control_both",317.15502,127.24498,"0.401207523","P1_hypoxic",0
"1599","C4_C6_W67","control","ambient","normoxic",4,"control","ambient","normoxic",6,"control_control",78.85332,35.34668,"0.448258615","P1_hypoxic",0
"1600","C4_H5_W56","control","ambient","normoxic",4,"hypoxic","ambient","hypoxic",5,"control_hypoxic",217.24248,102.95752,"0.47392904","P1_hypoxic",0
"1601","C5_B4_W46","control","ambient","normoxic",5,"both","warm","hypoxic",4,"control_both",217.87584,102.02416,"0.468267432","P1_hypoxic",0
"1602","C5_C3_W33","control","ambient","normoxic",5,"control","ambient","normoxic",3,"control_control",216.76746,159.93254,"0.737806957","P1_hypoxic",0
"1603","C5_W1_W09","control","ambient","normoxic",5,"warm","warm","normoxic",1,"control_warm",345.9729,125.9271,"0.363979664","P1_hypoxic",0
"1604","C5_W4_W45","control","ambient","normoxic",5,"warm","warm","normoxic",4,"control_warm",177.3408,65.8592,"0.371370829","P1_hypoxic",0
"1605","C6_B6_W71","control","ambient","normoxic",6,"both","warm","hypoxic",6,"control_both",186.8412,74.7588,"0.40011946","P1_hypoxic",0
"1606","C6_C5_W59","control","ambient","normoxic",6,"control","ambient","normoxic",5,"control_control",348.66468,80.63532,"0.231268966","P1_hypoxic",0
"1607","C6_H3_W36","control","ambient","normoxic",6,"hypoxic","ambient","hypoxic",3,"control_hypoxic",219.3009,110.9991,"0.50614977","P1_hypoxic",0
"1608","C6_H4_W48","control","ambient","normoxic",6,"hypoxic","ambient","hypoxic",4,"control_hypoxic",94.2123,56.4877,"0.599578824","P1_hypoxic",0
"1609","C6_W6_W72","control","ambient","normoxic",6,"warm","warm","normoxic",6,"control_warm",421.9761,189.7239,"0.449608165","P1_hypoxic",0
"1610","H1_B2_B13","hypoxic","ambient","hypoxic",1,"both","warm","hypoxic",2,"hypoxic_both",175.44072,60.25928,"0.343473739","P1_hypoxic",1
"1611","H1_B6_B61","hypoxic","ambient","hypoxic",1,"both","warm","hypoxic",6,"hypoxic_both",43.38516,23.01484,"0.530477242","P1_hypoxic",1
"1612","H1_C6_B62","hypoxic","ambient","hypoxic",1,"control","ambient","normoxic",6,"hypoxic_control",301.00434,148.89566,"0.494662834","P1_hypoxic",1
"1613","H1_W4_B38","hypoxic","ambient","hypoxic",1,"warm","warm","normoxic",4,"hypoxic_warm",205.842,104.058,"0.505523654","P1_hypoxic",1
"1614","H1_W5_B49","hypoxic","ambient","hypoxic",1,"warm","warm","normoxic",5,"hypoxic_warm",326.02206,188.37794,"0.577807342","P1_hypoxic",1
"1615","H2_B5_B51","hypoxic","ambient","hypoxic",2,"both","warm","hypoxic",5,"hypoxic_both",321.27186,150.12814,"0.467293152","P1_hypoxic",1
"1616","H2_C1_B04","hypoxic","ambient","hypoxic",2,"control","ambient","normoxic",1,"hypoxic_control",199.98342,114.11658,"0.570630205","P1_hypoxic",1
"1617","H2_H1_B03","hypoxic","ambient","hypoxic",2,"hypoxic","ambient","hypoxic",1,"hypoxic_hypoxic",379.54098,162.65902,"0.42856774","P1_hypoxic",1
"1618","H2_W2_B16","hypoxic","ambient","hypoxic",2,"warm","warm","normoxic",2,"hypoxic_warm",344.86452,135.63548,"0.393300766","P1_hypoxic",1
"1619","H3_B4_B41","hypoxic","ambient","hypoxic",3,"both","warm","hypoxic",4,"hypoxic_both",258.25254,104.94746,"0.406375325","P1_hypoxic",1
"1620","H3_C5_B54","hypoxic","ambient","hypoxic",3,"control","ambient","normoxic",5,"hypoxic_control",288.65382,142.14618,"0.492445172","P1_hypoxic",1
"1621","H3_H4_B41","hypoxic","ambient","hypoxic",3,"hypoxic","ambient","hypoxic",4,"hypoxic_hypoxic",176.86578,107.73422,"0.609129816","P1_hypoxic",1
"1622","H3_H6_B66","hypoxic","ambient","hypoxic",3,"hypoxic","ambient","hypoxic",6,"hypoxic_hypoxic",212.9673,84.3327,"0.395988962","P1_hypoxic",1
"1623","H3_W3_B30","hypoxic","ambient","hypoxic",3,"warm","warm","normoxic",3,"hypoxic_warm",125.40528,45.09472,"0.359591877","P1_hypoxic",1
"1624","H3_W6_B66","hypoxic","ambient","hypoxic",3,"warm","warm","normoxic",6,"hypoxic_warm",412.79238,146.30762,"0.354433917","P1_hypoxic",1
"1625","H4_H2_B19","hypoxic","ambient","hypoxic",4,"hypoxic","ambient","hypoxic",2,"hypoxic_hypoxic",102.1293,35.6707,"0.349269994","P1_hypoxic",1
"1626","H4_W1_B07","hypoxic","ambient","hypoxic",4,"warm","warm","normoxic",1,"hypoxic_warm",242.89356,89.60644,"0.368912375","P1_hypoxic",1
"1627","H5_B1_B09","hypoxic","ambient","hypoxic",5,"both","warm","hypoxic",1,"hypoxic_both",224.52612,127.47388,"0.567746327","P1_hypoxic",1
"1628","H5_B3_B34","hypoxic","ambient","hypoxic",5,"both","warm","hypoxic",3,"hypoxic_both",82.81182,41.28818,"0.498578343","P1_hypoxic",1
"1629","H5_C2_B22","hypoxic","ambient","hypoxic",5,"control","ambient","normoxic",2,"hypoxic_control",489.42894,179.67106,"0.367103466","P1_hypoxic",1
"1630","H5_C4_B46","hypoxic","ambient","hypoxic",5,"control","ambient","normoxic",4,"hypoxic_control",275.82828,148.47172,"0.538275916","P1_hypoxic",1
"1631","H6_C3_B36","hypoxic","ambient","hypoxic",6,"control","ambient","normoxic",3,"hypoxic_control",205.0503,97.6497,"0.476223151","P1_hypoxic",1
"1632","H6_H3_B35","hypoxic","ambient","hypoxic",6,"hypoxic","ambient","hypoxic",3,"hypoxic_hypoxic",290.71224,108.38776,"0.372835213","P1_hypoxic",1
"1633","W1_C1_G02","warm","warm","normoxic",1,"control","ambient","normoxic",1,"warm_control",155.1732,66.3268,"0.427437212","P1_hypoxic",0
"1634","W1_C6_G61","warm","warm","normoxic",1,"control","ambient","normoxic",6,"warm_control",261.10266,98.09734,"0.3757041","P1_hypoxic",0
"1635","W1_H5_G49","warm","warm","normoxic",1,"hypoxic","ambient","hypoxic",5,"warm_hypoxic",146.4645,52.7355,"0.360056532","P1_hypoxic",0
"1636","W1_W1_G01","warm","warm","normoxic",1,"warm","warm","normoxic",1,"warm_warm",303.53778,134.56222,"0.443312921","P1_hypoxic",0
"1637","W1_W6_G62","warm","warm","normoxic",1,"warm","warm","normoxic",6,"warm_warm",244.6353,81.5647,"0.333413453","P1_hypoxic",0
"1638","W2_B1_G04","warm","warm","normoxic",2,"both","warm","hypoxic",2,"warm_both",82.02012,50.17988,"0.611799641","P1_hypoxic",0
"1639","W2_B6_G64","warm","warm","normoxic",2,"both","warm","hypoxic",6,"warm_both",151.53138,63.86862,"0.421487747","P1_hypoxic",0
"1640","W2_C2_G15","warm","warm","normoxic",2,"control","ambient","normoxic",2,"warm_control",478.50348,95.79652,"0.200200258","P1_hypoxic",0
"1641","W3_B5_G54","warm","warm","normoxic",3,"both","warm","hypoxic",5,"warm_both",338.68926,134.21074,"0.396265119","P1_hypoxic",0
"1642","W3_C3_G29","warm","warm","normoxic",3,"control","ambient","normoxic",3,"warm_control",360.85686,168.24314,"0.466232345","P1_hypoxic",0
"1643","W3_H2_G18","warm","warm","normoxic",3,"hypoxic","ambient","hypoxic",2,"warm_hypoxic",532.49742,88.60258,"0.166390628","P1_hypoxic",0
"1644","W3_H3_G30","warm","warm","normoxic",3,"hypoxic","ambient","hypoxic",3,"warm_hypoxic",133.63896,79.96104,"0.598336294","P1_hypoxic",0
"1645","W4_C5_G55","warm","warm","normoxic",4,"control","ambient","normoxic",5,"warm_control",238.77672,114.72328,"0.480462584","P1_hypoxic",0
"1646","W4_H1_G08","warm","warm","normoxic",4,"hypoxic","ambient","hypoxic",1,"warm_hypoxic",413.58408,264.11592,"0.638602724","P1_hypoxic",0
"1647","W4_W5_G56","warm","warm","normoxic",4,"warm","warm","normoxic",5,"warm_warm",227.37624,129.82376,"0.570964495","P1_hypoxic",0
"1648","W5_B2_G21","warm","warm","normoxic",5,"both","warm","hypoxic",2,"warm_both",396.16668,270.53332,"0.68287752","P1_hypoxic",0
"1649","W5_C4_G45","warm","warm","normoxic",5,"control","ambient","normoxic",4,"warm_control",399.65016,213.34984,"0.533841498","P1_hypoxic",0
"1650","W5_H4_G46","warm","warm","normoxic",5,"hypoxic","ambient","hypoxic",4,"warm_hypoxic",82.97016,29.12984,"0.35108815","P1_hypoxic",0
"1651","W5_W2_G22","warm","warm","normoxic",5,"warm","warm","normoxic",2,"warm_warm",222.62604,90.67396,"0.407292696","P1_hypoxic",0
"1652","W6_B3_G35","warm","warm","normoxic",6,"both","warm","hypoxic",3,"warm_both",226.90122,122.39878,"0.539436412","P1_hypoxic",0
"1653","W6_B4_G48","warm","warm","normoxic",6,"both","warm","hypoxic",4,"warm_both",413.42574,199.37426,"0.482249267","P1_hypoxic",0
"1654","W6_H6_G71","warm","warm","normoxic",6,"hypoxic","ambient","hypoxic",6,"warm_hypoxic",228.48462,74.51538,"0.326128647","P1_hypoxic",0
"1655","W6_W3_G36","warm","warm","normoxic",6,"warm","warm","normoxic",3,"warm_warm",472.01154,166.28846,"0.352297446","P1_hypoxic",0
"1656","W6_W4_G48","warm","warm","normoxic",6,"warm","warm","normoxic",4,"warm_warm",216.9258,67.1742,"0.309664411","P1_hypoxic",0
"1657","B1_B1_O01","both","warm","hypoxic",1,"both","warm","hypoxic",1,"both_both",210.27552,120.72448,"0.574125224","P1_warm",0
"1658","B1_W5_O50","both","warm","hypoxic",1,"warm","warm","normoxic",5,"both_warm",315.8883,85.6117,"0.271018901","P1_warm",0
"1659","B2_B5_O51","both","warm","hypoxic",2,"both","warm","hypoxic",5,"both_both",114.32148,44.47852,"0.389065292","P1_warm",0
"1660","B2_C4_O40","both","warm","hypoxic",2,"control","ambient","normoxic",4,"both_control",164.99028,55.10972,"0.33401798","P1_warm",0
"1661","B3_B4_O41","both","warm","hypoxic",3,"both","warm","hypoxic",4,"both_both",197.925,116.175,"0.586964759","P1_warm",0
"1662","B3_C3_O30","both","warm","hypoxic",3,"control","ambient","normoxic",3,"both_control",316.04664,241.35336,"0.763663743","P1_warm",0
"1663","B3_C6_O66","both","warm","hypoxic",3,"control","ambient","normoxic",6,"both_control",97.06242,22.23758,"0.229105971","P1_warm",0
"1664","B3_H4_O41","both","warm","hypoxic",3,"hypoxic","ambient","hypoxic",4,"both_hypoxic",142.03098,86.96902,"0.612324297","P1_warm",0
"1665","B3_W1_O06","both","warm","hypoxic",3,"warm","warm","normoxic",1,"both_warm",145.19778,46.00222,"0.316824541","P1_warm",0
"1666","B3_W4_O41","both","warm","hypoxic",3,"warm","warm","normoxic",4,"both_warm",228.32628,183.27372,"0.802683423","P1_warm",0
"1667","B4_B2_O19","both","warm","hypoxic",4,"both","warm","hypoxic",2,"both_both",505.57962,264.12038,"0.52241105","P1_warm",0
"1668","B4_B3_O32","both","warm","hypoxic",4,"both","warm","hypoxic",3,"both_both",38.31828,-5.21828,"-0.136182522","P1_warm",0
"1669","B4_C5_O56","both","warm","hypoxic",4,"control","ambient","normoxic",5,"both_control",208.53378,95.26622,"0.456838312","P1_warm",0
"1670","B4_H5_O55","both","warm","hypoxic",4,"hypoxic","ambient","hypoxic",5,"both_hypoxic",200.93346,130.16654,"0.64780918","P1_warm",0
"1671","B4_W2_O19","both","warm","hypoxic",4,"warm","warm","normoxic",2,"both_warm",159.1317,52.4683,"0.329716204","P1_warm",0
"1672","B4_W6_O67","both","warm","hypoxic",4,"warm","warm","normoxic",6,"both_warm",483.09534,103.90466,"0.215081065","P1_warm",0
"1673","B5_B6_O69","both","warm","hypoxic",5,"both","warm","hypoxic",6,"both_both",244.00194,159.49806,"0.653675377","P1_warm",0
"1674","B5_H2_O21","both","warm","hypoxic",5,"hypoxic","ambient","hypoxic",2,"both_hypoxic",502.7295,92.8705,"0.184732545","P1_warm",0
"1675","B5_W3_O33","both","warm","hypoxic",5,"warm","warm","normoxic",3,"both_warm",188.89962,80.10038,"0.424036745","P1_warm",0
"1676","B6_C2_O24","both","warm","hypoxic",6,"control","ambient","normoxic",2,"both_control",534.55584,179.34416,"0.335501264","P1_warm",0
"1677","B6_H3_O35","both","warm","hypoxic",6,"hypoxic","ambient","hypoxic",3,"both_hypoxic",252.23562,84.76438,"0.336052378","P1_warm",0
"1678","B6_H6_O72","both","warm","hypoxic",6,"hypoxic","ambient","hypoxic",6,"both_hypoxic",116.69658,43.70342,"0.37450472","P1_warm",0
"1679","C1_H2_W13","control","ambient","normoxic",1,"hypoxic","ambient","hypoxic",2,"control_hypoxic",319.0551,39.8449,"0.124884072","P1_warm",0
"1680","C1_H6_W62","control","ambient","normoxic",1,"hypoxic","ambient","hypoxic",6,"control_hypoxic",93.10392,50.69608,"0.544510693","P1_warm",0
"1681","C2_B2_W16","control","ambient","normoxic",2,"both","warm","hypoxic",2,"control_both",266.64456,157.45544,"0.590506853","P1_warm",0
"1682","C2_C1_W03","control","ambient","normoxic",2,"control","ambient","normoxic",1,"control_control",219.77592,98.02408,"0.44601829","P1_warm",0
"1683","C2_H1_W04","control","ambient","normoxic",2,"hypoxic","ambient","hypoxic",1,"control_hypoxic",263.95278,107.74722,"0.408206422","P1_warm",0
"1684","C2_W2_W15","control","ambient","normoxic",2,"warm","warm","normoxic",2,"control_warm",161.19012,88.80988,"0.550963545","P1_warm",0
"1685","C2_W5_W52","control","ambient","normoxic",NA,"warm","warm","normoxic",5,"control_warm",235.76826,42.43174,"0.179972232","P1_warm",0
"1686","C3_B3_W30","control","ambient","normoxic",3,"both","warm","hypoxic",3,"control_both",135.3807,59.3193,"0.438166592","P1_warm",0
"1687","C3_C2_W17","control","ambient","normoxic",3,"control","ambient","normoxic",2,"control_control",500.67108,259.22892,"0.517762919","P1_warm",0
"1688","C3_W3_W29","control","ambient","normoxic",3,"warm","warm","normoxic",3,"control_warm",71.09466,25.60534,"0.360158414","P1_warm",0
"1689","C4_B1_W07","control","ambient","normoxic",4,"both","warm","hypoxic",1,"control_both",63.96936,21.53064,"0.336577386","P1_warm",0
"1690","C4_B5_W56","control","ambient","normoxic",4,"both","warm","hypoxic",5,"control_both",317.15502,127.24498,"0.401207523","P1_warm",0
"1691","C4_C6_W67","control","ambient","normoxic",4,"control","ambient","normoxic",6,"control_control",78.85332,35.34668,"0.448258615","P1_warm",0
"1692","C4_H5_W56","control","ambient","normoxic",4,"hypoxic","ambient","hypoxic",5,"control_hypoxic",217.24248,102.95752,"0.47392904","P1_warm",0
"1693","C5_B4_W46","control","ambient","normoxic",5,"both","warm","hypoxic",4,"control_both",217.87584,102.02416,"0.468267432","P1_warm",0
"1694","C5_C3_W33","control","ambient","normoxic",5,"control","ambient","normoxic",3,"control_control",216.76746,159.93254,"0.737806957","P1_warm",0
"1695","C5_W1_W09","control","ambient","normoxic",5,"warm","warm","normoxic",1,"control_warm",345.9729,125.9271,"0.363979664","P1_warm",0
"1696","C5_W4_W45","control","ambient","normoxic",5,"warm","warm","normoxic",4,"control_warm",177.3408,65.8592,"0.371370829","P1_warm",0
"1697","C6_B6_W71","control","ambient","normoxic",6,"both","warm","hypoxic",6,"control_both",186.8412,74.7588,"0.40011946","P1_warm",0
"1698","C6_C5_W59","control","ambient","normoxic",6,"control","ambient","normoxic",5,"control_control",348.66468,80.63532,"0.231268966","P1_warm",0
"1699","C6_H3_W36","control","ambient","normoxic",6,"hypoxic","ambient","hypoxic",3,"control_hypoxic",219.3009,110.9991,"0.50614977","P1_warm",0
"1700","C6_H4_W48","control","ambient","normoxic",6,"hypoxic","ambient","hypoxic",4,"control_hypoxic",94.2123,56.4877,"0.599578824","P1_warm",0
"1701","C6_W6_W72","control","ambient","normoxic",6,"warm","warm","normoxic",6,"control_warm",421.9761,189.7239,"0.449608165","P1_warm",0
"1702","H1_B2_B13","hypoxic","ambient","hypoxic",1,"both","warm","hypoxic",2,"hypoxic_both",175.44072,60.25928,"0.343473739","P1_warm",0
"1703","H1_B6_B61","hypoxic","ambient","hypoxic",1,"both","warm","hypoxic",6,"hypoxic_both",43.38516,23.01484,"0.530477242","P1_warm",0
"1704","H1_C6_B62","hypoxic","ambient","hypoxic",1,"control","ambient","normoxic",6,"hypoxic_control",301.00434,148.89566,"0.494662834","P1_warm",0
"1705","H1_W4_B38","hypoxic","ambient","hypoxic",1,"warm","warm","normoxic",4,"hypoxic_warm",205.842,104.058,"0.505523654","P1_warm",0
"1706","H1_W5_B49","hypoxic","ambient","hypoxic",1,"warm","warm","normoxic",5,"hypoxic_warm",326.02206,188.37794,"0.577807342","P1_warm",0
"1707","H2_B5_B51","hypoxic","ambient","hypoxic",2,"both","warm","hypoxic",5,"hypoxic_both",321.27186,150.12814,"0.467293152","P1_warm",0
"1708","H2_C1_B04","hypoxic","ambient","hypoxic",2,"control","ambient","normoxic",1,"hypoxic_control",199.98342,114.11658,"0.570630205","P1_warm",0
"1709","H2_H1_B03","hypoxic","ambient","hypoxic",2,"hypoxic","ambient","hypoxic",1,"hypoxic_hypoxic",379.54098,162.65902,"0.42856774","P1_warm",0
"1710","H2_W2_B16","hypoxic","ambient","hypoxic",2,"warm","warm","normoxic",2,"hypoxic_warm",344.86452,135.63548,"0.393300766","P1_warm",0
"1711","H3_B4_B41","hypoxic","ambient","hypoxic",3,"both","warm","hypoxic",4,"hypoxic_both",258.25254,104.94746,"0.406375325","P1_warm",0
"1712","H3_C5_B54","hypoxic","ambient","hypoxic",3,"control","ambient","normoxic",5,"hypoxic_control",288.65382,142.14618,"0.492445172","P1_warm",0
"1713","H3_H4_B41","hypoxic","ambient","hypoxic",3,"hypoxic","ambient","hypoxic",4,"hypoxic_hypoxic",176.86578,107.73422,"0.609129816","P1_warm",0
"1714","H3_H6_B66","hypoxic","ambient","hypoxic",3,"hypoxic","ambient","hypoxic",6,"hypoxic_hypoxic",212.9673,84.3327,"0.395988962","P1_warm",0
"1715","H3_W3_B30","hypoxic","ambient","hypoxic",3,"warm","warm","normoxic",3,"hypoxic_warm",125.40528,45.09472,"0.359591877","P1_warm",0
"1716","H3_W6_B66","hypoxic","ambient","hypoxic",3,"warm","warm","normoxic",6,"hypoxic_warm",412.79238,146.30762,"0.354433917","P1_warm",0
"1717","H4_H2_B19","hypoxic","ambient","hypoxic",4,"hypoxic","ambient","hypoxic",2,"hypoxic_hypoxic",102.1293,35.6707,"0.349269994","P1_warm",0
"1718","H4_W1_B07","hypoxic","ambient","hypoxic",4,"warm","warm","normoxic",1,"hypoxic_warm",242.89356,89.60644,"0.368912375","P1_warm",0
"1719","H5_B1_B09","hypoxic","ambient","hypoxic",5,"both","warm","hypoxic",1,"hypoxic_both",224.52612,127.47388,"0.567746327","P1_warm",0
"1720","H5_B3_B34","hypoxic","ambient","hypoxic",5,"both","warm","hypoxic",3,"hypoxic_both",82.81182,41.28818,"0.498578343","P1_warm",0
"1721","H5_C2_B22","hypoxic","ambient","hypoxic",5,"control","ambient","normoxic",2,"hypoxic_control",489.42894,179.67106,"0.367103466","P1_warm",0
"1722","H5_C4_B46","hypoxic","ambient","hypoxic",5,"control","ambient","normoxic",4,"hypoxic_control",275.82828,148.47172,"0.538275916","P1_warm",0
"1723","H6_C3_B36","hypoxic","ambient","hypoxic",6,"control","ambient","normoxic",3,"hypoxic_control",205.0503,97.6497,"0.476223151","P1_warm",0
"1724","H6_H3_B35","hypoxic","ambient","hypoxic",6,"hypoxic","ambient","hypoxic",3,"hypoxic_hypoxic",290.71224,108.38776,"0.372835213","P1_warm",0
"1725","W1_C1_G02","warm","warm","normoxic",1,"control","ambient","normoxic",1,"warm_control",155.1732,66.3268,"0.427437212","P1_warm",1
"1726","W1_C6_G61","warm","warm","normoxic",1,"control","ambient","normoxic",6,"warm_control",261.10266,98.09734,"0.3757041","P1_warm",1
"1727","W1_H5_G49","warm","warm","normoxic",1,"hypoxic","ambient","hypoxic",5,"warm_hypoxic",146.4645,52.7355,"0.360056532","P1_warm",1
"1728","W1_W1_G01","warm","warm","normoxic",1,"warm","warm","normoxic",1,"warm_warm",303.53778,134.56222,"0.443312921","P1_warm",1
"1729","W1_W6_G62","warm","warm","normoxic",1,"warm","warm","normoxic",6,"warm_warm",244.6353,81.5647,"0.333413453","P1_warm",1
"1730","W2_B1_G04","warm","warm","normoxic",2,"both","warm","hypoxic",2,"warm_both",82.02012,50.17988,"0.611799641","P1_warm",1
"1731","W2_B6_G64","warm","warm","normoxic",2,"both","warm","hypoxic",6,"warm_both",151.53138,63.86862,"0.421487747","P1_warm",1
"1732","W2_C2_G15","warm","warm","normoxic",2,"control","ambient","normoxic",2,"warm_control",478.50348,95.79652,"0.200200258","P1_warm",1
"1733","W3_B5_G54","warm","warm","normoxic",3,"both","warm","hypoxic",5,"warm_both",338.68926,134.21074,"0.396265119","P1_warm",1
"1734","W3_C3_G29","warm","warm","normoxic",3,"control","ambient","normoxic",3,"warm_control",360.85686,168.24314,"0.466232345","P1_warm",1
"1735","W3_H2_G18","warm","warm","normoxic",3,"hypoxic","ambient","hypoxic",2,"warm_hypoxic",532.49742,88.60258,"0.166390628","P1_warm",1
"1736","W3_H3_G30","warm","warm","normoxic",3,"hypoxic","ambient","hypoxic",3,"warm_hypoxic",133.63896,79.96104,"0.598336294","P1_warm",1
"1737","W4_C5_G55","warm","warm","normoxic",4,"control","ambient","normoxic",5,"warm_control",238.77672,114.72328,"0.480462584","P1_warm",1
"1738","W4_H1_G08","warm","warm","normoxic",4,"hypoxic","ambient","hypoxic",1,"warm_hypoxic",413.58408,264.11592,"0.638602724","P1_warm",1
"1739","W4_W5_G56","warm","warm","normoxic",4,"warm","warm","normoxic",5,"warm_warm",227.37624,129.82376,"0.570964495","P1_warm",1
"1740","W5_B2_G21","warm","warm","normoxic",5,"both","warm","hypoxic",2,"warm_both",396.16668,270.53332,"0.68287752","P1_warm",1
"1741","W5_C4_G45","warm","warm","normoxic",5,"control","ambient","normoxic",4,"warm_control",399.65016,213.34984,"0.533841498","P1_warm",1
"1742","W5_H4_G46","warm","warm","normoxic",5,"hypoxic","ambient","hypoxic",4,"warm_hypoxic",82.97016,29.12984,"0.35108815","P1_warm",1
"1743","W5_W2_G22","warm","warm","normoxic",5,"warm","warm","normoxic",2,"warm_warm",222.62604,90.67396,"0.407292696","P1_warm",1
"1744","W6_B3_G35","warm","warm","normoxic",6,"both","warm","hypoxic",3,"warm_both",226.90122,122.39878,"0.539436412","P1_warm",1
"1745","W6_B4_G48","warm","warm","normoxic",6,"both","warm","hypoxic",4,"warm_both",413.42574,199.37426,"0.482249267","P1_warm",1
"1746","W6_H6_G71","warm","warm","normoxic",6,"hypoxic","ambient","hypoxic",6,"warm_hypoxic",228.48462,74.51538,"0.326128647","P1_warm",1
"1747","W6_W3_G36","warm","warm","normoxic",6,"warm","warm","normoxic",3,"warm_warm",472.01154,166.28846,"0.352297446","P1_warm",1
"1748","W6_W4_G48","warm","warm","normoxic",6,"warm","warm","normoxic",4,"warm_warm",216.9258,67.1742,"0.309664411","P1_warm",1
"1749","B1_B1_O01","both","warm","hypoxic",1,"both","warm","hypoxic",1,"both_both",210.27552,120.72448,"0.574125224","P2_both",1
"1750","B1_W5_O50","both","warm","hypoxic",1,"warm","warm","normoxic",5,"both_warm",315.8883,85.6117,"0.271018901","P2_both",0
"1751","B2_B5_O51","both","warm","hypoxic",2,"both","warm","hypoxic",5,"both_both",114.32148,44.47852,"0.389065292","P2_both",1
"1752","B2_C4_O40","both","warm","hypoxic",2,"control","ambient","normoxic",4,"both_control",164.99028,55.10972,"0.33401798","P2_both",0
"1753","B3_B4_O41","both","warm","hypoxic",3,"both","warm","hypoxic",4,"both_both",197.925,116.175,"0.586964759","P2_both",1
"1754","B3_C3_O30","both","warm","hypoxic",3,"control","ambient","normoxic",3,"both_control",316.04664,241.35336,"0.763663743","P2_both",0
"1755","B3_C6_O66","both","warm","hypoxic",3,"control","ambient","normoxic",6,"both_control",97.06242,22.23758,"0.229105971","P2_both",0
"1756","B3_H4_O41","both","warm","hypoxic",3,"hypoxic","ambient","hypoxic",4,"both_hypoxic",142.03098,86.96902,"0.612324297","P2_both",0
"1757","B3_W1_O06","both","warm","hypoxic",3,"warm","warm","normoxic",1,"both_warm",145.19778,46.00222,"0.316824541","P2_both",0
"1758","B3_W4_O41","both","warm","hypoxic",3,"warm","warm","normoxic",4,"both_warm",228.32628,183.27372,"0.802683423","P2_both",0
"1759","B4_B2_O19","both","warm","hypoxic",4,"both","warm","hypoxic",2,"both_both",505.57962,264.12038,"0.52241105","P2_both",1
"1760","B4_B3_O32","both","warm","hypoxic",4,"both","warm","hypoxic",3,"both_both",38.31828,-5.21828,"-0.136182522","P2_both",1
"1761","B4_C5_O56","both","warm","hypoxic",4,"control","ambient","normoxic",5,"both_control",208.53378,95.26622,"0.456838312","P2_both",0
"1762","B4_H5_O55","both","warm","hypoxic",4,"hypoxic","ambient","hypoxic",5,"both_hypoxic",200.93346,130.16654,"0.64780918","P2_both",0
"1763","B4_W2_O19","both","warm","hypoxic",4,"warm","warm","normoxic",2,"both_warm",159.1317,52.4683,"0.329716204","P2_both",0
"1764","B4_W6_O67","both","warm","hypoxic",4,"warm","warm","normoxic",6,"both_warm",483.09534,103.90466,"0.215081065","P2_both",0
"1765","B5_B6_O69","both","warm","hypoxic",5,"both","warm","hypoxic",6,"both_both",244.00194,159.49806,"0.653675377","P2_both",1
"1766","B5_H2_O21","both","warm","hypoxic",5,"hypoxic","ambient","hypoxic",2,"both_hypoxic",502.7295,92.8705,"0.184732545","P2_both",0
"1767","B5_W3_O33","both","warm","hypoxic",5,"warm","warm","normoxic",3,"both_warm",188.89962,80.10038,"0.424036745","P2_both",0
"1768","B6_C2_O24","both","warm","hypoxic",6,"control","ambient","normoxic",2,"both_control",534.55584,179.34416,"0.335501264","P2_both",0
"1769","B6_H3_O35","both","warm","hypoxic",6,"hypoxic","ambient","hypoxic",3,"both_hypoxic",252.23562,84.76438,"0.336052378","P2_both",0
"1770","B6_H6_O72","both","warm","hypoxic",6,"hypoxic","ambient","hypoxic",6,"both_hypoxic",116.69658,43.70342,"0.37450472","P2_both",0
"1771","C1_H2_W13","control","ambient","normoxic",1,"hypoxic","ambient","hypoxic",2,"control_hypoxic",319.0551,39.8449,"0.124884072","P2_both",0
"1772","C1_H6_W62","control","ambient","normoxic",1,"hypoxic","ambient","hypoxic",6,"control_hypoxic",93.10392,50.69608,"0.544510693","P2_both",0
"1773","C2_B2_W16","control","ambient","normoxic",2,"both","warm","hypoxic",2,"control_both",266.64456,157.45544,"0.590506853","P2_both",1
"1774","C2_C1_W03","control","ambient","normoxic",2,"control","ambient","normoxic",1,"control_control",219.77592,98.02408,"0.44601829","P2_both",0
"1775","C2_H1_W04","control","ambient","normoxic",2,"hypoxic","ambient","hypoxic",1,"control_hypoxic",263.95278,107.74722,"0.408206422","P2_both",0
"1776","C2_W2_W15","control","ambient","normoxic",2,"warm","warm","normoxic",2,"control_warm",161.19012,88.80988,"0.550963545","P2_both",0
"1777","C2_W5_W52","control","ambient","normoxic",NA,"warm","warm","normoxic",5,"control_warm",235.76826,42.43174,"0.179972232","P2_both",0
"1778","C3_B3_W30","control","ambient","normoxic",3,"both","warm","hypoxic",3,"control_both",135.3807,59.3193,"0.438166592","P2_both",1
"1779","C3_C2_W17","control","ambient","normoxic",3,"control","ambient","normoxic",2,"control_control",500.67108,259.22892,"0.517762919","P2_both",0
"1780","C3_W3_W29","control","ambient","normoxic",3,"warm","warm","normoxic",3,"control_warm",71.09466,25.60534,"0.360158414","P2_both",0
"1781","C4_B1_W07","control","ambient","normoxic",4,"both","warm","hypoxic",1,"control_both",63.96936,21.53064,"0.336577386","P2_both",1
"1782","C4_B5_W56","control","ambient","normoxic",4,"both","warm","hypoxic",5,"control_both",317.15502,127.24498,"0.401207523","P2_both",1
"1783","C4_C6_W67","control","ambient","normoxic",4,"control","ambient","normoxic",6,"control_control",78.85332,35.34668,"0.448258615","P2_both",0
"1784","C4_H5_W56","control","ambient","normoxic",4,"hypoxic","ambient","hypoxic",5,"control_hypoxic",217.24248,102.95752,"0.47392904","P2_both",0
"1785","C5_B4_W46","control","ambient","normoxic",5,"both","warm","hypoxic",4,"control_both",217.87584,102.02416,"0.468267432","P2_both",1
"1786","C5_C3_W33","control","ambient","normoxic",5,"control","ambient","normoxic",3,"control_control",216.76746,159.93254,"0.737806957","P2_both",0
"1787","C5_W1_W09","control","ambient","normoxic",5,"warm","warm","normoxic",1,"control_warm",345.9729,125.9271,"0.363979664","P2_both",0
"1788","C5_W4_W45","control","ambient","normoxic",5,"warm","warm","normoxic",4,"control_warm",177.3408,65.8592,"0.371370829","P2_both",0
"1789","C6_B6_W71","control","ambient","normoxic",6,"both","warm","hypoxic",6,"control_both",186.8412,74.7588,"0.40011946","P2_both",1
"1790","C6_C5_W59","control","ambient","normoxic",6,"control","ambient","normoxic",5,"control_control",348.66468,80.63532,"0.231268966","P2_both",0
"1791","C6_H3_W36","control","ambient","normoxic",6,"hypoxic","ambient","hypoxic",3,"control_hypoxic",219.3009,110.9991,"0.50614977","P2_both",0
"1792","C6_H4_W48","control","ambient","normoxic",6,"hypoxic","ambient","hypoxic",4,"control_hypoxic",94.2123,56.4877,"0.599578824","P2_both",0
"1793","C6_W6_W72","control","ambient","normoxic",6,"warm","warm","normoxic",6,"control_warm",421.9761,189.7239,"0.449608165","P2_both",0
"1794","H1_B2_B13","hypoxic","ambient","hypoxic",1,"both","warm","hypoxic",2,"hypoxic_both",175.44072,60.25928,"0.343473739","P2_both",1
"1795","H1_B6_B61","hypoxic","ambient","hypoxic",1,"both","warm","hypoxic",6,"hypoxic_both",43.38516,23.01484,"0.530477242","P2_both",1
"1796","H1_C6_B62","hypoxic","ambient","hypoxic",1,"control","ambient","normoxic",6,"hypoxic_control",301.00434,148.89566,"0.494662834","P2_both",0
"1797","H1_W4_B38","hypoxic","ambient","hypoxic",1,"warm","warm","normoxic",4,"hypoxic_warm",205.842,104.058,"0.505523654","P2_both",0
"1798","H1_W5_B49","hypoxic","ambient","hypoxic",1,"warm","warm","normoxic",5,"hypoxic_warm",326.02206,188.37794,"0.577807342","P2_both",0
"1799","H2_B5_B51","hypoxic","ambient","hypoxic",2,"both","warm","hypoxic",5,"hypoxic_both",321.27186,150.12814,"0.467293152","P2_both",1
"1800","H2_C1_B04","hypoxic","ambient","hypoxic",2,"control","ambient","normoxic",1,"hypoxic_control",199.98342,114.11658,"0.570630205","P2_both",0
"1801","H2_H1_B03","hypoxic","ambient","hypoxic",2,"hypoxic","ambient","hypoxic",1,"hypoxic_hypoxic",379.54098,162.65902,"0.42856774","P2_both",0
"1802","H2_W2_B16","hypoxic","ambient","hypoxic",2,"warm","warm","normoxic",2,"hypoxic_warm",344.86452,135.63548,"0.393300766","P2_both",0
"1803","H3_B4_B41","hypoxic","ambient","hypoxic",3,"both","warm","hypoxic",4,"hypoxic_both",258.25254,104.94746,"0.406375325","P2_both",1
"1804","H3_C5_B54","hypoxic","ambient","hypoxic",3,"control","ambient","normoxic",5,"hypoxic_control",288.65382,142.14618,"0.492445172","P2_both",0
"1805","H3_H4_B41","hypoxic","ambient","hypoxic",3,"hypoxic","ambient","hypoxic",4,"hypoxic_hypoxic",176.86578,107.73422,"0.609129816","P2_both",0
"1806","H3_H6_B66","hypoxic","ambient","hypoxic",3,"hypoxic","ambient","hypoxic",6,"hypoxic_hypoxic",212.9673,84.3327,"0.395988962","P2_both",0
"1807","H3_W3_B30","hypoxic","ambient","hypoxic",3,"warm","warm","normoxic",3,"hypoxic_warm",125.40528,45.09472,"0.359591877","P2_both",0
"1808","H3_W6_B66","hypoxic","ambient","hypoxic",3,"warm","warm","normoxic",6,"hypoxic_warm",412.79238,146.30762,"0.354433917","P2_both",0
"1809","H4_H2_B19","hypoxic","ambient","hypoxic",4,"hypoxic","ambient","hypoxic",2,"hypoxic_hypoxic",102.1293,35.6707,"0.349269994","P2_both",0
"1810","H4_W1_B07","hypoxic","ambient","hypoxic",4,"warm","warm","normoxic",1,"hypoxic_warm",242.89356,89.60644,"0.368912375","P2_both",0
"1811","H5_B1_B09","hypoxic","ambient","hypoxic",5,"both","warm","hypoxic",1,"hypoxic_both",224.52612,127.47388,"0.567746327","P2_both",1
"1812","H5_B3_B34","hypoxic","ambient","hypoxic",5,"both","warm","hypoxic",3,"hypoxic_both",82.81182,41.28818,"0.498578343","P2_both",1
"1813","H5_C2_B22","hypoxic","ambient","hypoxic",5,"control","ambient","normoxic",2,"hypoxic_control",489.42894,179.67106,"0.367103466","P2_both",0
"1814","H5_C4_B46","hypoxic","ambient","hypoxic",5,"control","ambient","normoxic",4,"hypoxic_control",275.82828,148.47172,"0.538275916","P2_both",0
"1815","H6_C3_B36","hypoxic","ambient","hypoxic",6,"control","ambient","normoxic",3,"hypoxic_control",205.0503,97.6497,"0.476223151","P2_both",0
"1816","H6_H3_B35","hypoxic","ambient","hypoxic",6,"hypoxic","ambient","hypoxic",3,"hypoxic_hypoxic",290.71224,108.38776,"0.372835213","P2_both",0
"1817","W1_C1_G02","warm","warm","normoxic",1,"control","ambient","normoxic",1,"warm_control",155.1732,66.3268,"0.427437212","P2_both",0
"1818","W1_C6_G61","warm","warm","normoxic",1,"control","ambient","normoxic",6,"warm_control",261.10266,98.09734,"0.3757041","P2_both",0
"1819","W1_H5_G49","warm","warm","normoxic",1,"hypoxic","ambient","hypoxic",5,"warm_hypoxic",146.4645,52.7355,"0.360056532","P2_both",0
"1820","W1_W1_G01","warm","warm","normoxic",1,"warm","warm","normoxic",1,"warm_warm",303.53778,134.56222,"0.443312921","P2_both",0
"1821","W1_W6_G62","warm","warm","normoxic",1,"warm","warm","normoxic",6,"warm_warm",244.6353,81.5647,"0.333413453","P2_both",0
"1822","W2_B1_G04","warm","warm","normoxic",2,"both","warm","hypoxic",2,"warm_both",82.02012,50.17988,"0.611799641","P2_both",1
"1823","W2_B6_G64","warm","warm","normoxic",2,"both","warm","hypoxic",6,"warm_both",151.53138,63.86862,"0.421487747","P2_both",1
"1824","W2_C2_G15","warm","warm","normoxic",2,"control","ambient","normoxic",2,"warm_control",478.50348,95.79652,"0.200200258","P2_both",0
"1825","W3_B5_G54","warm","warm","normoxic",3,"both","warm","hypoxic",5,"warm_both",338.68926,134.21074,"0.396265119","P2_both",1
"1826","W3_C3_G29","warm","warm","normoxic",3,"control","ambient","normoxic",3,"warm_control",360.85686,168.24314,"0.466232345","P2_both",0
"1827","W3_H2_G18","warm","warm","normoxic",3,"hypoxic","ambient","hypoxic",2,"warm_hypoxic",532.49742,88.60258,"0.166390628","P2_both",0
"1828","W3_H3_G30","warm","warm","normoxic",3,"hypoxic","ambient","hypoxic",3,"warm_hypoxic",133.63896,79.96104,"0.598336294","P2_both",0
"1829","W4_C5_G55","warm","warm","normoxic",4,"control","ambient","normoxic",5,"warm_control",238.77672,114.72328,"0.480462584","P2_both",0
"1830","W4_H1_G08","warm","warm","normoxic",4,"hypoxic","ambient","hypoxic",1,"warm_hypoxic",413.58408,264.11592,"0.638602724","P2_both",0
"1831","W4_W5_G56","warm","warm","normoxic",4,"warm","warm","normoxic",5,"warm_warm",227.37624,129.82376,"0.570964495","P2_both",0
"1832","W5_B2_G21","warm","warm","normoxic",5,"both","warm","hypoxic",2,"warm_both",396.16668,270.53332,"0.68287752","P2_both",1
"1833","W5_C4_G45","warm","warm","normoxic",5,"control","ambient","normoxic",4,"warm_control",399.65016,213.34984,"0.533841498","P2_both",0
"1834","W5_H4_G46","warm","warm","normoxic",5,"hypoxic","ambient","hypoxic",4,"warm_hypoxic",82.97016,29.12984,"0.35108815","P2_both",0
"1835","W5_W2_G22","warm","warm","normoxic",5,"warm","warm","normoxic",2,"warm_warm",222.62604,90.67396,"0.407292696","P2_both",0
"1836","W6_B3_G35","warm","warm","normoxic",6,"both","warm","hypoxic",3,"warm_both",226.90122,122.39878,"0.539436412","P2_both",1
"1837","W6_B4_G48","warm","warm","normoxic",6,"both","warm","hypoxic",4,"warm_both",413.42574,199.37426,"0.482249267","P2_both",1
"1838","W6_H6_G71","warm","warm","normoxic",6,"hypoxic","ambient","hypoxic",6,"warm_hypoxic",228.48462,74.51538,"0.326128647","P2_both",0
"1839","W6_W3_G36","warm","warm","normoxic",6,"warm","warm","normoxic",3,"warm_warm",472.01154,166.28846,"0.352297446","P2_both",0
"1840","W6_W4_G48","warm","warm","normoxic",6,"warm","warm","normoxic",4,"warm_warm",216.9258,67.1742,"0.309664411","P2_both",0
"1841","B1_B1_O01","both","warm","hypoxic",1,"both","warm","hypoxic",1,"both_both",210.27552,120.72448,"0.574125224","P2_warm",0
"1842","B1_W5_O50","both","warm","hypoxic",1,"warm","warm","normoxic",5,"both_warm",315.8883,85.6117,"0.271018901","P2_warm",1
"1843","B2_B5_O51","both","warm","hypoxic",2,"both","warm","hypoxic",5,"both_both",114.32148,44.47852,"0.389065292","P2_warm",0
"1844","B2_C4_O40","both","warm","hypoxic",2,"control","ambient","normoxic",4,"both_control",164.99028,55.10972,"0.33401798","P2_warm",0
"1845","B3_B4_O41","both","warm","hypoxic",3,"both","warm","hypoxic",4,"both_both",197.925,116.175,"0.586964759","P2_warm",0
"1846","B3_C3_O30","both","warm","hypoxic",3,"control","ambient","normoxic",3,"both_control",316.04664,241.35336,"0.763663743","P2_warm",0
"1847","B3_C6_O66","both","warm","hypoxic",3,"control","ambient","normoxic",6,"both_control",97.06242,22.23758,"0.229105971","P2_warm",0
"1848","B3_H4_O41","both","warm","hypoxic",3,"hypoxic","ambient","hypoxic",4,"both_hypoxic",142.03098,86.96902,"0.612324297","P2_warm",0
"1849","B3_W1_O06","both","warm","hypoxic",3,"warm","warm","normoxic",1,"both_warm",145.19778,46.00222,"0.316824541","P2_warm",1
"1850","B3_W4_O41","both","warm","hypoxic",3,"warm","warm","normoxic",4,"both_warm",228.32628,183.27372,"0.802683423","P2_warm",1
"1851","B4_B2_O19","both","warm","hypoxic",4,"both","warm","hypoxic",2,"both_both",505.57962,264.12038,"0.52241105","P2_warm",0
"1852","B4_B3_O32","both","warm","hypoxic",4,"both","warm","hypoxic",3,"both_both",38.31828,-5.21828,"-0.136182522","P2_warm",0
"1853","B4_C5_O56","both","warm","hypoxic",4,"control","ambient","normoxic",5,"both_control",208.53378,95.26622,"0.456838312","P2_warm",0
"1854","B4_H5_O55","both","warm","hypoxic",4,"hypoxic","ambient","hypoxic",5,"both_hypoxic",200.93346,130.16654,"0.64780918","P2_warm",0
"1855","B4_W2_O19","both","warm","hypoxic",4,"warm","warm","normoxic",2,"both_warm",159.1317,52.4683,"0.329716204","P2_warm",1
"1856","B4_W6_O67","both","warm","hypoxic",4,"warm","warm","normoxic",6,"both_warm",483.09534,103.90466,"0.215081065","P2_warm",1
"1857","B5_B6_O69","both","warm","hypoxic",5,"both","warm","hypoxic",6,"both_both",244.00194,159.49806,"0.653675377","P2_warm",0
"1858","B5_H2_O21","both","warm","hypoxic",5,"hypoxic","ambient","hypoxic",2,"both_hypoxic",502.7295,92.8705,"0.184732545","P2_warm",0
"1859","B5_W3_O33","both","warm","hypoxic",5,"warm","warm","normoxic",3,"both_warm",188.89962,80.10038,"0.424036745","P2_warm",1
"1860","B6_C2_O24","both","warm","hypoxic",6,"control","ambient","normoxic",2,"both_control",534.55584,179.34416,"0.335501264","P2_warm",0
"1861","B6_H3_O35","both","warm","hypoxic",6,"hypoxic","ambient","hypoxic",3,"both_hypoxic",252.23562,84.76438,"0.336052378","P2_warm",0
"1862","B6_H6_O72","both","warm","hypoxic",6,"hypoxic","ambient","hypoxic",6,"both_hypoxic",116.69658,43.70342,"0.37450472","P2_warm",0
"1863","C1_H2_W13","control","ambient","normoxic",1,"hypoxic","ambient","hypoxic",2,"control_hypoxic",319.0551,39.8449,"0.124884072","P2_warm",0
"1864","C1_H6_W62","control","ambient","normoxic",1,"hypoxic","ambient","hypoxic",6,"control_hypoxic",93.10392,50.69608,"0.544510693","P2_warm",0
"1865","C2_B2_W16","control","ambient","normoxic",2,"both","warm","hypoxic",2,"control_both",266.64456,157.45544,"0.590506853","P2_warm",0
"1866","C2_C1_W03","control","ambient","normoxic",2,"control","ambient","normoxic",1,"control_control",219.77592,98.02408,"0.44601829","P2_warm",0
"1867","C2_H1_W04","control","ambient","normoxic",2,"hypoxic","ambient","hypoxic",1,"control_hypoxic",263.95278,107.74722,"0.408206422","P2_warm",0
"1868","C2_W2_W15","control","ambient","normoxic",2,"warm","warm","normoxic",2,"control_warm",161.19012,88.80988,"0.550963545","P2_warm",1
"1869","C2_W5_W52","control","ambient","normoxic",NA,"warm","warm","normoxic",5,"control_warm",235.76826,42.43174,"0.179972232","P2_warm",1
"1870","C3_B3_W30","control","ambient","normoxic",3,"both","warm","hypoxic",3,"control_both",135.3807,59.3193,"0.438166592","P2_warm",0
"1871","C3_C2_W17","control","ambient","normoxic",3,"control","ambient","normoxic",2,"control_control",500.67108,259.22892,"0.517762919","P2_warm",0
"1872","C3_W3_W29","control","ambient","normoxic",3,"warm","warm","normoxic",3,"control_warm",71.09466,25.60534,"0.360158414","P2_warm",1
"1873","C4_B1_W07","control","ambient","normoxic",4,"both","warm","hypoxic",1,"control_both",63.96936,21.53064,"0.336577386","P2_warm",0
"1874","C4_B5_W56","control","ambient","normoxic",4,"both","warm","hypoxic",5,"control_both",317.15502,127.24498,"0.401207523","P2_warm",0
"1875","C4_C6_W67","control","ambient","normoxic",4,"control","ambient","normoxic",6,"control_control",78.85332,35.34668,"0.448258615","P2_warm",0
"1876","C4_H5_W56","control","ambient","normoxic",4,"hypoxic","ambient","hypoxic",5,"control_hypoxic",217.24248,102.95752,"0.47392904","P2_warm",0
"1877","C5_B4_W46","control","ambient","normoxic",5,"both","warm","hypoxic",4,"control_both",217.87584,102.02416,"0.468267432","P2_warm",0
"1878","C5_C3_W33","control","ambient","normoxic",5,"control","ambient","normoxic",3,"control_control",216.76746,159.93254,"0.737806957","P2_warm",0
"1879","C5_W1_W09","control","ambient","normoxic",5,"warm","warm","normoxic",1,"control_warm",345.9729,125.9271,"0.363979664","P2_warm",1
"1880","C5_W4_W45","control","ambient","normoxic",5,"warm","warm","normoxic",4,"control_warm",177.3408,65.8592,"0.371370829","P2_warm",1
"1881","C6_B6_W71","control","ambient","normoxic",6,"both","warm","hypoxic",6,"control_both",186.8412,74.7588,"0.40011946","P2_warm",0
"1882","C6_C5_W59","control","ambient","normoxic",6,"control","ambient","normoxic",5,"control_control",348.66468,80.63532,"0.231268966","P2_warm",0
"1883","C6_H3_W36","control","ambient","normoxic",6,"hypoxic","ambient","hypoxic",3,"control_hypoxic",219.3009,110.9991,"0.50614977","P2_warm",0
"1884","C6_H4_W48","control","ambient","normoxic",6,"hypoxic","ambient","hypoxic",4,"control_hypoxic",94.2123,56.4877,"0.599578824","P2_warm",0
"1885","C6_W6_W72","control","ambient","normoxic",6,"warm","warm","normoxic",6,"control_warm",421.9761,189.7239,"0.449608165","P2_warm",1
"1886","H1_B2_B13","hypoxic","ambient","hypoxic",1,"both","warm","hypoxic",2,"hypoxic_both",175.44072,60.25928,"0.343473739","P2_warm",0
"1887","H1_B6_B61","hypoxic","ambient","hypoxic",1,"both","warm","hypoxic",6,"hypoxic_both",43.38516,23.01484,"0.530477242","P2_warm",0
"1888","H1_C6_B62","hypoxic","ambient","hypoxic",1,"control","ambient","normoxic",6,"hypoxic_control",301.00434,148.89566,"0.494662834","P2_warm",0
"1889","H1_W4_B38","hypoxic","ambient","hypoxic",1,"warm","warm","normoxic",4,"hypoxic_warm",205.842,104.058,"0.505523654","P2_warm",1
"1890","H1_W5_B49","hypoxic","ambient","hypoxic",1,"warm","warm","normoxic",5,"hypoxic_warm",326.02206,188.37794,"0.577807342","P2_warm",1
"1891","H2_B5_B51","hypoxic","ambient","hypoxic",2,"both","warm","hypoxic",5,"hypoxic_both",321.27186,150.12814,"0.467293152","P2_warm",0
"1892","H2_C1_B04","hypoxic","ambient","hypoxic",2,"control","ambient","normoxic",1,"hypoxic_control",199.98342,114.11658,"0.570630205","P2_warm",0
"1893","H2_H1_B03","hypoxic","ambient","hypoxic",2,"hypoxic","ambient","hypoxic",1,"hypoxic_hypoxic",379.54098,162.65902,"0.42856774","P2_warm",0
"1894","H2_W2_B16","hypoxic","ambient","hypoxic",2,"warm","warm","normoxic",2,"hypoxic_warm",344.86452,135.63548,"0.393300766","P2_warm",1
"1895","H3_B4_B41","hypoxic","ambient","hypoxic",3,"both","warm","hypoxic",4,"hypoxic_both",258.25254,104.94746,"0.406375325","P2_warm",0
"1896","H3_C5_B54","hypoxic","ambient","hypoxic",3,"control","ambient","normoxic",5,"hypoxic_control",288.65382,142.14618,"0.492445172","P2_warm",0
"1897","H3_H4_B41","hypoxic","ambient","hypoxic",3,"hypoxic","ambient","hypoxic",4,"hypoxic_hypoxic",176.86578,107.73422,"0.609129816","P2_warm",0
"1898","H3_H6_B66","hypoxic","ambient","hypoxic",3,"hypoxic","ambient","hypoxic",6,"hypoxic_hypoxic",212.9673,84.3327,"0.395988962","P2_warm",0
"1899","H3_W3_B30","hypoxic","ambient","hypoxic",3,"warm","warm","normoxic",3,"hypoxic_warm",125.40528,45.09472,"0.359591877","P2_warm",1
"1900","H3_W6_B66","hypoxic","ambient","hypoxic",3,"warm","warm","normoxic",6,"hypoxic_warm",412.79238,146.30762,"0.354433917","P2_warm",1
"1901","H4_H2_B19","hypoxic","ambient","hypoxic",4,"hypoxic","ambient","hypoxic",2,"hypoxic_hypoxic",102.1293,35.6707,"0.349269994","P2_warm",0
"1902","H4_W1_B07","hypoxic","ambient","hypoxic",4,"warm","warm","normoxic",1,"hypoxic_warm",242.89356,89.60644,"0.368912375","P2_warm",1
"1903","H5_B1_B09","hypoxic","ambient","hypoxic",5,"both","warm","hypoxic",1,"hypoxic_both",224.52612,127.47388,"0.567746327","P2_warm",0
"1904","H5_B3_B34","hypoxic","ambient","hypoxic",5,"both","warm","hypoxic",3,"hypoxic_both",82.81182,41.28818,"0.498578343","P2_warm",0
"1905","H5_C2_B22","hypoxic","ambient","hypoxic",5,"control","ambient","normoxic",2,"hypoxic_control",489.42894,179.67106,"0.367103466","P2_warm",0
"1906","H5_C4_B46","hypoxic","ambient","hypoxic",5,"control","ambient","normoxic",4,"hypoxic_control",275.82828,148.47172,"0.538275916","P2_warm",0
"1907","H6_C3_B36","hypoxic","ambient","hypoxic",6,"control","ambient","normoxic",3,"hypoxic_control",205.0503,97.6497,"0.476223151","P2_warm",0
"1908","H6_H3_B35","hypoxic","ambient","hypoxic",6,"hypoxic","ambient","hypoxic",3,"hypoxic_hypoxic",290.71224,108.38776,"0.372835213","P2_warm",0
"1909","W1_C1_G02","warm","warm","normoxic",1,"control","ambient","normoxic",1,"warm_control",155.1732,66.3268,"0.427437212","P2_warm",0
"1910","W1_C6_G61","warm","warm","normoxic",1,"control","ambient","normoxic",6,"warm_control",261.10266,98.09734,"0.3757041","P2_warm",0
"1911","W1_H5_G49","warm","warm","normoxic",1,"hypoxic","ambient","hypoxic",5,"warm_hypoxic",146.4645,52.7355,"0.360056532","P2_warm",0
"1912","W1_W1_G01","warm","warm","normoxic",1,"warm","warm","normoxic",1,"warm_warm",303.53778,134.56222,"0.443312921","P2_warm",1
"1913","W1_W6_G62","warm","warm","normoxic",1,"warm","warm","normoxic",6,"warm_warm",244.6353,81.5647,"0.333413453","P2_warm",1
"1914","W2_B1_G04","warm","warm","normoxic",2,"both","warm","hypoxic",2,"warm_both",82.02012,50.17988,"0.611799641","P2_warm",0
"1915","W2_B6_G64","warm","warm","normoxic",2,"both","warm","hypoxic",6,"warm_both",151.53138,63.86862,"0.421487747","P2_warm",0
"1916","W2_C2_G15","warm","warm","normoxic",2,"control","ambient","normoxic",2,"warm_control",478.50348,95.79652,"0.200200258","P2_warm",0
"1917","W3_B5_G54","warm","warm","normoxic",3,"both","warm","hypoxic",5,"warm_both",338.68926,134.21074,"0.396265119","P2_warm",0
"1918","W3_C3_G29","warm","warm","normoxic",3,"control","ambient","normoxic",3,"warm_control",360.85686,168.24314,"0.466232345","P2_warm",0
"1919","W3_H2_G18","warm","warm","normoxic",3,"hypoxic","ambient","hypoxic",2,"warm_hypoxic",532.49742,88.60258,"0.166390628","P2_warm",0
"1920","W3_H3_G30","warm","warm","normoxic",3,"hypoxic","ambient","hypoxic",3,"warm_hypoxic",133.63896,79.96104,"0.598336294","P2_warm",0
"1921","W4_C5_G55","warm","warm","normoxic",4,"control","ambient","normoxic",5,"warm_control",238.77672,114.72328,"0.480462584","P2_warm",0
"1922","W4_H1_G08","warm","warm","normoxic",4,"hypoxic","ambient","hypoxic",1,"warm_hypoxic",413.58408,264.11592,"0.638602724","P2_warm",0
"1923","W4_W5_G56","warm","warm","normoxic",4,"warm","warm","normoxic",5,"warm_warm",227.37624,129.82376,"0.570964495","P2_warm",1
"1924","W5_B2_G21","warm","warm","normoxic",5,"both","warm","hypoxic",2,"warm_both",396.16668,270.53332,"0.68287752","P2_warm",0
"1925","W5_C4_G45","warm","warm","normoxic",5,"control","ambient","normoxic",4,"warm_control",399.65016,213.34984,"0.533841498","P2_warm",0
"1926","W5_H4_G46","warm","warm","normoxic",5,"hypoxic","ambient","hypoxic",4,"warm_hypoxic",82.97016,29.12984,"0.35108815","P2_warm",0
"1927","W5_W2_G22","warm","warm","normoxic",5,"warm","warm","normoxic",2,"warm_warm",222.62604,90.67396,"0.407292696","P2_warm",1
"1928","W6_B3_G35","warm","warm","normoxic",6,"both","warm","hypoxic",3,"warm_both",226.90122,122.39878,"0.539436412","P2_warm",0
"1929","W6_B4_G48","warm","warm","normoxic",6,"both","warm","hypoxic",4,"warm_both",413.42574,199.37426,"0.482249267","P2_warm",0
"1930","W6_H6_G71","warm","warm","normoxic",6,"hypoxic","ambient","hypoxic",6,"warm_hypoxic",228.48462,74.51538,"0.326128647","P2_warm",0
"1931","W6_W3_G36","warm","warm","normoxic",6,"warm","warm","normoxic",3,"warm_warm",472.01154,166.28846,"0.352297446","P2_warm",1
"1932","W6_W4_G48","warm","warm","normoxic",6,"warm","warm","normoxic",4,"warm_warm",216.9258,67.1742,"0.309664411","P2_warm",1
"1933","B1_B1_O01","both","warm","hypoxic",1,"both","warm","hypoxic",1,"both_both",210.27552,120.72448,"0.574125224","P2_control",0
"1934","B1_W5_O50","both","warm","hypoxic",1,"warm","warm","normoxic",5,"both_warm",315.8883,85.6117,"0.271018901","P2_control",0
"1935","B2_B5_O51","both","warm","hypoxic",2,"both","warm","hypoxic",5,"both_both",114.32148,44.47852,"0.389065292","P2_control",0
"1936","B2_C4_O40","both","warm","hypoxic",2,"control","ambient","normoxic",4,"both_control",164.99028,55.10972,"0.33401798","P2_control",1
"1937","B3_B4_O41","both","warm","hypoxic",3,"both","warm","hypoxic",4,"both_both",197.925,116.175,"0.586964759","P2_control",0
"1938","B3_C3_O30","both","warm","hypoxic",3,"control","ambient","normoxic",3,"both_control",316.04664,241.35336,"0.763663743","P2_control",1
"1939","B3_C6_O66","both","warm","hypoxic",3,"control","ambient","normoxic",6,"both_control",97.06242,22.23758,"0.229105971","P2_control",1
"1940","B3_H4_O41","both","warm","hypoxic",3,"hypoxic","ambient","hypoxic",4,"both_hypoxic",142.03098,86.96902,"0.612324297","P2_control",0
"1941","B3_W1_O06","both","warm","hypoxic",3,"warm","warm","normoxic",1,"both_warm",145.19778,46.00222,"0.316824541","P2_control",0
"1942","B3_W4_O41","both","warm","hypoxic",3,"warm","warm","normoxic",4,"both_warm",228.32628,183.27372,"0.802683423","P2_control",0
"1943","B4_B2_O19","both","warm","hypoxic",4,"both","warm","hypoxic",2,"both_both",505.57962,264.12038,"0.52241105","P2_control",0
"1944","B4_B3_O32","both","warm","hypoxic",4,"both","warm","hypoxic",3,"both_both",38.31828,-5.21828,"-0.136182522","P2_control",0
"1945","B4_C5_O56","both","warm","hypoxic",4,"control","ambient","normoxic",5,"both_control",208.53378,95.26622,"0.456838312","P2_control",1
"1946","B4_H5_O55","both","warm","hypoxic",4,"hypoxic","ambient","hypoxic",5,"both_hypoxic",200.93346,130.16654,"0.64780918","P2_control",0
"1947","B4_W2_O19","both","warm","hypoxic",4,"warm","warm","normoxic",2,"both_warm",159.1317,52.4683,"0.329716204","P2_control",0
"1948","B4_W6_O67","both","warm","hypoxic",4,"warm","warm","normoxic",6,"both_warm",483.09534,103.90466,"0.215081065","P2_control",0
"1949","B5_B6_O69","both","warm","hypoxic",5,"both","warm","hypoxic",6,"both_both",244.00194,159.49806,"0.653675377","P2_control",0
"1950","B5_H2_O21","both","warm","hypoxic",5,"hypoxic","ambient","hypoxic",2,"both_hypoxic",502.7295,92.8705,"0.184732545","P2_control",0
"1951","B5_W3_O33","both","warm","hypoxic",5,"warm","warm","normoxic",3,"both_warm",188.89962,80.10038,"0.424036745","P2_control",0
"1952","B6_C2_O24","both","warm","hypoxic",6,"control","ambient","normoxic",2,"both_control",534.55584,179.34416,"0.335501264","P2_control",1
"1953","B6_H3_O35","both","warm","hypoxic",6,"hypoxic","ambient","hypoxic",3,"both_hypoxic",252.23562,84.76438,"0.336052378","P2_control",0
"1954","B6_H6_O72","both","warm","hypoxic",6,"hypoxic","ambient","hypoxic",6,"both_hypoxic",116.69658,43.70342,"0.37450472","P2_control",0
"1955","C1_H2_W13","control","ambient","normoxic",1,"hypoxic","ambient","hypoxic",2,"control_hypoxic",319.0551,39.8449,"0.124884072","P2_control",0
"1956","C1_H6_W62","control","ambient","normoxic",1,"hypoxic","ambient","hypoxic",6,"control_hypoxic",93.10392,50.69608,"0.544510693","P2_control",0
"1957","C2_B2_W16","control","ambient","normoxic",2,"both","warm","hypoxic",2,"control_both",266.64456,157.45544,"0.590506853","P2_control",0
"1958","C2_C1_W03","control","ambient","normoxic",2,"control","ambient","normoxic",1,"control_control",219.77592,98.02408,"0.44601829","P2_control",1
"1959","C2_H1_W04","control","ambient","normoxic",2,"hypoxic","ambient","hypoxic",1,"control_hypoxic",263.95278,107.74722,"0.408206422","P2_control",0
"1960","C2_W2_W15","control","ambient","normoxic",2,"warm","warm","normoxic",2,"control_warm",161.19012,88.80988,"0.550963545","P2_control",0
"1961","C2_W5_W52","control","ambient","normoxic",NA,"warm","warm","normoxic",5,"control_warm",235.76826,42.43174,"0.179972232","P2_control",0
"1962","C3_B3_W30","control","ambient","normoxic",3,"both","warm","hypoxic",3,"control_both",135.3807,59.3193,"0.438166592","P2_control",0
"1963","C3_C2_W17","control","ambient","normoxic",3,"control","ambient","normoxic",2,"control_control",500.67108,259.22892,"0.517762919","P2_control",1
"1964","C3_W3_W29","control","ambient","normoxic",3,"warm","warm","normoxic",3,"control_warm",71.09466,25.60534,"0.360158414","P2_control",0
"1965","C4_B1_W07","control","ambient","normoxic",4,"both","warm","hypoxic",1,"control_both",63.96936,21.53064,"0.336577386","P2_control",0
"1966","C4_B5_W56","control","ambient","normoxic",4,"both","warm","hypoxic",5,"control_both",317.15502,127.24498,"0.401207523","P2_control",0
"1967","C4_C6_W67","control","ambient","normoxic",4,"control","ambient","normoxic",6,"control_control",78.85332,35.34668,"0.448258615","P2_control",1
"1968","C4_H5_W56","control","ambient","normoxic",4,"hypoxic","ambient","hypoxic",5,"control_hypoxic",217.24248,102.95752,"0.47392904","P2_control",0
"1969","C5_B4_W46","control","ambient","normoxic",5,"both","warm","hypoxic",4,"control_both",217.87584,102.02416,"0.468267432","P2_control",0
"1970","C5_C3_W33","control","ambient","normoxic",5,"control","ambient","normoxic",3,"control_control",216.76746,159.93254,"0.737806957","P2_control",1
"1971","C5_W1_W09","control","ambient","normoxic",5,"warm","warm","normoxic",1,"control_warm",345.9729,125.9271,"0.363979664","P2_control",0
"1972","C5_W4_W45","control","ambient","normoxic",5,"warm","warm","normoxic",4,"control_warm",177.3408,65.8592,"0.371370829","P2_control",0
"1973","C6_B6_W71","control","ambient","normoxic",6,"both","warm","hypoxic",6,"control_both",186.8412,74.7588,"0.40011946","P2_control",0
"1974","C6_C5_W59","control","ambient","normoxic",6,"control","ambient","normoxic",5,"control_control",348.66468,80.63532,"0.231268966","P2_control",1
"1975","C6_H3_W36","control","ambient","normoxic",6,"hypoxic","ambient","hypoxic",3,"control_hypoxic",219.3009,110.9991,"0.50614977","P2_control",0
"1976","C6_H4_W48","control","ambient","normoxic",6,"hypoxic","ambient","hypoxic",4,"control_hypoxic",94.2123,56.4877,"0.599578824","P2_control",0
"1977","C6_W6_W72","control","ambient","normoxic",6,"warm","warm","normoxic",6,"control_warm",421.9761,189.7239,"0.449608165","P2_control",0
"1978","H1_B2_B13","hypoxic","ambient","hypoxic",1,"both","warm","hypoxic",2,"hypoxic_both",175.44072,60.25928,"0.343473739","P2_control",0
"1979","H1_B6_B61","hypoxic","ambient","hypoxic",1,"both","warm","hypoxic",6,"hypoxic_both",43.38516,23.01484,"0.530477242","P2_control",0
"1980","H1_C6_B62","hypoxic","ambient","hypoxic",1,"control","ambient","normoxic",6,"hypoxic_control",301.00434,148.89566,"0.494662834","P2_control",1
"1981","H1_W4_B38","hypoxic","ambient","hypoxic",1,"warm","warm","normoxic",4,"hypoxic_warm",205.842,104.058,"0.505523654","P2_control",0
"1982","H1_W5_B49","hypoxic","ambient","hypoxic",1,"warm","warm","normoxic",5,"hypoxic_warm",326.02206,188.37794,"0.577807342","P2_control",0
"1983","H2_B5_B51","hypoxic","ambient","hypoxic",2,"both","warm","hypoxic",5,"hypoxic_both",321.27186,150.12814,"0.467293152","P2_control",0
"1984","H2_C1_B04","hypoxic","ambient","hypoxic",2,"control","ambient","normoxic",1,"hypoxic_control",199.98342,114.11658,"0.570630205","P2_control",1
"1985","H2_H1_B03","hypoxic","ambient","hypoxic",2,"hypoxic","ambient","hypoxic",1,"hypoxic_hypoxic",379.54098,162.65902,"0.42856774","P2_control",0
"1986","H2_W2_B16","hypoxic","ambient","hypoxic",2,"warm","warm","normoxic",2,"hypoxic_warm",344.86452,135.63548,"0.393300766","P2_control",0
"1987","H3_B4_B41","hypoxic","ambient","hypoxic",3,"both","warm","hypoxic",4,"hypoxic_both",258.25254,104.94746,"0.406375325","P2_control",0
"1988","H3_C5_B54","hypoxic","ambient","hypoxic",3,"control","ambient","normoxic",5,"hypoxic_control",288.65382,142.14618,"0.492445172","P2_control",1
"1989","H3_H4_B41","hypoxic","ambient","hypoxic",3,"hypoxic","ambient","hypoxic",4,"hypoxic_hypoxic",176.86578,107.73422,"0.609129816","P2_control",0
"1990","H3_H6_B66","hypoxic","ambient","hypoxic",3,"hypoxic","ambient","hypoxic",6,"hypoxic_hypoxic",212.9673,84.3327,"0.395988962","P2_control",0
"1991","H3_W3_B30","hypoxic","ambient","hypoxic",3,"warm","warm","normoxic",3,"hypoxic_warm",125.40528,45.09472,"0.359591877","P2_control",0
"1992","H3_W6_B66","hypoxic","ambient","hypoxic",3,"warm","warm","normoxic",6,"hypoxic_warm",412.79238,146.30762,"0.354433917","P2_control",0
"1993","H4_H2_B19","hypoxic","ambient","hypoxic",4,"hypoxic","ambient","hypoxic",2,"hypoxic_hypoxic",102.1293,35.6707,"0.349269994","P2_control",0
"1994","H4_W1_B07","hypoxic","ambient","hypoxic",4,"warm","warm","normoxic",1,"hypoxic_warm",242.89356,89.60644,"0.368912375","P2_control",0
"1995","H5_B1_B09","hypoxic","ambient","hypoxic",5,"both","warm","hypoxic",1,"hypoxic_both",224.52612,127.47388,"0.567746327","P2_control",0
"1996","H5_B3_B34","hypoxic","ambient","hypoxic",5,"both","warm","hypoxic",3,"hypoxic_both",82.81182,41.28818,"0.498578343","P2_control",0
"1997","H5_C2_B22","hypoxic","ambient","hypoxic",5,"control","ambient","normoxic",2,"hypoxic_control",489.42894,179.67106,"0.367103466","P2_control",1
"1998","H5_C4_B46","hypoxic","ambient","hypoxic",5,"control","ambient","normoxic",4,"hypoxic_control",275.82828,148.47172,"0.538275916","P2_control",1
"1999","H6_C3_B36","hypoxic","ambient","hypoxic",6,"control","ambient","normoxic",3,"hypoxic_control",205.0503,97.6497,"0.476223151","P2_control",1
"2000","H6_H3_B35","hypoxic","ambient","hypoxic",6,"hypoxic","ambient","hypoxic",3,"hypoxic_hypoxic",290.71224,108.38776,"0.372835213","P2_control",0
"2001","W1_C1_G02","warm","warm","normoxic",1,"control","ambient","normoxic",1,"warm_control",155.1732,66.3268,"0.427437212","P2_control",1
"2002","W1_C6_G61","warm","warm","normoxic",1,"control","ambient","normoxic",6,"warm_control",261.10266,98.09734,"0.3757041","P2_control",1
"2003","W1_H5_G49","warm","warm","normoxic",1,"hypoxic","ambient","hypoxic",5,"warm_hypoxic",146.4645,52.7355,"0.360056532","P2_control",0
"2004","W1_W1_G01","warm","warm","normoxic",1,"warm","warm","normoxic",1,"warm_warm",303.53778,134.56222,"0.443312921","P2_control",0
"2005","W1_W6_G62","warm","warm","normoxic",1,"warm","warm","normoxic",6,"warm_warm",244.6353,81.5647,"0.333413453","P2_control",0
"2006","W2_B1_G04","warm","warm","normoxic",2,"both","warm","hypoxic",2,"warm_both",82.02012,50.17988,"0.611799641","P2_control",0
"2007","W2_B6_G64","warm","warm","normoxic",2,"both","warm","hypoxic",6,"warm_both",151.53138,63.86862,"0.421487747","P2_control",0
"2008","W2_C2_G15","warm","warm","normoxic",2,"control","ambient","normoxic",2,"warm_control",478.50348,95.79652,"0.200200258","P2_control",1
"2009","W3_B5_G54","warm","warm","normoxic",3,"both","warm","hypoxic",5,"warm_both",338.68926,134.21074,"0.396265119","P2_control",0
"2010","W3_C3_G29","warm","warm","normoxic",3,"control","ambient","normoxic",3,"warm_control",360.85686,168.24314,"0.466232345","P2_control",1
"2011","W3_H2_G18","warm","warm","normoxic",3,"hypoxic","ambient","hypoxic",2,"warm_hypoxic",532.49742,88.60258,"0.166390628","P2_control",0
"2012","W3_H3_G30","warm","warm","normoxic",3,"hypoxic","ambient","hypoxic",3,"warm_hypoxic",133.63896,79.96104,"0.598336294","P2_control",0
"2013","W4_C5_G55","warm","warm","normoxic",4,"control","ambient","normoxic",5,"warm_control",238.77672,114.72328,"0.480462584","P2_control",1
"2014","W4_H1_G08","warm","warm","normoxic",4,"hypoxic","ambient","hypoxic",1,"warm_hypoxic",413.58408,264.11592,"0.638602724","P2_control",0
"2015","W4_W5_G56","warm","warm","normoxic",4,"warm","warm","normoxic",5,"warm_warm",227.37624,129.82376,"0.570964495","P2_control",0
"2016","W5_B2_G21","warm","warm","normoxic",5,"both","warm","hypoxic",2,"warm_both",396.16668,270.53332,"0.68287752","P2_control",0
"2017","W5_C4_G45","warm","warm","normoxic",5,"control","ambient","normoxic",4,"warm_control",399.65016,213.34984,"0.533841498","P2_control",1
"2018","W5_H4_G46","warm","warm","normoxic",5,"hypoxic","ambient","hypoxic",4,"warm_hypoxic",82.97016,29.12984,"0.35108815","P2_control",0
"2019","W5_W2_G22","warm","warm","normoxic",5,"warm","warm","normoxic",2,"warm_warm",222.62604,90.67396,"0.407292696","P2_control",0
"2020","W6_B3_G35","warm","warm","normoxic",6,"both","warm","hypoxic",3,"warm_both",226.90122,122.39878,"0.539436412","P2_control",0
"2021","W6_B4_G48","warm","warm","normoxic",6,"both","warm","hypoxic",4,"warm_both",413.42574,199.37426,"0.482249267","P2_control",0
"2022","W6_H6_G71","warm","warm","normoxic",6,"hypoxic","ambient","hypoxic",6,"warm_hypoxic",228.48462,74.51538,"0.326128647","P2_control",0
"2023","W6_W3_G36","warm","warm","normoxic",6,"warm","warm","normoxic",3,"warm_warm",472.01154,166.28846,"0.352297446","P2_control",0
"2024","W6_W4_G48","warm","warm","normoxic",6,"warm","warm","normoxic",4,"warm_warm",216.9258,67.1742,"0.309664411","P2_control",0
"2025","B1_B1_O01","both","warm","hypoxic",1,"both","warm","hypoxic",1,"both_both",210.27552,120.72448,"0.574125224","P2_hypoxic",0
"2026","B1_W5_O50","both","warm","hypoxic",1,"warm","warm","normoxic",5,"both_warm",315.8883,85.6117,"0.271018901","P2_hypoxic",0
"2027","B2_B5_O51","both","warm","hypoxic",2,"both","warm","hypoxic",5,"both_both",114.32148,44.47852,"0.389065292","P2_hypoxic",0
"2028","B2_C4_O40","both","warm","hypoxic",2,"control","ambient","normoxic",4,"both_control",164.99028,55.10972,"0.33401798","P2_hypoxic",0
"2029","B3_B4_O41","both","warm","hypoxic",3,"both","warm","hypoxic",4,"both_both",197.925,116.175,"0.586964759","P2_hypoxic",0
"2030","B3_C3_O30","both","warm","hypoxic",3,"control","ambient","normoxic",3,"both_control",316.04664,241.35336,"0.763663743","P2_hypoxic",0
"2031","B3_C6_O66","both","warm","hypoxic",3,"control","ambient","normoxic",6,"both_control",97.06242,22.23758,"0.229105971","P2_hypoxic",0
"2032","B3_H4_O41","both","warm","hypoxic",3,"hypoxic","ambient","hypoxic",4,"both_hypoxic",142.03098,86.96902,"0.612324297","P2_hypoxic",1
"2033","B3_W1_O06","both","warm","hypoxic",3,"warm","warm","normoxic",1,"both_warm",145.19778,46.00222,"0.316824541","P2_hypoxic",0
"2034","B3_W4_O41","both","warm","hypoxic",3,"warm","warm","normoxic",4,"both_warm",228.32628,183.27372,"0.802683423","P2_hypoxic",0
"2035","B4_B2_O19","both","warm","hypoxic",4,"both","warm","hypoxic",2,"both_both",505.57962,264.12038,"0.52241105","P2_hypoxic",0
"2036","B4_B3_O32","both","warm","hypoxic",4,"both","warm","hypoxic",3,"both_both",38.31828,-5.21828,"-0.136182522","P2_hypoxic",0
"2037","B4_C5_O56","both","warm","hypoxic",4,"control","ambient","normoxic",5,"both_control",208.53378,95.26622,"0.456838312","P2_hypoxic",0
"2038","B4_H5_O55","both","warm","hypoxic",4,"hypoxic","ambient","hypoxic",5,"both_hypoxic",200.93346,130.16654,"0.64780918","P2_hypoxic",1
"2039","B4_W2_O19","both","warm","hypoxic",4,"warm","warm","normoxic",2,"both_warm",159.1317,52.4683,"0.329716204","P2_hypoxic",0
"2040","B4_W6_O67","both","warm","hypoxic",4,"warm","warm","normoxic",6,"both_warm",483.09534,103.90466,"0.215081065","P2_hypoxic",0
"2041","B5_B6_O69","both","warm","hypoxic",5,"both","warm","hypoxic",6,"both_both",244.00194,159.49806,"0.653675377","P2_hypoxic",0
"2042","B5_H2_O21","both","warm","hypoxic",5,"hypoxic","ambient","hypoxic",2,"both_hypoxic",502.7295,92.8705,"0.184732545","P2_hypoxic",1
"2043","B5_W3_O33","both","warm","hypoxic",5,"warm","warm","normoxic",3,"both_warm",188.89962,80.10038,"0.424036745","P2_hypoxic",0
"2044","B6_C2_O24","both","warm","hypoxic",6,"control","ambient","normoxic",2,"both_control",534.55584,179.34416,"0.335501264","P2_hypoxic",0
"2045","B6_H3_O35","both","warm","hypoxic",6,"hypoxic","ambient","hypoxic",3,"both_hypoxic",252.23562,84.76438,"0.336052378","P2_hypoxic",1
"2046","B6_H6_O72","both","warm","hypoxic",6,"hypoxic","ambient","hypoxic",6,"both_hypoxic",116.69658,43.70342,"0.37450472","P2_hypoxic",1
"2047","C1_H2_W13","control","ambient","normoxic",1,"hypoxic","ambient","hypoxic",2,"control_hypoxic",319.0551,39.8449,"0.124884072","P2_hypoxic",1
"2048","C1_H6_W62","control","ambient","normoxic",1,"hypoxic","ambient","hypoxic",6,"control_hypoxic",93.10392,50.69608,"0.544510693","P2_hypoxic",1
"2049","C2_B2_W16","control","ambient","normoxic",2,"both","warm","hypoxic",2,"control_both",266.64456,157.45544,"0.590506853","P2_hypoxic",0
"2050","C2_C1_W03","control","ambient","normoxic",2,"control","ambient","normoxic",1,"control_control",219.77592,98.02408,"0.44601829","P2_hypoxic",0
"2051","C2_H1_W04","control","ambient","normoxic",2,"hypoxic","ambient","hypoxic",1,"control_hypoxic",263.95278,107.74722,"0.408206422","P2_hypoxic",1
"2052","C2_W2_W15","control","ambient","normoxic",2,"warm","warm","normoxic",2,"control_warm",161.19012,88.80988,"0.550963545","P2_hypoxic",0
"2053","C2_W5_W52","control","ambient","normoxic",NA,"warm","warm","normoxic",5,"control_warm",235.76826,42.43174,"0.179972232","P2_hypoxic",0
"2054","C3_B3_W30","control","ambient","normoxic",3,"both","warm","hypoxic",3,"control_both",135.3807,59.3193,"0.438166592","P2_hypoxic",0
"2055","C3_C2_W17","control","ambient","normoxic",3,"control","ambient","normoxic",2,"control_control",500.67108,259.22892,"0.517762919","P2_hypoxic",0
"2056","C3_W3_W29","control","ambient","normoxic",3,"warm","warm","normoxic",3,"control_warm",71.09466,25.60534,"0.360158414","P2_hypoxic",0
"2057","C4_B1_W07","control","ambient","normoxic",4,"both","warm","hypoxic",1,"control_both",63.96936,21.53064,"0.336577386","P2_hypoxic",0
"2058","C4_B5_W56","control","ambient","normoxic",4,"both","warm","hypoxic",5,"control_both",317.15502,127.24498,"0.401207523","P2_hypoxic",0
"2059","C4_C6_W67","control","ambient","normoxic",4,"control","ambient","normoxic",6,"control_control",78.85332,35.34668,"0.448258615","P2_hypoxic",0
"2060","C4_H5_W56","control","ambient","normoxic",4,"hypoxic","ambient","hypoxic",5,"control_hypoxic",217.24248,102.95752,"0.47392904","P2_hypoxic",1
"2061","C5_B4_W46","control","ambient","normoxic",5,"both","warm","hypoxic",4,"control_both",217.87584,102.02416,"0.468267432","P2_hypoxic",0
"2062","C5_C3_W33","control","ambient","normoxic",5,"control","ambient","normoxic",3,"control_control",216.76746,159.93254,"0.737806957","P2_hypoxic",0
"2063","C5_W1_W09","control","ambient","normoxic",5,"warm","warm","normoxic",1,"control_warm",345.9729,125.9271,"0.363979664","P2_hypoxic",0
"2064","C5_W4_W45","control","ambient","normoxic",5,"warm","warm","normoxic",4,"control_warm",177.3408,65.8592,"0.371370829","P2_hypoxic",0
"2065","C6_B6_W71","control","ambient","normoxic",6,"both","warm","hypoxic",6,"control_both",186.8412,74.7588,"0.40011946","P2_hypoxic",0
"2066","C6_C5_W59","control","ambient","normoxic",6,"control","ambient","normoxic",5,"control_control",348.66468,80.63532,"0.231268966","P2_hypoxic",0
"2067","C6_H3_W36","control","ambient","normoxic",6,"hypoxic","ambient","hypoxic",3,"control_hypoxic",219.3009,110.9991,"0.50614977","P2_hypoxic",1
"2068","C6_H4_W48","control","ambient","normoxic",6,"hypoxic","ambient","hypoxic",4,"control_hypoxic",94.2123,56.4877,"0.599578824","P2_hypoxic",1
"2069","C6_W6_W72","control","ambient","normoxic",6,"warm","warm","normoxic",6,"control_warm",421.9761,189.7239,"0.449608165","P2_hypoxic",0
"2070","H1_B2_B13","hypoxic","ambient","hypoxic",1,"both","warm","hypoxic",2,"hypoxic_both",175.44072,60.25928,"0.343473739","P2_hypoxic",0
"2071","H1_B6_B61","hypoxic","ambient","hypoxic",1,"both","warm","hypoxic",6,"hypoxic_both",43.38516,23.01484,"0.530477242","P2_hypoxic",0
"2072","H1_C6_B62","hypoxic","ambient","hypoxic",1,"control","ambient","normoxic",6,"hypoxic_control",301.00434,148.89566,"0.494662834","P2_hypoxic",0
"2073","H1_W4_B38","hypoxic","ambient","hypoxic",1,"warm","warm","normoxic",4,"hypoxic_warm",205.842,104.058,"0.505523654","P2_hypoxic",0
"2074","H1_W5_B49","hypoxic","ambient","hypoxic",1,"warm","warm","normoxic",5,"hypoxic_warm",326.02206,188.37794,"0.577807342","P2_hypoxic",0
"2075","H2_B5_B51","hypoxic","ambient","hypoxic",2,"both","warm","hypoxic",5,"hypoxic_both",321.27186,150.12814,"0.467293152","P2_hypoxic",0
"2076","H2_C1_B04","hypoxic","ambient","hypoxic",2,"control","ambient","normoxic",1,"hypoxic_control",199.98342,114.11658,"0.570630205","P2_hypoxic",0
"2077","H2_H1_B03","hypoxic","ambient","hypoxic",2,"hypoxic","ambient","hypoxic",1,"hypoxic_hypoxic",379.54098,162.65902,"0.42856774","P2_hypoxic",1
"2078","H2_W2_B16","hypoxic","ambient","hypoxic",2,"warm","warm","normoxic",2,"hypoxic_warm",344.86452,135.63548,"0.393300766","P2_hypoxic",0
"2079","H3_B4_B41","hypoxic","ambient","hypoxic",3,"both","warm","hypoxic",4,"hypoxic_both",258.25254,104.94746,"0.406375325","P2_hypoxic",0
"2080","H3_C5_B54","hypoxic","ambient","hypoxic",3,"control","ambient","normoxic",5,"hypoxic_control",288.65382,142.14618,"0.492445172","P2_hypoxic",0
"2081","H3_H4_B41","hypoxic","ambient","hypoxic",3,"hypoxic","ambient","hypoxic",4,"hypoxic_hypoxic",176.86578,107.73422,"0.609129816","P2_hypoxic",1
"2082","H3_H6_B66","hypoxic","ambient","hypoxic",3,"hypoxic","ambient","hypoxic",6,"hypoxic_hypoxic",212.9673,84.3327,"0.395988962","P2_hypoxic",1
"2083","H3_W3_B30","hypoxic","ambient","hypoxic",3,"warm","warm","normoxic",3,"hypoxic_warm",125.40528,45.09472,"0.359591877","P2_hypoxic",0
"2084","H3_W6_B66","hypoxic","ambient","hypoxic",3,"warm","warm","normoxic",6,"hypoxic_warm",412.79238,146.30762,"0.354433917","P2_hypoxic",0
"2085","H4_H2_B19","hypoxic","ambient","hypoxic",4,"hypoxic","ambient","hypoxic",2,"hypoxic_hypoxic",102.1293,35.6707,"0.349269994","P2_hypoxic",1
"2086","H4_W1_B07","hypoxic","ambient","hypoxic",4,"warm","warm","normoxic",1,"hypoxic_warm",242.89356,89.60644,"0.368912375","P2_hypoxic",0
"2087","H5_B1_B09","hypoxic","ambient","hypoxic",5,"both","warm","hypoxic",1,"hypoxic_both",224.52612,127.47388,"0.567746327","P2_hypoxic",0
"2088","H5_B3_B34","hypoxic","ambient","hypoxic",5,"both","warm","hypoxic",3,"hypoxic_both",82.81182,41.28818,"0.498578343","P2_hypoxic",0
"2089","H5_C2_B22","hypoxic","ambient","hypoxic",5,"control","ambient","normoxic",2,"hypoxic_control",489.42894,179.67106,"0.367103466","P2_hypoxic",0
"2090","H5_C4_B46","hypoxic","ambient","hypoxic",5,"control","ambient","normoxic",4,"hypoxic_control",275.82828,148.47172,"0.538275916","P2_hypoxic",0
"2091","H6_C3_B36","hypoxic","ambient","hypoxic",6,"control","ambient","normoxic",3,"hypoxic_control",205.0503,97.6497,"0.476223151","P2_hypoxic",0
"2092","H6_H3_B35","hypoxic","ambient","hypoxic",6,"hypoxic","ambient","hypoxic",3,"hypoxic_hypoxic",290.71224,108.38776,"0.372835213","P2_hypoxic",1
"2093","W1_C1_G02","warm","warm","normoxic",1,"control","ambient","normoxic",1,"warm_control",155.1732,66.3268,"0.427437212","P2_hypoxic",0
"2094","W1_C6_G61","warm","warm","normoxic",1,"control","ambient","normoxic",6,"warm_control",261.10266,98.09734,"0.3757041","P2_hypoxic",0
"2095","W1_H5_G49","warm","warm","normoxic",1,"hypoxic","ambient","hypoxic",5,"warm_hypoxic",146.4645,52.7355,"0.360056532","P2_hypoxic",1
"2096","W1_W1_G01","warm","warm","normoxic",1,"warm","warm","normoxic",1,"warm_warm",303.53778,134.56222,"0.443312921","P2_hypoxic",0
"2097","W1_W6_G62","warm","warm","normoxic",1,"warm","warm","normoxic",6,"warm_warm",244.6353,81.5647,"0.333413453","P2_hypoxic",0
"2098","W2_B1_G04","warm","warm","normoxic",2,"both","warm","hypoxic",2,"warm_both",82.02012,50.17988,"0.611799641","P2_hypoxic",0
"2099","W2_B6_G64","warm","warm","normoxic",2,"both","warm","hypoxic",6,"warm_both",151.53138,63.86862,"0.421487747","P2_hypoxic",0
"2100","W2_C2_G15","warm","warm","normoxic",2,"control","ambient","normoxic",2,"warm_control",478.50348,95.79652,"0.200200258","P2_hypoxic",0
"2101","W3_B5_G54","warm","warm","normoxic",3,"both","warm","hypoxic",5,"warm_both",338.68926,134.21074,"0.396265119","P2_hypoxic",0
"2102","W3_C3_G29","warm","warm","normoxic",3,"control","ambient","normoxic",3,"warm_control",360.85686,168.24314,"0.466232345","P2_hypoxic",0
"2103","W3_H2_G18","warm","warm","normoxic",3,"hypoxic","ambient","hypoxic",2,"warm_hypoxic",532.49742,88.60258,"0.166390628","P2_hypoxic",1
"2104","W3_H3_G30","warm","warm","normoxic",3,"hypoxic","ambient","hypoxic",3,"warm_hypoxic",133.63896,79.96104,"0.598336294","P2_hypoxic",1
"2105","W4_C5_G55","warm","warm","normoxic",4,"control","ambient","normoxic",5,"warm_control",238.77672,114.72328,"0.480462584","P2_hypoxic",0
"2106","W4_H1_G08","warm","warm","normoxic",4,"hypoxic","ambient","hypoxic",1,"warm_hypoxic",413.58408,264.11592,"0.638602724","P2_hypoxic",1
"2107","W4_W5_G56","warm","warm","normoxic",4,"warm","warm","normoxic",5,"warm_warm",227.37624,129.82376,"0.570964495","P2_hypoxic",0
"2108","W5_B2_G21","warm","warm","normoxic",5,"both","warm","hypoxic",2,"warm_both",396.16668,270.53332,"0.68287752","P2_hypoxic",0
"2109","W5_C4_G45","warm","warm","normoxic",5,"control","ambient","normoxic",4,"warm_control",399.65016,213.34984,"0.533841498","P2_hypoxic",0
"2110","W5_H4_G46","warm","warm","normoxic",5,"hypoxic","ambient","hypoxic",4,"warm_hypoxic",82.97016,29.12984,"0.35108815","P2_hypoxic",1
"2111","W5_W2_G22","warm","warm","normoxic",5,"warm","warm","normoxic",2,"warm_warm",222.62604,90.67396,"0.407292696","P2_hypoxic",0
"2112","W6_B3_G35","warm","warm","normoxic",6,"both","warm","hypoxic",3,"warm_both",226.90122,122.39878,"0.539436412","P2_hypoxic",0
"2113","W6_B4_G48","warm","warm","normoxic",6,"both","warm","hypoxic",4,"warm_both",413.42574,199.37426,"0.482249267","P2_hypoxic",0
"2114","W6_H6_G71","warm","warm","normoxic",6,"hypoxic","ambient","hypoxic",6,"warm_hypoxic",228.48462,74.51538,"0.326128647","P2_hypoxic",1
"2115","W6_W3_G36","warm","warm","normoxic",6,"warm","warm","normoxic",3,"warm_warm",472.01154,166.28846,"0.352297446","P2_hypoxic",0
"2116","W6_W4_G48","warm","warm","normoxic",6,"warm","warm","normoxic",4,"warm_warm",216.9258,67.1742,"0.309664411","P2_hypoxic",0
